episode_id	onset	duration	talking	speech	man_speaking	woman_speaking	baby	shout	laughter	cry	singing	kids	groan	whistling	breathing	walking	mouth_sounds	fart	hands	heartbeat	cheering	crowd	mammal	dog_bark	cat	rooster	duck	bird	music	musical_instrument	guitar	piano	organ	electronic_instrument	percussion	bell	ambient_music	weather	wind	rain	river	wave	thunder	river_sea	fire	boat	car	traffic	car_honk	emergency_vehicle	train	cycling	engine	door	doorbell	knock	dishes	radio_tv	dryer_vacuum	zipper	keys	alarm	telephone	whistle	mechanisms	tools	boom	bang	glass	water	beep	silence	sudden_noise	db
s04e17a	0.0	5.0	0.046338037	0.046338037	0.0019357116	0.00071592256	0.00017278922	0.0030216116	0.0011264527	0.004435323	0.02128522	0.00049991085	0.005190141	5.1575724e-05	0.001424728	0.0026221452	0.00038231252	0.00073558686	0.0009520738	0.0012629944	0.0018835687	0.0023779904	0.002521544	0.002521544	0.0016670575	0.0017692762	0.0006382095	0.0017692762	0.6922846	0.14618117	0.0781076	0.0009396573	0.00037415515	0.0013532676	0.22364834	0.0005436585	0.008939889	0.002699412	0.0026373272	0.0021688156	0.004345552	0.004644519	0.0018432373	0.004644519	0.0007787124	0.0122786695	0.0241261	0.0012118882	0.0015704826	0.00065824774	0.0061369897	0.004680254	0.0024000348	0.005355792	0.0011372729	0.0038920636	0.0017493931	0.0008575946	0.0002951059	0.000559477	0.00022514463	0.00091123785	0.0012307826	0.00036564053	0.0015944534	0.0013232025	0.0056804423	0.0086000115	0.0032942898	0.004466868	0.0013931195	0.049728587	0.008909754	-20.498170852661133
s04e17a	5.0	5.0	0.16075718	0.16075718	0.003705647	0.0009886039	0.0004382141	0.014208287	0.009026044	0.0007802838	0.1318645	0.0011127372	0.00070316513	0.00018244087	0.0030830884	0.0012639884	0.00079035875	0.00027453504	0.0011020981	0.00018010972	0.0037577478	0.01000379	0.002120632	0.002120632	0.00084825733	0.0015222926	0.0010674817	0.0015222926	0.7969314	0.12961873	0.05602497	0.0015670127	0.0009754518	0.0013775311	0.18610145	0.00064801617	0.010016932	0.0005593747	0.0005593747	0.00042195522	0.00054087135	0.0011365511	0.00016187933	0.0011365511	0.00069454574	0.0012686973	0.0012151732	0.00025482196	0.00049459614	0.0003168233	0.0018227857	0.0015637901	0.000386043	0.0013737187	0.00040369568	0.0012982868	0.00034693873	0.0010062654	0.00011229866	0.00041407763	0.0004553565	0.00042680005	0.00022886187	0.00019221871	0.00072683516	0.00037165728	0.0023364706	0.0060424344	0.0009228662	0.000846863	0.0028116514	0.00033767475	0.04803338	-19.2465877532959
s04e17a	10.0	5.0	0.80442643	0.80442643	0.021889316	0.0052463114	0.00024688002	0.0007359472	0.030420527	0.00053049566	0.00073126773	0.0025824537	0.00020220732	0.00027920774	0.0021166096	0.0063575706	0.00071549084	0.0003877028	0.00089351967	0.0008065673	0.0029483188	0.023773266	0.008877806	0.0022014156	0.0029413719	0.0020991056	0.000747532	0.010240055	0.03537887	0.007837487	0.0034926378	0.00061508897	0.00012628165	0.00045502218	0.0016322419	0.00035698919	0.00013458726	0.015900407	0.0070942114	0.015900407	0.025876852	0.016385779	0.0034049724	0.025876852	0.0026820975	0.03479182	0.025486834	0.0043696514	0.0013610772	0.0007627495	0.049104445	0.00616469	0.0181464	0.008811151	4.193921e-05	0.0016380295	0.0009781348	0.0035981268	0.0014440371	0.0014180769	0.00044893718	0.0011431919	0.00017526429	0.0011504233	0.011858187	0.0020759988	0.0021161647	0.0019398088	0.0013852695	0.03523673	0.00096555485	7.001938e-05	0.019378792	-21.386919021606445
s04e17a	15.0	5.0	0.8325017	0.8325017	0.10974765	0.013761399	0.0006010867	0.010141157	0.061268523	0.0029285483	0.01098085	0.002434353	0.02824483	0.00093011936	0.0024814457	0.01008564	0.01021667	0.0011868887	0.00245411	0.0012074796	0.0037955283	0.04425783	0.039730318	0.010614475	0.015883105	0.0003659783	0.0008626332	0.0022706664	0.19075777	0.010152738	0.002945584	0.00043360543	0.00026348993	0.0008139078	0.004571234	0.0016838023	0.0017858963	0.0010427585	0.000836168	0.0007856382	0.001097134	0.00047705785	0.00021685191	0.001097134	0.0012139815	0.005056243	0.00529304	0.0009688387	0.00079078745	0.00043550515	0.005984464	0.0026851196	0.0054996163	0.00658481	0.0003762792	0.0029118946	0.0029549396	0.026690707	5.2060528e-05	0.0012589468	0.0005586453	0.00081458903	0.0014328517	0.0003320571	0.017998872	0.0006543869	0.0006399012	0.013746108	0.0039039277	0.0019006253	0.0059053726	0.000544474	0.017998872	-21.847171783447266
s04e17a	20.0	5.0	0.8617958	0.8617958	0.025650846	0.013763846	0.0002768454	0.0014683378	0.2963385	0.0009545189	0.0032835947	0.0034387507	0.0006590299	0.000416814	0.0026841327	0.0027364658	0.00093989103	0.00057572377	0.0046064705	0.0012267693	0.003765038	0.053414565	0.0035610197	0.0027621645	0.0011145534	0.0014976014	0.00056176085	0.010695503	0.33155155	0.02271761	0.005299114	0.0015110148	0.00039982516	0.0017244468	0.005763202	0.000105850435	0.0009887692	0.0019589448	0.00029982865	0.0019130727	0.004220896	0.00079770957	0.00028037906	0.004220896	0.0009411568	0.0015862891	0.002727507	0.0005698609	0.00030433986	0.00034953537	0.0030963954	0.001204968	0.000905859	0.00957597	0.0001930964	0.0027628227	0.0007295273	0.0056461715	0.0005205979	0.0031001847	0.00040475768	0.0013677868	0.00038226295	0.00019204816	0.001653461	0.0003761922	0.00033569254	0.0043502646	0.0012114864	0.00635362	0.0049947877	0.00021289485	0.0049947877	-20.76764869689941
s04e17a	25.0	5.0	0.7240998	0.7240998	0.009326616	0.0042276913	0.000444826	0.005694624	0.02900623	0.0007113923	0.005231206	0.0040660533	0.0006089334	0.00058137224	0.0012651568	0.0041907644	0.00046794052	0.00071083056	0.002353598	0.0016746607	0.005789107	0.009389933	0.04623505	0.010896728	0.005288498	0.0065915575	0.0010001747	0.0065915575	0.75202495	0.06775158	0.046091963	0.000864759	0.00022175547	0.0005380054	0.006267054	0.0012017116	0.0018772922	0.0017874074	0.0017874074	0.0014915919	0.01050958	0.0044912365	0.00036828703	0.01050958	0.00059502665	0.0063680615	0.005612053	0.0006573319	0.0007554855	0.00052599603	0.00093260274	0.0029301972	0.0005535231	0.006600869	0.00015652439	0.0018036943	0.00042770748	0.0044718157	0.0008283668	0.0011239959	0.0003237018	0.0012937456	0.00037524194	0.0007202619	0.0015636762	0.0004159184	0.0010678428	0.014258431	0.0016012882	0.0072060726	0.0089703975	0.00013717767	0.039894164	-21.007648468017575
s04e17a	30.0	5.0	0.83704424	0.83704424	0.02227827	0.031899754	0.0004543302	0.003601092	0.04830536	0.0008177045	0.0040739374	0.007439854	0.0001058884	0.0004268029	0.0023301865	0.0070323134	0.00187372	0.0012162698	0.002423987	0.00077271496	0.00562467	0.014226249	0.01965195	0.00912205	0.0013532264	0.004974739	0.0012883892	0.004974739	0.67027944	0.030382866	0.0053025912	0.0022235436	0.0005128366	0.0016139523	0.0072274795	0.001158371	0.001703813	0.0041625584	0.00094433385	0.0041625584	0.0039261603	0.0019034143	0.0011737919	0.0039261603	0.0009516974	0.0049511585	0.0043080314	0.00094008894	0.00069013814	0.001006599	0.007497314	0.0015429204	0.0010981206	0.006404231	0.0003290639	0.0030599937	0.0031215765	0.013814347	0.00081410207	0.0011210184	0.0010395438	0.0017476627	0.0009659726	0.00036879844	0.001753468	0.001121708	0.0008429764	0.002819081	0.0021129407	0.020596879	0.011768589	0.00014240212	0.011768589	-19.193742752075195
s04e17a	35.0	5.0	0.82308125	0.82308125	0.039283413	0.004353339	0.00032868076	0.004595048	0.14341272	0.0008103657	0.008911796	0.0014572497	0.00054398744	0.00011864828	0.00060980284	0.0053325114	0.00086958153	0.0002638816	0.0011283449	0.0043286937	0.0057959775	0.041058145	0.01032612	0.0034791399	0.01032612	0.0013973123	0.00044291097	0.0013973123	0.33131474	0.010058349	0.0013367357	0.0010152619	0.00041220276	0.00065322133	0.0033206898	0.000429051	0.0019187827	0.0023771373	0.0009998212	0.0023771373	0.0113173975	0.0050214785	0.000716044	0.0113173975	0.0007100736	0.007240595	0.0073118163	0.000527757	0.0009815108	0.00013919764	0.06465943	0.000416941	0.0024521763	0.017547932	0.0003059813	0.001996517	0.00040760657	0.003475171	0.0009781558	0.00031560325	0.0008088336	0.00030697475	0.000401223	0.0016615908	0.0042514047	0.00074138254	0.00024974774	0.0018795987	0.00048710898	0.022825072	0.0030693933	0.0002281986	0.025573542	-19.33035659790039
s04e17a	40.0	5.0	0.7845492	0.7845492	0.014099024	0.002848754	0.0001654736	0.0065598353	0.059511516	0.00021298927	0.002753322	0.0006319116	0.00032570647	0.00018109455	0.0006741909	0.0058724806	0.0007525976	0.00070451206	0.002172451	0.0031078309	0.006526088	0.02217518	0.01992389	0.0018724264	0.001290268	0.0020104102	0.0005846154	0.0020104102	0.5456116	0.020095192	0.005217598	0.0017268602	0.00052581134	0.004805575	0.0089784	0.0014347073	0.003929115	0.0021729553	0.0021204543	0.0021729553	0.0016406493	0.0037732564	0.0010838887	0.004990491	0.0013178624	0.0065660872	0.013253892	0.0028557843	0.0007596025	0.000701651	0.008536078	0.0007883204	0.0040184264	0.022126222	0.0003188003	0.0012939108	0.0012003742	0.0036453444	0.0008523019	0.0002944699	0.0002081183	0.0014903658	0.00083441014	0.00054569385	0.0013933849	0.0015199925	0.001559423	0.003625988	0.0013406198	0.008578053	0.012202487	5.623573e-05	0.14070027	-19.259923934936523
s04e17a	45.0	5.0	0.6974818	0.6974818	0.020201083	0.0050268252	0.00019648967	0.003044992	0.113096595	0.00026533476	0.002402157	0.0048504155	0.00030102217	0.000872856	0.001483661	0.005515862	0.0005775534	0.0007335495	0.00691106	0.0008785437	0.011651611	0.035219956	0.00595784	0.0024783362	0.0021852092	0.011010346	0.00097428745	0.011010346	0.26769233	0.027262779	0.0080299135	0.0016497548	0.001066824	0.0014436535	0.005088967	0.0009263861	0.0010559694	0.0015194932	0.0015194932	0.001212287	0.0073267347	0.0024692828	0.00022755461	0.0073267347	0.002075895	0.0073941476	0.0082185585	0.0010851775	0.0010709021	0.0005573135	0.0046199523	0.0021437195	0.0019521334	0.005583157	0.00087933044	0.0013856852	0.0007168845	0.0007375597	0.0006127508	0.0008039442	0.0004588764	0.0015437338	0.000543537	0.0005678069	0.0041289064	0.0006353272	0.0008213765	0.0039409157	0.0007391364	0.016548986	0.0029484157	0.00019183602	0.007881295	-20.40960121154785
s04e17a	50.0	5.0	0.8425094	0.8425094	0.017924804	0.02253118	0.00019153264	0.0028045066	0.11660917	0.00033734558	0.0029769253	0.0011780114	0.00046256237	0.00031262476	0.00056306855	0.0015963522	0.0011761979	0.0011186922	0.0011709332	0.0013462784	0.0013076912	0.0071905195	0.05605103	0.0012722828	0.0017292637	0.0014777705	0.00089608686	0.0014777705	0.68879265	0.0104373405	0.0026927153	0.00080909336	0.00029794793	0.0017653577	0.0038980688	0.0010117529	0.0039732526	0.002187626	0.0015678426	0.002187626	0.001422036	0.0027318643	0.0009151075	0.0028891098	0.0009657274	0.0058171325	0.012437056	0.0013557522	0.0017332614	0.000509347	0.0055816374	0.0005146273	0.007343838	0.0048648957	0.00046286054	0.0012758395	0.0012580856	0.004115705	0.0008225702	0.00061476603	0.00037164715	0.0019549057	0.0013848171	0.00053570984	0.00086863333	0.000913475	0.00079576066	0.002955988	0.0018852629	0.0027251213	0.0028781127	7.5268596e-05	0.0060462384	-20.69967460632324
s04e17a	55.0	5.0	0.8649084	0.8649084	0.012393061	0.03208499	0.0008586044	0.005313012	0.19592388	0.002518932	0.008096426	0.006121502	0.00060807157	0.00026267898	0.0005674706	0.005895477	0.002123445	0.00072500197	0.0023689915	0.0014641846	0.0043530823	0.05280249	0.010611802	0.0029014135	0.0012658414	0.0039689867	0.0011052507	0.0039689867	0.75318176	0.017546985	0.005419212	0.0016656844	0.00078748656	0.0013976031	0.007330502	0.0016719094	0.005494585	0.0005646252	0.00038612544	0.000491163	0.0024150822	0.00073837116	0.00014702171	0.0024150822	0.0010382115	0.0033237985	0.0091949925	0.00035065346	0.0006073693	0.00081954314	0.0020383156	0.0010374107	0.0031622732	0.0065394845	0.001841168	0.002184067	0.0006892758	0.0096324785	0.0011068434	0.0030448271	0.00040542538	0.0012736128	0.0015839715	0.00031019148	0.0010156212	0.0012140758	0.000697019	0.005836432	0.0038731568	0.00459003	0.013739232	0.00034497355	0.018006459	-20.547199249267575
s04e17a	60.0	5.0	0.89152	0.89152	0.0423776	0.0070717125	0.00019156406	0.00076135556	0.0023954634	0.00042736167	0.0019548147	0.0011619361	0.0007093779	0.00035025823	0.00031465627	0.009585439	0.0014605743	0.000104155806	0.00034175284	0.00014378497	0.00018316614	0.00092123257	0.0037081654	0.0024328446	0.0007529369	0.0031674632	0.01711076	0.01711076	0.87344146	0.011730042	0.0021153893	0.0005717591	9.24839e-05	0.0013826302	0.0028578546	0.0008344778	0.00444292	0.0035758298	0.0006213194	0.002996875	0.0012771452	0.0014343781	0.00046841224	0.0014343781	0.00043188976	0.004806285	0.0070337746	0.00013028327	0.00022014766	0.00058396603	0.00066462083	0.0010163699	0.0011138316	0.0022772104	0.001890521	0.002684295	0.0005751062	0.01748426	0.00029684216	0.0015244612	0.0002682101	0.0011202995	0.0020243446	0.0004930038	0.0013815028	0.0033573154	0.00028871847	0.001753292	0.00043106958	0.0072037387	0.0066929683	4.767028e-05	0.0066929683	-20.37261009216309
s04e17a	65.0	5.0	0.74283105	0.74283105	0.045323975	0.0114565585	0.00036875607	0.0018931807	0.2695473	0.00047317706	0.0019549504	0.0011179524	0.0001286878	0.0003858649	0.0005652768	0.004842408	0.0015788791	0.00025287943	0.0034313318	0.0005048621	0.01716192	0.010939706	0.0031321354	0.0016262387	0.00059582345	0.01678944	0.00072681886	0.01678944	0.73840964	0.048330333	0.017565096	0.002458814	0.00035990094	0.0015853522	0.0057477825	0.0005375512	0.003754021	0.0013055358	0.00084669964	0.0013055358	0.0033600302	0.0029809023	0.00028453287	0.0035959731	0.00031328475	0.0055946186	0.0069542034	0.00031094294	0.00027364132	0.00064842735	0.002683994	0.00059676945	0.002895766	0.0044049304	0.0010650088	0.00075644476	0.00069372175	0.0054432335	0.0040668147	0.001824052	0.00027761722	0.0014282552	0.0007806992	0.00017653713	0.00096919504	0.0013629774	0.00078100094	0.001700253	0.0018528672	0.0034722395	0.0065383045	7.823634e-05	0.007495444	-19.56065559387207
s04e17a	70.0	5.0	0.6211746	0.6211746	0.039931446	0.0029294675	0.00061965676	0.0018845737	0.027170196	0.0016415751	0.0023813	0.0010040624	0.0021569775	0.00019576373	0.0011106499	0.003663402	0.00186187	0.0033321877	0.0012468037	0.0009995159	0.005051119	0.0041531585	0.0026754886	0.00085809856	0.0018179994	0.00077486475	0.0003742126	0.0022484837	0.42489287	0.028254079	0.014439598	0.0010710286	0.0005722861	0.0010985652	0.007908657	0.00023495944	0.0014384058	0.0072188484	0.0025018265	0.0072188484	0.0010804351	0.0040554893	0.0034997398	0.0041261585	0.0021193265	0.004817782	0.029341986	0.0026906517	0.0017526444	0.00059417635	0.006748204	0.00056624314	0.004842148	0.011915881	0.0004387232	0.0015464622	0.0016308422	0.006742045	0.0005566059	0.0026760865	0.0012552519	0.0033105118	0.0016147755	0.00060542877	0.004090874	0.001715462	0.0045272773	0.008908781	0.0027777716	0.0015514091	0.0016216735	0.00060442014	0.010613394	-21.60850143432617
s04e17a	75.0	5.0	0.8190587	0.8190587	0.026759233	0.014974787	0.00069520494	0.0032453404	0.21017022	0.0012075871	0.0019957551	0.002958779	0.00012405407	0.00047521928	0.000808967	0.012225107	0.0018554863	0.0008756604	0.0012847241	0.00032245615	0.0068748607	0.48142448	0.0060896897	0.0060896897	0.0039881584	0.019961122	0.0019354941	0.019961122	0.08939733	0.013966923	0.0039113145	0.001024222	0.0004034175	0.0014145465	0.0028966113	0.00064694276	0.00076702377	0.0004154565	0.00031500927	0.00035047234	0.0022184902	0.00047278323	0.00013347091	0.0022184902	0.00049794174	0.0037792572	0.002680927	0.00061184017	0.0010926208	0.0007472955	0.004258091	0.0006576521	0.0012922088	0.0048276964	0.00019054809	0.00063150824	0.0009993403	0.0033451903	0.00016272026	0.0004699801	0.0002892524	0.0009968318	0.00087226485	0.0008248919	0.0014869027	0.00049543934	0.0007678901	0.0013359694	0.00058482104	0.0022196844	0.0022337087	0.00015215644	0.010500183	-22.77476501464844
s04e17a	80.0	5.0	0.26292825	0.26292825	0.021598116	0.0038039556	0.002135013	0.01742343	0.041911107	0.005259445	0.011391372	0.0042271153	0.01440562	0.00054023426	0.014129008	0.0036316002	0.0036987455	0.0034334948	0.0085035125	0.0007526235	0.015321024	0.036358047	0.0128094265	0.0128094265	0.0026119098	0.0048386636	0.0030904368	0.0048386636	0.060879424	0.014491562	0.0065394505	0.0011004196	0.0003446839	0.0009793264	0.0030238936	0.0010635752	0.0007369526	0.0043841763	0.002945647	0.0024332707	0.0032198173	0.0036119628	0.0016083523	0.004543463	0.0017143665	0.005658819	0.044974204	0.0017453798	0.0041847867	0.0028130114	0.011240814	0.0021249328	0.007763323	0.06710188	0.0032618775	0.009608708	0.0034205203	0.008654482	0.0008386907	0.0072689136	0.00026310433	0.0023904126	0.00067752023	0.0010384026	0.0019089926	0.0021883857	0.023407014	0.030306842	0.0056141266	0.0073082033	0.011830261	0.04535415	0.030306842	-20.88728141784668
s04e17a	85.0	5.0	0.03854703	0.03854703	0.0021823884	0.00073186937	0.00060178834	0.00071864174	0.00066384854	0.005235565	0.019917307	0.00091852515	0.0016568019	0.00015908717	0.002190976	0.0014082943	0.0006674506	0.0008926929	0.0029716555	0.00039767762	0.0006179847	0.0005918358	0.0035507104	0.001381633	0.0017188542	0.0026017	0.0013214218	0.0039776633	0.72146344	0.060804963	0.060804963	0.0036730464	0.0016104509	0.0032129348	0.017227657	0.013765146	0.012557355	0.0015277322	0.0014920138	0.0015277322	0.0025852334	0.001213878	0.0011772986	0.0025852334	0.00045304617	0.00430597	0.006865374	0.00019463267	0.0004844571	0.00048703913	0.0017539114	0.0035000923	0.0010468683	0.0024386842	0.003249625	0.0027790265	0.0011068486	0.0017476119	0.00094722013	0.00055674626	0.000235337	0.0007662022	0.0034311851	0.000648839	0.0015626514	0.0025138825	0.0012150736	0.0013759244	0.0025629594	0.0037324012	0.0018699017	0.298941	0.005514831	-23.037282943725582
s04e17a	90.0	5.0	0.3432702	0.3432702	0.016126085	0.0028748044	0.00049950957	0.0019649982	0.060976874	0.003257973	0.0048207734	0.0015524952	0.0010001366	0.00019547163	0.0034212663	0.014745993	0.0010076291	0.0002915907	0.0018366413	0.0019699025	0.0011932174	0.0123716835	0.0047649452	0.0020192494	0.0014464601	0.0025932451	0.0041177436	0.0041177436	0.81993264	0.012006581	0.008157946	0.0015401491	0.00040791073	0.0036905871	0.0019773985	0.00026554125	0.02639359	0.0030810868	0.0026790153	0.0017946152	0.0020802321	0.008349384	0.0005600343	0.008349384	0.0024059995	0.008689448	0.016583936	0.001117839	0.00048816277	0.00027646718	0.0062901466	0.0060488493	0.0025528858	0.0042413617	0.0016017328	0.0035362858	0.0005473616	0.0030531497	0.00026976707	0.007452667	0.0002695619	0.00049037056	0.00053661206	0.0002361473	0.0015318883	0.00113728	0.0020301067	0.008346617	0.001092676	0.024030225	0.0014709437	0.00050348986	0.008346617	-24.21731758117676
s04e17a	95.0	5.0	0.8353213	0.8353213	0.0076246257	0.019122891	0.00067189516	0.0029357611	0.02004864	0.0016211801	0.0054825987	0.015047944	0.00046057868	0.00021946277	0.006085209	0.008322749	0.0014967131	0.00012235274	0.0020673336	0.0010249976	0.00056798523	0.01355375	0.016129073	0.008619218	0.0010132288	0.002781335	0.002267251	0.002781335	0.7942923	0.006611126	0.0012585465	0.00045093973	0.00023390757	0.0007177065	0.0018375368	0.0007835295	0.0027455217	0.0012697332	0.0012381438	0.0007883824	0.0017378968	0.0021441265	0.00036641696	0.0021441265	0.00051528384	0.010397686	0.018860562	0.0007176983	0.00076737144	0.00039061243	0.0051744324	0.009654502	0.002611234	0.015551589	0.011314458	0.004443462	0.014989303	0.0014320347	0.00040583295	0.006683718	0.0012234156	0.0005063149	0.00047795317	0.00020709136	0.0043359958	0.010396582	0.0035742244	0.023103854	0.03292221	0.004842417	0.0090544	0.00019791907	0.03292221	-18.966672897338867
s04e17a	100.0	5.0	0.6470936	0.6470936	0.052627604	0.011912451	0.0011626806	0.005281048	0.1894424	0.0020117555	0.0023739801	0.0025702836	0.0010905971	0.00013155649	0.003240279	0.0033059493	0.0015765686	0.00034174504	0.0038182647	0.0009457641	0.021257082	0.035387903	0.006222596	0.006222596	0.0035063697	0.008665239	0.0012579509	0.008665239	0.20878685	0.015787628	0.0037998941	0.00082194095	0.00033596484	0.0006586412	0.0048638457	0.0011176352	0.0005580104	0.0013760874	0.0013760874	0.0011658309	0.005149583	0.0048980094	0.0005053364	0.0052999887	0.0007896632	0.0051777866	0.008560892	0.0011935084	0.0011006953	0.0016973417	0.012690716	0.00062708376	0.0019236075	0.008648294	0.00045346876	0.0015016927	0.00042429834	0.001466362	0.0032136466	0.0024528552	0.0009936591	0.0017010357	0.00044278346	0.0010105362	0.001322492	0.0012393236	0.00072116643	0.0032258527	0.0011221302	0.009149045	0.0034072904	5.931926e-05	0.0055937935	-19.415565490722656
s04e17a	105.0	5.0	0.8374129	0.8374129	0.118243605	0.038444575	0.00030122887	0.0041387687	0.026944052	0.0012149	0.001428377	0.0013195392	0.0003183496	0.0005048265	0.0014223427	0.020281753	0.0027399645	0.00024163496	0.0022495643	0.00063114177	0.002417097	0.014518622	0.0061283926	0.004716444	0.0005123368	0.0024566664	0.0006126647	0.025881961	0.08940148	0.007398951	0.0024381855	0.000528632	0.00019967619	0.0006475436	0.0035996346	0.00015092648	0.00035409693	0.0014850837	0.0006216603	0.0013020849	0.0010720836	0.0007730578	0.00032130998	0.0010720836	0.0014371305	0.0034604853	0.005726561	0.00078053377	0.00019941154	0.0008726735	0.002223503	0.0016418775	0.0014071728	0.010936766	0.00025183664	0.0053129257	0.002533373	0.0049245153	0.0004978654	0.0017483025	0.00131498	0.0010676689	0.0013420084	0.00020755372	0.0071418085	0.0034551453	0.0004984418	0.0010658528	0.0012064512	0.008510434	0.012096852	0.000106404004	0.023004757	-21.080699920654297
s04e17a	110.0	5.0	0.83955413	0.83955413	0.106310986	0.055422854	0.00025980172	0.0022517412	0.09607175	0.0025989015	0.0017977622	0.002413191	0.00026809712	0.00054841756	0.0016811546	0.01635798	0.00094701565	0.00030096536	0.0020407555	0.0015452567	0.010785722	0.0075571947	0.020663524	0.0034299672	0.0009791818	0.0047342093	0.0015538825	0.0047342093	0.70780873	0.018409137	0.0053568236	0.0023615877	0.00020754304	0.0015421552	0.0077054226	0.00022209444	0.002339172	0.0019279849	0.0010880828	0.0017915264	0.0020965291	0.0024805912	0.0003812125	0.002648598	0.0005655126	0.0053410614	0.009768809	0.0011894827	0.00033667104	0.00082845206	0.0040055937	0.0020171336	0.0015451434	0.0035649708	0.0011196167	0.0015177825	0.00050024386	0.0055776346	0.00074969896	0.0012421552	0.0004126352	0.0012171605	0.0008855053	0.00043728916	0.0030463936	0.0006404992	0.00069483137	0.0024614823	0.0014243406	0.0046776803	0.0051240255	9.413028e-05	0.010808197	-20.481098175048828
s04e17a	115.0	5.0	0.79190457	0.79190457	0.044826135	0.11446399	0.00033823666	0.005103335	0.20857689	0.0016406352	0.008838561	0.0015213145	0.00027198548	0.0001560368	0.004623945	0.0013493359	0.0018364945	0.00042070454	0.0028386926	0.00039014706	0.031592794	0.03928246	0.0037728425	0.0020717275	0.0014052973	0.002854754	0.00060533534	0.002854754	0.19708732	0.011905225	0.0033707076	0.0013689655	0.00024696122	0.0009057481	0.00367918	0.00036057318	0.0010366322	0.00089246454	0.0004660486	0.00089246454	0.001413888	0.0014498918	0.0002707036	0.001756824	0.00069850584	0.0023850957	0.010714047	0.0012570561	0.00051429565	0.0013947091	0.0028023364	0.0005146953	0.000927222	0.0031490673	0.0017064217	0.00050234055	0.0009927044	0.007180117	0.007005832	0.010017954	0.00034352753	0.0017220491	0.00034565845	0.00031099335	0.0016093244	0.0014108287	0.0004458136	0.0010062491	0.002518205	0.005232546	0.007232829	0.00013804344	0.007232829	-19.86111068725586
s04e17a	120.0	5.0	0.8179059	0.8179059	0.013955225	0.012729748	0.0022192567	0.024249885	0.08397377	0.008851157	0.0014928124	0.006994042	0.003591213	0.0005049211	0.0011177049	0.002775089	0.002871172	0.0015008406	0.0013560518	0.0011935527	0.0032349513	0.07926568	0.007231384	0.0066672317	0.0018294035	0.0038841276	0.000854736	0.0038841276	0.07633575	0.005318533	0.0023421694	0.00039407154	0.0002128086	0.00047986888	0.002120301	0.00040574084	0.0003506037	0.0023659507	0.0023659507	0.0019233833	0.004187001	0.0023901751	0.00081500324	0.004187001	0.0011331955	0.00817276	0.013455813	0.0010111295	0.0018277107	0.0005636184	0.011169264	0.0031686726	0.0037564395	0.012426172	0.0005386177	0.00079524366	0.0010258118	0.00079698284	0.00030835747	0.0013842849	0.00027457718	0.0009923214	0.00045089072	0.0009986721	0.0018341359	0.00082130014	0.0061002276	0.0125083625	0.0025918519	0.011513006	0.0012719459	0.0001508764	0.0125083625	-21.38339614868164
s04e17a	125.0	5.0	0.7142673	0.7142673	0.038072046	0.005510939	0.00025156882	0.0022265797	0.12513869	0.00023419566	0.0038740917	0.0024573526	0.0010119654	0.00034812052	0.0012915308	0.0118512325	0.00096161093	0.0004266125	0.010884669	0.00043727644	0.08907167	0.052343648	0.0043298816	0.0009847977	0.0015009277	0.0015306416	0.00045759045	0.0015306416	0.0411961	0.009910998	0.0047799973	0.0015270124	0.00095112185	0.0009016074	0.0035811772	0.00013565576	0.000250573	0.0012102615	0.0006827537	0.0010630419	0.0020468496	0.0009201203	0.00025305766	0.0020468496	0.0028785984	0.0027114062	0.005208434	0.0013350676	0.0005187117	0.0004984589	0.004892932	0.0010792532	0.0012313173	0.009936747	0.00020001862	0.0020700267	0.00074928714	0.00068607	0.0007136644	0.0009708188	0.00023414676	0.0015260923	0.0007619493	0.0004220721	0.0032133823	0.0016446146	0.00022795613	0.0015260937	0.0006463881	0.0037800292	0.005331717	0.00025417845	0.026891045	-21.903228759765625
s04e17a	130.0	5.0	0.8769325	0.8769325	0.014411707	0.03940216	0.0019809278	0.0028355373	0.03183892	0.0010055068	0.0030533834	0.20902728	0.0004280468	7.877085e-05	0.03315416	0.014212955	0.0030614894	0.0004204195	0.053404015	0.00054841733	0.0075477445	0.078850746	0.032592136	0.032592136	0.001105047	0.0010310919	0.0009445673	0.0029696797	0.02596265	0.0030268074	0.0015231611	0.00077060924	0.00020578518	0.0006280533	0.0013814897	0.00019503821	0.0004457161	0.0006806095	0.000633917	0.0006291215	0.001075801	0.0002556469	0.00033730103	0.001075801	0.0010273082	0.0036403926	0.0021152685	0.00010462286	9.0026435e-05	0.00031904964	0.001416458	0.0055485987	0.00052161043	0.021233514	0.0009351435	0.03403305	0.00054679066	0.0006733618	0.0028101772	0.00080051034	0.0003273317	0.00062757346	0.0007757994	9.6164564e-05	0.003834838	0.00044377564	0.0004212248	0.012343517	0.0004246455	0.0035400165	0.012208621	0.0010634045	0.047577035	-24.04156875610352
s04e17a	135.0	5.0	0.58713704	0.58713704	0.0024199605	0.0016360382	0.0002056565	0.00078042696	0.0005116967	0.004503063	0.0016029846	0.0015598654	0.026814837	0.00018010955	0.0036829014	0.09619038	0.0031116328	0.0006236177	0.00023784519	0.0005159407	8.994235e-05	0.003698466	0.017355973	0.017355973	0.00362415	0.0015724683	0.0014173728	0.002514069	0.08230983	0.0030674154	0.000950351	0.0007927499	0.00055992487	0.00049170613	0.0013112031	0.00025393526	0.0003943658	0.032365188	0.01712781	0.01974047	0.0023328853	0.006514554	0.0066671437	0.006514554	0.015474337	0.01393908	0.004045345	0.00014998822	0.000387345	0.00060289947	0.00089494686	0.0011869237	0.00021260456	0.0092079295	0.0005741308	0.001748746	0.0012034	0.003173446	0.00027345849	0.02352589	0.00046951283	0.0010363626	0.0010269862	0.00028032667	0.004476503	0.0031531323	0.0049708793	0.021591285	0.00257972	0.0031945156	0.0014763739	0.00048129953	0.021591285	-29.64772224426269
s04e17a	140.0	5.0	0.8247968	0.8247968	0.0075391484	0.022508109	0.0011437159	0.0014491671	0.23533021	0.0007806952	0.0023745357	0.013437594	0.00057911663	0.0001024543	0.00055182475	0.0012949575	0.0025855852	0.0034205918	0.00063863763	0.0013382961	0.0008321631	0.059903376	0.004818852	0.0026715167	0.0020801509	0.00084189593	0.00026485857	0.000855354	0.19008072	0.0051648146	0.0014703331	0.00060348905	0.00044101724	0.00075726333	0.0022638126	0.0009885362	0.00059692876	0.00035739847	0.00015701304	0.00035739847	0.00068352843	0.00018461814	0.00014852673	0.00068352843	0.0009205316	0.002009119	0.0063345623	0.0003130811	0.0003726888	0.00022805744	0.0015751146	0.0027399112	0.0035525006	0.0045856833	0.0005895265	0.0017538596	0.001178489	0.0028754822	0.00014300656	0.0008810309	0.0032002327	0.000590232	0.0009411766	0.00016661813	0.0046775937	0.0015765446	0.0010214827	0.0035679939	0.003932588	0.0017155142	0.0067531695	0.00023170763	0.018454058	-20.608139038085938
s04e17a	145.0	5.0	0.8099079	0.8099079	0.006560537	0.13675931	0.0006537573	0.0005592814	0.0028442035	0.0011454625	0.001446405	0.017101621	0.0008262651	0.0007891937	0.0027767494	0.0056742835	0.00045369487	0.00033972776	0.0017041399	0.0006964938	0.00018671382	0.0003505079	0.0069972854	0.0069972854	0.003220333	0.0023926755	0.0023842326	0.0023926755	0.07195408	0.004405246	0.0011077267	0.0009935427	0.0008007674	0.00077160867	0.0019532216	0.00064718013	0.00030775834	0.011774346	0.0016497093	0.011774346	0.0019080589	0.0008100843	0.0017195785	0.0019080589	0.0018088563	0.0019626531	0.0018259143	6.079275e-05	0.00011780052	0.0004360265	0.0010613803	0.0009373271	0.0005101621	0.0023501585	0.0007823917	0.002581788	0.0021019303	0.0030307237	0.0014830169	0.06008223	0.00031865537	0.0007619054	0.0020104293	0.00028682646	0.0012810584	0.001745688	0.00037481132	0.0015322398	0.000934902	0.007012539	0.0017832334	0.00023501054	0.0094455425	-20.519577026367188
s04e17a	150.0	5.0	0.85500336	0.85500336	0.012600323	0.11330781	0.00045143758	0.0007821994	0.05198445	0.00077891396	0.0011735556	0.008769065	0.00050343946	0.00014983655	0.00568756	0.008356426	0.004338537	0.003902565	0.001955127	0.00074521574	0.0019788267	0.0029993367	0.0068579195	0.0030513448	0.0068579195	0.0014382825	0.0012973049	0.0014382825	0.05350611	0.0044943797	0.0013885517	0.0010776371	0.00026364296	0.00086497446	0.0037203033	0.0003833541	0.00028524993	0.0073528322	0.0027480952	0.0073528322	0.002101394	0.0049436656	0.0033079702	0.0049436656	0.0019292379	0.0038665542	0.01595624	0.0005565995	0.00077382027	0.00031038316	0.02397103	0.0013759689	0.006651278	0.014665804	0.0013734238	0.0019789247	0.0023139282	0.0030560365	0.004308788	0.12061925	0.0015456864	0.0009165228	0.0008783374	0.0022783894	0.0023284801	0.0035187653	0.0029881087	0.0033984238	0.004858697	0.017107986	0.0028944102	0.00044519635	0.008358181	-22.0564079284668
s04e17a	155.0	5.0	0.6775192	0.6775192	0.010221908	0.010577438	0.0001837723	0.0034560089	0.06141604	0.0016422231	0.005158815	0.004259976	0.004193784	0.0002508534	0.0010582594	0.0028494487	0.0007283002	0.0017251906	0.0009581265	0.0014464484	0.0032257882	0.052810773	0.010094407	0.0021345539	0.002611178	0.0013527677	0.001361704	0.001361704	0.23081657	0.008893553	0.002635662	0.00065880193	0.00033534886	0.0006702093	0.0037424807	0.00025907252	0.0005270972	0.002068664	0.002068664	0.0012811554	0.004327467	0.005425281	0.00067853084	0.005776381	0.0008778441	0.0078000086	0.027085897	0.0035507372	0.0013687218	0.0007898333	0.02931736	0.0021474264	0.0027888105	0.012967401	0.00030510334	0.0018137385	0.00095123326	0.0021174215	0.00077864825	0.0006083333	0.00066585175	0.0008239171	0.0009212936	0.00097619917	0.0040850695	0.0008067445	0.0022163284	0.0053500216	0.005191387	0.008278646	0.0020688018	0.00030136964	0.014045232	-21.20639991760254
s04e17a	160.0	5.0	0.8273268	0.8273268	0.0065285643	0.089766234	0.00062036054	0.0017699635	0.2676136	0.002551184	0.0009132292	0.016312178	0.00033515805	0.00032769734	0.003863723	0.0023754553	0.00888024	0.0044368585	0.0015940693	0.0004997496	0.0030762854	0.016645141	0.00527581	0.00527581	0.003315314	0.0009427251	0.00069552	0.0018263445	0.045216817	0.003157899	0.0010698457	0.0006018879	0.00017520881	0.00050470216	0.0014410691	0.0002793752	0.00048465846	0.0037941022	0.0020476407	0.0037941022	0.0054235314	0.0039727623	0.001186973	0.0054235314	0.0010319946	0.004274787	0.013087404	0.0010034828	0.00047724956	0.0011492125	0.0053680344	0.0009718219	0.006485636	0.0066745374	0.00050630985	0.0010301032	0.0015679142	0.004464574	0.008070652	0.07696566	0.0004836644	0.0008155249	0.00045905402	0.0005548378	0.005108291	0.0017263416	0.001332857	0.0032520972	0.0031878024	0.009592731	0.0022819974	0.00024423093	0.005108291	-21.857959747314453
s04e17a	165.0	5.0	0.17623824	0.17623824	0.0038184333	0.0014515601	0.00025950762	0.0032333452	0.009479497	0.00034754173	0.021978565	0.0021556816	0.00029722447	0.00040113847	0.00061997573	0.0066085495	0.000542605	0.0010180387	0.003120879	0.0008741323	0.011386159	0.025242455	0.019862385	0.010339198	0.0019616252	0.015455244	0.0050642374	0.015455244	0.72030044	0.29705644	0.2857715	0.0042470265	0.001282248	0.0027168607	0.021663357	0.002747127	0.0053443126	0.002736903	0.0025656363	0.001770984	0.0042279023	0.0057769287	0.0010490612	0.0057769287	0.0006235229	0.012088735	0.049107738	0.0024315075	0.0021939373	0.0013118052	0.0054847314	0.006142335	0.004817165	0.0047694882	0.00023301363	0.004282568	0.0019183662	0.0010231361	0.0009924013	0.00119655	0.0022472742	0.0017876645	0.0007805486	0.0010515783	0.0025394328	0.0008469401	0.002169544	0.0085607795	0.003982518	0.005610587	0.0022366862	0.0002720332	0.017728059	-19.2351188659668
s04e17a	170.0	5.0	0.7338008	0.7338008	0.0019136328	0.0016187956	0.00018119992	0.00047837384	0.0006789617	9.111578e-05	0.0025369232	0.0015590903	0.00029513182	0.000181406	0.0019110797	0.0117828995	0.00016180417	7.400077e-05	0.0007291742	0.0001954556	0.00018613576	0.0005449025	0.00211692	0.0014041273	0.0012649501	0.003201161	0.00093861576	0.003201161	0.09430537	0.012374008	0.0056797313	0.0009917988	0.0013473443	0.00084259047	0.014351768	0.0005136066	0.00053786207	0.0063974923	0.0020953284	0.0063974923	0.0014829123	0.0005490211	0.0010517963	0.0014829123	0.005836947	0.0035963252	0.009955492	0.00023754829	0.00092383084	0.0006378544	0.0014193943	0.0034925665	0.0011331058	0.10395076	0.0021749744	0.018510444	0.004474262	0.0034056876	0.0006538819	0.00043300816	0.00014386122	0.00075178687	0.0010509153	0.00031290058	0.002818967	0.0049468335	0.0009999393	0.049561657	0.002360241	0.004747209	0.00096421596	0.00024742624	0.049561657	-21.68531036376953
s04e17a	175.0	5.0	0.8340627	0.8340627	0.014568998	0.2529167	0.004196665	0.0005027906	0.0037903192	0.0014962985	0.006780179	0.034354195	0.00054142816	0.00044662942	0.0050560725	0.020237438	0.0031056877	0.0015410366	0.006713271	0.000559178	0.0010211188	0.0010315606	0.027100502	0.013289367	0.0024712535	0.011575726	0.0034439117	0.011575726	0.03159508	0.0042029084	0.0020038881	0.000871117	0.00033185014	0.0006881938	0.001772405	0.0009868146	0.00053712685	0.0075601563	0.0020004506	0.0028994526	0.0017621045	0.0010496465	0.0006293827	0.0017621045	0.0031365382	0.004804043	0.008830495	0.0003752139	0.000763798	0.0006559376	0.0033759354	0.005024377	0.0015260152	0.03674027	0.0018071946	0.013410257	0.0025483004	0.002501692	0.0012125837	0.059684027	0.0023379594	0.002094492	0.0023025605	0.001105025	0.012145608	0.0025074934	0.0007801404	0.0011081494	0.0036705905	0.010826913	0.0053270105	0.00077750307	0.012145608	-21.381351470947266
s04e17a	180.0	5.0	0.87638885	0.87638885	0.07026248	0.08273139	0.001779704	0.0006215039	0.0033470527	0.0039573708	0.0016200591	0.0071021626	0.001016845	0.00079583423	0.010934063	0.0077002696	0.0007739869	0.0009611744	0.0012383048	0.00089829025	0.00051301625	0.0011735389	0.013757167	0.012025851	0.00971054	0.007959096	0.0075769043	0.007959096	0.025745831	0.0050764135	0.0021861806	0.0011635936	0.0003140332	0.0009949579	0.002788209	0.00034030815	0.00024803917	0.008418051	0.001302661	0.0034810132	0.00082145	0.0004978101	0.0008746643	0.00082145	0.002434417	0.0022928733	0.0029036726	0.00025691505	0.00033580186	0.00049353845	0.0016722756	0.0027533795	0.0010217747	0.0029685332	0.00064735475	0.0021294956	0.0005103637	0.0027561358	0.00031700128	0.02463949	0.0005550081	0.000592495	0.0020658406	0.0005327333	0.002253173	0.0024682789	0.001372915	0.0006537308	0.001640907	0.012157205	0.0013181343	0.00051802344	0.0049519055	-25.928916931152344
s04e17a	185.0	5.0	0.8464186	0.8464186	0.009659618	0.050816648	0.00045170207	0.0019247661	0.44890428	0.0008996247	0.003110407	0.0044925627	0.00054103346	0.00045043405	0.0011394981	0.0011863868	0.0024868455	0.0043287533	0.00062776427	0.00036655756	0.0021945208	0.043901335	0.0028595114	0.0008237604	0.0018762783	0.007369013	0.00048612565	0.007369013	0.036885045	0.005182033	0.0021117849	0.00077805045	0.0003379211	0.00075440714	0.0020936073	0.00063744455	0.00035087048	0.00080227165	0.00027842514	0.00080227165	0.00097299763	0.00058577495	0.0004437782	0.00097299763	0.00043230125	0.0011561426	0.003156757	0.0002647051	0.0008054909	0.00034366298	0.002240835	0.00061668	0.0017858938	0.005090855	0.000996003	0.0030954871	0.00084396696	0.0021196273	0.0001536519	0.0014480484	0.0006640953	0.0010510865	0.0012226775	0.00035850328	0.00094492827	0.00050783454	0.000791481	0.0014800965	0.001453163	0.0017327078	0.0019131502	0.00026327797	0.001959563	-21.693748474121094
s04e17a	190.0	5.0	0.8329758	0.8329758	0.013520956	0.065670915	0.00039848615	0.0018101007	0.11970956	0.0013404883	0.0019635602	0.010488695	0.00080692593	0.0003761056	0.007792628	0.00593396	0.0038624152	0.0024156212	0.0017747629	0.0010385455	0.0038303449	0.0335801	0.014481943	0.010549722	0.001864627	0.0071213753	0.0018612427	0.0071213753	0.112727135	0.012711914	0.0034204389	0.0017235818	0.0006555473	0.0017771391	0.003677464	0.00036018496	0.0007041046	0.00407705	0.0011819415	0.00407705	0.0071854764	0.0019591295	0.0010961269	0.0071854764	0.0011183658	0.005966281	0.0041156616	0.00053032726	0.0007808499	0.00062822393	0.0023243264	0.00160198	0.0019900685	0.0077643227	0.00056938856	0.0032768878	0.0018195872	0.007928747	0.0006100583	0.01418061	0.00050713186	0.0013065744	0.00054741174	0.0003197884	0.0015299888	0.0007120421	0.0017353261	0.004420382	0.0024464314	0.02056252	0.0048367237	0.00047117303	0.009157033	-21.83639335632324
s04e17a	195.0	5.0	0.7354066	0.7354066	0.020137781	0.012375885	0.0005076312	0.0014261376	0.004412373	0.0012303934	0.002866511	0.0011323014	0.0027791297	0.0004340653	0.003024463	0.012120295	0.0010809839	0.00014446441	0.0010776124	0.0014064105	0.00039957787	0.0018335773	0.019413076	0.008897076	0.010431423	0.007478673	0.0021714899	0.0077242767	0.119120546	0.0098903375	0.0027087077	0.0024074763	0.0017182161	0.0021336633	0.014048931	0.0004775099	0.001104826	0.021297328	0.0033076764	0.021297328	0.001761727	0.0014620047	0.005180398	0.001761727	0.016376972	0.0026561765	0.0016202573	0.000105470695	0.00023084521	0.0006597608	0.0020330574	0.0010870063	0.00062907144	0.0028667278	0.00036548232	0.0018427741	0.0015561212	0.01001724	0.00046448215	0.0058184313	0.00041875755	0.0007058507	0.0005141292	0.00039079215	0.0024690973	0.0039944174	0.001772044	0.0018387055	0.0016653974	0.05544956	0.0033709174	0.00021204501	0.16676888	-21.156646728515625
s04e17a	200.0	5.0	0.86184627	0.86184627	0.03444209	0.046201926	0.000672657	0.0056094327	0.07655667	0.0030721289	0.0036427474	0.0010570835	0.00058176304	0.00018469086	0.00088457257	0.004316362	0.0013876072	0.00020516256	0.0011517297	0.0005352525	0.0009440864	0.015199152	0.0036149537	0.0036149537	0.00091171154	0.0013683067	0.00041202677	0.0044166944	0.035784468	0.0039435895	0.0012468803	0.00041519167	0.0003359682	0.0006083875	0.0026828428	0.00014788809	0.000339207	0.00084826583	0.00025519053	0.00027508734	0.00067197037	0.00027968784	7.739265e-05	0.00067197037	0.000869671	0.0014087054	0.0023671992	0.00018143505	0.00020358784	0.0003316436	0.0010024522	0.000537553	0.001410102	0.003085763	0.00014988084	0.0011627986	0.0012970633	0.011038503	0.00032276803	0.002117364	0.00062770623	0.0008202517	0.0010289389	0.00013490669	0.0023096676	0.0005802637	0.0004955874	0.0016082979	0.00052408857	0.0026887052	0.006776163	0.00012353102	0.020406676	-19.583227157592773
s04e17a	205.0	5.0	0.92088544	0.92088544	0.015972434	0.026057815	0.0007457681	0.0029284286	0.27252653	0.0019522662	0.0003454468	0.005254338	6.609764e-05	0.00036503436	0.0038454633	0.0017269719	0.011761603	0.0006905908	0.0019192968	0.00036190127	0.00091082416	0.05914124	0.036777608	0.036777608	0.00095601054	0.0065163504	0.0005494462	0.008866199	0.018452339	0.0031964811	0.001345818	0.00045098874	0.000117685326	0.00051752053	0.0011408835	0.00026356478	0.00014454736	0.0010922482	0.0004979337	0.00050047087	0.0032617783	0.0007317035	0.00013204702	0.0032617783	0.00060894503	0.0014029412	0.0014868035	0.00014485879	0.00018290733	0.00015637073	0.00043117028	0.0013318709	0.001082838	0.003811243	0.00033191752	0.00029310893	0.0008170027	0.0017076097	0.0004028712	0.008572013	0.0017448306	0.00066728715	0.00018808054	0.0003334043	0.00089831586	0.0013272744	0.00040276584	0.0013732145	0.0039067804	0.004946568	0.0051156655	0.00010817863	0.0051156655	-22.85858154296875
s04e17a	210.0	5.0	0.86589044	0.86589044	0.03341006	0.09201455	0.0006139205	0.0024102288	0.24073634	0.0018810342	0.0021718245	0.004682814	0.00048396186	0.0006310666	0.003205622	0.0008962644	0.0030957977	0.0009567364	0.002314134	0.00022337779	0.002734309	0.04448942	0.00434477	0.0018573083	0.0010733595	0.000804427	0.0004407142	0.00090002554	0.062337708	0.008580689	0.0028215447	0.0010956351	0.0002994233	0.001220872	0.0023359982	0.0002475466	0.00039953043	0.0005778485	0.0003627918	0.00030054356	0.0016322078	0.00066814845	6.248182e-05	0.0016322078	0.0006679221	0.0014820576	0.0011517945	0.00033636656	0.00038420508	0.00082699803	0.0011561547	0.00042837296	0.0005368684	0.0037602838	0.0012032762	0.0011045608	0.0012310054	0.0029064408	0.00070488144	0.022930417	0.00043072418	0.0013967195	0.0009449805	0.0003397067	0.0022635025	0.0012626095	0.00023806753	0.0015266708	0.0022377018	0.008296493	0.0105670085	0.00013175496	0.0105670085	-23.208045959472656
s04e17a	215.0	5.0	0.95113903	0.95113903	0.06764817	0.1791245	0.0036786539	0.0015665218	0.0037053688	0.0020853896	0.0020414763	0.02404719	0.00016861546	0.00049625535	0.0036423374	0.0015264949	0.0011652724	0.00075216993	0.0014733002	0.00012698515	0.00029094756	0.0023463313	0.0058965334	0.0058965334	0.0018430725	0.0009272087	0.00088909204	0.0010920089	0.03540752	0.0053948844	0.002193594	0.0006705396	0.00036252456	0.00064776366	0.0015445198	0.0007732954	0.00017065411	0.0020882585	0.00041741983	0.00047470085	0.00046545724	0.00025343313	0.000120394514	0.00046545724	0.0011906747	0.00060407893	0.001018712	8.520794e-05	0.00014537285	0.00040171552	0.0003555713	0.0010264571	0.00034620837	0.0015983933	0.00020717255	0.0018900783	0.00043266613	0.003421107	0.0004066811	0.041151077	0.00019634039	0.00050780183	0.006068102	0.0002764801	0.0025988347	0.00065207283	0.00034127862	0.0005584829	0.0011733046	0.016070293	0.0017934599	0.00063554157	0.003394695	-22.674665451049805
s04e17a	220.0	5.0	0.8682332	0.8682332	0.051513158	0.16927037	0.00059670804	0.003930877	0.12470135	0.004342854	0.0061098416	0.012223046	0.0005247964	0.00042551264	0.0068483357	0.0017701386	0.002663128	0.0028689108	0.0028024495	0.00053911546	0.012052689	0.0124243405	0.0038197068	0.0024020588	0.0011245951	0.0017971045	0.00071516633	0.0025221342	0.025051672	0.007394176	0.0046642437	0.0019106151	0.00043746326	0.001293716	0.0036107344	0.00040140434	0.0003549092	0.001700223	0.0005263293	0.001700223	0.0015166829	0.00093467755	0.0004692929	0.0015166829	0.000996339	0.001197372	0.008084276	0.0006278603	0.00036358833	0.0007086772	0.003572357	0.0008101048	0.0020636024	0.006382331	0.0019063416	0.0009212291	0.0007035861	0.008222244	0.002945325	0.068483725	0.0009259229	0.0010550941	0.0018094858	0.00031172892	0.0018484542	0.0020837302	0.0005074757	0.00090012414	0.0026547532	0.0045848237	0.0025872323	0.0013224317	0.003636676	-19.48262405395508
s04e17a	225.0	5.0	0.6888521	0.6888521	0.0076390207	0.14835992	0.0005943114	0.0018896564	0.0015317468	0.0011615361	0.003774479	0.040589966	0.00095475855	0.00017359809	0.00085162884	0.0039055247	0.000948362	0.00030727868	0.0010922134	0.00075567566	0.0008228755	0.0034886072	0.008657935	0.0043644765	0.0024946895	0.0034350841	0.002500783	0.0034350841	0.026589034	0.003237714	0.0009101965	0.00059963646	0.0004324218	0.0004193126	0.0018433356	0.0011451674	0.0003893052	0.009489764	0.0027528193	0.009489764	0.004189228	0.0026952391	0.0026857671	0.004189228	0.0020637715	0.0072176387	0.018029813	0.0011982603	0.00054526987	0.001112299	0.004460793	0.0017703208	0.0024695094	0.004297357	0.0014719035	0.002606964	0.00084761536	0.0016817502	0.0011081113	0.008058183	0.00019051867	0.00065340655	0.0013700782	0.00050115684	0.004052648	0.0006313385	0.0013745229	0.0025276223	0.0010439672	0.0067243204	0.0010607889	0.0005433702	0.007723553	-20.877670288085938
s04e17a	230.0	5.0	0.8513952	0.8513952	0.073628835	0.22616972	0.0003928821	0.0014226977	0.001284822	0.0013904964	0.0016982469	0.009659815	0.0008808265	0.00024242786	0.000682206	0.0031480647	0.0009718918	0.00017566649	0.0003340266	0.00039534524	0.00016519312	0.0014631831	0.0039769043	0.003563755	0.0013727177	0.0034334785	0.0009857782	0.0034334785	0.02694141	0.0034303144	0.0010267093	0.0010119486	0.0005855977	0.0009521446	0.002215482	0.000805998	0.00026017477	0.005005698	0.00095044327	0.005005698	0.000870272	0.00069118803	0.001631437	0.000870272	0.0015897132	0.0030508211	0.0068860105	0.00019935032	0.00021554931	0.0007965937	0.0016364245	0.00096548314	0.0013442963	0.0011186742	0.0011842856	0.0010269597	0.0004255719	0.007037773	0.0010783308	0.006274845	0.00033076832	0.0011527082	0.0051947795	0.00023527666	0.008903074	0.0012089309	0.00052759383	0.0007849618	0.00055609626	0.0026163643	0.00093577843	0.0005613907	0.008903074	-20.50763702392578
s04e17a	235.0	5.0	0.7787363	0.7787363	0.0080579845	0.009952377	0.00091453607	0.00082408625	0.14509499	0.0011557593	0.0006997725	0.002780186	0.00025026596	0.00066481374	0.0016133316	0.00090702064	0.004971889	0.00075245276	0.0022392024	0.0015552094	0.003921974	0.0025352428	0.005207315	0.00093070447	0.0013562553	0.03196844	0.0009291609	0.03196844	0.017930329	0.0022661025	0.0017729669	0.0005046033	0.00019343953	0.00031954522	0.0011390646	0.00038071294	0.00018176872	0.0027245304	0.0027245304	0.0023451285	0.005353405	0.004131666	0.0008522288	0.005353405	0.0043362305	0.009685901	0.036341373	0.0021687793	0.001360937	0.0014054204	0.0080659315	0.0015283056	0.004518194	0.01640434	0.0006007064	0.0009568417	0.00092323293	0.0077150655	0.0012284284	0.0025644847	0.00039297706	0.0024740843	0.0007585927	0.0004746762	0.00689123	0.00223754	0.0014677955	0.0012943249	0.0021407236	0.01347076	0.00094832445	0.0003170478	0.00689123	-19.892501831054688
s04e17a	240.0	5.0	0.82777774	0.82777774	0.018079085	0.021944663	0.0006939975	0.0021232956	0.30862635	0.0013022057	0.0040339567	0.0029425973	0.0011925447	0.00023841938	0.0070983837	0.003254559	0.008236959	0.003253634	0.002054023	0.0010423532	0.0008607071	0.010548549	0.018229844	0.0035124077	0.0017556562	0.0041743815	0.0017418839	0.0041743815	0.03809818	0.007944869	0.005071349	0.0011526506	0.00060350227	0.0013640968	0.0028111916	0.0002445075	0.0005142559	0.0009794809	0.000888283	0.0009794809	0.002469674	0.0011442172	0.00031153936	0.002469674	0.0014153988	0.0030702369	0.0072530685	0.0004342882	0.0007136603	0.0005969271	0.0023875819	0.0010458037	0.00502529	0.005322086	0.0005396776	0.0011322598	0.001153548	0.004003895	0.0005492323	0.0057623773	0.0015820996	0.0008492812	0.0009222803	0.0003347477	0.0046925847	0.0020161048	0.0004744498	0.0024070288	0.002156299	0.0041669407	0.003710664	0.0001726331	0.0046925847	-22.177467346191406
s04e17a	245.0	5.0	0.90385145	0.90385145	0.10984392	0.052820973	0.00072091975	0.005022594	0.038921468	0.0028241833	0.0018761954	0.0034597553	0.00058803766	0.0010765227	0.0058711967	0.010502081	0.0010755868	0.00092844764	0.0014443445	0.00039268474	0.0025111935	0.030253146	0.007905616	0.0034495872	0.001854645	0.0024875624	0.0023508128	0.007059706	0.034771264	0.010319238	0.006230819	0.0015416442	0.00052145234	0.0013573735	0.002700073	0.0005417167	0.00027732438	0.0031703764	0.0017514362	0.0031703764	0.0044315895	0.0018570378	0.0009067532	0.0044315895	0.0019300992	0.006989176	0.0046711713	0.00092774467	0.0006397802	0.0014892883	0.0028674586	0.0029784401	0.0023591265	0.004386356	0.00093191874	0.001342025	0.0011315639	0.008738698	0.00042617822	0.026267586	0.00072428514	0.001110204	0.001935998	0.00027456958	0.0059490977	0.003532682	0.0012053015	0.0011069898	0.0020656441	0.0053292853	0.002471278	0.0013732648	0.0059490977	-22.860980987548828
s04e17a	250.0	5.0	0.8479604	0.8479604	0.0018531723	0.0061240788	0.009963405	0.0034689577	0.0036010034	0.0041701673	0.0029537724	0.07631649	0.005621273	0.00035991194	0.012902412	0.016503291	0.004779058	0.012350779	0.0031921205	0.0001483365	9.089457e-05	0.00013408986	0.05074349	0.05074349	0.007931786	0.0018625772	0.0023135077	0.0023135077	0.009419087	0.0018986397	0.0007495214	0.0005523694	0.0002018646	0.0003011255	0.00027328724	0.00028189804	0.00023901273	0.00890911	0.00068922	0.006885949	0.0009228693	0.00021097658	0.00091762375	0.0009228693	0.004745966	0.00083768443	0.0022776437	6.5651126e-05	0.000114135226	0.0002093195	0.0007168326	0.0020952388	0.00050193013	0.00914599	0.0012665325	0.0025098943	0.0025208103	0.0004471012	0.00043914036	0.10452096	0.00045250842	0.00041082816	0.0020186882	0.0001727576	0.0011288105	0.0017221572	0.00041321188	0.0012952782	0.0005245158	0.029415527	0.00095873605	0.00077679544	0.009820921	-23.491607666015625
s04e17a	255.0	5.0	0.89839464	0.89839464	0.018173154	0.055660266	0.06368445	0.0058827586	0.08854495	0.17461881	0.001379852	0.028770473	0.0061935303	0.001202795	0.08543313	0.005687843	0.011575775	0.001695519	0.0014364047	0.00017424651	0.0011295704	0.083550274	0.0054403404	0.0054403404	0.002257986	0.0029356536	0.0008709573	0.0029356536	0.040302224	0.0037652743	0.0016677903	0.0008032749	0.0002636299	0.00084927195	0.0013101134	0.0005165698	0.00039539495	0.0026111533	0.0020690577	0.0023933358	0.0026972394	0.0018385383	0.00064247265	0.0026972394	0.0039261654	0.0056694886	0.0076323403	0.0007778161	0.0059578256	0.0041065835	0.0027030562	0.0035207155	0.0015640776	0.0020082796	0.0014554032	0.0012791813	0.00027922957	0.0033747081	0.00037726908	0.008820359	0.00066270214	0.001914275	0.001032964	0.0008083497	0.0025389846	0.0009898957	0.0010582583	0.0019897958	0.001127239	0.0034919989	0.00075373094	0.00046056465	0.0025389846	-19.63399314880371
s04e17a	260.0	5.0	0.7627605	0.7627605	0.004677698	0.22898108	0.00037914232	0.0009113221	0.0022738588	0.0007625381	0.0030854237	0.028136116	0.0004997001	0.0004174825	0.002211013	0.002583719	0.0011834669	0.00034139332	0.0011194769	0.00044375786	0.00021022517	0.0009279763	0.012574459	0.009701199	0.0013308694	0.004614401	0.0017110338	0.004614401	0.070154086	0.0042300127	0.0011090154	0.0009854884	0.0009226258	0.0010716583	0.001543944	0.001002427	0.0005123753	0.003968787	0.00087432686	0.003968787	0.0013266602	0.0006230619	0.0008347466	0.0013266602	0.0016421339	0.0031108165	0.0057312762	0.00020853206	0.00029502323	0.0016245773	0.0023600883	0.0008411999	0.0015696349	0.0025601985	0.0023417685	0.0025638614	0.0009306352	0.0052172467	0.0017027817	0.00726751	0.0001041142	0.0016047201	0.0059773773	0.00021975214	0.0067821383	0.0005460196	0.00029879366	0.0012705087	0.00046878698	0.0044713505	0.002035189	0.0005025139	0.020852892	-21.278696060180664
s04e17a	265.0	5.0	0.9269065	0.9269065	0.023650331	0.33943757	0.00044339974	0.0010365265	0.0017255584	0.0057133194	0.0016955102	0.020907326	0.0013611381	0.00029839794	0.0054959347	0.0051010135	0.0011449744	0.0005456988	0.001109585	0.00062895	0.00018463115	0.001133873	0.0054331883	0.0054331883	0.0011980097	0.0027367598	0.0012242969	0.0027367598	0.029716933	0.0016955587	0.00052065746	0.00036313038	0.00018413556	0.00039011135	0.0015687175	0.00046470627	0.00026151226	0.0044764075	0.0006286618	0.0021933361	0.0010077069	0.00052324426	0.0002995378	0.0010077069	0.0015871549	0.0014862381	0.0058040232	0.00013474585	0.00013487607	0.000529456	0.0011936255	0.0011495814	0.0010568398	0.0014934978	0.0008801465	0.0020475881	0.00036497886	0.0036877268	0.0009679732	0.007202385	0.00021516676	0.00039964757	0.0011250966	0.00019992386	0.0021236835	0.00041739276	0.0007504069	0.0006219557	0.001170267	0.01021318	0.0009812509	0.0002899496	0.004378086	-20.7440185546875
s04e17a	270.0	5.0	0.92801636	0.92801636	0.009950173	0.124506876	0.13141146	0.0003973417	0.025325544	0.027576502	0.002573207	0.1290374	0.0016089687	0.00053639704	0.021124778	0.0013998769	0.0033942808	0.0005494305	0.005230392	0.00017365934	0.00015174468	0.00031675232	0.008956843	0.008956843	0.0015985545	0.0052475887	0.005073438	0.0052475887	0.046900984	0.0051094783	0.001163868	0.0008064363	0.00018564	0.00077052513	0.0010645052	0.0006515482	0.00030068288	0.003813398	0.00073176867	0.0019390963	0.0012708554	0.00038553987	0.00041199572	0.0012708554	0.0012348619	0.0022427272	0.002578769	9.104534e-05	0.00014535122	0.00041048875	0.0008864618	0.0010226804	0.0007730722	0.0009155065	0.0009231559	0.0011202728	0.0003327765	0.010713627	0.00056296366	0.022672074	0.00035723482	0.00077504234	0.0034397116	0.00014125704	0.0016231835	0.0008489289	0.0003461805	0.00043554878	0.00089261006	0.004682911	0.0011021218	0.0008574406	0.0025378861	-26.05295181274414
s04e17a	275.0	5.0	0.88879883	0.88879883	0.12898868	0.011123644	0.00022888085	0.0053775823	0.3860757	0.0010655584	0.0034473715	0.00071149034	0.00042725637	0.00040472564	0.0009889266	0.0011143863	0.0049489834	0.0007733952	0.0021863503	0.00037859372	0.022822546	0.010909965	0.0015373023	0.00070399727	0.0015373023	0.0011488042	0.00044215584	0.0016676871	0.031157514	0.010749543	0.007929444	0.0009806934	0.0003245166	0.000917133	0.0017841535	0.00016788294	0.00022207985	0.0015316936	0.00079548586	0.0015316936	0.0053478316	0.001760862	0.00034111517	0.0053478316	0.0009939981	0.004724805	0.012599214	0.0010560338	0.000450611	0.00072600995	0.002122232	0.0012132782	0.0039765565	0.0051969183	0.00019668965	0.0010062122	0.0011193287	0.002435093	0.0005926306	0.0026937337	0.000733121	0.00044506352	0.00024715063	0.0002585723	0.00179651	0.0010215392	0.0005170836	0.002688672	0.00083892694	0.005015526	0.0025884667	0.00018174325	0.002688672	-21.67558860778809
s04e17a	280.0	5.0	0.93560517	0.93560517	0.032315817	0.10505944	0.00042735288	0.0026256284	0.38043696	0.0038464572	0.0034040809	0.0012906768	0.00076354254	0.00026640194	0.0121892635	0.0042691366	0.0025426755	0.001584335	0.0015018858	0.0055845575	0.0020691818	0.007459023	0.09578025	0.005318914	0.0016607628	0.0038955144	0.0011716032	0.0038955144	0.05257693	0.005196832	0.0020554662	0.0005394701	0.00019145997	0.00085515965	0.0021130594	0.00011762665	0.00034913508	0.0016010299	0.0009397048	0.0016010299	0.0039827563	0.0013693463	0.00040860928	0.0039827563	0.0015628181	0.0055160527	0.014384709	0.00045750974	0.0011201095	0.00053247693	0.0036302232	0.0010396785	0.009264652	0.008428514	0.00014614254	0.0018738268	0.0009422177	0.01548324	0.0022531976	0.0031156233	0.001208894	0.0010301528	0.00066022685	0.0003843357	0.0015095235	0.0011941089	0.00048573912	0.0030313176	0.0024946078	0.009260778	0.00211118	0.00016080674	0.007424812	-24.65501976013184
s04e17a	285.0	5.0	0.83954227	0.83954227	0.026606837	0.03822075	0.00039353734	0.0022326028	0.23566529	0.0011623064	0.00094156084	0.0013640248	0.0001380403	0.00046255527	0.090180926	0.002422272	0.0017925279	0.00089115516	0.0016866287	0.00038595728	0.0045216638	0.016109524	0.010418786	0.010418786	0.0028405087	0.023087129	0.0035904248	0.023087129	0.051408306	0.00857916	0.002900826	0.000728914	0.00014196	0.00062262325	0.003095424	0.00013629369	0.00042067523	0.00056264823	0.0003170605	0.00031898942	0.0012786338	0.00050861615	9.03985e-05	0.0012786338	0.00079468614	0.0013921154	0.0026124548	0.00043744658	0.00035464013	0.00046131268	0.0033254025	0.00048747595	0.0013719975	0.0037252428	7.540754e-05	0.001348917	0.00081619975	0.004274377	0.00041538267	0.0029773302	0.00082205574	0.0007444325	0.00013953199	0.00037003544	0.0018203546	0.0016346975	0.0004067408	0.0011921244	0.0010611523	0.003507281	0.0020264024	0.00013316632	0.00466893	-23.8428897857666
s04e17a	290.0	5.0	0.8254766	0.8254766	0.009541614	0.025492635	0.00021380435	0.0022188006	0.5143361	0.0007644122	0.0023456528	0.002755939	0.00026852408	0.0002779745	0.0032367	0.0025416187	0.004115394	0.0032320267	0.00313832	0.0021044281	0.0038750963	0.016328162	0.044958353	0.0013104371	0.0019344728	0.0042905337	0.000488826	0.0042905337	0.047077235	0.0047422596	0.004080771	0.00078920205	0.0002929047	0.000781978	0.0025141335	0.0002513866	0.00046448436	0.0013830686	0.0013830686	0.0012737548	0.0062772306	0.0023660115	0.00043684483	0.0062772306	0.0016805528	0.0045709712	0.01335648	0.00058945455	0.0009510598	0.00077031634	0.005613272	0.00082202087	0.009031783	0.0053105676	0.00012762683	0.0013201684	0.0010704359	0.0035858422	0.0036063248	0.006116801	0.0002595034	0.0021311936	0.0003419614	0.00070000294	0.0018490296	0.0014598819	0.00058184844	0.0014758474	0.00093416125	0.005424494	0.0015934403	0.00016809277	0.0040969085	-22.38830947875977
s04e17a	295.0	5.0	0.20854074	0.20854074	0.004756543	0.0012382417	0.0006795951	0.00779713	0.0049940674	0.0008902174	0.013623424	0.0013310417	0.0012166069	0.00025539816	0.0019406381	0.012043524	0.002687722	9.5133095e-05	0.0016796987	0.0011954928	0.023621734	0.0117724715	0.014415454	0.014415454	0.0014107124	0.00898875	0.008712142	0.00898875	0.73685706	0.23111135	0.1795375	0.0028898008	0.0005122943	0.0023375212	0.023355566	0.00080078194	0.0037330908	0.0031425536	0.0029596584	0.0012846128	0.008489661	0.006222189	0.000465974	0.008489661	0.0009006912	0.019699454	0.020077024	0.0009983031	0.0020119834	0.0019105306	0.0040544863	0.007304672	0.0017671837	0.0019713317	0.0002941573	0.0029480217	0.0008190232	0.0006969168	0.002688025	0.0008657714	0.0004059668	0.0017103308	0.000111584864	0.0007358533	0.0024909405	0.00082114636	0.0011482025	0.0030620438	0.0008268952	0.010788796	0.0064518396	0.00016177038	0.008070423	-22.68935775756836
s04e17a	300.0	5.0	0.9171934	0.9171934	0.011592656	0.010342228	0.0026580251	0.0070878924	0.024785277	0.0409084	0.004458284	0.008309709	0.013200131	0.00027710898	0.010824349	0.0036868579	0.11203749	0.00073249533	0.0016595678	0.0025562698	0.0006777631	0.0019667102	0.16919346	0.16919346	0.0009335437	0.0039236285	0.002113552	0.006800017	0.19548288	0.010590616	0.002157731	0.0010546513	0.0004034412	0.000983626	0.0019598922	0.0005184601	0.00070086174	0.0018782109	0.0012197063	0.0018782109	0.0035429883	0.0014680807	0.0008775962	0.0035429883	0.0007045033	0.006365371	0.0025868397	9.272639e-05	0.00021374565	0.00013823787	0.0012666797	0.0027098774	0.00062854134	0.0012127276	0.0002629193	0.0014644586	0.00017648545	0.0016168654	0.0003449775	0.00025939383	0.000114579925	0.00021207028	0.0003893256	0.0003139488	0.0011596815	0.00052637374	0.0013284505	0.0077024633	0.00044182932	0.0060659773	0.0012215246	0.0002766069	0.0077024633	-21.56528091430664
s04e17a	305.0	5.0	0.8309041	0.8309041	0.0058589247	0.026887115	0.10485271	0.00026004584	0.010141865	0.0061337394	0.0018407668	0.16658102	0.0005270085	0.0004350699	0.0023796696	0.0012952572	0.0014289363	0.00013638182	0.0016107851	0.00016515014	0.00013828164	0.0003319694	0.03805534	0.011674707	0.0028936889	0.008786074	0.0071601067	0.008786074	0.026533166	0.0036702661	0.0020334842	0.00064107386	0.00036861442	0.0007865814	0.0016261712	0.00027853186	0.000786324	0.0050213784	0.00084678514	0.002218123	0.017663658	0.0009693492	0.00046368412	0.017663658	0.00064369664	0.0071497117	0.0017037821	8.2338716e-05	0.000159845	0.00032289024	0.0007823712	0.0008338292	0.00028875205	0.0006952728	0.00028486946	0.00055887294	0.0011808331	0.0047523347	0.0019054934	0.04163902	0.00013376217	0.00039074858	0.0010011317	0.00012497543	0.002129826	0.0003689113	0.00034979888	0.00028777256	0.000543587	0.037289817	0.0008420632	0.001104764	0.002129826	-22.57948112487793
s04e17a	310.0	5.0	0.87976515	0.87976515	0.018126464	0.2222348	0.0015212246	0.002871778	0.03769571	0.018172065	0.0032597743	0.008703219	0.00062166824	0.00019573496	0.018087551	0.0035167027	0.017721368	0.0011706962	0.0016131857	0.0014577911	0.00043161813	0.013615826	0.042309254	0.042309254	0.001236412	0.011840667	0.0030582573	0.011840667	0.07645341	0.0065162145	0.0022366492	0.00083652383	0.00036882533	0.000686773	0.0021553903	0.00045803163	0.0005195797	0.0010770131	0.0007794782	0.0010637931	0.00077678356	0.0010031249	0.0005885061	0.0010031249	0.0008523855	0.0037503436	0.0060853967	0.00037028952	0.0005890432	0.0010415342	0.0014213828	0.0011729286	0.0009897335	0.002998735	0.0006519619	0.0013805605	0.001587479	0.007901952	0.0011419452	0.009038708	0.0005435803	0.00067347864	0.0014301089	0.00017298787	0.001558645	0.00056515774	0.00090502086	0.0022055348	0.0023159767	0.0140567655	0.002333135	0.00025115567	0.002333135	-21.340675354003903
s04e17a	315.0	5.0	0.8128168	0.8128168	0.009825958	0.10483506	0.0016579609	0.003824282	0.082927585	0.0041488986	0.0029584623	0.036185622	0.00028387227	0.0013396313	0.001757647	0.0068636676	0.004244083	0.002348575	0.0021820997	0.00055440696	0.004060153	0.14833024	0.010174967	0.010174967	0.0027693808	0.0063068145	0.001569824	0.0063068145	0.13810952	0.014974056	0.0030319963	0.001473038	0.0007125995	0.0014791524	0.004304302	0.0019300892	0.0010211286	0.0010092643	0.000913983	0.0010092643	0.0044810316	0.0011480516	0.00027775727	0.0044810316	0.0009175049	0.003724236	0.003762535	0.00041870307	0.0005824147	0.0017207805	0.002419668	0.0021616265	0.001117822	0.0018513236	0.0016768258	0.0009074287	0.0011839297	0.0029217338	0.00040558307	0.00327843	0.00032689294	0.0016687098	0.00095688493	0.0004534022	0.002272399	0.00031684717	0.0008404319	0.0010877677	0.0023765403	0.0049781017	0.0066392007	0.00043874804	0.0066392007	-20.83916664123535
s04e17a	320.0	5.0	0.9177068	0.9177068	0.077488676	0.12149737	0.0010733217	0.004110298	0.01664163	0.0045071947	0.01199529	0.006825193	0.0004661046	0.00032523175	0.0033625942	0.0041758325	0.0014326429	0.00024679975	0.001943443	0.00014562618	0.0021951746	0.027436074	0.013740239	0.013740239	0.00046149784	0.0026163866	0.00059039274	0.002873338	0.046102248	0.0065772193	0.0025076247	0.00041452766	0.00035324978	0.00036773307	0.0014831072	0.00057444966	0.0003443768	0.0014952829	0.00027733998	0.00023658766	0.00085734867	0.00022955859	4.9461967e-05	0.00085734867	0.0007217323	0.0012759264	0.002251649	0.00011388714	0.00014956361	0.00037368393	0.00026366735	0.0020760954	0.0006296103	0.005579698	0.00030431693	0.0015349196	0.001094003	0.0019651682	0.0002858745	0.009688024	0.00087735034	0.000551018	0.00056678144	0.00017534553	0.0010149543	0.0013450633	0.00028669168	0.001753539	0.0029291261	0.009691327	0.008366801	0.00055976777	0.03186671	-21.695430755615234
s04e17a	325.0	5.0	0.8515096	0.8515096	0.057891086	0.03946847	0.00070418045	0.004317813	0.2982151	0.011940344	0.010287223	0.003727835	0.0011586425	0.00021577983	0.0049128644	0.0035878313	0.02545045	0.0040045795	0.002579883	0.00095208373	0.0013186383	0.04088871	0.004874842	0.0043560844	0.004874842	0.000797924	0.00040925524	0.000797924	0.043499116	0.0048429524	0.0019133058	0.0010637429	0.00036110036	0.0010238775	0.0017735527	0.00025627555	0.00034518572	0.0034417736	0.0029196383	0.0034417736	0.0026772576	0.0025025299	0.0029628992	0.0026772576	0.0013614661	0.0047696824	0.009438059	0.0014994293	0.0007122447	0.00053028506	0.0127144335	0.0023693906	0.005087856	0.014785227	0.00021948577	0.0015606559	0.00077500986	0.0043744585	0.00044524303	0.0018797152	0.0009808391	0.0009416541	0.00033060374	0.0010132944	0.0037724646	0.0012938195	0.0041763023	0.027480872	0.004723809	0.0029549904	0.004804198	0.00026969402	0.027480872	-21.8420524597168
s04e17a	330.0	5.0	0.87695646	0.87695646	0.008900953	0.17403227	0.00093700207	0.0022950668	0.059059825	0.0040956773	0.007085363	0.031870037	0.0010021662	0.00021564489	0.002078992	0.0015469585	0.0020878431	0.0033672124	0.0035402924	0.0011054713	0.0009917599	0.002705241	0.005935904	0.005935904	0.00079034636	0.0028779812	0.0009377028	0.0028779812	0.045675598	0.0070130504	0.0020449453	0.00097370613	0.0002288213	0.00077766203	0.0018002763	0.00043876082	0.00046197034	0.0036193375	0.0012527663	0.0036193375	0.0021390233	0.0013822786	0.0012140145	0.0021390233	0.0012208261	0.001890907	0.0056317793	0.0004295527	0.00028306933	0.0005319149	0.0024983897	0.00074438285	0.0020567381	0.00972877	0.0015491829	0.0019143041	0.0010926843	0.0049335617	0.0033740702	0.0142996805	0.00047960962	0.00059625093	0.0012968434	9.8865334e-05	0.0031102886	0.00073318847	0.00041023098	0.0021626924	0.0012713058	0.00799349	0.0045382334	0.00037926596	0.004685806	-21.504838943481445
s04e17a	335.0	5.0	0.8672117	0.8672117	0.047824856	0.051115997	0.0057130405	0.006595674	0.037271135	0.017111562	0.002051783	0.030443516	0.0030102904	0.0014874862	0.012206367	0.0023784542	0.012819145	0.0022130988	0.0012272431	0.00017149124	0.0017159047	0.031878497	0.006157843	0.006157843	0.0018499177	0.004355216	0.0022702883	0.004355216	0.0145859495	0.003731325	0.001272542	0.0005803677	0.00035841015	0.0005266693	0.0016395757	0.0005151822	0.00036657415	0.0029358824	0.0029358824	0.0018528345	0.0077439058	0.0031769685	0.0006005344	0.0077439058	0.0016455512	0.007051642	0.0067687286	0.00073021767	0.0013837887	0.002357105	0.0037998704	0.0025013278	0.00085614616	0.001455171	0.000521686	0.0006435788	0.00038541752	0.007007056	0.0004060756	0.010852477	0.00047629335	0.0015863095	0.0066613797	0.00037798405	0.0021649532	0.0004934375	0.0013059163	0.0027342467	0.0016792518	0.0045731305	0.0032733434	0.0003597831	0.0032733434	-22.25418281555176
s04e17a	340.0	5.0	0.8978391	0.8978391	0.018452978	0.09685791	0.00027517127	0.0050378554	0.0093022315	0.004651446	0.003871492	0.008264169	0.0009818658	0.0001905708	0.00027279003	0.01107146	0.0009045605	0.00084144203	0.0006784636	0.001771618	0.003025107	0.03767263	0.016086759	0.009691813	0.0012307239	0.0019029098	0.0014001701	0.0019029098	0.046440914	0.0038404271	0.0015764387	0.00070613093	0.00034995482	0.00063033745	0.0018042567	0.00042505373	0.0005097067	0.0014422374	0.0012836502	0.0014422374	0.0022649276	0.0014633755	0.00083779776	0.0022649276	0.0010563699	0.009245134	0.040491395	0.0015451501	0.0013668382	0.0016785254	0.009456734	0.0023606531	0.0029264367	0.0073733497	0.00049767224	0.00087062246	0.0007385844	0.0029293895	0.00026898886	0.0020476251	0.00020661563	0.0011318469	0.0009481677	0.00035017676	0.0020261903	0.0006804525	0.0037532735	0.0018230279	0.0007009943	0.0024768915	0.0016997398	0.0010861631	0.0037532735	-20.737133026123047
s04e17a	345.0	5.0	0.8363695	0.8363695	0.055966422	0.090783864	0.0008037416	0.011210941	0.06956726	0.011022617	0.0051674517	0.0122031765	0.0007056772	0.0010721872	0.0006158932	0.0059589446	0.00061765703	0.0006672665	0.004994117	0.0004551408	0.04127999	0.040597253	0.007361044	0.0016212134	0.00051417283	0.0027140856	0.00097191724	0.0027140856	0.033771746	0.0058275242	0.002540972	0.001334014	0.00059642177	0.00094736536	0.0025728594	0.0005888226	0.0008536535	0.0047313836	0.0014179271	0.0047313836	0.012278682	0.0027600073	0.0005365742	0.012278682	0.00095609896	0.0053441636	0.011477948	0.0010330396	0.000888614	0.00323481	0.003619793	0.0016173196	0.0010552272	0.0025456836	0.0010406466	0.0005767437	0.00059239875	0.0037736578	0.00034096622	0.0019454957	0.00018042547	0.003488924	0.003355309	0.00025820328	0.0012523618	0.00030935626	0.00085858477	0.0009120778	0.0005661697	0.00591874	0.0015103639	0.0008748964	0.002709406	-20.235788345336918
s04e17a	350.0	5.0	0.86252093	0.86252093	0.017695209	0.08613175	8.84111e-05	0.0030118881	0.061343767	0.0010826358	0.0017061724	0.009342165	0.000944899	0.000407145	0.0016165475	0.0020274818	0.0012562972	0.0011668286	0.0011859518	0.00035480215	0.021166587	0.014143662	0.0070850207	0.0042172656	0.0005274618	0.0027489301	0.0011397718	0.0027489301	0.07544493	0.006265516	0.0025579883	0.0011116285	0.00039249836	0.00080522534	0.0017384638	0.0005269377	0.0004396279	0.0032847263	0.0011597328	0.0032847263	0.010949446	0.0030483261	0.0007176648	0.010949446	0.00090687803	0.005240773	0.034075823	0.0024178573	0.001842855	0.0016709467	0.005818349	0.0019238081	0.0013666202	0.0017436392	0.0005098612	0.00031690154	0.00031931317	0.0046872697	0.0013065533	0.0042221686	0.00012254364	0.0025680403	0.00085845223	0.00019969905	0.0010040202	0.00023328506	0.0010013102	0.00124116	0.0008469158	0.015687311	0.0016660746	0.00059068116	0.0032578614	-20.48263168334961
s04e17a	355.0	5.0	0.8564196	0.8564196	0.0028016355	0.1091947	0.00017788535	0.0005586096	0.023682171	0.00046307498	0.0010333306	0.048924696	0.0007132272	0.0002949273	0.0024183448	0.0014961859	0.0031074362	0.0018727054	0.00062190474	0.00094548037	0.0010230927	0.0022721111	0.049097072	0.008248509	0.0011276648	0.007339258	0.0021839433	0.007339258	0.08826342	0.0038693503	0.001562409	0.00095809594	0.0002831627	0.00094244984	0.0016390426	0.0009886294	0.0005913853	0.00830853	0.003678862	0.00830853	0.0068813167	0.008307768	0.0030334466	0.008307768	0.0007856858	0.009311504	0.04976648	0.0023987223	0.001138828	0.0013741042	0.033724867	0.0013488971	0.013198275	0.0064867516	0.0021902046	0.0008885759	0.0007548195	0.0033120827	0.002961201	0.0058076014	0.0005610636	0.0013281532	0.00079692435	0.00071958953	0.005552418	0.0004903853	0.00072927395	0.0011998083	0.0013734585	0.028701548	0.00073032617	0.000207962	0.013437601	-20.30246353149414
s04e17a	360.0	5.0	0.90360236	0.90360236	0.025083106	0.13283764	0.00034521768	0.004066822	0.027188476	0.0034201466	0.0028934798	0.046071213	0.00082033616	0.0002481861	0.006112848	0.0030849106	0.0014872114	0.0010662529	0.0023631533	0.0010189498	0.0052929022	0.06342533	0.02866542	0.02866542	0.0009908684	0.0032193826	0.0014255892	0.0032193826	0.056477383	0.008376959	0.002783105	0.0013457475	0.0004404429	0.0011479062	0.0021759495	0.0004437881	0.0005486411	0.0017571527	0.0004615139	0.0017571527	0.0037382764	0.00065845327	0.0004189548	0.0037382764	0.000607598	0.0017870637	0.0034797017	0.000382914	0.00030329102	0.0008447309	0.0019703282	0.0015428307	0.0008862283	0.004382661	0.0023304904	0.0012898723	0.00059129513	0.0023992988	0.0015160996	0.0063351146	0.00022004063	0.0008514155	0.001134243	0.000114576644	0.0019479184	0.00068213843	0.0002792828	0.0011228347	0.0012146276	0.0038713193	0.0030441035	0.0002470884	0.0030441035	-22.49493789672852
s04e17a	365.0	5.0	0.714092	0.714092	0.009142002	0.0031550035	0.00042060626	0.0057505434	0.12819815	0.0003048111	0.0070363265	0.0042089596	0.0013784721	0.00026140307	0.0015383061	0.0064536706	0.0003416331	0.0007712392	0.0026518372	0.0006231917	0.0071087293	0.018027436	0.0056003565	0.0015370307	0.0006481178	0.0033292181	0.002860617	0.0033292181	0.7187417	0.0124711925	0.0044548674	0.0011347639	0.00036105595	0.0006281186	0.014353488	0.0010334792	0.0025676591	0.0036992254	0.0036992254	0.00054797577	0.004010632	0.013970534	0.00015688628	0.013970534	0.00066653016	0.016167853	0.044218324	0.0059352485	0.0022988261	0.0010272773	0.009435835	0.0031554322	0.0024206017	0.0044775507	0.011783928	0.0018166881	0.0005381479	0.00030042668	0.0013884889	0.0010133972	0.00029709924	0.0008162137	0.0005962157	0.00017970659	0.0009285936	0.00036645186	0.001085085	0.0065749013	0.0013601409	0.0042386698	0.0064472198	0.00011476134	0.01134423	-20.56689071655273
s04e17a	370.0	5.0	0.7634052	0.7634052	0.004367125	0.009117957	0.0080903545	0.0079894	0.018589508	0.008305906	0.006351534	0.10370361	0.0052364436	0.00046410642	0.005448014	0.009240143	0.0069780117	0.0009708062	0.0030057945	0.0031165564	0.0012008488	0.010178883	0.037300047	0.037300047	0.002340118	0.0059360447	0.004786058	0.013521637	0.6281154	0.016032021	0.004070818	0.0015051371	0.000483172	0.0013191642	0.028879292	0.003784359	0.003658202	0.0086020855	0.0086020855	0.002519988	0.004567603	0.010648874	0.0019666634	0.010648874	0.002404725	0.009249625	0.049829636	0.012737691	0.0057673263	0.0014005316	0.043555457	0.02003427	0.002369875	0.0068148924	0.0005931861	0.0052724937	0.00084354164	0.0016132933	0.0008996598	0.00090833614	0.002303575	0.0012674314	0.0005497862	0.00043034044	0.004970132	0.002893422	0.008826059	0.007571083	0.0036013797	0.010607883	0.009435639	0.0003804347	0.014985509	-21.018028259277344
s04e17a	375.0	5.0	0.8771013	0.8771013	0.0113782715	0.0943624	0.001387627	0.0032491002	0.38019207	0.00954568	0.004423961	0.00977819	0.0005079698	0.0003230057	0.0033129815	0.002033841	0.0046461835	0.0038438966	0.0009790754	0.00060905295	0.0009188421	0.040996008	0.011365234	0.0035490033	0.002775997	0.0021753502	0.002027093	0.0021753502	0.1736024	0.011575186	0.003330264	0.0010711715	0.00035109767	0.0011647897	0.0030819145	0.00055378006	0.001029701	0.0005748007	0.00026584422	0.00031058505	0.00078889413	0.00040070104	0.00017077978	0.00078889413	0.000604948	0.002132484	0.007173509	0.00021673366	0.0011620611	0.00049131707	0.0025153356	0.0012422032	0.002148529	0.0051554027	0.00073430303	0.0018457316	0.00047015594	0.007580914	0.00059441506	0.008328301	0.00070880185	0.000753196	0.00047124628	0.00042765058	0.0011772134	0.000612721	0.00092651154	0.0031034802	0.0033861059	0.0032882642	0.0045760702	0.00026266772	0.0045760702	-22.10974884033203
s04e17a	380.0	5.0	0.8692453	0.8692453	0.0044832677	0.2789192	0.010868028	0.00062112755	0.048110694	0.02545586	0.002155813	0.11964445	0.00045452776	0.0014212135	0.0033324186	0.0011215798	0.004591858	0.0010610021	0.005193835	0.0006175778	0.00011883307	0.00026934585	0.0043880576	0.0043880576	0.00037365273	0.001990852	0.0018375018	0.001990852	0.04222212	0.0032941832	0.0018065632	0.0007118175	0.0005158507	0.0007046715	0.0017847312	0.0020599647	0.0004952597	0.0012085452	0.00062817754	0.0005882753	0.00079393067	0.00034375422	0.00027526627	0.00079393067	0.00038368098	0.0012155703	0.0027580708	6.792113e-05	0.00020108851	0.00076190283	0.0007406037	0.0009415524	0.0009362699	0.0012312914	0.0008753563	0.00059808936	0.000534567	0.006242513	0.004874305	0.051984817	0.00027531665	0.0027170365	0.010486128	0.00016862349	0.0027307174	0.0008444826	0.00078807626	0.0009649383	0.00072161126	0.0049875607	0.0011034008	0.00064517715	0.003018123	-22.471906661987305
s04e17a	385.0	5.0	0.9031079	0.9031079	0.0037074434	0.2997777	0.0005700956	0.000640526	0.002908105	0.0018295185	0.003017374	0.08818197	0.00014980012	0.00013649618	0.001385633	0.0036770185	0.00342219	0.0006188694	0.006058467	0.00047534722	0.00015061193	0.0009383905	0.0055404743	0.0055404743	0.00052116066	0.0016816333	0.0014096816	0.0016816333	0.02842562	0.0027720712	0.0012566335	0.0006730532	0.00037843978	0.00046113154	0.0014317428	0.0013275411	0.00043945733	0.0009919675	0.0005477003	0.00047446627	0.00031722046	0.0002100853	0.00014617668	0.00031722046	0.00094840536	0.0011435803	0.005647454	0.00017426329	0.00017634971	0.00039368967	0.001132618	0.000755171	0.0010157818	0.0032186941	0.00058706326	0.0018815803	0.0015079905	0.0011962263	0.0024818587	0.07390419	0.000598715	0.0005670481	0.002757444	0.0001716735	0.0041349814	0.00088796316	0.00022527088	0.0003335181	0.00082699687	0.008845365	0.0007164918	0.00023216273	0.010554572	-22.27254867553711
s04e17a	390.0	5.0	0.76753175	0.76753175	0.07209196	0.009788496	0.0009379355	0.003791256	0.27918848	0.0016195448	0.0022999975	0.0057731615	0.0009086408	0.0005184127	0.002458799	0.0017188281	0.001149537	0.001744433	0.0015210059	0.00032213662	0.0038801397	0.08864842	0.008553396	0.0018403139	0.008553396	0.0016729173	0.00072797615	0.0016729173	0.03637894	0.008475003	0.0028367294	0.00082259363	0.00052365015	0.0014082044	0.0041079507	0.00078639586	0.00032242358	0.00110755	0.00110755	0.0009035187	0.004073605	0.0027449697	0.00039304	0.004073605	0.0008713785	0.0061960956	0.006499468	0.0015035084	0.0020606627	0.0014287682	0.007045008	0.0014447689	0.002159095	0.0027350697	0.0001665273	0.00063054054	0.00046671147	0.0015309404	0.00016744809	0.00065396546	0.0008533639	0.00076627306	0.0006910655	0.0011729829	0.0017487528	0.00061312824	0.0019787129	0.00506941	0.0015029007	0.0033651204	0.0021829656	0.00020912959	0.0059646014	-20.84400177001953
s04e17a	395.0	5.0	0.86765444	0.86765444	0.016028034	0.041847315	0.000660118	0.0075098914	0.20819694	0.014032994	0.0025705246	0.008095253	0.0014097005	0.00054084114	0.0018673846	0.0026696522	0.10772284	0.001046327	0.001307284	0.00093237346	0.0006407599	0.08291496	0.018409628	0.018409628	0.0022935802	0.0028582187	0.000961451	0.0028582187	0.075269714	0.010750705	0.0075612725	0.0010870446	0.00063713023	0.0011322555	0.0031812177	0.000698448	0.00083639467	0.0021392473	0.002072485	0.0021392473	0.0047350093	0.0027155355	0.00125129	0.0047350093	0.0011906889	0.009614591	0.01836968	0.0005648443	0.00089859887	0.0009600085	0.004518668	0.0024313626	0.004271979	0.0024514522	0.0017879171	0.0007107713	0.00067340065	0.0033088855	0.0005532857	0.0052322405	0.00054948835	0.0013367484	0.0012638055	0.0008231504	0.002781454	0.0006056712	0.0024115248	0.0038311058	0.002086537	0.005642778	0.0019224471	0.00023440878	0.0038311058	-21.9306755065918
s04e17a	400.0	5.0	0.81538844	0.81538844	0.008009205	0.03558648	0.023249341	0.0062850374	0.14076163	0.015135931	0.0070042037	0.2730067	0.0029496145	0.00062016136	0.00467517	0.004565702	0.004091554	0.004202134	0.008345993	0.00038359355	0.00081093586	0.0016013104	0.005789148	0.004098113	0.002613648	0.0032614234	0.002049652	0.0032614234	0.06548813	0.0028700475	0.0012084318	0.00041774122	0.0002179875	0.00041382824	0.0013879574	0.00040844377	0.0007180636	0.001562815	0.00061462336	0.0012563104	0.003120811	0.0004339315	0.0004217391	0.003120811	0.002122538	0.0019409613	0.0087150745	8.389806e-05	0.00051428017	9.096758e-05	0.0013925027	0.007843315	0.001853616	0.0016689958	0.00039248157	0.0017459316	0.000841458	0.0019008965	0.00057407387	0.0034603078	0.00048567358	0.00045684428	0.0016860234	0.0004290023	0.0019243199	0.0005015827	0.0021822616	0.0049403054	0.0006150731	0.009119482	0.0013619341	0.0012476167	0.004981338	-21.466777801513672
s04e17a	405.0	5.0	0.8987949	0.8987949	0.04371092	0.015541079	0.0003105063	0.01000988	0.10767203	0.009602398	0.0062927343	0.0030467429	0.0004161954	0.00038628635	0.00046722294	0.004699532	0.0017027493	0.0007177623	0.0019178056	0.00040003486	0.0072339214	0.18085113	0.0030666487	0.0030666487	0.0011306582	0.0008975352	0.0006001356	0.0014585846	0.038006075	0.0066927685	0.0045662853	0.001152957	0.0004278141	0.0012275056	0.0027761105	0.0005708487	0.00079642783	0.0022041511	0.0022041511	0.0010473601	0.009271656	0.0044209906	0.00043139808	0.009271656	0.0010534663	0.019329935	0.019435994	0.001803072	0.0008450956	0.0008739321	0.0032457877	0.002594548	0.0022717891	0.003071015	0.0005686954	0.00028270978	0.0005028481	0.00094129046	8.128746e-05	0.0007186178	0.0003022259	0.0020493192	0.00041491826	0.00023063665	0.0009976793	0.00040970923	0.001462965	0.0024996581	0.0006221333	0.004883278	0.0009240149	0.00079907785	0.0027535316	-19.283672332763672
s04e17a	410.0	5.0	0.88405997	0.88405997	0.018482743	0.017996063	0.007881721	0.0173243	0.09672433	0.04504806	0.010093545	0.1098826	0.0012545921	0.00061406504	0.0012166933	0.0028982137	0.0021522464	0.0031723208	0.003694871	0.000766227	0.0020940187	0.08994671	0.014536023	0.005383985	0.0011144876	0.001741903	0.001076125	0.001741903	0.082860045	0.0060891355	0.0026347295	0.0008118412	0.0002848526	0.0010740034	0.0020282867	0.0010335693	0.0019525756	0.0013138714	0.0009676781	0.0013138714	0.007114136	0.0015014574	0.00046718642	0.007114136	0.0012307403	0.004900106	0.0059910007	0.00019316234	0.000655224	0.0006794407	0.0020891093	0.0024342593	0.001483007	0.0034824729	0.0033320119	0.00088849885	0.00037531354	0.0013707725	0.00021046102	0.00075279776	0.00041521975	0.0012055718	0.0015138923	0.0004033858	0.0022353597	0.0006044083	0.0016689164	0.00444164	0.0010840498	0.009994619	0.001485394	0.0016519238	0.00444164	-19.967626571655277
s04e17a	415.0	5.0	0.8511683	0.8511683	0.004385944	0.10343812	0.0013082966	0.0010707827	0.0028568355	0.009609062	0.0036643075	0.17861474	0.00038093227	0.00028634095	0.00092370366	0.0016127412	0.0023192181	0.000744837	0.0017289574	0.0002555772	0.000111903886	0.00060009013	0.017470006	0.006967879	0.0017475495	0.002095812	0.004526152	0.004526152	0.08811044	0.0044616526	0.0015780734	0.0008357753	0.0007599761	0.000733193	0.0013814777	0.0012084116	0.0015929738	0.004324953	0.00094304676	0.004324953	0.0022194616	0.0007948796	0.0010711867	0.0022194616	0.001904885	0.0033027048	0.012544649	0.00024182347	0.00033103648	0.000882183	0.0008441878	0.0018493086	0.00083679846	0.0017023489	0.0012503262	0.00094316714	0.0006224951	0.003434601	0.0013291441	0.0033792483	0.0002779422	0.0006683962	0.004439393	9.1202535e-05	0.0024384093	0.00027216293	0.00037062235	0.0004120629	0.0005050693	0.004399952	0.0014439841	0.00078664697	0.0024384093	-21.341636657714844
s04e17a	420.0	5.0	0.8228945	0.8228945	0.0026020082	0.2449404	0.0011491446	0.0007666982	0.0051363157	0.002173065	0.0047966805	0.068275355	0.0003037717	0.00016528595	0.0019917483	0.0026366147	0.011351718	0.0003613991	0.0022558128	0.00059474236	0.00016108865	0.0003929012	0.072005585	0.072005585	0.00076419476	0.0034142793	0.0010779492	0.0034142793	0.11637358	0.008335266	0.0031126714	0.0011907683	0.00059398974	0.0009605775	0.0012196103	0.0023391363	0.00076966296	0.0011736953	0.00051765965	0.0007722916	0.0008855804	0.00037538382	0.00022811527	0.0008855804	0.00039746406	0.0012561764	0.00206694	5.857512e-05	0.000102659666	0.00037494677	0.0006906106	0.0008103812	0.00046380394	0.0012244193	0.0018968036	0.0014467645	0.002524005	0.003024454	0.003087105	0.040065832	0.0002761113	0.00043431035	0.0011290847	8.0689315e-05	0.0018495339	0.0003452657	0.00014286807	0.00032693162	0.0011879151	0.006485501	0.0026538204	0.0002474168	0.0027268843	-22.45606231689453
s04e17a	425.0	5.0	0.8155037	0.8155037	0.054851938	0.02426925	0.00018974456	0.0034176395	0.13223095	0.0014845541	0.0010569551	0.0021548069	0.00017870938	0.00034658122	0.0035705348	0.0023284925	0.0022098813	0.0013068328	0.0007151902	0.00025531466	0.0011106065	0.09819977	0.011775546	0.003968116	0.003955982	0.008560123	0.0030423256	0.008560123	0.015105793	0.0026268847	0.0014260692	0.0004251575	0.00037755296	0.0005987236	0.0014607857	0.00022538539	0.00017314877	0.0014611648	0.0014611648	0.00065745594	0.0022230484	0.0012082977	0.0003204498	0.0022230484	0.0013301927	0.006635874	0.015552143	0.0012366746	0.0013636058	0.00034856686	0.0012248509	0.0039524063	0.012450809	0.0015942379	6.011073e-05	0.000682446	0.0018792661	0.001629104	5.5394445e-05	0.00067260826	0.0014947612	0.0012656876	0.00046465534	0.0006324683	0.0010899231	0.0005437233	0.0012274986	0.0011818244	0.00091200834	0.002212244	0.0013199709	0.00014858069	0.0018792661	-25.697349548339844
s04e17a	430.0	5.0	0.79866874	0.79866874	0.011278318	0.041494068	0.00029690756	0.0051997816	0.14422655	0.001085496	0.0019235737	0.02332196	0.00085305946	0.0005656158	0.0052792053	0.0022731405	0.0042645335	0.0022132085	0.0022970627	0.0007382973	0.004021374	0.036057904	0.104949094	0.104949094	0.0020833474	0.0065517635	0.0020926988	0.0065517635	0.031180136	0.0046635442	0.0024481253	0.0007857693	0.0003890915	0.00082484086	0.0014887133	0.00079177675	0.0006825338	0.0010390744	0.0008396551	0.0010390744	0.004066608	0.0009118254	0.00024507302	0.004066608	0.0006750324	0.0018425866	0.008462806	0.0006329173	0.0011866649	0.00096407265	0.003340923	0.0031504747	0.002118649	0.0026642238	0.005879948	0.0013204028	0.00047007998	0.0014730506	0.0013986436	0.0059594666	0.0007019984	0.000914104	0.0012044425	0.000467031	0.0037395554	0.00053226226	0.001155837	0.0061610127	0.0016825557	0.0044679474	0.0025482022	0.0003079779	0.0061610127	-22.509679794311523
s04e17a	435.0	5.0	0.8625812	0.8625812	0.007252862	0.16183102	0.0010939712	0.0003134643	0.001468138	0.0011490067	0.0011785273	0.12816796	0.0004157485	0.0002910014	0.005257243	0.0046244147	0.0023401491	0.00057914923	0.0023152472	0.00012892485	0.00010587185	0.00053563295	0.044354197	0.030089121	0.0014627372	0.010784247	0.007453568	0.0292094	0.08571694	0.0028492769	0.00058082066	0.0005925188	0.000333267	0.00057996874	0.0009430197	0.00055736717	0.0006107917	0.0053963764	0.00071026507	0.0053963764	0.0015263408	0.00042188648	0.0007849857	0.0015263408	0.0050796415	0.0018588259	0.0024334928	0.00011443558	0.0001374482	0.00041335414	0.001474722	0.002899115	0.0005824821	0.0013049565	0.00077419425	0.0015251653	0.001493652	0.0027176852	0.0025720787	0.032161877	0.00036806872	0.00045406807	0.0014869863	0.00015294194	0.0050771167	0.00034461558	0.0003986442	0.0003916953	0.00086272036	0.011858143	0.0008790913	0.00042898575	0.0050771167	-23.49092674255371
s04e17a	440.0	5.0	0.7999561	0.7999561	0.001941462	0.08407791	0.0011424919	0.00025858538	0.0007952368	0.0008085454	0.0049168053	0.15200904	0.0010504968	0.00020487755	0.0010971726	0.003216434	0.0010684116	0.00041414017	0.010589591	0.0008851535	0.00020012526	0.0002763744	0.016659923	0.009418718	0.0009799312	0.003791991	0.0036126664	0.003791991	0.06084688	0.004342036	0.0013845315	0.0009007333	0.00058375736	0.000955812	0.0016408727	0.001512772	0.0007065241	0.003880685	0.0008185628	0.0027564699	0.0025400913	0.00061925943	0.00070797384	0.0025400913	0.0015774319	0.0024981056	0.00847819	0.00022698233	0.00027049592	0.0011354862	0.0013103292	0.001512772	0.0015422433	0.0008131764	0.0016502764	0.0010745724	0.0003948921	0.0019085656	0.0022090718	0.00938561	7.205363e-05	0.0007833914	0.001677391	0.00012878282	0.0040543997	0.00031158602	0.0002425957	0.00043052094	0.00055137684	0.0036295678	0.0013444703	0.0010208363	0.0040543997	-21.97942924499512
s04e17a	445.0	5.0	0.7758552	0.7758552	0.008344837	0.16550589	0.0002652108	0.0010596788	0.034062658	0.0034009847	0.0033505699	0.04315514	0.0006861767	0.0002281775	0.008374409	0.0013303979	0.0011067748	0.0013212803	0.0021960898	0.0005944505	0.0016011068	0.0025095886	0.0055395155	0.0018652902	0.0021134254	0.0012200275	0.0010902456	0.0015192182	0.018956246	0.0023896522	0.0007121378	0.00044580575	0.00013349585	0.00028660585	0.0005009942	0.0012482343	0.00042488644	0.0035911482	0.0017770445	0.0035911482	0.011519008	0.004994269	0.0005589813	0.011519008	0.0013066255	0.0029633753	0.029015725	0.002113389	0.0020153816	0.0014694065	0.008662127	0.0012482343	0.0054408642	0.0044068964	0.0010507972	0.000995083	0.00095263415	0.007093479	0.06074521	0.013359472	0.00014893105	0.0011714168	0.0005664531	0.0006356536	0.0037273655	0.0011864321	0.00049427355	0.0004653308	0.0021151407	0.014732808	0.0011604545	0.00037598246	0.0037273655	-20.87618064880371
s04e17a	450.0	5.0	0.7970363	0.7970363	0.038615156	0.0028358542	0.00031991588	0.008061668	0.08660396	0.0017634284	0.003555665	0.0017734118	0.00046652247	0.0007206533	0.0013586229	0.011912429	0.001715654	0.0017629494	0.0013803625	0.0008731272	0.007862106	0.06398868	0.006990043	0.0061487216	0.0033691318	0.0074214535	0.001368527	0.0074214535	0.057975773	0.010148875	0.0034669258	0.00080614584	0.00026693736	0.00080329285	0.008542578	0.00046600556	0.00043930742	0.007039462	0.007039462	0.0047750752	0.005298569	0.0074617453	0.0067686453	0.009690797	0.0029965348	0.017153902	0.015283187	0.0031565996	0.0016298566	0.0011942157	0.026611164	0.003947611	0.0078916075	0.013838865	0.0001929109	0.0015936822	0.004091074	0.002132907	0.000109080866	0.0003307289	0.00055046	0.0008797219	0.00029255418	0.0014652391	0.0011409889	0.00043575765	0.023503311	0.009400779	0.0011626817	0.0034275283	0.0025597333	0.00058417756	0.023503311	-20.67557144165039
s04e17a	455.0	5.0	0.9008267	0.9008267	0.3624313	0.008926592	0.00017174782	0.0037188244	0.2869266	0.00084372296	0.001767995	0.0005369329	6.702759e-05	0.0002860738	0.0007558939	0.0011821666	0.0010852659	0.0003766287	0.0016986125	7.976651e-05	0.0086885365	0.08433077	0.003734345	0.0005019488	0.003734345	0.0015685817	0.0007241201	0.0022922102	0.020614706	0.009321899	0.006818957	0.0014111297	0.0003313497	0.0017363102	0.003473284	0.0005481364	0.00016283218	0.0015862301	0.001442041	0.0007545074	0.0027996833	0.0046348805	0.00030142078	0.004747653	0.0006199619	0.0063448744	0.005172045	0.0010075273	0.00017553555	0.00043446897	0.0018627617	0.0007740518	0.0017055398	0.0020519383	0.00025028602	0.0006934722	0.00042966122	0.0017204226	0.00039966626	0.0011314373	0.00054787885	0.000549514	0.00026981515	0.00024970205	0.0014433084	0.0042720116	0.00046984994	0.001018193	0.0010236162	0.0019328586	0.003666972	0.00040637917	0.0042720116	-24.05298614501953
s04e17a	460.0	5.0	0.8875958	0.8875958	0.0053553474	0.049099643	0.0010636927	0.00088683097	0.0016592409	0.001198794	0.0010404969	0.0460975	0.0006778684	0.0002603291	0.0011978854	0.004870391	0.0021914847	0.00041539615	0.00057069364	0.00037784642	0.00012297464	0.0005680778	0.0062363073	0.0062363073	0.0019452049	0.010387824	0.0030551564	0.010387824	0.11087059	0.005537031	0.0012408025	0.00043122045	0.00031040743	0.0007104364	0.002905573	0.0012499939	0.0003784815	0.0038607037	0.00066407473	0.0017291534	0.00065965514	0.00040414813	0.0004481827	0.00065965514	0.0011985822	0.0018819583	0.004460035	8.5544656e-05	0.0005095143	0.000784856	0.00071865035	0.001384811	0.0006546903	0.0041681775	0.001784106	0.0021548737	0.0007542432	0.003765775	0.0008136247	0.030337475	0.00041015432	0.002091577	0.0016406	0.00014470638	0.0026276107	0.0016003075	0.0012691517	0.0013452921	0.002105524	0.007337677	0.0029893962	0.00025289823	0.004906104	-21.65830421447754
s04e17a	465.0	5.0	0.88900775	0.88900775	0.0140117	0.16771679	0.00069874723	0.0027422209	0.06861769	0.001770469	0.0024341042	0.023577275	0.0015470493	0.0009771395	0.0050309696	0.004370205	0.0029669334	0.0010576849	0.0015387031	0.0013970254	0.0016517979	0.027348088	0.016326645	0.0035666449	0.0026449403	0.0014326881	0.0011636739	0.002620643	0.08604445	0.005656547	0.0021238087	0.0014678107	0.0006838783	0.001343078	0.005166461	0.00041928721	0.0007864753	0.0032002297	0.002649897	0.0023593095	0.0056260726	0.004163792	0.0008151046	0.0056260726	0.0015385383	0.004601821	0.008193255	0.0007473222	0.00039876372	0.0012636706	0.0025596383	0.0016746751	0.0023278422	0.0025849482	0.0021889054	0.0010446835	0.0004954207	0.0039950814	0.0024100693	0.010177638	0.001530974	0.00090245437	0.0006797752	0.0005820251	0.0019495534	0.0011315995	0.0006790209	0.0008726814	0.0017973857	0.008317261	0.0048869965	0.00029564239	0.0048869965	-20.760705947875977
s04e17a	470.0	5.0	0.84000176	0.84000176	0.07038196	0.010574199	0.001532793	0.007909267	0.19404301	0.0028274	0.0033544193	0.0013961091	0.0015660372	0.0006505781	0.0018139931	0.010508312	0.0030496076	0.0005313772	0.0015070373	0.0005800226	0.0065794038	0.17681068	0.0071327463	0.0064417976	0.001809446	0.002934681	0.0017746658	0.0030954576	0.030021286	0.010619033	0.006817062	0.001001814	0.00037215414	0.001128861	0.00601703	0.00039781697	0.00028117493	0.0014533264	0.00093008747	0.0012983981	0.0030800106	0.0016205814	0.0004715617	0.0030800106	0.0012138787	0.0068727224	0.0072011854	0.0006000867	0.00038714567	0.00048321232	0.002008836	0.0014185112	0.00233764	0.008222396	0.000592817	0.0013244357	0.0007664009	0.0118337395	0.0005311291	0.0047109025	0.0009428648	0.00074450445	0.001133918	0.00032435358	0.0025039501	0.0028259929	0.0020080332	0.0035741448	0.002103245	0.0030045186	0.0048392857	0.00029378315	0.0059781787	-20.76314163208008
s04e17a	475.0	5.0	0.75143045	0.75143045	0.03497815	0.0012799986	0.0003598428	0.00044452486	0.0022259695	0.00048875966	0.00063834916	0.0021662659	0.00083408866	0.0001756546	0.0012619591	0.03362046	0.001993479	0.00010823673	0.0009071913	6.1492894e-05	0.00012934733	0.0013502358	0.01765435	0.0029013737	0.0004015419	0.0064478978	0.0028059524	0.031049555	0.006699115	0.0031100148	0.0016667474	0.00021029412	0.00031257886	0.000261624	0.00085949665	0.00025028936	8.295866e-05	0.008147874	0.0021195041	0.0010884171	0.0010907952	0.00038134083	0.00016893634	0.0010907952	0.018862855	0.005185908	0.010646638	0.00015402991	0.0012407392	0.0003512835	0.00036681467	0.004788686	0.001165983	0.016003102	5.6481775e-05	0.003632746	0.0015348113	0.007970821	9.8842145e-05	0.008707556	0.012093148	0.0011659042	0.0020393692	0.00028773278	0.008417398	0.0052153813	0.0014947228	0.0025871128	0.0015822713	0.0176114	0.00092664926	0.00026032067	0.121601395	-23.002073287963867
s04e17a	480.0	5.0	0.9144004	0.9144004	0.05132196	0.08305025	0.00062285917	0.0075273127	0.1300176	0.004744898	0.0018383634	0.0062705767	0.00016149251	0.00031427163	0.00097413757	0.007142563	0.002880733	0.0002935578	0.0015896374	0.00032054938	0.0033942242	0.3349905	0.0031908858	0.0031908858	0.0012408752	0.0011319526	0.000679966	0.0025108664	0.024202146	0.0054969382	0.0026731892	0.00075652654	0.00039231265	0.00088842906	0.0023027367	0.0002478699	0.00027539805	0.00081340305	0.00034503918	0.0003848158	0.0018181249	0.00042871202	0.000107687905	0.0018181249	0.00063430285	0.0025770601	0.0023409575	0.00019760606	0.0002002436	0.00055680063	0.0005380038	0.0010056094	0.00069446565	0.0031990528	0.00031132795	0.0006190561	0.00032008733	0.0024400419	0.00024304067	0.004869938	0.0004616193	0.0005465338	0.00042483822	0.0001030687	0.0009191997	0.00035455514	0.00040685944	0.001422684	0.0012593619	0.0030810677	0.00328878	0.00022209572	0.00328878	-21.52404022216797
s04e17a	485.0	5.0	0.77552176	0.77552176	0.0066168625	0.0129468255	0.0025175463	0.003022393	0.2566702	0.0021583233	0.0020578837	0.010977812	0.0037868589	0.00035491123	0.0018521704	0.0013322904	0.00076415256	0.0029837608	0.0006169678	0.0005821516	0.0016321689	0.013415576	0.0134028895	0.0045750933	0.0025052356	0.010931563	0.0029198118	0.010931563	0.08468058	0.0045218226	0.0012570681	0.0007122308	0.00042402864	0.0009960771	0.0014093253	0.00065422105	0.0008289827	0.0019764588	0.000531867	0.0019764588	0.003266709	0.00093676866	0.0005336936	0.003266709	0.0006158885	0.0020367284	0.0062111565	0.0005041312	0.0021155626	0.0007158769	0.0063521564	0.0009362783	0.0019269851	0.0029870633	0.001642711	0.0013345807	0.00090770103	0.0030202444	0.00030610617	0.001650549	0.00048750293	0.00065130915	0.003462599	0.00060908863	0.0013177369	0.00030020994	0.0007916175	0.001949084	0.00051504275	0.001443096	0.0023075787	0.00022691266	0.0023075787	-22.27960586547852
s04e17a	490.0	5.0	0.90783966	0.90783966	0.26237318	0.029475806	0.00064936734	0.0032277775	0.005833099	0.00522123	0.002395698	0.0035310523	0.0035142007	0.0010406169	0.0023489918	0.006687014	0.001409573	0.0002675012	0.0007174159	0.00021715273	0.0010452839	0.0039407713	0.00863859	0.0071737776	0.0012838813	0.0033868945	0.006789778	0.013807735	0.012765352	0.0014897777	0.0007355378	0.00066493097	0.0002476318	0.0004485736	0.0009228632	0.0004111859	0.00021355499	0.0057814005	0.0012154534	0.0024632248	0.0013467259	0.00040848175	0.0005763227	0.0013467259	0.0029855017	0.0029782024	0.00799123	0.0008164121	0.00040194788	0.00065267744	0.001340953	0.0036607627	0.0012038781	0.005608797	0.001759657	0.0031255053	0.0016235659	0.003550673	0.00012324993	0.00114922	0.002184545	0.0016465911	0.0042867097	0.00030056192	0.0028767663	0.0012980562	0.00074927893	0.0013038383	0.0013985271	0.008942919	0.0061252043	0.00030996118	0.007676285	-22.63585662841797
s04e17a	495.0	5.0	0.75201577	0.75201577	0.021793406	0.0059598032	0.00023957307	0.002810447	0.034866814	0.0013485253	0.012187673	0.003285165	0.001182156	0.00024529698	0.0022676447	0.012204218	0.0014455554	0.00053268275	0.0011095955	0.0013880889	0.004785508	0.031351916	0.0054560727	0.0054560727	0.001698149	0.0015057307	0.0003590269	0.0015057307	0.7236397	0.038184114	0.011952716	0.0009670855	0.001115367	0.0009993269	0.04903582	0.00075536745	0.0052319057	0.00051551993	0.00051551993	0.00020631799	0.00083147665	0.0014625939	0.00012656012	0.0014625939	0.00080276607	0.007361298	0.036954578	0.0020034516	0.0014186552	0.0006948926	0.01461949	0.0029376796	0.002755546	0.006426723	0.00015241449	0.0011173072	0.00044738752	0.002727115	0.00012311403	0.00039906375	0.00049678783	0.0005416217	0.00095533405	0.00021334902	0.0022741335	0.0008594696	0.0020986942	0.0118225925	0.003300351	0.00222664	0.0022813494	0.00040556258	0.0118225925	-19.91044235229492
s04e17a	500.0	5.0	0.63490534	0.63490534	0.009801321	0.11169755	0.00024482407	0.0049188216	0.00063341786	0.001326904	0.020660195	0.0101847695	0.00022433593	0.00010511015	0.0014132848	0.003082328	0.00037853324	5.5879915e-05	0.0012894701	0.0014936605	0.0007060795	0.0020656716	0.0059063802	0.0034680825	0.003948933	0.0018903905	0.00086259464	0.0018903905	0.73273116	0.07703885	0.049923096	0.0008153586	0.00049092196	0.0015960695	0.13252866	0.0012324813	0.012636028	0.0011744403	0.00093745615	0.00082297076	0.0012981632	0.0012077856	0.00037589017	0.0012981632	0.0006973718	0.004880677	0.010704695	0.00045770346	0.00044191736	0.0009709001	0.002696807	0.0013249858	0.002281435	0.00092626526	0.00058236526	0.0016583265	0.00092725863	0.00841291	0.0012470025	0.0011071907	0.00011730752	0.00074907695	0.0011318141	0.0003246156	0.001819007	0.0008846936	0.0011511912	0.0021029087	0.0010033337	0.007787239	0.002828589	0.0005025978	0.01082608	-22.62228775024414
s04e17a	505.0	5.0	0.8742652	0.8742652	0.0076906676	0.009290369	0.0005167225	0.0011425639	0.0047726105	0.004499456	0.00060409075	0.028216645	0.0021777123	0.00013266518	0.0049621747	0.005796393	0.0021641005	0.0034825553	0.00035943754	0.0003474339	0.00023394905	0.034098312	0.05277086	0.05277086	0.005950872	0.0022941052	0.0036728056	0.007599545	0.041340817	0.0017559112	0.00044828953	0.00029251346	0.00017772717	0.00030623988	0.0010364016	0.00025457112	0.00015529554	0.017798986	0.017798986	0.012634511	0.0076493844	0.02003866	0.004632787	0.02003866	0.005621012	0.028281936	0.017048793	0.0024324767	0.0018924943	0.0005568919	0.008693042	0.006720659	0.00085405784	0.0027265109	0.0004607954	0.0018661034	0.00043790255	0.000803141	0.00014372329	0.0052604754	0.0002576367	0.0005714652	0.0011861834	0.00048471784	0.0026954724	0.0016459124	0.002192126	0.0041892105	0.0010045934	0.010193099	0.001014222	0.00047453324	0.0041892105	-22.240211486816406
s04e17a	510.0	5.0	0.93935084	0.93935084	0.107133545	0.115467876	0.0008560279	0.0018999667	0.019455764	0.009678526	0.0017032584	0.0053046644	0.00023671673	0.0001829115	0.012769746	0.018158857	0.0014478327	0.00038400132	0.0010793847	0.0009624431	0.0011050696	0.06091241	0.0140898805	0.0044408957	0.0018853626	0.0015660037	0.00054467254	0.0050987345	0.0680514	0.00804593	0.0018250133	0.0003847437	0.000104953506	0.000979843	0.0051771924	0.00018571384	0.00036631865	0.002037116	0.0012800186	0.0005576533	0.00047006318	0.00078492024	0.00021605981	0.0007885206	0.0018940666	0.0036849	0.0025755775	0.00070387946	0.00025670422	0.00023409251	0.003045632	0.0028996828	0.0014036848	0.004343776	6.204707e-05	0.0050099944	0.00096180104	0.0033562721	6.7782275e-05	0.00050752313	0.000684456	0.00040132436	0.00034043647	0.0003116689	0.003006935	0.0017782756	0.00094173214	0.0014009832	0.0031669876	0.012629242	0.004840122	6.3412765e-05	0.009880732	-21.889841079711918
s04e17a	515.0	5.0	0.8275098	0.8275098	0.02083695	0.06876419	0.00044934265	0.0017898134	0.025387889	0.010603204	0.006485611	0.005193525	0.0007900681	0.00026904172	0.04859639	0.010276597	0.0055510937	0.0013068328	0.0013249025	0.0021192762	0.0020535472	0.044546932	0.017879894	0.006916626	0.0061121443	0.0009937955	0.00068961224	0.0018822504	0.1308677	0.008405351	0.0019364365	0.0006450892	0.00025190244	0.0007620626	0.0031501586	0.0005125971	0.0010983999	0.003147029	0.0028454508	0.0012858969	0.00095938856	0.0015205628	0.00053938094	0.0015205628	0.0023549127	0.0030763743	0.004914508	0.00053352554	0.0011447454	0.00038461207	0.006673829	0.0027430905	0.0020045787	0.0024962658	0.00013553229	0.0023651088	0.0020373864	0.0038759434	0.00027270213	0.000760663	0.00043725607	0.0005552907	0.00026140705	0.00050131883	0.00198248	0.00031018496	0.0014290016	0.0046810093	0.001307152	0.0068321424	0.0016863588	0.00027004138	0.011196239	-21.56274032592773
s04e17a	520.0	5.0	0.892854	0.892854	0.10832031	0.014007004	0.00042363568	0.0015372854	0.26453024	0.0010693911	0.003474963	0.0014552805	0.0009096538	0.00016349369	0.0035146398	0.006481698	0.002661429	0.0015390116	0.0010944939	0.00053625007	0.0032929152	0.18880932	0.01381896	0.004785338	0.004835244	0.001708117	0.0008498969	0.0073947324	0.068442136	0.0059582666	0.0027640946	0.0007780452	0.00030740583	0.0011367454	0.003290972	0.00020706965	0.00033879463	0.0036882	0.0014391252	0.0036882	0.003625828	0.0013068028	0.0017141356	0.003625828	0.0018338199	0.008777349	0.01221278	0.0015978934	0.00029243372	0.00026237612	0.0069166985	0.0017929563	0.00692496	0.007607118	0.00013294176	0.0024750612	0.0016783967	0.005304669	0.0002994293	0.0008191293	0.0009680815	0.0007127475	0.00033102385	0.00053933	0.0027135527	0.00064967	0.0010145105	0.0032642598	0.0017653778	0.0041681794	0.0027871681	0.0002066377	0.003954594	-21.2454776763916
s04e17a	525.0	5.0	0.84536564	0.84536564	0.104932584	0.034775287	0.0013066317	0.0005953605	0.0041042985	0.0015597867	0.0007682538	0.008413547	0.00053728046	0.00032526895	0.007364236	0.032394845	0.0049775913	0.00052275	0.0015348874	0.00021107435	0.0010535743	0.0111773135	0.02221676	0.009874941	0.0034193713	0.0011219789	0.0020107047	0.016790472	0.038896956	0.0043890285	0.001352376	0.0007638009	0.00041243408	0.0007327575	0.00073875795	0.000594667	0.00016911395	0.014605091	0.0032118324	0.0117241405	0.00924917	0.0031445455	0.0015879136	0.00924917	0.009315886	0.011377096	0.0057498077	0.0011963665	0.0002477201	0.0005111797	0.0020465592	0.0075883293	0.0012259773	0.007385152	0.00022021001	0.00602014	0.002185227	0.0022607914	0.00030910096	0.011411318	0.00067218335	0.0009089841	0.0026025143	0.0003211933	0.0052372715	0.0009393973	0.0010141568	0.0018928366	0.002770283	0.076092914	0.002350645	0.00053733424	0.013130647	-25.033218383789062
s04e17a	530.0	5.0	0.84892637	0.84892637	0.012294253	0.049053736	0.00033608035	0.000649906	0.00032449493	0.00096387696	0.0008418446	0.03906032	9.477399e-05	0.00016284894	0.0044068964	0.06021568	0.0012542958	0.00014126512	0.0020876832	0.00028517924	0.00037942888	0.025714306	0.10491405	0.008346605	0.0017416269	0.0027966232	0.003141568	0.00914723	0.01960989	0.0011035689	0.00041338408	0.0005438469	0.00020495745	0.0004433127	0.00055592007	0.0003710747	0.00019263907	0.0112402355	0.0052665947	0.010917368	0.0055761244	0.0022322563	0.0015573597	0.0055761244	0.02179366	0.012481398	0.020421876	0.0019143313	0.0006536682	0.0007864585	0.0043990435	0.014366196	0.0024595405	0.01180146	0.00037815253	0.0035658993	0.0013095906	0.0015865753	0.00033510532	0.005689459	0.001043219	0.0015099109	0.0042606113	0.00021586275	0.0066082957	0.000602413	0.0027976178	0.0007719216	0.0010975322	0.022266587	0.0005694575	0.001876197	0.011589264	-30.470802307128903
s04e17a	535.0	5.0	0.88885546	0.88885546	0.007965348	0.012634518	0.0012787319	0.0004143572	0.00074687693	0.0035879964	0.00094970287	0.010756057	9.034033e-05	0.0002314248	0.020379124	0.007251105	0.07691418	0.00021966247	0.0011710274	2.4199919e-05	0.0001913959	0.0060221204	0.05800846	0.05800846	0.016266257	0.005101435	0.021045096	0.021045096	0.0147470115	0.0021395853	0.0009390497	0.0001942902	0.00010933662	0.00019330144	0.0005590511	0.00026651268	0.00010439435	0.0027039174	0.0010076117	0.0008001599	0.0016049036	0.00070665806	0.00018373725	0.0016049036	0.0043694773	0.0034344231	0.0016600499	0.0004327424	0.00026220633	0.000449974	0.0008028873	0.003854133	0.00040712036	0.0010549176	0.00022816661	0.0013516665	0.00043229217	0.0012652634	0.00011279297	0.057983793	0.0012073307	0.0011413585	0.0013609903	0.00014345314	0.0028632649	0.0009772736	0.00030473995	0.00034724036	0.0012155402	0.098993696	0.0011130277	0.0016223738	0.009268053	-28.59126091003418
s04e17a	540.0	5.0	0.23525746	0.23525746	0.0023771985	0.0009517623	0.00022805223	0.00038294538	0.00024264593	0.00037315703	0.0013254558	0.0014224158	0.00013074673	0.000109325054	0.001642503	0.011554141	0.017861733	8.5750886e-05	0.00091732433	4.462661e-05	0.00025308155	0.00939603	0.021048049	0.021048049	0.008831155	0.0024241577	0.008887075	0.008887075	0.014779013	0.0036871503	0.0013148736	0.0007230631	0.000221279	0.00067527243	0.0007184298	0.0012031364	0.0002238155	0.033584237	0.023911618	0.029330479	0.020718878	0.02243904	0.004789602	0.023640588	0.02607035	0.018908313	0.012497848	0.002921228	0.00038623958	0.00061306683	0.0052390676	0.0083750505	0.0009428585	0.0013221614	0.00018093611	0.0008199634	0.00091136986	0.00024109347	0.00010060016	0.0019909637	0.0015506514	0.0020289912	0.00061576994	0.0002475853	0.0043374286	0.0008962226	0.0036312651	0.00028779203	0.002009574	0.06123422	0.00115867	0.0045688045	0.05295235	-40.20542526245117
s04e17a	545.0	5.0	0.88019824	0.88019824	0.03161344	0.043087788	0.00033407882	0.0012583548	0.16607748	0.0030453713	0.0016178571	0.0036722124	0.0007498011	0.0003273801	0.01388794	0.0048597553	0.0033713565	0.0013893063	0.0011810276	0.00093317777	0.002345258	0.02975074	0.007787309	0.007787309	0.0037911406	0.0012586963	0.00089020294	0.0026968827	0.038967267	0.0059247497	0.0013040601	0.0007339221	0.00040222288	0.00083600025	0.0019314464	9.735584e-05	0.00036193582	0.0012012653	0.00059251004	0.0008971761	0.0021435798	0.00085957645	0.00014507235	0.0021435798	0.0019363583	0.0015166989	0.0012665541	0.00033017443	0.00022159718	0.0004492705	0.0015517576	0.0010695287	0.001248264	0.0061822287	0.00014149875	0.0024647734	0.0010315262	0.0062320326	0.0019040827	0.004739686	0.0006672325	0.0006611525	0.00030839746	0.00029779345	0.0020753844	0.0007509921	0.0007743005	0.005732589	0.0013891502	0.020505222	0.005593573	7.575212e-05	0.013065403	-22.036357879638672
s04e17a	550.0	5.0	0.78183055	0.78183055	0.084716804	0.01262854	0.00034215426	0.0015055333	0.048606448	0.0022593485	0.00097405544	0.0016082077	0.0009469908	0.00047727686	0.011267348	0.030342637	0.0050518597	0.0013229683	0.0009839395	0.0003757046	0.002318534	0.15763806	0.008701129	0.006496091	0.0058199405	0.010462899	0.0026389933	0.0133610545	0.05299264	0.008173197	0.0023768728	0.0008367733	0.00036799573	0.001045015	0.009529437	0.00038984037	0.00030264776	0.013548632	0.008820584	0.013548632	0.0076686903	0.010687222	0.00396824	0.010687222	0.011457369	0.029006833	0.010811848	0.002838192	0.0006096686	0.00075885805	0.002797699	0.005927809	0.003064202	0.008220451	0.00036431	0.0035249756	0.0043440214	0.008821043	0.00022003434	0.0105308555	0.0015804891	0.00055064075	0.0020775294	0.00048319277	0.0096254125	0.0035031803	0.006656519	0.010073269	0.0048837187	0.028496815	0.004739722	0.00016976472	0.014233274	-25.736352920532227
s04e17a	555.0	5.0	0.883533	0.883533	0.047624506	0.003555258	0.00050968386	0.00067953096	0.0047001117	0.00094856886	0.0010852055	0.0008704673	7.922261e-05	0.00034831974	0.004543967	0.007910606	0.0008970419	0.00022338376	0.0012182171	0.0004794711	0.0005719641	0.004596289	0.0048584524	0.002308882	0.0020786242	0.0011196657	0.0007330683	0.01902377	0.0867394	0.010218676	0.0037808733	0.00078719173	0.00038934898	0.0014381552	0.0054969094	0.0002795692	0.0003467144	0.005140089	0.0009028286	0.0011102072	0.0008849596	0.0005759943	0.00022037489	0.0008849596	0.0045857853	0.0023738455	0.006366861	0.0006288994	0.00059719675	0.0006868361	0.0017813396	0.0026714278	0.0033267066	0.022164661	0.0006504011	0.0036181048	0.0022480343	0.010845051	0.0006464854	0.016743282	0.0027527825	0.0011849164	0.0014894712	0.0003247899	0.021214128	0.010800175	0.0008182868	0.00074854813	0.0017795931	0.01722254	0.001381731	0.00013208856	0.021214128	-23.32098197937012
s04e17a	560.0	5.0	0.91671485	0.91671485	0.24168526	0.009701075	0.00028553835	0.000777256	0.0028736468	0.0017147402	0.0012514425	0.000913875	0.00025185922	0.00044999763	0.017203923	0.0030625055	0.00038220684	0.00025241886	0.0004022961	0.0002977855	0.0007327809	0.0127103105	0.003712034	0.0019079589	0.003712034	0.0017133435	0.0015544211	0.0019311218	0.040410902	0.0066091535	0.002813081	0.00068838167	0.0004234429	0.00071485393	0.004570835	0.00038152593	0.00025947992	0.0050353487	0.0014015175	0.000547245	0.0009145153	0.0012702141	0.00023341144	0.0012702141	0.001328915	0.004355005	0.006390961	0.0012248211	0.0008266994	0.0009505719	0.002160397	0.001457941	0.0021061813	0.0028689273	0.00017536776	0.001433354	0.0007985336	0.010291535	0.00017383396	0.0024989245	0.0007501231	0.00069046975	0.0053425613	0.00027849257	0.0050837738	0.004420306	0.0006004952	0.0003964484	0.0011846286	0.006790678	0.00080839597	0.00038003415	0.0050837738	-22.29214096069336
s04e17a	565.0	5.0	0.8362236	0.8362236	0.10250163	0.0054351185	0.0005311184	0.0003941722	0.0011600759	0.00072443037	0.00087919267	0.0018307833	0.00010117951	0.00013380453	0.005647438	0.005062858	0.00043805497	0.00026440088	0.001353789	6.839312e-05	0.00024673788	0.0059315613	0.014525009	0.010169111	0.006035447	0.0024062102	0.0024176238	0.015448599	0.012421504	0.0024498387	0.0011667707	0.00045723552	0.00014546214	0.00043723144	0.0005581359	0.0010571107	0.00012295693	0.025243875	0.0073489323	0.0030056888	0.004784704	0.006198049	0.00093637913	0.006198049	0.0029092361	0.0071349074	0.013274162	0.0034503953	0.0005315586	0.000634347	0.0028802713	0.0075711617	0.0012810883	0.005998044	0.0003083819	0.0016414304	0.0009726825	0.001884817	0.00015626819	0.0011819105	0.0008365828	0.0014606412	0.0020422458	0.00015151147	0.014365386	0.0013027559	0.001393913	0.00044051974	0.003022353	0.008904967	0.001743079	0.007559727	0.020694658	-28.895782470703125
s04e17a	570.0	5.0	0.30902183	0.30902183	0.00493983	0.0021171374	0.0006407629	0.0011335582	0.0012751386	0.005384274	0.0010485182	0.0022778248	0.0010468938	0.0028169039	0.20531581	0.005279986	0.017579395	0.0007481605	0.00025799387	6.584511e-05	0.00033720283	0.0020634937	0.10282692	0.018324122	0.10282692	0.003702673	0.007714284	0.038741596	0.010545792	0.0015639531	0.0009906981	0.00017649084	5.186954e-05	0.00013488083	0.0004925881	0.00018748092	6.6198314e-05	0.005591025	0.004331208	0.0017099205	0.0021821796	0.002280207	0.00075242296	0.002280207	0.0032007652	0.0057689915	0.0061670598	0.0010425503	0.0007694855	0.0008393415	0.002801473	0.0035976649	0.0013275121	0.0018391238	0.00019378013	0.0008993886	0.0003298966	0.00035520605	7.1201815e-05	0.0017846334	0.00042578307	0.0008409691	0.00030152858	0.0006171583	0.008376579	0.00080232095	0.00050832995	0.00086382095	0.00025717018	0.002755212	0.000707468	0.0014609555	0.008376579	-29.35110282897949
s04e17a	575.0	5.0	0.84885573	0.84885573	0.014614846	0.05560598	0.0007451234	0.00019788774	0.0018731261	0.0014034878	0.0015555507	0.0075635887	0.00016885839	0.00014390142	0.04220549	0.0067791482	0.0006743576	0.0006866375	0.0013795287	0.00020170223	9.934865e-05	0.004185488	0.009313061	0.006741176	0.009313061	0.001028891	0.0013163935	0.0033417267	0.015453473	0.002531087	0.0006983711	0.0004697286	0.00018193883	0.00035105486	0.00088493846	0.0003431145	0.00010904196	0.019201893	0.008221765	0.0042327167	0.0044670394	0.016012121	0.0009964448	0.016012121	0.0031519877	0.010392953	0.012859777	0.0015508388	0.0005048667	0.00047818146	0.0058553903	0.0025678643	0.0021443847	0.01230879	0.00029340808	0.0017389297	0.001214062	0.0042335372	0.0003124734	0.012566535	0.0001140345	0.000990447	0.00056856347	0.00019658299	0.011977457	0.00040003902	0.0013333128	0.0008334018	0.0044489815	0.049367312	0.0012864439	0.002026686	0.012666374	-33.83952331542969
s04e17a	580.0	5.0	0.4886613	0.4886613	0.091414414	0.010765259	0.00018779312	0.0048810863	0.13738865	0.00040259192	0.0020202603	0.008220168	8.127878e-05	0.00022943495	0.001166942	0.016911171	0.0013671785	0.0006160702	0.015713345	0.00019274159	0.044907935	0.16237439	0.0034728418	0.001200157	0.0022507955	0.006179704	0.0014782124	0.006179704	0.02100769	0.007677545	0.003013114	0.00061769085	0.00027573222	0.0005634119	0.0020628043	0.00034924192	0.00016582676	0.0014893621	0.0014893621	0.00071552047	0.0012964976	0.001918127	0.000217437	0.0020658388	0.0009975951	0.0044175684	0.004560421	0.001640251	0.0005034867	0.00078548066	0.005367859	0.0017529031	0.0008071386	0.005049521	0.00025296817	0.0009261982	0.0009899263	0.00044272628	6.3999556e-05	0.00057224487	0.000570176	0.00073568634	0.00043294358	0.00024877244	0.0015221266	0.0007441119	0.0003497917	0.001104404	0.0002774132	0.0020656362	0.0016933621	0.0005984335	0.008718593	-21.4193058013916
s04e17a	585.0	5.0	0.77051944	0.77051944	0.012231304	0.0020517586	0.00080175465	0.0032528858	0.14710675	0.00068680535	0.0009992784	0.0061060986	0.00024744772	0.00012844677	0.0024325289	0.008296752	0.0070410795	0.0012063145	0.0011911881	0.00022451524	0.002295497	0.3729061	0.00974016	0.00974016	0.0027809197	0.013759238	0.003194906	0.013759238	0.058268473	0.0064433566	0.0034446646	0.00031288835	0.00013198936	0.00038011366	0.0028421732	0.00023929731	0.00030670737	0.0015172289	0.0015172289	0.0005026643	0.0016965411	0.0018021385	0.00038145445	0.0018021385	0.0025377944	0.015740294	0.010215644	0.0010556374	0.0004275766	0.00041879207	0.002062399	0.0073556174	0.0039537637	0.0049592606	0.00011972752	0.0009154672	0.00087415864	0.0007569196	0.00026750678	0.003241514	0.002305044	0.00038171635	0.00024220721	0.000257592	0.014545664	0.003120228	0.0023208782	0.0015888868	0.00087252964	0.007877583	0.0005171093	0.00030778855	0.014545664	-22.900827407836918
s04e17a	590.0	5.0	0.23985541	0.23985541	0.0041020364	0.0017458036	0.00067421235	0.0043662754	0.030296782	0.0010918197	0.019172406	0.0025269648	0.00020263289	6.260957e-05	0.00047849517	0.013703772	0.0004015132	0.00026114102	0.0043946076	8.903846e-05	0.02015126	0.016521744	0.0020830738	0.0017533445	0.00040644757	0.0026374075	0.0009390805	0.0026374075	0.67185086	0.13329493	0.035023592	0.0005069729	0.00024656646	0.001216125	0.31276423	0.00028543084	0.00523788	0.0004838599	0.0004276453	0.00042769278	0.0017558318	0.0015090845	0.000101668316	0.0017558318	0.00034781598	0.002425941	0.0045085684	0.00066418643	0.0009109839	0.0005104384	0.0034629349	0.0015168114	0.001091855	0.0051531508	0.000256833	0.0039983406	0.00045786137	0.00035051376	0.0009132292	0.00023119323	0.0001374322	0.0005390533	0.00030640428	0.00020465087	0.0007397065	0.001107301	0.0035646865	0.0017449221	0.00045780247	0.0023219085	0.0043613156	0.00013376307	0.0148118595	-20.764434814453125
s04e17a	595.0	5.0	0.74465823	0.74465823	0.010909673	0.007871395	0.0007248997	0.006244765	0.024985122	0.004130844	0.006207705	0.010044912	0.0024517414	0.000273032	0.001594203	0.006499548	0.0008421859	0.00048965146	0.0011091231	0.00065932045	0.0031101997	0.003986291	0.019283783	0.009480544	0.004732853	0.0020163686	0.013745869	0.013745869	0.7204162	0.012696836	0.008171032	0.00089907757	0.0001932585	0.0007229845	0.021182152	0.0011897258	0.0037255613	0.0006812166	0.00056873116	0.00049585867	0.0012772938	0.0012362513	0.00018271593	0.0012772938	0.00031154323	0.0033800527	0.0030543809	0.00017455648	0.00033210238	0.00031810385	0.0030899933	0.0028924868	0.0010613529	0.005822885	0.0010976691	0.0055606016	0.00049508177	0.0023682772	0.0011821233	0.001774154	0.00038494894	0.0005094995	0.0012788214	0.00038907275	0.002985909	0.002337848	0.0013815279	0.01529654	0.0005366862	0.0027314578	0.0070921993	0.00013252231	0.01529654	-22.06107711791992
s04e17a	600.0	5.0	0.7560083	0.7560083	0.0087591065	0.007082757	0.0015646197	0.0031227786	0.02379453	0.0031866326	0.004842206	0.02302084	0.0040854383	0.00017083742	0.002064019	0.0018845774	0.00063060934	0.00023360424	0.0011166757	0.00049027056	0.0006768352	0.009672107	0.009001238	0.0017270179	0.0013385848	0.0021049208	0.0023804372	0.0063416795	0.05272825	0.004755087	0.001899193	0.00057986646	0.00077267596	0.0006780667	0.0015868307	0.00025949252	0.0011238107	0.002390954	0.001232655	0.002390954	0.010717206	0.0024353212	0.0005988052	0.010717206	0.0008545418	0.017109342	0.012255726	0.00039256536	0.00048498058	0.00030145727	0.0009768682	0.0015060188	0.0014509147	0.004438967	0.0012066403	0.0025039895	0.0007467168	0.008273589	0.0008398024	0.007728503	0.00035588568	0.00083023094	0.008923218	0.00024736632	0.0021963385	0.0015293013	0.0020724307	0.0019179992	0.0012483889	0.057388898	0.0017490875	0.0006102645	0.004622876	-20.908153533935547
s04e17a	605.0	5.0	0.85330945	0.85330945	0.045417678	0.06711908	0.0003425399	0.008500477	0.12729166	0.0020002697	0.0029544185	0.0045433054	7.467997e-05	0.00085082836	0.00061122177	0.008437856	0.0013453042	0.00079624914	0.0032337108	0.00040448093	0.01964417	0.15179746	0.004965333	0.004965333	0.00090938347	0.0031616872	0.00086574425	0.0031616872	0.032926004	0.009092007	0.0038725294	0.0008625584	0.0003001152	0.0007766552	0.004947096	0.0008553251	0.0005056973	0.0010288836	0.0010288836	0.00077089935	0.0047843703	0.0017241209	0.00023641335	0.0047843703	0.00062633475	0.006151304	0.006047256	0.00076902437	0.0008904473	0.0016827784	0.004640401	0.0017226073	0.0019260041	0.004607936	0.00069832284	0.0019270969	0.0006154531	0.0013719113	0.0002691759	0.001377362	0.00031074023	0.0013901698	0.00042106258	0.00042354668	0.0016381503	0.000584465	0.00068452023	0.0011065513	0.00061467115	0.0034731107	0.0029830968	0.0004546937	0.0042865938	-21.201171875
s04e17a	610.0	5.0	0.9171343	0.9171343	0.017317208	0.08698734	0.007851791	0.0024689024	0.12299325	0.0053956034	0.0019758663	0.12790105	0.00030828192	0.00020392277	0.0024283482	0.0046958914	0.006486364	0.0016534926	0.008203682	0.00032388885	0.0013388903	0.008767108	0.00809391	0.00809391	0.0018237949	0.0032786294	0.0018552834	0.0032786294	0.14767359	0.0075636744	0.0025721889	0.0006844182	0.00016658494	0.0006306653	0.001188014	0.00028896052	0.00043787793	0.0014874622	0.0003691273	0.0014874622	0.0017601848	0.00052915356	0.00023338517	0.0017601848	0.0014888558	0.0010374463	0.0038284971	0.00046277314	0.00051818887	0.00042319755	0.0018515968	0.003233242	0.0012821887	0.010866449	0.0016486493	0.0027938292	0.00095305	0.0016271849	0.0014679157	0.01968647	0.0008674601	0.001694082	0.0009334317	0.00013842253	0.001158537	0.00062153675	0.0005595674	0.004332325	0.0023355414	0.008805164	0.004832867	0.00022556234	0.004832867	-22.81745719909668
s04e17a	615.0	5.0	0.7004499	0.7004499	0.016090497	0.103613414	0.0002888999	0.009391778	0.005917475	0.0025120727	0.007635942	0.011005425	0.0046392735	0.00018557788	0.004723137	0.008933796	0.0008366785	0.0011200475	0.0013066286	0.0045872573	0.0064568333	0.015064151	0.013073405	0.0053387363	0.0006783227	0.0037809182	0.0009146198	0.0037809182	0.047331132	0.0046612252	0.0010024928	0.0005305108	0.00022115011	0.0007711896	0.0032412186	0.00093931134	0.0008752879	0.022427423	0.008083271	0.022427423	0.0101228785	0.01333837	0.014418361	0.01333837	0.0029504644	0.012141472	0.05821125	0.003125107	0.0015171899	0.0020425937	0.015792623	0.0037431137	0.006982309	0.008764225	0.00055477093	0.0009313537	0.00118148	0.006853118	0.013897104	0.0018366999	0.00046147013	0.0017046032	0.0005718365	0.00043695146	0.0033597285	0.0013921009	0.009349833	0.0030069463	0.0022501186	0.009570539	0.0029796215	0.0002898951	0.017784854	-21.57023429870605
s04e17a	620.0	5.0	0.87093055	0.87093055	0.047158286	0.008342825	0.00039664272	0.0005860489	0.001589595	0.0005354722	0.00087966945	0.0007150246	0.00044752038	0.00030023255	0.002350344	0.010896703	0.0037886724	2.6986512e-05	0.00044472172	0.00030741407	0.00016204365	0.0017566402	0.012471558	0.0023914624	0.000961857	0.004618115	0.0013749864	0.009115312	0.034777217	0.006225495	0.0025668533	0.0007486833	0.00037361818	0.001338954	0.0019848836	0.0004031755	0.00022810005	0.0037106466	0.00086059025	0.0016521126	0.0018089138	0.000553939	0.00027523426	0.0018089138	0.002977384	0.00452459	0.0065606525	0.00021680394	0.00087616785	0.0010824157	0.0010765002	0.0026068687	0.0021630896	0.004024496	0.0016437107	0.0029116825	0.0012237483	0.024357745	0.0002710665	0.0037723642	0.0021867298	0.0012409325	0.0012754465	0.0002569229	0.03876538	0.0021145097	0.0009871587	0.0002504691	0.0007413384	0.008183996	0.0034282806	0.000119949895	0.03876538	-20.810958862304688
s04e17a	625.0	5.0	0.81378603	0.81378603	0.038061988	0.039199248	0.00020021897	0.004331276	0.2889555	0.0019611062	0.0021040717	0.0025077916	0.0010307373	0.00023393768	0.0037512486	0.0017761599	0.0036377702	0.0013078874	0.0023675223	0.0005582179	0.009151332	0.01968339	0.0037355442	0.0037355442	0.00095074764	0.0016342136	0.0006805086	0.0016342136	0.047687408	0.009741964	0.0052870032	0.001290767	0.00045305505	0.0011105838	0.0023461885	0.00030117808	0.0004520939	0.0014377786	0.0007148222	0.0014377786	0.0024018576	0.0016995133	0.00038549796	0.0024018576	0.0010010288	0.0029667416	0.016030222	0.0016392956	0.0011191522	0.0007032453	0.0020645906	0.0016391128	0.0040556127	0.0060146097	0.0005607792	0.0009785612	0.00070962304	0.0046756137	0.0012748119	0.012283054	0.000641244	0.0017025952	0.0011698216	0.00017740327	0.0034382297	0.0009785743	0.00076695834	0.0040883203	0.001431704	0.003884362	0.003329794	0.00033490345	0.0040883203	-22.434894561767575
s04e17a	630.0	5.0	0.70647156	0.70647156	0.046340086	0.002572402	0.00049587426	0.013505574	0.08247974	0.0007392816	0.004646047	0.0021395008	0.0006450797	0.00018844298	0.0016002702	0.0058710133	0.0008655887	0.0002516528	0.0025874695	0.00095203664	0.021648955	0.06807309	0.004726998	0.004726998	0.0030935232	0.0038391866	0.0007477076	0.0038391866	0.06817711	0.009534934	0.0028411704	0.00086702383	0.0003051231	0.000570667	0.004650413	0.00025821116	0.00040925524	0.001212085	0.001212085	0.00037822843	0.0005864179	0.0017176616	0.0002384885	0.0018987735	0.00089857314	0.002934042	0.010623404	0.0014752896	0.00041215893	0.0005259256	0.0061019533	0.0007504613	0.0034557036	0.084710404	0.00022695637	0.0017586823	0.0019633528	0.0014342264	0.0013191509	0.001388563	0.00092558237	0.00089648605	0.00016143586	0.00055394636	0.00128617	0.0010883242	0.0017349527	0.006219577	0.00080832775	0.0071512414	0.016090602	0.00027918376	0.4138763	-21.13021469116211
s04e17a	635.0	5.0	0.812802	0.812802	0.011840243	0.017118685	0.00016188303	0.0018187265	0.08416804	0.0011114569	0.0027991708	0.003028837	0.00087142334	8.926494e-05	0.0014516347	0.005999147	0.0009365714	0.00017278263	0.0012690888	0.001516696	0.0012896574	0.049582977	0.0043653697	0.0014177131	0.0006558823	0.0018625029	0.00045986293	0.0018625029	0.08531332	0.0041567474	0.0016118085	0.00036134693	0.0002278099	0.00031611937	0.0019609493	0.00013605814	0.0003139078	0.00090070366	0.00090070366	0.0004013234	0.000713962	0.0009843478	0.00012977268	0.0009843478	0.00056489167	0.0059523387	0.004487848	0.00028314625	0.0002975627	0.00062046375	0.001064196	0.0007207958	0.0010152115	0.043654207	0.0008460008	0.015473727	0.0002978264	0.0015693831	0.0009199498	0.0026784039	0.00019060478	0.0010830753	0.00029331355	0.00014725445	0.0009216369	0.0007645262	0.0003263452	0.004889172	0.0005642758	0.019107174	0.0038820307	0.00022193146	0.24165548	-21.023340225219727
s04e17a	640.0	5.0	0.85131943	0.85131943	0.0067705237	0.046938725	0.00028195124	0.00058263144	0.0029476911	0.0010606318	0.0011781546	0.026464805	0.0007709934	6.237941e-05	0.0055751544	0.016858669	0.0006483445	0.0010874055	0.0019092035	0.00047696533	0.0005009414	0.0024531004	0.016766645	0.0030744022	0.0013671285	0.01326685	0.002820925	0.01326685	0.024611862	0.0020844422	0.0007846507	0.0003216548	0.00031128403	0.00026034995	0.0023455045	0.00024442593	0.0002577178	0.0029736382	0.002920717	0.002274537	0.00064435	0.0010543178	0.0017909843	0.0010543178	0.0036693246	0.004983069	0.0092997225	0.00026861342	0.0006838014	0.00036568916	0.004166351	0.0020400186	0.0011204393	0.16521183	0.000811347	0.10798733	0.0014426633	0.0031300546	0.0025071846	0.0017595172	0.00023503316	0.00046141824	0.0031691545	0.00028163503	0.0019402131	0.005862453	0.08851223	0.09408363	0.0025037073	0.005875067	0.00094536773	0.0009851411	0.09408363	-21.870508193969727
s04e17a	645.0	5.0	0.86982507	0.86982507	0.011415654	0.23936053	0.0007483948	0.003092459	0.16515468	0.0038527825	0.00347249	0.012769077	0.00015988707	0.00018477558	0.0034282173	0.003192357	0.0024267721	0.0008467868	0.0034118658	0.0007257827	0.0019565728	0.01956742	0.003197864	0.00257353	0.00055110175	0.0015837236	0.00042439782	0.0015837236	0.05039791	0.0061261454	0.0017439058	0.001229475	0.0003953918	0.0007641784	0.0011423401	0.00019865832	0.00042323367	0.00042219143	0.00017295258	0.0002677428	0.00048748337	0.0001289005	6.474632e-05	0.00048748337	0.00045233397	0.00064828334	0.0008132252	6.9382695e-05	0.0001540202	0.000538951	0.00054594333	0.0004163353	0.0005046047	0.009268153	0.001124399	0.0046939477	0.0025660489	0.0076336875	0.0010940165	0.008491219	0.00023958863	0.0005602922	0.001218841	0.00011556121	0.0011775409	0.00033780353	0.00012890063	0.0021630032	0.0005280353	0.0035067727	0.009195406	0.00013165953	0.009195406	-21.559356689453125
s04e17a	650.0	5.0	0.8560881	0.8560881	0.0043928726	0.3272928	0.00047520633	0.0004605857	0.0014999092	0.001974013	0.0023231956	0.018450357	0.00021745649	0.0003784131	0.0013242731	0.00327153	0.0011623424	0.00020090395	0.0008761424	0.00041728158	0.00025319838	0.0011121872	0.004756297	0.004756297	0.00087988365	0.0046537756	0.0021263834	0.0046537756	0.06003494	0.0066895997	0.001922781	0.00077749824	0.00076458487	0.0007739644	0.0023616776	0.0009093761	0.00046732693	0.0023196153	0.0011796133	0.0016503541	0.0012762989	0.00090156053	0.000595738	0.0012762989	0.0010827905	0.0043107998	0.009762566	0.00027781527	0.00032003087	0.0013857913	0.0024979631	0.00066023757	0.0025937238	0.0010903738	0.0008349924	0.0014651881	0.0009857884	0.011443859	0.004774325	0.05724318	0.000114817376	0.0010073709	0.007832272	0.0002418719	0.009750905	0.0009327995	0.00051029783	0.00040327528	0.0006226772	0.008340573	0.00076583546	0.0002484747	0.019579628	-21.06553649902344
s04e17a	655.0	5.0	0.85857415	0.85857415	0.03895435	0.056699306	0.00043365278	0.004685868	0.18719739	0.0030010168	0.0020052132	0.006631996	0.0058225538	0.00046479196	0.0024935328	0.001701712	0.0069429465	0.0015346294	0.0014214964	0.0015174226	0.0041367877	0.09632484	0.04828028	0.0032271103	0.0012597517	0.0018966222	0.0007875515	0.0018966222	0.059205335	0.0052346312	0.0028596842	0.0007958448	0.0007603854	0.0008016076	0.0020316357	0.00038939223	0.0005708876	0.0012704785	0.0006184534	0.0012704785	0.004360026	0.001106642	0.00034840856	0.004360026	0.00036210782	0.0042567574	0.008607097	0.001008603	0.0006589753	0.0015449317	0.0068449285	0.00061072124	0.0035660753	0.005816862	0.00094986893	0.003702265	0.0006231926	0.003694601	0.00069382525	0.0024734442	0.0004670163	0.0018975901	0.0036929126	0.00032023783	0.0018262523	0.0010541461	0.0003409253	0.0020185662	0.0017854159	0.0027469634	0.0022012764	0.00021260377	0.002303608	-22.17538452148437
s04e17a	660.0	5.0	0.8412438	0.8412438	0.01043226	0.1021265	0.0005034512	0.00076550746	0.00053025497	0.0004240638	0.00073556474	0.009112135	0.0004076561	0.00026508316	0.0005049894	0.0022629318	0.00030976176	0.00021773658	0.00013640484	0.00010139935	0.0001054535	0.0014532842	0.005729714	0.0051215854	0.0018183741	0.011134223	0.0036964968	0.011134223	0.04775162	0.0033545594	0.001039939	0.00027338785	0.00019419502	0.0003350363	0.0013612326	0.00230839	0.00019981751	0.0051863366	0.0017092362	0.0018371493	0.0014058154	0.0012260124	0.0004328406	0.0014058154	0.00080713973	0.0047415486	0.01011011	0.0006014437	0.0004626757	0.00065883994	0.003910618	0.0008111932	0.0013365599	0.0013305183	0.00020147639	0.0003587289	0.0011498902	0.0038049316	0.00072416605	0.007621195	0.0006625768	0.00044784258	0.001115808	0.00020608264	0.0021211305	0.0022369672	0.0011585789	0.00041038508	0.002995653	0.008291641	0.0009342938	0.00016434584	0.0060712174	-22.89659118652344
s04e17a	665.0	5.0	0.80908155	0.80908155	0.014336977	0.0026481876	0.00019512192	0.0023813297	0.07216257	0.00039931512	0.0015618423	0.0019941696	0.0036091392	0.0004970718	0.0012719774	0.0018479755	0.0010272367	0.0006092707	0.0026285467	0.0012756852	0.0022411635	0.017029665	0.0992014	0.0010402323	0.0028241903	0.0075777792	0.00045677938	0.0075777792	0.034075778	0.0033984608	0.0033984608	0.00094139756	0.00054391765	0.0007429194	0.0015124867	0.0001338132	0.0002016232	0.0018003972	0.001665185	0.0018003972	0.001703925	0.0013004713	0.0009097491	0.001703925	0.00588663	0.0050160307	0.02016614	0.000831026	0.0007772664	0.00020930555	0.003177227	0.0020965342	0.005189127	0.005173682	0.00026587516	0.00047651748	0.00079715444	0.0014942084	0.00035264043	0.00033462897	0.0014816349	0.00047135272	0.0007042469	0.00083212025	0.0048392564	0.0024049515	0.0027138612	0.0019129898	0.0017880165	0.004730178	0.00087774335	0.00024922896	0.01199698	-20.922367095947266
s04e17a	670.0	5.0	0.8320214	0.8320214	0.0041399086	0.02301234	0.00032359533	0.0011804361	0.018577458	0.0015513484	0.0016145518	0.033223975	0.00038317725	6.175475e-05	0.011831081	0.00785554	0.001244602	0.0007967968	0.0010846913	8.663288e-05	0.00013552092	0.0012047758	0.0043719714	0.0043719714	0.0006599117	0.0011019333	0.0005992211	0.0011019333	0.024167588	0.0024038078	0.0011535464	0.000547431	0.00060417043	0.0005222873	0.0015106207	0.0001249142	0.00017727088	0.0011454567	0.0011454567	0.00074215414	0.00065244175	0.0006350569	0.00032750124	0.00065244175	0.0011168321	0.0025082976	0.002685006	9.54434e-05	0.00024566887	0.0003464555	0.00044049916	0.0014489375	0.0002293269	0.10318207	0.0017517571	0.23107004	0.004301601	0.0006990106	0.0016818045	0.0032408673	0.00019014988	0.0004515751	0.0013747509	0.000110631	0.00039044122	0.004346592	0.0014727118	0.07029123	0.0011214504	0.00876836	0.013011007	0.00043536775	0.10512576	-20.20272827148437
s04e17a	675.0	5.0	0.886773	0.886773	0.021124907	0.027888743	0.00017589713	0.0042126267	0.24968982	0.0014775117	0.0020871914	0.0012797962	0.00058830116	0.0001644178	0.000744524	0.0021974496	0.0042799213	0.0037509724	0.0019839695	0.0012123937	0.0037564377	0.03736455	0.005856695	0.0012745411	0.0011043077	0.0006332494	0.00023373523	0.0006332494	0.029407598	0.0037206057	0.0029963665	0.0007795384	0.00037257443	0.0006894939	0.003925254	0.00015534027	0.00025046457	0.0012231854	0.001168439	0.0012231854	0.0026919497	0.0029355825	0.00048041996	0.0029355825	0.0006921224	0.0042068018	0.013665342	0.0010295307	0.0009615101	0.00024281231	0.006905859	0.0011356485	0.00853976	0.009528123	0.00043475436	0.0025951418	0.0007837752	0.0028943922	0.00037377528	0.0014945804	0.0007822478	0.001967122	0.0002810693	0.00026501925	0.0010413091	0.0005190119	0.0026723845	0.004300474	0.0011420274	0.0031091487	0.001713638	0.0005971194	0.004942045	-21.294279098510746
s04e17a	680.0	5.0	0.7240998	0.7240998	0.04205896	0.03356077	0.0006290541	0.005472808	0.033277407	0.0013207903	0.002815957	0.002727507	0.00049604656	0.0006323357	0.0060995882	0.019751526	0.001786737	0.0012220668	0.0023560983	0.00082006137	0.007240458	0.06564048	0.021256026	0.013161887	0.00309933	0.0127528515	0.006054115	0.0127528515	0.096700005	0.014082186	0.0046931775	0.0012833109	0.00039138383	0.0013059375	0.0048098667	0.00052997156	0.00052650395	0.009216874	0.009216874	0.005877256	0.0102686845	0.015642827	0.0024264639	0.018747097	0.002419149	0.018829139	0.024705376	0.015721511	0.003699487	0.0033660159	0.03302564	0.0042496445	0.0034394145	0.003761917	0.00023155325	0.0022337947	0.001681033	0.0034557625	0.0005149566	0.011011472	0.0010241254	0.0025199796	0.00056678173	0.0009560211	0.002805499	0.00089304266	0.0029692082	0.003973851	0.002884354	0.0106974915	0.0027715086	0.0004390874	0.024538847	-22.464998245239254
s04e17a	685.0	5.0	0.8061913	0.8061913	0.09389113	0.006096403	0.00033938914	0.0007275219	0.0007241781	0.0007467296	0.0014715911	0.0012887402	0.0008914711	0.00021657812	0.0011484607	0.005022603	0.0027896767	0.00042381807	0.0008576313	0.00025363182	0.00025004416	0.0029270921	0.00605094	0.00605094	0.0049786475	0.002296831	0.0031391438	0.0031391438	0.016536737	0.0040217903	0.0014348124	0.0007430787	0.000485031	0.00079832016	0.0016715752	0.0011485231	0.00028871212	0.010440109	0.0039376826	0.0037263562	0.0030055586	0.0023050879	0.0011370683	0.0030055586	0.003164583	0.0057452573	0.013811475	0.0012555041	0.0006250842	0.0008875952	0.0023553495	0.0025901343	0.002500776	0.00314172	0.000390873	0.0022203962	0.00094495073	0.0047622933	0.0003555886	0.005403455	0.0006782716	0.0014521034	0.007847175	0.00033660282	0.018693637	0.0024818871	0.0010223927	0.0007918499	0.00087403867	0.003748117	0.0013875702	0.0012978492	0.018693637	-23.292888641357425
s04e17a	690.0	5.0	0.8013806	0.8013806	0.013695666	0.005969489	0.0003228256	0.0066134715	0.030320864	0.0011422498	0.0022639355	0.0010848515	0.008522541	0.0008454242	0.01333468	0.0031975326	0.0016241219	0.00029205089	0.0014154136	0.0009797463	0.0035468386	0.012586716	0.038822476	0.0025715625	0.00075254234	0.0009992565	0.0003595057	0.0011865513	0.02216047	0.0052740593	0.0032280458	0.0009968337	0.00030422903	0.0007365517	0.0021955904	0.00032791143	0.0003075926	0.0028396607	0.0028396607	0.0019266612	0.0053794347	0.005023061	0.0005764887	0.0053794347	0.0029003117	0.00992541	0.0207502	0.0020446593	0.00036656545	0.0009785929	0.0026965109	0.0018233237	0.004087633	0.0065540946	0.0004213523	0.00070121716	0.0005755008	0.002198148	0.0004391644	0.0030841336	0.00033100933	0.0008863807	0.00045068876	0.00046390604	0.004871595	0.0013589102	0.00064917176	0.001558464	0.0033654687	0.0063749477	0.0019033572	0.00040781914	0.010253411	-21.870006561279297
s04e17a	695.0	5.0	0.78290224	0.78290224	0.0025603252	0.0008558942	0.0001536919	0.0016393157	0.0050291154	0.00035772898	0.00051034935	0.0021492192	0.0019702944	8.5445114e-05	0.0035686246	0.005717259	8.5267675e-05	8.363167e-05	0.00039422052	6.662917e-05	0.0005100508	0.007984047	0.004140469	0.0028199726	0.0009160776	0.0012897495	0.0012149521	0.0012897495	0.05984326	0.0022806278	0.00058062276	0.0001473105	9.585549e-05	8.236762e-05	0.0023403463	0.00031717084	0.00010363914	0.00084545685	0.0008291988	0.00030692908	0.00030298062	0.0008217694	0.00013847442	0.0008217694	0.0009047381	0.00456156	0.007458137	0.00041530686	0.00064196775	0.00037089436	0.0025018062	0.0009991232	0.0006574465	0.23528878	0.0010843431	0.023283476	0.0059896517	0.000840897	0.00022489532	0.0001233654	0.00026244417	0.001453635	0.0008538296	0.00033562456	0.0019827783	0.0046919305	0.0034157983	0.14702205	0.0028101464	0.006617517	0.0059105703	0.0002004694	0.19309276	-20.72505760192871
s04e17a	700.0	5.0	0.86024255	0.86024255	0.03323698	0.0062878667	0.00035313363	0.0021239019	0.13829602	0.0013074739	0.0015656577	0.0010607642	0.0007323557	0.0004094449	0.0022370864	0.0065932716	0.0024940476	0.0007692025	0.0013040433	0.00046525899	0.0022076387	0.020236393	0.028863968	0.023157682	0.0017819436	0.012307318	0.004488977	0.012307318	0.036937933	0.006051321	0.00302469	0.0012158921	0.00052358775	0.0010326988	0.0030530323	0.00040167838	0.0005249052	0.0034732793	0.0034732793	0.0032307168	0.007852229	0.003566728	0.00093198975	0.007852229	0.002190363	0.014456553	0.021778408	0.0012354043	0.001150813	0.0008114023	0.0028197863	0.0031172303	0.007912331	0.004472289	0.00031558282	0.0020079548	0.00232971	0.0018978429	0.00015990826	0.0012699183	0.0022599248	0.0012593721	0.0002455806	0.0004998373	0.0020366518	0.0010841091	0.00080471294	0.004388583	0.00075588917	0.011373412	0.0053585465	0.0002570601	0.011834364	-21.39053726196289
s04e17a	705.0	5.0	0.8440636	0.8440636	0.038571205	0.0038436246	0.0013565407	0.0031146663	0.0078477245	0.0023867642	0.008227043	0.0009824123	0.0013482408	0.00021739014	0.0085164355	0.002908799	0.001820651	0.00076812785	0.0027923416	0.00030142136	0.0007381686	0.0035793467	0.003349086	0.003349086	0.002012108	0.0015346229	0.0018561417	0.0019791299	0.11232868	0.040499676	0.012812236	0.0020062106	0.0005982404	0.0024428533	0.0043546124	0.0010908808	0.000914165	0.0019778127	0.0015372144	0.0005602757	0.0005720295	0.00048078533	0.00032986392	0.0005720295	0.0008632059	0.0055471673	0.008275319	0.00019612149	0.0012127126	0.0011980891	0.0015019015	0.0013274426	0.002849293	0.024470706	0.0026935518	0.00809687	0.005492615	0.0027556194	0.0005814113	0.016415292	0.00023341231	0.0008888808	0.0024835356	0.0003997777	0.0038282552	0.0029726035	0.0028860453	0.018062107	0.008877663	0.006088642	0.008219421	0.17896216	0.018062107	-31.58699989318848
