episode_id	onset	duration	talking	speech	man_speaking	woman_speaking	baby	shout	laughter	cry	singing	kids	groan	whistling	breathing	walking	mouth_sounds	fart	hands	heartbeat	cheering	crowd	mammal	dog_bark	cat	rooster	duck	bird	music	musical_instrument	guitar	piano	organ	electronic_instrument	percussion	bell	ambient_music	weather	wind	rain	river	wave	thunder	river_sea	fire	boat	car	traffic	car_honk	emergency_vehicle	train	cycling	engine	door	doorbell	knock	dishes	radio_tv	dryer_vacuum	zipper	keys	alarm	telephone	whistle	mechanisms	tools	boom	bang	glass	water	beep	silence	sudden_noise	db
s04e23c	0.0	5.0	0.80154437	0.80154437	0.0013770977	0.0013743353	0.00019278917	0.00057207636	0.00023850828	0.0014174033	0.000874506	0.0018475904	0.0004731615	0.009886808	0.0057113743	0.0046822624	0.0013516343	0.0002029229	0.00013721862	1.1832414e-05	0.0001082134	0.00037529884	0.02580014	0.02580014	0.01046564	0.008151683	0.0023173015	0.03178995	0.017816175	0.0013766715	0.0004932264	0.0002627719	0.0002967785	0.00042365975	0.0010663134	0.00018467358	9.6124226e-05	0.0025170136	0.0017175571	0.0025170136	0.00045956625	0.00022446517	0.0006350944	0.00045956625	0.034778748	0.0010983187	0.009814913	0.0006406878	0.00070591527	0.00045537428	0.003389255	0.005385365	0.0011650516	0.00258858	0.00012787728	0.0010188406	0.0008350592	0.035275146	7.577711e-05	0.00033221385	0.0014578251	0.007361556	0.09094145	0.0073517887	0.004404822	0.0006263192	0.00037596203	0.00027643636	9.736633e-05	0.0029724014	0.01325751	0.0017821022	0.01325751	-24.04771423339844
s04e23c	5.0	5.0	0.86057895	0.86057895	0.008847096	0.25934774	0.00085118756	0.0006794125	0.002378212	0.0033572547	0.0025325033	0.026089348	0.00062713877	0.00024020091	0.00141702	0.0010595517	0.0017036314	0.00036104477	0.0047288565	0.00058974733	0.000103309576	0.00044604315	0.011647439	0.011647439	0.0006086108	0.00452273	0.0055868826	0.0055868826	0.055211533	0.0041685617	0.0012473108	0.0012895284	0.0005014911	0.0009817928	0.0008203635	0.00061176583	0.0006587938	0.0010094902	0.00036030673	0.0010094902	0.00035433195	0.00019218792	0.00054104486	0.00035433195	0.00029226983	0.0010093868	0.0058389837	0.00015713676	0.00047987598	0.00047039488	0.0011131315	0.00024314798	0.0005477865	0.00066654093	0.00078978995	0.0006562646	0.00027057048	0.0075723943	0.0019721237	0.007860209	7.3418276e-05	0.0022241466	0.010473716	0.00011223207	0.0017393461	0.00030855744	0.00012950531	0.0006290873	0.00027026908	0.0023235274	0.0011808617	0.00032558417	0.0022500888	-23.29241180419922
s04e23c	10.0	5.0	0.9098563	0.9098563	0.041906264	0.104646504	0.0002656456	0.0030012138	0.3934116	0.005763683	0.0023332038	0.002614169	0.00034897766	0.00014259628	0.0033350836	0.0014705613	0.00845821	0.0018490542	0.0010942864	0.00090328243	0.0016122651	0.04977134	0.0024401487	0.0014821888	0.002395116	0.0002517339	0.00023502624	0.0012733678	0.08535005	0.011008861	0.004161019	0.0018090017	0.00054470234	0.0023224463	0.0038681468	0.00017314711	0.0007347556	0.0007966818	0.00048591488	0.0006875215	0.0016496526	0.0010306608	0.00030554403	0.0016496526	0.0007251515	0.0021782513	0.0041347886	0.00031433877	0.00034573095	0.000470865	0.0025984896	0.000510131	0.0022308424	0.0019392753	0.00052180834	0.0007124718	0.0005651052	0.01007831	0.0014869665	0.015117489	0.00058281614	0.0004127918	0.00064746704	0.00021740838	0.0012967915	0.0009988025	0.0006163647	0.001919538	0.0015924112	0.0058086836	0.0022309304	0.00025315516	0.0022309304	-24.69956970214844
s04e23c	15.0	5.0	0.8230543	0.8230543	0.0049297237	0.36802974	0.00027325677	0.00041028103	0.001316179	0.000573918	0.0022495762	0.07571488	0.00020463331	9.3830495e-05	0.0014551925	0.0016820151	0.0006860076	0.00021855252	0.004070857	0.0008319292	0.00026650407	0.0005410995	0.005268091	0.005268091	0.0012150204	0.004067742	0.0021706624	0.004067742	0.08703724	0.003643646	0.00083361234	0.00076268887	0.00037118368	0.00057900324	0.00080677756	0.0006442705	0.00044582103	0.0017586389	0.00030495066	0.0012760413	0.00069293444	0.00020189561	0.00037513126	0.00069293444	0.000772115	0.0009949598	0.0043820306	0.00018518406	0.00020278693	0.00064699235	0.0017258248	0.0004109627	0.001027382	0.00054712064	0.00043687815	0.0008531322	0.00050304923	0.0053774603	0.0035003435	0.0039371178	4.951242e-05	0.0010571465	0.0042690593	0.0001606164	0.0038183879	0.0002216519	0.00021086214	0.00031427733	0.00023820854	0.002710763	0.0004763801	0.00026876302	0.0055656927	-21.925052642822266
s04e23c	20.0	5.0	0.7473853	0.7473853	0.021286735	0.03886773	0.0001530871	0.0018537934	0.47036326	0.00079620327	0.0030409822	0.0057189343	0.0011194006	0.0001730339	0.0037038855	0.0011238782	0.0045545828	0.005058877	0.0028670523	0.00042827375	0.006247319	0.029111689	0.004415843	0.004415843	0.0011008023	0.0033016908	0.0004164572	0.0033016908	0.052582845	0.008992107	0.004464987	0.0014242451	0.00025093785	0.001244432	0.004142137	0.00039391604	0.00039141442	0.0012164006	0.0008274028	0.0012164006	0.0024287747	0.0023411002	0.00044968846	0.0024619305	0.00041622997	0.0023858652	0.006967823	0.002166363	0.0014892592	0.000669	0.012131406	0.00079980615	0.0018359841	0.0041826707	0.0007778581	0.0013491574	0.0003782782	0.0066129332	0.0010644012	0.002167062	0.0005131791	0.0014869558	0.0012770334	0.00029528633	0.0024490766	0.00036587572	0.000674097	0.003898828	0.001784941	0.0023751932	0.0058818967	0.00026288844	0.0058818967	-20.51848602294922
s04e23c	25.0	5.0	0.85068524	0.85068524	0.027303465	0.13568693	0.0009191512	0.0040242076	0.11897981	0.0028060926	0.006206234	0.01522238	0.0005049678	0.00046172075	0.003522593	0.0016378579	0.0025626703	0.001261198	0.0030151573	0.0008937887	0.013520524	0.05231166	0.005248136	0.002317352	0.0019082632	0.002686088	0.0007356257	0.002686088	0.07813588	0.008326465	0.002578411	0.0011210274	0.00027716366	0.00079090724	0.0031275412	0.00043229136	0.000566705	0.0028274378	0.0010918581	0.0028274378	0.015935378	0.003350011	0.00026383658	0.015935378	0.001206353	0.002346326	0.0045873793	0.0014034944	0.0006327071	0.0018209292	0.0042232634	0.0010819501	0.0008851426	0.0036392892	0.0014638053	0.0019495134	0.0012210993	0.0035590508	0.010819026	0.011838285	0.00024311159	0.001605949	0.00031908127	0.00024715203	0.001168463	0.0007502103	0.0005556333	0.0023557048	0.002006837	0.013314393	0.0060513467	0.00040552393	0.0071605644	-20.270374298095703
s04e23c	30.0	5.0	0.8066405	0.8066405	0.05014354	0.031825993	0.0007380588	0.007756678	0.1886247	0.0024781595	0.010364478	0.008189773	0.0011128135	0.0007324405	0.0037344352	0.005956775	0.0019143879	0.0024678211	0.013579716	0.001053877	0.03273245	0.09357684	0.019609382	0.009663269	0.0008773688	0.004127879	0.0012572459	0.004127879	0.2024583	0.022317724	0.006339901	0.0030595486	0.0015377356	0.0032117958	0.010929109	0.0024474522	0.0017668187	0.0009617501	0.0007667377	0.00024401168	0.0044893096	0.0012119227	6.9017835e-05	0.0044893096	0.000908546	0.00524262	0.0075450237	0.0007896937	0.0011789842	0.001358918	0.0027633351	0.004049981	0.0012091484	0.0071045267	0.010321079	0.0021902504	0.0017659536	0.0032622665	0.00021836528	0.0016931051	0.0011157645	0.002972899	0.0056586307	0.0005239297	0.0047687185	0.0031773082	0.0008263434	0.006504193	0.0055771796	0.0032865268	0.05036566	0.000460573	0.05036566	-20.32577514648437
s04e23c	35.0	5.0	0.9171274	0.9171274	0.0069257077	0.034960657	0.0066299485	0.007892171	0.39397097	0.007883357	0.002321746	0.022649478	0.00030962774	0.0034462316	0.010506625	0.000508942	0.009911086	0.0033927553	0.0016723584	2.59053e-05	0.00031555753	0.0024517742	0.0052332035	0.0052332035	0.002255216	0.0022046284	0.0010512252	0.0022046284	0.067465976	0.0069226483	0.0010711409	0.00070340076	0.0006662428	0.0007590526	0.0020698102	0.00016379016	0.00028994321	0.00034499657	0.00015537019	0.00019944482	0.00034356062	0.00014231211	6.903712e-05	0.00034356062	0.0008144734	0.0005067651	0.002864489	0.00017144236	0.002939897	0.00074245373	0.0017714538	0.000744224	0.001381047	0.0071221637	0.0007080616	0.0014967773	0.00053352956	0.0019428023	0.00022435562	0.0021248013	0.00024633665	0.0049644634	0.00783913	0.0041975835	0.0028321065	0.0006269146	0.00046875974	0.0055564367	0.00057109847	0.0021664351	0.0045455853	0.000232409	0.0055564367	-24.94557380676269
s04e23c	40.0	5.0	0.90855336	0.90855336	0.006354065	0.037576392	0.0012969107	0.0027489471	0.15172614	0.0063466276	0.0007063682	0.007630314	0.00077223865	0.00022309387	0.0074671856	0.0015192755	0.005494457	0.0020376232	0.0005826218	0.00031473127	0.00055898936	0.001902839	0.020920152	0.020920152	0.002703254	0.0009025348	0.0019675659	0.0019797583	0.13313179	0.0039011734	0.0009715202	0.0010023315	0.00029639027	0.0010949862	0.0011513272	0.00038342612	0.0011157272	0.0017783627	0.0005914924	0.0017783627	0.00698465	0.0022620598	0.0003463797	0.00698465	0.0005447021	0.0035386272	0.0074675037	0.0002365385	0.00035813844	0.0002610315	0.0029231315	0.0010659787	0.0015474351	0.0015544521	0.0010237674	0.0004247965	0.00028306904	0.008975435	0.0065031946	0.27977496	0.0001329879	0.0008031076	0.0011828606	0.00025092013	0.001780237	0.0014023593	0.0006988794	0.0020903463	0.000750141	0.009244383	0.0017576129	0.00017829917	0.0024990186	-21.843957901000977
s04e23c	45.0	5.0	0.88621277	0.88621277	0.017528689	0.14570838	0.0009484645	0.0019381654	0.3141131	0.0081266	0.0025605224	0.037792657	0.0014341513	0.00023318634	0.013144625	0.0011801668	0.0041434923	0.006556107	0.001876574	0.00052061724	0.0015427675	0.015161149	0.019618195	0.005119458	0.0010491583	0.0009385863	0.00085450313	0.0009385863	0.03466675	0.0044445843	0.0017369905	0.0011028354	0.00028670643	0.0008264611	0.0015282669	0.00045514732	0.00047633218	0.0016366349	0.0005454646	0.0016366349	0.004500849	0.0016998368	0.0004067536	0.004500849	0.0004480751	0.0017973053	0.005418765	0.0005878864	0.00037415393	0.00080035545	0.0023352115	0.0009191047	0.0010805349	0.0034229446	0.0019207726	0.0012791638	0.00046256697	0.004843474	0.0010054273	0.0210483	0.00019598521	0.0009517155	0.0011812088	0.0001453576	0.000986074	0.00037210627	0.00040949642	0.0020503337	0.0019113346	0.008394128	0.001608187	0.00048432848	0.0020503337	-21.00061416625977
s04e23c	50.0	5.0	0.91237295	0.91237295	0.017608553	0.066942096	0.00020512656	0.004258067	0.331271	0.0032117958	0.0021868849	0.0038951982	0.0005027963	0.0002676859	0.0027058213	0.0018240928	0.005977964	0.0018765749	0.002265501	0.00073505886	0.0031803544	0.035324395	0.007971032	0.007971032	0.0017399663	0.0010848773	0.0006700567	0.0015393434	0.04729915	0.0039684363	0.0028628483	0.0009646174	0.0002499407	0.0009806887	0.0013144992	0.00028251877	0.00031158363	0.0009889294	0.0005225014	0.0009889294	0.0037444918	0.0013796522	0.00023693552	0.0037444918	0.00073385914	0.0021742128	0.0068100793	0.00067575014	0.00065677706	0.0010312962	0.006243058	0.0011567742	0.0020654632	0.0033319832	0.0006575709	0.0008966142	0.00051020755	0.00518133	0.0014610055	0.026685653	0.00047236585	0.0009395427	0.00032044185	0.00029506907	0.001655687	0.00061391556	0.0007360163	0.003274951	0.001387136	0.0082318885	0.002661091	0.00027407525	0.003274951	-20.147951126098636
s04e23c	55.0	5.0	0.8878707	0.8878707	0.04843074	0.16593008	0.00084021455	0.0041604615	0.12943093	0.0042918134	0.0031740556	0.013612997	0.0018307039	0.0005376109	0.0015878502	0.0022457712	0.0045923027	0.0008347501	0.0016177031	0.0014210307	0.00159772	0.06747446	0.00726308	0.005459308	0.0018715302	0.00040582442	0.00056594796	0.0021278095	0.06717531	0.0046752677	0.0018918135	0.00096319994	0.0008398527	0.0010885182	0.0013276562	0.00036411977	0.0004402179	0.0016969288	0.0013633941	0.0011450137	0.0043328963	0.0016845865	0.0004000953	0.0043328963	0.000995524	0.0040090387	0.004588246	0.00053351687	0.0006149058	0.0013115216	0.0016891845	0.0012190522	0.000786933	0.0013931718	0.0018227944	0.0006389502	0.0004501731	0.003227038	0.00040124363	0.01862026	0.00048458364	0.000876114	0.0010277359	0.00016413913	0.0015217251	0.00040517884	0.0004917645	0.003254409	0.0018343646	0.0038784996	0.0047136266	0.00044663352	0.0048391894	-21.954137802124023
s04e23c	60.0	5.0	0.8537648	0.8537648	0.0030067847	0.18231791	0.00047490498	0.00055187364	0.0013430344	0.00267906	0.0051402794	0.015159618	0.00043568332	0.000295628	0.0009593305	0.0020059291	0.000490321	0.00022851037	0.0010181561	0.0002487632	0.00020233287	0.00070597755	0.005265333	0.0040224707	0.0008321242	0.004125349	0.0028030905	0.004125349	0.0920599	0.009526084	0.003707332	0.0015484338	0.0005630525	0.001350255	0.0020485101	0.001367611	0.0005522899	0.0009461409	0.00039835204	0.0009325667	0.0007487718	0.00017631592	0.00022513131	0.0007487718	0.00041340338	0.0019408043	0.0035827495	8.8529465e-05	0.00014340391	0.00071422535	0.00061569834	0.00048695164	0.0007103897	0.0008187961	0.0015069484	0.00047978607	0.000481167	0.009488684	0.0026545005	0.025315717	0.00013776546	0.00041670856	0.002587396	6.169165e-05	0.0028943343	0.00066468486	0.0002774807	0.0004900528	0.00037326218	0.002974454	0.0007185301	0.0008162309	0.0036380826	-20.17342567443848
s04e23c	65.0	5.0	0.87498766	0.87498766	0.0044784267	0.25874498	0.001560861	0.00057749724	0.0070703835	0.002449967	0.0025807102	0.045864385	0.000667138	0.00030256007	0.0008080678	0.0010736408	0.0010915628	0.00029746996	0.0006357524	0.00041480514	0.00012454715	0.00030657055	0.011897705	0.010416402	0.0016130452	0.0073264013	0.002519886	0.0073264013	0.07735854	0.0048361593	0.0012921189	0.00060982583	0.0007130254	0.00074365747	0.0009184491	0.0013346391	0.0005890639	0.0020456305	0.0004248465	0.0018958045	0.0010337791	0.00024144011	0.00049370097	0.0010337791	0.00048958824	0.0018389393	0.0032717958	7.221886e-05	0.00022746394	0.00084974186	0.0010900171	0.00090059335	0.0007121734	0.00064411794	0.0018581315	0.00047685852	0.0006368855	0.008852471	0.0015494279	0.021158908	7.368523e-05	0.0017071415	0.0064245192	0.00012034837	0.0026174707	0.00066154014	0.00016546743	0.00048668848	0.00056234584	0.0036150445	0.0010934585	0.00031427943	0.0077855736	-21.220603942871094
s04e23c	70.0	5.0	0.8415436	0.8415436	0.008508024	0.1792896	0.00053473364	0.00084493496	0.00386825	0.0015087948	0.0032618651	0.01764339	0.0008318333	0.00025090363	0.0012373286	0.0013769784	0.001025255	0.00022612067	0.0005511052	0.00016803508	9.804498e-05	0.00076571683	0.006879518	0.0042008855	0.00056542875	0.0014945526	0.0018057198	0.002048438	0.0826598	0.0046655876	0.0016127311	0.0009013909	0.0010919429	0.0008248326	0.0011495332	0.0013646114	0.00067494786	0.0011860519	0.00039722238	0.0011860519	0.0005315076	0.00034735206	0.00039127617	0.0005315076	0.0004086689	0.0015988545	0.006893988	0.00010444154	0.00018346522	0.00074485753	0.0012584745	0.0008731971	0.0007436036	0.00067760225	0.0023435806	0.00066878577	0.000527903	0.009206243	0.00087879365	0.009131801	0.00010988799	0.0028044747	0.022963759	0.00012331035	0.0028836054	0.0003325554	0.0002100821	0.00039962665	0.0002738655	0.001990833	0.0011250811	0.0005749401	0.0207348	-20.629371643066406
s04e23c	75.0	5.0	0.8416512	0.8416512	0.03525112	0.079804406	9.620841e-05	0.0053624595	0.074614726	0.002042649	0.0034003705	0.016148048	0.0024076665	0.0003397744	0.0023079421	0.0023229746	0.0016508374	0.0010305665	0.0021449367	0.0007075355	0.027593521	0.023863748	0.008638312	0.0019423779	0.0013405437	0.001439487	0.0012151321	0.0016976933	0.061111204	0.004606029	0.0019313875	0.0008411125	0.000523724	0.0005969742	0.0013717781	0.00043719166	0.001067219	0.001999318	0.00045842215	0.001999318	0.0056522335	0.0010736868	0.00029396135	0.0056522335	0.00082368864	0.0021926537	0.010901485	0.0011040827	0.0013336856	0.0008594045	0.0027518244	0.00091413147	0.0014353072	0.00180425	0.0024302653	0.0008735457	0.0005132953	0.005629518	0.0014076466	0.0024434775	0.00017534687	0.0014471778	0.0016738438	0.00043430165	0.001592951	0.00031919507	0.0004093358	0.0010077395	0.000695465	0.007905534	0.0023625023	0.00057794986	0.0023625023	-20.017072677612305
s04e23c	80.0	5.0	0.85547996	0.85547996	0.023379942	0.02442351	0.00021126622	0.0053680064	0.124868296	0.0030160404	0.0026434725	0.0033537783	0.0027650597	0.00075685646	0.0025238635	0.0015450714	0.0016784981	0.00045742953	0.0029606828	0.0003588144	0.0034863984	0.020851986	0.24432464	0.24432464	0.001026953	0.003665937	0.00068672164	0.003665937	0.076950304	0.008874483	0.0033844425	0.0011843398	0.00047084637	0.0010232087	0.0031531863	0.0007589766	0.00058918947	0.0005949266	0.00042988447	0.00055009336	0.0013475809	0.00068682275	0.00019420094	0.0013475809	0.00044881224	0.0010456084	0.0019856072	0.0004061127	0.00042996602	0.00082424213	0.0017166907	0.00055084523	0.0010365666	0.0012311238	0.00470193	0.0005214809	0.00034877777	0.0010762156	0.00041858313	0.0028620646	0.00036503313	0.0013546098	0.00032094598	0.0003462952	0.0009841238	0.0004168585	0.00043386075	0.0028899491	0.0013565748	0.0015191648	0.0030091156	0.00020656364	0.0030091156	-21.41842269897461
s04e23c	85.0	5.0	0.11865085	0.11865085	0.00056041236	0.0012800473	0.007846985	0.0027158905	0.0015076158	0.019770356	0.07370644	0.0035330798	0.0025451547	0.00025454708	0.002283831	0.0002533027	0.000319786	0.00021094599	0.0002990992	0.0003389384	0.00018376214	0.0004408407	0.01525195	0.01525195	0.005258856	0.0014598484	0.0006196396	0.0014598484	0.850925	0.12236388	0.01937035	0.0071569853	0.0018374616	0.0027799308	0.0021528217	0.00021729856	0.022878934	0.0027136805	0.0023790302	0.0014164667	0.00070617977	0.0035379212	0.0015657449	0.0035379212	0.0006183326	0.0067112213	0.03254685	0.0023319987	0.0005767489	0.0010061509	0.001956286	0.0011857135	0.005805118	0.0005930261	0.00020370375	0.0005563444	0.0017367804	0.00436337	0.00024922562	0.0005717951	0.00018785599	0.00081620744	0.0010241254	0.0005835365	0.000979167	0.00070309144	0.0018712158	0.0024020725	0.00064041675	0.0017657157	0.004934788	8.2168044e-05	0.004934788	-19.329790115356445
s04e23c	90.0	5.0	0.81156117	0.81156117	0.012831146	0.06535721	0.0023287018	0.0066544577	0.0021796797	0.00888285	0.01794061	0.016691996	0.00043299288	0.0003035754	0.001416193	0.0047794213	0.0031947587	5.322673e-05	0.003728304	0.00031351	0.0013060152	0.014990234	0.005098546	0.0037991523	0.00076991087	0.006949331	0.0007101433	0.007753196	0.08814868	0.005345641	0.001658628	0.0007054993	0.00033722998	0.00068954745	0.0020330264	0.0002239837	0.0008425564	0.001285412	0.000362025	0.0012277242	0.00081501337	0.00032480474	0.00037750168	0.00081501337	0.0030505937	0.0012971448	0.0012473654	5.6981986e-05	0.00011993639	0.00037607926	0.0002698684	0.0005852258	0.00069088506	0.002702038	0.0010945398	0.002430122	0.0051849806	0.0038860268	0.0006942347	0.0021946745	0.00035666686	0.0007002819	0.0014800329	0.00010197407	0.00436139	0.0012051609	0.002556683	0.0021243233	0.0009649732	0.0135213705	0.0021532224	0.0011142832	0.005835995	-20.44666290283203
s04e23c	95.0	5.0	0.9274743	0.9274743	0.02249073	0.40820345	0.00043815144	0.0029099279	0.063843735	0.0025241722	0.0018803745	0.0037290107	0.00064882607	0.00025492694	0.004036889	0.0016210396	0.0008046988	0.0004190217	0.00069863704	0.001798572	0.0011437737	0.010301929	0.006186458	0.00216995	0.0018626206	0.00081820955	0.00020713914	0.001540881	0.050382603	0.0033286342	0.00059830374	0.0007762545	0.0006073354	0.00058177055	0.0013110708	0.00014090189	0.00038628266	0.001438312	0.00031831136	0.001438312	0.0006367347	0.0003658269	0.000470099	0.0006367347	0.00064846996	0.0008212348	0.0013489331	0.0002966628	0.00026091753	0.00031102536	0.0012753438	0.00026116616	0.0014190306	0.0035733588	0.00016014738	0.0015497332	0.0012838237	0.011894078	0.00024087036	0.00095716264	0.00023263469	0.00036801418	0.00045176002	0.0001606043	0.0010875993	0.0002849015	0.0004754696	0.001296087	0.0014126046	0.0062878816	0.0023372588	6.1098806e-05	0.003631324	-21.98208999633789
s04e23c	100.0	5.0	0.83097005	0.83097005	0.03551425	0.075793974	0.0027963782	0.006205911	0.08704522	0.0124655925	0.0011105568	0.0060475366	0.0010184966	0.00038976045	0.0024928048	0.0018884868	0.0025895885	0.00522488	0.0011322174	0.00053110934	0.0024208804	0.29022858	0.006991433	0.0030826093	0.0040885415	0.002795687	0.0031896755	0.0031896755	0.0916401	0.0053155674	0.0010024632	0.00045742514	0.00012222667	0.00070176664	0.0016449122	0.00028407425	0.00064668845	0.0007602757	0.0004661817	0.00039905883	0.0029917918	0.0012065851	0.000111204485	0.0029917918	0.00075731496	0.0025070296	0.0019236653	0.00034197757	0.0006747501	0.0005669587	0.0010226697	0.00083525135	0.00083415577	0.0023749052	0.00030659977	0.0003666547	0.00078198774	0.010963868	0.005144158	0.004672382	0.0002719987	0.0006233553	0.00036326854	0.00027376343	0.0017549453	0.001106106	0.00050222373	0.0022185314	0.0022736662	0.0048582936	0.003734792	0.00033368604	0.003734792	-19.144790649414062
s04e23c	105.0	5.0	0.8627886	0.8627886	0.027515568	0.14297421	0.000483755	0.0135604525	0.16383018	0.005687697	0.00662598	0.003357558	0.0002727219	0.0005642846	0.0014153712	0.01098096	0.002671382	0.0005126179	0.0051489384	0.0011279909	0.027188048	0.15828493	0.0049122605	0.0049122605	0.0013986869	0.002820677	0.0014025471	0.002820677	0.10216923	0.013003576	0.0033256093	0.001597393	0.0005858687	0.0011473398	0.0073051355	0.00078049686	0.001445071	0.0009955291	0.0005469064	0.00061543373	0.003899632	0.0008116772	0.00011630221	0.003899632	0.0005106642	0.0025856774	0.0016676426	0.00031400658	0.0009873215	0.0019471417	0.0017883257	0.00068573374	0.00076702744	0.007424376	0.0013171498	0.0022700918	0.001040663	0.0050635883	0.0012061973	0.012468157	0.00016029358	0.0012053571	0.0005350724	0.00020508589	0.001497185	0.0017886331	0.00046765624	0.002439587	0.0008945581	0.007912433	0.009896919	0.00026153369	0.015881838	-20.001935958862305
s04e23c	110.0	5.0	0.9142497	0.9142497	0.09371281	0.02323166	0.001565069	0.0198549	0.042290077	0.026176674	0.005309429	0.0021572125	0.00094136345	0.00029453982	0.0015570876	0.020594211	0.0011849361	0.00010459314	0.0016605224	0.0010804166	0.0025518907	0.44557694	0.003217085	0.003217085	0.0012537666	0.00097069674	0.0006942195	0.003550634	0.169366	0.012228505	0.004029019	0.0009222417	0.00042962414	0.0013024868	0.010490695	0.0007129054	0.0015047473	0.0008709573	0.00075040443	0.00052365963	0.0015035899	0.00084750605	0.00033948832	0.0015035899	0.0012586879	0.008546553	0.0043531717	0.00034349185	0.00043497243	0.0007882644	0.0006194076	0.0015058223	0.0012085738	0.005882903	0.0021246579	0.00052111025	0.00097078725	0.013444828	0.00021889247	0.001036612	0.0006047676	0.0011856694	0.0015074133	0.00012522103	0.0024828103	0.0012923465	0.0014697976	0.004144988	0.00197516	0.0033384108	0.0034668038	0.00039296245	0.0058101458	-18.69491958618164
s04e23c	115.0	5.0	0.9061339	0.9061339	0.068492055	0.045735393	0.0042961393	0.002097069	0.10790149	0.0070662065	0.001600437	0.03851179	0.00015684382	0.00020949902	0.0061832606	0.0053360863	0.017615987	0.0011545544	0.0020781048	0.00039434587	0.0007173923	0.18340203	0.02284739	0.02284739	0.0031167518	0.013283883	0.0023794228	0.013283883	0.15931019	0.011132937	0.0042609307	0.00062941056	0.00024383611	0.00084105966	0.0032254236	0.00089513697	0.0006034212	0.0014020429	0.00073962787	0.00084335724	0.0019661298	0.0007856899	0.00031734476	0.0019661298	0.0017596579	0.0038470072	0.0032796022	0.0003741484	0.00048576036	0.000513275	0.0008037064	0.0026924594	0.0010322615	0.0016079732	0.0003868793	0.0010950018	0.0009818873	0.003792585	0.00039493165	0.006211777	0.0006618942	0.000899638	0.001737543	0.00029206453	0.0018681642	0.0009237547	0.0007561421	0.001932925	0.002980517	0.0045502824	0.0023730192	0.00027894857	0.002980517	-20.61051177978516
s04e23c	120.0	5.0	0.7431062	0.7431062	0.05043996	0.004116453	0.00031573145	0.00042702892	0.0019983563	0.00035635944	0.00095982366	0.0012229997	0.00034610723	0.00022735573	0.0049159657	0.009635194	0.00046424757	0.00017204975	0.0013231485	0.00030678106	0.00041349896	0.0016564613	0.008446294	0.008446294	0.0046800943	0.010666833	0.0043955883	0.010666833	0.67354196	0.07273731	0.015243997	0.0035406929	0.006900354	0.004747741	0.015931752	0.001586151	0.002024651	0.0018541429	0.0013207953	0.0010453276	0.0012058894	0.0010180707	0.00064195483	0.0012058894	0.0017594368	0.00719037	0.0060251835	0.00016029923	0.0007195796	0.0009834208	0.0009524576	0.0006148639	0.0017628318	0.0051083947	0.0011134222	0.0038697475	0.00089775794	0.01157421	0.0005493807	0.0071578124	0.00030848832	0.0010754603	0.0017127596	0.0004444742	0.0033610414	0.002775952	0.0043518445	0.008093336	0.0010140187	0.0031144458	0.002298124	0.0001058987	0.011486601	-20.46534538269043
s04e23c	125.0	5.0	0.85281396	0.85281396	0.071084276	0.06503754	0.00059674017	0.004572783	0.25092897	0.0026092688	0.0022585758	0.0023265656	0.00023518919	0.00021424492	0.007274948	0.0024447597	0.0012466208	0.0015447418	0.0022151996	0.0012829083	0.004357979	0.043909572	0.002095517	0.0020431166	0.0014439258	0.0007622917	0.00027328203	0.0011446615	0.068724185	0.012928126	0.004203627	0.0011316852	0.00048118696	0.0013476125	0.0037224265	0.0003020505	0.00034668465	0.0013499348	0.00039280177	0.00053796894	0.0015506395	0.0008262497	0.00016521093	0.0015506395	0.00068132073	0.0012358975	0.0016200561	0.00038224272	0.00033652873	0.0004540518	0.0011582226	0.00053167867	0.0015343941	0.0069909333	0.00020999799	0.0018409559	0.0010681562	0.010897865	0.0008435557	0.003363953	0.00089634984	0.00042260494	0.00017459893	0.00013024786	0.0019406066	0.0009931433	0.0006129444	0.0032136282	0.0040965057	0.0034802791	0.0051270262	0.00017420981	0.010918356	-19.624765396118164
s04e23c	130.0	5.0	0.85106885	0.85106885	0.04552767	0.04886935	0.0007182149	0.008887499	0.24403149	0.00321659	0.0031634956	0.0047731786	0.00052872754	0.0006838183	0.0014951661	0.00305263	0.0075743734	0.00090768334	0.0021067816	0.0010261978	0.0069754287	0.094392926	0.010453916	0.003436573	0.0010981226	0.0027332872	0.0013928375	0.0027332872	0.042844363	0.009142832	0.004672029	0.0013366962	0.00075658027	0.0015288601	0.0048394147	0.0005037608	0.00077936496	0.0009429254	0.00058767205	0.0007613589	0.004391592	0.0008249611	0.00022558813	0.004391592	0.0014265948	0.0029238656	0.0034091806	0.0003848701	0.00021237481	0.00054476596	0.0016371009	0.0020439413	0.002077153	0.002597368	0.00079390197	0.0003823191	0.0008452422	0.0119859865	0.0019936014	0.0046375566	0.00057045923	0.0007691775	0.0011425774	0.00017579149	0.0063682636	0.0019440008	0.00064623845	0.0021320274	0.0029030184	0.0031764219	0.0039250227	0.00013701923	0.0063682636	-19.000513076782227
s04e23c	135.0	5.0	0.84089327	0.84089327	0.030675376	0.004017415	0.00054842647	0.0006855841	0.0025511065	0.00044489896	0.0022736879	0.0010052588	0.0012512435	0.00039013068	0.011319761	0.0040163123	0.0011837577	0.00011256862	0.0011452738	0.0003642147	0.00020739803	0.00140725	0.006826916	0.0049289195	0.00090919936	0.0022714345	0.0018935213	0.0061392356	0.088183984	0.017170133	0.008839343	0.001107799	0.0006618305	0.001259194	0.0044727093	0.00057706394	0.00048510957	0.00174309	0.00053416356	0.0007486288	0.0008560466	0.00023772162	0.00020713855	0.0008560466	0.0016914577	0.0028556162	0.0020727995	9.521758e-05	0.0004246694	0.0007391914	0.00059522496	0.00094977795	0.001266822	0.0060889972	0.0014659683	0.003531039	0.0020914804	0.013337422	0.00024598977	0.010046818	0.00046084504	0.0016333518	0.0043433965	0.00028040286	0.018214256	0.0033309006	0.00048701174	0.0014349772	0.00082556193	0.006661578	0.0021551629	0.00012255194	0.039406188	-20.412353515625
s04e23c	140.0	5.0	0.9298412	0.9298412	0.008835011	0.18300435	0.005745502	0.0006699239	0.019744612	0.006185502	0.005623723	0.028057378	0.00015921191	0.0003465358	0.0050253537	0.0009277456	0.0009671445	0.00056458	0.0013964855	0.00033931344	0.00014780802	0.0009930142	0.0049286433	0.0049286433	0.0010674899	0.0014000216	0.001269625	0.006053249	0.38081768	0.03514906	0.008778038	0.0013162406	0.00064833154	0.00109367	0.003434673	0.00023067492	0.00077449897	0.0013641753	0.00023482935	0.0006044639	0.0004052277	0.00017319633	0.00012264043	0.0004052277	0.0004485308	0.0008303789	0.0010794053	5.7313326e-05	8.261013e-05	0.00033246193	0.00027411288	0.0006034882	0.00040405296	0.0013399561	0.0007040778	0.002161866	0.0016776227	0.023807984	0.001073379	0.033936724	0.00022866928	0.00029392212	0.001378889	9.876055e-05	0.0020037699	0.0005132804	0.00018403288	0.0007287022	0.00074164645	0.0061432114	0.0015009379	9.1701266e-05	0.0033409724	-22.311206817626957
s04e23c	145.0	5.0	0.82256705	0.82256705	0.046596672	0.023133038	0.0005112491	0.0036996207	0.2672341	0.0023051822	0.0016007463	0.0010117018	0.00074571196	0.00035493693	0.0016772712	0.0043851943	0.001981999	0.0010281237	0.0044160862	0.0049658488	0.022522207	0.026703915	0.017346445	0.0009007204	0.0010723282	0.00067821017	0.00038750606	0.0009133209	0.22094025	0.010446777	0.0038191988	0.0024684302	0.0006632535	0.0018446697	0.00611062	0.00037265898	0.0015828469	0.0026000016	0.0011968417	0.0026000016	0.0026938987	0.0030844735	0.0009815693	0.004126331	0.0011637349	0.0036867475	0.007303587	0.0020621282	0.0011052918	0.00045856353	0.0068518687	0.00042649257	0.0025303697	0.00644011	0.0006634235	0.001183078	0.0009520634	0.005558556	0.0025099623	0.0005551997	0.00027615263	0.0032277666	0.0009218376	0.00056605315	0.0013093463	0.0010725228	0.00086663227	0.0016453045	0.0020121126	0.005608382	0.005357799	0.00014539392	0.017940475	-20.19325256347656
s04e23c	150.0	5.0	0.75331616	0.75331616	0.05485721	0.006216498	0.0009823617	0.0008814411	0.005273344	0.0006354749	0.0010957322	0.0037434674	7.697269e-05	0.00025177567	0.0016158882	0.05933961	0.00027138455	0.00051032746	0.0008996217	0.00022698796	0.0054030702	0.096105576	0.012381359	0.008647194	0.010886655	0.02876188	0.0024661652	0.02876188	0.37431464	0.060423728	0.027751993	0.0017987139	0.000490299	0.0018948907	0.004711739	0.0006291707	0.0005658013	0.008098306	0.005195317	0.008098306	0.008823411	0.01068331	0.002377789	0.011201319	0.00299572	0.027496602	0.017890029	0.003730793	0.003275228	0.0006275235	0.15068226	0.0015672089	0.007063902	0.0018389577	0.00010670507	0.0011139548	0.00084959326	0.002440959	0.0003295106	0.00026418924	0.00024212454	0.0017019542	0.00072208315	0.004304815	0.014572132	0.0007324984	0.0019686758	0.0013349558	0.001255183	0.012808757	0.0003752749	0.00015724722	0.080564365	-26.21495819091797
s04e23c	155.0	5.0	0.8509283	0.8509283	0.0419472	0.007672152	0.00020844837	0.0006311935	0.0010209194	0.00024136646	0.0019617167	0.0028619012	9.4231764e-05	0.00013943888	0.0033723675	0.0031014849	0.00046975477	0.00015334248	0.002473171	0.00039689176	0.00022692996	0.00073140993	0.00423597	0.00423597	0.0010233851	0.0039588655	0.0012950697	0.005213909	0.8124377	0.08968131	0.00883781	0.011501425	0.0058174166	0.010114158	0.006410077	0.001978466	0.0030495755	0.0024312877	0.00055884605	0.0019894606	0.0006942135	0.0003398831	0.0006863235	0.0006942135	0.001517773	0.0017940302	0.0024767807	0.00015939631	0.00021561817	0.00045981538	0.0006668758	0.0012890642	0.0006244078	0.0038244363	0.0020526443	0.007045394	0.0014568904	0.0034301057	0.00039239344	0.0016043795	0.00040922285	0.001260407	0.0011573497	0.00015432894	0.008554892	0.0021062123	0.00047878304	0.0013919444	0.02022818	0.005060961	0.006428231	8.755876e-05	0.02022818	-22.173030853271484
s04e23c	160.0	5.0	0.82323545	0.82323545	0.06631468	0.003904035	0.00028749695	0.0030823497	0.17906156	0.00053152005	0.00738086	0.003359577	0.0023448274	0.0005825807	0.0015992778	0.004287353	0.0010308345	0.0014090992	0.0024209747	0.0031106316	0.022137223	0.02806121	0.0631067	0.002443575	0.0024480915	0.0015665621	0.00035056373	0.0017134805	0.041358035	0.008331034	0.006061115	0.0016959832	0.0007441566	0.0014300381	0.0052961893	0.00037113662	0.00040334483	0.0011631808	0.00066730904	0.0010539774	0.003570884	0.0008800086	0.00036358935	0.003570884	0.001710874	0.003304815	0.004838907	0.0008688767	0.00050682697	0.00025138014	0.011137673	0.0007348949	0.002070942	0.0070013916	4.179384e-05	0.00064754294	0.0013370991	0.0026763016	0.00013952826	0.00015554792	0.0003084257	0.00036598317	0.00029959093	0.00065598416	0.002346588	0.0005386619	0.00053178304	0.0015529076	0.0009269998	0.003714135	0.0008719687	0.00011854265	0.01659068	-19.72745513916016
s04e23c	165.0	5.0	0.7513697	0.7513697	0.05576233	0.029799145	0.00044659388	0.0022611895	0.05515004	0.0031501555	0.0017355186	0.0070221545	0.0010633538	0.00092817436	0.00775276	0.0047098384	0.0012822438	0.0014188571	0.003989875	0.001207521	0.0110904705	0.024003267	0.011360788	0.004642538	0.0021586316	0.004044453	0.0015145087	0.010793178	0.05037385	0.0050856965	0.0020657012	0.0009488066	0.0003647086	0.0007688755	0.0032272928	0.0002759079	0.00024087518	0.0070250616	0.0047704927	0.0070250616	0.026690658	0.014881093	0.0011601914	0.026690658	0.0014701007	0.006779787	0.0078300275	0.0030754635	0.0012629877	0.0011375308	0.018527504	0.0017991953	0.0015371632	0.0051348833	0.00012900183	0.002330893	0.0006833311	0.005402061	0.0030478844	0.013374602	0.00032619934	0.0016676522	0.00095883023	0.0007927778	0.0021284544	0.00083395035	0.0010699007	0.00262991	0.0019534652	0.018202147	0.0015392577	0.00044944865	0.0099799745	-24.035667419433597
s04e23c	170.0	5.0	0.8864183	0.8864183	0.028182436	0.14807348	0.001572394	0.0015765836	0.09992147	0.0012872141	0.0014709156	0.017165782	0.0005659563	0.0004610256	0.0031562063	0.0016812859	0.0017045594	0.0005572344	0.0016994711	0.0005955921	0.0013097922	0.0350168	0.029674053	0.029674053	0.004558428	0.014264436	0.0048647067	0.014264436	0.1318268	0.0063883057	0.0011082265	0.00095410424	0.00034214926	0.00095653	0.002529205	0.00041827862	0.0006702886	0.0018119091	0.00041776433	0.0008968774	0.0018709094	0.0005353808	0.00019751565	0.0018709094	0.000568002	0.001278903	0.00097145716	0.00022194648	0.00026629627	0.0011078507	0.0009516072	0.0006801601	0.00043201106	0.00392086	0.00080323586	0.0007287435	0.0014266621	0.008021531	0.0019494847	0.031264745	0.0002835693	0.00073783734	0.000535166	0.00018195582	0.0023165033	0.00095455436	0.00025943934	0.0018635242	0.00248103	0.005205754	0.00576385	0.000119604396	0.00576385	-20.014049530029297
s04e23c	175.0	5.0	0.8609191	0.8609191	0.014860515	0.015168107	0.00045747595	0.0021382063	0.24094406	0.0010257185	0.0015567659	0.0050676377	0.0005852654	0.00093712576	0.0017558126	0.0019429687	0.002715169	0.0020474487	0.0019357502	0.0060110246	0.004479649	0.021003185	0.016939431	0.0035651946	0.0010918577	0.006020933	0.00053828413	0.006020933	0.109023534	0.0036311478	0.0012789401	0.0007215982	0.00046272375	0.000609546	0.001892824	0.0003252677	0.00065438065	0.0015168128	0.00081931904	0.0015168128	0.002563687	0.0015169567	0.0005638277	0.002563687	0.003051127	0.0027801618	0.012647152	0.0020203325	0.0009872251	0.0006487456	0.0041163773	0.0009458218	0.0032532287	0.006730167	0.00018382785	0.0008896628	0.0009358253	0.0026219746	0.00055096915	0.0007312765	0.000426654	0.0015949591	0.0006119361	0.00042360116	0.0010250683	0.0010857189	0.0011006356	0.00147574	0.0011563645	0.0039452533	0.0016480458	9.8036006e-05	0.004652641	-20.301837921142575
s04e23c	180.0	5.0	0.8560661	0.8560661	0.07266678	0.02832334	0.0002748105	0.0084323	0.04538087	0.0024904714	0.00161685	0.0009980638	0.00050819456	0.00015021436	0.00072118465	0.0028254702	0.00048988935	0.0003674275	0.0009823631	0.0039410354	0.0031439343	0.008416976	0.0031100358	0.0031100358	0.0020440298	0.0028149127	0.0008239292	0.0028149127	0.66091186	0.023808595	0.0035190564	0.0011010199	0.0005400489	0.0019414102	0.004695597	0.00068746775	0.00208261	0.0021306106	0.00078977714	0.0015746024	0.0021620893	0.0022703889	0.00042646937	0.0024180147	0.00043662605	0.0033711547	0.006088117	0.0010057277	0.00067204784	0.0013941281	0.01023645	0.00071980146	0.003434301	0.007579795	0.00031953974	0.0026935018	0.00085759215	0.01496067	0.00077684876	0.0011828842	0.00059431227	0.0015626246	0.00050442753	0.0004408388	0.002493348	0.0018586144	0.0004890952	0.0031519127	0.0014629525	0.010402462	0.007907834	4.129525e-05	0.033391558	-23.24884414672852
s04e23c	185.0	5.0	0.89484906	0.89484906	0.043984883	0.023402154	0.00088534626	0.0024373482	0.12223576	0.0029871457	0.0041900002	0.0036341406	0.0013934929	8.762365e-05	0.030818071	0.002427287	0.0009136177	0.0014506322	0.0011266673	0.0014124021	0.0012001296	0.031764083	0.005629115	0.005629115	0.0027479567	0.004858153	0.0010851135	0.004858153	0.6607688	0.014122593	0.0040590307	0.00038726802	0.0002173968	0.00074988295	0.004670513	0.0004977676	0.001266091	0.0017391201	0.00056634186	0.0017391201	0.0019763168	0.002599298	0.0005297402	0.002599298	0.0005561803	0.00475764	0.021821091	0.00061723887	0.00026981026	0.00047757858	0.00084783067	0.0005025685	0.0021675846	0.003051989	0.00048628644	0.0007872994	0.0010481407	0.020174604	0.0017504293	0.014242616	0.00035432674	0.0024710582	0.00017405223	0.00022285641	0.0036808234	0.0030887343	0.0007419685	0.0017138949	0.0032455195	0.005066294	0.0019712914	0.00026649897	0.008331798	-22.91872978210449
s04e23c	190.0	5.0	0.79376405	0.79376405	0.113349885	0.006726588	0.00035894493	0.0030356005	0.07373448	0.00068179	0.0017949407	0.0011435242	0.00013605476	0.00106056	0.0015181943	0.007961177	0.0014504077	0.00040950658	0.0033216525	0.00058170705	0.036906607	0.012842959	0.010021085	0.006828604	0.0014447833	0.007678792	0.002123459	0.007678792	0.016665664	0.010562552	0.004347605	0.001463735	0.000480237	0.0010483963	0.003408032	0.00052778417	0.00032484377	0.0033322824	0.003306119	0.0033322824	0.023585092	0.0062429924	0.00052641437	0.023585092	0.0012406689	0.011490057	0.0137397675	0.006654697	0.0013112543	0.0018885317	0.016317686	0.0029242102	0.0037493955	0.007625589	0.00013037748	0.0023259528	0.0017042039	0.0018217337	0.0004705931	0.00037089188	0.0009085927	0.003091505	0.00055336644	0.00081030594	0.003043021	0.0012789273	0.000621029	0.0015046112	0.00083317154	0.012024746	0.0048397337	0.00012510468	0.036517885	-20.644132614135746
s04e23c	195.0	5.0	0.8156706	0.8156706	0.07247138	0.046006594	0.00049533905	0.011920795	0.009945899	0.0043831565	0.003996311	0.0028778662	0.002044204	0.00014266047	0.008000038	0.014279142	0.0011928481	0.00013367496	0.0026388604	0.0012899454	0.0010415625	0.10140211	0.012881792	0.012881792	0.0018387721	0.0018938098	0.0011895926	0.0018938098	0.38782135	0.01778917	0.0054686368	0.0011609354	0.0010229928	0.0013032437	0.0037137468	0.0006796557	0.0015439469	0.0008173142	0.0006474448	0.000563616	0.0008706291	0.0008036639	0.0002342028	0.0008706291	0.0009423336	0.0040681316	0.005459052	0.0005215448	0.0006457951	0.00077667774	0.00075136794	0.0009840431	0.0007674094	0.004740678	0.0025421893	0.0016916107	0.003203849	0.011261798	0.00029441263	0.011241189	0.0011784318	0.0007892111	0.004813922	0.00022449534	0.005436219	0.001035616	0.0007016389	0.003019469	0.0015952521	0.00395567	0.0035955068	0.00016700481	0.008593103	-22.756452560424805
s04e23c	200.0	5.0	0.8396598	0.8396598	0.014454285	0.12079951	0.0013773482	0.0010222149	0.0059142136	0.0018660696	0.001580934	0.011731502	0.0006467831	0.00026346883	0.0047662114	0.0025464382	0.0010745892	0.00034998386	0.0014985285	0.0014987804	0.0002359596	0.001495369	0.02119476	0.02119476	0.018021567	0.008669251	0.012207339	0.012207339	0.3299425	0.0124712875	0.0026543064	0.00078845443	0.00057862647	0.0007311901	0.0019451253	0.0008213624	0.0008557795	0.0012987519	0.00035963338	0.00081259577	0.0007697186	0.00031510298	0.0003327876	0.0007697186	0.00048131513	0.0022858875	0.0025443921	0.000120147924	0.00017699439	0.00079783425	0.00084843923	0.0004811592	0.00085343956	0.0018119833	0.00041618192	0.0022971402	0.0017894334	0.04322979	0.00079908513	0.0118528465	0.00022407086	0.000517629	0.0025699828	0.00013183137	0.0026543492	0.00038367326	0.0002495238	0.0012246585	0.0009908684	0.0044905627	0.0012674556	0.0001465204	0.004627201	-21.859050750732425
s04e23c	205.0	5.0	0.8060038	0.8060038	0.05820749	0.02867599	0.00055369514	0.0020753064	0.23631687	0.002094492	0.0026114502	0.0017794889	0.00020667909	0.00016294431	0.011147014	0.0014320279	0.0020701136	0.00054928334	0.0015941529	0.0010135976	0.00391198	0.029234542	0.0033763796	0.0017162461	0.0018429864	0.002756432	0.00066737743	0.002756432	0.30680522	0.03640887	0.009416449	0.0012427606	0.00027705773	0.0009968725	0.0070714043	0.0015392519	0.0005652657	0.0014766396	0.0010252901	0.0014766396	0.009068418	0.0053658555	0.0002928941	0.009068418	0.00083896733	0.0063566486	0.0047336025	0.000969533	0.0007443183	0.0006711233	0.0027947992	0.00048437444	0.0014701623	0.0047621555	0.0005316571	0.0010876522	0.0008876649	0.006007661	0.0025279566	0.008807079	0.0004396924	0.0006671656	0.0003127324	0.00026805443	0.0013278807	0.0014467451	0.00018372148	0.0015600787	0.007503372	0.012578765	0.002101808	0.00022076354	0.007503372	-21.91681861877441
s04e23c	210.0	5.0	0.6784641	0.6784641	0.0097191455	0.008625324	0.00035452386	0.0042158263	0.017035397	0.0004357344	0.0066948486	0.0007368157	0.0012708312	0.00012531935	0.00085873035	0.0060220174	0.0005713293	0.00011005357	0.0007297397	0.0009092253	0.0006925971	0.029356437	0.0072298776	0.0026027767	0.0013741754	0.009012108	0.0016123948	0.009012108	0.13941564	0.009787886	0.0021383415	0.000654799	0.0003304396	0.0009938229	0.003095212	0.00017122393	0.00091486034	0.0015403221	0.0015265101	0.0008248047	0.0010905317	0.0024901207	0.0005212496	0.0024901207	0.000792629	0.011210238	0.0071674804	0.00044417285	0.000534104	0.0007504906	0.0011517989	0.00042633302	0.0026091125	0.015688894	0.0009056014	0.0037623418	0.0017447502	0.006406009	0.00044218072	0.0011355457	0.00059087656	0.0005591838	0.0012092118	0.00013019063	0.0023283637	0.0021988521	0.002401709	0.0044849324	0.0007692853	0.006800829	0.0031732742	8.542451e-05	0.023394443	-19.97723197937012
s04e23c	215.0	5.0	0.8385123	0.8385123	0.029194336	0.026983261	0.00051640987	0.0019398459	0.042323694	0.001091802	0.0021059678	0.0012800692	0.0008481588	0.00022072312	0.007128438	0.034411933	0.0009780565	0.0002565271	0.0014952217	0.0012022646	0.0042601745	0.025364632	0.027483681	0.0150635205	0.0041432404	0.017260417	0.008048877	0.017260417	0.47440374	0.030381933	0.0053075985	0.0016265669	0.00068516866	0.0016341903	0.0060962965	0.0004256786	0.0017021283	0.003910003	0.0017823414	0.003910003	0.008412071	0.003973325	0.0015321006	0.008412071	0.0010140312	0.015242515	0.010397289	0.0006364277	0.0004549495	0.00063990394	0.012311568	0.0019494263	0.0033484097	0.005354179	0.00077503495	0.0012705364	0.0010220717	0.044804763	0.0022077733	0.005654254	0.0005481395	0.0012506519	0.00052254525	0.0013151177	0.0053846566	0.0023724807	0.0016985897	0.0029936587	0.0023056013	0.013208674	0.0063103894	0.00016615471	0.020987205	-23.49396705627441
s04e23c	220.0	5.0	0.8106676	0.8106676	0.045667745	0.015537884	0.0002696848	0.002258205	0.008440533	0.001419973	0.00634058	0.0006484523	0.0005943043	0.00021290216	0.0039434736	0.019510886	0.0044093197	0.00022038099	0.0015582741	0.0026017842	0.0009128333	0.0063732085	0.0147205135	0.0077685667	0.0032752373	0.0050937734	0.0020975103	0.010120538	0.37398857	0.01610107	0.0024929803	0.0011014605	0.0013495904	0.0016896365	0.0055585215	0.00046077522	0.0013755797	0.004579869	0.0009643004	0.0031519486	0.0028983182	0.0006863954	0.000336965	0.0028983182	0.0051701367	0.0061393315	0.0026471824	0.00018281247	0.00026788426	0.00091414194	0.0013475034	0.003741021	0.0011627931	0.002877713	0.00041001866	0.0035213982	0.0025199808	0.03373719	0.0008620326	0.009266223	0.0024185092	0.001109315	0.0011289067	0.000276517	0.0075567937	0.002153781	0.0005220138	0.0014739654	0.0016819983	0.036764998	0.0024114742	8.211047e-05	0.031334706	-24.24270820617676
s04e23c	225.0	5.0	0.8131586	0.8131586	0.016471528	0.0074216295	0.0012311812	0.0005411547	0.0016883711	0.0037123638	0.001408362	0.0038765178	0.0032766184	0.0012687021	0.07300576	0.0025639834	0.0007287709	0.0004675243	0.0004814044	0.0005784365	0.00013778951	0.001190423	0.014567738	0.014567738	0.010013155	0.0031522932	0.006582097	0.00875771	0.14421523	0.011926851	0.0031764884	0.0014018794	0.0005198335	0.0013941659	0.0036173156	0.0014855921	0.0006657702	0.0098332865	0.0022342731	0.004246343	0.00416812	0.0029376668	0.0006708823	0.00416812	0.0031564406	0.0072653363	0.003896671	0.00023515892	0.0005506932	0.0015778105	0.0010865679	0.0055154325	0.001986214	0.0035346213	0.0027205453	0.0014909492	0.0014793257	0.016691377	0.00061623025	0.036864664	0.0011104129	0.0014046183	0.00092433713	0.0009604211	0.014849928	0.006219123	0.0008491331	0.002216051	0.004861776	0.013638221	0.0027522906	0.00024328596	0.014849928	-21.875511169433597
s04e23c	230.0	5.0	0.88273704	0.88273704	0.024035046	0.09105106	0.0006406628	0.0021716945	0.09048917	0.0025748916	0.0034058043	0.011457849	0.00014935512	0.0001943104	0.0022531527	0.00765704	0.015816268	0.001774871	0.0020618653	0.0008361357	0.0016680507	0.09143256	0.005502501	0.005502501	0.0021155574	0.004509142	0.00026404922	0.004509142	0.18319184	0.0103859715	0.0018535507	0.0013673817	0.0006979922	0.0008044002	0.0031510377	0.00059096835	0.00038350286	0.0010971109	0.00033784864	0.0005932039	0.0010212512	0.00046718286	0.0002554213	0.0010212512	0.0011473224	0.00123156	0.0041654133	0.0005785335	0.000630433	0.0001855064	0.019936478	0.0011440199	0.003338871	0.012681531	0.00033777088	0.0038222189	0.0011931356	0.0041635665	0.0012042938	0.00066217093	0.0006410482	0.00053990376	0.00040757837	0.0004369702	0.001385924	0.0024233276	0.00074722	0.0040254174	0.004925279	0.005100735	0.009187901	6.4283486e-05	0.017112069	-22.926414489746094
s04e23c	235.0	5.0	0.7725533	0.7725533	0.22038989	0.049074706	0.0005484249	0.011227376	0.081541196	0.0014437876	0.007776105	0.010038313	3.6583817e-05	0.00038506588	0.0006214926	0.011744639	0.000542164	0.00025099167	0.010235271	0.00034311548	0.037378103	0.1088304	0.003368877	0.0024126468	0.0005887959	0.002850377	0.0007041828	0.002850377	0.08388226	0.017506514	0.0036392997	0.0008829268	0.00022810181	0.0005350648	0.007926685	0.000706878	0.0005493069	0.00025843503	0.00014938417	0.00025843503	0.00050193514	0.00027843047	8.516748e-05	0.00050193514	0.0006981615	0.00089554826	0.0011761027	0.00023025215	0.00019698357	0.0008188437	0.0016786859	0.00055522873	0.0006136517	0.012777978	0.00018646616	0.0016871233	0.0024861004	0.0023994024	0.0003231369	0.00022201928	0.0005752816	0.0007715112	0.00040593857	0.00021726872	0.0016938968	0.0011243471	0.00041008883	0.0012040725	0.0015127389	0.0015511438	0.0049577476	0.00010581472	0.0059603965	-19.290691375732425
s04e23c	240.0	5.0	0.6511963	0.6511963	0.019637274	0.0061809835	0.00015794087	0.018982561	0.008850613	0.0034766921	0.037032884	0.0020864566	0.0011475519	0.00056966813	0.010996803	0.0007573799	0.00038935267	0.00024184122	0.0029417914	0.000874396	0.010944804	0.03206818	0.0011575911	0.00085725955	0.0011575911	0.0004356731	0.00016682687	0.0004356731	0.7095773	0.074318945	0.016545625	0.001582975	0.00059848337	0.0022146641	0.108775325	0.0027204754	0.008119815	0.0006503787	0.00019320562	0.00046078398	0.00027037578	0.0005723376	0.00016285671	0.0005723376	0.00050370826	0.0004372373	0.003152034	0.00028098145	0.00019852993	0.00053792744	0.0016505442	0.0007846413	0.00037151008	0.010168008	0.0012112736	0.0012998359	0.0018015425	0.009344896	0.0073442967	0.0005196847	0.0007152597	0.00074785505	0.001130163	0.00033970005	0.00093831227	0.0013339778	0.0019512557	0.017538317	0.007122791	0.0048880237	0.014078565	0.00021693794	0.017538317	-18.07491683959961
s04e23c	245.0	5.0	0.62893224	0.62893224	0.0037153491	0.005072598	0.0065292353	0.014278786	0.038844727	0.024968645	0.02006637	0.0217371	0.0048766416	6.92637e-05	0.0027768128	0.0020353845	0.0021812494	0.0021531559	0.0039550033	0.0010000055	0.0013501664	0.0028219323	0.025456805	0.025456805	0.005632217	0.0077815745	0.0023524943	0.0077815745	0.6441184	0.054494686	0.015399256	0.0032640363	0.003852164	0.0045794277	0.09828485	0.0011486899	0.0072674514	0.0010203779	0.00084262626	0.0008680951	0.0016979753	0.0008092105	0.00041393892	0.0016979753	0.0014831716	0.0024020863	0.002520254	9.3527844e-05	0.00085278356	0.0002655947	0.0012610988	0.0077948244	0.0011729521	0.010375269	0.0007580283	0.020989193	0.0015488422	0.0026691495	0.0004665102	0.0015174905	0.00045723707	0.002642966	0.00047752442	0.00017029211	0.00662251	0.0047001494	0.006551804	0.04856094	0.0031718716	0.0064729922	0.013544872	0.0005051979	0.04856094	-19.3902530670166
s04e23c	250.0	5.0	0.81976503	0.81976503	0.00786737	0.077952154	0.0015327418	0.00096369884	0.0035224694	0.0025735141	0.0010975641	0.06262507	0.0021947161	0.00023847645	0.006042365	0.010496845	0.0021551924	0.00068217027	0.0011868366	0.0015125638	0.001454398	0.0049456554	0.020875337	0.011823996	0.0033706226	0.0066358554	0.01025616	0.018294014	0.068312086	0.0018433313	0.00048661008	0.00048358532	0.00015123001	0.00035013704	0.0009768053	0.00028284758	0.00030613274	0.0079829935	0.0025285725	0.0079829935	0.0061315014	0.0023089666	0.0013925716	0.0061315014	0.0019890137	0.0049065463	0.0036262171	0.00061324803	0.00049342954	0.00039115257	0.0036437528	0.00229193	0.0006145059	0.0062461644	0.00039897248	0.0023582533	0.0007465741	0.001155973	0.0012535767	0.00964037	8.2625964e-05	0.0004993144	0.0005244454	0.0001900214	0.0015597243	0.000716031	0.0010496476	0.0027999682	0.0005013668	0.013476096	0.004411998	0.00017226592	0.004411998	-20.705718994140625
s04e23c	255.0	5.0	0.5037678	0.5037678	0.0022474325	0.013096466	0.0006916579	0.0015595893	0.0010642658	0.0021243747	0.045899488	0.045899488	0.0010242815	0.00041865278	0.0010229114	0.0032334095	0.0011137829	0.0001691749	0.006688551	0.0006824697	0.0003729863	0.0008849123	0.02504112	0.012099343	0.002923468	0.0056030448	0.012150832	0.012848753	0.09090653	0.003080955	0.0016600221	0.0006015056	0.0001179345	0.00038170544	0.0007354253	0.00057486235	0.0013343602	0.012929653	0.0010679908	0.008214233	0.003223405	0.0007971176	0.0015275555	0.003223405	0.0028042905	0.0031911768	0.006119848	0.00043057432	0.0004854549	0.00045095605	0.0018230435	0.0010763187	0.00129486	0.0015495378	0.0003129304	0.0016715958	0.0010311645	0.002813089	0.0005920762	0.0033077046	0.00012736289	0.0004175042	0.0010640576	0.00018115828	0.0024551887	0.00040329524	0.00040931848	0.0013418314	0.0003868922	0.008193558	0.0011319326	0.00043545826	0.0024551887	-20.19118309020996
s04e23c	260.0	5.0	0.89079523	0.89079523	0.026469756	0.36731085	0.00075262133	0.0025289129	0.0036959632	0.0017470346	0.0025237387	0.059104286	8.089787e-05	0.00013545193	0.0015976721	0.008716793	0.00095421425	0.00015794433	0.0012371753	0.00021946632	0.0010004486	0.0064130635	0.022053486	0.0046657315	0.0019857225	0.0023049433	0.0009890806	0.0098168785	0.051160596	0.0018712841	0.0003589713	0.0004248706	0.00023540747	0.00022511736	0.0006241249	0.00037469182	0.00022910704	0.004044004	0.0012728403	0.0039734417	0.001766336	0.0007863993	0.0008862299	0.001766336	0.0024234797	0.0025477756	0.0049558426	0.0005624938	0.00044547397	0.00041689863	0.0017562989	0.0013850617	0.0010219062	0.001626759	0.00020475782	0.0011894085	0.0014054204	0.0028993837	0.00032609643	0.0012392321	0.0002151528	0.0007089096	0.00035563944	0.0001504658	0.0012203575	0.0003632135	0.0006881521	0.00069952913	0.0005344896	0.016625172	0.0012653881	0.000162054	0.0039264397	-23.81180191040039
s04e23c	265.0	5.0	0.8924422	0.8924422	0.03631658	0.10893248	0.004082356	0.0020884343	0.12317419	0.0062014624	0.0014648505	0.02666149	0.0005504041	0.0007065318	0.0037359986	0.0027156284	0.003355706	0.0024327058	0.0021783258	0.0003153599	0.0019421921	0.06809745	0.007842988	0.007842988	0.0027620555	0.00276683	0.0018673774	0.00276683	0.04282335	0.0030838829	0.0012666374	0.0004208445	9.3874085e-05	0.00031293815	0.0013550118	0.00032422034	0.00015834681	0.002174904	0.0012722119	0.00088783115	0.0030602845	0.0024726042	0.00029882244	0.0030602845	0.000805243	0.0030789273	0.006309364	0.0016339188	0.0010914307	0.00096160587	0.004525357	0.0012656715	0.00085902616	0.004670712	0.00017663765	0.0015231568	0.0004630397	0.004794862	0.0005647062	0.0071186777	0.00015818172	0.0011703048	0.0010371029	0.00026650456	0.0014275169	0.0006123497	0.0014118723	0.0027132777	0.0015222998	0.0033762965	0.008321325	0.00018305003	0.008321325	-21.60972213745117
s04e23c	270.0	5.0	0.8369131	0.8369131	0.026670203	0.08433721	0.0008138062	0.00222623	0.040132713	0.0018880868	0.0017849044	0.005550838	0.00069090154	0.00043788776	0.0017231011	0.0063756634	0.004081294	0.000584226	0.005729557	0.00046265783	0.0022655742	0.053768374	0.0077212444	0.0077212444	0.0015092813	0.0037298044	0.0012081872	0.0037298044	0.07139457	0.009678846	0.0019252187	0.0011707498	0.00042356603	0.0020364404	0.004373873	0.00024726306	0.0003519833	0.0012309842	0.00097118976	0.0012309842	0.0023746295	0.0010530631	0.0002322431	0.0023746295	0.0022057605	0.0029191787	0.0024181711	0.00070618984	0.000982576	0.0010569023	0.0011237947	0.0015506957	0.0010830351	0.0035979557	0.00074375066	0.0055973358	0.0016949719	0.0023753333	0.00020422711	0.006371472	0.00017959629	0.00084541296	0.00041595864	0.00012730667	0.0033480406	0.00297587	0.000576197	0.012595721	0.004552983	0.0067567653	0.048248574	0.00020541348	0.048248574	-21.142147064208984
s04e23c	275.0	5.0	0.71243054	0.71243054	0.009295743	0.023279205	0.00048532398	0.001068602	0.02136818	0.0019320871	0.0014797546	0.0028642071	0.0015592878	0.00038219866	0.0014206709	0.017547134	0.0026184055	0.001020061	0.00069947547	0.0008551539	0.0037208619	0.040421166	0.022020776	0.004840933	0.0015564946	0.0024357627	0.0018155739	0.0028219686	0.08690762	0.006223896	0.0008451548	0.00058606424	0.00031028732	0.0004589691	0.0021166701	0.00031891826	0.00035304393	0.0027412234	0.0017127041	0.00221715	0.005402573	0.0015404102	0.00057056744	0.005402573	0.0034307188	0.01565932	0.010309964	0.0008864956	0.00084183016	0.0007710254	0.0033947323	0.005229573	0.0020507318	0.012065903	0.00025332152	0.0019683843	0.0016187587	0.0074201645	0.00057687174	0.0031775665	0.00072214304	0.00087089336	0.0012649519	0.00033712006	0.005751075	0.0008569178	0.0019236525	0.0027823455	0.0009134793	0.011859998	0.0046942667	0.00012422062	0.01915097	-21.647994995117188
s04e23c	280.0	5.0	0.85874146	0.85874146	0.009986154	0.03188968	0.0007566437	0.0017474056	0.059023056	0.0018633166	0.0015117286	0.020744916	0.0040272013	0.00045509462	0.0027389433	0.0070973122	0.005788654	0.00787866	0.0006011537	0.00051263254	0.0007601528	0.012484021	0.015353695	0.013096959	0.0030719277	0.0017872731	0.007200057	0.007200057	0.055153485	0.004191837	0.0019369278	0.0006507371	0.0003519583	0.00072001276	0.001996825	0.00055587053	0.00042205158	0.010310105	0.0056916494	0.010310105	0.0153739005	0.009545802	0.0051190252	0.0153739005	0.004569954	0.02837313	0.031118028	0.0014860278	0.0016727677	0.00029475585	0.008190567	0.008089761	0.0069502066	0.017338887	0.0033530483	0.007949478	0.0019175301	0.0017536576	0.0007436398	0.0085655805	0.0015748792	0.00045795174	0.0012385892	0.0005248927	0.0054494943	0.0034611677	0.01706287	0.010661078	0.004108772	0.10083543	0.0033154197	0.00082647096	0.01706287	-22.03504753112793
s04e23c	285.0	5.0	0.90078294	0.90078294	0.015862875	0.059678715	0.00027847665	0.0015899818	0.0047591734	0.0023064658	0.0022149023	0.025990762	0.00039751068	0.00011527384	0.005130958	0.026059337	0.0013429162	0.00035472927	0.0010961832	0.0008667759	0.0007714355	0.06619079	0.11071038	0.018671416	0.0010692129	0.0037727333	0.001521465	0.012241067	0.03718041	0.0020821413	0.00042927536	0.00040074385	0.00016246029	0.0004218744	0.0012201454	8.27279e-05	0.00027530247	0.0019641472	0.0011751128	0.0018631031	0.0006825852	0.00044814745	0.0003783947	0.0006825852	0.0043581612	0.0018468291	0.0017348801	0.00056389644	0.00016614395	0.00030968353	0.0012407635	0.0030801015	0.0007111239	0.02566862	0.00013121848	0.0083141	0.0009890528	0.0017536641	0.00012876047	0.00065804896	0.0003596514	0.0004809088	0.00040147416	0.00022397838	0.0014519499	0.0008450405	0.0014696611	0.004430224	0.00074306456	0.010754144	0.013626217	0.00010570993	0.085657984	-23.45173072814941
s04e23c	290.0	5.0	0.8537795	0.8537795	0.016666321	0.012810416	8.020586e-05	0.000875147	0.00159187	0.0003399889	0.00039977618	0.004586643	6.515262e-05	0.00018905163	0.0017049301	0.23651834	0.006386608	4.0440715e-05	0.0005854518	3.548928e-05	0.00049344363	0.04264952	0.3461794	0.005675481	0.0012378873	0.0019609716	0.0041179354	0.18490261	0.015607725	0.0015485693	0.00048703726	0.0003537551	0.00013134803	0.00040271936	0.0005238381	6.560162e-05	0.00019706738	0.003487326	0.0011048649	0.0027671747	0.0010203394	0.00044694438	0.00022535252	0.0010203394	0.011332144	0.0036224702	0.0045111845	0.0003016919	0.00018730777	0.00043854464	0.001414554	0.009032811	0.00075759	0.0012473374	0.00027469447	0.0039944667	0.0003628079	0.0005790725	0.00024156724	0.0007110582	0.0007845617	0.0005277394	0.00030110628	0.00018385572	0.003016499	0.0002377028	0.0012796798	0.00024315725	0.00022706111	0.006640355	0.0010029848	0.00022436245	0.0069283647	-23.21060943603516
s04e23c	295.0	5.0	0.82188153	0.82188153	0.016335102	0.3328121	0.00034507056	0.0032285783	0.24948771	0.0064179297	0.005330928	0.01539742	0.000111818335	0.00013118381	0.0021584858	0.001552009	0.0023082595	0.001241328	0.0033229126	0.00060836953	0.0032678517	0.06789769	0.008910739	0.0012674375	0.0028876471	0.002873361	0.00058386277	0.002873361	0.044599537	0.0045457277	0.0024895202	0.0009562342	0.0010288772	0.00080875924	0.0023889793	0.00088263326	0.000408764	0.00082475354	0.00036404046	0.00079958286	0.002185568	0.0004730544	0.00013825488	0.002185568	0.0008706349	0.003045597	0.027194625	0.0010386755	0.00051180494	0.0007197301	0.004445667	0.0016724875	0.008197911	0.037322924	0.001828064	0.037325766	0.0012962254	0.0058325045	0.0032051743	0.0053286883	0.0010706327	0.00096885243	0.0005105333	0.0006255568	0.0047165044	0.0017196047	0.00032019173	0.00295311	0.006286276	0.003654575	0.0069146315	0.00028647555	0.0069146315	-21.654661178588867
s04e23c	300.0	5.0	0.88439906	0.88439906	0.0028994223	0.087331966	0.0004183338	0.0019752476	0.0007003436	0.0008066184	0.0018194781	0.053564288	5.2647705e-05	4.5656627e-05	0.0011016489	0.015236111	0.0007218107	9.690782e-05	0.0034503904	0.00040699908	0.00034563767	0.004326721	0.013599486	0.0036545973	0.000633445	0.0026990254	0.0014279562	0.0026990254	0.11661637	0.0050762375	0.00091957214	0.0008482686	0.0007647313	0.00071898015	0.006226696	0.0002831214	0.00062691164	0.0029548807	0.0018495983	0.0007777917	0.0009061201	0.0012321385	0.0002554649	0.0012321385	0.0025126021	0.0035744216	0.01147659	0.00091568625	0.00038116818	0.0005264723	0.002223844	0.0031702255	0.0017144799	0.026475186	0.00027806172	0.026080215	0.0030109503	0.0012389383	0.0014124196	0.01368082	0.00052969373	0.00092071533	0.00050933077	8.716637e-05	0.0027528205	0.0156551	0.0015704317	0.00752342	0.0034934562	0.015290371	0.002528908	0.00018578008	0.045383785	-22.29257583618164
s04e23c	305.0	5.0	0.7191212	0.7191212	0.06661866	0.021555439	0.00029986183	0.0066755586	0.16211349	0.0011281795	0.0072846278	0.0029612347	0.00044679272	0.00023830871	0.0019360478	0.010884628	0.002936551	0.0018309314	0.004260814	0.00068694644	0.012619446	0.17658386	0.007959679	0.005009628	0.0014060107	0.0019876834	0.00052320183	0.0055309692	0.023552433	0.00848009	0.0034939311	0.0010987844	0.00091424334	0.0010076963	0.002914511	0.00029722418	0.0002688599	0.0018475482	0.0018475482	0.0014667929	0.004602637	0.0017726109	0.00050951215	0.004602637	0.0034294815	0.01227712	0.006431926	0.0021823738	0.00057786505	0.0006896523	0.004534887	0.0063299476	0.0036595094	0.027206901	0.00018046575	0.008109322	0.001068907	0.0028276555	0.0003147721	0.0019149072	0.0016384529	0.0013620328	0.00038516975	0.00016922847	0.0050716614	0.0020832403	0.0019237421	0.007928304	0.0030440774	0.0064984513	0.009323247	0.00038478826	0.035467405	-24.58916473388672
s04e23c	310.0	5.0	0.8832697	0.8832697	0.03814796	0.075692624	0.0002384378	0.0073631313	0.11521875	0.0031499013	0.002968645	0.0007770831	0.00021391976	6.871279e-05	0.000528496	0.0032630775	0.0030784823	0.00021251156	0.0011183689	0.0022318782	0.0017669769	0.15471059	0.01164184	0.01164184	0.003235462	0.0009291786	0.00056654704	0.0009742109	0.20288558	0.007479204	0.002060047	0.0007168514	0.0004001607	0.0006105746	0.004637752	0.00058103545	0.0010492041	0.0006139668	0.0005165403	0.00044045653	0.00062529335	0.0007908455	0.00035605533	0.0008044573	0.0005920034	0.004967545	0.011625579	0.0006740495	0.0005755328	0.00067548093	0.002665869	0.0006474217	0.0020080053	0.0122468	0.0005633834	0.0010365538	0.0013811318	0.010003733	0.0005139937	0.005612974	0.0010915409	0.00052214094	0.00040892628	0.000233488	0.00424889	0.0014869211	0.000520923	0.0028517868	0.0006596982	0.0034725843	0.002541753	6.278906e-05	0.0063202493	-23.58728408813477
s04e23c	315.0	5.0	0.85698056	0.85698056	0.020363322	0.027843453	0.00018253308	0.003988276	0.068512976	0.0011084857	0.0025960563	0.0019247844	0.00067651074	0.00023035293	0.0011342576	0.0068150186	0.0019950771	0.00027497642	0.0022573092	0.0015344446	0.0037106676	0.09998116	0.011296486	0.011296486	0.0014911323	0.003145278	0.004025798	0.004025798	0.19991842	0.007843975	0.0017885956	0.00078086107	0.00025560547	0.0012795732	0.0020854303	0.00198677	0.0011525358	0.0023693205	0.0023693205	0.0014500472	0.008626013	0.0056567052	0.0004267207	0.008626013	0.00070741476	0.0155259855	0.011651753	0.0035012434	0.0023275742	0.0014976584	0.0020045051	0.0027122109	0.0019910992	0.006784917	0.004203707	0.0010647071	0.0028775982	0.003426828	0.00040730377	0.011350574	0.0006259713	0.0014512767	0.00045155507	0.0002012385	0.0025424578	0.0017410491	0.0010596188	0.0037249934	0.01071617	0.023323067	0.026574548	0.00023447204	0.083763056	-23.76451301574707
s04e23c	320.0	5.0	0.5586585	0.5586585	0.0072026686	0.0035849889	0.0013680623	0.0007400538	0.001550052	0.0005778868	0.005382755	0.0032385837	0.00083469646	0.00047751167	0.0023161904	0.008345354	0.0005166087	5.556735e-05	0.0007695397	0.00035267	0.0007558675	0.005747246	0.036215685	0.005674601	0.0013960147	0.014161923	0.0028149583	0.015584421	0.13480602	0.013162211	0.004158773	0.00075754774	0.0009016791	0.0012707907	0.008080323	0.006492365	0.000961647	0.002400777	0.0013611517	0.00097348954	0.0019965644	0.00073142425	0.00038417487	0.0019965644	0.00322827	0.004555655	0.004909336	0.00042944215	0.0050057177	0.0041266717	0.0005813371	0.0031920476	0.0013374538	0.005191557	0.003029773	0.001478651	0.08783864	0.006373966	0.0002874986	0.0054422347	0.029649144	0.0018636937	0.0012471077	0.0003548184	0.009086724	0.0071917996	0.0010787756	0.0039675073	0.049559746	0.015086141	0.0036024477	0.00017876222	0.049559746	-23.92772483825684
s04e23c	325.0	5.0	0.85120404	0.85120404	0.008742268	0.01161486	0.00037573217	0.004423258	0.098762065	0.0010168513	0.0014044704	0.0008762801	0.00030370278	0.00017705753	0.0010537464	0.005599369	0.00072229444	0.0003186897	0.0007827832	0.0020943985	0.0028548746	0.05347521	0.0027669352	0.0027669352	0.0021923555	0.0022519436	0.00061320944	0.0022519436	0.27109355	0.01346685	0.0018837543	0.0009062177	0.00030461504	0.0013219052	0.0042426162	0.00065279106	0.000965617	0.001130522	0.0010951135	0.00073782285	0.0010736745	0.0013856487	0.00026933302	0.0013975098	0.0006206932	0.004327646	0.004423367	0.0006510448	0.0012918618	0.0005822248	0.00517255	0.0008178924	0.0013803901	0.017061103	0.0005568651	0.0026760052	0.00071870204	0.0032121683	0.0005901465	0.0022140993	0.00084146846	0.00088380335	0.000398297	0.00037742665	0.0036369488	0.001515419	0.0011622222	0.001807678	0.0013471813	0.005965761	0.009241492	8.4704676e-05	0.1031438	-22.27777862548828
s04e23c	330.0	5.0	0.9299823	0.9299823	0.020244809	0.011961927	0.00062648696	0.012628866	0.0073128026	0.01218	0.0018441956	0.024113238	0.0012511088	0.00056683115	0.0012703127	0.0068684793	0.0041754497	0.00033546318	0.0003635471	0.00028585814	0.00043931033	0.05685398	0.08800992	0.08800992	0.00253799	0.0023077764	0.0013410852	0.0023077764	0.2509006	0.006114473	0.0012757065	0.0007949444	0.00049897446	0.0005761316	0.0007336452	0.0017604219	0.00042035774	0.0043680086	0.0018797562	0.0043680086	0.0018076934	0.0010161559	0.0016842033	0.0018076934	0.002235394	0.0040115085	0.0064185774	0.00047301018	0.0022768853	0.00034349004	0.0034991477	0.004230175	0.0006480455	0.0029504867	0.0017335626	0.00043825022	0.00057220564	0.0015511462	7.141506e-05	0.00066527614	0.0010312123	0.0013869348	0.0007410202	0.0005142701	0.0013867338	0.00046095028	0.00079325616	0.0012069748	0.009213392	0.004531298	0.012594944	0.00018716906	0.012594944	-22.642698287963867
s04e23c	335.0	5.0	0.8789053	0.8789053	0.012488612	0.027772684	0.0018134675	0.002724393	0.056337412	0.0044819335	0.0042161886	0.07075056	0.00014894483	0.00012052063	0.0019945323	0.007879726	0.004817087	0.000523759	0.0012676705	0.0005867855	0.0016743045	0.20738663	0.021996891	0.003248246	0.0013159146	0.0039190394	0.002110718	0.0039190394	0.40396857	0.022590196	0.0057836096	0.0014837874	0.00058981025	0.0021202648	0.0041678054	0.0008455523	0.0015817697	0.0012528439	0.00054513477	0.0012528439	0.006076195	0.001059582	0.00021612862	0.006076195	0.0011193553	0.0034776854	0.0037342224	0.00035556027	0.00040640438	0.00065773044	0.0015173713	0.0018192035	0.001099871	0.004428956	0.0027359698	0.00113071	0.001452192	0.011983276	0.0015413354	0.0064914147	0.0002792663	0.0006722468	0.00087189267	0.0001571459	0.0034709957	0.000697116	0.00036306912	0.0011439616	0.0036439851	0.005047025	0.003633274	0.00063297065	0.0036439851	-22.58309364318848
s04e23c	340.0	5.0	0.7629388	0.7629388	0.05677211	0.006460113	0.0017288834	0.0037696357	0.15721473	0.0018860183	0.0012873171	0.010612973	0.0004828716	0.0001345779	0.003398666	0.0036274837	0.0059332764	0.0010406128	0.0021158927	0.00039629385	0.0017172726	0.47789633	0.010708124	0.010708124	0.0014524091	0.0014321464	0.0005420478	0.002427377	0.14025372	0.021183055	0.0061892085	0.0008807963	0.0003168387	0.0010370654	0.003923047	0.0007424063	0.0005526917	0.0009659049	0.00040683927	0.00041497088	0.0016947848	0.0009973524	0.00018501075	0.0016947848	0.00090668886	0.002989679	0.0026877425	0.0006431509	0.0007182755	0.00033282506	0.0011921244	0.0018270453	0.0006871446	0.0039517567	0.00019842718	0.00093894853	0.0014404709	0.008227129	0.00017269616	0.010742427	0.0022061635	0.0011176963	0.00036182933	0.0002110321	0.0030568384	0.0016168253	0.0012406873	0.002262356	0.008337825	0.005260104	0.0036069674	0.00020182689	0.010192416	-22.15221405029297
s04e23c	345.0	5.0	0.4452674	0.4452674	0.002076971	0.0011867835	0.0005038828	0.00084932294	0.0044536158	0.00036892694	0.005520378	0.0035304772	0.00017149941	8.4090134e-05	0.0022942047	0.071442954	0.0013324516	0.00027029432	0.00093242235	0.00014759338	0.011435419	0.0016854127	0.28314328	0.014493904	0.0053478144	0.0031472775	0.003948054	0.003948054	0.60090727	0.027254255	0.015178041	0.0004161242	0.00017083777	0.0004217628	0.03619912	0.0004611575	0.002135464	0.007440255	0.0037812847	0.006369791	0.0029839166	0.0031387722	0.0014904949	0.0031387722	0.0013868964	0.0077328812	0.0040019467	0.00037563834	0.0014090831	6.676935e-05	0.006367175	0.041395538	0.0013280001	0.0019785208	0.00040268252	0.00808397	0.00069814787	0.0003481298	0.0002988606	0.0006297748	0.00046714098	0.0012490245	0.00022110669	0.00060970173	0.0065026525	0.0011800887	0.0057858336	0.014356458	0.00075628294	0.008368455	0.002403436	0.0001424419	0.014356458	-17.965744018554688
s04e23c	350.0	5.0	0.82042533	0.82042533	0.0011075975	0.001980629	0.0006611727	0.000632393	0.0005510608	0.0007141005	0.0020062593	0.025547277	0.0009580681	5.8543228e-05	0.00071124115	0.011015685	0.00023545754	0.00034735608	0.00074302667	8.858858e-05	0.00025793313	0.00409932	0.020959876	0.0023953815	0.0003459504	0.0014810255	0.0011724181	0.0014810255	0.07633785	0.0020848094	0.0009878286	0.00019247326	0.000138303	0.00014615996	0.00089665817	0.00010726341	0.00032649896	0.009251255	0.009251255	0.0065053455	0.0014303438	0.0031063065	0.0028672677	0.0031063065	0.0045514754	0.019413792	0.008725342	0.00030012723	0.0005050513	8.470031e-05	0.0061132745	0.0062958063	0.0011173887	0.01714261	0.00011765447	0.03430527	0.00044825597	0.00029313462	8.383831e-05	0.00018225171	0.00013685379	0.0002856628	0.00032208502	0.000214239	0.0015904051	0.0017490333	0.035613216	0.086286776	0.0011507549	0.0026599714	0.0006729464	0.00012319272	0.086286776	-21.02351951599121
s04e23c	355.0	5.0	0.8171808	0.8171808	0.008830011	0.3648139	0.00044892266	0.0015275432	0.0013729021	0.004016696	0.003934344	0.010332784	0.0002974765	0.00018519677	0.00045914768	0.004039863	0.0019299046	9.094217e-05	0.0012462996	0.0005734149	0.00022441574	0.0017151231	0.004628369	0.0027583225	0.00073842745	0.0026750725	0.0019264807	0.0026750725	0.1522907	0.005724216	0.0017425026	0.0008757755	0.0009184333	0.00076310686	0.0022316524	0.00085047324	0.001087027	0.0012314691	0.00066880876	0.00083257194	0.00078649033	0.0007303161	0.00036796907	0.00078649033	0.00053728715	0.0059906854	0.014053983	0.00023435647	0.00025561545	0.0015511033	0.0017983237	0.0004584147	0.0014525653	0.00085401797	0.0018490192	0.0013346258	0.0006040205	0.018278455	0.0019847853	0.0117679015	8.3131294e-05	0.0021347671	0.012218977	0.0002005216	0.003802619	0.00072062097	0.00065451383	0.00048354288	0.0002748184	0.0048818765	0.0009207513	0.0004541936	0.004109859	-21.995603561401367
s04e23c	360.0	5.0	0.82802665	0.82802665	0.010740487	0.012388877	0.00021601078	0.0014837343	0.006129723	0.0010828304	0.006311971	0.0267467	0.00022271238	0.00053525605	0.0036409844	0.02865612	0.0036594516	0.00023293255	0.014357598	0.00138738	0.013218511	0.013330026	0.15387139	0.07567033	0.0034794176	0.004252323	0.0016907203	0.004252323	0.108606026	0.0053692544	0.0016502677	0.00041047254	0.0001900781	0.00032657274	0.0039908565	0.00042280278	0.00051357696	0.0014477402	0.0014477402	0.0010542325	0.001222663	0.0006059397	0.00026798516	0.001222663	0.0012051787	0.0066270223	0.0025396538	0.00012208585	0.00047088298	0.00010633179	0.0035569596	0.0063699987	0.0010027909	0.027798498	0.00042967024	0.027564673	0.000499923	0.0003089466	0.00011682106	0.00035253842	0.0010932517	0.0008751512	0.00043543126	0.0006283341	0.0043684025	0.000575574	0.00079177826	0.039672486	0.00053593813	0.008016831	0.004142473	0.00015080879	0.11057264	-20.23362159729004
s04e23c	365.0	5.0	0.8025927	0.8025927	0.01693755	0.040452212	9.6775395e-05	0.009958048	0.02853922	0.0016656211	0.042223133	0.013974608	0.0011343954	0.00025943713	0.001514046	0.0030107598	0.0004531559	0.00080985547	0.0039618467	0.00182967	0.013047437	0.027133295	0.0033614729	0.0012646725	0.0009283163	0.0008953025	0.00036979243	0.0008953025	0.6810411	0.058809463	0.012765056	0.0007888306	0.00047849608	0.0009169626	0.06971482	0.004589642	0.004565169	0.0010212696	0.0009399707	0.0006028791	0.0030605027	0.0025008651	0.00023709754	0.0030605027	0.0005214899	0.0039993795	0.02005378	0.00050765375	0.000672176	0.0007423267	0.0041415743	0.0030320785	0.0011334702	0.0043696743	0.0010517015	0.0013452497	0.00032131583	0.0028661021	0.0005210956	0.0020314597	0.0015236406	0.0013386261	0.00045475134	0.00018080643	0.0008798082	0.00038257428	0.0008399496	0.0018531423	0.0010146352	0.0033002521	0.006734979	0.00075616763	0.015625581	-20.908937454223636
s04e23c	370.0	5.0	0.09640568	0.09640568	0.0015428138	0.0006901533	0.0002756326	0.00057551253	0.00073505397	0.00060215837	0.00812288	0.0017639147	0.00018862724	0.00017633878	0.0089331325	0.0020022783	0.00031091776	6.3229316e-05	0.014624071	7.948269e-05	0.0024563277	0.0013922626	0.0065774005	0.005643102	0.00017379917	0.0013263386	0.00089690683	0.0013263386	0.7325998	0.2441413	0.015955372	0.010027539	0.00034052023	0.008201206	0.11777968	0.10303798	0.0016135045	0.0012471766	0.0012471766	0.0010449458	0.0022638084	0.0016302693	0.00030783346	0.0022638084	0.0005357055	0.009766641	0.0042554475	0.00018330067	0.0007222318	0.00014325755	0.0018018367	0.053248346	0.005055957	0.0017281462	0.06865902	0.028180242	0.011033148	0.00039763495	0.00019126564	0.00039416584	0.0006701902	0.00063202635	0.0081291795	9.093185e-05	0.0017615276	0.061094906	0.00030690365	0.0072254953	0.13035765	0.004318	0.111232914	0.00025746753	0.13035765	-24.461240768432617
s04e23c	375.0	5.0	0.7644494	0.7644494	0.017400594	0.012404581	0.00050856813	0.0034519092	0.008671443	0.0006213123	0.0017697731	0.002262862	8.0974205e-05	0.00052885705	0.0014201737	0.022845484	0.00044201114	0.00012673668	0.001781533	0.00022957762	0.0033262544	0.018237947	0.012588849	0.010053152	0.0012120618	0.007827338	0.0026041856	0.007827338	0.02781334	0.005877409	0.0020250953	0.00088069565	0.0004092342	0.0008522714	0.002353421	0.0070653236	0.00020876182	0.0037134048	0.0010495906	0.0005332088	0.0015411187	0.0005589936	9.644061e-05	0.0015411187	0.0011037819	0.0020528662	0.0014138084	0.0006307395	0.0009097726	0.001075409	0.002508535	0.003908488	0.0009797473	0.00966399	0.0022568754	0.0038375896	0.0028268974	0.0024486412	0.00021260417	0.0019329811	0.0006475408	0.0019450985	0.0005371768	0.00046855246	0.007110352	0.0034094395	0.00045541336	0.001260736	0.0074630207	0.011545366	0.06743864	0.00020234677	0.39750987	-22.10207939147949
s04e23c	380.0	5.0	0.85943913	0.85943913	0.17996983	0.025337806	0.00022311833	0.0012455074	0.0028420242	0.00094753236	0.0012255769	0.0005632213	0.0009035751	0.00011489502	0.0028834408	0.0054096547	0.0007323135	3.926369e-05	0.00062206626	0.002516865	0.00032965894	0.0027091303	0.010563579	0.0031964201	0.00065308507	0.004648522	0.0012010342	0.004648522	0.037534304	0.004693549	0.00202173	0.0007116493	0.00045753788	0.0009789234	0.0033834584	0.000296035	0.0002604284	0.0036620032	0.0014071554	0.0011863281	0.00050511194	0.00073925336	0.00070761604	0.00073925336	0.00086464157	0.0054170587	0.005832947	0.00021396627	0.00046583652	0.00092563446	0.0016333588	0.0005239974	0.0021665774	0.0041924836	0.00066688465	0.003587676	0.0010637509	0.046357352	0.0002756079	0.00063004857	0.00024955542	0.0030965966	0.0048390036	0.00015724363	0.013204591	0.0020306325	0.0017454464	0.0005981954	0.00028504196	0.007189685	0.0028363639	0.00012317873	0.013366651	-21.151546478271484
s04e23c	385.0	5.0	0.799137	0.799137	0.03324563	0.0028179728	0.002732544	0.0033725132	0.21992405	0.0041836286	0.0013952671	0.001546513	0.0039165383	0.00015659127	0.0020487362	0.0049755373	0.0051381676	0.0020201788	0.00047757858	0.0012304814	0.0013955581	0.15698078	0.015793134	0.0043221386	0.004256656	0.004110013	0.0009899334	0.004110013	0.042286772	0.0068005165	0.003790739	0.0012566048	0.0005454357	0.0014672343	0.003167632	0.00025805956	0.0003872767	0.0013554358	0.0012671588	0.00055802206	0.0063611288	0.004006859	0.00025310376	0.0063611288	0.000923437	0.0065104696	0.003913119	0.0005877516	0.00039092722	8.325307e-05	0.01894652	0.0006583934	0.0017542237	0.0022375092	8.176659e-05	0.000547105	0.00063353765	0.0030650485	0.00031060664	0.009203711	0.0010093825	0.00028703356	0.00028289072	0.0006704291	0.004957449	0.0037527066	0.0013255248	0.0034693896	0.002469041	0.0034862824	0.0007745078	0.0003110396	0.009921568	-23.74275016784668
s04e23c	390.0	5.0	0.84736556	0.84736556	0.037883926	0.0057720286	0.0016163244	0.0017043239	0.09935845	0.0037262766	0.0025914672	0.0018754542	0.0013101632	0.00034940077	0.011080434	0.004374108	0.002051495	0.00066109415	0.002364353	0.00084725	0.0018846589	0.0047264085	0.010535601	0.010535601	0.0013766859	0.0022435223	0.0017419154	0.025499813	0.04798882	0.015974384	0.008193976	0.0011179455	0.0005227246	0.0012184132	0.0039765034	0.00059550354	0.00035321005	0.0021004055	0.0015108099	0.0012085278	0.0063421004	0.0015780178	0.00022297988	0.0063421004	0.0014044604	0.009310523	0.0045647095	0.00034037416	0.00037884986	0.0006330364	0.0015039896	0.0024830846	0.0019037104	0.0061107655	0.00068932836	0.0016957943	0.0008508851	0.013426954	0.0007508569	0.016316216	0.00066200364	0.0013862837	0.0015395186	0.0001683186	0.0078113303	0.0017708382	0.0005079519	0.0047008456	0.0011303757	0.017269583	0.00218962	0.00023303984	0.0078113303	-19.7496337890625
s04e23c	395.0	5.0	0.9033621	0.9033621	0.026641926	0.016018772	0.00067612145	0.0005652342	0.007918529	0.002759166	0.0016164453	0.0010756437	0.0007463931	0.0003184607	0.1846345	0.0035033869	0.0012836991	0.0002788183	0.0014123168	0.0002831152	0.00018972882	0.0011493504	0.00368848	0.00368848	0.0027882843	0.0025732045	0.0007145743	0.0025732045	0.045056753	0.012437776	0.004355803	0.0015534933	0.000341087	0.001431432	0.005577661	0.00040787298	0.00032238453	0.0016335882	0.00060547556	0.00033910648	0.00034430885	0.0004025163	0.0001090869	0.0004025163	0.0008360959	0.0025757796	0.0015973147	6.485625e-05	0.00020522124	0.0005164266	0.00072288804	0.00042680535	0.0007448086	0.0044481517	0.0007681089	0.0019936971	0.001922534	0.022014266	0.00070026086	0.016601358	0.00050692214	0.00094240636	0.0020224373	0.00013453851	0.005345725	0.0041664443	0.0010250498	0.0007860138	0.00064483227	0.014197724	0.0009632105	0.00023432923	0.0086432835	-20.1018123626709
s04e23c	400.0	5.0	0.5862047	0.5862047	0.03790618	0.008864968	0.00036648646	0.0034716374	0.22984284	0.00083222886	0.0013568824	0.002125741	0.00020068398	0.00041369747	0.0014471958	0.0022358277	0.0015950699	0.00094814465	0.0017615467	0.00056382874	0.012931137	0.075620644	0.003993238	0.003232744	0.003257157	0.0062952572	0.00090253225	0.0062952572	0.038076088	0.0122716855	0.0050284183	0.00106981	0.0004558025	0.0013390592	0.00345682	0.0004644979	0.00045545067	0.0026414895	0.0026414895	0.0010089172	0.012136634	0.006429257	0.00038936012	0.012136634	0.00080083	0.015215427	0.012508858	0.002864319	0.0010231443	0.001174056	0.015393906	0.0012234144	0.004864095	0.0022742308	8.6815315e-05	0.00034131063	0.0016163513	0.0024071902	0.0003244281	0.00081259385	0.00018709002	0.0016218858	0.00036039567	0.0009126333	0.0019307185	0.00053072826	0.0010584353	0.0013897456	0.0006873033	0.0063323895	0.0010573731	0.00027042296	0.004003724	-21.89495277404785
s04e23c	405.0	5.0	0.69009584	0.69009584	0.019516772	0.0017651696	0.00014493907	0.002888599	0.37532312	0.00030292256	0.0015287364	0.0009266872	0.00024513985	0.00024090847	0.00078731513	0.0011011526	0.0031424433	0.0006658857	0.0035769867	0.00022220777	0.0061084437	0.05389802	0.002107611	0.0015951109	0.001485363	0.018196661	0.00030401506	0.018196661	0.03139845	0.009262445	0.0070889974	0.001325251	0.0004511601	0.0013506963	0.002723766	0.000615848	0.00037595755	0.001056072	0.001056072	0.00070464093	0.0041201296	0.0015750666	0.00028678135	0.0041201296	0.0014455753	0.0065727807	0.0070410892	0.00051592715	0.0006035086	0.0014705291	0.0040544206	0.001149277	0.0015744444	0.0025505133	0.00018639292	0.00038920334	0.0004161276	0.0019228305	0.00014686282	0.00030280132	0.00017781073	0.0009154881	0.0004239201	0.00021677066	0.0022004899	0.0004885829	0.00041270998	0.0018917685	0.00082416675	0.0029010093	0.0013651021	0.00014870909	0.0022004899	-21.520065307617188
s04e23c	410.0	5.0	0.92873526	0.92873526	0.0148377875	0.1009931	0.0008875415	0.0037537802	0.29191923	0.012980267	0.0026829473	0.009267269	0.0001959654	0.0001616805	0.0020942679	0.0016719055	0.0030633819	0.001479568	0.0012229879	0.000370754	0.0032331715	0.1083722	0.007446688	0.003008917	0.0015535259	0.001531523	0.0011476207	0.002583766	0.057639338	0.0044257618	0.0014939992	0.0007442275	0.00020947204	0.0007162846	0.0015004184	0.00027782534	0.00049398816	0.00095473585	0.0003087072	0.00074072724	0.004715249	0.0008332295	0.00011455108	0.004715249	0.00043441093	0.0017805015	0.0048160036	0.00037334938	0.0006105106	0.00061140733	0.00096664793	0.0009685009	0.00093292486	0.0024894823	0.0010655056	0.0007981293	0.00025694052	0.005132528	0.001063049	0.009794165	0.00020613511	0.0009895231	0.00025422694	0.00015230276	0.00060602924	0.0004722524	0.00038410348	0.0015629936	0.0011982014	0.003914582	0.0068728197	0.00036686994	0.0068728197	-22.53015518188477
s04e23c	415.0	5.0	0.8769188	0.8769188	0.018970802	0.26539525	0.00029518892	0.00056881603	0.0016987401	0.0027257109	0.0027320047	0.026624639	0.0007091366	0.00025154054	0.00052123074	0.0037783543	0.0008693198	0.00042776394	0.00047658719	0.00017254063	0.00015332551	0.0015705694	0.014670925	0.014670925	0.0021456287	0.0056752847	0.007485015	0.007485015	0.057244007	0.004139335	0.0012374753	0.0005155263	0.00033003945	0.00049789593	0.0009943547	0.0008220197	0.0004565376	0.0037129847	0.0008004348	0.00090927776	0.00076124095	0.00061015773	0.0002998035	0.00076124095	0.00071305054	0.0035913223	0.016681926	0.00020219576	0.00037346312	0.0009491411	0.0014417995	0.0007673823	0.0010931841	0.00084188144	0.00088003377	0.0009701105	0.00018397428	0.005928289	0.00038924042	0.028103564	0.00016459927	0.00063429226	0.007697752	0.00011137374	0.0017948373	0.000547822	0.00034257842	0.0006083081	0.00042201517	0.0031415143	0.00095510384	0.00048355124	0.00715784	-22.622745513916016
s04e23c	420.0	5.0	0.9374723	0.9374723	0.047841	0.252456	0.00042982242	0.002167795	0.032942925	0.0063461703	0.0026294922	0.008623868	0.00020132372	0.00018568976	0.0038479723	0.002779089	0.0034345945	0.0012952609	0.0010601635	0.000121166384	0.0005253559	0.010254698	0.0060550994	0.0060550994	0.005325348	0.0014166719	0.000812588	0.0017345332	0.026017223	0.0021070975	0.00093956647	0.0005613	0.00032944497	0.00047387017	0.0007739574	0.00023063555	0.0002562521	0.0017989496	0.00048003293	0.0005723968	0.0007520563	0.0006396591	0.000253055	0.0007520563	0.00065063016	0.0017672477	0.009928213	0.0002347906	0.0003307406	0.00031775833	0.0020866552	0.0018253331	0.0018763418	0.004412025	0.00097219326	0.0012390446	0.0006888588	0.0041280556	0.002802539	0.06147211	0.00047758632	0.0007007936	0.001438995	0.0006259054	0.0015358377	0.0014465571	0.0004410374	0.001302256	0.0014159839	0.0064618946	0.002388635	0.0012895125	0.002388635	-23.410194396972656
s04e23c	425.0	5.0	0.79142576	0.79142576	0.009369791	0.13746038	0.0010318097	0.0032196597	0.07596947	0.0030788572	0.0020067932	0.0034528326	0.0009705672	0.00036797067	0.004512283	0.0009903678	0.0016528803	0.00078935095	0.0020189255	0.003410955	0.0025422343	0.0031713801	0.045036588	0.0046597053	0.00080614514	0.014827419	0.00089657534	0.014827419	0.04350989	0.004357315	0.0016243678	0.0008822595	0.00041618315	0.0005797623	0.0021560304	0.0005575064	0.00036054672	0.003794845	0.0018778578	0.003794845	0.009933788	0.004458663	0.00055921153	0.009933788	0.00057957834	0.0027995794	0.00964629	0.0011073981	0.0005807229	0.0016532958	0.0040800055	0.00042085734	0.0017324968	0.0008350596	0.00023061156	0.0005991922	0.00036528482	0.0069944332	0.03354334	0.018424591	7.442134e-05	0.0022203932	0.0010733166	0.0002208528	0.0016759464	0.0006397396	0.00042045917	0.0012898693	0.0012934764	0.008965109	0.0011546364	0.00017405007	0.0021669113	-20.494604110717773
s04e23c	430.0	5.0	0.6703471	0.6703471	0.009552016	0.17404848	0.0006693881	0.0006789869	0.0010593892	0.0073016617	0.0073902668	0.021196349	0.0023057372	0.00040595248	0.0024744892	0.0019803452	0.0029470131	0.0005635891	0.0019832614	0.00044063485	0.00027425666	0.002028915	0.02282212	0.0059594447	0.0008502731	0.004946493	0.0037308217	0.004946493	0.14100726	0.009573148	0.0021992256	0.0021056891	0.0027922993	0.0021813638	0.0025179451	0.0020244564	0.0012855392	0.002219772	0.0010846251	0.002219772	0.0010988206	0.0009336265	0.0009424427	0.0010988206	0.002314983	0.005529155	0.023412563	0.00048709044	0.0006456637	0.0018441728	0.0042077927	0.0020244564	0.002402157	0.0033876945	0.0020123436	0.0044920724	0.0013816205	0.03245306	0.0021016963	0.0093293395	0.00028829568	0.0053496812	0.0476746	0.0002851591	0.0101955235	0.0032157796	0.000776073	0.005899866	0.0009374642	0.003912994	0.0019616121	0.00061936036	0.049629286	-20.248825073242188
s04e23c	435.0	5.0	0.39699146	0.39699146	0.016577499	0.006728768	0.0001206249	0.0031567104	0.40335083	0.00063856156	0.0051313546	0.0019251325	0.00022602757	0.00035024286	0.0023266266	0.0012364491	0.0014472991	0.0014735402	0.0021440368	0.00069869234	0.020248791	0.08365779	0.0044222814	0.0023931423	0.0044222814	0.004191202	0.0006296413	0.004191202	0.031404536	0.0070510875	0.0029933283	0.0011994919	0.0005337178	0.0013484495	0.002379037	0.00043440145	0.000372831	0.0018443256	0.0018443256	0.001096131	0.0029222227	0.0042423485	0.0008746618	0.004469182	0.0007862984	0.006328604	0.010164927	0.004058636	0.00317465	0.0020684868	0.026924994	0.0011733018	0.0048471643	0.0041948534	0.0002431902	0.0003880169	0.0014256543	0.0016247954	0.00029624166	0.0010140602	0.00023221431	0.0012962284	0.00032265697	0.0010451563	0.0019583418	0.00037953598	0.0011318965	0.0033801957	0.00088021444	0.0025656035	0.0019428763	0.00032399755	0.007120114	-20.54964828491211
s04e23c	440.0	5.0	0.7655853	0.7655853	0.059869856	0.02468399	0.0005293634	0.0021619578	0.08837099	0.00088818825	0.0012667713	0.007787309	0.00029584512	0.0010173232	0.0024264858	0.0048546293	0.0017531519	0.0011598036	0.0025429088	0.0011700647	0.021741308	0.048304014	0.009079137	0.007925308	0.0026874242	0.003638183	0.0015026482	0.003638183	0.028428836	0.018290652	0.0077220914	0.0014123914	0.0006481116	0.0011759895	0.00626137	0.00062577	0.00050062593	0.002295519	0.002295519	0.0016212658	0.028269826	0.005690902	0.0002821524	0.028269826	0.00070253684	0.008540348	0.0043410296	0.0011018242	0.0007576242	0.00086783833	0.0053929505	0.0014905587	0.0012041384	0.004093447	0.0002130441	0.0006070004	0.0003860441	0.0012964717	0.00040956706	0.0043995804	0.00043785	0.0012841307	0.0005564075	0.00070376316	0.0017567822	0.0007347262	0.000687549	0.0010658539	0.0010877615	0.02205659	0.0019405595	0.00019469336	0.0065828236	-21.68947410583496
s04e23c	445.0	5.0	0.7972655	0.7972655	0.007533813	0.1339057	0.0005591657	0.0009284902	0.0008440454	0.001905623	0.0019232834	0.036668062	0.00030579962	0.00030481696	0.0011655099	0.0073074633	0.0022756832	0.00027834924	0.003447165	0.0002981119	0.00015921616	0.002941169	0.015024278	0.0031528492	0.0006957524	0.0032297156	0.001880678	0.0032297156	0.030249592	0.0029932784	0.001006253	0.0007408028	0.0006743065	0.00078793656	0.001498732	0.0010725361	0.00029342712	0.0066566733	0.0037161366	0.0026605674	0.0019439621	0.0016525396	0.0009079255	0.0019439621	0.006034729	0.007930308	0.029224183	0.00059243233	0.00084184704	0.0018263323	0.0016860835	0.0056095095	0.0018576283	0.0061954265	0.0014923796	0.0039492687	0.0023125107	0.003618376	0.0012459601	0.016963873	0.00087692996	0.0013951568	0.01085413	0.00026666417	0.0035143944	0.0018784781	0.0010369701	0.0014325598	0.0016171656	0.015944391	0.0043549347	0.0009535881	0.018988177	-21.32104110717773
s04e23c	450.0	5.0	0.9125277	0.9125277	0.014752104	0.07736128	0.00038302114	0.0032613412	0.3255764	0.0026042205	0.0026925514	0.0034368117	0.00030576432	0.00026640194	0.0028991948	0.0018515731	0.0069896425	0.0014998884	0.0019763026	0.00074586546	0.0030841832	0.051953953	0.0031198794	0.00281383	0.0011398656	0.0013568528	0.00065644603	0.0016552978	0.04570892	0.0044726157	0.0016787498	0.0013106762	0.0005539202	0.0011233296	0.0013975931	0.00023681538	0.00051849324	0.0007219287	0.00031166116	0.0006450674	0.002852982	0.00070628	0.00011018577	0.002852982	0.00071933994	0.0013710689	0.0029086235	0.0004986333	0.0006464525	0.0005296976	0.001142011	0.0005522789	0.0018566939	0.004483044	0.00072479603	0.0011278625	0.0005813415	0.003088344	0.0014714858	0.013627077	0.0004641374	0.0010552071	0.00031214528	0.00022450669	0.0014430177	0.0008518732	0.0003033185	0.0024158198	0.0014402494	0.004555597	0.0053878604	0.00010201112	0.0053878604	-22.463214874267575
s04e23c	455.0	5.0	0.79314333	0.79314333	0.019735293	0.039234027	8.890958e-05	0.0036758082	0.10380284	0.0003733428	0.003871371	0.0043729343	0.00038516006	6.753877e-05	0.0014509354	0.0025133826	0.00080428674	0.0018197631	0.0037696734	0.0005307525	0.010130374	0.006626947	0.0046003223	0.00088797323	0.00051528384	0.0025819503	0.0020098372	0.0025819503	0.024233168	0.0139282765	0.004577548	0.0013002731	0.0008389294	0.00069232326	0.013077947	0.00012152323	0.00030131303	0.00096085074	0.00096085074	0.00071319356	0.0019336279	0.0015080192	0.00023276494	0.0019336279	0.0018956115	0.004753697	0.017909266	0.00031234024	0.00069775013	0.00035950777	0.0019734886	0.00050924363	0.009006493	0.032188695	0.0001482969	0.0067555658	0.0006846054	0.0010742239	0.0038538894	0.0020368572	0.0009286573	0.00041799142	0.0002006333	0.00012559642	0.0017211639	0.00087618077	0.0006031751	0.0029001944	0.0003438198	0.002461372	0.0045628487	9.671386e-05	0.009528379	-20.338077545166016
s04e23c	460.0	5.0	0.8797792	0.8797792	0.054020982	0.034766823	0.000532616	0.00061692775	0.0026717072	0.0017971719	0.0015864213	0.0019277022	0.00038511047	0.00037716085	0.001773048	0.0044441097	0.0011969273	0.000107404645	0.00069072837	0.00041522176	0.00014015325	0.0016924823	0.0042615356	0.0033601471	0.0010082143	0.0036231484	0.0015296814	0.009470028	0.03478911	0.0061814757	0.0031664409	0.00067015796	0.00081501686	0.00073196145	0.0026606522	0.0008346169	0.0002446495	0.0030210586	0.0010101256	0.0010845022	0.0013357087	0.0006365491	0.00028510584	0.0013357087	0.0010147725	0.0045921807	0.004123252	0.00016006005	0.00030150614	0.00063522183	0.001131531	0.0011121396	0.0013801936	0.0031872187	0.0015744842	0.0016450179	0.0010986652	0.05904434	0.0009250014	0.0145571185	0.0005178415	0.0015471854	0.0166918	0.0001981453	0.015829396	0.0018022303	0.001045355	0.0005473632	0.0008663713	0.0039448054	0.0013818357	0.00034268998	0.016986886	-19.728809356689453
s04e23c	465.0	5.0	0.9130264	0.9130264	0.026375916	0.046471443	0.0009256195	0.0036357052	0.13439572	0.0052754604	0.0027487853	0.009813486	0.0013075044	0.0008250574	0.002229047	0.0040400303	0.00217901	0.0012771222	0.0012778973	0.0007363566	0.0014024869	0.0519584	0.048026063	0.006395413	0.0023416514	0.0008112291	0.00085121265	0.0026619036	0.04591284	0.003978888	0.0018202931	0.0019977563	0.00041978154	0.0021827018	0.0024271323	0.00058936805	0.0006679886	0.0013492729	0.0012211953	0.0013492729	0.0058331736	0.0013051833	0.00050738454	0.0058331736	0.0011688075	0.006478828	0.006843178	0.00057488674	0.001081127	0.00054787786	0.0031237642	0.0025241673	0.0023848074	0.0015745943	0.0010039284	0.001027129	0.00070178334	0.0073120235	0.0001749816	0.0012787399	0.0008122056	0.0010074846	0.0022817326	0.0006365751	0.0018943613	0.0003016036	0.00079000107	0.002701581	0.0011019827	0.0038678953	0.0031904427	0.00081102044	0.0031904427	-20.294490814208984
s04e23c	470.0	5.0	0.85493183	0.85493183	0.06560114	0.010567208	9.936475e-05	0.009900283	0.24271065	0.00087200274	0.0025066016	0.0014651212	0.00050238555	0.0005504521	0.00075055356	0.0039676107	0.0030869644	0.00048378264	0.0017575116	0.00053870527	0.015499564	0.058868818	0.0103162965	0.0006980767	0.0020029272	0.0013746893	0.00030480186	0.0013746893	0.021960694	0.003503978	0.0024179653	0.0014665261	0.00059762836	0.0012939791	0.0020454729	0.0003514726	0.00022156611	0.001752315	0.0014238755	0.001752315	0.0056471704	0.002758051	0.0006324274	0.0056471704	0.001123906	0.006128509	0.00981941	0.0020298045	0.00037797957	0.0016042932	0.0038047219	0.0010035938	0.003547872	0.0034352362	0.00017493872	0.0013393436	0.0012409792	0.0023405342	0.00042804948	0.000481275	0.0004542765	0.0018027802	0.00071200816	0.00039300384	0.0012435373	0.0005636047	0.000989634	0.0035129352	0.00096378603	0.002836117	0.0032046	0.00025807333	0.004903609	-21.235448837280277
s04e23c	475.0	5.0	0.6500748	0.6500748	0.058433156	0.021310015	9.080352e-05	0.002731959	0.0010330299	8.246955e-05	0.0073026367	0.00044504102	2.9452787e-05	0.000119847675	0.000379067	0.0025466052	0.00016915862	3.0712796e-05	0.020488305	0.00010636759	0.8212116	0.01461681	0.0005811429	0.0005811429	0.00033493477	0.00034629996	0.00012346049	0.00034629996	0.03950116	0.029338373	0.003932655	0.0026372003	0.00024777633	0.0012237268	0.0072255805	0.000541868	0.00029056668	0.0013198911	0.000118654614	0.0007154478	0.00090425543	0.000118061194	1.449427e-05	0.00090425543	0.0003091552	0.00034778102	0.00031819058	7.5014716e-05	0.000114322145	0.00028841555	0.0003051051	0.00014261396	0.000103371174	0.0005719384	0.00013911829	0.0011664274	0.00039528907	0.00055670197	0.0002207888	3.9033897e-05	5.9229948e-05	0.0003390672	0.000193845	0.00016782181	0.0013315222	0.0011192199	5.001726e-05	0.0004019216	8.771336e-05	0.001706949	0.0037107277	5.6922567e-05	0.0037107277	-20.26302528381348
s04e23c	480.0	5.0	0.899504	0.899504	0.008709301	0.0017287221	0.0029738827	0.0005791603	0.01248773	0.0010467297	0.0011959028	0.0041083544	0.0052208807	0.00067054667	0.0019597271	0.008620192	0.0004088727	0.0005380395	0.001377995	0.0024030884	0.0009548672	0.0014920727	0.38169727	0.0007428695	0.0018663025	0.0028652044	0.0016896953	0.009245081	0.058892235	0.0054893815	0.0049227723	0.0017764034	0.00067018444	0.0012553176	0.0017622882	0.00062388164	0.000469019	0.0046206955	0.0024880748	0.0046206955	0.0063553993	0.0018379322	0.0017299297	0.0063553993	0.0055674403	0.01329061	0.014583545	0.000543588	0.0016417133	0.0006499531	0.0056746253	0.00072503096	0.004865228	0.017650183	0.000694149	0.0013132892	0.00033285993	0.007896444	0.000574151	0.000158552	0.00022200681	0.00092281826	0.004604416	0.0007288529	0.0021145479	0.0025038477	0.0037930715	0.0011256257	0.0013931817	0.01878124	0.0012224837	0.00019549736	0.0037930715	-20.41150665283203
s04e23c	485.0	5.0	0.8132903	0.8132903	0.07568614	0.006398596	0.0011363508	0.0020590376	0.27140352	0.0032100119	0.0024793644	0.001994781	0.00044075225	0.00028936053	0.006097331	0.0023357214	0.005449169	0.0014891061	0.0010167399	0.00065659493	0.0017370168	0.030323122	0.008288027	0.0055087856	0.005358615	0.0045780586	0.0008119441	0.004968434	0.02511021	0.007431302	0.0030868703	0.00060557335	0.0004716775	0.0007605746	0.0015672798	0.0003774074	0.00016225965	0.0019822102	0.0011398689	0.0008422088	0.003336517	0.0019131647	0.00042881584	0.003336517	0.0011200444	0.0037309316	0.009733429	0.0014034823	0.0012025647	0.00044007067	0.018987512	0.0014339199	0.0045235786	0.005345864	0.000103999104	0.0008713706	0.0008518026	0.0076129204	0.00030051664	0.0026965353	0.0011062509	0.00044100502	0.00041386334	0.0006818586	0.0032079786	0.0018645053	0.0012336757	0.0049167564	0.0030026496	0.0036517214	0.0019527458	0.00025241091	0.0074288053	-20.790565490722656
s04e23c	490.0	5.0	0.9363342	0.9363342	0.03377061	0.0038504864	0.00028871105	0.00037707528	0.0008165883	0.00044416837	0.002641344	0.0007470278	0.00013640887	0.00020509312	0.012186668	0.0022818346	0.0005269643	3.4884655e-05	0.0012489794	0.00010796757	0.0001691791	0.0010951145	0.0022497217	0.0014447729	0.00031523188	0.001354668	0.0007123584	0.0042720702	0.041767403	0.017069846	0.00979152	0.0019850913	0.0003202607	0.002073878	0.002587167	0.00034351836	0.00019270722	0.0027886701	0.00055663666	0.0009991013	0.0005783731	0.00025317303	0.00025725676	0.0005783731	0.0010716522	0.0013892356	0.0013592468	8.253839e-05	0.00034129064	0.0002643888	0.00046406573	0.00085414574	0.0004645021	0.0045819106	0.00050939777	0.0031870024	0.0007817203	0.014576755	0.00023784405	0.010180223	0.00050368306	0.0018048134	0.0084385695	0.0001542423	0.033218477	0.0052029695	0.00073071115	0.0004857021	0.00046301034	0.005139643	0.0008963712	0.0006916579	0.033218477	-21.08963394165039
s04e23c	495.0	5.0	0.7862432	0.7862432	0.25645748	0.0040130597	0.00012162803	0.0058560814	0.24574058	0.0008679768	0.0027420653	0.0009824258	0.0005191408	0.0004573166	0.0016097258	0.0012195877	0.0019985721	0.0015050655	0.004038392	0.00016742063	0.013335408	0.009493355	0.0019142813	0.0012867384	0.0012763451	0.0016127679	0.00034612836	0.0016127679	0.020596784	0.006881411	0.0042356844	0.0010529285	0.00030676965	0.00090620434	0.002146889	0.00076649437	0.00021556883	0.0052323644	0.0019449606	0.0052323644	0.0027933377	0.0044130622	0.0013811837	0.004686829	0.0010039494	0.0029190192	0.010115069	0.0016169131	0.0005406077	0.00075720815	0.005304274	0.0011613452	0.0032723045	0.006143141	0.00035665566	0.0010868023	0.0004726199	0.0027220338	0.00017098867	0.0017184886	0.001416638	0.001243654	0.0008251376	0.000165511	0.0016852266	0.0010460787	0.0006799193	0.0048046084	0.00090350665	0.0023391608	0.0028176606	0.0006452961	0.0048046084	-22.2307186126709
s04e23c	500.0	5.0	0.7898652	0.7898652	0.033585962	0.004610618	0.0010964538	0.0035530103	0.27455437	0.0018133655	0.0017393171	0.0025655765	0.00046529467	0.0005266681	0.0019512911	0.0032980915	0.0041968836	0.001638147	0.0013753572	0.000796995	0.0027017966	0.22555712	0.007756777	0.002431704	0.0040551373	0.0009260067	0.0005667709	0.0011410693	0.033456124	0.0070196553	0.0032596705	0.00078231347	0.00028666106	0.0010055748	0.0042129867	0.00077556656	0.0003722024	0.0009906566	0.0009906566	0.0004968745	0.0034525555	0.0020254923	0.00023840027	0.0034525555	0.0012110757	0.006840038	0.0069130305	0.0011431234	0.00087692414	0.00059329945	0.0058314013	0.0012683009	0.0055318717	0.002333811	0.0001723798	0.000386216	0.0008900919	0.0033167372	0.00036379308	0.0012813458	0.00043534578	0.0006555239	0.00020790688	0.00053859665	0.003195065	0.0015573396	0.0011472414	0.0019481148	0.0062779444	0.0036479395	0.0034556084	0.00029983092	0.0075457837	-22.15772247314453
s04e23c	505.0	5.0	0.8367101	0.8367101	0.022646813	0.0025080827	0.0010202116	0.0043574413	0.28049526	0.0017989846	0.0015862188	0.0022076261	0.00025560596	0.0003045198	0.0024884345	0.002645344	0.0034445978	0.0005916886	0.0074888305	0.0006018296	0.0033877252	0.06643611	0.0074225035	0.0027918862	0.002777115	0.020729944	0.00031205124	0.027082447	0.043700933	0.0117268255	0.0063598664	0.0011105145	0.0002829042	0.0010986776	0.003477819	0.00041670972	0.00030479836	0.001008873	0.001008873	0.00072094105	0.004593227	0.0016217515	0.00026417815	0.004593227	0.0028184392	0.0063348054	0.0047581163	0.00036290372	0.00032305805	0.0011568988	0.0015907481	0.0012626906	0.003225937	0.0038273295	8.057489e-05	0.000857209	0.0007948796	0.0028286602	0.00032235167	0.0005658002	0.000551174	0.0008293869	0.00016711312	0.0003868133	0.0020700858	0.0015460661	0.00081344874	0.0042262585	0.0023905549	0.010031857	0.002535988	0.00013446693	0.0042262585	-20.51163101196289
s04e23c	510.0	5.0	0.781935	0.781935	0.053781927	0.0028356211	0.00046760612	0.010636874	0.111796424	0.0013332366	0.0026006312	0.0011648285	0.0024167085	0.0008134449	0.0035184945	0.0023486007	0.0017752766	0.0011787715	0.0013061875	0.0005909498	0.0014818698	0.024177447	0.13399588	0.006609961	0.003500006	0.020992788	0.006589347	0.020992788	0.036164444	0.009268863	0.006745076	0.0011550137	0.00054060563	0.0017560598	0.004123757	0.0003715563	0.00030773046	0.0022239517	0.0022239517	0.00039103793	0.0062463605	0.0031343338	0.0001546486	0.0062463605	0.00073565834	0.008631169	0.009665797	0.0004525921	0.0014920087	0.0002046095	0.004258896	0.0026819496	0.008975558	0.003955873	6.173108e-05	0.000529613	0.0023294042	0.0031444603	0.0004521708	0.0004817829	0.0010520673	0.000550998	0.00031634158	0.0013429757	0.0039009138	0.0013407902	0.0015578765	0.0035182007	0.0007052953	0.0034253334	0.001039318	0.00018409149	0.010323192	-20.817607879638672
s04e23c	515.0	5.0	0.7871152	0.7871152	0.143945	0.008200442	0.0023126153	0.004221908	0.28423265	0.008514796	0.0015562213	0.0042427215	0.00114211	0.0016730432	0.035210356	0.0014707658	0.0010793981	0.0012504774	0.0013974652	0.00022939076	0.0036143283	0.018672472	0.009657557	0.002648224	0.0056625768	0.02061082	0.0025081234	0.02061082	0.016103622	0.006149348	0.0022579557	0.0010210011	0.00016089279	0.0008443519	0.0018741945	0.0012239728	0.00022821536	0.003554383	0.0017940011	0.003554383	0.01713837	0.008559646	0.00081136636	0.01713837	0.0009195484	0.0038561802	0.0056637283	0.0023652192	0.00051098777	0.0019497111	0.005595011	0.00091655296	0.00081856985	0.0029877466	0.0001240872	0.00066904275	0.0005299053	0.00430597	0.0013013496	0.007944309	0.0011290417	0.0011440516	0.0015515767	0.0006967958	0.0011695103	0.003862125	0.0005537115	0.0012454696	0.0024213733	0.007843311	0.0012166372	0.00036687902	0.003862125	-20.20820617675781
s04e23c	520.0	5.0	0.8153333	0.8153333	0.035519492	0.018601108	0.00039076348	0.0052126185	0.31752977	0.0043560388	0.0038814407	0.0020488922	0.00014450299	0.00048600056	0.0013110059	0.0022071346	0.002790425	0.00040910195	0.0019037866	0.0009735595	0.0066819107	0.2884433	0.004246188	0.0011335236	0.0023067421	0.001756753	0.0004041556	0.0030574214	0.029396214	0.0070217988	0.003190602	0.0011516047	0.00034982106	0.0014401787	0.003210401	0.0003858539	0.00039255153	0.0017277859	0.0014550469	0.0017277859	0.023560211	0.0058493176	0.00038069193	0.023560211	0.0009344327	0.019882048	0.005955237	0.0014563964	0.00041354567	0.0012649863	0.0016990838	0.0013056129	0.0049657216	0.0031623754	0.00015791829	0.0011182629	0.0006803523	0.0062271147	0.00076648046	0.003017991	0.00046948728	0.0009146921	0.00021411832	0.0003964941	0.00092789007	0.001025717	0.000607737	0.0016811786	0.0036657874	0.019193163	0.0041571776	0.00033217648	0.007670396	-21.409915924072266
s04e23c	525.0	5.0	0.95530754	0.95530754	0.30599338	0.06760719	0.0007933174	0.0021200348	0.031785093	0.004668554	0.000596426	0.0072277286	0.00010432986	0.0002256047	0.00399663	0.005049746	0.0007836441	0.00031487324	0.0010028215	0.00020470473	0.00061882724	0.12242394	0.0058592665	0.0040277657	0.0024904453	0.0021771507	0.00058755925	0.047918756	0.034994666	0.0023029484	0.0008411802	0.00017527532	7.74433e-05	0.00025108742	0.0004507889	0.00020386386	0.000109150686	0.002180103	0.00055693043	0.0010774441	0.001808196	0.0008075968	0.0001570641	0.001808196	0.00074118766	0.0026046168	0.002049648	0.00041968952	6.820801e-05	0.00025448835	0.00047946948	0.00076879933	0.0008316586	0.0021409518	0.00012074206	0.0011687753	0.0005843173	0.003348319	7.1602386e-05	0.00061782275	0.0001939441	0.0003357063	0.00031680788	0.00025210762	0.0023795902	0.00022246958	0.00012930183	0.0007501374	0.0017202883	0.0076080766	0.0033124888	0.00039807742	0.0033124888	-25.45328521728516
s04e23c	530.0	5.0	0.6722356	0.6722356	0.08034464	0.008821318	0.00091813056	0.0046279696	0.35863528	0.0014835232	0.0070110816	0.0027831579	0.00012129146	0.00021281104	0.0016667433	0.001703778	0.001433556	0.0006865966	0.002511485	0.0026416553	0.03516949	0.046032816	0.0024410775	0.0017017267	0.0019001124	0.0036400226	0.00017200218	0.0036400226	0.28746343	0.057012998	0.013074292	0.002404407	0.0008331906	0.0017913219	0.018535558	0.00033225756	0.0019978161	0.0009268046	0.0003757112	0.0002529672	0.0016132272	0.000768821	7.673911e-05	0.0016132272	0.00032521252	0.0014799611	0.0020103909	0.00043965678	0.0003079318	0.0004115149	0.0039829416	0.00064165756	0.0005725501	0.012880968	0.00015594429	0.0007607076	0.00065002276	0.0028299664	0.0010314279	0.0003014185	0.0005600469	0.0008093285	0.00017344124	0.00018783825	0.0022764977	0.0006386023	0.0003300674	0.0016207543	0.00034167056	0.0032006833	0.0046880436	9.0623515e-05	0.0366566	-19.84798622131348
s04e23c	535.0	5.0	0.15434949	0.15434949	0.0022225736	0.00041004448	0.00015088847	0.00035339463	0.00052399765	0.00024795643	0.04116111	0.0005853363	0.00030820435	0.00019612804	0.00051119726	0.010243998	0.0002315345	0.00021588396	0.00028404364	0.00026841759	0.0018397754	0.0016187631	0.0055269655	0.0021016921	0.002336943	0.0027236314	0.0017849044	0.0027236314	0.7327573	0.096563764	0.049032487	0.002505294	0.00037715008	0.0012902484	0.051052187	0.0005445106	0.0066216188	0.012274282	0.012274282	0.006909817	0.0041098706	0.024521343	0.0040727267	0.024521343	0.0022186127	0.051061615	0.07230911	0.008708264	0.006500798	0.0006879154	0.07223025	0.004289874	0.0052113775	0.0020315081	0.00014988985	0.004584558	0.000910613	0.0005759559	0.0003213097	0.00038316337	0.00038622078	0.00072836125	0.00028304962	0.0012074831	0.0030532484	0.0010699547	0.0053505395	0.0017794914	0.00030167637	0.005890527	0.0004651111	0.00048819906	0.028128041	-17.91222381591797
s04e23c	540.0	5.0	0.7201313	0.7201313	0.1005612	0.02417959	0.00034850408	0.00069496385	0.11958844	0.0011479137	0.0017773658	0.0058157593	0.00025140552	0.00044223724	0.004494397	0.004167368	0.0011173025	0.00018681532	0.0013005735	0.000513482	0.0056456146	0.01080471	0.0039396095	0.0015084803	0.00075083715	0.00472056	0.0015199331	0.00472056	0.4927776	0.040297963	0.005866042	0.004909537	0.0006493098	0.0027454826	0.011537418	0.0006939793	0.0017144725	0.0309081	0.0024344006	0.0309081	0.011489986	0.00689216	0.0038724174	0.011489986	0.0010180634	0.005754919	0.0062845876	0.00066826085	0.00087171566	0.00038572	0.0021138338	0.00089948025	0.0003460713	0.0019792223	0.00066246	0.0007102499	0.0010798537	0.001333497	0.00028117467	0.00013009558	0.0005471055	0.0016696999	0.00047190973	0.0006224746	0.00046666188	0.00016280547	0.0005507741	0.00051504717	0.0015898327	0.018626943	0.0011398374	9.283495e-05	0.00444273	-23.69349670410156
s04e23c	545.0	5.0	0.91289157	0.91289157	0.095105715	0.029841082	0.00032156834	0.0040293997	0.19369136	0.0016181399	0.00089723634	0.0015283513	0.00018669921	0.00016113535	0.001150483	0.0041082804	0.0022071325	0.00049436354	0.0011547969	0.00032161127	0.0042460584	0.10812134	0.0033055064	0.0025461898	0.0033055064	0.0030342184	0.00044307398	0.00862868	0.03285683	0.0039600614	0.0018507887	0.0007681008	0.00039540668	0.0007880958	0.0016104601	0.00014247518	0.00020590097	0.0010649053	0.00045980027	0.0010649053	0.0025674931	0.00071020826	0.00025882194	0.0025674931	0.0006533453	0.0036256006	0.0032012674	0.00049231324	0.000330658	0.00047734327	0.0022823405	0.0011460624	0.0016901948	0.010087567	0.00014306384	0.0032392656	0.0008193494	0.004674076	0.0002395169	0.00075524586	0.0006821846	0.000721842	0.00036158002	0.00038072187	0.0011701711	0.0005364239	0.00046269072	0.0020518836	0.000776677	0.0039034788	0.0034881632	0.00014160592	0.0038349694	-22.688798904418945
s04e23c	550.0	5.0	0.93870986	0.93870986	0.015271466	0.2357567	0.0008338943	0.00044740646	0.004029036	0.0016649963	0.0009880781	0.008703433	7.8554964e-05	0.00031269214	0.005472611	0.0030005632	0.0010066307	0.0001865759	0.0014233679	0.00036396322	0.0002543154	0.002552892	0.004971287	0.0032436936	0.0012707036	0.0016174815	0.0014228169	0.0066073094	0.057017203	0.0043401	0.0015247036	0.00040655007	0.0003236851	0.00034576523	0.0011703734	0.00040768777	0.00020963709	0.0022698098	0.0005988571	0.001555764	0.0014195186	0.0006702199	0.00030651884	0.0014195186	0.00072987605	0.0026594868	0.0019420277	0.00012020718	0.00014134489	0.0003997394	0.00044105065	0.00070160715	0.0010108631	0.0011960451	0.0012820697	0.0023723838	0.002878778	0.005690843	0.00079473766	0.09703534	0.000116867624	0.0006086387	0.00045948918	0.0003544982	0.003986437	0.0011780211	0.00015905865	0.00024460707	0.0018967052	0.031318434	0.0018668106	0.00016619702	0.0041765384	-22.61733055114746
s04e23c	555.0	5.0	0.8401549	0.8401549	0.07521602	0.0013559775	0.00022150569	0.0010962323	0.009439472	0.0025134138	0.0017088929	0.0007536469	0.0020879565	0.00072434236	0.21824966	0.007626265	0.0016847741	0.0007194648	0.00037058792	0.0009805915	0.00034071345	0.0025035942	0.065931484	0.0113719	0.065931484	0.0018080177	0.0010069525	0.003688929	0.034018785	0.0049480447	0.0021713192	0.0005371164	0.00021667643	0.0004685958	0.001422699	0.0009594096	0.00022549115	0.003425169	0.002283155	0.0007210888	0.0011215654	0.0022286633	0.00031927938	0.0022286633	0.0026026047	0.0045346953	0.003493124	0.0002752088	0.0005880528	0.00041198236	0.0042614485	0.0017154408	0.0018131756	0.02161618	0.00031383897	0.0010258494	0.0017293213	0.0032961157	0.0008376421	0.0015703271	0.0018632351	0.0006411695	0.0007621501	0.0012681922	0.012259895	0.008371994	0.00096572697	0.0030280421	0.0024039634	0.024307132	0.0014227031	0.00035864822	0.013855684	-23.35077476501465
s04e23c	560.0	5.0	0.9217981	0.9217981	0.035451848	0.067900315	0.0004772068	0.0024371024	0.40116146	0.0010284773	0.001667879	0.0035001491	0.0005121519	0.00035012336	0.004675028	0.0015393625	0.004539061	0.0019130945	0.0025111947	0.0015950083	0.0024314066	0.030892173	0.0024219262	0.0012360623	0.0018613888	0.0012974073	0.00040901266	0.0031058413	0.02015987	0.003522389	0.0020064015	0.00056215934	0.00014318789	0.00048601397	0.0014624024	0.00017169182	0.0001300467	0.0014521581	0.00085235306	0.0014521581	0.001997995	0.0010374784	0.00043117872	0.001997995	0.0007887915	0.0016093426	0.0014292853	0.00026001062	0.00032492803	0.00034878193	0.0007593224	0.0005556809	0.0011069255	0.0067345034	0.00031255264	0.00069116725	0.00052832527	0.0043870825	0.00067559717	0.008258602	0.0005221186	0.0004080904	0.0002896686	0.0004426185	0.0011553867	0.00092457543	0.00029178677	0.0030505327	0.0014036834	0.004747919	0.0047154925	7.316799e-05	0.0052418816	-23.5212345123291
s04e23c	565.0	5.0	0.7507701	0.7507701	0.08513709	0.00466823	0.0003982666	0.0018841147	0.16764435	0.0012837938	0.001007992	0.0017035778	0.0015756772	0.0005755339	0.0033526006	0.0018902826	0.0008153322	0.000737959	0.0014103733	0.0009272851	0.0033629634	0.019926485	0.006162824	0.0024948213	0.0020358707	0.0034828729	0.0016531801	0.014474363	0.03560596	0.0057479	0.0018595018	0.00044026994	0.00030762926	0.0004980201	0.0019137922	0.00018427415	0.00017476066	0.0036954714	0.0013315807	0.0036954714	0.012121299	0.0041708206	0.00061235786	0.012121299	0.0010820739	0.004289275	0.003912056	0.0012950617	0.0002687374	0.0009928136	0.00501833	0.0013334487	0.0021990675	0.0061837994	9.798236e-05	0.0013465135	0.00034625674	0.006631792	0.0009875953	0.005994787	0.00074561604	0.0015526179	0.0007104293	0.0002726026	0.0028533398	0.002631431	0.00057608547	0.003353968	0.0023603085	0.01066942	0.0023525546	0.00016145463	0.009425367	-21.09549331665039
s04e23c	570.0	5.0	0.42030153	0.42030153	0.0167536	0.0030831383	0.00062188046	0.005861953	0.0872901	0.00081258034	0.0021419362	0.009544819	0.0001299168	0.00051135634	0.00084032223	0.013643341	0.001146296	0.000587459	0.0020438158	0.00032421385	0.02521863	0.31214294	0.004057886	0.0037337632	0.0019045677	0.01025119	0.0024018097	0.01025119	0.059536222	0.017065022	0.0076149055	0.0011999038	0.0005907028	0.001604135	0.0064296043	0.0007633287	0.00059609924	0.0032453525	0.0032453525	0.001074445	0.005218095	0.004103661	0.00057424954	0.005218095	0.0011700027	0.018930338	0.0053863376	0.001141052	0.00069573417	0.0015396615	0.020833759	0.0020514834	0.0021412922	0.0031833174	0.00012178935	0.0002656785	0.0010674654	0.00072163675	0.000102415426	0.0004781521	0.00028911978	0.0017907318	0.00038286563	0.0005225644	0.0020483502	0.0005674901	0.001562691	0.0012075509	0.00066590606	0.0045113065	0.0009936776	0.00022665298	0.004233812	-20.222705841064453
s04e23c	575.0	5.0	0.74868554	0.74868554	0.021671847	0.006595046	0.0008776162	0.002281601	0.0042049424	0.0008498435	0.0012193954	0.0022129663	0.000787821	0.0001362486	0.008739009	0.0136142	0.0015253876	0.0001293461	0.003453681	0.00029272327	0.00081204233	0.011341849	0.013621431	0.012739891	0.0012922186	0.008550958	0.002086689	0.008550958	0.039705437	0.0036855864	0.0017063917	0.00033192543	0.00039240468	0.00039591134	0.0014945504	0.00026516305	0.00018950607	0.002118532	0.0012146236	0.0008596203	0.003071114	0.00081357744	0.00020706965	0.003071114	0.0033592116	0.0061275563	0.004440375	0.0005090369	0.00029786475	0.00088800455	0.0010358149	0.004548408	0.001883774	0.027355598	0.0012917867	0.0061355215	0.0029770217	0.008188069	0.00062038866	0.012223196	0.00093354634	0.0009443577	0.0016205984	0.00013662054	0.017093737	0.004109578	0.00094841927	0.008152516	0.0014492176	0.012219011	0.0055560893	0.0001603035	0.1308281	-20.963191986083984
s04e23c	580.0	5.0	0.80149066	0.80149066	0.020315088	0.054798633	0.000702938	0.0014637371	0.0067277034	0.001106673	0.0021339264	0.0024455693	0.00049701467	0.00023298498	0.002794326	0.003986647	0.0010045455	0.00020285287	0.0011411107	0.0020040942	0.00020106629	0.0040138676	0.0072570764	0.0072570764	0.0009957479	0.0048150118	0.0031188445	0.0048150118	0.098830685	0.010714047	0.0026568638	0.0009456271	0.0009853401	0.001179529	0.003125214	0.0010818925	0.00058411795	0.0020694477	0.00084935006	0.0007904168	0.0011633404	0.0006303858	0.00020084209	0.0011633404	0.0006405654	0.003559291	0.0025950884	0.0002172652	0.0002729097	0.0008672043	0.001043731	0.0005236352	0.0017674218	0.0026660312	0.0005022419	0.0061289566	0.0037327933	0.011354995	0.0005141927	0.02471693	0.00045972862	0.0016931308	0.0015043446	0.0002518568	0.009049883	0.0024779097	0.00063454895	0.0012201739	0.0022776958	0.014579783	0.0030432788	5.658242e-05	0.012628796	-20.59506225585937
s04e23c	585.0	5.0	0.87627155	0.87627155	0.02852299	0.012970631	0.0003025595	0.00082030724	0.0016144995	0.00041193134	0.0024150743	0.0005258098	0.00050283014	0.00018338511	0.0015951745	0.0032281135	0.0009317784	4.312663e-05	0.00029640214	0.001099972	0.00023594835	0.0016923855	0.002145198	0.0017447933	0.0009681955	0.002861583	0.00078112783	0.002861583	0.11062734	0.014065631	0.00706218	0.00070192345	0.00053898443	0.0010255718	0.0058258064	0.0007332371	0.00066841755	0.0014130808	0.00047070617	0.0010158578	0.00081509526	0.00031132382	0.00029743198	0.00081509526	0.0010390071	0.0028102705	0.0023930147	8.436449e-05	0.00030266796	0.0007755388	0.0006595231	0.00063321774	0.0012990859	0.0012450912	0.0006412468	0.0015902143	0.00064397586	0.06191436	0.00058422994	0.0060171364	0.00012479679	0.0013390363	0.0012561167	0.00016259309	0.011065626	0.0042757536	0.001509701	0.00029453868	0.00055893447	0.007791064	0.00045802552	9.234721e-05	0.011065626	-19.50741577148437
s04e23c	590.0	5.0	0.7564745	0.7564745	0.11908482	0.08836574	0.00043010933	0.007485206	0.01627785	0.0009132292	0.0026676902	0.002236515	0.00024796114	0.0004645982	0.00064593786	0.024521993	0.00091082376	0.00026871843	0.008771373	0.00036744887	0.34244356	0.031634245	0.0021974496	0.0021974496	0.0010512292	0.0017249902	0.00043452048	0.0029941567	0.050478365	0.020570666	0.004976994	0.0012569028	0.00025595762	0.0006397463	0.0051699034	0.0005497448	0.0003517007	0.00053235306	0.0003001401	0.00042750404	0.0014222343	0.0004375842	4.9496557e-05	0.0014222343	0.00054740935	0.0013276386	0.0009957786	0.00019524679	0.00023881775	0.00048993184	0.0017252349	0.00025711794	0.00012591599	0.011979562	0.00025281508	0.0013882515	0.00059147354	0.00096318295	0.0006664806	0.0004997615	0.00012340034	0.0012988596	0.00079111755	0.00040316742	0.0012465412	0.0008214085	0.0001498827	0.0016982033	0.0004735881	0.007640615	0.0023337922	8.662164e-05	0.04042406	-18.976301193237305
s04e23c	595.0	5.0	0.7534037	0.7534037	0.08669451	0.055558395	0.0002627857	0.0055522965	0.0023627665	0.00027129866	0.0069216653	0.000692381	3.6535323e-05	0.00030310458	0.00029895065	0.002621264	0.00010257542	6.3851054e-05	0.023803348	0.00022872181	0.79292834	0.026727226	0.00070774753	0.00070774753	0.00044900613	0.00044940945	0.00010881159	0.00044940945	0.03941925	0.036309697	0.007111257	0.003119703	0.0005879808	0.0012743033	0.011831666	0.00038807982	0.00055331737	0.0018900181	0.0001121959	0.0012366382	0.00078664697	0.00014956862	2.012883e-05	0.00078664697	0.0002550925	0.00034408292	0.00042208537	9.844003e-05	0.00014399791	0.000630891	0.00042131275	0.000101079415	0.00021888349	0.00076233497	0.0001536699	0.000512015	0.00057646475	0.0009955771	0.00035132788	4.0074316e-05	3.435543e-05	0.0011521786	0.00030885972	0.0007442123	0.0017085391	0.0013346964	0.00011381483	0.00029414162	0.00012341011	0.0031723166	0.0018578654	1.9552532e-05	0.0022651518	-19.53854751586914
s04e23c	600.0	5.0	0.90491164	0.90491164	0.021165915	0.09972691	0.00097316166	0.0025301436	0.15188304	0.0027244422	0.0016471847	0.0106975315	0.002780142	0.00035504578	0.0020891929	0.0016109049	0.0027383505	0.0013344091	0.0009541179	0.001974712	0.0021614507	0.027573481	0.02214792	0.0017695827	0.002172982	0.0015672245	0.0008385828	0.0019403324	0.03611766	0.0043967133	0.0015575934	0.000667553	0.0006304381	0.00081084925	0.0018375786	0.00037827768	0.0003289657	0.0012781254	0.00045419036	0.0010822471	0.009568438	0.00087295874	0.0001514238	0.009568438	0.00058156124	0.0018736395	0.0017300161	0.00023914357	0.00038238158	0.0009723619	0.0010275426	0.00055106264	0.0011628884	0.0026184341	0.0005809073	0.0023583162	0.00039454838	0.0034647635	0.0007328678	0.005920471	0.00018895883	0.00089461514	0.0006356351	0.00022572368	0.0011414096	0.00035405016	0.000302702	0.0013806636	0.0016815626	0.0040239645	0.0023073317	0.0002149449	0.0027427163	-19.13579750061035
s04e23c	605.0	5.0	0.9529747	0.9529747	0.021311576	0.19678253	0.0026043318	0.0011638746	0.0900028	0.010376473	0.0009356515	0.03778006	4.2403983e-05	0.0003793862	0.0022166648	0.0027013791	0.0022551538	0.00054973696	0.0016317306	0.00024353823	0.00041611152	0.053994343	0.0060884114	0.0035598034	0.0012991119	0.0024197926	0.0006473566	0.006528756	0.032194376	0.002525153	0.001126436	0.00056724675	0.0002699796	0.0006327487	0.0011284079	0.00018675228	0.00019952984	0.0011925407	0.00034341554	0.0007969498	0.001913181	0.0004015396	0.00015477045	0.001913181	0.00077273994	0.002231475	0.0056226165	0.00018181189	0.000121613884	0.00043789152	0.0010450359	0.0015525025	0.0017648923	0.0055746282	0.00036922743	0.0017134576	0.001042982	0.007333604	0.0010356866	0.012963392	0.00035988088	0.00038163466	0.0007252283	0.00018936861	0.0022143016	0.00036570014	0.00053132273	0.0013980982	0.0015196132	0.005245934	0.0027926206	0.00043187308	0.0027926206	-20.03591537475586
s04e23c	610.0	5.0	0.8041034	0.8041034	0.03390934	0.0055635236	0.00012339916	0.0011657088	0.015672732	0.00037176587	0.0012779107	0.0012784853	0.00018686414	0.00056385	0.00065935845	0.015861066	0.00073562155	0.0004909938	0.0008516885	0.00077272963	0.0041872635	0.082716644	0.0380916	0.009550018	0.0038900196	0.031765126	0.005312797	0.031765126	0.03106046	0.005205818	0.0028505316	0.00085475884	0.00031957752	0.0007817843	0.002186712	0.00022489746	0.00016389733	0.004306653	0.004306653	0.0010537284	0.010728896	0.0059618233	0.00036593887	0.010728896	0.0018350965	0.020409545	0.012834994	0.0024027354	0.0010469411	0.0003978113	0.030877741	0.0025742939	0.0029653737	0.0015243189	4.3423803e-05	0.0003705992	0.0010745708	0.0014237169	8.9644534e-05	0.0009658401	0.0002979167	0.0008467601	0.00028675757	0.00113683	0.0015704392	0.00040283916	0.00143566	0.00079897203	0.0008545035	0.00461476	0.0004336232	0.00017808222	0.020776572	-22.76054573059082
s04e23c	615.0	5.0	0.9249247	0.9249247	0.04421241	0.017624885	0.00093726505	0.0005546176	0.018487288	0.0014487897	0.0005683069	0.005765312	0.00016606285	0.00021216959	0.002470352	0.0048002144	0.001418183	0.0002242769	0.0012093639	0.0001327763	0.0004359951	0.093206674	0.0052256556	0.0034970636	0.0020149865	0.0032151546	0.00078186067	0.017825348	0.05587139	0.007969494	0.0019163815	0.0003884422	0.0001365515	0.00041719148	0.001160643	0.00016762126	0.000113832844	0.0011016395	0.00017751529	0.00023541442	0.0005412904	0.00014811219	5.8077538e-05	0.0005412904	0.0005557842	0.00066597934	0.0004405357	8.11564e-05	6.642178e-05	4.9682643e-05	0.0001877523	0.00043225428	0.00037785308	0.0033433978	0.00011310704	0.0010660102	0.0035994845	0.0029388794	0.0001844756	0.037229072	0.00016130906	0.00022489746	0.00080748746	0.00032768332	0.0070591443	0.00796152	6.2469546e-05	0.00023391984	0.0007809292	0.007926411	0.0010190726	0.00011970755	0.021122495	-23.828489303588867
s04e23c	620.0	5.0	0.86319584	0.86319584	0.0063160644	0.11774262	0.00042994472	0.00095617917	0.008225199	0.0013581242	0.0010607878	0.055672437	0.00036835007	0.00025026954	0.0018081632	0.0012974178	0.00066838216	0.0005130111	0.0006179099	0.00022776666	0.00081275613	0.016593488	0.017123187	0.0056172204	0.0017525094	0.005786138	0.0026997544	0.005786138	0.028588878	0.0026659197	0.00071167573	0.00056665234	0.000189659	0.00043493885	0.00081708137	0.00027016347	0.00021473065	0.002415774	0.0012379221	0.002415774	0.012162228	0.0039925817	0.0003897246	0.012162228	0.0007836385	0.0047558	0.018378887	0.0014402007	0.0007092918	0.0010580447	0.004475334	0.001147801	0.0013352393	0.0026635372	0.00042174532	0.00043901938	0.00031602778	0.0033387851	0.002617249	0.0027234424	8.043257e-05	0.0010367824	0.00039418915	0.00019871061	0.0023513406	0.00019295838	0.0002975454	0.00038975934	0.0008910601	0.010392738	0.001063439	0.00015812894	0.0023513406	-20.728609085083008
s04e23c	625.0	5.0	0.35003576	0.35003576	0.0059915823	0.013136178	0.00057518267	0.011706258	0.010475253	0.0016233086	0.22316885	0.019452414	8.6046675e-05	0.0004690096	0.0018005094	0.008865827	0.00075062865	9.624117e-05	0.0027431522	0.00012129031	0.01567917	0.020102799	0.007201318	0.007201318	0.00070720544	0.00886578	0.00544305	0.00886578	0.76373994	0.069257885	0.047579866	0.0015001569	0.00059207284	0.0010136632	0.037003577	0.0017777127	0.012190182	0.0020719997	0.0012194872	0.0016677601	0.0029409833	0.0040438697	0.0004796853	0.0040438697	0.00017840258	0.0043533635	0.004351731	0.00033723866	0.000690375	0.00020926524	0.0011024437	0.0014142293	0.0003145672	0.0015011408	0.00048767298	0.0027269335	0.0002244917	0.00035081228	0.00066491	0.0005521289	0.00025094216	0.0015559789	0.00037388116	0.00027077203	0.00037759778	0.00023117558	0.0009419063	0.0012211651	0.00021025703	0.006128486	0.0020485101	0.00014237183	0.024839003	-18.873931884765625
s04e23c	630.0	5.0	0.8496489	0.8496489	0.018684788	0.070512794	0.006763918	0.006892709	0.012612377	0.009724306	0.007160256	0.07959017	0.00011383491	0.00012975611	0.00032591706	0.040855393	0.0010637571	0.00029089293	0.0027504326	0.000704116	0.0053599314	0.03490303	0.0045917532	0.001441798	0.0013330994	0.0027701317	0.0049013477	0.0049013477	0.08658897	0.013252782	0.0021347671	0.001280235	0.0004946204	0.00083889853	0.0018649341	0.00034327692	0.00042880277	0.0051963464	0.0051963464	0.0045711338	0.03609267	0.012804327	0.0007726656	0.03609267	0.0008727733	0.022722734	0.016049542	0.0029521259	0.018478457	0.0010870135	0.00772276	0.004535391	0.0005255257	0.0022229045	0.0005358321	0.0015155403	0.00017711459	0.0005721511	8.9859874e-05	0.0015245215	0.00019265283	0.005588311	0.00031412515	0.00058278337	0.0009466647	0.00017228679	0.000760858	0.0005270432	0.00027230254	0.023594065	0.0012637477	0.00028012975	0.014815687	-20.847360610961918
s04e23c	635.0	5.0	0.8564822	0.8564822	0.0038580054	0.33561143	0.000612137	0.00084272743	0.0011704296	0.0024945033	0.003447239	0.06306875	8.6765824e-05	7.5346004e-05	0.0009429106	0.0032690882	0.00088602304	7.83978e-05	0.0017550539	0.0008706179	0.00022497681	0.0014348385	0.0061459714	0.0036443104	0.0009745627	0.001916718	0.0019301221	0.0042072493	0.059322756	0.0026890147	0.0007760512	0.00066106464	0.00031826462	0.00045853597	0.0009125124	0.000827773	0.00053525635	0.0058975425	0.0014696906	0.0058975425	0.0027300606	0.0013339681	0.0016695799	0.0027300606	0.0010682559	0.0058906106	0.014690196	0.00036722334	0.00028326776	0.00062164105	0.0020270871	0.0011922268	0.002208455	0.00248137	0.00074970996	0.0018393891	0.0007840628	0.002944457	0.0021170771	0.0036952484	0.00012394624	0.00034249944	0.00028510473	0.00022490347	0.0045385333	0.00028533806	0.0007036461	0.00046726904	0.00071698526	0.005345857	0.0012458795	0.00019482187	0.0045385333	-21.660659790039062
s04e23c	640.0	5.0	0.8000134	0.8000134	0.022847293	0.03187597	0.0022579117	0.0032841472	0.28810713	0.005501338	0.0057488373	0.011207215	0.0023958406	0.00023059004	0.006412043	0.0022129535	0.0018206639	0.004678606	0.0020882953	0.00086411816	0.0049228985	0.01903386	0.00951549	0.008825213	0.0018532278	0.0014488063	0.0056061195	0.0056061195	0.0614955	0.0072600073	0.0027878734	0.00096307934	0.00019492331	0.0008105078	0.0029389411	0.00046288062	0.0005327721	0.0021439255	0.0021439255	0.0011739044	0.0056762667	0.0061895517	0.00046774518	0.0061895517	0.000563954	0.011023293	0.025584538	0.0029890507	0.0036458867	0.0006259958	0.014443141	0.002578524	0.0017528456	0.007339035	0.0011054992	0.0014274571	0.00030794792	0.0025242274	0.00073704496	0.017358396	0.00093651394	0.0008536523	0.00043304946	0.0005307217	0.0023704523	0.0016507902	0.0009738244	0.0042565996	0.0027576878	0.00974016	0.003722087	0.00033784186	0.0149399815	-23.631576538085938
s04e23c	645.0	5.0	0.8760851	0.8760851	0.030684635	0.14976832	0.0007054896	0.0032331222	0.25949654	0.0028501414	0.004632123	0.017845396	0.0005336979	0.00043454763	0.0024587077	0.0014642383	0.0027262152	0.0026949905	0.0017746488	0.00052766147	0.004703095	0.052724738	0.0066500558	0.0066500558	0.001866672	0.0007596908	0.00042249862	0.0031269912	0.035013635	0.0031657142	0.0011585536	0.0005852883	0.00032009647	0.0006304363	0.001268904	0.00020965307	0.0003158838	0.002128969	0.00084969925	0.002128969	0.0037446874	0.0012841283	0.0007727672	0.0037446874	0.00041288233	0.0024761127	0.002132345	0.00050583616	0.00053794356	0.00043491335	0.0021722752	0.0009204228	0.0008942172	0.0015731915	0.00042837235	0.0009859223	0.0003800421	0.0014790861	0.00029273133	0.025918463	0.00025792967	0.000826549	0.00048914953	0.00013054878	0.0009194109	0.00040795156	0.00019991375	0.0021853184	0.00081409863	0.006668966	0.0040619313	0.00012676085	0.0040619313	-22.01321601867676
s04e23c	650.0	5.0	0.8397456	0.8397456	0.0035610164	0.09425028	0.00010847861	0.00056704244	0.004431465	0.00034357765	0.000781155	0.009685137	0.0008574026	0.00015904667	0.0006808194	0.0028792226	0.037243094	6.993776e-05	0.00075739436	0.0009932664	0.00026986122	0.0041893735	0.047092058	0.047092058	0.0017958108	0.021610292	0.0053084726	0.021610292	0.4752348	0.009422669	0.0011939086	0.0010396042	0.00073070417	0.0016444048	0.00071530946	0.00035596575	0.0013807431	0.0015385089	0.0012058107	0.0015385089	0.0023365694	0.0016884545	0.00070036494	0.0023365694	0.00061623874	0.009610314	0.0039100386	0.00027240798	0.0004167314	0.00048912293	0.005111364	0.00065840624	0.0013958918	0.0017346464	0.0014753606	0.0011780828	0.0023898636	0.0033441687	0.00089176884	0.008869448	0.0004993158	0.00056058867	0.000554528	0.00013325422	0.0024674067	0.00068353326	0.00012420736	0.0022807524	0.0013434789	0.032552235	0.003811031	6.379433e-05	0.0047398205	-21.229419708251957
s04e23c	655.0	5.0	0.88473475	0.88473475	0.020566175	0.047894493	0.0006398829	0.0022524141	0.062449824	0.003636676	0.00093532295	0.037241206	0.00019778476	0.0003135519	0.001700886	0.0045497385	0.002534154	0.0019078518	0.0011779604	0.0005668498	0.0012179938	0.07724759	0.011669965	0.005188364	0.0012571556	0.001882417	0.0010705731	0.0029478734	0.021465259	0.0018448207	0.00059533614	0.00034845955	0.00022028624	0.0003193004	0.00086852623	0.00039854768	0.00023882047	0.011897665	0.009007059	0.011897665	0.021997852	0.012463515	0.0020837183	0.021997852	0.0051033227	0.016770866	0.018055918	0.0026003493	0.00096508994	0.0009878573	0.0034441687	0.006829309	0.0020240855	0.0011809185	0.00062956836	0.0008749177	0.0002465091	0.0016692962	0.00021387634	0.0051115514	0.00041063357	0.0010959473	0.0011581265	0.00017884113	0.0012020752	0.00030190192	0.0009835247	0.0007660829	0.0012366393	0.010031966	0.0014716702	0.00021261997	0.0016951534	-20.44025039672852
s04e23c	660.0	5.0	0.9096863	0.9096863	0.012485267	0.2500691	0.00075889204	0.0018941305	0.016686104	0.0023104742	0.004001737	0.056101635	0.00015454984	0.00029500775	0.00051690725	0.0040867287	0.0009572857	0.0010813706	0.0032426084	0.0011118334	0.0041143973	0.0078703705	0.009283395	0.0049842396	0.0022534207	0.002176426	0.0017151093	0.002176426	0.19191168	0.009348446	0.0021502012	0.001652594	0.0006049178	0.0010853094	0.0030696387	0.001560711	0.0019422531	0.0014674237	0.000556884	0.0013116567	0.004251869	0.0009115609	0.00018956607	0.004251869	0.00030525753	0.0023106567	0.0069820476	0.0005016018	0.00083733245	0.0007543306	0.0029099083	0.00096128153	0.0016834617	0.0015073244	0.0013670686	0.0012039177	0.00032386012	0.0041267523	0.0007682681	0.0015887825	0.0001243722	0.0014217665	0.0015013367	0.00021185102	0.0013353104	0.0003190752	0.00021522833	0.00029928432	0.00072817947	0.006265528	0.0031768463	0.00012662192	0.004354546	-20.6039981842041
s04e23c	665.0	5.0	0.62556845	0.62556845	0.022885427	0.011573506	0.00024068347	0.0037711672	0.08534357	0.00038799897	0.020951698	0.014421321	0.00024807372	6.609953e-05	0.00072713447	0.0022361916	0.0014940248	0.0009138414	0.0115878275	8.952785e-05	0.031131351	0.050914105	0.0016816051	0.0013381839	0.0015770895	0.0007889185	0.00024807395	0.0007889185	0.3434523	0.020671593	0.005277578	0.00045311594	0.00028954874	0.0004612533	0.01808145	0.0003289002	0.0016076489	0.00029313157	0.00010444951	5.5476758e-05	0.00085961743	0.00014964023	1.8233923e-05	0.00085961743	0.00071612454	0.0010311474	0.0017430941	0.00035894942	0.00054014334	0.00020633884	0.0012922309	0.0017827775	0.00033398968	0.060718924	0.00040442462	0.1672531	0.00075582974	0.00043657175	0.00031944926	0.00026916154	0.0003127619	0.00031976524	0.00080795196	0.00013322868	0.0009494206	0.0033542407	0.007217079	0.043803774	0.0029325262	0.0035063762	0.017631782	0.0007276994	0.043803774	-22.16243553161621
s04e23c	670.0	5.0	0.07471451	0.07471451	0.00028052478	0.0003086816	7.753855e-05	0.000657381	0.0002026642	0.00010618061	0.046381358	0.0006680456	9.261893e-05	0.00011793629	0.0010502007	0.00074274454	0.002413928	5.4045962e-05	0.00028398432	5.0322258e-05	0.00021972322	0.00025745624	0.0037072634	0.0024907498	0.0007693755	0.0010820368	0.0013630255	0.0013630255	0.7005137	0.047607023	0.020792857	0.00077583484	0.00026675573	0.00064064877	0.066152304	0.0262499	0.008369864	0.00030972753	0.00030972753	6.2437386e-05	0.0007011426	0.0005960674	1.9170026e-05	0.0007011426	0.00057226344	0.0027359074	0.0026196649	4.3216176e-05	0.00017163619	0.00014696213	0.0007329786	0.004862295	0.0008932111	0.006686628	0.00084432046	0.004034108	0.0046044863	0.00057738664	0.00083522435	0.00059252896	0.0040214295	0.0007950956	0.00069218077	0.0002122651	0.005108327	0.0033592975	0.0012153375	0.00458957	0.002702272	0.003952241	0.00692664	0.00057890365	0.013430907	-17.374149322509766
s04e23c	675.0	5.0	0.8926106	0.8926106	0.027665768	0.017048154	0.006216598	0.042305246	0.14438061	0.027721716	0.0030945425	0.037307095	0.0005626922	0.0023985533	0.002926263	0.0017236852	0.0032124463	0.001826861	0.003780171	0.00047927987	0.0013953714	0.022595756	0.009100276	0.009100276	0.0019337256	0.0009839897	0.0005678537	0.008176525	0.02994507	0.0060881195	0.0030611912	0.0008695148	0.00025003366	0.0007336655	0.0017142653	0.00035607928	0.00052882277	0.001202972	0.0005466726	0.001202972	0.003077069	0.0009451975	0.0002746078	0.003077069	0.00031948427	0.0015824038	0.0042117867	0.00016916491	0.0011292526	0.00021087723	0.004420449	0.0012836991	0.001106642	0.0035359552	0.0003339378	0.0013945478	0.00021772597	0.0017489226	0.00019445071	0.00121982	0.0002731091	0.0016171102	0.0013064301	0.005733116	0.0014110752	0.00032467503	0.00086058734	0.007577026	0.0010611862	0.0022323818	0.0020115622	0.00042413129	0.007577026	-19.12645530700684
s04e23c	680.0	5.0	0.8081412	0.8081412	0.030032763	0.00820332	0.0014118704	0.029021949	0.05552682	0.07967445	0.0065950435	0.034947872	0.0066799233	0.0008220874	0.0014198567	0.0044259084	0.00083555985	0.0015089493	0.0034868836	0.000640169	0.005666272	0.023961969	0.007355227	0.007355227	0.0012293193	0.012610519	0.011398145	0.012610519	0.012463832	0.0017873725	0.00064339826	0.0001673587	6.44153e-05	0.00019815569	0.0019576596	0.00010267679	0.00013412976	0.0063453824	0.004509947	0.0063453824	0.015269358	0.008189583	0.0025979707	0.015269358	0.001448187	0.013262688	0.008705161	0.00055210176	0.0007664572	0.00020464812	0.006631453	0.0041544777	0.0007871974	0.016951967	0.00025130057	0.007691846	0.00029237766	0.0009675897	0.00019025907	0.00013268492	0.00045271163	0.0008165101	0.00025480226	0.0011140291	0.0021458534	0.0015385257	0.002499563	0.014160659	0.0015574509	0.009309788	0.0026016578	0.0003683678	0.016900402	-20.05660057067871
s04e23c	685.0	5.0	0.648132	0.648132	0.28425545	0.09260791	0.0005353178	0.02453501	0.01730449	0.0018543395	0.004335191	0.02732998	0.00027466382	0.0005531705	0.0017591411	0.021508874	0.0002289959	0.0003303788	0.020321377	0.0028783192	0.16037247	0.085488856	0.0038428998	0.0016984433	0.0016334008	0.0035091431	0.0006605208	0.0035091431	0.023846226	0.009913268	0.0061100964	0.0012454885	0.0006748414	0.0008178564	0.0031010571	0.00040919127	0.00043242038	0.0016954795	0.00042412482	0.000964255	0.0017405329	0.00046467438	0.00017257419	0.0017405329	0.0010161898	0.00065504987	0.0006403088	0.00011145778	6.0141807e-05	0.0007103267	0.0011555826	0.0006840061	0.00022388229	0.0070777317	0.00025130704	0.0026278794	0.00056211726	0.00052795024	0.0006390608	0.0013673374	0.00011337473	0.00046272174	0.00010498743	0.00016884439	0.000783475	0.00027283138	0.00031244865	0.0015926592	0.0009549178	0.004184761	0.0009733499	0.000176028	0.003396564	-19.44126319885254
s04e23c	690.0	5.0	0.030774718	0.030774718	0.0016231006	0.0011756775	4.587629e-05	0.052644692	0.0007856525	0.00019583298	0.124294825	0.003728554	0.00019189605	0.000113634385	0.0004190399	0.0010316126	0.00014647165	1.2913245e-05	0.0034073598	0.00498322	0.071015924	0.04321496	0.00030504924	0.00030504924	6.7843575e-05	0.0011007913	0.00028201417	0.0011007913	0.9031648	0.13542153	0.10867265	0.0006813561	0.00038892202	0.0008348185	0.057387184	0.00048375476	0.018942766	0.00018256999	0.000120656085	7.6074255e-05	0.00023959661	0.0003021559	2.3255685e-05	0.0003021559	0.000107459564	0.00028700344	0.0036301268	7.099022e-05	4.3757565e-05	0.00018829174	0.00012260127	0.00081622537	0.0002092325	0.00043471606	0.00025594153	0.00038334331	0.0003115967	0.00047261536	0.00044268725	0.00013108416	0.00016557681	0.00015006975	0.00019631514	7.701336e-05	0.00011884213	0.00023727508	0.00036465385	0.012588168	0.0002217022	0.0008639732	0.00092533155	0.00010384075	0.015449032	-18.45982551574707
s04e23c	695.0	5.0	0.014895234	0.014895234	0.00038069772	0.0004068009	0.000115901545	0.0014020263	0.00017159281	0.00019217527	0.008207787	0.0006412135	0.0001726058	0.00036247948	0.00066614244	0.0002542136	0.00016601931	0.0001295027	0.00021233858	0.0006706017	0.00023398764	0.00061070494	0.0014150423	0.0014150423	0.0005565825	0.0011975671	0.000630214	0.0011975671	0.8778514	0.27976894	0.27976894	0.0029915385	0.00071247754	0.0063746367	0.042163625	0.0005832963	0.016361816	0.0004396857	0.00041905747	0.0002903587	0.0005352977	0.00065436726	0.00017654269	0.00065436726	0.00025223722	0.0008458045	0.0016571347	0.00019263722	0.00054475066	0.000237764	0.00087460724	0.0007513143	0.0004629708	0.00019321834	0.00037924518	0.00046241333	0.0006725919	0.0006334788	0.0002742002	0.00019975561	0.00044103025	0.0004558783	0.0004540949	0.00046278507	0.000568461	0.00077409204	0.0009707559	0.0013153345	0.00079687004	0.001046443	0.0005210328	0.00030764568	0.010992306	-19.614246368408203
s04e23c	700.0	5.0	0.45173934	0.45173934	0.0015498439	0.0006878974	0.0008780454	0.0005100284	0.00092955766	0.0007625878	0.0017459764	0.0070534716	0.0007302782	9.043678e-05	0.0035735266	0.021643031	0.0012684555	0.00031065138	0.013320728	0.00011974864	0.0022411228	0.001926809	0.06932604	0.0075879702	0.0016921445	0.0037030145	0.002188009	0.0037030145	0.013153233	0.0021338714	0.0006686587	0.0002538636	0.00017401125	0.00048613863	0.0011999621	0.00012751004	0.00024467238	0.0075207106	0.005139765	0.006412611	0.0007664133	0.00061227416	0.0010685481	0.0007664133	0.04641669	0.0026075877	0.0027525679	0.00073385006	0.00022280753	0.00045585202	0.0023650257	0.0055253753	0.00089355453	0.0006562402	0.00013636413	0.07187248	0.0008256319	0.00015911735	0.00015752531	0.00064505293	0.0001481721	0.00073154515	0.00023990842	0.00024262068	0.00083322154	0.0016544311	0.02188092	0.006543904	0.0015902936	0.046254255	0.010973106	0.00074672455	0.08378138	-26.73421669006348
s04e23c	705.0	5.0	0.06319181	0.06319181	0.0011340334	0.00027110783	0.0002828303	0.0009468912	0.00036783598	0.0003425755	0.0015150266	0.00047570557	0.00029639987	0.00021142402	0.00054291287	0.0045945984	9.434955e-05	0.00012539692	0.0075504533	0.00035667964	0.00333711	0.005563339	0.041741893	0.004629905	0.004526087	0.008422263	0.0034447284	0.008422263	0.07193711	0.01867588	0.0013960034	0.0005339549	0.00018873555	0.0073750527	0.090687074	0.00017797289	0.00070061826	0.0044160215	0.003231222	0.003466216	0.0012249629	0.00094872253	0.0010517376	0.0012249629	0.0017757787	0.008341369	0.009208848	0.0001941243	0.00034165508	0.0012924691	0.008951926	0.001529967	0.08259657	0.00024141504	2.3273988e-05	0.025291396	0.012297016	0.0006383315	0.00029408664	7.184266e-05	0.00014139315	0.0014808197	0.00025979156	0.00082790357	0.0055783354	0.01610067	0.009895027	0.0057583544	0.0002638127	0.0066592693	0.00029343241	0.00040979125	0.017126326	-26.054075241088867
s04e23c	710.0	5.0	0.72919863	0.72919863	0.0059539187	0.0023641482	0.00018921682	0.00029390727	0.00091853744	0.00046879327	0.0019357252	0.0022899616	0.00041718688	0.00044655518	0.00074994867	0.0058269827	0.00020213079	0.00012843612	0.0009207026	0.0006639814	0.0006293983	0.002058578	0.014957136	0.0014598303	0.0027032092	0.012678921	0.0013500326	0.15478943	0.018419739	0.0035233833	0.00079494744	0.00039465106	0.0005300488	0.0009651428	0.002727312	0.000106903055	0.00012404745	0.011378314	0.004409563	0.011378314	0.0022485533	0.0019839052	0.0021998817	0.0022485533	0.013109792	0.011323556	0.02133736	0.00081496785	0.0011481992	0.00034959102	0.023439212	0.0038080667	0.023063315	0.03083191	0.0001640224	0.0076336875	0.0016174013	0.009385113	0.0018881408	0.0010531322	0.0019146011	0.0006533577	0.0017975928	0.0012875807	0.117627844	0.012290652	0.0028256422	0.0048109535	0.0017719663	0.0057530743	0.0006283904	0.0003722984	0.117627844	-22.362865447998047
s04e23c	715.0	5.0	0.87555707	0.87555707	0.27875787	0.016316984	0.00025300265	0.0024736878	0.009366688	0.00033696083	0.00134971	0.0005866673	0.0001546539	0.00014455564	0.002216219	0.00865645	0.00069037365	9.652508e-05	0.0030989295	0.00020596143	0.0062820446	0.008288396	0.0022751724	0.00079071167	0.0006910039	0.0011922449	0.00030464467	0.0039374847	0.018321633	0.0033856842	0.0023226908	0.0004488161	0.0001817904	0.00057723175	0.001776104	0.00013922073	0.00015056497	0.0026264088	0.0010977387	0.0010336875	0.0004885503	0.0007531888	0.00058460975	0.0008250606	0.0018681597	0.0033073493	0.007255908	0.00037340366	0.00035384536	0.00035844964	0.0027973626	0.0020586085	0.0016473414	0.022693388	0.0002544054	0.010630903	0.0012638554	0.0019739012	0.0005826656	0.00095176685	0.00044790062	0.00054444	0.00068929483	0.00015905638	0.0037048406	0.0062953676	0.003325396	0.004287992	0.0011341642	0.0037198914	0.004458462	0.00022552126	0.010152469	-22.86966323852539
s04e23c	720.0	5.0	0.8598135	0.8598135	0.16481955	0.007581484	0.00030631988	0.004953149	0.540927	0.0018211674	0.0025703642	0.0006255249	0.00014782579	0.00023691815	0.0030844489	0.0008467811	0.004762942	0.0016888798	0.0017882107	0.00037295007	0.014780491	0.05128051	0.0027197886	0.0007481331	0.0027197886	0.0013265742	0.00061648164	0.0013611044	0.029672911	0.00724814	0.0048874416	0.0007974663	0.0002943537	0.00096544676	0.002756563	0.00019256432	0.00028891972	0.0013839937	0.0012902791	0.0010947369	0.006145587	0.0041619334	0.00036159693	0.006145587	0.0005314844	0.0071816538	0.015363841	0.0020599568	0.0009440733	0.00110953	0.0044868127	0.0012438785	0.0027325256	0.0044771573	0.00015304596	0.00090686814	0.0006906208	0.0055740178	0.00045319414	0.0021449141	0.0007539572	0.0016002252	0.00023922704	0.0002928849	0.0017874023	0.0015104854	0.0005442366	0.0024940097	0.0011350083	0.0033572244	0.0031814992	0.00017358469	0.0045470074	-21.25126266479492
s04e23c	725.0	5.0	0.8738845	0.8738845	0.008241514	0.07319043	0.011179792	0.00033924	0.021808142	0.03251874	0.0008473841	0.013085814	0.0044785687	0.00021055415	0.21574257	0.005913215	0.066334866	0.00091049576	0.0010952741	0.00016415509	0.00017675389	0.0005080807	0.042273697	0.0061558885	0.042273697	0.0059853266	0.0021716922	0.0059853266	0.046993185	0.0023231767	0.000453723	0.0007455205	0.00033082478	0.000536036	0.0012570232	0.000101804624	0.00023584982	0.0027958758	0.00048370776	0.00030386032	0.0004850583	0.00038701322	7.19134e-05	0.0004850583	0.002089827	0.0019052649	0.0017075478	8.1319944e-05	0.00036877906	0.00020746094	0.0035033985	0.0017230223	0.0005663019	0.00084829616	0.0002310141	0.0013107	0.00029487052	0.0060966113	0.00060711784	0.018187214	8.367147e-05	0.00022060424	0.0031174913	0.0005820636	0.0060565374	0.0018896726	0.0014729341	0.0007139535	0.0011768339	0.0959829	0.00086245814	8.892154e-05	0.0060565374	-24.346458435058597
s04e23c	730.0	5.0	0.9041551	0.9041551	0.03712266	0.03772604	0.00043913114	0.00025534947	0.0023205976	0.0012249745	0.0007468698	0.0022276295	5.8028043e-05	0.00011741563	0.005100556	0.016487649	0.002638569	7.371432e-05	0.0015212036	0.00028340713	0.00024396657	0.0046234992	0.020221626	0.0025226718	0.00058801187	0.002389143	0.0016803464	0.0056859907	0.014353575	0.002276894	0.00076207786	0.0004419553	0.00029881045	0.00051175547	0.0017786217	0.00038346465	0.00011513038	0.0037576552	0.0028951864	0.0014823864	0.00055434095	0.001210536	0.00032136854	0.001210536	0.007204101	0.013226604	0.03220916	0.00085307367	0.00079421373	0.0010533499	0.0027123736	0.0041151983	0.003129601	0.022987481	0.0013728524	0.010591664	0.0012127011	0.0027044422	0.0006224301	0.03360022	0.0043089376	0.0011003772	0.0045267963	0.00016450921	0.03480291	0.0043112068	0.0005829981	0.0004833936	0.001827035	0.018083394	0.0015940184	0.0001596412	0.037867054	-22.81597328186035
s04e23c	735.0	5.0	0.75715846	0.75715846	0.058923766	0.03070249	0.00018597947	0.0020497718	0.24517398	0.00136751	0.0036847985	0.0014346343	0.0004682667	0.00016031788	0.0038113534	0.007287874	0.002815112	0.001626203	0.0065725474	0.00026103298	0.006394992	0.035721723	0.0044234972	0.001041439	0.0009231115	0.0012039939	0.00024894136	0.0012039939	0.011606274	0.0025910854	0.0013979306	0.00044067536	8.97821e-05	0.0002441085	0.0017820928	0.00015365644	0.00018118264	0.00378875	0.00378875	0.0018379373	0.0029229536	0.007501956	0.0007551616	0.007501956	0.0030763582	0.011053443	0.19362387	0.00464332	0.0019741359	0.00039770966	0.004073193	0.0022663956	0.019063523	0.011189786	0.0003123331	0.0012762455	0.00073088106	0.0013132191	0.0010596032	0.006277513	0.006746977	0.0009763834	0.0003687891	0.000116634284	0.0017156531	0.001990131	0.00097480236	0.0039340523	0.001629188	0.0068233344	0.008020916	0.0003510478	0.011914798	-22.973539352416992
s04e23c	740.0	5.0	0.339661	0.339661	0.0075563258	0.0028083152	0.0014309121	0.009969903	0.06651812	0.0037194304	0.013171727	0.001067321	0.00036563567	0.00029868455	0.005373789	0.029832559	0.0010263964	0.00012892584	0.00243491	0.0015510345	0.007620529	0.012458275	0.011530823	0.005464968	0.00089261256	0.009149642	0.0024606253	0.009149642	0.7460225	0.08930437	0.037165165	0.00063953357	0.0003108481	0.0012842696	0.25986657	0.0009425689	0.018338997	0.0012800778	0.001121106	0.00041983314	0.0025942137	0.0016425255	0.00019505607	0.0025942137	0.00047319193	0.008698588	0.010006256	0.00028807478	0.001055388	0.0020055159	0.0020585957	0.0043355674	0.0025853713	0.013677365	0.00095252745	0.0027984134	0.0010517376	0.0011281117	0.0005239702	0.0017870808	0.0005297781	0.0016499872	0.0013190975	0.0002862023	0.001905848	0.001701422	0.0023319775	0.0021299284	0.0017943376	0.0055304994	0.006767039	0.00031518168	0.010128758	-23.468618392944336
s04e23c	745.0	5.0	0.06330213	0.06330213	0.0014178345	0.004460219	0.000843725	0.00055626006	0.0012057051	0.0026003974	0.01047129	0.0027358995	0.0063803536	4.5577282e-05	0.0034250305	0.0016875981	0.0028750927	0.0003884529	0.0060520065	0.00034968587	0.0011594351	0.0036983644	0.004923085	0.0019644042	0.0026194195	0.0031538308	0.0009381742	0.0039249333	0.17126955	0.031621266	0.0112818545	0.0019657968	0.00082288217	0.002664836	0.0052901288	0.0011403543	0.0012504227	0.0059050643	0.0043103513	0.0052909744	0.0007630876	0.00077132526	0.0036621355	0.0010870503	0.0006901158	0.0076939682	0.020707596	0.0001866524	0.00041312503	0.0016220162	0.0018816834	0.00070168404	0.0031082372	0.002775176	0.0063690846	0.0023541264	0.00524668	0.000767499	0.0015932742	0.00036701336	3.4963552e-05	0.0016188294	0.0014984787	0.0016797914	0.0047709118	0.0039911936	0.0026593504	0.0031461348	0.002265406	0.0030836437	0.0035849428	0.5564652	0.015939865	-inf
