episode_id	onset	duration	talking	speech	man_speaking	woman_speaking	baby	shout	laughter	cry	singing	kids	groan	whistling	breathing	walking	mouth_sounds	fart	hands	heartbeat	cheering	crowd	mammal	dog_bark	cat	rooster	duck	bird	music	musical_instrument	guitar	piano	organ	electronic_instrument	percussion	bell	ambient_music	weather	wind	rain	river	wave	thunder	river_sea	fire	boat	car	traffic	car_honk	emergency_vehicle	train	cycling	engine	door	doorbell	knock	dishes	radio_tv	dryer_vacuum	zipper	keys	alarm	telephone	whistle	mechanisms	tools	boom	bang	glass	water	beep	silence	sudden_noise	db
s04e15b	0.0	5.0	0.8019038	0.8019038	0.017714854	0.003861573	0.00016802354	0.004707204	0.06204172	0.00013726129	0.0012648447	0.0012109621	0.00047788644	0.0002574231	0.0010788862	0.010565009	0.0018177538	0.00086580194	0.0014756887	0.00082345866	0.0022331402	0.042769164	0.023174182	0.003971642	0.000941233	0.0031248606	0.001413342	0.0039759013	0.09068888	0.004493859	0.0013902043	0.0005945508	0.00027613578	0.00086685235	0.0014276855	0.0005115514	0.0002921573	0.03882518	0.03882518	0.017999627	0.029112473	0.04024881	0.004100862	0.04024881	0.0044453586	0.06421871	0.055190135	0.010169049	0.0025901415	0.0008414244	0.0040083816	0.014605029	0.0038166584	0.003480656	0.00031833228	0.001216275	0.00038434044	0.0019032955	0.0001642346	0.0005638543	0.0011214814	0.00253279	0.00024950833	0.00027409903	0.0018461839	0.0005269382	0.0011858384	0.005950821	0.0013274994	0.022664309	0.0017935468	0.00020785099	0.027980065	-24.27967071533203
s04e15b	5.0	5.0	0.81419206	0.81419206	0.019574957	0.003793057	0.00017147194	0.0084843	0.02630368	0.0009265283	0.00048040805	0.0030093319	0.00027348692	0.0002485375	0.00063083	0.06292313	0.0004556726	0.0004044285	0.001016395	0.00031638233	0.001767877	0.08713606	0.021954868	0.0032742147	0.0013216006	0.026600897	0.0104244165	0.026600897	0.046040352	0.003353654	0.00084913796	0.00048534689	0.00018926554	0.0005652738	0.0014413614	0.00017456281	0.00014412677	0.014324987	0.014189298	0.004084825	0.0052033546	0.016335063	0.00094537175	0.016335063	0.005247705	0.035815228	0.012995709	0.0014690049	0.00081859407	0.0012274344	0.0019496332	0.005325207	0.0018304845	0.0041555157	0.00016118944	0.0028983238	0.000770924	0.0006166506	9.326503e-05	0.00071219343	0.0002574356	0.0011688009	0.00020030011	0.0002673775	0.0007391266	0.0006743897	0.002578789	0.0030344925	0.0003550583	0.018415084	0.002506207	0.000211637	0.07888416	-21.93617820739746
s04e15b	10.0	5.0	0.8433248	0.8433248	0.0063826875	0.0398838	0.00017030915	0.0009689065	0.05379258	0.00032693596	0.00085626775	0.0060918657	0.0011025108	0.00034174987	0.00088715885	0.002769884	0.0007739176	0.0020797728	0.00066927104	0.0007119288	0.0022437219	0.012539441	0.02399193	0.0039096503	0.0018198678	0.006967651	0.0017051745	0.006967651	0.14532815	0.005079719	0.0017163573	0.00072992715	0.00032342045	0.00066549424	0.0015543775	0.0003606753	0.000440479	0.020400776	0.004698593	0.020400776	0.009115161	0.010775089	0.0067289975	0.0116611365	0.0013446957	0.017010272	0.07243368	0.010596793	0.0027276676	0.002612803	0.038232636	0.0029166024	0.016054308	0.004422991	0.0003586342	0.0014549805	0.0012492393	0.0021497428	0.00030660475	0.0043486124	0.00040890113	0.0019263056	0.00065245235	0.0010723972	0.0016328956	0.00069055724	0.0025291413	0.006405751	0.0011598157	0.0092539955	0.0006253372	0.00019038157	0.02128582	-22.24659919738769
s04e15b	15.0	5.0	0.86899006	0.86899006	0.0058541135	0.0015943462	0.0003181991	0.0004067059	0.0019322976	0.00043876586	0.000708342	0.002485845	0.00046886655	0.0003346306	0.0016984895	0.21308884	0.00066349114	0.00029680028	0.000600466	0.0001704466	0.00070416037	0.0042408137	0.27930275	0.045417678	0.0012181539	0.008428187	0.022867402	0.022867402	0.02168465	0.0014545642	0.00046296202	0.00028647255	8.671123e-05	0.00016012539	0.00057440915	0.00011329378	0.00011750546	0.016974302	0.006776388	0.0016051022	0.0010671843	0.0016606292	0.0003170998	0.0016606292	0.006001468	0.005516866	0.003290994	0.00020194701	0.0005571327	0.00018509032	0.0010563366	0.008796462	0.0005505649	0.0009461413	0.00011249222	0.0033011497	0.00039646274	0.00024758483	5.7207504e-05	0.016052336	0.000100839694	0.00033698045	0.000115772746	0.0011001365	0.0005629749	0.00070823944	0.0026560742	0.0005398271	0.00012993043	0.008168351	0.0006748597	0.00041173972	0.009006318	-26.82870101928711
s04e15b	20.0	5.0	0.37303752	0.37303752	0.014475798	0.009833063	0.00073602895	0.0045005456	0.023726301	0.0006377508	0.0017866751	0.013394865	8.8668785e-05	0.00030515657	0.0017531427	0.09312671	0.0026231096	0.00082994066	0.0074615437	0.00035386457	0.095746726	0.053614758	0.028271703	0.028271703	0.0060059186	0.09467205	0.10968529	0.10968529	0.029669812	0.0063363872	0.0013245499	0.0005845491	8.4704516e-05	0.0005368745	0.0029105642	0.00042602245	0.00033265626	0.002871785	0.0024784328	0.0023426865	0.0034864114	0.0026966778	0.00026680683	0.0034864114	0.0018898175	0.0033903664	0.003170027	0.0018138826	0.00085058267	0.0006523948	0.006763646	0.003151625	0.0005439335	0.0041776947	0.00026104768	0.0042662793	0.00037350584	0.00020720236	0.00040896432	0.0006106642	0.00018377301	0.0009094852	0.0002483082	0.0005209518	0.0013868244	0.00033815764	0.000843256	0.00088304246	0.0003137591	0.0048330324	0.0018378481	9.896513e-05	0.037298337	-23.548908233642575
s04e15b	25.0	5.0	0.7242299	0.7242299	0.025469342	0.0035158007	0.00042472483	0.0039442866	0.016179742	0.0013647258	0.003254268	0.0017669383	0.00038354401	0.00233363	0.00063393725	0.016317757	0.00091877254	0.00022255465	0.0026036927	0.002325155	0.01734052	0.06128425	0.002937477	0.0009143044	0.0011942055	0.0014045045	0.0010978443	0.004097708	0.026834093	0.008417506	0.0023484533	0.0007583144	0.00027826938	0.00078946	0.004970747	0.00026077576	0.00058777316	0.016697578	0.016697578	0.007776319	0.07513927	0.04382655	0.0009482599	0.07513927	0.003243641	0.060558334	0.029064296	0.005188344	0.0003019382	0.00027847188	0.0018708941	0.004262299	0.0035085396	0.007545599	6.478208e-05	0.0006585013	0.0006416539	0.00041412833	0.00068129774	0.0004736066	0.0002921119	0.0014725757	0.00013628276	0.0033422618	0.001398958	0.001260957	0.0010795662	0.0014669508	0.0005589744	0.02565839	0.00053647655	0.00015937367	0.044964537	-21.28308486938477
s04e15b	30.0	5.0	0.78423387	0.78423387	0.021102834	0.004486271	0.00015410072	0.0010339028	0.0020470463	0.0009368289	0.0007974846	0.009907311	0.000114296854	0.0012522187	0.0005443923	0.08374009	0.00012961996	0.00034104916	0.0009281505	0.00015255537	0.0010915685	0.032191977	0.098174445	0.0036387932	0.0023985396	0.0039325333	0.0038130737	0.012972182	0.11583388	0.004855802	0.00093804987	0.0010402967	0.0007237845	0.001182062	0.0013132842	0.0006330684	0.00033643987	0.022754904	0.022754904	0.014129492	0.0041235923	0.0071619647	0.0020564036	0.0071619647	0.010233706	0.01613082	0.030107535	0.005976734	0.0012991132	0.0052321167	0.0023291693	0.01805232	0.0021885305	0.0029099998	0.00022077849	0.0039331033	0.0006797943	0.0006573093	8.332884e-05	0.000118931464	0.0005548685	0.004115732	0.0012096468	0.0008566105	0.0019468081	0.00027500288	0.0017288374	0.0019562002	0.000858269	0.012816779	0.0028184792	0.0002873249	0.025390597	-22.44393348693848
s04e15b	35.0	5.0	0.82477295	0.82477295	0.040396627	0.0039632055	0.001963807	0.0044903005	0.00940786	0.0032879936	0.0020749164	0.0068867216	0.0002191721	0.0005173255	0.0011662196	0.0061945785	0.0003227742	0.00040875463	0.0006670811	0.00038904216	0.006149048	0.13411935	0.013474664	0.002544461	0.013474664	0.005655793	0.0016750251	0.0059728087	0.027587304	0.002463547	0.0009063852	0.00034845207	0.00016827334	0.00044872367	0.00080855313	0.00040025305	0.00018471021	0.010101429	0.010101429	0.0043190946	0.025315518	0.014575858	0.00084919546	0.025315518	0.003135338	0.02490853	0.04390691	0.005897112	0.0014261268	0.003770404	0.008502141	0.0032407409	0.0063197045	0.0019895902	0.00016672842	0.00032182137	0.000413154	0.0009857152	0.00030701398	0.00022798548	0.00025977325	0.00395549	0.00056428387	0.0003486483	0.0011956185	0.00058153213	0.0007969756	0.0006590387	0.00030904086	0.015350278	0.0003209252	0.00045531354	0.0017280589	-23.756568908691406
s04e15b	40.0	5.0	0.838243	0.838243	0.0465753	0.042940967	0.0003937668	0.0013697781	0.0020603547	0.0048347022	0.0032570346	0.0005795523	0.0007906744	0.00030629593	0.00838755	0.015545735	0.00071352464	0.00013860638	0.0009733615	0.000851061	0.00028518465	0.022371871	0.0052586887	0.0036780932	0.0029197603	0.0031380306	0.0019267787	0.008443199	0.07997309	0.0066580395	0.0016711289	0.00053288764	0.00036369963	0.0005649159	0.004800445	0.00035492732	0.00064553047	0.007150178	0.006843729	0.0035754119	0.0028848038	0.008127999	0.001374341	0.008127999	0.0031081676	0.030901361	0.040788926	0.001753035	0.00076210976	0.0013178624	0.0033659039	0.0023877455	0.004615356	0.0033815985	0.00047121075	0.0031955088	0.0009920374	0.041061204	0.00068642164	0.016259208	0.0016048271	0.0012351308	0.0019277178	0.00042347962	0.009312964	0.0029506313	0.0022297725	0.0009800424	0.0017880474	0.018414162	0.0028378356	0.0003113458	0.0155817745	-20.67359161376953
s04e15b	45.0	5.0	0.8367117	0.8367117	0.042511865	0.014355021	0.00030309186	0.016001103	0.0011437954	0.0031532075	0.0012025774	0.03999268	0.002591418	0.000371941	0.00015271256	0.004485905	0.00027036108	0.00020890958	0.00044203957	0.0007390695	0.00052830187	0.01656508	0.016437657	0.0028403236	0.00087386835	0.0016150945	0.0017118354	0.003707711	0.02551974	0.002037849	0.0005376762	0.00024406289	0.0002451665	0.00016941575	0.0004557482	0.003675775	0.00030982675	0.005027505	0.0038680641	0.0010166715	0.0024789954	0.00088549184	0.000301813	0.0024789954	0.0014663369	0.0041361754	0.017748673	0.006154366	0.0013082823	0.0028606495	0.0032651285	0.0044704615	0.0010703237	0.0014046403	0.0003179092	0.00055610744	0.0013258088	0.0016153506	7.0744565e-05	0.00033360271	0.00060148555	0.0018157475	0.00041000854	0.00061152125	0.0055682855	0.0003994834	0.0022577324	0.0024168796	0.00059111847	0.009278948	0.0033976098	0.00032197207	0.012860763	-21.10200881958008
s04e15b	50.0	5.0	0.8270368	0.8270368	0.05818331	0.0100454	0.00022598985	0.002118493	0.12509568	0.0010183016	0.0011207884	0.0014082936	0.0002234415	0.0005224282	0.0011332526	0.0016288776	0.0012363367	0.000592473	0.0007150443	0.0011493022	0.0023245113	0.116677344	0.016114725	0.0013183941	0.0036843508	0.0007515541	0.0005926933	0.0025858434	0.027438726	0.002621461	0.0016830795	0.00046323083	0.00028502077	0.00095471356	0.0012607733	0.00026110193	0.0003509536	0.0027094898	0.0027094898	0.0012956829	0.010572579	0.0069195977	0.000513731	0.010572579	0.0008156656	0.020399518	0.019594233	0.005435474	0.0008637884	0.0009516512	0.0029741882	0.001244119	0.016616723	0.0018157071	0.00015183933	0.0014809804	0.0024040753	0.0029603492	0.00016607472	0.00043134624	0.00027537544	0.00074768765	0.0005572785	0.00046652512	0.0017412622	0.0005074566	0.0009507825	0.0014304413	0.0006338641	0.0048404825	0.0016177462	0.00048971985	0.003835421	-25.407001495361328
s04e15b	55.0	5.0	0.84329385	0.84329385	0.021839056	0.123420976	0.001102286	0.0022699505	0.07596939	0.0023727946	0.0032013555	0.009664702	0.0002563826	0.0005940883	0.0060995826	0.009109753	0.0042833937	0.00068343396	0.0020994034	0.0011604229	0.0023664662	0.02166387	0.027800275	0.00842558	0.0027498102	0.012243144	0.008921201	0.012243144	0.06717584	0.008079265	0.0022778334	0.0012747645	0.00037323762	0.0010635442	0.0027102886	0.00042639417	0.00051880715	0.008928528	0.004015351	0.007189576	0.016939385	0.0064759245	0.0010614459	0.016939385	0.0014750999	0.007858945	0.0063961106	0.00078994845	0.0006268101	0.00045929148	0.0054142745	0.0021945795	0.0015546209	0.0038551767	0.00085705385	0.0024314874	0.00067374314	0.0014366604	0.0016959186	0.012087249	0.00087170606	0.00076115975	0.0004562733	0.00042039083	0.0011285439	0.0010010927	0.00047597068	0.0024394454	0.003011862	0.025240665	0.005615705	0.00040181418	0.023633588	-24.866254806518555
s04e15b	60.0	5.0	0.79362357	0.79362357	0.003909383	0.010631716	8.8125e-05	0.00094397576	0.0135124745	0.0011542701	0.0032403574	0.0044780653	0.00085761666	0.00014233233	0.0011148312	0.00421581	0.0002468906	0.0004475462	0.0009849581	0.000421373	0.00053135393	0.0048336266	0.04013626	0.002703249	0.0016355468	0.010298755	0.0041508595	0.010298755	0.0955184	0.003756163	0.0014526062	0.0008157029	0.00019635426	0.0010977759	0.0017310377	0.0002276414	0.00043901813	0.0064680446	0.0064680446	0.0028705415	0.0048701433	0.004525374	0.00062714296	0.0048701433	0.002302416	0.012606299	0.21380211	0.0019654555	0.0018773868	0.0009751377	0.00661267	0.0108493185	0.0496123	0.007453281	0.00038985093	0.0012619146	0.00092404167	0.00023012112	0.00049622153	0.0019873164	0.0019341746	0.0009172073	0.00010901639	0.00030881082	0.0010350833	0.00085020263	0.0005427206	0.0025022477	0.00050625193	0.0088110175	0.0020024288	0.00048023864	0.008899486	-23.09329605102539
s04e15b	65.0	5.0	0.32707003	0.32707003	0.003456942	0.0009908014	0.0003297155	0.0047984086	0.0057513015	0.00015845192	0.001158425	0.0029946363	0.0004499794	0.0003077252	0.0007268698	0.1115156	0.0003670893	0.00019928135	0.0019634576	0.0007460485	0.025145771	0.04994721	0.022134395	0.0034544165	0.000929338	0.003204501	0.004053025	0.004053025	0.040059112	0.007302491	0.0028750382	0.00033653225	0.0002810377	0.00022886775	0.0032105246	0.00031750332	0.0002257523	0.010796722	0.010796722	0.0065903836	0.0040434315	0.0046309885	0.0008934677	0.0046309885	0.0069788545	0.017992519	0.012963038	0.0013734729	0.0008613946	0.00039190426	0.01142102	0.010584781	0.0025538465	0.031194955	4.226873e-05	0.011915775	0.0011577719	0.00016564188	0.0002460761	8.659835e-05	0.0001212436	0.00077737827	0.0003016079	0.00051786104	0.0020057869	0.0006202201	0.017777918	0.0046459525	0.00049081666	0.037234303	0.00042893644	0.00024740855	0.15146746	-23.29170036315918
s04e15b	70.0	5.0	0.67217	0.67217	0.007260014	0.0024777397	0.0012978585	0.0073734783	0.011038134	0.003328351	0.00222247	0.010137792	0.0012885407	0.00019270684	0.004385084	0.010159219	0.000494221	0.0009904768	0.001094422	0.00019115316	0.0019140764	0.3276707	0.030861957	0.030861957	0.005923691	0.004657762	0.0067580547	0.0067580547	0.054696705	0.0034111429	0.0011658598	0.00063560664	0.0003076797	0.0006923935	0.00089922105	0.000285362	0.00044598637	0.018465323	0.018465323	0.009498428	0.024311746	0.026976245	0.0020836706	0.026976245	0.007175186	0.04341849	0.014290421	0.003738319	0.0011652436	0.00035437453	0.008088338	0.007297781	0.0009280952	0.005272011	0.00010819308	0.00046322154	0.0002625573	0.0009331613	7.602653e-05	0.00666161	0.00023108679	0.0010974942	0.0003445788	0.00063403876	0.002847868	0.00052013784	0.00484472	0.004066204	0.0005614496	0.078225434	0.0015093811	0.0003804249	0.0139127625	-26.388671875
s04e15b	75.0	5.0	0.8269306	0.8269306	0.05969615	0.004179306	0.0014857788	0.0128237065	0.008383418	0.010807483	0.0022147463	0.013246817	0.0009503487	0.0012922285	0.00075930293	0.10829339	0.0007814178	0.00019110285	0.0021490853	0.00044514707	0.011492971	0.41856122	0.019071857	0.00607386	0.0012954243	0.015656577	0.008398963	0.015656577	0.031837333	0.0026451051	0.0014061199	0.00035819117	0.00030198687	0.00037514558	0.0022356522	0.00048636895	0.000507245	0.013614194	0.013614194	0.0005179252	0.002719918	0.0061073606	0.0003275865	0.0061073606	0.0067433193	0.0322625	0.012975235	0.0016923903	0.00057487737	0.00069208245	0.0025820925	0.005528292	0.0011283159	0.0041705077	0.00017397574	0.0006794187	0.001027105	0.00056606147	2.2007256e-05	0.00040065695	0.00032308948	0.00060057786	0.00078781426	0.00033282506	0.001085362	0.00017144938	0.005893437	0.00097654574	0.00045906278	0.0069208625	0.00024837593	0.00040223898	0.0144557925	-22.096147537231445
s04e15b	80.0	5.0	0.49246886	0.49246886	0.011984202	0.00071601017	0.00018233409	0.009811216	0.0009648974	0.003835884	0.0005770791	0.0007696768	0.017839061	0.0006829007	0.0017918309	0.034926254	0.00586585	0.0005993325	0.0004050213	0.0002624054	0.006239869	0.030138526	0.29275128	0.014836247	0.0019544268	0.0033290281	0.00730357	0.00730357	0.019036904	0.003679023	0.0012510743	0.00023005792	7.9825186e-05	0.00023545978	0.0024415024	0.00042998305	0.00040060576	0.0027463315	0.0027463315	0.00044724892	0.0013291182	0.00069128285	0.000101382335	0.0013291182	0.0018393324	0.006790996	0.0021899461	0.00021397769	0.00029899625	9.860154e-05	0.0009708188	0.0058453977	0.0005323947	0.002476875	4.9116778e-05	0.000705001	0.00036743414	0.00015728157	7.1479853e-06	0.00017157628	0.00035071129	0.00038625984	0.00016755062	0.00079583644	0.0017534038	0.00025319838	0.003344502	0.000878789	0.00029563505	0.0010539924	0.0008484295	0.000136044	0.01861947	-21.95173072814941
s04e15b	85.0	5.0	0.8079063	0.8079063	0.02370484	0.0045368224	0.000385543	0.01015592	0.01069833	0.004484662	0.006930465	0.003102626	0.000807746	0.00074837555	0.0021704424	0.04424871	0.0028566346	0.00014243253	0.001987638	0.0010519485	0.009013223	0.29614237	0.004178282	0.0032439106	0.0010743733	0.002042587	0.0022811682	0.0022811682	0.31321654	0.02731637	0.0062904838	0.0012601664	0.0008177326	0.0013958298	0.005708186	0.0017028432	0.0014740258	0.004908242	0.004908242	0.0011177463	0.0086147655	0.0075578354	0.00041098328	0.0086147655	0.001875124	0.07611936	0.027194751	0.0023047086	0.0015529137	0.0014428358	0.0034664315	0.003927561	0.0022141647	0.008452778	0.0006069726	0.0009300033	0.00078384724	0.0013442796	7.30189e-05	0.00049614586	0.0004130782	0.0016559252	0.0012519922	0.00037813053	0.0031061205	0.00040179922	0.0025282707	0.0019055987	0.00037929544	0.012036325	0.0007345743	0.00028964566	0.019542582	-21.85131072998047
s04e15b	90.0	5.0	0.6772439	0.6772439	0.015062269	0.002135143	0.0023868529	0.0067999465	0.0011123302	0.0050877696	0.002675981	0.008190168	0.0008971752	0.000454041	0.0014172317	0.3643495	0.0019049466	7.417223e-05	0.003957833	0.0005210959	0.02238092	0.07304033	0.2171422	0.0030352832	0.00095192774	0.00091584364	0.0014349273	0.002314659	0.05620009	0.007847969	0.0022076461	0.00067550864	0.0005922568	0.00084197137	0.004159693	0.0005798391	0.0011867994	0.0035142475	0.0035142475	0.00085193245	0.0034393182	0.0010970974	0.00024383914	0.0034393182	0.0032896085	0.014470772	0.0042487327	0.00024758105	0.000265619	8.563036e-05	0.0018283275	0.008610637	0.0007794233	0.012203206	4.0236835e-05	0.003842858	0.00052907434	0.00013816354	1.39755875e-05	8.151342e-05	9.016287e-05	0.0019070993	0.0001235309	0.00068156945	0.0024473567	0.00073485577	0.0077813463	0.0016406775	0.0004826323	0.0035507677	0.0005687797	9.0886424e-05	0.12156288	-19.317670822143555
s04e15b	95.0	5.0	0.28943822	0.28943822	0.013399101	0.004683669	0.0083894925	0.017703466	0.0067298897	0.0064956415	0.0055341595	0.18936516	0.00085574243	0.0005298854	0.00026828045	0.03379361	0.0003657061	0.00012101004	0.0021641313	0.0026279092	0.2879256	0.31971014	0.011334372	0.0009896142	0.0017763053	0.0007474152	0.0008175705	0.0008175705	0.050287914	0.00882226	0.0038072513	0.0007564656	0.00031792617	0.0010459382	0.003437011	0.00054311106	0.00061774795	0.005479776	0.005479776	0.002699051	0.0077821864	0.004271886	0.0010812593	0.0077821864	0.0021149504	0.023073707	0.010346172	0.00075488683	0.00051087065	0.00042130452	0.008570109	0.0025036917	0.0038314809	0.0034832587	8.112739e-05	0.0007005245	0.00087564747	0.00017140656	0.0008680529	0.00023244003	0.00014629785	0.008070095	0.00037401004	0.0005971094	0.0016319061	0.0024841428	0.0027045207	0.0012246835	0.00041306182	0.0147825945	0.0003130435	0.00033729378	0.0070577445	-18.08456039428711
s04e15b	100.0	5.0	0.5191155	0.5191155	0.016097708	0.002770856	0.0068499967	0.017734887	0.012737812	0.005541003	0.0052768816	0.010616164	0.002812812	0.0006384772	0.0015398161	0.09048455	0.001663781	0.0004153405	0.009930031	0.00042432421	0.036121294	0.16921583	0.037157465	0.0015592499	0.0014502745	0.0015544433	0.0025935238	0.0025935238	0.039553322	0.0059291017	0.0017668895	0.00045300194	0.00020899205	0.00057884655	0.0018476784	0.0004308868	0.0005203533	0.0061688926	0.0061688926	0.0011860174	0.006917045	0.005369121	0.0005320287	0.006917045	0.002041688	0.034585644	0.008258368	0.0010243738	0.0007336655	0.00025547683	0.0039300593	0.006204758	0.0008323447	0.014105295	0.00056735217	0.001969837	0.0007659818	0.00034132463	4.1334057e-05	0.00036745254	0.00026940132	0.0015676857	0.0007310347	0.0002955894	0.0022998499	0.0008666835	0.003582891	0.006179083	0.0008952202	0.010693344	0.0040891413	0.00038784125	0.036955662	-19.268409729003903
s04e15b	105.0	5.0	0.7967073	0.7967073	0.0031248562	0.0033233848	0.0028163518	0.013416037	0.057110116	0.005710543	0.004374309	0.0130016785	0.003145353	0.00014574495	0.00964343	0.005330251	0.004364742	0.0008702036	0.0005601146	0.00044809043	0.00094217557	0.0054407096	0.022542715	0.022542715	0.0041437894	0.08792291	0.006574933	0.08792291	0.44982383	0.008280768	0.003238077	0.0003868006	0.0002834785	0.00060246093	0.0021579538	0.00023683006	0.0015994027	0.0005163306	0.0005163306	0.00024039613	0.00013493665	0.00022414094	0.00021541843	0.00022414094	0.0017862312	0.0016189982	0.012815343	0.00078750495	0.0006712743	0.00041222476	0.0021846364	0.0056938194	0.0023008895	0.11784857	0.0004899977	0.007894748	0.0015944488	0.00090807	0.00065218814	0.0003546464	0.0018106814	0.0015699085	0.00094751385	0.0003106123	0.00684378	0.0020376532	0.005691199	0.27251443	0.009021703	0.0014797639	0.003936794	0.00018986834	0.27251443	-19.959590911865234
s04e15b	110.0	5.0	0.93929315	0.93929315	0.025112344	0.2986543	0.00028907074	0.0017340776	0.059729215	0.0058169756	0.004938911	0.007483524	0.0006282353	0.00043562122	0.009790336	0.003927766	0.008467861	0.0012928033	0.0016389522	0.0011185954	0.00056151435	0.0041743815	0.009624558	0.009624558	0.0012650761	0.0015922657	0.0005780165	0.0025058363	0.07217828	0.006426349	0.0017923829	0.0017108414	0.00065370585	0.0012564468	0.0017222696	0.00020997276	0.00070000696	0.0019220263	0.00070575654	0.0019220263	0.001164042	0.0005621765	0.00038196024	0.001164042	0.0012496595	0.0014878487	0.0026243574	0.0001871059	0.0002294765	0.0007153694	0.0020209767	0.001160764	0.0014079121	0.0049766656	0.0006334951	0.004081517	0.000916401	0.005507007	0.001222344	0.017610988	0.0016273957	0.0012841234	0.0012458694	0.00021645322	0.0017620214	0.00049184985	0.00034292266	0.002121181	0.0007195175	0.010223886	0.003915627	0.00015890508	0.008905422	-22.493385314941406
s04e15b	115.0	5.0	0.8879384	0.8879384	0.034356672	0.16748793	0.00023848623	0.002277945	0.17940135	0.0017880575	0.0035585368	0.010646341	0.0004710942	0.0002263502	0.004422632	0.0019310464	0.0035733941	0.0017914923	0.0015084839	0.00066192163	0.0023888724	0.085891955	0.006757393	0.002986829	0.002340657	0.0016571851	0.0008221583	0.0016571851	0.04565656	0.005469736	0.001962596	0.0007667457	0.00038967386	0.0008372215	0.0015747187	0.0002985986	0.00045682924	0.0025656645	0.0013681496	0.0025656645	0.0067797713	0.0036372275	0.0007633963	0.0067797713	0.0006919248	0.0055455314	0.008015147	0.001144838	0.0008942296	0.001270343	0.0024146629	0.0011949462	0.0018873232	0.0019732558	0.0007243493	0.0008203831	0.000278483	0.0039443034	0.0009391722	0.029907286	0.00019494134	0.0014723073	0.00044323114	0.0002002119	0.0013415796	0.00059239316	0.00031628038	0.0013186599	0.0021704806	0.0063720816	0.003205936	0.00029919017	0.003205936	-25.54385757446289
s04e15b	120.0	5.0	0.8591147	0.8591147	0.016337784	0.051812287	0.00020266516	0.0024046975	0.30087453	0.0007897512	0.0020003323	0.011676402	0.0005505403	0.0006059051	0.002621507	0.0028357962	0.005307138	0.0032903245	0.0034286163	0.0010343653	0.0046487646	0.11414628	0.014712908	0.005556703	0.0014339411	0.0033672366	0.0007180352	0.0033672366	0.046171885	0.006169082	0.0033822882	0.00116455	0.0005066111	0.0011572195	0.0026442397	0.00070158375	0.0008463032	0.001111431	0.0005857981	0.001111431	0.0042434684	0.0010225821	0.0003603196	0.0042434684	0.0004425048	0.003400306	0.00428086	0.00052424445	0.00055445085	0.00083708036	0.0026153019	0.0010422559	0.0040705167	0.004524193	0.0007130804	0.0022704601	0.00071796135	0.0039562676	0.00049122085	0.0008772037	0.0005192712	0.0009611753	0.001125155	0.00037931945	0.0014944593	0.0005078594	0.00071407465	0.0034839108	0.0015675082	0.003904866	0.0043810513	0.00014385986	0.0043810513	-21.71417999267578
s04e15b	125.0	5.0	0.8379696	0.8379696	0.017676154	0.11985038	0.00031380667	0.003982775	0.16098514	0.0041702106	0.0031423103	0.009082728	0.00022155196	0.00021181	0.0025361425	0.001793669	0.004730874	0.0006979998	0.002311787	0.00036603917	0.0019548833	0.17054386	0.0054026344	0.001235202	0.0044325027	0.002495162	0.00071615283	0.002495162	0.032212052	0.0053026443	0.0015835463	0.0014024482	0.0008991812	0.0017674428	0.0020540105	0.00026799567	0.0003042679	0.0016654134	0.0007367111	0.0016654134	0.0049591595	0.0008424954	0.00023122606	0.0049591595	0.0023564727	0.0030953314	0.008940802	0.00055926194	0.00019091764	0.0010725243	0.0022831366	0.0016353631	0.0042319093	0.011610449	0.0014624267	0.0064575123	0.001400885	0.005687239	0.0054420666	0.015623696	0.0011469431	0.0007948217	0.0005442205	0.00044612205	0.018808553	0.0020382865	0.000570521	0.003119375	0.0028700188	0.013002235	0.0053474084	0.00029863647	0.018808553	-25.091398239135746
s04e15b	130.0	5.0	0.8593622	0.8593622	0.018087776	0.19854596	0.0004307845	0.0014615176	0.12203162	0.002203693	0.001082705	0.0064263213	0.00033735135	0.00039153665	0.001289913	0.0043078596	0.006318644	0.00037729106	0.0015911199	0.0020148004	0.004335131	0.030743135	0.0057592853	0.0024903375	0.0013238663	0.0033346002	0.0008611718	0.0033346002	0.07037136	0.0046592946	0.0016224526	0.001012382	0.0003995036	0.00086811866	0.0016973264	0.00043496996	0.00056069234	0.0016010238	0.0014363286	0.0014431276	0.010806627	0.003486564	0.0002643424	0.010806627	0.0007693175	0.008630847	0.011780757	0.001181866	0.00090782816	0.0015307633	0.006328724	0.0017505101	0.0018667511	0.0049261744	0.0026266875	0.0011784543	0.0025973544	0.011153118	0.0033315574	0.020760464	0.0002645623	0.0014278555	0.0011332462	0.00030374908	0.003266378	0.0011702998	0.00029755535	0.0012240298	0.002698982	0.012664871	0.004803373	0.00035430965	0.004803373	-21.77848625183105
s04e15b	135.0	5.0	0.8817184	0.8817184	0.009045574	0.08865252	0.0012981311	0.0015599198	0.24831079	0.0011295581	0.001073426	0.010545383	0.0016810161	0.00045189392	0.0042212964	0.0021415162	0.0029886046	0.0022296167	0.0008974031	0.0009248644	0.0013831635	0.005627225	0.014404517	0.0056346687	0.008650686	0.0023166996	0.0016967681	0.0023166996	0.109513246	0.003574058	0.0010927307	0.00051083363	0.00027432438	0.00046417984	0.0020047019	0.00023986632	0.0005683914	0.0010813484	0.00021501827	0.00092320086	0.0023670765	0.00047659973	0.000105162086	0.0023670765	0.00067927426	0.0013402655	0.0066022445	0.00021719333	0.00035803433	0.00047753923	0.0030127729	0.001363689	0.0034178167	0.0056693517	0.0004861335	0.0019066365	0.00082743674	0.01734712	0.003705089	0.022629444	0.00046193623	0.000524221	0.0010359796	0.0005826984	0.0026997675	0.00078678306	0.0007908481	0.0022907516	0.0017858206	0.0040592086	0.002361509	0.00013126741	0.0027554715	-22.005346298217773
s04e15b	140.0	5.0	0.85010946	0.85010946	0.021016832	0.011887277	0.00019566779	0.0027817052	0.16114959	0.001846495	0.0010590194	0.004249806	0.00011312581	0.0004464096	0.0010495805	0.0014071983	0.0013864038	0.0014877021	0.0006062661	0.0003464058	0.002359645	0.08153086	0.0036153723	0.0020977226	0.0036153723	0.003282454	0.0012968322	0.003282454	0.024296187	0.0033032447	0.0022181547	0.00030600026	0.00014363012	0.00041536882	0.0016979446	0.00020298503	0.00016655316	0.0018608281	0.0018608281	0.0016810346	0.009148673	0.0059831366	0.00049840094	0.009148673	0.000936026	0.00884264	0.030441673	0.0030410835	0.0019489718	0.0015729609	0.014478363	0.0011401876	0.0038363596	0.0019086367	0.00036980392	0.001284822	0.00056375406	0.0022108478	0.0005844276	0.00058061635	0.00019988345	0.0011828989	0.00028024198	0.0007451227	0.0004889964	0.00031556294	0.0012859643	0.0015504373	0.00075607107	0.006859537	0.00090273086	0.00029511465	0.0029071495	-22.7207088470459
s04e15b	145.0	5.0	0.83870673	0.83870673	0.016373439	0.11726092	0.0011052575	0.002270499	0.007967902	0.0061571137	0.004215398	0.021658929	0.0010228904	0.00016849651	0.0033361444	0.013666544	0.010628486	0.0006634434	0.0016603399	0.0006701356	0.0010213086	0.009732455	0.0183142	0.010650828	0.0011262204	0.007055749	0.003174505	0.007055749	0.028741749	0.0031390423	0.0008222218	0.00095018256	0.00093790155	0.0006821924	0.0014440543	0.00038705417	0.00029725846	0.0037229958	0.003434402	0.003215807	0.0031800414	0.0029123665	0.0013457059	0.0031800414	0.007169581	0.021717094	0.020136531	0.0005378108	0.000713544	0.0008944784	0.0048131067	0.0048459293	0.0026601295	0.010548757	0.0011093947	0.0040746224	0.00062760874	0.0035553086	0.0013239615	0.35912758	0.0030414332	0.0009589079	0.0069779856	0.00047424567	0.026003873	0.0046620835	0.0012412197	0.0010816606	0.0014151427	0.042100936	0.0013342432	0.001140116	0.026003873	-23.74294090270996
s04e15b	150.0	5.0	0.6627401	0.6627401	0.0063921595	0.07214878	0.00061570364	0.00036267302	0.00035435427	0.0011028417	0.0021106969	0.008019342	9.226369e-05	0.00039430716	0.001804376	0.0011009529	0.0012696364	0.0006699941	0.008183648	0.0001289905	0.0001893836	0.0003526996	0.0031674963	0.0011761676	0.00073311926	0.0024771495	0.0008921823	0.0024771495	0.1244062	0.014915756	0.0035772778	0.0022856656	0.0007984214	0.0021322677	0.0077056168	0.00064421404	0.00055996387	0.009601056	0.0007756615	0.009601056	0.00023494825	0.00041898154	0.0028707327	0.00041898154	0.0034245197	0.0010908757	0.007439822	0.0003476958	0.00021777498	0.00087981665	0.0014695143	0.00094415486	0.00063179655	0.011808713	0.0005910726	0.0068112854	0.0059110075	0.001680061	0.002862956	0.013197243	0.001037305	0.000856646	0.0024680698	0.00019179305	0.004185838	0.00165161	0.0012539374	0.011951005	0.0012830268	0.01560867	0.0003535695	0.0005148896	0.011951005	-25.05314826965332
s04e15b	155.0	5.0	0.88751394	0.88751394	0.02152213	0.03724984	0.00264053	0.0011752986	0.009325405	0.0013796029	0.0011641773	0.018310823	0.00013537458	0.0002119575	0.0028495125	0.029626967	0.0019736316	0.00068233215	0.006820304	0.00023502868	0.00069397606	0.00162657	0.007571098	0.007571098	0.00126372	0.0026599385	0.0012064421	0.0026599385	0.00975051	0.0026971856	0.0011781579	0.0006123463	0.00038739192	0.0004393652	0.0010026017	0.0001465911	0.000116814925	0.004512133	0.0008560736	0.0010888018	0.00058070716	0.000317928	0.00015931594	0.00058070716	0.0048351316	0.00073037425	0.0014627706	0.00019289344	0.00018918543	0.00037143432	0.00064771116	0.0007192515	0.00050996494	0.007270352	0.0002318086	0.009991831	0.001333022	0.001371223	0.00077991514	0.055638902	0.00024651378	0.00061698834	0.0024217155	0.00023856673	0.0041661058	0.002039742	0.00045725206	0.0018313637	0.0007235338	0.008104859	0.005272386	0.00033394032	0.041870896	-24.67413711547852
s04e15b	160.0	5.0	0.66604996	0.66604996	0.03987206	0.007745866	0.0002427593	0.0032938416	0.13456525	0.0010051352	0.010286515	0.0019121106	0.0005215314	5.7996505e-05	0.001904595	0.011431389	0.00029277347	0.00028519935	0.013666589	0.000488817	0.08202541	0.10138806	0.00562991	0.0018800676	0.00084595085	0.0013234636	0.000543444	0.0013234636	0.5755558	0.18656608	0.05144652	0.006685532	0.0024854739	0.004465636	0.09514257	0.00096331106	0.003581599	0.0004556283	0.0004556283	0.0003372758	0.0009791258	0.0012760741	0.00011486008	0.0012760741	0.0004922983	0.0024859572	0.009047224	0.0007981247	0.00096434035	0.0003847622	0.0015593672	0.0009974075	0.0023807045	0.009714658	0.0003653273	0.0036541894	0.00044087178	0.002769186	0.0017189762	0.0004094	0.00064757996	0.0058567976	0.00059353677	0.00013705634	0.0033497484	0.00088703714	0.002601909	0.0029008011	0.0016140345	0.003494804	0.015095594	0.00022274106	0.04827108	-22.27925491333008
s04e15b	165.0	5.0	0.05135633	0.05135633	0.0013986216	0.0011680307	0.00048475087	0.0011774792	0.0008192956	0.00089118106	0.024055505	0.0013525074	0.0011982596	0.0001304098	0.002503068	0.011766586	0.0017086529	0.00057558523	0.0004315161	0.0014127479	0.0006870381	0.0007647394	0.0062912824	0.0062912824	0.0031475872	0.0050036134	0.007936012	0.007936012	0.8015652	0.14417726	0.104701586	0.004139928	0.0006219338	0.0036533668	0.046509832	0.0021405506	0.022842415	0.005555238	0.005555238	0.0022058245	0.008331925	0.014104015	0.00089197967	0.014104015	0.0016669257	0.028028972	0.020119056	0.0011394705	0.0025353427	0.0007449839	0.0065678507	0.010443297	0.0014318792	0.0016268442	0.00073938933	0.0058693937	0.00069269084	0.0012549745	0.0003336647	0.0036112661	0.0010936252	0.0011922097	0.0010468673	0.0006275124	0.0068997205	0.0012131331	0.0028048211	0.0020702179	0.0014342804	0.011516441	0.0011745895	0.00069568877	0.010233358	-23.352615356445312
s04e15b	170.0	5.0	0.7886157	0.7886157	0.08237221	0.008531124	0.0002782017	0.0011469274	0.10089765	0.0034612322	0.002189842	0.0012574441	0.00018803572	0.00011857928	0.02834961	0.0066297916	0.0025311643	0.002157268	0.0016231649	0.0027016336	0.0020114696	0.14182027	0.00596487	0.0026428266	0.00596487	0.0056211455	0.0005786455	0.0056211455	0.5952168	0.027308743	0.0057460745	0.00046464027	0.00018393464	0.00082671794	0.013184892	0.00038482458	0.003995871	0.0034774705	0.0034774705	0.0005283356	0.0055477964	0.008599955	0.00022958462	0.008599955	0.001550066	0.020033222	0.016839419	0.0010037491	0.0024928048	0.00035642585	0.0021782615	0.0055738804	0.0028875622	0.0044249715	7.425716e-05	0.001676639	0.00064021355	0.0034117962	6.3389125e-05	0.00025478113	0.00050743215	0.004617087	0.00027748648	0.00023181854	0.001783561	0.0005729388	0.0015116221	0.0056149997	0.0020529288	0.009834131	0.002356948	0.00017269995	0.016965695	-21.92976188659668
s04e15b	175.0	5.0	0.9108872	0.9108872	0.014165093	0.04555659	0.00030344547	0.0017402695	0.00223324	0.0010928581	0.0012181341	0.009375055	0.00015468812	0.000163753	0.0020155099	0.00775024	0.0016633556	0.000180453	0.000542754	0.001264048	0.0002842319	0.12130054	0.0058972375	0.0058972375	0.001952966	0.0010673231	0.0012845742	0.003469368	0.31030294	0.010008179	0.0014579591	0.00091557804	0.00033451864	0.002133452	0.0020831383	0.00029597434	0.0012184121	0.011429977	0.0039744647	0.011429977	0.026668279	0.010275491	0.0014306518	0.026668279	0.003086386	0.010093784	0.008080683	0.0017757101	0.00032025523	0.00055609364	0.0014202204	0.0036669057	0.0016376278	0.003219222	0.0002411884	0.0016561868	0.0010364525	0.0028058672	0.0008774661	0.00955503	0.00060907967	0.0007526525	0.00020245233	0.00019019558	0.007470565	0.0012723246	0.0011075294	0.0009098194	0.0040067374	0.019917	0.0020424342	0.000200849	0.010722337	-23.19278717041016
s04e15b	180.0	5.0	0.8242591	0.8242591	0.0035884108	0.31246194	0.00076326466	0.00047739473	0.0011585128	0.003612881	0.001622142	0.033239685	0.00014184797	0.00013673183	0.00124614	0.0026888114	0.0013377374	0.00015239979	0.0007431843	0.0010863557	0.00015699808	0.0006494942	0.010423487	0.00836353	0.0019214675	0.0029238472	0.0024313848	0.0029238472	0.36255828	0.009391038	0.0014141061	0.0011915194	0.0009653341	0.0016573116	0.0029720212	0.0015633272	0.001976868	0.0035683212	0.0011876979	0.0035683212	0.0018872926	0.0015188104	0.0016418829	0.0018872926	0.0009138288	0.005252624	0.011429044	0.0003016729	0.00022728811	0.0013403179	0.0020861032	0.0007353517	0.0036846027	0.00065669505	0.000737768	0.00085882406	0.0012330537	0.0071574496	0.0041705887	0.054932464	7.6518576e-05	0.00095167384	0.00035470608	0.00025912267	0.004874407	0.0005236017	0.00047809602	0.00026575147	0.0010473786	0.006422255	0.0008030422	0.00019795417	0.004874407	-23.090133666992188
s04e15b	185.0	5.0	0.88106745	0.88106745	0.03554471	0.020224603	0.00034262452	0.0017624022	0.17891473	0.0012220576	0.0014790706	0.0059363684	0.00012814754	0.00039809506	0.0016023872	0.004931319	0.0050796587	0.0006553159	0.00097014796	0.0007119464	0.0018073829	0.3078221	0.0060858116	0.004962744	0.0031328502	0.003157983	0.001827308	0.0035347037	0.04795022	0.006892026	0.0029236597	0.0008444565	0.00044775975	0.0010215718	0.0019728409	0.00040839746	0.00032940131	0.0014706132	0.0014706132	0.0013399689	0.006819177	0.0026734355	0.00039277668	0.006819177	0.0012667653	0.01023686	0.0084971385	0.0010101118	0.0003443333	0.00046983673	0.0034295847	0.0027091946	0.001981586	0.0030896012	0.0002165201	0.0004565265	0.00039582225	0.0033514204	0.00037689452	0.0050169704	0.0008414712	0.0007684962	0.0003961439	0.00030688112	0.0020003724	0.0007563492	0.0005567582	0.002330271	0.0019975235	0.0039430615	0.0016553963	0.000110084846	0.0035557987	-22.22294044494629
s04e15b	190.0	5.0	0.9029333	0.9029333	0.087230146	0.027941562	0.001554535	0.006948002	0.07399723	0.0043588253	0.0016448277	0.023473952	7.185938e-05	0.00023209966	0.0011285546	0.020695185	0.0019943216	0.00048801317	0.002388234	0.0007201514	0.0012416496	0.36950684	0.0053461962	0.0053461962	0.0014052102	0.0019788889	0.0013140773	0.0036174415	0.07132682	0.0068806647	0.0029587157	0.0004947949	0.00030728834	0.0008465318	0.005042671	0.00066459074	0.0006421158	0.0011284761	0.0009507586	0.0003200373	0.0013083596	0.0008213506	0.0001147412	0.0013083596	0.0007261321	0.0061737914	0.003760691	0.0003888677	0.00026302834	0.00041136311	0.00094152143	0.0026612023	0.0012565749	0.013076439	0.00046431922	0.0020207055	0.0015915744	0.0047746445	0.00018542347	0.0020023126	0.00085708936	0.0004861817	0.00068627705	0.000121861136	0.005873452	0.001373246	0.0008458754	0.002819175	0.0023046033	0.003008831	0.0051752673	0.00019938246	0.036294967	-21.585712432861328
s04e15b	195.0	5.0	0.854273	0.854273	0.005860908	0.17658128	0.0013009822	0.00071938173	0.023637006	0.0010976922	0.0014628829	0.15378693	0.0009402699	0.00026722028	0.005758693	0.004448722	0.0011195905	0.0019590259	0.00084778457	0.0005494891	0.0008888676	0.006777184	0.025510753	0.008668066	0.003549435	0.004047366	0.0040185675	0.004887184	0.09897796	0.0050632185	0.0023641346	0.0011226657	0.0005197124	0.0010948845	0.0012470044	0.00057809916	0.0004927776	0.0026245546	0.001339302	0.0026245546	0.002247876	0.0013498565	0.0013495043	0.002247876	0.0009978076	0.00665639	0.030306933	0.0012227457	0.001670064	0.00045859348	0.046356898	0.002288771	0.005378544	0.01021614	0.0008656287	0.005740892	0.00067112653	0.0020535677	0.00062673964	0.0035391066	0.0007173035	0.0005368561	0.0011365782	0.0019427005	0.0014646685	0.0010273062	0.00065829675	0.0007385274	0.0015050382	0.0023709983	0.0017739445	0.0004336991	0.016563946	-23.61187171936035
s04e15b	200.0	5.0	0.7687469	0.7687469	0.032192808	0.004989764	0.00041698292	0.0011325732	0.09290897	0.0010648222	0.0014535838	0.002659975	0.00013011815	0.00023152411	0.0013568463	0.007160049	0.0032709998	0.00035434158	0.0018321257	0.00022979836	0.00091662107	0.09600932	0.006319306	0.0038161485	0.0006546174	0.0067370688	0.0015443815	0.009330451	0.012030985	0.005162304	0.0016314052	0.0005817134	0.0003255044	0.00066599867	0.0015747255	0.00024487777	8.9371235e-05	0.0026385954	0.0016529881	0.0026385954	0.0041193296	0.001071045	0.00029431778	0.0041193296	0.002579082	0.0034356655	0.004983679	0.0005226658	0.00032953513	0.00029896377	0.0017862057	0.0037120746	0.0021351206	0.01477019	0.00018127596	0.0021569417	0.00088787684	0.0013627582	8.710555e-05	0.00029332135	0.002380222	0.00047148168	9.997731e-05	0.0001863318	0.0020382216	0.0017743971	0.00083276676	0.008416825	0.008843605	0.006220697	0.014187483	0.000113813745	0.11519823	-22.0259952545166
s04e15b	205.0	5.0	0.86038345	0.86038345	0.046841294	0.009491126	0.00013823391	0.0020574331	0.1648594	0.00027870003	0.0017454231	0.001358841	0.00065667374	0.00042994414	0.0010039782	0.004133654	0.0029542178	0.0009973595	0.0024447308	0.017758435	0.0037000356	0.047817826	0.10238351	0.003653837	0.0019459724	0.019453228	0.0003556986	0.019453228	0.05957739	0.0048601846	0.002163973	0.0006500981	0.0011581911	0.00071399705	0.0032516785	0.00035034222	0.0007441814	0.000976923	0.00066594087	0.0008935644	0.0024068283	0.0005601146	0.00045758716	0.0024068283	0.0014594398	0.0023679573	0.0033759447	0.00034033816	0.0004631483	0.00012954099	0.0034628473	0.00074898306	0.0059880195	0.0057493253	5.7631365e-05	0.0008751445	0.0020821642	0.0047543063	0.00030156018	4.2026688e-05	0.0003018254	0.00055830297	0.0012847864	0.00059277186	0.004674003	0.0018493544	0.0003521157	0.0015840025	0.001996253	0.003592196	0.0012674424	0.00011052451	0.017545523	-23.139265060424805
s04e15b	210.0	5.0	0.9179432	0.9179432	0.01119983	0.052556008	0.00022381677	0.0004042298	0.0025450347	0.0007583621	0.00052306574	0.008008466	0.00047603104	0.00012351264	0.00094568345	0.006514856	0.0005867254	0.00041481506	0.00027609474	0.0005199428	0.0001679992	0.0019624243	0.011470499	0.007559387	0.0015845267	0.0038203984	0.0045867674	0.016391035	0.08594035	0.00386777	0.0010497036	0.00040292862	0.000192416	0.00062122877	0.0016633342	0.00042299065	0.00034702013	0.011801076	0.004159792	0.011801076	0.006223203	0.0049661268	0.0027003775	0.006223203	0.0011075827	0.019043842	0.02415166	0.0011849469	0.00051044713	0.00043975236	0.02852151	0.0024029696	0.005569917	0.010321473	0.00067399006	0.0027856233	0.00072879076	0.0042982325	0.0009049648	0.009061812	0.0002639576	0.0005122762	0.00046749643	0.00046902656	0.0068294117	0.0035494114	0.0005477468	0.0006469261	0.0025673758	0.015578258	0.0017118361	0.00023094274	0.008153109	-22.63965606689453
s04e15b	215.0	5.0	0.83623934	0.83623934	0.012276635	0.03104432	0.0002862083	0.0010089836	0.014146714	0.00060205767	0.00086920086	0.0037209978	0.00015438428	7.8536985e-05	0.0064662737	0.004649689	0.0009839615	0.00024846	0.0009439258	0.00039917772	0.0006568131	0.006692448	0.017734323	0.014329957	0.0019084332	0.0075544016	0.00241801	0.0075544016	0.110748336	0.0057257763	0.0015992009	0.00046113154	0.0003780619	0.00054891227	0.002629117	0.00037153822	0.00038124103	0.001977693	0.0015632513	0.001977693	0.002390008	0.0014449415	0.0007609454	0.002390008	0.00085866125	0.015734717	0.013650144	0.0007109491	0.0003385039	0.00036343726	0.0035128484	0.0013838117	0.0022178635	0.04101656	0.0005605278	0.016579745	0.0020077273	0.004639791	0.0016218858	0.0014542359	0.00040515335	0.00065533275	0.00042427	0.00024015992	0.004472331	0.007937419	0.0003965807	0.0021386265	0.0018817694	0.016142821	0.0033049	0.00018867779	0.019011483	-21.251413345336918
s04e15b	220.0	5.0	0.86759746	0.86759746	0.01350065	0.038417578	0.00040098742	0.0017732759	0.29972076	0.0010923903	0.0008906497	0.00272586	0.00011893542	0.00018313104	0.002083986	0.0024560296	0.0029235552	0.0019056494	0.00095433695	0.0007426427	0.0019906578	0.16515404	0.004381908	0.004381908	0.0015788393	0.0011756569	0.00065199053	0.0014315218	0.052967392	0.0047857123	0.0020141294	0.00080706785	0.0002048916	0.0007696659	0.0015704101	0.0003425771	0.00032246817	0.00057027035	0.0003020482	0.0005164787	0.0012747536	0.0005311321	0.00013221004	0.0012747536	0.0002904523	0.0015067748	0.0030741422	0.00024122636	0.0003311261	0.00044005786	0.001745438	0.0007472243	0.0019984904	0.005499199	0.00023492832	0.0010943178	0.00083435694	0.0022061497	0.0006203611	0.0046921843	0.00063319237	0.0010005082	0.00015628607	0.00020096546	0.00088242383	0.0004806336	0.00036934958	0.0016240708	0.0007215369	0.003048251	0.0050218217	8.1110215e-05	0.021180201	-23.14316749572754
s04e15b	225.0	5.0	0.835953	0.835953	0.027501134	0.0052184174	0.0008418049	0.0026454017	0.29073417	0.0008953367	0.0015545676	0.0016651644	0.0004047542	0.00055036606	0.0016570102	0.003974159	0.00238059	0.0009425589	0.002688145	0.0007637285	0.004160756	0.07590598	0.010781444	0.010781444	0.0013022051	0.013669057	0.0025296574	0.013669057	0.05257048	0.011934203	0.0038847388	0.00083973864	0.0004910324	0.0009153613	0.0022585015	0.000500813	0.00032590158	0.0012979901	0.00038078937	0.00077019003	0.0036466783	0.0005159171	0.00014529219	0.0036466783	0.00052831165	0.0015653857	0.0022192767	0.00059017946	0.0008455902	0.00076639507	0.0031401706	0.0008867165	0.0015713412	0.008509645	0.00017338073	0.0014891869	0.00081573124	0.009041531	0.000262507	0.0021462087	0.0009871644	0.0014709592	0.00029747677	0.00034412654	0.0045173126	0.001969971	0.0003755977	0.0025679877	0.002240737	0.003066421	0.0060389955	0.00014506848	0.013610839	-22.19975471496582
s04e15b	230.0	5.0	0.91104865	0.91104865	0.04689668	0.010349033	0.0014346568	0.0023184083	0.08519325	0.0014902296	0.0038671603	0.017508179	0.0004881432	0.00035006393	0.0010528122	0.004495259	0.010178133	0.0023436185	0.0030653412	0.0009629068	0.0014517584	0.08515031	0.008962745	0.008962745	0.0015778827	0.007461046	0.0033445116	0.007859793	0.045659296	0.005456083	0.0015162121	0.000671392	0.00028754905	0.001388922	0.0019673486	0.00027408518	0.00035785025	0.0024631643	0.00092838483	0.0021708866	0.008555478	0.0013513956	0.0006773773	0.008555478	0.00097019837	0.008505137	0.0025856677	0.0002736447	0.00077086303	0.00013551976	0.0012442055	0.0013420653	0.0014921102	0.012885443	0.00022366915	0.0037195648	0.0007216608	0.0043130103	0.00019712429	0.0012565689	0.001208125	0.0010644027	0.0002740371	0.00042852818	0.0018989579	0.0009487713	0.0006619781	0.003015381	0.0014807625	0.0068003847	0.010735208	0.00028785734	0.010735208	-22.44683837890625
s04e15b	235.0	5.0	0.88928646	0.88928646	0.030547943	0.22424349	0.0005017309	0.0032872017	0.049020484	0.002236214	0.0015664398	0.0047949147	0.00012962305	0.00030193044	0.0014734433	0.009546874	0.0015661848	0.00027001073	0.0009513076	0.0018581765	0.0016859535	0.032947063	0.004261912	0.002818206	0.0009383342	0.0032821903	0.0009939508	0.0032821903	0.10026721	0.007508794	0.0016788832	0.0011387358	0.00041244604	0.0018101197	0.002334976	0.00051932543	0.0005044261	0.005268029	0.0017863408	0.005268029	0.0044589294	0.0030744313	0.0013839066	0.0044589294	0.0010190343	0.0068278336	0.009973729	0.0009500504	0.000403486	0.0016256288	0.003967249	0.0012017763	0.0029371432	0.006267666	0.0007782736	0.0019228029	0.0009384017	0.0053688977	0.0012808888	0.0061515956	0.00021665206	0.0012846446	0.00035917514	0.0002694992	0.0035075077	0.00074099697	0.00052628166	0.00059930194	0.0025755626	0.011281892	0.00481671	0.0001459441	0.00481671	-20.42271423339844
s04e15b	240.0	5.0	0.90687877	0.90687877	0.009323357	0.20412277	0.0025873687	0.001353976	0.031183496	0.00612564	0.0009883328	0.09259381	0.00011286248	0.00019897471	0.007857305	0.0057179257	0.00895094	0.00087213854	0.011915719	0.00060027745	0.00099443	0.038639564	0.013447789	0.00775985	0.0018221664	0.0044281217	0.0030867942	0.0044281217	0.03105895	0.0024686556	0.00075803476	0.00039700113	0.000188425	0.0005482626	0.00075982406	0.00033613064	0.00019478696	0.0017870442	0.0006881482	0.0013804763	0.0032337	0.00088211993	0.00029525283	0.0032337	0.0008398056	0.0015318342	0.0032728408	0.00045298616	0.00012350205	0.00044405367	0.0010508803	0.00114839	0.0014772775	0.0056055957	0.00021016104	0.0027359256	0.0022038626	0.0028094638	0.0027179993	0.042013604	0.0001761452	0.00052775955	0.00024994477	0.00011755545	0.0025368638	0.00039191922	0.00045743954	0.0020223872	0.0021312009	0.020325935	0.0026676226	0.00033620276	0.0033817478	-22.586349487304688
s04e15b	245.0	5.0	0.91091883	0.91091883	0.015591828	0.008277663	0.0007938354	0.0017928062	0.03870124	0.0011705713	0.0022410974	0.019163769	4.8398415e-05	0.0004488837	0.00028652223	0.0065218075	0.0009233882	0.000630576	0.003085355	0.0025761495	0.0035969575	0.07777315	0.008797165	0.0028048719	0.0018878127	0.0009594571	0.00033899333	0.0009594571	0.4005067	0.022446007	0.005081488	0.0010443522	0.00057321874	0.0012566629	0.006983552	0.0011408699	0.0014575446	0.00089656375	0.00089656375	0.0006873826	0.002265861	0.0008024234	0.00017545056	0.002265861	0.0010872652	0.003178174	0.012011402	0.0018602277	0.0009502188	0.00022137584	0.0014908158	0.0032072957	0.0028353864	0.009105399	6.6543376e-05	0.0015397385	0.00062583474	0.0024156212	0.00015687014	0.0001355306	0.000602508	0.0021171153	0.00037959387	0.00031502548	0.0008368818	0.0004735484	0.0010522978	0.0013401685	0.0010205227	0.003906684	0.0033143908	0.00015866965	0.03149813	-21.805816650390625
s04e15b	250.0	5.0	0.38711768	0.38711768	0.0042813844	0.0027752444	0.00026101083	0.053025693	0.0014460221	0.0017822998	0.067969866	0.0051852	0.0020579463	0.000112653026	0.002409078	0.011029741	0.0019340568	0.00014482274	0.0016516045	0.0014462671	0.0048882905	0.011122684	0.0033011024	0.001766553	0.00072919024	0.0031852608	0.0027382893	0.0031852608	0.7584443	0.03531291	0.011658581	0.0003658841	0.00019139919	0.0012346497	0.060506944	0.0013304157	0.010069608	0.007530341	0.007530341	0.004577741	0.016378386	0.013168504	0.0009446222	0.016378386	0.0035466263	0.022542935	0.020726064	0.0022408278	0.0011173281	0.00051486754	0.0039492296	0.019846026	0.0012664469	0.004933194	0.00028939062	0.0041844766	0.0003474937	0.0007805754	0.00013696999	0.000406709	0.00021433401	0.00047422122	0.00039861092	0.0005548788	0.0023051999	0.00058563205	0.008858477	0.025643503	0.0015164389	0.018043343	0.0052568414	0.00028815444	0.025643503	-20.3819580078125
s04e15b	255.0	5.0	0.33301777	0.33301777	0.00092296913	0.00069176266	0.041259725	0.014680303	0.06885589	0.035819393	0.00086916774	0.036406983	0.024043648	0.000112063324	0.00142809	0.015352953	0.0011668185	0.0036749314	0.00059693784	0.0011559294	0.0010065017	0.0029866786	0.028439248	0.011849954	0.0018149838	0.0017751355	0.004904442	0.004904442	0.06589861	0.0039564935	0.00053809304	0.00057298853	0.0002688663	0.0007292913	0.0020609156	0.00014695218	0.00032470477	0.0800295	0.0122840665	0.0800295	0.018540954	0.0063006347	0.032054655	0.018540954	0.0037385856	0.018015763	0.0035609487	0.00017880772	0.00096265733	0.00011928037	0.0049418835	0.006089597	0.0010735154	0.0059360415	0.00021163136	0.0055131265	0.0004717595	0.00042359068	5.013942e-05	0.0006780531	7.115986e-05	0.00022493971	0.0005192041	0.00028987357	0.0005300852	0.00040949215	0.006976717	0.021544354	0.002360259	0.014818632	0.0014270146	0.00026380012	0.021544354	-21.11238670349121
s04e15b	260.0	5.0	0.8437947	0.8437947	0.004970176	0.037934143	0.0008429463	0.0021654353	0.0031856634	0.0032590013	0.0029628484	0.03742619	0.00078765844	0.00045526752	0.0058079483	0.009856825	0.0033642247	0.00096458074	0.0013881279	0.0011839202	0.00037385814	0.00592254	0.012665432	0.0057062916	0.0015699667	0.0043435637	0.0020526533	0.0043435637	0.09699279	0.004709653	0.0012167079	0.0007073433	0.00033519574	0.00073961454	0.001386355	0.001166913	0.00062073994	0.010241698	0.004785597	0.0031625107	0.006746721	0.006422261	0.0007382396	0.006746721	0.002961539	0.009735116	0.01687366	0.0012296975	0.0010120276	0.002379579	0.0026181478	0.002385737	0.0019944108	0.00726119	0.0025952118	0.009202063	0.0005934163	0.0007721158	0.0011237892	0.0076451395	0.00023235119	0.0031690612	0.0012878806	0.00027131184	0.0020961652	0.0036300507	0.0014067179	0.0026838202	0.0012952079	0.04316186	0.01068313	0.00041029748	0.04716443	-21.51223373413086
s04e15b	265.0	5.0	0.6204975	0.6204975	0.005876345	0.008722686	0.00033659578	0.003402119	0.004890592	0.00044508305	0.0025486143	0.0079101315	0.001796381	0.021795323	0.0013794722	0.008420833	0.0002839432	0.00027019615	0.0022463815	0.0014654644	0.011586489	0.0129565	0.025900044	0.0010157624	0.0030577832	0.0008482032	0.0006979822	0.0016063115	0.16045858	0.008323851	0.0025105223	0.0004524314	8.376072e-05	0.00032658767	0.0024726714	0.00010636404	0.0004919924	0.008285249	0.008285249	0.005492167	0.02156096	0.022878537	0.00046881114	0.02426476	0.0018795675	0.022835085	0.04676563	0.00282417	0.0017567755	0.00023952784	0.0063206865	0.004796403	0.0051777326	0.0045446185	0.0001285524	0.002550107	0.000300639	0.0007177301	0.0077564684	0.0015162157	0.0001461261	0.0036995118	0.0002657905	0.059661493	0.0029948542	0.004447826	0.02335005	0.0008605816	0.000498882	0.04525672	0.0004214212	5.0513667e-05	0.025252575	-21.543407440185547
s04e15b	270.0	5.0	0.8302469	0.8302469	0.009239261	0.028380735	0.0024468738	0.00297319	0.045153216	0.008220175	0.0042618676	0.006287625	0.0027119108	0.00024698314	0.005014146	0.008864913	0.0015584878	0.0008582984	0.0008968565	0.0037562628	0.00087877514	0.058854103	0.007612495	0.007612495	0.0063207797	0.0017428044	0.004303736	0.004303736	0.3676517	0.011157847	0.0017598731	0.0006691142	0.0002573907	0.0009730588	0.0035477302	0.0005298647	0.0013249568	0.0036784862	0.0029498865	0.0023694152	0.0041748947	0.007369365	0.0007838678	0.007369365	0.0010257644	0.015606551	0.024982179	0.0014527327	0.0013623027	0.00037984288	0.017424498	0.003000897	0.0024140142	0.011773243	0.00034027587	0.0037959	0.0004355909	0.0030944631	0.0005389107	0.0168369	0.00036616065	0.0006226084	0.0003309664	0.0011964337	0.0043607564	0.0015593756	0.0021399213	0.004872744	0.0020397555	0.006457393	0.0023213332	0.00021488874	0.090902746	-24.00476455688477
s04e15b	275.0	5.0	0.8549417	0.8549417	0.014922211	0.013948029	0.00031100312	0.005216754	0.06138908	0.011306177	0.0035809525	0.0027026539	0.0007675959	0.00038132048	0.0026504933	0.007002943	0.0023894748	0.0011626995	0.0012888935	0.001967592	0.000675698	0.22998518	0.0038055552	0.003501834	0.0038055552	0.00038902176	0.00067019404	0.0011670842	0.07768193	0.0053836405	0.0027965326	0.00058815203	0.00026228384	0.00083648396	0.0015360235	0.00030453692	0.00048533065	0.026076835	0.026076835	0.0018589798	0.018782645	0.040598266	0.00060710567	0.040598266	0.00280498	0.090070695	0.029912176	0.0013883897	0.0012432443	0.0002833377	0.004507588	0.0074794097	0.002244984	0.0067688376	0.0002051379	0.00075872644	0.0002690671	0.0016855001	0.00014876541	0.008376099	0.0005168971	0.00065880857	0.0002856778	0.00041911958	0.002564293	0.0011681425	0.002396569	0.007781339	0.0020079175	0.008889528	0.0017822066	0.00027081385	0.03120594	-21.42721176147461
s04e15b	280.0	5.0	0.7342705	0.7342705	0.00381338	0.0011072505	0.00035930253	0.004259157	0.007431573	0.0016165469	0.009465904	0.0021625636	0.0014420609	0.000193011	0.0029830968	0.024431352	0.0020628436	0.00061642146	0.00077877817	0.0045895725	0.000558551	0.043784536	0.023901297	0.0069558234	0.0018522375	0.0057081967	0.0031519486	0.0057081967	0.18173605	0.004546539	0.000899437	0.0003819402	0.00014178496	0.0006268875	0.0009995097	0.00022590066	0.0008789611	0.009974356	0.009974356	0.0009005295	0.0071333908	0.009686606	0.0003682414	0.009686606	0.0018545311	0.058372147	0.06684947	0.0011514061	0.0005882109	0.0004033781	0.003450459	0.0073960866	0.0072027673	0.012060902	0.0002933446	0.0021650088	0.0007937341	0.0038318702	0.00044996545	0.007092223	0.0036378235	0.0004983691	0.0004165566	0.00033357408	0.0046798186	0.0027262152	0.002188367	0.0065841926	0.0007503565	0.012599901	0.003060932	0.000110683235	0.15831083	-23.82429313659668
s04e15b	285.0	5.0	0.8360248	0.8360248	0.0063439454	0.004105172	0.0018633628	0.003434655	0.027031904	0.004022551	0.0024259132	0.060511168	0.0001836798	0.00035765805	0.0007069161	0.015124732	0.0011091639	0.0012581485	0.0009878182	0.0007454391	0.0024650418	0.1381122	0.007334507	0.007334507	0.0049753482	0.0113933915	0.0047039343	0.0113933915	0.07250319	0.0050382237	0.0014069282	0.00054222194	0.00031902164	0.00066223054	0.0019057492	0.00094633567	0.00034573968	0.0030113382	0.0030113382	0.002697569	0.013004972	0.0046851346	0.0010787145	0.013004972	0.0017368385	0.014079325	0.016151078	0.00088899676	0.0011524354	0.00036622697	0.017844519	0.006793766	0.0027759757	0.0011860897	0.00021801286	0.000572584	0.0004669028	0.0005551256	9.6587406e-05	0.0003171385	0.00051647035	0.0019540035	0.00042746452	0.0012694552	0.0009731552	0.0005140746	0.0037665623	0.0009785594	0.00050581247	0.00808043	0.00059752184	0.00037834636	0.0063279863	-22.79463768005371
s04e15b	290.0	5.0	0.8596322	0.8596322	0.0068462896	0.007090125	0.00049015955	0.0017654048	0.114924505	0.0017340165	0.002550791	0.004151001	0.00038463387	0.00034573095	0.0014966291	0.0058489293	0.0037833257	0.0016838657	0.0009348294	0.0037672906	0.0015006742	0.13107908	0.0071734646	0.0038587013	0.0046105743	0.0008039764	0.001319705	0.001319705	0.0917273	0.0027470759	0.00085102086	0.00038792726	0.00022642747	0.0004899748	0.0008367773	0.0005354714	0.0005395385	0.007866168	0.007866168	0.0014359676	0.021794893	0.01413207	0.00044832184	0.021794893	0.0012434918	0.041439395	0.036709182	0.0027292597	0.001154676	0.0004108456	0.002587162	0.0066408454	0.0073491093	0.005053981	0.0007693644	0.0007216095	0.0008504546	0.0018385218	0.00021778746	0.009991723	0.000853948	0.0014376924	0.0001792466	0.0005555747	0.0032363816	0.0010068892	0.0017476011	0.0044769873	0.001283262	0.012458703	0.0021274115	0.00032147518	0.028578313	-23.37872314453125
s04e15b	295.0	5.0	0.8388675	0.8388675	0.010532575	0.029273218	0.011746239	0.005535291	0.02293263	0.031216389	0.0056635053	0.07193776	0.0015044393	0.0005081042	0.0023094171	0.006172285	0.0009697205	0.0012849865	0.00044845731	0.0011819691	0.0020302634	0.038835675	0.055817485	0.009665952	0.003697108	0.00926526	0.0044471635	0.00926526	0.23431829	0.0080253715	0.0013714096	0.0005976053	0.00019649004	0.00072485756	0.003801629	0.00048436888	0.0012490299	0.0020228452	0.0013113319	0.0010898728	0.004262764	0.0014488568	0.0003990385	0.004262764	0.0007342348	0.0060518887	0.005579925	0.00039754593	0.0005568272	0.00027727918	0.0055085164	0.0011507231	0.000988208	0.0017462457	0.00019737444	0.0014804757	0.000260026	0.0042179464	0.0002593565	0.0028794552	0.00020803338	0.0004488345	0.0010669138	0.0005152841	0.000731594	0.00045519718	0.00061220676	0.00049272453	0.00037465003	0.002848131	0.0034253756	0.00044785047	0.00412755	-24.06570243835449
s04e15b	300.0	5.0	0.8781711	0.8781711	0.014099944	0.07768827	0.00035767356	0.011394019	0.016976977	0.016870258	0.006640147	0.0045131696	0.0012141041	0.00043617928	0.0012846555	0.009928251	0.0048218165	0.00065308006	0.0014572149	0.00364998	0.0011933232	0.087700956	0.008567386	0.0066762604	0.0010255616	0.0030041973	0.0018145156	0.0030041973	0.23309106	0.00968763	0.0022268868	0.0009770483	0.00042329883	0.0010326058	0.0024486843	0.0022288647	0.002248567	0.002157737	0.0020373322	0.0011610974	0.0037312647	0.0024121166	0.00041220651	0.0037312647	0.001537775	0.01424583	0.035871692	0.001106049	0.001007677	0.0016088394	0.0028750966	0.004214103	0.0028048	0.0076289503	0.0013795465	0.001745011	0.0010983957	0.015660841	0.00013490899	0.0049519315	0.00055956986	0.0036399155	0.0059158877	0.0004181538	0.0045650043	0.0014280159	0.0032163851	0.003196996	0.0031639843	0.004912193	0.007406575	0.0002613186	0.008099823	-22.681501388549805
s04e15b	305.0	5.0	0.74990696	0.74990696	0.017083934	0.010760593	0.00011466539	0.009149456	0.025857635	0.0014130648	0.004508834	0.00068230485	0.0015107357	0.00017471201	0.0005557063	0.0039685117	0.0024818114	0.00036800065	0.0018211138	0.0015384225	0.003296545	0.043888927	0.0057277586	0.0023159722	0.0021947904	0.0008043147	0.00081593066	0.0011612108	0.072539635	0.0050989473	0.0015699465	0.0006912091	0.0003201139	0.0005268192	0.002229864	0.00024906173	0.0003911656	0.0042039366	0.0041376487	0.0027737773	0.0024238636	0.008498524	0.0016048943	0.008498524	0.0012347244	0.025181225	0.05028173	0.0028214292	0.0011161227	0.0011915762	0.00895611	0.0013602613	0.0031594005	0.0066464	0.0003147781	0.0011854549	0.000909907	0.004781143	0.00032728026	0.001264142	0.00022248761	0.0019548081	0.0014747903	0.0007451025	0.0028672798	0.0010509484	0.0017648333	0.0066115395	0.00060345884	0.004661181	0.0036524122	0.0005142976	0.0068730153	-21.02514266967773
s04e15b	310.0	5.0	0.6880401	0.6880401	0.011462307	0.019547887	0.000264019	0.0063482784	0.004429425	0.0027747287	0.010350617	0.0023185795	0.010309483	0.00051870896	0.0019462401	0.0061508175	0.002332398	0.0006731706	0.0020022572	0.0025261994	0.0016766485	0.019070651	0.016380075	0.016380075	0.0014585541	0.0048406115	0.0020380344	0.0048406115	0.25372228	0.0090120565	0.0019006405	0.0007777847	0.00060469785	0.00075188465	0.0026072196	0.0011815059	0.002441974	0.002824264	0.0026745114	0.0013287062	0.0018448919	0.0019355069	0.00085380685	0.0019355069	0.00133876	0.010192223	0.016111663	0.00043254983	0.001169918	0.0031892161	0.0023699088	0.00085814385	0.0016380894	0.0046461048	0.00058885315	0.0023426064	0.0007811353	0.06707262	0.0008419381	0.009935363	0.00060294574	0.0023325114	0.009832432	0.0005163404	0.013115142	0.0033242472	0.0019192254	0.0021258055	0.0004507588	0.0052995062	0.0061615272	0.00031557135	0.028506886	-22.864131927490234
s04e15b	315.0	5.0	0.81359065	0.81359065	0.021450369	0.030390738	0.00043553422	0.012305881	0.009666026	0.001515971	0.0058841864	0.0015616459	0.0016851528	0.00024566488	0.0010652833	0.023726733	0.0023932175	0.00016871757	0.001145611	0.001688736	0.000923621	0.045215398	0.009200568	0.008314206	0.0016726992	0.004571928	0.0025469153	0.004571928	0.18880227	0.008621024	0.0015052281	0.0010921692	0.00044461995	0.0012981583	0.0043449267	0.0007701009	0.002161062	0.0041802903	0.0027369342	0.0016961205	0.0018668834	0.003627937	0.000864726	0.003627937	0.0015512125	0.013208034	0.008910179	0.00041767437	0.0009337902	0.0014038138	0.0021245365	0.0011033593	0.0023015311	0.0056964844	0.0005416232	0.0031545132	0.00087183365	0.0062314626	0.00027142515	0.0037059567	0.0005819025	0.0009977544	0.0010224204	0.00031563695	0.0023769352	0.0039007526	0.0009654008	0.0022438478	0.00057570013	0.00890767	0.011795516	0.00017581931	0.016861528	-22.02867126464844
s04e15b	320.0	5.0	0.8097874	0.8097874	0.009866784	0.026416652	0.0005218524	0.0035001738	0.07348118	0.00087153964	0.0024857386	0.0016892328	0.0006004955	0.00048726363	0.00054683915	0.007809062	0.001166614	0.00050328614	0.0012190557	0.0014811278	0.009868024	0.014347803	0.006255741	0.0059001176	0.0011582727	0.01014787	0.0043228813	0.01014787	0.21350926	0.010277906	0.0020088188	0.0015395435	0.0002989706	0.0020445816	0.004638741	0.00079295156	0.0014626593	0.003136978	0.0016515951	0.0027460675	0.003707982	0.0031956045	0.0007463504	0.003707982	0.0013297569	0.0074912626	0.021586401	0.0029770727	0.002081532	0.0021462108	0.007380448	0.001166923	0.0039887605	0.00469911	0.0009778697	0.0012121744	0.0018519025	0.0036205878	0.0012708476	0.0030552088	0.0005458918	0.0017447658	0.0009642256	0.00048100416	0.0012985688	0.0007258004	0.0014621788	0.0015867113	0.00095879496	0.010163866	0.009294562	9.179086e-05	0.01926965	-23.013168334960938
s04e15b	325.0	5.0	0.84324336	0.84324336	0.01879283	0.0047581303	0.00032506	0.000991145	0.009926095	0.0017371211	0.0010596456	0.0015906852	0.0011477706	0.00045292874	0.007292577	0.0036998915	0.0009585169	0.0010741727	0.0011506107	0.0014767866	0.0007583253	0.02581425	0.019442333	0.0031676863	0.0046808226	0.002385124	0.0027582073	0.0069787786	0.059606183	0.0041137976	0.0013374863	0.00049256464	0.00013606825	0.00046086873	0.00170687	0.0005514386	0.0003717712	0.021911956	0.021911956	0.0046207397	0.01276945	0.02451231	0.00087057066	0.02451231	0.002998661	0.020525161	0.027227923	0.0037092823	0.0010166169	0.0005166503	0.004996637	0.0038526542	0.0025143488	0.0055567874	0.00051855255	0.00087289425	0.0007320159	0.0012121288	0.000392711	0.006021695	0.00042550213	0.002649926	0.00023843168	0.0025153821	0.0010884056	0.0018521441	0.0016782793	0.001507531	0.0015668292	0.012074603	0.002226176	9.623731e-05	0.1286675	-25.924394607543945
s04e15b	330.0	5.0	0.83930624	0.83930624	0.014195816	0.018732445	0.00030363328	0.0014434067	0.0011405749	0.002412213	0.0013599511	0.0014363725	0.0011666312	0.00012907467	0.010397514	0.010141372	0.0019129025	0.00025051687	0.0007957357	0.0064114444	0.00023785698	0.0044653523	0.02957329	0.02957329	0.00494344	0.006461968	0.0036800578	0.0068084733	0.09749461	0.006903789	0.0013137506	0.0007515019	0.00028980584	0.0010713016	0.0016298426	0.0003158513	0.00043033712	0.012330333	0.001650633	0.0020407352	0.0015420435	0.0012128484	0.00045772435	0.0015420435	0.0015836066	0.004770049	0.006843252	0.00042430783	0.0005346786	0.00058992556	0.0027217437	0.0034016843	0.0017151044	0.002983226	0.00020066428	0.003656645	0.0006520365	0.004429513	0.00064345193	0.0081084855	0.0007625253	0.0008338725	0.00037829767	0.00034665488	0.005075583	0.0015138772	0.00077232294	0.0012616899	0.0007185681	0.011841626	0.0025362836	0.00016326671	0.026645882	-24.52069854736328
s04e15b	335.0	5.0	0.7715033	0.7715033	0.018018056	0.01105633	0.0027669168	0.0040972023	0.043529414	0.008864113	0.01839099	0.0023744896	0.0010621804	0.00029868344	0.00529118	0.015197596	0.0025853417	0.00073937525	0.00233729	0.0025543214	0.00224159	0.06333624	0.012508457	0.012508457	0.0023317414	0.0028044465	0.0028331531	0.0028331531	0.08996154	0.0066933013	0.00089362485	0.00081420486	0.0002739974	0.0008866561	0.0020267786	0.00038512974	0.0006408698	0.004028525	0.0022971795	0.00034803626	0.0023334357	0.0018447012	7.6043136e-05	0.0023334357	0.00081656297	0.007060492	0.0056912927	0.00049897993	0.0010880216	0.00072742486	0.002365487	0.0030133575	0.0006087132	0.015934534	0.00051913364	0.0031937566	0.00065287435	0.007436988	0.00015625746	0.0027284329	0.0012353567	0.00077915884	0.0011718587	0.0005100707	0.002199438	0.0018669777	0.0007096298	0.0112112425	0.0006846824	0.041588414	0.02245809	0.00010102333	0.3083753	-23.786190032958984
s04e15b	340.0	5.0	0.72483647	0.72483647	0.009707244	0.05605804	0.00082944613	0.0014327344	0.006496322	0.020744605	0.0037526924	0.007642676	0.014416104	0.00066332676	0.14840147	0.011268926	0.01213312	0.00087488437	0.004430033	0.015409988	0.00060315296	0.0058499994	0.034200866	0.004922814	0.0013179817	0.008768194	0.0031693066	0.008768194	0.1723583	0.008236094	0.001399549	0.00059101934	0.0002244532	0.00068576646	0.001687145	0.0004778345	0.00065890775	0.0075340876	0.003987378	0.002496153	0.0028674407	0.0015623168	0.0010009888	0.0028674407	0.0010923066	0.007415021	0.007871882	0.00031474986	0.0014391148	0.0008577114	0.003761343	0.0026798588	0.0016345973	0.002101913	0.00072113896	0.004379342	0.00076761865	0.0080509335	0.0011683083	0.0041003944	0.0008093293	0.001261103	0.0014380217	0.0002651001	0.0027660313	0.0016569415	0.00069341116	0.0016766693	0.0011779335	0.015962312	0.0017868809	0.00032614867	0.016669627	-23.64884376525879
s04e15b	345.0	5.0	0.8593376	0.8593376	0.01744672	0.0079795765	0.00024154305	0.0054837246	0.18760897	0.0021993732	0.004662887	0.00050519116	0.00044319604	0.00028363636	0.0014604491	0.007864078	0.0014088321	0.00038324867	0.0036645266	0.007536181	0.011836015	0.02453272	0.011740407	0.0013078606	0.00203045	0.0022549906	0.00080119097	0.0022549906	0.2928275	0.009960362	0.0034936967	0.0008965603	0.00029697636	0.0007552221	0.005468437	0.0004298017	0.0022778714	0.0020115296	0.0020115296	0.0013157511	0.008340975	0.005707628	0.00033507656	0.008340975	0.0014503346	0.010296287	0.04411953	0.0020185066	0.0013135531	0.0007326855	0.0031571141	0.0013678689	0.00448134	0.027001433	0.00012361952	0.0010705491	0.001101182	0.00845488	0.0006676434	0.00096856686	0.00044294432	0.00076330977	0.00041535238	0.0002906606	0.0011715965	0.00092846935	0.0010566305	0.0047220946	0.00024951593	0.009881045	0.0039355024	9.3681556e-05	0.050192878	-21.361501693725582
s04e15b	350.0	5.0	0.8528965	0.8528965	0.010690762	0.022297753	0.0014378258	0.0009418906	0.0010738464	0.003936404	0.0017014965	0.009077369	0.0010489413	0.00035507928	0.013330754	0.005086278	0.0012086867	0.0012504036	0.0005885984	0.00021934707	0.00014337426	0.007864137	0.03863371	0.03863371	0.0048706266	0.03408178	0.06397363	0.0993455	0.092702255	0.002903311	0.0007211878	0.00040902672	0.00014323773	0.00044870356	0.0012120486	0.00034452605	0.0003646335	0.011970728	0.0047807503	0.002831081	0.0023538196	0.006170182	0.000746206	0.006170182	0.0022884521	0.016045453	0.022920474	0.002029396	0.0007517844	0.0009172462	0.0042940713	0.0030403056	0.002721873	0.0023802957	0.00023011606	0.0018907062	0.00060161686	0.0046789614	0.0004660924	0.06721809	0.00067742466	0.0007957136	0.0015019551	0.0003868703	0.0022542248	0.00171639	0.0009217735	0.0003845426	0.00053858105	0.005042353	0.0006401931	0.0002834077	0.004730131	-23.83233070373535
s04e15b	355.0	5.0	0.88417995	0.88417995	0.016660977	0.026794717	0.00047708856	0.022732595	0.03861895	0.011012559	0.006257001	0.008696467	0.00351613	0.0003711403	0.0005102686	0.008550008	0.0010768443	0.0005421315	0.00069392775	0.0011186838	0.0053978045	0.16153039	0.013411183	0.013411183	0.0011817896	0.0027260701	0.0023263046	0.0027260701	0.1855683	0.0051404056	0.00088358956	0.00089275633	0.00035173036	0.0010938424	0.0022130052	0.00072447147	0.0015083073	0.0009506114	0.00026758382	0.0008166587	0.0007128104	0.00047963427	0.00031442716	0.0007128104	0.00054010964	0.0012118581	0.003967445	0.00047945237	0.002153196	0.0018816253	0.0017151862	0.00064018246	0.0007058191	0.008962376	0.0031718628	0.0013835917	0.00064515043	0.0028986959	9.68558e-05	0.00065289956	0.000261904	0.0017154776	0.002150413	0.00023789644	0.0024504706	0.00079990487	0.00088649977	0.0024591766	0.00042517207	0.0030886582	0.00790783	0.00022016969	0.01629089	-20.808687210083008
s04e15b	360.0	5.0	0.7707465	0.7707465	0.018529395	0.007624753	0.026805518	0.031414893	0.0039042318	0.031709746	0.0042011845	0.023375805	0.008954121	0.0004553454	0.004512686	0.0022032317	0.0014244885	0.00081184745	0.00027615344	0.00015564125	0.0009510335	0.04446029	0.012220249	0.0067482837	0.012220249	0.0007553214	0.0016470897	0.0016470897	0.071451604	0.0030711463	0.0010517491	0.00045026536	0.00040369722	0.0005650621	0.0011095047	0.00041860808	0.0008183749	0.0040246947	0.0040246947	0.0015888271	0.0052864016	0.0047417735	0.0006846273	0.0052864016	0.0021307038	0.012504923	0.03508432	0.0021369278	0.0017979695	0.0011205774	0.007320713	0.0078033856	0.0054422193	0.0011359174	0.00016067569	0.0005010909	0.0010569879	0.0034066914	0.00019588807	0.0021989588	0.00049432117	0.001789999	0.0008473978	0.0007546858	0.0031413143	0.0019917304	0.0036575764	0.0014456324	0.0013665167	0.0038957756	0.0017003776	0.0004933928	0.0036575764	-21.259597778320312
s04e15b	365.0	5.0	0.6615951	0.6615951	0.009306749	0.03620601	0.0024914867	0.011172272	0.016006434	0.0010456663	0.040428635	0.06925433	0.0001742588	0.0002576947	0.0018515281	0.0042681796	0.0027947593	0.000828773	0.019793719	0.00039196518	0.015577246	0.007608616	0.0049196547	0.0049196547	0.0017724355	0.003472302	0.001211592	0.003472302	0.6041607	0.07616213	0.059799615	0.0011811047	0.00033684424	0.00094456057	0.01078051	0.0013484675	0.0022228824	0.0012487777	0.0006681742	0.0011881606	0.0060480726	0.0010534428	0.00021831406	0.0060480726	0.0013607246	0.0030306517	0.0048413808	0.0010444954	0.0008766376	0.0006094345	0.0032174645	0.008351323	0.0017758978	0.010196818	0.00044845557	0.024026653	0.008892086	0.0019334834	0.0021294868	0.002885328	0.0008699603	0.0009146277	0.002965932	0.00023467132	0.0045277807	0.0012229215	0.0003982207	0.0031371866	0.0018461945	0.00961282	0.012841067	0.00023680793	0.04984194	-21.95622444152832
s04e15b	370.0	5.0	0.8297504	0.8297504	0.013400588	0.039018337	0.0004750612	0.002415049	0.047450695	0.002467827	0.001806933	0.03179441	0.0010338087	0.0004160651	0.005359973	0.0023322261	0.0033199561	0.014815118	0.0005544001	0.000101354686	0.00048842665	0.0027104395	0.0027006047	0.0015164375	0.0027006047	0.020000933	0.005511686	0.020000933	0.021342235	0.0022124609	0.00071683637	0.0006590582	0.00041092568	0.0005197233	0.0018115643	0.00025703438	0.00025947942	0.012071111	0.0021872304	0.010955329	0.0009593497	0.0007817672	0.012071111	0.0009593497	0.0035997406	0.0025862444	0.005320637	0.00030786017	0.0014701391	0.00014897891	0.002829517	0.006646777	0.0010730333	0.07947325	0.001728347	0.1309168	0.0018917703	0.00073403335	0.0007665663	0.00064410386	0.0012864451	0.00025515893	0.0013178864	0.00023311785	0.0013114904	0.0046358616	0.0807629	0.07068494	0.025444282	0.002417862	0.0016081547	0.0010630013	0.0807629	-27.74655532836914
s04e15b	375.0	5.0	0.89623	0.89623	0.017795227	0.17316258	0.00361245	0.0026626762	0.102342315	0.0042221504	0.0031829542	0.05548478	0.00055762625	0.0006522854	0.0037110113	0.0024483083	0.00619299	0.0017740763	0.0060218833	0.0002191976	0.0020890515	0.011868768	0.008178961	0.008178961	0.0014741507	0.0060212812	0.0025871166	0.0060212812	0.03725683	0.0057396027	0.002177277	0.00091491267	0.00044897228	0.000897109	0.0014895748	0.0002635208	0.00043294666	0.0022176155	0.0005203476	0.0022176155	0.0038058572	0.0005113154	0.00041909338	0.0038058572	0.0012107573	0.0024481043	0.004159867	0.0002362252	0.0011789651	0.0005785567	0.0015464225	0.0022337544	0.0016890013	0.005437165	0.002713514	0.0025330358	0.00072048436	0.005179654	0.0012067978	0.019259723	0.0003018916	0.0009589097	0.0047716205	0.00022357363	0.003580454	0.0005509009	0.0007532728	0.00709135	0.0014688874	0.009506129	0.0071800053	0.00036855342	0.0071800053	-24.166879653930664
s04e15b	380.0	5.0	0.86128247	0.86128247	0.01602587	0.118862264	0.00088105985	0.0025397409	0.24239863	0.0074621835	0.00397015	0.015639024	0.0010978025	0.00089869386	0.01503416	0.0018081728	0.0029491575	0.006438188	0.0035651233	0.00067080936	0.0020821106	0.010701383	0.012079655	0.0020846971	0.0017052735	0.0014549908	0.0009756014	0.0015665614	0.023907222	0.0063148043	0.0031815006	0.0016668155	0.00031260628	0.0014667594	0.0020052763	0.00050246983	0.00043398712	0.0009982308	0.0009982308	0.00089433347	0.0017502768	0.00067875785	0.00022376471	0.0017502768	0.00064156466	0.0021555217	0.0039648116	0.00056240323	0.0006979636	0.0016953786	0.0031941694	0.0014913866	0.0018171542	0.008679108	0.0006692796	0.0020737168	0.00091878034	0.0093136765	0.0011687742	0.0044987965	0.000942867	0.0010862517	0.002441082	0.0004558464	0.0015484042	0.0006904451	0.0004814356	0.004523617	0.0024309475	0.0060624303	0.0058903787	0.0003829713	0.0058903787	-24.332504272460938
s04e15b	385.0	5.0	0.6836333	0.6836333	0.011490923	0.009410047	0.00015560875	0.0027279956	0.032142498	0.0032325506	0.0011725823	0.005482685	0.0015412846	5.798777e-05	0.002463832	0.0039651506	0.00048065514	0.00053019583	0.0018753008	9.853423e-05	0.0028161176	0.020656409	0.016691597	0.016691597	0.0005183788	0.0046800543	0.002123455	0.0046800543	0.025267864	0.0008654704	0.00054285384	0.00011698225	6.2632265e-05	9.8721765e-05	0.00086272653	9.914639e-05	0.00010567012	0.0004582225	0.0003824195	0.0004582225	0.0006236997	0.0002980832	0.00020245058	0.0006236997	0.0012542587	0.0018409191	0.0041637523	0.00015122294	0.0007007221	0.0002976104	0.002059216	0.0029094075	0.002744073	0.055302266	0.00017230718	0.006568461	0.0011118164	0.00039873956	0.0015670052	0.00030483148	0.00037371527	0.0004047268	0.00024904512	0.00016635114	0.004397348	0.0016702032	0.027039926	0.12296919	0.013474784	0.0029613923	0.0006102907	0.0010684024	0.12296919	-22.272205352783203
s04e15b	390.0	5.0	0.8428252	0.8428252	0.030561248	0.042322256	0.00049818604	0.0020195327	0.08592685	0.0018506374	0.003521855	0.019272273	0.00022666961	0.00022889352	0.004395528	0.0066200066	0.00037634358	0.00026727657	0.009232511	0.00016927914	0.0021191512	0.10181318	0.0028681592	0.0022744106	0.0014682456	0.0065123816	0.0005887684	0.014433899	0.013093644	0.002364641	0.001610776	0.0004906347	0.0001849335	0.00044684726	0.0009538553	0.00012078341	0.00018163602	0.00044092137	0.00030643027	0.0004248607	0.0010720402	0.000444932	0.00010472587	0.0010720402	0.0026579164	0.0026402108	0.012226028	0.00029990613	0.00021681677	0.00020536316	0.0036138664	0.0041459403	0.0021689495	0.06569061	0.00069928414	0.0033266053	0.0008598243	0.0017800719	0.002356012	0.0020154256	0.008280329	0.0008054333	0.0015257144	0.00026956268	0.010914218	0.0010617984	0.0005548537	0.005140401	0.0012854547	0.0047235247	0.0031515802	0.00046004096	0.010914218	-25.02878189086914
s04e15b	395.0	5.0	0.7628974	0.7628974	0.043873694	0.0073864106	0.0011604273	0.0036145651	0.30036703	0.0022042843	0.0035712437	0.003944073	0.0024470089	0.00019186384	0.0070532844	0.0030224996	0.0033575497	0.0022164867	0.004825809	0.00022100426	0.007450298	0.0201926	0.010992898	0.010992898	0.001368048	0.0029453265	0.0017071578	0.0029453265	0.024226788	0.003468539	0.0013832333	0.0004596539	7.686882e-05	0.00034565202	0.0022199336	0.0001473414	0.00025343723	0.000908173	0.0005052545	0.000908173	0.0008213021	0.0004303023	0.00058570574	0.0008213021	0.0014461357	0.0014733024	0.007985886	0.0009215355	0.001051937	0.00014336385	0.014457524	0.001428894	0.0039192257	0.081879914	0.000364	0.007953404	0.00070635474	0.0009960263	0.0003430298	0.00048550745	0.0009896278	0.00027346658	0.00027945088	0.00050759857	0.0033741645	0.0017684055	0.0064295367	0.040476225	0.0058223223	0.0016817581	0.005579626	0.0014728596	0.040476225	-22.91166114807129
s04e15b	400.0	5.0	0.70219773	0.70219773	0.0030773676	0.0740511	0.0021585587	0.00094332616	0.014374531	0.005524044	0.0036102575	0.06908278	0.00065040664	0.0004915356	0.0024565428	0.0014486015	0.0052741496	0.0010792121	0.0044204867	9.47103e-05	0.00027256776	0.0011470666	0.027288424	0.007948519	0.0005840829	0.004207069	0.0030602904	0.008487498	0.03506284	0.0018790452	0.00080957235	0.0006581976	0.00046632168	0.0007075863	0.0008120536	0.0006852803	0.0012122293	0.0006570701	0.0004073024	0.0005720548	0.0008091824	0.00024053597	0.00020288111	0.0008091824	0.0017089995	0.0013963166	0.004314958	0.00010527345	0.00024475312	0.00041475313	0.0008697875	0.0014916926	0.0014751012	0.0043541654	0.0017771883	0.0018189049	0.0048597828	0.004507524	0.0022371195	0.014620931	0.0011216524	0.001635902	0.007059188	0.0001109801	0.017941415	0.000579279	0.00050126004	0.0011342884	0.0011835863	0.0031878417	0.0017925041	0.000977114	0.020561121	-21.780576705932617
s04e15b	405.0	5.0	0.80726063	0.80726063	0.011252941	0.049253028	0.00023669911	0.0007090674	0.12643716	0.0029843594	0.0029373989	0.024753446	0.0009364059	0.00026919463	0.006985001	0.0016044964	0.0030455366	0.0015293967	0.03707729	0.00022408282	0.0027119222	0.035805814	0.0031220545	0.002800863	0.0031220545	0.0018387038	0.000716428	0.0018387038	0.02839913	0.0008387915	0.0006739445	0.00015124601	5.097522e-05	9.3897725e-05	0.00059676263	0.00012469605	0.0002560797	0.0003524455	0.00031617004	0.0003524455	0.0005931129	0.0005461302	0.00018492858	0.0005931129	0.00025632392	0.0014392354	0.005259959	0.00021181951	0.00045332918	0.00019383983	0.011554816	0.00022999653	0.0018283129	0.03396582	0.0032451213	0.030820241	0.00081808446	0.0015311446	0.0013603909	0.0008422723	0.00019007611	0.0010232643	0.0014268088	0.0013279838	0.0007075051	0.0032864471	0.00032340534	0.013074864	0.0008502278	0.0025474713	0.0031785246	0.0010918352	0.013074864	-21.783056259155277
s04e15b	410.0	5.0	0.8284734	0.8284734	0.018112209	0.10167757	0.00030100008	0.0047403895	0.020983879	0.005474981	0.0053514326	0.01639139	0.0013464988	0.0003663848	0.005138855	0.0033730646	0.0025446499	0.00085275184	0.0028432084	0.00079020666	0.0012204639	0.0064598196	0.013616639	0.013616639	0.00103641	0.0018440973	0.0028178804	0.0028178804	0.024649689	0.003556608	0.0018996396	0.0009490602	0.00048631197	0.00070831325	0.0008282748	0.000318659	0.0010132167	0.0028535014	0.0025137498	0.0028535014	0.0035223255	0.003075092	0.0010419933	0.0035223255	0.0006962064	0.006118862	0.013983553	0.0006571821	0.00071075227	0.0006887275	0.002612921	0.0017330146	0.0018698588	0.0037536605	0.0018106627	0.0016336147	0.00052892236	0.0049174633	0.00080344256	0.016448045	0.0002319521	0.00092396286	0.0054040235	0.0005580686	0.0035616339	0.0004959125	0.00096260174	0.0033986808	0.0006679596	0.003825494	0.0029664116	0.0006716071	0.0035616339	-21.577672958374023
s04e15b	415.0	5.0	0.736041	0.736041	0.009175603	0.02628637	0.000882489	0.0017600316	0.050602924	0.00048426527	0.0020379315	0.01576714	0.0002442468	0.0003790854	0.008666833	0.0044936417	0.00097528816	0.0057648933	0.0031490824	0.00017815932	0.0023714392	0.024241459	0.0031920325	0.0030828232	0.0031920325	0.0050401674	0.000854125	0.0050401674	0.027718406	0.0042349887	0.0013194374	0.0007473603	0.00021048008	0.00063237554	0.0011752488	0.0004825318	0.00020568827	0.000839198	0.0005301521	0.000638525	0.0012361011	0.0004310885	7.650887e-05	0.0012361011	0.0023390874	0.0012220336	0.006026363	0.0004046049	0.00028348254	0.00035567844	0.0065206117	0.0031827816	0.0012785937	0.045317397	0.00050433306	0.009193355	0.018334156	0.0017010041	0.0025074077	0.0071012145	0.00426342	0.0008300692	0.0023695054	0.00070873095	0.0064388956	0.004112143	0.001856338	0.0062169572	0.005650406	0.009422331	0.0065391776	0.00030924127	0.023847135	-23.86858367919922
s04e15b	420.0	5.0	0.80909026	0.80909026	0.010045979	0.01316374	0.00017635962	0.0046886	0.07169847	0.0018565111	0.0010670435	0.008858577	0.0037257758	0.00018222928	0.0040991292	0.0054739863	0.003077467	0.0022309092	0.0014012987	0.00010999398	0.0028251344	0.005729991	0.0067920736	0.004049675	0.00065285293	0.005051814	0.000998517	0.005051814	0.031346604	0.0013343832	0.0010610336	0.00024227325	0.00021431173	0.0002039222	0.00069240737	0.00014181415	0.00013844854	0.0018430146	0.0018430146	0.0010128649	0.0061395005	0.0024303186	0.0003622841	0.0061395005	0.00713952	0.0038342115	0.009556953	0.0021140752	0.00026417413	0.0005751583	0.0052409167	0.0019406528	0.0020275272	0.00729179	0.00015477045	0.0015669306	0.00064742076	0.0016604592	0.0015437214	0.0024476536	0.0005485373	0.00044411613	0.0007119546	0.00013295011	0.0017876414	0.0011583865	0.0016333006	0.026024474	0.01993586	0.010525391	0.00089853205	0.0006806111	0.2620253	-24.81368637084961
s04e15b	425.0	5.0	0.8409302	0.8409302	0.049906768	0.08512287	0.00017788298	0.0060881083	0.053198848	0.0047852583	0.007492305	0.015916778	0.00014533971	0.00029047334	0.0014453593	0.0013462206	0.00046970797	0.0012251198	0.0020066947	0.0009717803	0.007082492	0.091440596	0.006698299	0.0013483108	0.006698299	0.0021005694	0.0003510828	0.0021005694	0.0305805	0.0045500193	0.0015823119	0.00045270324	0.0003494216	0.00052128686	0.0018379969	0.0003282264	0.0007029119	0.0014410114	0.0008551938	0.0014410114	0.0049825464	0.0012762478	0.00036365906	0.0049825464	0.0008904608	0.0037371083	0.012397894	0.0017345762	0.000871391	0.0008992086	0.0056895153	0.002204149	0.004074346	0.002894841	0.0009945958	0.0020536205	0.0010555635	0.003447814	0.00039910697	0.0014134928	0.00033314247	0.00093528786	0.0004074599	0.00061188184	0.0013896802	0.00046761855	0.0010354207	0.0016154805	0.0018453073	0.0054189707	0.0031055624	0.0005440224	0.0031055624	-21.88009452819824
s04e15b	430.0	5.0	0.7857489	0.7857489	0.013101934	0.0156118125	0.0004374891	0.004499881	0.03837103	0.0012272239	0.0021655054	0.04027408	0.0019351341	0.0005042783	0.0062612807	0.005150878	0.0011310676	0.0011581999	0.0019712313	0.0005808929	0.006669004	0.022723285	0.011381416	0.011381416	0.0016663093	0.008716067	0.0047404054	0.008716067	0.050369754	0.0042479457	0.0012614327	0.00045246765	0.00035245623	0.0004872186	0.0018216097	0.000561558	0.00030403823	0.004350234	0.0015341188	0.004350234	0.017910356	0.0030157391	0.000816332	0.017910356	0.0012527091	0.009418166	0.0036101064	0.0006968105	0.0007571389	0.0006020454	0.002603491	0.0026629039	0.00069038355	0.0033605958	0.00082822825	0.0014481292	0.00029323946	0.000830642	0.0003761463	0.004563154	0.00017146769	0.0010781854	0.00070694974	0.00023146915	0.0020990677	0.00044325477	0.0008257157	0.0020288948	0.0006593654	0.05505544	0.0018727544	0.0005790261	0.009058611	-20.52347946166992
s04e15b	435.0	5.0	0.08910632	0.08910632	0.002192004	0.00090759504	6.724956e-05	0.02087397	0.0018113048	0.0001525385	0.081122376	0.0028586942	0.00022385476	0.00013968402	0.0007239242	0.00300788	0.00010581936	2.6614796e-05	0.00095964444	0.006587053	0.022109969	0.029132996	0.0013971945	0.0013971945	0.00041429733	0.0014037377	0.00037241713	0.0014037377	0.8434374	0.2550771	0.22278275	0.0008700801	0.0003597615	0.0012399235	0.049381804	0.00041604647	0.024973694	0.0007368718	0.00061310775	0.00057604926	0.004127048	0.0027281917	0.00018428327	0.004127048	6.946743e-05	0.0026028287	0.006642862	0.00035623155	0.00059363066	0.00031783647	0.0024377008	0.00079699425	0.00048350534	0.0019973647	0.00029138505	0.0008956625	0.0002517495	0.0005430127	0.0013068041	0.00016817822	9.8258e-05	0.00072381215	0.0004432569	0.00026703105	0.00045001326	0.00023851011	0.00068045675	0.019289676	0.00034071377	0.002348042	0.00064893084	8.0570055e-05	0.021663597	-21.44449615478516
s04e15b	440.0	5.0	0.7076831	0.7076831	0.0070562977	0.011865844	0.000895149	0.0063025365	0.007180307	0.003593222	0.010383581	0.007833525	0.002469223	0.00023629323	0.0024044355	0.013053585	0.0012273595	0.00044279636	0.0011008191	0.001019377	0.00076610775	0.04877957	0.013189719	0.0037961507	0.0010043809	0.0021012942	0.0016941774	0.0021012942	0.5073614	0.091247916	0.07047312	0.0013103056	0.0010661951	0.0010775395	0.014937203	0.00044604295	0.0050954893	0.0071934643	0.0071934643	0.0043023	0.0059947413	0.011272954	0.0020328292	0.011272954	0.002301244	0.034278885	0.018769382	0.0015761468	0.00094043656	0.0007455972	0.002418896	0.0027995715	0.00090222736	0.012920862	0.00037242318	0.011004605	0.0008519674	0.003488377	0.00016796749	0.0012822669	0.00037680578	0.0009025228	0.0006953875	0.00016460069	0.0020436768	0.00033977733	0.0015203492	0.007021124	0.00089745136	0.03773919	0.003481574	0.00016851227	0.0155084655	-20.791704177856445
s04e15b	445.0	5.0	0.643148	0.643148	0.024571573	0.0128987925	0.00075325376	0.0038970506	0.11614581	0.009244278	0.0018535736	0.002297187	0.023073237	0.0003106354	0.003953713	0.0056382474	0.0025366454	0.00074503286	0.0006993448	0.0033224467	0.000970344	0.029810954	0.0045188786	0.0019402207	0.002922545	0.00044646024	0.0010157939	0.0013740885	0.1089528	0.00394766	0.000823148	0.0005427589	0.00059288257	0.00053690316	0.002188365	0.00086807075	0.00061155186	0.0033419507	0.0025345457	0.0011521439	0.0011809658	0.0024871707	0.0005816083	0.0024871707	0.0012399625	0.009022539	0.0051365444	0.00048718677	0.0010790722	0.0007874697	0.003233282	0.0021415204	0.0017944385	0.00883921	0.0017198315	0.004646645	0.0014036408	0.0054103523	0.00027052997	0.024938967	0.004185057	0.0010568489	0.00237956	0.00040762327	0.014241452	0.0019275675	0.001158414	0.008701837	0.0015947198	0.013934703	0.0072043533	0.0002780792	0.021912599	-21.20826530456543
s04e15b	450.0	5.0	0.8449104	0.8449104	0.05255213	0.09283708	0.00036698938	0.0021532297	0.014084615	0.003067083	0.0031657743	0.0020521746	0.0012254765	0.00047594027	0.009505218	0.0026694213	0.0008248542	0.00037821836	0.0016660833	0.0013137882	0.0005674295	0.0014708554	0.0027679654	0.0027679654	0.0027433739	0.0030086653	0.0016742622	0.0030086653	0.053052083	0.0065358644	0.0033259287	0.0010185644	0.0005180844	0.00086543657	0.002360368	0.0005432348	0.00045722633	0.0021910237	0.00064228475	0.0009603122	0.0007133751	0.00035580102	0.00021323329	0.0007133751	0.00066125643	0.002056476	0.0018753723	0.00010702331	0.00016418655	0.0008166455	0.0007377224	0.0011124426	0.00081247854	0.0031980418	0.0007280979	0.00427793	0.0011946856	0.016756209	0.0017660301	0.00446215	0.00037169553	0.0020263658	0.003344658	0.00044566044	0.0063501224	0.0026705284	0.00038716616	0.0015589086	0.0006502957	0.009255242	0.0026583995	0.0001855064	0.011960968	-21.310375213623047
s04e15b	455.0	5.0	0.8610036	0.8610036	0.022248728	0.0027458912	0.002394404	0.0037889115	0.17924884	0.0031760293	0.0016497453	0.0027970858	0.0007902458	0.0005708359	0.004548743	0.0032876546	0.0027398043	0.00043026946	0.0012876666	0.0008620121	0.0011478831	0.054452743	0.0073857037	0.006368077	0.0010386978	0.0031063743	0.0025951639	0.0031063743	0.046709064	0.010838229	0.0046967203	0.0010700969	0.0003113743	0.0013472621	0.0036639175	0.00035459537	0.00033555782	0.003163094	0.00201361	0.0026502863	0.023634374	0.005257567	0.00037854354	0.023634374	0.00091404526	0.01300551	0.0061360244	0.0004005164	0.00027339955	0.00034899797	0.0007123472	0.0025336237	0.0010891224	0.005731279	0.00048149988	0.0011622926	0.0004685225	0.0028911105	0.00028363772	0.010562213	0.0004940978	0.0008634926	0.00028842766	0.00024446996	0.0020994742	0.0028224785	0.0008709236	0.0055633234	0.0033285727	0.008734292	0.002650643	0.0004031242	0.008585912	-22.27196884155273
s04e15b	460.0	5.0	0.77104694	0.77104694	0.013987722	0.01913438	0.0014225771	0.002124937	0.005489626	0.0036832322	0.005385025	0.026033983	0.008518352	0.0006238546	0.011363541	0.003136006	0.0012974945	0.00065566256	0.00084905385	0.0017207756	0.00045183126	0.0022201333	0.068813756	0.068813756	0.0048874044	0.005269343	0.008905238	0.010966547	0.1631978	0.009841925	0.002515552	0.0013591147	0.001094314	0.0016844438	0.0026162036	0.0006819798	0.0010764858	0.0027248233	0.0006287951	0.0027248233	0.0030304717	0.00067727367	0.0004771745	0.0030304717	0.0013149274	0.0033119237	0.0037893597	0.00018295721	0.00043559773	0.0006027751	0.0011662284	0.0017944213	0.0011733611	0.0029817726	0.0023321805	0.001633579	0.0014179467	0.00768843	0.0008499119	0.04114826	0.0006825884	0.0007088538	0.0013246136	0.00029684615	0.007535717	0.0023415033	0.0010400614	0.0048737037	0.0022651767	0.011526324	0.002338471	0.00047921386	0.008999005	-22.40873146057129
s04e15b	465.0	5.0	0.80143476	0.80143476	0.030784408	0.01052707	0.0012118015	0.002850892	0.33231562	0.002295554	0.0028470233	0.0022569806	0.0019582168	0.0011127383	0.010885896	0.010054941	0.0061065326	0.0067674457	0.00074944284	0.00042454226	0.0017015978	0.021997564	0.022176523	0.022176523	0.0053371694	0.0056304284	0.0072771315	0.012362877	0.058453504	0.006762583	0.0028172226	0.00069663255	0.00023187582	0.0008298453	0.002688874	0.0005898277	0.00045882916	0.0016972682	0.0016972682	0.0016484979	0.0070627653	0.0021887503	0.0005555077	0.0070627653	0.0017192684	0.009368941	0.006355887	0.0005963674	0.0007669846	0.00021005985	0.0035366742	0.0030249488	0.0014535727	0.004069656	0.0002189912	0.00091093924	0.00094830233	0.0026611036	0.00012600426	0.008746385	0.0013225551	0.0019273994	0.0006614386	0.001523415	0.003935224	0.0018369019	0.001791315	0.0045371223	0.0014361003	0.0071032248	0.0008851038	0.0003112802	0.0045371223	-25.317277908325195
s04e15b	470.0	5.0	0.88528746	0.88528746	0.051867902	0.016479732	0.0011394226	0.010046387	0.058885142	0.008964841	0.008687743	0.0051379167	0.00081296294	0.0012074485	0.008422335	0.0056269746	0.0009244385	0.00041840322	0.0071999407	0.00078914943	0.0017298086	0.025349941	0.011864945	0.011864945	0.0021914293	0.0019576289	0.0019149063	0.0033209692	0.24818067	0.016496861	0.006391784	0.0018253443	0.00062654435	0.0021400515	0.006762499	0.0007860685	0.001998635	0.004391542	0.0010017138	0.004391542	0.004142475	0.0015952506	0.0006564226	0.004142475	0.0024181046	0.0027944962	0.0033416648	0.00021843004	0.00070860196	0.00051030825	0.0013282734	0.0031361266	0.0013219794	0.009941913	0.0016632329	0.0031334457	0.0046925317	0.011368298	0.0015639175	0.0017264886	0.002184464	0.0016885414	0.0010179693	0.0005097815	0.006831304	0.0014432734	0.0008172839	0.0149165895	0.0058896164	0.0051947865	0.008465785	0.0006946159	0.021053866	-20.20004272460937
s04e15b	475.0	5.0	0.89893913	0.89893913	0.09916672	0.03638191	0.00056375295	0.007829341	0.5250681	0.016829057	0.0026216928	0.00082888117	0.00034864762	0.00017510376	0.0059688976	0.0047957134	0.0041899285	0.0012175941	0.003347199	0.00047198217	0.0019377134	0.013255626	0.004086523	0.0010153034	0.004086523	0.0009151716	0.00030400752	0.0015619908	0.06797976	0.0102644265	0.004181291	0.00095431344	0.00032720258	0.0012690127	0.0026306706	0.0002284703	0.00054094766	0.001099773	0.0005078575	0.00052767707	0.0016164314	0.00061542966	0.0001138614	0.0016164314	0.0009340072	0.0015333521	0.0020836785	0.00017441208	0.00020005791	0.00032033952	0.00085385115	0.0007701769	0.0009836972	0.0076107015	0.00038856958	0.0014905651	0.0018256614	0.0239613	0.001862267	0.0030610093	0.00081786973	0.0009206013	0.0005482605	0.00017962592	0.0025742976	0.001467481	0.0006103154	0.007043213	0.0011516936	0.0037241955	0.007978535	0.00010540263	0.019330699	-21.06061172485352
s04e15b	480.0	5.0	0.8140939	0.8140939	0.014850347	0.023577768	0.00030623667	0.0034355365	0.1548927	0.0008103912	0.0018424892	0.004238565	0.0061350996	0.00025968507	0.0045868177	0.0015271113	0.004777491	0.00085628446	0.0032863456	0.0022761726	0.006528277	0.004602469	0.041426368	0.0020033028	0.0004997263	0.0036077092	0.00081723946	0.0036077092	0.041818876	0.003973028	0.0020290192	0.001289607	0.00040461187	0.00095809234	0.0025095588	0.00042089223	0.0004108738	0.002375424	0.0010433542	0.002375424	0.005316102	0.0015717826	0.00078732864	0.005316102	0.0019106715	0.003923975	0.0044572875	0.0004065458	0.00039577283	0.00048210265	0.0017082421	0.00048295446	0.0024438517	0.010789391	0.0013908652	0.0011414216	0.0007646319	0.004676457	0.0022664096	0.0059045856	0.0004429209	0.0010690367	0.0009198565	0.00012190205	0.0024224564	0.0015433237	0.0004714563	0.0015201762	0.0033435312	0.009675876	0.0024430894	0.0003496682	0.0033435312	-21.79784393310547
s04e15b	485.0	5.0	0.7664333	0.7664333	0.022958092	0.035332408	0.0023441692	0.0030021742	0.022452082	0.016439153	0.007912976	0.0044940556	0.03639432	0.0006163471	0.0066904547	0.003187781	0.0013995463	0.0006790037	0.001128303	0.0012620961	0.00036988588	0.0054599787	0.024955532	0.014896773	0.0020856548	0.0057350984	0.004460109	0.007889737	0.25548258	0.009124792	0.0015802116	0.0011683283	0.0006976324	0.0011189061	0.0016693987	0.000565746	0.0013611426	0.007343191	0.0026290957	0.007343191	0.0044864547	0.002478908	0.0022817825	0.0044864547	0.0018632334	0.009896452	0.010505625	0.00041873837	0.00074129924	0.000760849	0.0026832023	0.0024991753	0.0012912712	0.0024345003	0.0009826893	0.0018373479	0.0009832849	0.11226356	0.0002731851	0.011835786	0.00173535	0.0014511987	0.012038367	0.00030527907	0.00535324	0.00053971907	0.00063315645	0.005103412	0.0008615001	0.008296925	0.003333127	0.00038354675	0.0069962214	-21.6726188659668
s04e15b	490.0	5.0	0.9100431	0.9100431	0.049460944	0.029015968	0.0024409567	0.0010855617	0.011733055	0.035139382	0.002965626	0.0024274394	0.00091902504	0.0013446036	0.17471726	0.0022558179	0.021797825	0.00042130833	0.001389086	0.0003321372	0.000701308	0.0021605345	0.004696814	0.004696814	0.0026236959	0.0043601315	0.0028986502	0.0043601315	0.022651838	0.007890595	0.004077758	0.0018495683	0.0005304795	0.0014663369	0.0037948107	0.00046495572	0.00023621305	0.0016911195	0.00060441525	0.00055805105	0.001067443	0.00026067434	0.00027159782	0.001067443	0.0010571681	0.001687157	0.0015466345	8.958788e-05	0.00030715714	0.0007745454	0.00078213937	0.0008521143	0.0008066477	0.003419976	0.0008073028	0.0027943486	0.0010564111	0.011248087	0.00027137625	0.003346676	0.0008723621	0.000715561	0.001788444	0.00075059035	0.005663833	0.0042088516	0.000461715	0.00046955983	0.00090289605	0.0031339522	0.0012861736	0.00051725964	0.005663833	-21.59202766418457
s04e15b	495.0	5.0	0.83409894	0.83409894	0.014501685	0.0009811064	0.0027435394	0.0021772014	0.16776451	0.0025762217	0.0026906428	0.0046264078	0.0010855477	0.000535707	0.0035941864	0.01752667	0.0034709922	0.0022545487	0.0010203915	0.0006683831	0.0010100049	0.016907904	0.026054574	0.011928008	0.0029623893	0.007711602	0.0085581	0.0085581	0.04635186	0.013937232	0.0061128973	0.0023728963	0.0015921611	0.0030657682	0.006277581	0.00048241796	0.0005798894	0.005860808	0.004448042	0.0026968597	0.013633885	0.0042947116	0.00079469825	0.013633885	0.0047532464	0.011609431	0.0071879085	0.00046989744	0.00050749746	0.00031854512	0.002225959	0.004419958	0.0017209781	0.00662647	0.00025290065	0.0010597167	0.0003496837	0.0044620843	0.00029278998	0.0025785018	0.0026633788	0.00060776103	0.00048536863	0.00031090737	0.0024074719	0.0009368468	0.0013330202	0.0028816974	0.0006063753	0.0068526734	0.0020766014	0.00026762285	0.010265661	-20.73970413208008
s04e15b	500.0	5.0	0.81767213	0.81767213	0.00542087	0.02126898	0.00042861458	0.000269033	0.0009901668	0.0005576276	0.0019022251	0.0028298453	0.00022587676	0.0005611107	0.0024717413	0.0025967527	0.0009244301	0.000115637486	0.0012640186	0.00039135324	0.00012271799	0.00028085476	0.0021268143	0.0019598391	0.0007146434	0.0015270807	0.001311546	0.0015270807	0.0455287	0.010054086	0.0034379894	0.002283093	0.00094772154	0.002498025	0.0031765113	0.0003460404	0.00031952208	0.008717044	0.00074109336	0.008717044	0.002008941	0.00053155044	0.0013993165	0.002008941	0.001686358	0.0011798526	0.00070432405	3.9997496e-05	0.0001267548	0.00023189858	0.00035111644	0.00040079255	0.00037378565	0.0011090767	0.00041016276	0.0035037664	0.0027465168	0.0023132393	0.00035579866	0.015814442	0.00012114236	0.00034559533	0.0013014749	0.00026490758	0.0060296715	0.0010959776	0.00015003484	0.00020884424	0.0007159389	0.013131846	0.00069637666	0.0005302216	0.01763207	-21.18891716003418
s04e15b	505.0	5.0	0.92200035	0.92200035	0.004611557	0.0025620551	0.0004446823	0.00069078436	0.00072906923	0.0022809652	0.001815249	0.008516982	0.0008126686	0.00019609026	0.03000008	0.010304258	0.032606978	0.00023148702	0.00067855476	0.0008307532	0.00010511106	0.0005194049	0.045824412	0.045824412	0.010407509	0.001547427	0.0034125405	0.0034125405	0.06506758	0.0105215125	0.003908729	0.001255802	0.00020826043	0.0010245821	0.006109022	0.00051969703	0.0003122685	0.0038655992	0.0022950165	0.0030738586	0.0053710393	0.004995032	0.0008709062	0.0053710393	0.0036770045	0.008121036	0.0019312808	8.3543746e-05	0.00014364807	0.00022006413	0.0012657992	0.002666531	0.00062897697	0.002069169	0.0013509266	0.0014184538	0.0007680565	0.0009206667	0.0004037657	0.009264315	0.00074882497	0.000681088	0.00031716932	0.0005309674	0.00094147923	0.0012890949	0.0004493495	0.00046067857	0.00082374195	0.055279765	0.0006669953	0.00089684274	0.022797005	-25.91308212280273
s04e15b	510.0	5.0	0.88723046	0.88723046	0.021982182	0.038676832	0.0028368267	0.007956434	0.1807475	0.0044559077	0.0011471824	0.033234973	0.0025392165	0.0002906235	0.0032321604	0.0033928342	0.015344477	0.002252037	0.0032990652	0.0010703166	0.0009889021	0.017111652	0.010587503	0.0029888134	0.0013189726	0.0031255973	0.0008826517	0.0031255973	0.04255151	0.00305122	0.0009242042	0.0012203709	0.00022558728	0.0010868842	0.0021535596	0.00019648254	0.0004070924	0.010862278	0.0012829389	0.010862278	0.0048146923	0.0009824464	0.0021425334	0.0048146923	0.0021890772	0.0010528844	0.00094223575	0.00020965167	0.000415432	0.00011550733	0.00091026246	0.0011571943	0.00052270887	0.0048406157	0.00032950245	0.0012214663	0.0006243346	0.0031908825	0.0006926565	0.0037473284	0.00053588883	0.0003033752	0.000788831	0.00015817343	0.0012406801	0.00055983634	0.00057486177	0.0049770623	0.002042413	0.009121538	0.0048238807	0.00015246813	0.0049770623	-21.31435775756836
s04e15b	515.0	5.0	0.7795502	0.7795502	0.041953076	0.007094406	0.0015858791	0.0018414994	0.31093422	0.008192423	0.002899378	0.0028486617	0.001767771	0.0010136546	0.019105002	0.0051146	0.00864113	0.0021201174	0.0019881204	0.00084191194	0.009096708	0.0062435665	0.009794165	0.008426856	0.009794165	0.0031057454	0.00082233385	0.0031057454	0.044743236	0.014882379	0.0059549576	0.005767094	0.000992815	0.004941588	0.008684537	0.0006876938	0.0005175718	0.0034851343	0.0008561829	0.0028771916	0.0068760035	0.001360201	0.00045394409	0.0068760035	0.0021918057	0.001724335	0.0019080716	0.00026396816	0.0004339807	0.00055796036	0.0032177854	0.0014805278	0.00070247665	0.0063479263	0.00057841884	0.0010370115	0.00086427544	0.0069348277	0.0010002842	0.017481893	0.0008840738	0.00089233194	0.00083617715	0.00036672974	0.021017028	0.001552745	0.001081299	0.00479113	0.0018731545	0.034841485	0.0010588473	0.00036724683	0.021017028	-21.632368087768555
s04e15b	520.0	5.0	0.071579754	0.071579754	0.006284171	0.001862602	0.0002844073	0.024404123	0.002898835	0.0009844266	0.09308809	0.003038855	0.00087791233	0.00015402991	0.0024290138	0.006655886	0.0016631885	8.1574e-05	0.0043586823	0.0048435363	0.033951893	0.03357113	0.002847741	0.002847741	0.0018654605	0.003642313	0.001079044	0.003642313	0.8224856	0.1326231	0.07515484	0.0010481372	0.00026226233	0.0011354517	0.14062943	0.0012888955	0.015615112	0.001641096	0.001641096	0.0012725245	0.0034805285	0.0047501656	0.0004447024	0.0047501656	0.0005106839	0.0036113656	0.009370592	0.00048316398	0.0004054563	0.0005669776	0.006204449	0.0025346146	0.001663217	0.006155614	0.00080914964	0.0091282595	0.0005611184	0.001134149	0.0025780431	0.00037802875	0.00030511848	0.0007896843	0.00068778824	0.00039625136	0.0011200561	0.001219493	0.002000834	0.034137573	0.0018861676	0.003021211	0.0073178336	0.00012781548	0.034137573	-21.511978149414062
s04e15b	525.0	5.0	0.5992902	0.5992902	0.0164702	0.029440595	0.00022889372	0.011275638	0.04375708	0.0028045585	0.08915436	0.004263938	0.00013446822	0.00020607104	0.001289364	0.005449143	0.0006209195	0.00023769624	0.0048975563	0.0010122485	0.004783433	0.0138313705	0.0026557331	0.0026557331	0.0020298846	0.0026613378	0.0009963699	0.0026613378	0.7936983	0.095512405	0.021621415	0.0019593243	0.00073348096	0.0019987149	0.08412037	0.0059950114	0.016044812	0.0005396404	0.0005038223	0.00038992843	0.0007462522	0.00086460984	0.00020565472	0.00086460984	0.00037442028	0.0020242243	0.0056334985	0.0006831097	0.0008567325	0.0005930787	0.0065652756	0.0007679508	0.0013512057	0.0030192079	0.0014196369	0.0031184205	0.0005210127	0.0038364816	0.0006000973	0.00079318514	0.0009253016	0.0009022519	0.00068205973	0.00037548225	0.001378524	0.00041829835	0.0013493391	0.0041121314	0.0009418946	0.001657108	0.007725454	0.00030529944	0.023146749	-21.50111389160156
s04e15b	530.0	5.0	0.8627031	0.8627031	0.088425234	0.008376568	0.00030297774	0.0054347184	0.009301225	0.0013056496	0.0015630636	0.0039106607	6.494649e-05	0.0004045351	0.001158002	0.0666858	0.00088425825	0.00012421541	0.0020599174	0.00025930407	0.0025743784	0.19668154	0.020537311	0.00649084	0.0016970251	0.00208965	0.0016478905	0.017750377	0.017571993	0.0043362365	0.0019277766	0.00048176866	0.00023173523	0.00051102164	0.0017751008	0.000247654	0.00016133892	0.013196703	0.012170521	0.013196703	0.010355003	0.0077729053	0.0024824834	0.010355003	0.01039156	0.038759056	0.012709605	0.0032722594	0.00031614263	0.00084677985	0.0024850317	0.009499181	0.00195908	0.009521294	7.53376e-05	0.0026512786	0.0005704533	0.00065764395	6.483485e-05	0.00066859205	0.00068589783	0.00095138827	0.00032852223	0.00029705308	0.003763858	0.00032313998	0.0020283763	0.0016877201	0.0014484111	0.009696413	0.0030174558	0.00033380502	0.012085961	-23.544797897338867
s04e15b	535.0	5.0	0.80468917	0.80468917	0.017518666	0.037348904	0.0001788749	0.0023649582	0.031985857	0.00086706015	0.0024076148	0.011828884	0.0003721077	0.00061335904	0.00090790214	0.0019709058	0.00090262335	0.00040989692	0.0016376341	0.00074805436	0.0024615852	0.09942396	0.00640729	0.001327457	0.0015680888	0.0006359905	0.00042120254	0.0018586568	0.037802298	0.003613827	0.0016673576	0.00069438753	0.00033665544	0.0007360984	0.0010221846	0.0003121411	0.00035141315	0.010526801	0.0046942555	0.010526801	0.024657091	0.0096595725	0.0020546545	0.024657091	0.0016427602	0.0135836	0.0103660235	0.0018471789	0.0006400799	0.00034455382	0.0044790325	0.0016019669	0.00557855	0.0028818755	0.00037888472	0.0015399028	0.00065987586	0.0027856536	0.00051175425	0.0007861606	0.00036503907	0.0017027541	0.00045261628	0.0003111618	0.0016750618	0.0005186274	0.0005642118	0.001241746	0.0033361	0.015946703	0.0021164033	0.0005326998	0.0033361	-25.555532455444336
s04e15b	540.0	5.0	0.8588588	0.8588588	0.017866334	0.0489043	0.0005411892	0.0010216053	0.0030796973	0.0013785182	0.0014165625	0.019458221	0.00017387938	0.00016818897	0.004669223	0.013526765	0.0017741513	0.00034305314	0.0007553682	0.0002673115	0.00020421152	0.018678082	0.011607014	0.009801405	0.0036727393	0.0037476576	0.006094084	0.006094084	0.4364901	0.013317264	0.0023565579	0.00080741284	0.0003100392	0.0010867914	0.0051050615	0.00036674406	0.0009952983	0.017258663	0.0072831106	0.007368169	0.010048573	0.016450707	0.00071948464	0.016450707	0.0048371004	0.025526678	0.021115698	0.0012473726	0.0005978118	0.0006857396	0.002199011	0.0069931084	0.0014834377	0.0035877542	0.000718014	0.0036359816	0.00060432596	0.0026014524	0.0003718995	0.01715059	0.00029243287	0.0012051413	0.00023472456	0.00026523054	0.0055199806	0.00091517944	0.00092009525	0.0013217555	0.0032504995	0.034984097	0.0032815994	0.00031749002	0.008460719	-23.690279006958008
s04e15b	545.0	5.0	0.8898329	0.8898329	0.117987216	0.008487198	0.00043814938	0.002671571	0.079223074	0.0010006989	0.0016338006	0.0010482395	0.0008708656	0.0005722536	0.0022060166	0.00753978	0.0014779133	0.0005668957	0.0019253579	0.003693711	0.0041359747	0.04528805	0.017029945	0.0019139934	0.0016013524	0.0017957747	0.0006793358	0.0031103923	0.15455508	0.013434181	0.005106151	0.0009117458	0.0004165598	0.0007677693	0.0033591858	0.0002992344	0.00036120383	0.003969914	0.0019918536	0.003969914	0.007250793	0.0061874636	0.0016027382	0.0074888836	0.002368855	0.010255473	0.013254721	0.0017368508	0.0003581803	0.0009806757	0.0040855333	0.0009809812	0.0033155915	0.012505106	0.00013079487	0.0018451246	0.0010202525	0.011247859	0.00039402608	0.0010215499	0.0003714297	0.0010558597	0.0004431614	0.00050456624	0.005980279	0.0006349452	0.0012377412	0.0015200583	0.0023703114	0.007604973	0.0020169003	0.00020257784	0.0090324525	-21.071184158325195
s04e15b	550.0	5.0	0.8335576	0.8335576	0.015708994	0.06300817	0.0028930535	0.0022439386	0.009858767	0.0027645759	0.002896216	0.23749746	0.0001227318	0.00031749002	0.0019189223	0.0349001	0.003770069	0.0005972275	0.018064806	0.00035959177	0.004837897	0.035468284	0.019322263	0.005396596	0.0010966987	0.0031280231	0.0018433119	0.0053744772	0.025181234	0.0028952414	0.0010877759	0.00042663506	0.00014218828	0.0005841272	0.0023216822	0.000249175	0.00023020494	0.0030792332	0.0007446159	0.0017887027	0.0025499577	0.0002872676	0.00016172473	0.0025499577	0.016051484	0.0020028243	0.003077359	0.00021558446	0.00029319918	0.0002809252	0.00056026794	0.010367854	0.00083874754	0.01062189	0.00019020065	0.011562493	0.0013731531	0.00034714802	0.0005386293	0.005265695	0.000558361	0.00086014136	0.0005513243	0.0003066068	0.0029870078	0.00086495344	0.0022391523	0.0022027495	0.001162183	0.017407322	0.008663273	0.00031364395	0.03419525	-23.70507431030273
s04e15b	555.0	5.0	0.7267806	0.7267806	0.004956661	0.010047284	0.0004899813	0.003742815	0.11972702	0.00081433135	0.0022655441	0.017263459	0.0004987172	0.00022667437	0.0008677804	0.003321801	0.0006930025	0.0035737897	0.002530567	0.002553996	0.007299754	0.018137343	0.014275551	0.003517007	0.0014450344	0.008127307	0.0016476702	0.008127307	0.1296934	0.015977966	0.005051917	0.0010168643	0.0009873388	0.0009793778	0.0041873707	0.0016727183	0.0007016563	0.0033638636	0.0033638636	0.0027900005	0.011987647	0.0045288852	0.0006537813	0.011987647	0.000731571	0.0071365903	0.010073055	0.0006794005	0.0012671484	0.00032959794	0.004060305	0.004537594	0.0039040612	0.006987389	0.0005991397	0.0014869593	0.000979493	0.00071793736	0.00046460264	0.0009307177	0.00077398546	0.0018414337	0.00030491315	0.0002778757	0.0015129311	0.00059095875	0.0015918216	0.003706244	0.000634702	0.022540681	0.0019038708	0.0001086256	0.08349239	-21.70154190063477
s04e15b	560.0	5.0	0.85381883	0.85381883	0.075767644	0.0028629082	0.0002841062	0.0021238755	0.05179357	0.0021639378	0.0011213565	0.021093318	0.00047429584	0.00035599442	0.0074912524	0.013561244	0.013121407	0.0018483371	0.0021518285	0.0004222061	0.0024088006	0.056396678	0.023597317	0.012908158	0.0007192166	0.007413993	0.0008477216	0.007413993	0.16046953	0.046273988	0.007034201	0.002759498	0.0010501691	0.002397016	0.003179827	0.00050241215	0.0004170012	0.027665371	0.0054719825	0.027665371	0.030748295	0.005091594	0.004644753	0.030748295	0.011681097	0.017785003	0.003885918	0.0010186401	0.0006297541	0.00032274312	0.0021007673	0.005889751	0.00095351634	0.00093239074	0.000174769	0.0009879777	0.0006619037	0.0010246631	3.5362995e-05	0.0002794237	0.0011930435	0.00069166964	0.00025136143	0.0004484979	0.0012061588	0.00025983492	0.0011902058	0.0011395015	0.0017193272	0.020018457	0.00083247555	0.00012037752	0.0019592142	-25.78164291381836
s04e15b	565.0	5.0	0.8814839	0.8814839	0.03945029	0.005621286	0.0009931083	0.0012463595	0.0014697572	0.0008410733	0.001114648	0.11085794	3.0362055e-05	0.00040379458	0.000908108	0.06625065	0.00039303306	9.0757465e-05	0.006078525	0.00054394564	0.003090506	0.34854808	0.038640987	0.0072477073	0.00083448255	0.0010496995	0.00093467894	0.036539506	0.012769102	0.002810026	0.0010153517	0.00037242443	0.00011575211	0.0003996192	0.0018961331	0.00042785305	0.00012281668	0.0022403065	0.0022403065	0.0013739242	0.0017582236	0.00073568255	0.0003641619	0.0017582236	0.017615898	0.0035765108	0.0016399901	0.00042087803	9.761864e-05	0.00015204579	0.0004838223	0.006794873	0.00046686677	0.015126664	6.856958e-05	0.005491969	0.0018927826	0.0003615785	4.1866602e-05	0.00014125004	0.00039010245	0.0009035794	0.00038034332	0.00013312734	0.0025137437	0.0019414102	0.003421777	0.0029655276	0.0017034635	0.0064429604	0.00842586	0.00070102967	0.06520009	-32.931575775146484
s04e15b	570.0	5.0	0.6453662	0.6453662	0.030289134	0.009483545	0.00034215153	0.0019582263	0.04654594	0.0007171691	0.002809791	0.00975097	0.00015053626	0.00042500068	0.0009328315	0.01179636	0.000992415	0.0004114796	0.003704584	0.0012161505	0.0065161097	0.19448596	0.014670643	0.0045446185	0.0013218152	0.001643389	0.0005599052	0.004137558	0.03776753	0.009526206	0.0034844177	0.0008150774	0.0003244467	0.0007859393	0.0024333482	0.00038497115	0.00021449696	0.0040218914	0.0028038414	0.003748669	0.017089019	0.0036204914	0.00085403095	0.017089019	0.0020613787	0.016724516	0.0037258517	0.00084327726	0.000410134	0.00038359137	0.0030463936	0.0032068384	0.0015511564	0.007199004	5.040247e-05	0.0023308385	0.0007946997	0.001116237	8.7127315e-05	0.0006392295	0.0003942414	0.0011392611	0.00023301563	0.00045113664	0.0020193944	0.00031447274	0.0008750887	0.0019327907	0.0008425644	0.035080872	0.0018597036	0.00017805131	0.016937908	-26.44739532470703
s04e15b	575.0	5.0	0.8395216	0.8395216	0.01340716	0.059305653	0.0008264789	0.0019585374	0.011785154	0.0027075086	0.0015327184	0.12252465	0.00085819827	0.0003157748	0.0022558277	0.0067186477	0.0011963096	0.00082940585	0.0017528313	0.0014620883	0.0008999398	0.042296518	0.0271622	0.0056445417	0.0011076244	0.0011977736	0.0014010726	0.0014769293	0.023285005	0.0034228342	0.0014194632	0.00068816094	0.00061899563	0.0008404111	0.0010934616	0.0004676752	0.00042422168	0.003790849	0.002044706	0.003790849	0.030481882	0.0028395983	0.00053960073	0.030481882	0.001150734	0.0052412995	0.005270478	0.0004060388	0.00043363022	0.0002878774	0.0016029793	0.003720411	0.0016748273	0.001325261	0.0003368992	0.0011663373	0.0004064873	0.0012867067	0.00036691962	0.0017255323	0.0002076335	0.0012702291	0.00063132285	0.00014844503	0.0015208677	0.00016236721	0.000546428	0.0008785257	0.001966257	0.011117131	0.0029703914	0.00037932742	0.0029703914	-21.161983489990234
s04e15b	580.0	5.0	0.86201763	0.86201763	0.23694046	0.11448437	0.0004214202	0.017517827	0.024230856	0.0123115955	0.006031249	0.0021208802	0.0006323538	0.00034696882	0.00082289544	0.009843385	0.0004790435	0.00016923204	0.001390383	0.0008602774	0.00069497345	0.014889484	0.008465677	0.008465677	0.0022064438	0.003484578	0.0019624971	0.0100004375	0.049890015	0.0037791133	0.0021199146	0.0005317605	0.0004694325	0.0005119528	0.0016891749	0.00039878124	0.0009654587	0.002323251	0.0008502112	0.001141453	0.0010807444	0.0007890227	0.0003885753	0.0010807444	0.00076859136	0.005554561	0.007591203	0.00041368484	0.00039364913	0.0009770915	0.0016913417	0.00085092476	0.001717015	0.004501567	0.0006639779	0.003553635	0.0013660555	0.033079922	0.00025288426	0.0019739808	0.0006565449	0.0016604143	0.0065369857	0.0003948345	0.0037462586	0.00071945175	0.000479149	0.0021317718	0.00041593664	0.0039490364	0.0059343344	0.0004408369	0.008840739	-19.648876190185547
s04e15b	585.0	5.0	0.84559554	0.84559554	0.012940167	0.029425506	0.005853683	0.0024072842	0.037983406	0.005816763	0.0038795718	0.2878376	0.0015057271	0.0005671519	0.0024986418	0.0027826577	0.0024985515	0.0011549433	0.0013737286	0.0011357784	0.0024342733	0.0064631742	0.013062348	0.0024846997	0.0011764007	0.0013676663	0.0025551843	0.0025551843	0.041199304	0.00371969	0.0013039663	0.0006650587	0.00022093873	0.00059891364	0.0009071481	0.00051133736	0.0003952188	0.0045053037	0.003002855	0.0045053037	0.031819604	0.006040335	0.0010729234	0.031819604	0.0005094094	0.008778055	0.0188158	0.0008856082	0.002006348	0.0005531167	0.006060764	0.0013084749	0.0013342858	0.0022875823	0.0012443917	0.0012778242	0.00023669597	0.0014776306	0.0010148411	0.0016704313	7.127301e-05	0.0009325396	0.00090720906	0.00046266775	0.0012706164	0.00027021137	0.00068757887	0.00056628464	0.00052428595	0.078818634	0.0012874821	0.000779723	0.0013949276	-21.634708404541016
s04e15b	590.0	5.0	0.9047931	0.9047931	0.14403854	0.014107403	0.00023365859	0.0053218487	0.34426895	0.0018602818	0.0009571034	0.0020337221	4.2332467e-05	0.0005244649	0.0006189467	0.0009297295	0.0012304814	0.00069998327	0.002399905	0.00036206172	0.0019437956	0.03222002	0.004044077	0.0014970845	0.0015535008	0.003707908	0.00017996947	0.0060419957	0.021952175	0.003041598	0.0017031651	0.00078011653	0.00043956836	0.000746742	0.00085697905	0.00028343633	0.00037629603	0.00080694514	0.0005788526	0.00079681084	0.002270729	0.00079686136	0.00027799545	0.002270729	0.0005760355	0.001905469	0.0054887254	0.00071046414	0.00063346373	0.00063416566	0.001530665	0.0008362823	0.0034762414	0.0029618486	0.00019735808	0.0042748624	0.0027410134	0.0028071748	5.4858396e-05	5.160224e-05	0.0003509615	0.0026109668	0.0003314988	0.00023544228	0.00056249916	0.00027667498	0.00056381884	0.0023159657	0.00037252277	0.00080407516	0.0025968319	0.0001178739	0.0027410134	-21.825658798217773
s04e15b	595.0	5.0	0.8999924	0.8999924	0.026247414	0.011484928	0.00039285287	0.004390598	0.28014955	0.0020444647	0.0007339581	0.0015842181	0.0002381842	0.00056732463	0.0008653536	0.0022625863	0.0026424797	0.0005810158	0.00068021746	0.00047647182	0.0012138885	0.04039091	0.003416795	0.0022186476	0.0010590652	0.0019759077	0.00037312147	0.0070923576	0.037256658	0.0048378003	0.0021368891	0.0005579702	0.0004538253	0.0007175116	0.0023499238	0.00027177294	0.00025435688	0.0016843709	0.0011185526	0.0016843709	0.0026630128	0.0016112914	0.000391334	0.0026630128	0.0007734277	0.0036896477	0.0049265483	0.00062629953	0.0006325416	0.00049101625	0.002388452	0.0006446304	0.0047996934	0.0047139553	0.00017024163	0.003059499	0.0019065175	0.0021928134	0.00019246923	0.0007288404	0.0011674623	0.0005580005	0.00020982506	0.0003577022	0.0018678984	0.00043215457	0.00059529074	0.003845142	0.00038458034	0.0033094203	0.0020095129	0.00012092007	0.003845142	-21.19552993774414
s04e15b	600.0	5.0	0.6803813	0.6803813	0.003698496	0.0070325457	0.0003684637	0.0019579243	0.03462881	0.0005542802	0.0059459456	0.0070047867	0.0011904774	0.00011809699	0.0011719514	0.005758573	0.0004652643	0.0016989292	0.0014093046	0.006927817	0.0031810226	0.019080676	0.015501122	0.0017778539	0.0010842553	0.0020717245	0.0006026444	0.0020717245	0.4678139	0.040720046	0.003066395	0.0013641125	0.00063249574	0.0015708841	0.013664159	0.00051143434	0.0028502797	0.0071773916	0.0015855877	0.0071773916	0.033171173	0.005910262	0.0009440311	0.033171173	0.0006430338	0.0040631946	0.009991529	0.0012386775	0.0029055895	0.000755685	0.0037652492	0.0008216685	0.006282387	0.0039280048	0.00067578105	0.0015422697	0.0015067531	0.0016530228	0.0021756948	0.0009134954	0.0003222684	0.00669488	0.00094613223	0.0005092866	0.0011599018	0.00070473156	0.0006520613	0.0020391014	0.0032517386	0.017901678	0.0077487878	0.00010998097	0.016143918	-20.23073959350586
s04e15b	605.0	5.0	0.6738127	0.6738127	0.002585541	0.0019677794	0.00012684101	0.0076256115	0.002346798	0.00042638322	0.06844092	0.0020347463	0.00016147312	0.00010749697	0.0004386613	0.0021571622	0.00047915836	7.59561e-05	0.0055085374	0.00018207176	0.0046631326	0.005961467	0.0012193414	0.0012193414	0.00029575007	0.0030098755	0.000731981	0.0030098755	0.8028991	0.26399446	0.076315194	0.0038926625	0.0008560336	0.002453979	0.26695588	0.0005233877	0.006254819	0.00019373746	0.00013783656	9.545987e-05	0.0007466513	0.00026927266	2.2306152e-05	0.0007466513	0.00035732167	0.00089690555	0.0014168094	0.000134363	0.00018551562	0.00046114976	0.00027561028	0.001562156	0.0005063907	0.0039610583	0.0005779587	0.026304126	0.0017288332	0.0016986243	0.0009726222	0.00042817582	0.00028915534	0.00096623815	0.00048244555	4.2904867e-05	0.006173329	0.0017475096	0.0008455193	0.01125753	0.001822247	0.0035105255	0.051505983	0.00030929758	0.051505983	-22.421720504760746
s04e15b	610.0	5.0	0.9029135	0.9029135	0.011398489	0.1621147	0.0003455901	0.0004898303	0.00232685	0.0009959262	0.0048687686	0.0059949574	0.000263281	0.00033753665	0.002454514	0.0015366466	0.0007351744	0.00014275002	0.0008021803	0.00075204053	0.00020746568	0.0009267048	0.0034368543	0.0034368543	0.00088103046	0.0014929126	0.0010429601	0.0022208644	0.06516425	0.0102869375	0.0043000574	0.0012462426	0.0008890396	0.0011229123	0.0024198857	0.00034959038	0.00046786448	0.0016455506	0.0005874095	0.0013241847	0.000689309	0.0003930473	0.0003583234	0.000689309	0.0005977699	0.0019944068	0.0022094839	0.0001187677	0.00025352207	0.0005166664	0.0010337979	0.00035140174	0.0010165941	0.001343005	0.0009593565	0.001803612	0.00097596215	0.006502683	0.00057658536	0.017373344	0.00018011521	0.0010829989	0.0035169802	0.00015932701	0.008722353	0.0010356467	0.00028944964	0.0002839716	0.00065573	0.0036986049	0.0007806114	0.00035699445	0.008722353	-21.369361877441406
s04e15b	615.0	5.0	0.8187163	0.8187163	0.071815506	0.08617391	0.00026796907	0.004904407	0.25486404	0.0015768688	0.0057918685	0.0023068246	0.0005845438	0.00043597474	0.007159876	0.0017586104	0.0007897655	0.0012469497	0.002081636	0.00044062326	0.004031471	0.009225334	0.0037697377	0.00081329764	0.0037697377	0.00078255986	0.00040446743	0.00078255986	0.03796541	0.013837069	0.004366458	0.002567123	0.00036406596	0.0017452585	0.013167544	0.00047213494	0.0003618599	0.00082188146	0.00048976747	0.0004948447	0.00046899728	0.0009908099	0.00019443329	0.0009908099	0.0005171391	0.0010253604	0.0012574752	0.0004346508	0.00028807065	0.00086056767	0.0010426571	0.00020188771	0.0012011795	0.005588404	0.0011852776	0.0013160864	0.00094232376	0.0034300017	0.00061162584	0.0065614516	0.0009700264	0.0008559671	0.0012207092	0.000370013	0.0015905042	0.002228448	0.00070005463	0.0014445976	0.0018945743	0.0034195613	0.0070924917	0.0002751133	0.0070924917	-23.75312614440918
s04e15b	620.0	5.0	0.81555057	0.81555057	0.0019970064	0.07167952	0.0004593418	0.00012789435	0.0004999035	0.0002492903	0.002945954	0.010074229	0.00013630123	0.00019517941	0.0037707067	0.0061519714	0.014165419	0.0004990717	0.0067936536	4.451177e-05	0.00014179441	0.00023387924	0.0096378615	0.002151417	0.00048959546	0.0007574409	0.00080807594	0.0016906969	0.020196766	0.0032294714	0.0010273433	0.0003856656	0.00041981254	0.0003564201	0.00093947165	0.00046637972	0.00022028896	0.002557774	0.0010913766	0.002390216	0.0012681499	0.00034638483	0.0004658876	0.0012681499	0.002367036	0.004211962	0.0051925275	0.00022347091	9.784417e-05	0.000412439	0.0014860521	0.0019383369	0.0007431722	0.018447757	0.00040718945	0.014622456	0.00918128	0.0006689089	0.002497381	0.015579294	0.0009857669	0.0005488945	0.0044667404	0.00018631847	0.002761362	0.0037486728	0.00015363988	0.0060310722	0.0028027175	0.025492456	0.0015062656	0.00038445476	0.055993725	-25.819704055786133
s04e15b	625.0	5.0	0.7947192	0.7947192	0.011414755	0.002385452	0.0027615025	0.0027970113	0.093260914	0.0007825192	0.0039545204	0.008550044	0.0005928272	0.00018435146	0.0006061635	0.003451166	0.0017148309	0.011510846	0.0070646876	5.4928703e-05	0.0044041714	0.027665356	0.00857434	0.0026435582	0.0011783633	0.0025007427	0.001473444	0.0025007427	0.048232295	0.012291607	0.002505567	0.0011824786	0.00071637775	0.0019867558	0.0020810033	0.00033021002	0.0006240758	0.00069305405	0.00069305405	0.0006306298	0.0017733636	0.000454487	7.464494e-05	0.0017733636	0.0024252073	0.0025979881	0.0033156516	0.00023435493	0.00014642264	0.00057055353	0.0009825844	0.0026762483	0.0012461743	0.010296428	0.0003564359	0.0061503015	0.0029432464	0.0072331093	0.00039477166	0.00096146937	0.00033895005	0.0029466432	0.0068462514	0.0001368534	0.084378734	0.010092997	0.00046502904	0.0028760878	0.0010069938	0.005725331	0.22637007	4.6445555e-05	0.22637007	-27.33384704589844
s04e15b	630.0	5.0	0.5789825	0.5789825	0.024544923	0.010386128	0.00021476299	0.007305862	0.1877116	0.0005674087	0.0037134946	0.008470613	0.00026572056	0.0009331044	0.0007878923	0.0056149918	0.00051596947	0.0022464413	0.0031993932	0.00074099906	0.033598877	0.10801949	0.0044247424	0.0044247424	0.0011814975	0.01077757	0.004675323	0.01077757	0.036845367	0.012068416	0.006007373	0.0012130949	0.00071380724	0.0013064662	0.0044270623	0.001030981	0.000961113	0.0025102324	0.002288511	0.0025102324	0.008872696	0.0045506647	0.000999486	0.008872696	0.0008093301	0.0074627018	0.004702591	0.001102452	0.0006877666	0.0016423825	0.014402676	0.0015263648	0.001921536	0.004038547	0.00036925153	0.0005186672	0.00085537555	0.0010842398	0.00017063817	0.0005972981	0.00048503742	0.0013995629	0.0008811488	0.00038453378	0.0021982505	0.0006112797	0.0011346337	0.001177472	0.0004863778	0.008012335	0.0009015352	0.00024452966	0.002482945	-20.731033325195312
s04e15b	635.0	5.0	0.66188854	0.66188854	0.022992758	0.026574932	0.00078179396	0.010005623	0.11117725	0.002352031	0.005956581	0.016308123	0.00019404101	0.0012116169	0.0016162413	0.011844473	0.0020285635	0.0021264905	0.00829991	0.0005543861	0.032191545	0.3805868	0.010553869	0.010553869	0.0010628626	0.004391029	0.00083897414	0.004391029	0.06632885	0.014251188	0.0095565915	0.0012872975	0.00058615697	0.0013721308	0.0050841644	0.0022798337	0.0011290697	0.00065727485	0.00065727485	0.0005570594	0.0029145551	0.0009469119	0.0002919518	0.0029145551	0.0005967945	0.0038145576	0.0029895594	0.00033130072	0.00064385	0.0015659268	0.007814236	0.0019579262	0.0013369508	0.0050841793	0.0006600441	0.00079712295	0.0011853493	0.0013903242	6.655207e-05	0.00094978884	0.0006392191	0.0024804496	0.0013586851	0.00041916454	0.0025360133	0.00041029922	0.0013866402	0.0015224332	0.00097640755	0.0036347138	0.0021592232	0.0004900255	0.0025360133	-20.979415893554688
s04e15b	640.0	5.0	0.5129402	0.5129402	0.023621494	0.008604282	0.002143229	0.018355705	0.056354307	0.003437416	0.0037463298	0.04061206	0.00052269915	0.0015824882	0.0010920137	0.009686313	0.0007123876	0.00077476026	0.002928796	0.0010741558	0.06415939	0.26329798	0.004124174	0.004124174	0.002080928	0.0013336367	0.00065943453	0.0013336367	0.050831333	0.013059404	0.005077396	0.0011605909	0.00067258545	0.001661442	0.005372637	0.0009672532	0.00066554814	0.0012880665	0.0012880665	0.00043399376	0.003692053	0.001694579	0.00030641627	0.003692053	0.00073945627	0.0063667647	0.0027562892	0.00036144184	0.00057021243	0.0018504938	0.0043774876	0.0013462899	0.00085317896	0.0062611084	0.00027852284	0.00043151446	0.0007537517	0.00073081977	0.00012653405	0.0005245293	0.0002490584	0.0016325807	0.0004907058	0.00022825778	0.0015333986	0.00048917095	0.0018959652	0.0016302173	0.0009784097	0.005377641	0.0012853831	0.00060030236	0.0018959652	-21.76996612548828
s04e15b	645.0	5.0	0.8850738	0.8850738	0.010687202	0.00604122	0.0023723373	0.0014161201	0.000538762	0.0023313786	0.000487726	0.13436049	5.7078574e-05	0.00047937786	0.00046272093	0.062176708	0.0023660993	5.5882952e-05	0.00073303236	0.00052519346	0.0017773675	0.4160477	0.024305254	0.011486098	0.001138219	0.0010645863	0.0020137748	0.0053997706	0.0389625	0.0065948614	0.0026877988	0.00077930297	0.00025904735	0.00088880025	0.0020378297	0.00067997666	0.00032872494	0.0080574965	0.0062122126	0.0064993626	0.017000841	0.005077088	0.0014901614	0.017000841	0.022873877	0.030630747	0.0062838276	0.00085623097	0.0002649798	0.0009852429	0.0005431517	0.010681275	0.0012536914	0.0014363464	0.00012755589	0.00076882646	0.0009903682	0.00033152034	9.210756e-05	0.00038878742	0.00071557844	0.0016035166	0.00025444178	0.00016104872	0.004129232	0.0003613967	0.0043970556	0.0002815306	0.001303664	0.026753955	0.00043736672	0.00071960053	0.0043970556	-26.027347564697266
s04e15b	650.0	5.0	0.48786792	0.48786792	0.013571306	0.0034024685	0.0011263785	0.03391227	0.122049324	0.004844872	0.025730897	0.0041583027	0.016463641	0.000117140975	0.003227208	0.0044425763	0.0021004723	0.0006668332	0.005073192	0.0057934835	0.010234875	0.0326112	0.0072124335	0.0011818035	0.0008300522	0.005347028	0.000494168	0.005347028	0.66988283	0.033882756	0.02440481	0.0010696867	0.0004193268	0.0012850116	0.008616786	0.0014822715	0.008536652	0.0010494626	0.0009443527	0.00044400734	0.003657705	0.0038985354	0.00032144817	0.0038985354	0.0010881781	0.005233951	0.049698804	0.00058989465	0.0015414159	0.0018766238	0.0027427687	0.0010552583	0.0050398065	0.01299487	0.00070949725	0.0014696738	0.0017103561	0.026821444	0.0038404237	0.0010772563	0.00039632953	0.0014760259	0.000564713	0.00013255164	0.0010968226	0.0010433125	0.005023638	0.01733217	0.0018397156	0.014067641	0.004889369	0.031682245	0.01733217	-22.10264587402344
s04e15b	655.0	5.0	0.06330213	0.06330213	0.0014178345	0.004460219	0.000843725	0.00055626006	0.0012057051	0.0026003974	0.01047129	0.0027358995	0.0063803536	4.5577282e-05	0.0034250305	0.0016875981	0.0028750927	0.0003884529	0.0060520065	0.00034968587	0.0011594351	0.0036983644	0.004923085	0.0019644042	0.0026194195	0.0031538308	0.0009381742	0.0039249333	0.17126955	0.031621266	0.0112818545	0.0019657968	0.00082288217	0.002664836	0.0052901288	0.0011403543	0.0012504227	0.0059050643	0.0043103513	0.0052909744	0.0007630876	0.00077132526	0.0036621355	0.0010870503	0.0006901158	0.0076939682	0.020707596	0.0001866524	0.00041312503	0.0016220162	0.0018816834	0.00070168404	0.0031082372	0.002775176	0.0063690846	0.0023541264	0.00524668	0.000767499	0.0015932742	0.00036701336	3.4963552e-05	0.0016188294	0.0014984787	0.0016797914	0.0047709118	0.0039911936	0.0026593504	0.0031461348	0.002265406	0.0030836437	0.0035849428	0.5564652	0.015939865	-inf
