episode_id	onset	duration	talking	speech	man_speaking	woman_speaking	baby	shout	laughter	cry	singing	kids	groan	whistling	breathing	walking	mouth_sounds	fart	hands	heartbeat	cheering	crowd	mammal	dog_bark	cat	rooster	duck	bird	music	musical_instrument	guitar	piano	organ	electronic_instrument	percussion	bell	ambient_music	weather	wind	rain	river	wave	thunder	river_sea	fire	boat	car	traffic	car_honk	emergency_vehicle	train	cycling	engine	door	doorbell	knock	dishes	radio_tv	dryer_vacuum	zipper	keys	alarm	telephone	whistle	mechanisms	tools	boom	bang	glass	water	beep	silence	sudden_noise	db
s04e01a	0.0	5.0	0.7399084	0.7399084	0.0071196654	0.0018188312	0.0003935424	0.0013710754	0.00095009705	0.0002945668	0.017835502	0.0012698651	0.0007264609	0.00011366646	0.00071114086	0.0016454885	0.0002750459	0.00038834405	0.00046490564	0.0006880177	0.00020057685	0.00092470535	0.0018593203	0.0007317864	0.0013447053	0.0032828583	0.0011180573	0.0035746694	0.59747815	0.030320562	0.02762719	0.0017194729	0.0006273387	0.0030408	0.011424315	0.002454495	0.0047381003	0.0014242958	0.0008153998	0.0014242958	0.0005619052	0.0005027041	0.0006172586	0.0005619052	0.00038949115	0.002964449	0.004833849	0.00014076303	0.00030258947	0.00051015726	0.0008867937	0.0018137471	0.0010102676	0.0016690737	0.0017229501	0.0011584449	0.0009000641	0.01086569	0.0006141868	0.0023520153	0.00025014143	0.00072454807	0.0009602353	0.00028100904	0.00300558	0.0039526145	0.0008155665	0.0005420111	0.0022686094	0.00761776	0.00080004585	0.08232562	0.0039526145	-20.928342819213867
s04e01a	5.0	5.0	0.7612809	0.7612809	0.008923386	0.004070016	0.0001682504	0.0008262025	0.00095933507	0.00022654947	0.0058681085	0.0017209625	0.0004738017	0.0003590327	0.0020233248	0.0027991028	0.0006238605	6.744306e-05	0.00015176985	0.00040414813	9.8703036e-05	0.000502409	0.0043182927	0.0035446738	0.0009498223	0.010026001	0.005120806	0.010026001	0.77616256	0.05151095	0.038131148	0.0018853239	0.00043224273	0.0025336407	0.011908524	0.021604212	0.0063230563	0.0010943746	0.00031414372	0.0007230017	0.00078336487	0.0004895339	0.00014991472	0.00078336487	0.00019989298	0.0027217022	0.0025573412	6.7945875e-05	0.00027410348	0.00020736323	0.000491862	0.0013588197	0.0008966231	0.0017617112	0.0030412108	0.0010091229	0.0033864633	0.022006286	0.00015507964	0.003879874	0.0014897571	0.00092788704	0.0023723522	0.00040761605	0.0061719744	0.0056550317	0.0010008457	0.0006590302	0.006142533	0.010072746	0.0056889215	0.00022493713	0.0061719744	-19.48201942443848
s04e01a	10.0	5.0	0.825713	0.825713	0.02328988	0.030194035	0.0019604547	0.0038972357	0.015073903	0.0018166734	0.0104024075	0.023562964	0.0014092488	0.00023530312	0.0021005915	0.006320483	0.0009457519	0.00069955416	0.0020231775	0.000812681	0.0013302141	0.0025108925	0.056359835	0.056359835	0.0032230956	0.010039015	0.0037400527	0.010039015	0.8072009	0.024620816	0.007915361	0.0017800989	0.00063702516	0.0017168123	0.008416288	0.0025246595	0.004352326	0.0022092925	0.00058349175	0.0007684669	0.0014906744	0.0010602645	0.00019614861	0.0014906744	0.00058968156	0.003014154	0.009078648	0.00034639906	0.002736713	0.0006761624	0.0022180523	0.0032780748	0.0021226278	0.004902862	0.0041406755	0.002989136	0.00141208	0.01561591	0.0016570756	0.014900231	0.0006766575	0.0009902716	0.0015350598	0.00031569233	0.002898922	0.0038444242	0.0033966138	0.0038167704	0.0023724616	0.010527457	0.011604235	0.00035836623	0.014187684	-19.83803939819336
s04e01a	15.0	5.0	0.86566347	0.86566347	0.033867713	0.005534747	0.006387304	0.001755556	0.014491534	0.0018977508	0.012293884	0.0022535278	0.028980171	0.00033801488	0.015999656	0.0053308727	0.0014075012	0.00059141347	0.0019509409	0.0013073861	0.0006664571	0.0019517211	0.009308605	0.009308605	0.0032813263	0.0056725945	0.0031949286	0.009599587	0.4764666	0.025789026	0.00831972	0.0028060365	0.0018608281	0.003377198	0.01034672	0.0012342258	0.0046244296	0.0020605607	0.0006716682	0.0018805241	0.00083511573	0.00055960234	0.00071466557	0.00083511573	0.002198444	0.0031504957	0.0046930793	0.00025580634	0.00038503998	0.0008294047	0.0021227337	0.0005989048	0.0022588929	0.009368499	0.0012355573	0.0025484725	0.0011603201	0.06330056	0.0008767842	0.0075064516	0.000663347	0.0007937503	0.0010175509	0.000566167	0.004110402	0.0038908047	0.0031627843	0.0022408264	0.0018568663	0.00937343	0.006423847	0.00018543037	0.006423847	-18.880355834960938
s04e01a	20.0	5.0	0.8257945	0.8257945	0.02168469	0.0021173852	0.00053576473	0.0011695036	0.0014061079	0.0002365455	0.01297422	0.00057624094	0.0005876567	0.00019010366	0.0017084586	0.0039260406	0.00028429614	4.4181397e-05	0.00072865636	0.0014957949	0.00036436107	0.0017710102	0.0037201885	0.0018809529	0.0015640507	0.006948153	0.0018493147	0.006948153	0.76746535	0.03429304	0.008985854	0.0016887808	0.000624779	0.0056345463	0.015837675	0.0005566409	0.0087517975	0.0011843934	0.0005577296	0.0008921538	0.0005396126	0.0003364748	0.0002610718	0.0005396126	0.00088066165	0.0030154812	0.0058542388	0.00018655544	0.00015995279	0.0004637354	0.0010063397	0.0006880242	0.0017240708	0.003925213	0.00031446374	0.0013235947	0.0005048852	0.04014639	0.0004621293	0.00070489146	0.00014306656	0.0005311184	0.00052680663	0.0001768483	0.0039719925	0.0031039626	0.0013945677	0.00049758446	0.00056828227	0.010823711	0.0028936286	5.8886122e-05	0.0039719925	-18.589378356933597
s04e01a	25.0	5.0	0.6718294	0.6718294	0.005134423	0.0017320284	0.00046045822	0.0034518498	0.0019768397	0.00026912944	0.024195177	0.0007934002	0.00032910876	0.00033168533	0.000918149	0.004562877	0.001108217	8.532144e-05	0.0005429501	0.0022905052	0.00048306867	0.0009565013	0.004980162	0.0023084132	0.0023003905	0.004559024	0.0013575442	0.004559024	0.8856608	0.037268586	0.020025976	0.0010799947	0.00022568773	0.0023261993	0.006747034	0.0034724143	0.02120137	0.00093051954	0.000734112	0.0007785993	0.0004410687	0.00068069086	0.0002638192	0.00068069086	0.0007695082	0.0038256103	0.010095365	0.00018163098	0.00019919017	0.00063192757	0.0016623836	0.00091604574	0.0030753158	0.0028522722	0.00094643654	0.0028240492	0.0006758963	0.07813654	0.000642218	0.00089504576	0.00055950985	0.00071132486	0.002980568	0.00039403734	0.002556772	0.0037513378	0.00094091473	0.0010114397	0.0004437934	0.0067430604	0.004895082	6.276668e-05	0.004895082	-19.67836570739746
s04e01a	30.0	5.0	0.80911535	0.80911535	0.003342713	0.0006798338	0.0006135862	0.0005691064	0.042383056	0.000101376725	0.0010208193	0.0022675518	0.0003500716	0.00053912314	0.000517858	0.0046064225	0.0014338318	0.0011472922	0.002693995	0.0015738028	0.001337892	0.0012724494	0.14417262	0.0014194592	0.0012851268	0.022141669	0.0012397292	0.022141669	0.72125614	0.018604567	0.018604567	0.0007432919	0.0005748317	0.00046491937	0.0024073196	0.000626333	0.0014836384	0.0287025	0.0287025	0.024129676	0.01271739	0.046838485	0.016674107	0.050314568	0.001383228	0.04756514	0.013038249	0.0014017392	0.0019134696	0.00021618344	0.021710152	0.0009462328	0.0018256892	0.0030258577	7.517197e-05	0.00068575336	0.00016725533	0.0036932006	0.00014060154	9.297191e-05	0.00011855645	0.0025126964	0.0014447254	0.0007149244	0.0011320033	0.0005263755	0.0015811229	0.00081783155	0.0008668974	0.00823141	0.00052521273	0.00029314889	0.008538318	-22.247896194458008
s04e01a	35.0	5.0	0.018763712	0.018763712	0.00016013546	0.00031776135	0.0007705685	0.0004133872	0.00025171254	0.0011241436	0.00025161798	0.0002766159	0.0010110398	6.750078e-05	0.004080019	0.010899397	0.0016463969	0.00017500728	0.0006321938	0.00017628296	7.236881e-05	0.0005028941	0.006288117	0.0041641993	0.0034590468	0.00065234915	0.0010183206	0.009036897	0.009266367	0.001607231	0.0006350396	0.00046550808	0.00012003686	0.00027391224	0.0009455434	0.00042588296	0.00020851912	0.1296963	0.11297272	0.06459254	0.0005742851	0.03526119	0.09746407	0.03526119	0.016767226	0.037602592	0.010886471	0.0023708448	0.0006347661	0.00050412206	0.023273122	0.0035766435	0.0015931317	0.015722914	0.00013388915	0.00051055715	0.0011449701	0.00066759944	0.0001681027	0.030703742	0.00061307533	0.0012543065	0.0005390378	0.00058500527	0.033159815	0.0032538073	0.075844646	0.0011934778	0.0009314314	0.0038835246	0.001164874	0.002463681	0.075844646	-36.450801849365234
s04e01a	40.0	5.0	0.034223057	0.034223057	0.00040840212	0.00077581377	0.0002293304	0.00014148539	0.0007735788	0.0007787284	0.0008039324	0.00052043964	0.00019114568	4.8601963e-05	0.0034550796	0.0037633306	0.00040724923	9.929437e-05	0.0001905817	8.846423e-05	0.00011491694	0.0002311401	0.0032326307	0.0026857492	0.0016697644	0.0020215462	0.0012619802	0.018553792	0.009228342	0.0016217652	0.0011290514	0.00032754056	0.000109771216	0.00026160752	0.00044530223	0.00033464242	0.00014851015	0.009389516	0.002845061	0.009389516	0.00017924745	0.0016823834	0.003498832	0.0016823834	0.002212227	0.0065791984	0.044815358	0.00053188496	0.00037731515	0.00023045289	0.00877083	0.0025916656	0.009192248	0.24846819	4.977768e-05	0.0050886213	0.0014963754	0.00021546568	0.00021166445	0.0028307794	0.010812786	0.00018576767	0.00036132126	0.00017778885	0.047814496	0.0055908686	0.00079712825	0.0029357388	0.000611806	0.0015425532	0.00019403252	0.0034051794	0.047814496	-31.661012649536133
s04e01a	45.0	5.0	0.85018665	0.85018665	0.15148146	0.014856221	0.00026580825	0.0043260637	0.25620046	0.0015416904	0.0011543334	0.0077676256	0.00022275845	0.0005698438	0.0018330222	0.002027039	0.0021074393	0.0027673615	0.0041405773	0.0002447356	0.005416617	0.061203253	0.0027577062	0.0020276294	0.0016029838	0.00095810095	0.00056491536	0.0015293144	0.019693157	0.004863841	0.0031595537	0.00074592023	0.0003553825	0.0011543487	0.0023785275	0.0005341015	0.00031515586	0.0025778497	0.0021340603	0.0025778497	0.0042582247	0.0034599935	0.00090738625	0.0042582247	0.0010681399	0.0047255377	0.005190249	0.0013770085	0.0006675199	0.00081748405	0.0033626293	0.0019572517	0.0016483292	0.0033490655	0.00028003924	0.0023696814	0.00058211165	0.0022686028	8.083086e-05	0.00062044093	0.0005210775	0.0014295357	0.00077549927	0.00021462378	0.0021643147	0.00023028748	0.0024383245	0.005379501	0.0016725527	0.0014878106	0.0036875305	0.00042774723	0.005379501	-21.891557693481445
s04e01a	50.0	5.0	0.8681401	0.8681401	0.024778571	0.16666164	0.0015865641	0.0027344977	0.08877929	0.02513718	0.0050163306	0.0071673202	0.006969674	0.00035367016	0.059582196	0.0019616755	0.0106718065	0.003011911	0.0007709255	0.0009241474	0.0014446795	0.0049935393	0.0061584446	0.0061584446	0.0031825881	0.0017322212	0.0017649427	0.0023756905	0.09700131	0.0052619004	0.0009924505	0.0006041883	0.00010422218	0.0004544333	0.002295698	0.00038850214	0.00025766742	0.0020533479	0.0019381746	0.0020533479	0.0030039202	0.003297228	0.0008801927	0.003297228	0.0010488374	0.007060742	0.031558756	0.0024382158	0.0021460515	0.002410052	0.008754723	0.0028548723	0.0031187257	0.011827741	0.00056055875	0.001536003	0.001472048	0.0071742935	0.0016272144	0.013300526	0.0003603347	0.0014848142	0.001020252	0.00030530876	0.0020833376	0.00081477925	0.0017037749	0.00398734	0.0057611805	0.016344	0.0025575394	0.00027644608	0.0057611805	-21.767871856689453
s04e01a	55.0	5.0	0.84661204	0.84661204	0.01677199	0.06994438	0.00025534144	0.006691637	0.3252327	0.006148961	0.022984201	0.003566748	0.0018669253	0.00024448233	0.005747709	0.0021189505	0.004310857	0.0036888833	0.0011047581	0.0009359314	0.006914016	0.11960504	0.010475658	0.010475658	0.0011810682	0.0019447717	0.0003268574	0.0019447717	0.44081336	0.011669009	0.0033762658	0.0011703256	0.00024422255	0.0011762427	0.0021632565	0.00044984152	0.0032177796	0.0005004742	0.00030333758	0.0005004742	0.00048546714	0.00038409393	0.00024722016	0.00048546714	0.00057813147	0.0009933681	0.006491984	0.0008606013	0.0003459009	0.00040088713	0.008546136	0.00074231153	0.0015471221	0.011473237	0.0007977366	0.0017747656	0.0011659297	0.003776712	0.0008046408	0.0017821699	0.0012856611	0.00033672125	0.0009216768	0.000202974	0.0015200011	0.00047361339	0.0007693872	0.00575068	0.00152724	0.0014739793	0.0050362283	0.00030616048	0.00575068	-19.99696350097656
s04e01a	60.0	5.0	0.6648553	0.6648553	0.06718678	0.004856136	0.001055002	0.00243948	0.3138897	0.002747371	0.021021727	0.0008760823	0.009807261	0.00021904446	0.0029670026	0.0024428267	0.018801259	0.0019885348	0.0005808591	0.0006085992	0.0022816372	0.16945906	0.012979075	0.0027235383	0.0048966105	0.00079228316	0.0014392773	0.0023371363	0.088687554	0.024165047	0.007314883	0.002265684	0.0015508736	0.0048645358	0.004009779	0.00024326371	0.0005273306	0.0013671636	0.0013671636	0.00054204155	0.0013212193	0.0025347	0.00037535751	0.0025347	0.0006251748	0.009141506	0.0053705606	0.00082575466	0.00088331173	0.00031653707	0.0033052375	0.0013326056	0.00175415	0.0037369893	0.00021744447	0.002503432	0.0005871142	0.008342475	0.00010822424	0.003173324	0.00048802342	0.0014179568	0.00085806136	0.0006965004	0.0048780763	0.002078457	0.0014875783	0.004789943	0.0033181515	0.0014475528	0.0049607856	0.00025194808	0.0049607856	-22.20480728149414
s04e01a	65.0	5.0	0.86905974	0.86905974	0.027835714	0.058552444	0.00104828	0.00697009	0.115586706	0.011008757	0.00329169	0.020483	0.0009820744	0.0008316867	0.016578741	0.005275553	0.05463179	0.011116435	0.003163004	0.0004819572	0.0030005178	0.060953613	0.013053321	0.013053321	0.0051312693	0.0031483774	0.0011797897	0.0037739521	0.025074502	0.0041504554	0.00121179	0.0004690163	0.00023269014	0.00056964805	0.001280851	0.0002891245	0.00031782495	0.0009983535	0.00086403167	0.00072273583	0.0016617632	0.0007778591	0.00028547167	0.0016617632	0.0013355546	0.0017680201	0.0060505923	0.001097802	0.00057347066	0.0004746079	0.0025613995	0.0032211428	0.0012913038	0.011875358	0.00013032129	0.023537252	0.0013459207	0.0023371174	0.0005707505	0.0015618765	0.00056398194	0.0007152941	0.00042565446	0.00064126845	0.0021298656	0.0021327285	0.0021446815	0.006282423	0.001710879	0.0032317778	0.00871318	0.00025963952	0.009714654	-20.45621109008789
s04e01a	70.0	5.0	0.020561824	0.020561824	0.00017470734	0.00031568902	0.00013217487	0.00017265353	0.00011238768	7.756288e-05	0.0009828082	0.00073549536	9.8089484e-05	2.7010328e-05	0.00037189753	0.0025135656	0.00018414047	2.5847237e-05	5.4588494e-05	6.445567e-05	9.407366e-05	0.0001339567	0.0016312599	0.0012199822	0.0010235051	0.00034679772	0.0002975077	0.00084556435	0.004623144	0.0011584415	0.000853029	0.00028918154	8.644283e-05	0.0003817613	0.0008783039	0.0003050789	0.0001490295	0.002856974	0.0026404823	0.0018810789	0.0002299121	0.0007100567	0.0008522621	0.0007100567	0.0020746547	0.0030259655	0.015036117	0.00019134425	0.00017329313	0.00030349437	0.002898059	0.0043768603	0.0036493526	0.25293857	0.00023056826	0.0057729646	0.005012593	0.00017985197	0.00031650963	0.0017025311	0.008776943	0.00048532698	0.00033088343	5.806447e-05	0.0659694	0.013449964	0.0015877874	0.0060453387	0.0045030843	0.0006522012	0.00096857466	0.0017686952	0.0659694	-31.71180534362793
s04e01a	75.0	5.0	0.12580775	0.12580775	0.006811724	0.0048838435	0.0015497584	0.0002783986	0.0015289227	0.0043069106	0.0011270676	0.0011291901	0.00021448366	0.00029043652	0.090799876	0.005381925	0.0034131533	0.0010051314	0.0018447206	9.828058e-05	0.00023362516	0.0010448089	0.047447268	0.047447268	0.010351163	0.0018670612	0.0018075799	0.012719683	0.011803478	0.0047325427	0.0027073824	0.0010573434	0.00016382217	0.0008436996	0.0014188975	0.00041397873	0.00016071092	0.00785661	0.007416379	0.0009624431	0.0012641546	0.0037039733	0.0005641774	0.0037039733	0.0015751491	0.013871682	0.008382031	0.0006177804	0.0010588933	0.0005656708	0.01482719	0.0024698267	0.0016900242	0.0042072493	0.00017188545	0.0013355153	0.0011031837	0.0015175671	8.4864834e-05	0.011434083	0.00030701573	0.0009049096	0.00061432406	0.0006453866	0.008409767	0.001770271	0.001075592	0.0003646632	0.0003865925	0.013431426	0.0010991618	0.005199695	0.011356322	-42.02130126953125
s04e01a	80.0	5.0	0.7038134	0.7038134	0.008574578	0.0046039745	0.006420646	0.0009876023	0.0033354135	0.0063457913	0.0010087914	0.014063845	0.0020286911	0.00024154442	0.027130887	0.015070193	0.13981414	0.0011542713	0.003457152	9.525937e-05	0.00014436306	0.0006089807	0.17909326	0.042791717	0.009914222	0.0028727737	0.0011527417	0.004677929	0.015480788	0.0034143734	0.0014265792	0.00042179215	0.0005148378	0.00035308243	0.00063901936	0.0003407612	0.000107944514	0.003550113	0.0014477962	0.0031120232	0.0016294493	0.00049706205	0.0008105932	0.0016294493	0.008087439	0.0050059357	0.0025660403	0.00015873033	0.0002050198	0.00022203728	0.0025356612	0.0045176367	0.0021695502	0.0028114282	0.001180517	0.00059505133	0.0031549465	0.0010709174	0.00054147973	0.03392581	0.00076587446	0.00047151497	0.0008258078	0.00028240134	0.017189812	0.006525912	0.00053036946	0.00041704654	0.0029432268	0.029634975	0.0011972163	0.00036643335	0.03218348	-35.238731384277344
s04e01a	85.0	5.0	0.85404277	0.85404277	0.0135292085	0.0070031886	0.0012062024	0.00041866477	0.0039321734	0.016033307	0.003414234	0.0032967394	0.0015452632	0.0002914484	0.044016205	0.0068480247	0.054032143	0.0012024066	0.0018043813	0.00012441112	0.00027129246	0.0017801836	0.21399555	0.013881483	0.0076919375	0.0018319356	0.00096230744	0.020450791	0.025808727	0.004726794	0.0015496189	0.0005969148	0.00020773745	0.0006266291	0.0009898692	0.0002220195	8.199021e-05	0.0015838622	0.00041729308	0.00016564692	0.0010526398	0.00033219391	3.927533e-05	0.0010526398	0.0024044218	0.0024307868	0.0036178073	0.00031747398	0.0002931841	0.0002661884	0.0028000881	0.00078494154	0.0014552085	0.008163697	0.00022986147	0.0016214295	0.0064767227	0.0036968077	0.00093603483	0.071289055	0.0020117462	0.0003127959	0.0027616143	0.00014600214	0.012100602	0.0061936853	0.00027465727	0.0005673841	0.0049784607	0.017218772	0.0027095631	0.0005684055	0.019297136	-27.874679565429688
s04e01a	90.0	5.0	0.89424545	0.89424545	0.02796294	0.00793335	0.002065776	0.003449433	0.28760386	0.0053104013	0.0016162944	0.006551277	0.00070166634	0.0009163774	0.0016920407	0.0037406213	0.011832513	0.0029690627	0.002510415	0.0016242579	0.0020136693	0.09692146	0.009171733	0.0016631411	0.002900124	0.0018332056	0.00060859515	0.007224814	0.054824844	0.0052087572	0.0027336695	0.0009553796	0.0005183005	0.0012867318	0.0037912522	0.0008798879	0.0007089269	0.0011380933	0.0008623107	0.001126016	0.0045534372	0.0011585542	0.00028203407	0.0045534372	0.0017883359	0.0039758957	0.0072780927	0.00065458246	0.0011226722	0.0007521997	0.0030758611	0.0017396128	0.0036414496	0.010112343	0.00035014973	0.0014182862	0.00067993527	0.007972419	0.000555647	0.00074597704	0.002625321	0.0012780518	0.0010722398	0.0005390335	0.005266115	0.0019440528	0.0009491385	0.0022174288	0.0025417034	0.005515302	0.0016309345	0.00019055391	0.005266115	-19.710317611694336
s04e01a	95.0	5.0	0.90539783	0.90539783	0.024533303	0.05349124	0.004338504	0.0009610893	0.055809323	0.009557865	0.0023579753	0.040861618	0.00047479995	0.0011198107	0.03263343	0.0037918447	0.0051747956	0.0023939859	0.0039686416	0.0005112257	0.0005835955	0.000541883	0.034050297	0.034050297	0.0010928332	0.0066538085	0.0035455697	0.0066538085	0.022553854	0.0040408843	0.0023355025	0.0007248482	0.000327728	0.0006360645	0.0009687934	0.00046282038	0.00025865616	0.0020434677	0.00088789966	0.0020075305	0.0014428337	0.0004906448	0.0006008169	0.0014428337	0.0011385905	0.001775318	0.002369387	0.0001358042	0.00026310282	0.00024625633	0.000999286	0.0015188067	0.0005358957	0.0117434105	0.00053378113	0.0030818589	0.0007968879	0.0046024234	0.0005763744	0.021226885	0.00102546	0.0014426096	0.0040880153	0.00033116466	0.0032293687	0.0010917152	0.00046922176	0.0035225363	0.00096037437	0.009010818	0.0027018688	0.00054170866	0.0035225363	-21.302810668945312
s04e01a	100.0	5.0	0.8627654	0.8627654	0.066562936	0.0052271676	0.0006659247	0.0006103878	0.0044328053	0.0011645544	0.0015022032	0.0009857048	0.001526484	0.00040943516	0.014652119	0.007745167	0.001373599	0.00031887143	0.00072033535	0.0008425821	0.00022351566	0.0021264388	0.008439451	0.008439451	0.0022899017	0.0010703023	0.0014157048	0.0045700124	0.012116162	0.0031323407	0.002576053	0.0007777599	0.0004501952	0.0006890335	0.0009816104	0.0003119632	0.00021405504	0.0048543205	0.0015318984	0.00066252437	0.0005609973	0.0005871724	0.00029824494	0.0005871724	0.0050083757	0.0030481669	0.0070985723	0.00032608368	0.000658834	0.0007212139	0.00097287435	0.0009977277	0.0018871139	0.008134629	0.0002666217	0.0019157659	0.0012803795	0.0105708875	0.0004511889	0.018243207	0.00095285475	0.00088646467	0.0033713405	0.00026172228	0.011776738	0.005240114	0.0005322065	0.00093168655	0.0005846906	0.006646236	0.0018095339	0.000621732	0.011776738	-22.60352325439453
s04e01a	105.0	5.0	0.93515545	0.93515545	0.025225276	0.08639961	0.00044313946	0.0034846808	0.59412646	0.002931418	0.0029823254	0.008211309	0.00017241169	0.0005886601	0.0013901362	0.00093273196	0.008036646	0.005372884	0.0013920192	0.00055756274	0.0016596912	0.052294273	0.0024826615	0.0012180089	0.0012320622	0.0012863844	0.00050905946	0.0081284875	0.014316426	0.0026835063	0.0018331708	0.0005408615	0.00025227788	0.00065667374	0.0010533916	0.00032813536	0.00032336498	0.0006725732	0.00033812056	0.0006725732	0.0012718854	0.0005462921	0.00014142443	0.0012718854	0.00048473402	0.0009552703	0.0021412107	0.00036164865	0.00037535344	0.00032690918	0.0010233924	0.0006161295	0.002201688	0.004471493	0.0004309402	0.0010985144	0.0011626115	0.0045247683	0.00021801161	0.0028533277	0.0010301993	0.00068749656	0.0010980865	0.00027724533	0.0010787309	0.0005893453	0.00040879456	0.0015416677	0.0011889215	0.0018701544	0.005211436	7.208016e-05	0.005211436	-22.505807876586918
s04e01a	110.0	5.0	0.88372606	0.88372606	0.22215866	0.0060005635	0.00078822306	0.0017661502	0.24460733	0.002517211	0.005102652	0.00045554014	0.042734317	0.00029129005	0.0037846863	0.0021028295	0.072827764	0.002834223	0.0008892204	0.0010834293	0.0013272795	0.006010925	0.016787339	0.0017770308	0.0022379851	0.00024529977	0.00021983826	0.004532819	0.043413084	0.010812638	0.006971255	0.0010276018	0.00067993614	0.0012914976	0.00301588	0.00010913205	0.0002241307	0.0006123124	0.0003849132	0.00023152809	0.00061406975	0.0002223239	0.00014946939	0.00061406975	0.00053121493	0.0023056373	0.0032979958	0.00022986828	0.00025356968	0.00017407264	0.0017524292	0.00035184322	0.0018621252	0.0072869183	0.00011998043	0.0021614477	0.0011012197	0.012159284	0.00019254247	0.00119258	0.00093895034	0.0002465453	0.0013988893	0.00027368672	0.0014806138	0.0009454524	0.0008569362	0.0048114713	0.0007909476	0.00094663684	0.0023890906	4.712599e-05	0.0048114713	-20.058252334594727
s04e01a	115.0	5.0	0.87143457	0.87143457	0.08053326	0.011251656	0.0014171468	0.00553448	0.43554237	0.013787387	0.003936796	0.00063876936	0.004202182	0.00095033104	0.015374838	0.0068349447	0.0031419923	0.00079224084	0.0008523961	0.0008508096	0.0036865496	0.09016039	0.0024793635	0.0015317248	0.0017154113	0.0021659166	0.0009993946	0.0038762102	0.05268438	0.008672587	0.0033033767	0.0011562406	0.00047512166	0.0015289548	0.0067883013	0.00020842768	0.0006269514	0.0016619507	0.001631427	0.00084935525	0.0029940514	0.0025766874	0.00031955526	0.0029940514	0.0015944935	0.0079682	0.0066163014	0.0013216975	0.0008129807	0.0017982954	0.0044305227	0.0011716624	0.0021518571	0.0048418012	0.00030285644	0.00055001624	0.0006190387	0.015874231	0.0003012131	0.0011255699	0.00042082646	0.00083334785	0.0004964451	0.00030216685	0.0013743403	0.0009197079	0.0016205844	0.0029705807	0.0020531376	0.0046583456	0.0019117966	0.00014480355	0.0056184167	-18.82379531860352
s04e01a	120.0	5.0	0.7697911	0.7697911	0.063554294	0.02491779	0.0004153795	0.0023319966	0.3346816	0.0047375043	0.005765528	0.0016663602	0.0010080995	0.00040479895	0.01583034	0.0050408323	0.005448895	0.0020261884	0.006882855	0.0005397358	0.008993271	0.013248892	0.0061026793	0.0011607801	0.0025107337	0.0005462635	0.00027300103	0.0009241751	0.038730867	0.0070037986	0.0037820607	0.0011654278	0.0004958081	0.00095936115	0.002837524	0.00023651434	0.00062448694	0.0011999576	0.0011999576	0.0007068032	0.002858996	0.0015081636	0.00024226148	0.002858996	0.001523917	0.0058515887	0.006253963	0.00058728375	0.001340923	0.00055760314	0.0072580897	0.001830447	0.0072512045	0.0155699225	0.00032746315	0.009594442	0.0016966366	0.0040511736	0.0008876763	0.0016111258	0.000689864	0.0007991392	0.0002867119	0.00058676035	0.015234429	0.0034164672	0.0019595388	0.01124832	0.003165046	0.012988089	0.004646204	0.00023374725	0.015234429	-21.714303970336918
s04e01a	125.0	5.0	0.036011342	0.036011342	0.00021826349	0.0004161954	0.00079024886	0.0002831357	0.00075760373	0.0011027965	0.0007309706	0.00092072546	9.4485586e-05	0.00010643526	0.013947511	0.0037102236	0.23297063	0.00049877877	0.0024718025	0.0006180518	8.451153e-05	0.0003683148	0.016975472	0.00791229	0.004166193	0.0014314183	0.0015413963	0.0015413963	0.012877142	0.0033606836	0.0022954512	0.0004330961	0.00023379074	0.00037910763	0.0013016311	0.00042827355	0.00018265497	0.009460295	0.009460295	0.0018693454	0.0030255227	0.0083717005	0.003627744	0.0083717005	0.0022516137	0.027379962	0.0074215345	0.00044190054	0.0024416975	0.0005286557	0.007673409	0.00096104486	0.0022454432	0.0028751802	0.00021440738	0.0011094159	0.0063436544	0.000184543	0.00061344646	0.0024358241	0.0011327843	0.0006711956	0.00040562428	0.0016424239	0.001353742	0.00659859	0.00090159447	0.00043897357	0.0029633837	0.045064393	0.0016843355	0.0024093231	0.01618338	-37.878456115722656
s04e01a	130.0	5.0	0.887003	0.887003	0.0011748854	0.004514511	0.0002558522	8.271796e-05	0.0021230804	0.00040189634	0.0012789603	0.011128912	0.0008260411	7.1970266e-05	0.002814933	0.0004270324	0.0002814901	0.0014568432	0.00045257228	0.00012215758	4.3381835e-05	0.00014051535	0.017233657	0.0019524391	0.0011345207	0.0008005324	0.00028869038	0.007087611	0.035932526	0.0010845414	0.00033483453	0.00026208334	0.0001152257	0.00037793614	0.00032721317	6.959434e-05	0.00035549485	0.00031540202	0.00015159744	0.00031540202	8.0373226e-05	6.528136e-05	7.7138604e-05	8.0373226e-05	0.0037280736	0.0012049002	0.066767864	7.008164e-05	0.0006674871	0.00011559327	0.00060182187	0.0009366424	0.011061316	0.36279228	0.0023730835	0.011568199	0.00648858	0.0019029586	0.0029982761	0.003289577	0.007225355	0.0003147418	0.0008988703	8.353259e-05	0.08385527	0.0072140596	0.0003524752	0.0036473663	0.0026067721	0.00056315365	0.0033194795	0.0004076205	0.08385527	-21.484050750732425
s04e01a	135.0	5.0	0.30605805	0.30605805	0.020071382	0.0076198326	0.0045082048	0.013687803	0.18443424	0.0071210004	0.0134034315	0.004357096	0.0015355218	0.0004435752	0.0065668994	0.011998326	0.0026563217	0.002420853	0.015444377	0.0006563606	0.022111703	0.03268943	0.009523808	0.0043080105	0.0016722502	0.03308996	0.003750853	0.03308996	0.10984981	0.020394212	0.012226466	0.0019713843	0.00096179	0.002380811	0.0058566644	0.0024304227	0.0013289979	0.0042839427	0.0032191777	0.0013932016	0.0030895127	0.0025071597	0.00094898016	0.0033627795	0.0018752026	0.010964126	0.018539436	0.0011011742	0.0036569927	0.0037548752	0.010976781	0.0026498693	0.0066027856	0.014874188	0.0017813788	0.006598174	0.004534754	0.007696929	0.00018937657	0.002311467	0.0005498509	0.002288708	0.0041465117	0.0010463718	0.0039843153	0.0009062807	0.021278841	0.01368382	0.004245206	0.004872538	0.0092458585	0.029515535	0.021278841	-21.19579696655273
s04e01a	140.0	5.0	0.024063103	0.024063103	0.0011770014	0.0006085766	0.0005174882	0.00087457476	0.0007223334	0.002073211	0.025722226	0.00083608634	0.00076687284	0.000120661956	0.0014142347	0.00072364346	0.00066032377	0.00067023997	0.0009837619	0.00028744433	0.0004269815	0.00027898714	0.0022536113	0.0017756848	0.0014736516	0.0020980071	0.0013264536	0.0028478017	0.7533857	0.10346615	0.10346615	0.002865534	0.0008764279	0.0021179577	0.03451302	0.007466044	0.011586086	0.0008267534	0.0008267534	0.0006903421	0.001642542	0.00089006475	0.0007070346	0.001642542	0.00028173684	0.0026218786	0.005322611	0.00015117176	0.00051769416	0.00029770602	0.0012446572	0.0021776585	0.00074901985	0.001984314	0.00282554	0.0021228509	0.000963663	0.001293785	0.00094839983	0.00025562837	0.00023890065	0.0010454954	0.002054207	0.00052102335	0.00096115883	0.0028600348	0.0009110516	0.0007584113	0.0021024004	0.0020361063	0.0012462646	0.18248685	0.00817591	-23.260330200195312
s04e01a	145.0	5.0	0.79264045	0.79264045	0.082751654	0.18567304	0.0004586586	0.00084394886	0.0015706815	0.018084085	0.0099548055	0.0034342292	0.001211446	0.00044458776	0.03935732	0.0018531211	0.0004624702	0.0003316436	0.000422804	0.00033887944	0.00032037127	0.000768839	0.0013566557	0.0013566557	0.00083994877	0.0013669253	0.0008526519	0.0013694788	0.65681785	0.054883566	0.01071488	0.010646939	0.0014416896	0.009408136	0.0039645103	0.0007419713	0.018270409	0.0032839254	0.0006291032	0.0032839254	0.00070650654	0.0008472363	0.00068077265	0.0008472363	0.0006793487	0.002763729	0.009451519	0.0005171068	0.00042717205	0.00047997685	0.0013889663	0.0008060441	0.0015913261	0.00051081413	0.0011615952	0.0005068671	0.00038268665	0.020316018	0.00040677062	0.0013854409	0.0001987703	0.0013646998	0.004117425	0.00032343064	0.0022411358	0.0016460143	0.00049075467	0.00024658337	0.0008568215	0.0023339854	0.00064781116	0.0006038803	0.0028705331	-22.500009536743164
s04e01a	150.0	5.0	0.8403965	0.8403965	0.0064679775	0.26611042	0.0004432444	0.0005258604	0.0015369509	0.001167633	0.0030370466	0.008119262	0.00025375883	0.0004202694	0.0020270061	0.0010532502	0.0013871196	0.00023898858	0.0014126537	0.0003024591	0.00016570697	0.00047126558	0.004026396	0.0031594846	0.00087698386	0.0015519868	0.0009919207	0.0018408999	0.02647058	0.007418236	0.0028674789	0.0012464527	0.0010323038	0.0011565556	0.0016789249	0.0006662256	0.0002500494	0.0011658964	0.0004192742	0.00065243023	0.000602128	0.00021157204	0.00016003076	0.000602128	0.0005448524	0.0012463381	0.002049758	7.5483e-05	0.00011962961	0.0005487585	0.00058198796	0.0005729243	0.00054144155	0.0009894426	0.0010434253	0.0010837183	0.0022680159	0.012367629	0.0014401253	0.066335246	0.00034635098	0.0011691148	0.021241521	0.000113592556	0.0058575696	0.0008686288	0.0004532937	0.0006509961	0.0008661609	0.005242705	0.00086187857	0.00039012733	0.01910212	-22.32700729370117
s04e01a	155.0	5.0	0.90966654	0.90966654	0.08714254	0.29345235	0.0004682703	0.0038532692	0.35939035	0.011546661	0.0037595977	0.009959703	0.00020767745	0.00043780138	0.003298918	0.0041426243	0.0020431362	0.0051951488	0.0031064188	0.0012416946	0.008036012	0.037139088	0.007961961	0.007961961	0.0019712688	0.0010870342	0.0004982926	0.0010870342	0.02210464	0.0034634399	0.0017174484	0.0008959374	0.0002890553	0.000558254	0.0024297175	0.0003949066	0.00028888643	0.0009583443	0.0006691942	0.0008958866	0.0011585928	0.0009504841	0.0005348022	0.0011585928	0.0010416226	0.0028205372	0.006409306	0.0006786295	0.0010313719	0.0005243484	0.019627724	0.0014371249	0.0030865213	0.016702699	0.0005226777	0.0032761588	0.0008513181	0.0039221677	0.00024939465	0.0016510778	0.0010332287	0.00075863645	0.00077940617	0.0008292975	0.0013884744	0.000847296	0.0024629345	0.0028727492	0.0018145258	0.0037456823	0.0026491159	0.00027470337	0.0065396116	-18.518043518066406
s04e01a	160.0	5.0	0.8870529	0.8870529	0.2143273	0.39152327	0.000567979	0.0016522722	0.0037933132	0.0075135785	0.0077745677	0.012514243	0.00031306976	0.00040095916	0.0066483514	0.0037749847	0.0018700938	0.00045009545	0.0036580958	0.00052500004	0.0006916915	0.0034373966	0.003991262	0.0026543972	0.0014805532	0.001599657	0.0011264731	0.004117986	0.015117766	0.005295313	0.0025287021	0.0014792299	0.0009048777	0.0012232589	0.0025027345	0.00058653194	0.0004057091	0.003758921	0.0015535858	0.0030350622	0.0018748054	0.0012887635	0.00085035857	0.0018748054	0.0014704724	0.0053038616	0.0076142065	0.00030344402	0.00036355192	0.00071931083	0.0014353947	0.0015149004	0.0016688704	0.0026128986	0.00043011445	0.0020362427	0.0007817139	0.0074121784	0.0012119348	0.013400324	0.0006386516	0.0007719878	0.009030729	0.0004556498	0.0064752623	0.0021743372	0.0009083828	0.00042104695	0.0009197714	0.0076411683	0.0020772081	0.002193311	0.0064752623	-23.711280822753903
s04e01a	165.0	5.0	0.80999565	0.80999565	0.03154723	0.20760913	0.004744549	0.0009743752	0.011888228	0.112213776	0.003942842	0.0127028385	0.015271509	0.0019953838	0.025489822	0.00076870125	0.0011820169	0.0010056966	0.009705663	0.0010789246	0.00048763814	0.0009930559	0.0034064257	0.002395664	0.002259024	0.0014902402	0.00087834656	0.010348272	0.009434783	0.0025024465	0.0008052599	0.0010755879	0.00038463055	0.0009830291	0.0016557304	0.0008249037	0.00067934225	0.0009337189	0.0006798289	0.0005557514	0.00041184985	0.00031928485	0.00041629325	0.00041184985	0.0011859135	0.0016259793	0.0020676435	0.00023576687	0.00025530418	0.00047005242	0.0011140895	0.0008518452	0.0004638366	0.00090589095	0.00028388904	0.00089104474	0.0005710843	0.041311573	0.00013994225	0.0020426298	0.0003916111	0.013600913	0.113837786	0.0005322463	0.0037543718	0.0004928441	0.00053920824	0.00038229628	0.0007250299	0.0019244087	0.0047978233	0.0006247102	0.0068302206	-22.231618881225582
s04e01a	170.0	5.0	0.921557	0.921557	0.25069973	0.06846765	0.00066163344	0.0040989793	0.20718856	0.0034043253	0.0052916366	0.013574058	6.605088e-05	0.000344088	0.00061474874	0.0014774611	0.0019736344	0.0011743484	0.007261217	0.00018506421	0.0056674276	0.10222919	0.006800523	0.006800523	0.00065349566	0.0007797535	0.00024096589	0.0014768047	0.023077995	0.0035663838	0.0028287745	0.0007180688	0.00022503002	0.0005998922	0.0016923081	0.00035659343	0.0003135815	0.00048040852	0.00022512402	0.00029512477	0.00037303666	0.00020946006	0.00013420166	0.00037303666	0.00031492938	0.00083343516	0.002881514	0.000270037	0.00025104315	0.00028715836	0.0014413765	0.0011189342	0.0009521256	0.0090602245	0.0004973455	0.003277215	0.00042928374	0.0016020715	0.00014870925	0.0003577653	0.00049670733	0.0003272344	0.0010684865	0.00012093461	0.00084575056	0.0005109393	0.0005087565	0.0043160548	0.0009207956	0.0006438408	0.008185765	0.00034650177	0.008185765	-20.73039054870605
s04e01a	175.0	5.0	0.8804502	0.8804502	0.005259889	0.03408497	0.0014646482	0.0026592517	0.05363177	0.0021851147	0.0012449452	0.08524768	0.00060804957	0.0004158611	0.0014432878	0.0032640083	0.0051900405	0.0014520288	0.0015659969	0.0024751036	0.0008609774	0.041662324	0.031326443	0.0018231639	0.0011629504	0.0011778959	0.0015695012	0.0021741074	0.055493455	0.004510195	0.0029220697	0.0009862985	0.00044292535	0.0010325124	0.0016974387	0.00052983366	0.00078063447	0.0015568592	0.0013118241	0.0015568592	0.0050463933	0.002418415	0.00039824878	0.0050463933	0.0011120675	0.004443538	0.0138825	0.0017018238	0.0006445481	0.0009636204	0.0048815524	0.0014816392	0.0052313893	0.009314733	0.000707163	0.0010655756	0.0011144717	0.004733221	0.0018537414	0.002689874	0.0010476146	0.0009766114	0.0014239433	0.00022141491	0.0026629912	0.0006893651	0.00068002136	0.0018221231	0.002873554	0.010153673	0.001905031	0.0004140644	0.002873554	-19.96511459350586
s04e01a	180.0	5.0	0.9331144	0.9331144	0.0122031765	0.10918951	0.0002148279	0.0001409379	0.0003205072	0.0066853203	0.0025207598	0.008039585	8.681432e-05	0.00032370578	0.03478415	0.00083256443	0.006008504	5.474849e-05	0.00072567794	0.00011691009	0.00018425394	0.0004330135	0.0021978961	0.0007152246	0.0008923302	0.00050664437	0.00038799012	0.00055486214	0.010397921	0.0029123083	0.0013290314	0.00085325376	0.00022994522	0.0006709609	0.001251365	0.00032759554	0.00010586588	0.00092714553	0.0002861952	0.0008826765	0.00026307625	0.00016296358	0.0003356463	0.00026307625	0.0012100743	0.0005540739	0.0012863164	7.155345e-05	8.2209735e-05	0.0002736648	0.00049770967	0.0003660193	0.00059325056	0.00049043645	0.00018389097	0.0014469202	0.00027627114	0.0009750922	0.00018173216	0.0063795494	5.060011e-05	0.00021905385	0.00032180233	0.00012674839	0.00291454	0.0003806883	0.00017295967	0.00011452858	0.00053689524	0.024231838	0.0003163226	0.0008303765	0.015994873	-27.328632354736328
s04e01a	185.0	5.0	0.9436224	0.9436224	0.010744135	0.17934081	0.00036328725	0.0005516667	0.0013132484	0.21252516	0.0029884826	0.0014369676	0.00046986272	0.0011575591	0.31972948	0.0011480646	0.00034256864	9.292928e-05	0.00018520084	0.00022399011	0.00041860252	0.0018004237	0.0028253347	0.00028393613	0.0007213108	0.0005146529	0.00014291372	0.001296063	0.035073884	0.0039532213	0.0013367407	0.001945606	0.00015251711	0.001078583	0.0014387552	0.0011532003	0.0003625199	0.001627474	0.00086780195	0.001627474	0.00030059027	0.0004658112	0.0005454076	0.0004658112	0.00037244378	0.0019719708	0.0039919936	0.0003453026	0.00015807677	0.00080878654	0.0019820726	0.0011532003	0.00064726744	0.0010392269	0.00069101877	0.00068828394	0.00024474657	0.0011239445	0.0003955903	0.00091656344	0.0001140209	0.00031945505	0.00017302301	0.0002473897	0.00043560067	0.00027989966	0.0006142787	0.0006255571	0.0006984426	0.000860974	0.00014244381	0.0008919457	0.0015883825	-23.885690689086918
s04e01a	190.0	5.0	0.8417408	0.8417408	0.010498673	0.17478588	0.0028549044	0.000682471	0.0036311755	0.0019553814	0.0017975852	0.04271778	0.0013011062	0.0004283262	0.0054213	0.002443166	0.0008690158	0.00039622246	0.001442425	0.00038696858	0.00016884519	0.000800489	0.013692903	0.013692903	0.002930207	0.008073959	0.0038399345	0.008073959	0.06629364	0.0071754786	0.0024749765	0.00097653177	0.0007234718	0.0010585579	0.0018156628	0.00048246994	0.00042906302	0.0014652718	0.0005179395	0.0008455024	0.00053869217	0.0003419417	0.00023437056	0.00053869217	0.00045228438	0.0016087628	0.0015994642	4.891564e-05	0.00024933353	0.00062286714	0.0006706547	0.00036884236	0.00042552728	0.0007264768	0.0014254852	0.0013950272	0.000786906	0.005066121	0.00096078945	0.09222284	0.00011694354	0.00082312134	0.0043846928	0.0001844276	0.0029755274	0.00061317347	0.00037201156	0.0013673186	0.0006047823	0.0031184887	0.0013686416	0.00028092653	0.028639833	-21.636192321777344
s04e01a	195.0	5.0	0.86703616	0.86703616	0.015845688	0.2863889	0.00027388404	0.004949369	0.06653792	0.0033414552	0.0028123385	0.0061986158	0.0022720075	0.0005505266	0.0082049	0.0012949414	0.004370917	0.0006192576	0.0010243338	0.00063291396	0.0016156429	0.024772642	0.031476777	0.031476777	0.0007803002	0.0011696072	0.00033124958	0.0011696072	0.08084813	0.005741665	0.0018886118	0.0013374214	0.0006431567	0.001252177	0.0021579117	0.00026417713	0.00065903744	0.0007147037	0.00027280874	0.00066707283	0.0008109404	0.00025028863	0.00015744046	0.0008109404	0.00053923466	0.00058845204	0.00095109147	0.00019086794	0.00013809584	0.00093801017	0.0013513229	0.00025897028	0.00054197107	0.0014704698	0.00067855866	0.00068235357	0.0008052848	0.009535627	0.0020618357	0.019256858	0.00034500708	0.0010760849	0.0020124777	0.0001418627	0.0014939258	0.00035149825	0.00027584686	0.0012519147	0.0012942435	0.0013021189	0.0029244395	0.00019947393	0.006175764	-20.516977310180664
s04e01a	200.0	5.0	0.8463813	0.8463813	0.023777537	0.12116608	0.00063219893	0.006206093	0.15784681	0.0016257246	0.004233167	0.0025350365	0.0001073335	0.00036874198	0.0028890288	0.0021042118	0.0022654126	0.00045355607	0.0031756097	0.00017680817	0.002716153	0.037687708	0.0020306401	0.0020306401	0.0010732828	0.005538339	0.0007084517	0.006245928	0.08328407	0.015247733	0.0070981085	0.0017853413	0.0003942489	0.0018089036	0.0039003359	0.00034050335	0.0007717693	0.0005141243	0.0005141243	0.00042459957	0.0006274383	0.00063054654	0.00013423621	0.00072902656	0.00070548255	0.0023790165	0.0034185816	0.00038090066	0.000562701	0.0012002679	0.0017535941	0.00036896634	0.0024120193	0.007814536	0.0006892154	0.0017896761	0.0015172022	0.003435747	0.0031370732	0.007643505	0.0010929613	0.0012526446	0.00054242404	0.0003002566	0.0051624263	0.0024245474	0.0006715191	0.0016270191	0.0013611886	0.0018806146	0.014489546	0.00012717152	0.014489546	-23.43526077270508
s04e01a	205.0	5.0	0.86799616	0.86799616	0.031350892	0.3325604	0.0006941887	0.0035220427	0.006297101	0.027870972	0.0095396135	0.014669305	0.0011289438	0.0005069792	0.0062697125	0.0031735937	0.0011292687	0.00076283165	0.0012380388	0.00033428113	0.0004009729	0.004718282	0.0035401294	0.0035401294	0.00082565314	0.0013785016	0.0009986612	0.0020340793	0.021203283	0.0055460604	0.0027245213	0.0015535156	0.00074091996	0.0011050628	0.001365913	0.00048956304	0.00032207582	0.002248931	0.0009554296	0.0009009698	0.001267644	0.00091523177	0.00025739684	0.001267644	0.00056570146	0.003187222	0.01199081	0.0005172204	0.0005589952	0.0012020395	0.00154084	0.0013912739	0.0012115522	0.00246302	0.0008482703	0.0011697214	0.000393987	0.009247256	0.0008636753	0.007812321	0.0004346458	0.00076686987	0.0027531844	0.00023296164	0.001438664	0.00054104096	0.0008064359	0.0011302383	0.0004306671	0.0035131571	0.001292141	0.0013423087	0.003471725	-23.43185806274414
s04e01a	210.0	5.0	0.8449753	0.8449753	0.020175857	0.46952754	0.0010480897	0.0007677726	0.004952075	0.020302314	0.007239608	0.018676365	0.00068400346	0.00046516964	0.011705382	0.0031836366	0.0051640947	0.00052362017	0.004987511	0.0014261282	0.00046709	0.0021865498	0.0049144495	0.0031328353	0.0013283916	0.0021939895	0.0013659935	0.0021939895	0.03192168	0.005329146	0.0023818621	0.00093580567	0.00063412456	0.0006511965	0.0018336959	0.0013657205	0.0004632412	0.001530125	0.0013909823	0.001530125	0.001136903	0.0007133112	0.0004732332	0.001136903	0.0010731498	0.0051246723	0.009667705	0.00036165176	0.00046933067	0.0008566407	0.0011960383	0.0013657205	0.0021329254	0.0016340323	0.0015880233	0.002697193	0.0006170577	0.005822863	0.00093627075	0.013386991	0.0001665273	0.000454322	0.00096173276	0.00034035504	0.0015857122	0.0006722234	0.00060218706	0.0006159807	0.0018251158	0.008206075	0.000753802	0.00083073776	0.0020211902	-24.710777282714844
s04e01a	215.0	5.0	0.90187186	0.90187186	0.13500082	0.08991531	0.00026358364	0.0033502704	0.14516555	0.0026637905	0.0024005545	0.004744952	0.00010706475	0.00044250078	0.0017748447	0.0026374627	0.0012418282	0.0038603425	0.002522926	0.00041374282	0.0052741594	0.018123548	0.005789689	0.0055221426	0.0013760698	0.0014618565	0.0007394535	0.002104258	0.029010037	0.005088962	0.0017716931	0.00051658857	0.00012244622	0.0003469313	0.002039178	0.00023507576	0.00019368592	0.001453195	0.00064487313	0.0010534584	0.001375986	0.0009453191	0.00042211195	0.001375986	0.0009756474	0.002703951	0.01088318	0.0012754841	0.0012852087	0.00048716704	0.0068575363	0.0025056528	0.0018556223	0.012750901	0.0002976927	0.0058504823	0.0011571898	0.0030381037	0.00021301057	0.0005209687	0.0007342628	0.00063266366	0.00033769695	0.0003291279	0.0011149963	0.0009055242	0.0011939735	0.0032116082	0.0019584424	0.002682266	0.0033975241	0.00036729424	0.004355516	-21.523632049560547
s04e01a	220.0	5.0	0.91394514	0.91394514	0.04780565	0.50508356	0.00061088457	0.0020090758	0.010753246	0.0031132395	0.0015789572	0.0128064845	0.00022241783	0.0006125701	0.0011486883	0.0025555247	0.0009368294	0.00021002401	0.0007063201	0.0001461601	0.00031061552	0.0037142355	0.0055410815	0.0055410815	0.0006599856	0.0013806473	0.000656411	0.0018788045	0.05340627	0.0056041977	0.0017528422	0.0012745485	0.0007814454	0.00094038236	0.002524512	0.0006598155	0.00029903388	0.0011007006	0.00043523582	0.0006669997	0.00048835704	0.00025657675	0.0001088448	0.00048835704	0.00089281285	0.0013221708	0.003073933	0.00014481557	0.0001831073	0.0012671889	0.00072137546	0.0006598155	0.0008588523	0.0013462489	0.00034276923	0.0014509188	0.00077531935	0.0027541823	0.00081252767	0.016729346	0.00035059432	0.00088525395	0.0016875304	0.00019195314	0.0034883139	0.00054176134	0.00029421845	0.00023734498	0.00061145506	0.0044768555	0.0028022937	0.00014649064	0.005824163	-20.08957290649414
s04e01a	225.0	5.0	0.8177709	0.8177709	0.023477307	0.22737777	0.0031335263	0.0019726774	0.004506018	0.00448674	0.0016583919	0.09191534	0.0030254622	0.0007491637	0.0014461791	0.0044946615	0.0038515164	0.00065640226	0.0014895174	0.00074412575	0.00019387383	0.00089702226	0.013168473	0.011804356	0.0027218277	0.0035973317	0.0030724239	0.0035973317	0.03313467	0.0023576433	0.0006576458	0.0005873243	0.0005247714	0.0005024303	0.0013974466	0.00083790877	0.00038711855	0.024797527	0.008342309	0.024797527	0.0022699784	0.0027362367	0.011026205	0.0027362367	0.0051293806	0.0043012705	0.0043454054	0.00025899152	0.00034174713	0.000643355	0.0026925975	0.0023642879	0.00038965922	0.000677374	0.0012497719	0.0014355219	0.0007158816	0.002774565	0.0008119847	0.0033994368	0.00027975533	0.0015308982	0.010797527	0.00013852975	0.0015781599	0.00025931594	0.0017170846	0.0011637273	0.00058709853	0.0034177648	0.0021240816	0.0008025213	0.0054500783	-22.65674591064453
s04e01a	230.0	5.0	0.80980694	0.80980694	0.0016282527	0.005862511	0.00042838277	0.0003412134	0.0032981702	0.0012641221	0.0028175106	0.050338563	0.0007583105	3.5851896e-05	0.002073051	0.013451445	0.0003050437	0.00013209399	0.00056323764	0.0005925781	8.390094e-05	0.00040071327	0.015732259	0.002805232	0.0013438418	0.0027950052	0.0018154416	0.0027950052	0.03694987	0.0014719021	0.0007913766	0.00045384932	0.00021224325	0.00033566533	0.0010968215	0.00018724565	0.0002281468	0.0060051386	0.0060051386	0.0022638827	0.0009195515	0.0010779543	0.0012534645	0.0010779543	0.002722823	0.009998417	0.065674715	0.00031200127	0.0010042824	0.00020976525	0.00643142	0.011084583	0.010000537	0.44321308	0.003822711	0.017553266	0.001232769	0.00046854798	0.00046808776	0.00087246223	0.009967027	0.00064483134	0.00038277128	0.00018559983	0.018988373	0.0060909023	0.014670822	0.09562762	0.0012271602	0.0114137	0.0018265288	0.0004305419	0.09562762	-22.191261291503903
s04e01a	235.0	5.0	0.8691442	0.8691442	0.017906584	0.029831816	0.000256751	0.002527501	0.17537853	0.0056785494	0.0021007454	0.0057290187	0.00029107602	0.00030052295	0.07807104	0.0036292851	0.013657761	0.0053997478	0.0008942675	0.0006579336	0.0002381111	0.0059453007	0.014703185	0.014703185	0.001318661	0.004176818	0.0006307981	0.005665353	0.013960816	0.0028779292	0.0014279615	0.00071597646	0.0002480316	0.0005469233	0.00089993724	0.00013682991	0.00017700519	0.003848115	0.0019802738	0.003848115	0.0011041116	0.0011506841	0.0022505256	0.0011506841	0.00073175924	0.005934984	0.031743325	0.0001277336	0.00036047885	0.00034802945	0.0032850339	0.0025216413	0.008211825	0.3643663	0.0011420937	0.015540729	0.0005806914	0.0045946967	0.0005425466	0.0011974621	0.011175796	0.0008080036	0.0010913606	0.0002853065	0.003909665	0.0019801361	0.00090125226	0.023906494	0.0005779733	0.004000303	0.0010096028	0.0005357565	0.023906494	-22.490694046020508
s04e01a	240.0	5.0	0.7727059	0.7727059	0.041530386	0.029126212	0.00078210846	0.005540146	0.16599877	0.0074608726	0.0033106662	0.007895742	0.0018230486	0.00023478546	0.0064228512	0.006873715	0.0017936203	0.0013370889	0.006470579	0.0008166828	0.0074484367	0.03363909	0.0020662043	0.0017447211	0.0009969652	0.0009431172	0.00022912037	0.0009900645	0.020229394	0.0033522423	0.0016418877	0.0004961532	0.00015889796	0.00040740613	0.0017224213	0.00017907901	0.0002182019	0.0037824574	0.003592073	0.0037824574	0.0062995297	0.006349713	0.0010996881	0.006349713	0.0020160645	0.013049138	0.030880664	0.0027891118	0.0016135835	0.0010029791	0.003591619	0.0023746782	0.0066889278	0.017053172	0.00047010576	0.0028885095	0.0013716238	0.0021400128	0.001224655	0.0010113819	0.0006929464	0.0009456506	0.0010675854	0.00020405483	0.0028940882	0.0013204511	0.0028429583	0.009499136	0.0012474344	0.00877949	0.0074902987	0.00027354585	0.009499136	-22.9401798248291
s04e01a	245.0	5.0	0.81438124	0.81438124	0.008900399	0.008377981	0.0002223909	0.0009890547	0.025486924	0.001520274	0.00070169906	0.02016743	0.004084738	0.00023573157	0.0017043598	0.0051317904	0.0008887698	0.00057842326	0.0013237812	0.0014733276	0.0042849923	0.014315671	0.033026766	0.00949902	0.0028418326	0.004280295	0.0018619462	0.004280295	0.04240861	0.00822035	0.0027799094	0.0011938802	0.0012463203	0.0010778599	0.005556155	0.00017435504	0.00031795588	0.009244728	0.0016791391	0.009244728	0.017489808	0.0022277802	0.0011780888	0.017489808	0.0019953316	0.0058983727	0.018180603	0.0012304831	0.00041467193	0.00096600346	0.0036529326	0.004467065	0.011838195	0.00928264	0.00068332197	0.002154812	0.00094828964	0.0019099123	0.0008884548	0.0015939388	0.0009815253	0.00092848745	0.0011360337	0.00019243216	0.004921908	0.0006651835	0.0009202474	0.0016458074	0.0006932618	0.037993763	0.0015552554	0.00043443832	0.0060460977	-21.88492584228516
s04e01a	250.0	5.0	0.82259184	0.82259184	0.018478932	0.0064227995	0.003272463	0.0032117164	0.15124112	0.011081202	0.009176467	0.010672913	0.0018394373	0.00032686366	0.008340774	0.01711834	0.007722158	0.0013672789	0.0031783793	0.0010485298	0.0014652007	0.004938852	0.008338278	0.008338278	0.00065484043	0.008817166	0.0029802404	0.010480483	0.021574492	0.005744892	0.0027005274	0.0012525419	0.0004405382	0.0011012628	0.006839737	0.00014719844	0.00026556329	0.0022150762	0.0018279639	0.0014426495	0.0014029826	0.00064057426	0.00066038483	0.0014029826	0.006337973	0.00825565	0.017869087	0.00022546298	0.00068158825	0.00025641976	0.0015577845	0.02122861	0.004193535	0.24530378	0.00023014854	0.04675156	0.0007128352	0.0007519259	0.00019862801	0.0006654733	0.0025468075	0.0010660194	0.0011266427	0.00033599592	0.0071606794	0.008083634	0.011010772	0.044990014	0.00249129	0.006247517	0.004749052	0.00022575942	0.05365482	-24.271059036254883
s04e01a	255.0	5.0	0.81972337	0.81972337	0.015838604	0.119948514	0.0024290439	0.00047742657	0.0032332405	0.01177888	0.003215318	0.014597271	0.00046448904	0.0011022027	0.01171553	0.007398828	0.011390829	0.00055126334	0.0039121546	0.00018304097	0.00012895116	0.00082921697	0.010887544	0.009956902	0.0012621214	0.0023646837	0.001373499	0.0035849973	0.01889215	0.0034295437	0.0007550055	0.0021171577	0.00068097736	0.0015082131	0.0008563387	0.0005832307	0.00023733683	0.017103657	0.0045629833	0.017103657	0.0010204382	0.0012436855	0.006963637	0.0012436855	0.0052899453	0.0040486176	0.0051152282	0.00032512262	0.00020972865	0.000648368	0.0021292404	0.004495899	0.001055917	0.0073779193	0.00066495663	0.0021941368	0.0029328638	0.0018313933	0.0009603493	0.036830068	0.0027098004	0.00075247674	0.0045776563	0.00031226373	0.004331753	0.0011537365	0.0017522675	0.0014755614	0.0022831995	0.015563275	0.003854472	0.0017820478	0.0084161125	-25.461156845092773
s04e01a	260.0	5.0	0.82577646	0.82577646	0.2989863	0.010740867	0.00036977587	0.0036271752	0.12061709	0.0016559092	0.0025565932	0.0010926801	0.0002157292	0.00088663155	0.0023093312	0.0028458836	0.00086835405	0.00086034386	0.0025120538	0.00023821602	0.007864337	0.01716023	0.004087617	0.0020338567	0.004087617	0.0025346798	0.0012860867	0.005481905	0.013676646	0.008087982	0.0067127566	0.002366168	0.00046434402	0.0019175119	0.0021646032	0.0013521017	0.00021576582	0.0073019415	0.0073019415	0.0033791228	0.008562219	0.017194549	0.0015891244	0.017303452	0.0011433184	0.021876434	0.022693336	0.0052308985	0.0011967358	0.0013385459	0.018532483	0.0017621086	0.0042146593	0.010314446	0.00032804682	0.004066098	0.0009876649	0.0036323592	0.0003219825	0.0028562814	0.0017736305	0.0009957724	0.00066588947	0.00062298594	0.0017004099	0.0037371863	0.0014483326	0.0031355286	0.002637839	0.0029183156	0.0022514553	0.0054985574	0.006007715	-23.842823028564453
s04e01a	265.0	5.0	0.7922636	0.7922636	0.018269386	0.191249	0.001503119	0.00183958	0.008825521	0.004159154	0.0033476157	0.090195246	0.0020198433	0.00048707463	0.006006397	0.0052310764	0.0019290817	0.0012626023	0.0023389426	0.0005227355	0.0008339289	0.01004374	0.019445734	0.019445734	0.0028335508	0.006282998	0.0034776242	0.006282998	0.061977558	0.0043734037	0.0012388345	0.0007828194	0.00083080906	0.0010549889	0.001161395	0.0005330678	0.0007404802	0.0015243829	0.0009128072	0.0012856091	0.0020131702	0.00066662923	0.00039776103	0.0020131702	0.0011218596	0.002800714	0.0056996886	0.00029084578	0.0005731532	0.0011890291	0.0028465253	0.0012744896	0.0011819506	0.0021681942	0.0018660004	0.0023269288	0.0005035868	0.0077206087	0.0016322279	0.0069110733	0.00026101555	0.0010291777	0.015995834	0.00015962964	0.0020217972	0.0006017545	0.0005231485	0.0020301165	0.0006836027	0.0025075031	0.0045980914	0.0006013391	0.03377265	-22.880374908447266
s04e01a	270.0	5.0	0.89079446	0.89079446	0.05228495	0.026936091	0.0016228219	0.0025391395	0.009499415	0.0010927136	0.0017484131	0.008440062	0.00028888008	0.000382739	0.003193796	0.018126858	0.003661704	0.00023866206	0.0028969557	0.00035665088	0.0015634388	0.0027621775	0.03137662	0.02629584	0.002747571	0.007437041	0.0047330214	0.010054499	0.103486985	0.009253016	0.0029714857	0.0013662473	0.00046854396	0.0011846004	0.0027044204	0.0002581858	0.0005104939	0.0035318527	0.00082619383	0.0029546954	0.0022850132	0.00041470968	0.0002863098	0.0022850132	0.0043629995	0.0025503254	0.0010359822	0.00010902367	0.00026918692	0.0005167651	0.00043616016	0.0046634846	0.0006060509	0.0045535103	0.00031104166	0.0066645956	0.002085611	0.0017191342	0.00027166825	0.014801872	0.00052738085	0.0005781565	0.0004945488	0.00026214833	0.0034730267	0.0015506101	0.0006428503	0.001697471	0.0011754424	0.011931099	0.0052907816	0.0002032932	0.007390999	-26.747039794921875
s04e01a	275.0	5.0	0.8811077	0.8811077	0.0013058081	0.019029645	0.0004239862	9.375045e-05	0.0010321711	0.00013320112	0.0021922083	0.007026984	3.1861382e-05	2.1691627e-05	0.0019237916	0.0060695317	0.00053141214	0.00014132333	0.004302686	0.00011850931	4.6947105e-05	0.00015369891	0.0025855494	0.0025855494	0.00072772295	0.00162611	0.00043596557	0.00162611	0.0102628125	0.00289029	0.001375194	0.00046169103	0.0002883196	0.00042816682	0.00028157787	0.00014317178	8.6972505e-05	0.0012910388	0.0005399771	0.00043399146	0.00037450594	0.00035780825	7.021194e-05	0.00037450594	0.006639685	0.0026198018	0.020333834	0.00021020192	0.00013875197	0.000100169214	0.00083300564	0.0015778736	0.0020273305	0.030719731	0.00017192234	0.0018437216	0.004758205	0.0006695282	0.0010802252	0.016548645	0.0038882627	0.00024476688	0.0009088265	0.00015337099	0.0068335854	0.0038199988	0.000119892255	0.0009438247	0.0013352927	0.020905219	0.00038682748	0.00043854048	0.051167727	-28.456195831298828
s04e01a	280.0	5.0	0.65089226	0.65089226	0.007176515	0.008243927	0.0002474961	0.0018655672	0.034059566	0.0015639487	0.0012349302	0.009437533	0.00050279085	0.00020583993	0.0039604506	0.008868995	0.0014913213	0.0018641594	0.0009080786	0.00029370337	0.001163654	0.01228935	0.010221686	0.008960919	0.0005107126	0.006255323	0.0014713752	0.014637332	0.013939728	0.0024306516	0.0007870777	0.0006905839	0.0005207974	0.0006235945	0.0016718634	0.00040657484	0.00024814892	0.0058619557	0.0037588386	0.0058619557	0.001990868	0.0012808376	0.0009898023	0.001990868	0.019914987	0.0028693841	0.021681352	0.0029770727	0.0010054676	0.001823618	0.0030464719	0.034234494	0.0016921278	0.011802632	0.0003121277	0.0031231751	0.0011520715	0.00068618945	0.0006393989	0.0067368103	0.013627666	0.0015677424	0.00047728576	0.0002517531	0.0055603483	0.0012746346	0.001311694	0.02121183	0.0039919484	0.0077657737	0.0012166725	0.00034978136	0.029718116	-22.632373809814453
s04e01a	285.0	5.0	0.6609133	0.6609133	0.26882443	0.008572689	0.0002916769	0.0025715919	0.21711262	0.0011649915	0.0023120004	0.001149869	0.00030311037	0.00018060465	0.0032506352	0.013704236	0.0033631409	0.0014220828	0.005867636	0.00038172674	0.016726343	0.006347674	0.0073493947	0.0039219144	0.0017996012	0.0025203114	0.0004078252	0.0035749022	0.025734777	0.012028457	0.0058176727	0.0022117451	0.0011056272	0.0016710669	0.010651858	0.0008245948	0.000603996	0.0012025675	0.0012025675	0.0007986588	0.0007192834	0.00090853596	0.00041663903	0.00090853596	0.0022223569	0.0035914793	0.002416052	0.00055095076	0.0005674014	0.0004788239	0.0053062723	0.0014941997	0.00228753	0.026990158	7.1825256e-05	0.0030453485	0.0026155866	0.0034163017	0.00016099897	0.00021337833	0.0034999577	0.0018065443	0.00051373534	0.00028060022	0.018000862	0.0016713827	0.0013763084	0.0059998464	0.0010792336	0.0028325834	0.010664926	0.00010280622	0.018662393	-24.323673248291016
s04e01a	290.0	5.0	0.87393576	0.87393576	0.03956614	0.0011381687	0.00013323745	0.00027661692	0.0005897108	0.000760895	0.0025073243	0.00080841826	0.00061616447	0.00022266545	0.0027379065	0.003794362	0.0019988795	0.00012125341	0.0054208958	7.6060904e-05	0.00033611315	0.00042604862	0.0024140107	0.001468168	0.00040969008	0.0014750219	0.00059154653	0.0085733915	0.013582016	0.007739235	0.0039886	0.0029481999	0.00059230905	0.0029324272	0.0014299081	0.0002577109	0.00013553139	0.0020204978	0.0003928087	0.0014080288	0.0012087196	0.00016830752	0.00027004626	0.0012087196	0.0017871982	0.0010379732	0.002187064	0.0001782735	0.0002297366	0.00021308269	0.0004934871	0.0010746825	0.00051401457	0.014314576	0.0011333568	0.0053824615	0.0009739176	0.014223101	0.00040575417	0.0018142202	0.001290852	0.0019409317	0.013062877	6.5448345e-05	0.22837971	0.0034608964	0.00024276115	0.0011212539	0.0010320594	0.0026650538	0.0022810444	0.0006996151	0.22837971	-22.433124542236328
s04e01a	295.0	5.0	0.728999	0.728999	0.10285341	0.005396176	0.0004958681	0.0069690836	0.18319498	0.0096344575	0.005479285	0.00063711836	0.05249876	0.0006544128	0.017187009	0.001522761	0.0021295727	0.0011699499	0.0010730957	0.0012933206	0.0069069476	0.0058931382	0.008929368	0.0014743044	0.00093312666	0.0027422544	0.0014654741	0.0027422544	0.03248447	0.011278068	0.004797746	0.0012680509	0.0006026257	0.0011735231	0.0025522837	9.84959e-05	0.00023310317	0.0019738288	0.0015467097	0.0019738288	0.0027307903	0.0027374001	0.0008246483	0.0027374001	0.00086358516	0.004130432	0.0047516064	0.0011546056	0.00061899505	0.000688757	0.0031026762	0.0007174159	0.0011640348	0.0059024845	0.00010369292	0.00090777234	0.00047017165	0.00425666	0.00032425154	0.002821181	0.00038063023	0.0011831683	0.0010924808	0.00029407517	0.0031536298	0.0012887918	0.0013048502	0.0062854537	0.0011590957	0.0020597128	0.0026269646	0.00036246062	0.007871078	-22.28583526611328
s04e01a	300.0	5.0	0.8470272	0.8470272	0.34925908	0.0069322893	0.0004011815	0.0021070775	0.16981763	0.001138019	0.0014494613	0.0016915535	0.0008027156	0.00022624512	0.0022621588	0.0020697666	0.0016967601	0.0012669282	0.0021751865	0.00043471294	0.0051330808	0.05641248	0.003288367	0.0015284854	0.002302407	0.009100259	0.0007575225	0.009100259	0.027914183	0.005146691	0.003002815	0.00063174183	0.00022727098	0.00076328794	0.0021152545	0.00045029155	0.00022505042	0.0012105821	0.0012105821	0.001012044	0.0040082633	0.0030173396	0.0003381854	0.0040082633	0.00064586493	0.010935027	0.004640498	0.00061073585	0.00027615816	0.00043301005	0.0025446885	0.0016720353	0.0012123627	0.00834876	0.00027117247	0.0019087691	0.00043036178	0.0014748197	0.00016942997	0.0009065735	0.0009975111	0.00053629634	0.0007834227	0.00017230601	0.0026884724	0.0014827444	0.00048336966	0.0021686298	0.0017639709	0.0058898455	0.0014777065	0.00073168636	0.0040695076	-25.51253318786621
s04e01a	305.0	5.0	0.6768019	0.6768019	0.07491205	0.0038369263	0.0004118275	0.0049381824	0.08367355	0.0016101229	0.0035962467	0.001577776	0.0013055445	0.00021611503	0.004469394	0.0025789482	0.00029290386	0.00033649118	0.0015554678	0.0009514096	0.009595381	0.025196696	0.0024193595	0.0016229972	0.0024193595	0.005050225	0.0007066934	0.005050225	0.18185633	0.01002444	0.002519372	0.0008677817	0.0004988061	0.0007289814	0.0033297148	0.0013296689	0.00066221063	0.0016601763	0.00070115895	0.00039714362	0.0010333428	0.0010266389	7.2431496e-05	0.001071642	0.0015458829	0.0014607954	0.007054821	0.0027295698	0.00082816515	0.0026697195	0.0026175403	0.00043473698	0.001736558	0.013251896	0.001070592	0.0021073981	0.0018832441	0.0012974303	0.0015733818	0.0040843263	0.0005634637	0.0022097742	0.00017912238	0.0002345313	0.0018727302	0.003408623	0.0004331989	0.0033215545	0.0013741087	0.010673814	0.012890611	0.00015886282	0.20026077	-21.21139907836914
s04e01a	310.0	5.0	0.05603796	0.05603796	0.000240356	0.00010431027	9.7565964e-05	0.00021897408	0.00032875474	0.00021986658	0.00228531	0.0009703694	0.0002590767	9.08562e-06	0.00060627825	0.006536988	0.0022031877	3.9402963e-05	0.0017449802	0.00018232784	0.00014730403	0.0013643171	0.0011991526	0.00062133744	0.0005941811	0.0003780408	9.775716e-05	0.0007639203	0.41076595	0.011129237	0.0017187397	0.001316939	0.0001207522	0.0014862381	0.0084075695	9.148702e-05	0.0025085756	0.050786287	0.050786287	0.0027683552	0.005390086	0.09902616	0.0026170735	0.09902616	0.011248474	0.020529065	0.28451487	0.03097988	0.00046617392	0.00032200612	0.014152519	0.012777291	0.0028085287	0.015813686	0.00032260193	0.0014793763	0.000664175	0.00025146906	0.0010857303	0.002605722	0.16972402	0.00047203747	0.00036636912	4.8952268e-05	0.034636118	0.0042889733	0.0061928374	0.003372526	0.005856942	0.008092793	0.00062347983	0.00036768647	0.034636118	-23.13599395751953
s04e01a	315.0	5.0	0.8386216	0.8386216	0.004953739	0.00083085813	0.00017398137	0.00032062703	0.004681276	0.00023962928	0.0044930275	0.0010628647	0.0009998536	9.065747e-05	0.001898255	0.0146978535	0.00024649122	0.000113501075	0.0004835655	0.0001234021	0.00016035564	0.00036506396	0.0040613855	0.0040613855	0.000962352	0.010936616	0.0031803136	0.010936616	0.5234395	0.021690214	0.008998988	0.0013907412	0.00047589192	0.0009779242	0.010890543	0.00034719319	0.0010318053	0.001337138	0.0006720098	0.0008815183	0.00032198924	0.00027032424	0.00039303044	0.00032198924	0.0123217	0.0039728982	0.07205489	0.00014159526	0.0025922896	0.0001869511	0.00075238966	0.010490032	0.0038151718	0.18007092	0.0040494967	0.014828549	0.0019840715	0.0031388095	0.0005931934	0.0010567805	0.022901453	0.001210578	0.0007127869	0.00021397076	0.009841688	0.004825825	0.0055898298	0.1992087	0.002378952	0.0021053825	0.0015847048	0.00042498467	0.1992087	-24.092384338378903
s04e01a	320.0	5.0	0.85224366	0.85224366	0.006759268	0.009672057	0.0006331263	0.00049030886	0.0018121075	0.0030310666	0.0023981885	0.0037546894	0.0003162068	0.00067270274	0.022241397	0.021101702	0.0052984906	0.0002159169	0.0013316446	0.00017991559	0.00013510686	0.00040214698	0.015483521	0.0082066925	0.0051130885	0.0070708725	0.003011802	0.0070708725	0.015473168	0.00532143	0.0026258281	0.0012549375	0.00041597174	0.0010393442	0.0007180725	0.00023622387	0.0001249199	0.0054612015	0.0016668569	0.002417074	0.0024020062	0.0008102337	0.0005222126	0.0024020062	0.005972905	0.005684349	0.0017698556	8.255643e-05	0.00036677235	0.00041885857	0.0004799558	0.000938508	0.0004754664	0.008443758	0.0016287016	0.0032362402	0.0062950607	0.0034398737	0.0007332887	0.00830789	0.00021191686	0.0004836826	0.001309915	0.00028781782	0.0034094735	0.00193145	0.00039998296	0.00081027386	0.0013156183	0.04508888	0.00093631406	0.001454833	0.019912282	-22.419586181640625
s04e01a	325.0	5.0	0.7839709	0.7839709	0.037929382	0.006254881	0.0006014775	0.0034583597	0.28055456	0.0012356703	0.003361786	0.0009201159	0.0005175052	0.00017237914	0.0013651652	0.0012949543	0.002208994	0.00018064652	0.0013510006	0.0007452225	0.00323716	0.021917209	0.0018917703	0.0011431114	0.0018917703	0.001813552	0.00068072433	0.001813552	0.037755366	0.00904967	0.0059965122	0.0016234168	0.0009809429	0.0014551751	0.0020168342	0.00033806788	0.00023021942	0.0014992686	0.0007876949	0.0012719907	0.002558997	0.0014809191	0.00038255827	0.002558997	0.0012666995	0.0041878796	0.022396723	0.0011168874	0.00047174245	0.0013585271	0.003704584	0.0012816711	0.011867416	0.018254936	0.0006753162	0.0015744878	0.0010081745	0.006261714	0.0012344386	0.008660645	0.0017899913	0.0012285046	0.00038301293	0.00047387602	0.0053797048	0.004862888	0.00058638916	0.0013957642	0.0013986935	0.003563054	0.0011182016	0.00025601717	0.0053797048	-21.384449005126957
s04e01a	330.0	5.0	0.60974926	0.60974926	0.020953443	0.0068875104	0.00024627935	0.003344461	0.23519464	0.00096256466	0.0037818986	0.0010986798	9.897344e-05	0.00053183397	0.0010312167	0.004078132	0.003234195	0.000995837	0.0012729883	0.0006261832	0.0035900632	0.4473244	0.009625835	0.0050518024	0.0017262035	0.0022801266	0.0006770087	0.0022801266	0.05876532	0.014220987	0.00751265	0.002275809	0.00094236404	0.0029702978	0.0037402695	0.0008808232	0.000729438	0.001642937	0.001642937	0.00076495396	0.003748069	0.0029629527	0.0003640812	0.003748069	0.00063847634	0.010650199	0.0037561061	0.0008284374	0.0004595978	0.0006658847	0.0064780205	0.0013885167	0.0029808173	0.003229344	0.0001299748	0.000431461	0.0012228622	0.0020775502	5.8417805e-05	0.00041761462	0.00049791136	0.0018136383	0.00028195503	0.000391119	0.0022175573	0.0002614594	0.0011298503	0.0015585517	0.0010612033	0.0017432675	0.0025531251	0.00020356357	0.0025531251	-22.478525161743164
s04e01a	335.0	5.0	0.8317563	0.8317563	0.028022828	0.0021580236	0.0013149662	0.00034057233	0.0011060433	0.001872528	0.000942943	0.0010902507	0.0003207799	0.0007794627	0.0720227	0.0020570827	0.00086726586	0.000229104	0.0012268219	0.00013028277	0.0001159984	0.0010952188	0.009925045	0.0012067195	0.0037886922	0.001244426	0.001427071	0.007639693	0.010737604	0.00541484	0.0032116463	0.00086686434	0.00029439665	0.00082980306	0.0009888079	0.0010447621	0.00020414592	0.005261341	0.0034206454	0.0009786917	0.0011622444	0.0022725523	0.00032093527	0.0022725523	0.0014695934	0.008853265	0.0062374985	0.00063733454	0.0002881671	0.0006162549	0.0017021026	0.0017059605	0.0013364238	0.007970542	0.0006057676	0.0010928103	0.0010934606	0.0027436528	0.0010352012	0.05771945	0.00028335795	0.0005734789	0.0017413781	0.00057146	0.009662224	0.046299294	0.0009235888	0.00024756877	0.0013788483	0.012868526	0.0005709602	0.0013810825	0.046299294	-24.441192626953125
s04e01a	340.0	5.0	0.12984495	0.12984495	0.0009019107	0.0012606027	0.0014636249	0.00025018913	0.0007075307	0.0015557079	0.004361353	0.0028347715	0.00048402208	0.00020801216	0.03633445	0.008785277	0.04407133	0.0065387134	0.009496601	0.00013410342	0.0003486478	0.0006748041	0.042348042	0.042348042	0.04110987	0.0022530581	0.0028608402	0.01260329	0.010313506	0.0073537966	0.0028867729	0.00062816165	0.00033948073	0.0005740454	0.001442041	0.00010385936	0.00012846343	0.010318457	0.002402157	0.0038129252	0.0010418018	0.0016567286	0.0018189481	0.0016567286	0.015605446	0.0047821617	0.007092861	0.00019367225	0.00021343629	9.100767e-05	0.0023567665	0.0038046623	0.0011730721	0.0017067669	0.00020987989	0.0017651375	0.0021014772	0.0010784854	0.00010281642	0.15156694	0.001771409	0.0015241664	0.001289881	0.00032911033	0.0063576307	0.0019159227	0.0005619909	0.00058146706	0.0013816739	0.046070226	0.00052425417	0.002743328	0.030700821	-37.03386688232422
s04e01a	345.0	5.0	0.876046	0.876046	0.010662536	0.003417961	0.0034855667	0.0007504888	0.0015884452	0.003777069	0.0030422388	0.0074913655	0.00028048977	0.0006560614	0.010556619	0.008209937	0.012382263	0.0006692025	0.009055542	9.49665e-05	0.00016481176	0.00070955034	0.03103458	0.03103458	0.004797368	0.0019281033	0.0028759171	0.004189109	0.009835158	0.0035022635	0.0030335693	0.00041518098	0.0004055506	0.00043370939	0.0010228715	0.0005811675	0.0001461236	0.008188847	0.0016620647	0.000975107	0.0047498727	0.0006937181	0.00024144172	0.0047498727	0.004074011	0.0057914783	0.0032766045	0.00015799887	0.00031182793	0.00047768556	0.00088110816	0.0046732444	0.0013547648	0.003368416	0.0009845946	0.00085706846	0.0007383367	0.0024093348	0.00040896627	0.032563433	0.0007537025	0.00059504085	0.0015519498	0.0004897273	0.0076447204	0.0062353644	0.002033421	0.00042965633	0.0013612754	0.022148132	0.0011268621	0.0013516878	0.0076447204	-24.175397872924805
s04e01a	350.0	5.0	0.84733224	0.84733224	0.052100692	0.0050455793	0.00031368912	0.0020497094	0.46106422	0.0041708522	0.0062521165	0.00086413254	0.00027571013	0.00021506503	0.0043063094	0.0019719922	0.004494359	0.002994672	0.0012461958	0.010718651	0.0013058131	0.0771983	0.003022231	0.0014723017	0.003022231	0.0010150176	0.00023252117	0.0021257298	0.033836514	0.005244871	0.0024450857	0.00061800703	0.00050331926	0.00090512267	0.0022999635	0.00024043556	0.00022043058	0.0026048548	0.0026048548	0.001149115	0.0047749346	0.004334032	0.0005494988	0.0047749346	0.0007562217	0.014701699	0.016408795	0.0007512881	0.00053518976	0.0003306126	0.0032983269	0.0026423917	0.0071872966	0.0032700736	6.081954e-05	0.0006817517	0.00065073895	0.0026025414	0.00016355311	0.00035848192	0.0017031465	0.0012968174	0.00011750568	0.00033359666	0.0017350024	0.00062423706	0.00096144556	0.008569638	0.0014779881	0.003418247	0.0006186736	0.00014751207	0.008569638	-21.35791015625
s04e01a	355.0	5.0	0.92126256	0.92126256	0.023519477	0.06948887	0.00019919794	0.0027631917	0.061724365	0.0016656956	0.0029087353	0.0075299204	0.00034727794	0.00018491711	0.003928557	0.0057940683	0.0059475107	0.00069681904	0.0017982757	0.0010317571	0.00071487774	0.07251117	0.09450638	0.0057900017	0.0020176233	0.0035970209	0.00041360242	0.0035970209	0.055025265	0.0069207377	0.0021018742	0.0012119366	0.0007381376	0.0011108863	0.001979714	0.00041415522	0.0006476275	0.0014697075	0.00076732977	0.0014697075	0.0016480639	0.0005046086	0.00043881123	0.0016480639	0.00097597146	0.0015625182	0.0007663855	0.00013586898	7.452247e-05	0.00013720698	0.0013996502	0.0010972071	0.0015085945	0.005868159	0.0002160005	0.002178672	0.0013042942	0.0031510708	0.00026407238	0.00033026637	0.0015290682	0.0005827501	0.0006505616	0.00020330948	0.0028023152	0.00030558425	0.0001568172	0.0019997994	0.0019630736	0.0032325075	0.0030598335	0.00028915066	0.004885392	-25.464073181152344
s04e01a	360.0	5.0	0.9049214	0.9049214	0.0067607635	0.19906977	0.0006985435	0.00031335346	0.0012787556	0.001506368	0.0021099779	0.017162532	0.00011656223	0.00018760824	0.0044502364	0.008278313	0.002984036	9.642011e-05	0.0008176212	0.00032098667	0.0003736451	0.0008121801	0.011825228	0.003069805	0.0015847719	0.0035730053	0.0018221923	0.0035730053	0.029799398	0.0039587524	0.0011807308	0.000757599	0.0002457853	0.0007277577	0.0010686346	0.00044580488	0.00027208094	0.0030231117	0.0007033253	0.0007116127	0.00058264175	0.00034087882	0.00012194065	0.00058264175	0.0026044892	0.0027147064	0.0032331806	8.153098e-05	0.00020789893	0.00044387594	0.00072327565	0.0013007511	0.0011992839	0.0027815413	0.0010348966	0.004480455	0.0013448168	0.0020453015	0.0018289838	0.055090144	0.000266974	0.00046230495	0.00058697513	9.5134994e-05	0.0074595097	0.0012191127	0.00065166963	0.00040407412	0.0016094086	0.009877649	0.002719244	0.0002145804	0.015758004	-26.954954147338867
s04e01a	365.0	5.0	0.79189706	0.79189706	0.016610984	0.013604405	0.000708682	0.00035140276	0.0007897173	0.0005998468	0.002567637	0.0096761	0.00011721919	0.00035000188	0.004851214	0.013517325	0.0030926059	0.00016834892	0.005086263	0.00022414651	0.00024843513	0.00074396585	0.01315231	0.007408517	0.0017206946	0.0033749295	0.0019253605	0.012275975	0.023470862	0.004603107	0.002235028	0.0007361124	0.00041695827	0.0009001871	0.0010573298	0.000702426	0.00018235948	0.0034410604	0.00087445433	0.0010507201	0.0012599577	0.0002793467	0.00028313303	0.0012599577	0.009564982	0.0025904987	0.0044127353	0.00013075036	0.00020075709	0.0003531205	0.0007887059	0.011419389	0.0017323088	0.0086537525	0.0008829659	0.0049673896	0.003097928	0.0013541391	0.0003156538	0.02230373	0.0049265483	0.00059745583	0.0016264941	0.00013662704	0.04945001	0.002391301	0.0011045439	0.00051092444	0.005537037	0.032055534	0.0025807605	0.0006647174	0.054801807	-32.10849380493164
s04e01a	370.0	5.0	0.7447108	0.7447108	0.0193546	0.0069254525	0.0008740811	0.0012133238	0.07449168	0.0071668862	0.0018248864	0.0038458414	0.0015624907	9.710744e-05	0.025152814	0.067242466	0.02040802	0.0052469834	0.0024646842	0.00040294536	0.0008810128	0.009781488	0.008538524	0.005122679	0.0040013404	0.0008623994	0.00028409754	0.0015720401	0.013303304	0.0029647308	0.0014577105	0.00063571235	0.00023439492	0.00054037356	0.0009768956	0.00015280534	0.00016029541	0.0038779983	0.001971161	0.0006913372	0.0012268195	0.0014582714	0.00029009252	0.0014582714	0.019949961	0.0043187705	0.009505384	0.00042526855	0.00032664748	0.00020784067	0.002148068	0.0032766012	0.0037234735	0.005597288	0.00040549203	0.0029402673	0.00056901074	0.0012358787	0.0004075776	0.13594636	0.006934289	0.0003644135	0.00041850135	0.00010550953	0.0018145086	0.0035322185	0.00329289	0.0013746147	0.0006049178	0.021778073	0.001312402	0.0012061956	0.059584465	-28.60313415527344
s04e01a	375.0	5.0	0.85586494	0.85586494	0.056615792	0.009181405	0.0008053397	0.0024984241	0.21920443	0.011406826	0.0023611607	0.0020836191	0.0028431113	0.00043058087	0.048026107	0.004672659	0.010949384	0.014813024	0.0012392286	0.00080969965	0.0013065838	0.04215444	0.01228166	0.008981706	0.005482841	0.0022566842	0.0012454297	0.0025224367	0.018631786	0.006730431	0.0042348313	0.001880166	0.0003174994	0.0021222995	0.0016147248	7.847395e-05	0.0002176079	0.0022281248	0.0019752532	0.0009064634	0.0018890756	0.002389534	0.0003535026	0.002389534	0.0020253728	0.0059743607	0.0058854725	0.0006439028	0.0003573084	0.0006581431	0.0022656627	0.0014139545	0.0028225281	0.004166023	0.00015577368	0.0011262338	0.000572318	0.002144204	0.00026106584	0.026660958	0.0023532554	0.00046280754	0.00026717264	0.00029266352	0.0017764878	0.0021929918	0.0020333312	0.0046581603	0.0011041705	0.006028843	0.0023843844	0.0005333676	0.013247383	-27.01341819763184
s04e01a	380.0	5.0	0.8945609	0.8945609	0.09288635	0.02034134	0.001564943	0.0013071059	0.14045516	0.009142732	0.004796676	0.0046416055	0.00070466247	0.00048983097	0.019803798	0.0049505266	0.029678632	0.0052409763	0.0023549532	9.167137e-05	0.0009770864	0.011072312	0.013442146	0.013442146	0.0021096438	0.0010510264	0.0010201086	0.0018921897	0.022799512	0.010951321	0.0033934677	0.0013546098	0.00022255296	0.0012252651	0.0018426224	0.00058739656	0.00017108228	0.0008413285	0.0005169375	0.00059262215	0.00054931943	0.00030858567	0.0001653345	0.00054931943	0.0010497661	0.0014307097	0.0017402073	0.00019129063	0.00017562043	0.0003234667	0.00073509663	0.0011025004	0.0007293156	0.009694211	0.00018143124	0.0017002287	0.00261468	0.0029848502	0.00031912327	0.024855785	0.0025095409	0.00040068635	0.0017825713	0.00037910094	0.00093017786	0.0022701393	0.0006024701	0.0045257094	0.0032289652	0.0096761	0.0022738155	0.0012780008	0.0049482957	-23.804542541503903
s04e01a	385.0	5.0	0.7565699	0.7565699	0.034220416	0.0038523816	0.00059545017	0.008567276	0.03652805	0.0006252302	0.0060361084	0.0021727858	0.00038181533	0.00030235012	0.0019787203	0.012940326	0.0012287463	0.0001398178	0.007370007	0.00017465954	0.011543444	0.23101375	0.0033705425	0.002339261	0.0007166475	0.0031365904	0.0006007084	0.0034442015	0.10407286	0.021896457	0.009185784	0.00084074476	0.0004096487	0.00094497774	0.010102354	0.00051586865	0.00063606875	0.00076359784	0.00076359784	0.00057946675	0.0014679414	0.0010620732	0.00013763258	0.0014679414	0.0029173156	0.0072666914	0.0070165214	0.0003475232	0.00038945052	0.0005493676	0.0021027094	0.005157076	0.0037940089	0.01883913	0.00036347154	0.0050679455	0.0045062555	0.0019127415	0.0014626057	0.00085506146	0.0015284956	0.00091708056	0.00036257418	0.00018507779	0.0068863267	0.007835512	0.0023220442	0.004274625	0.0046272925	0.004740774	0.013441464	0.0005880231	0.032843575	-20.526779174804688
s04e01a	390.0	5.0	0.7964062	0.7964062	0.004476129	0.033025846	0.0016766756	0.000625237	0.00071438914	0.0008595179	0.0027998723	0.10078969	0.00039286749	0.00046168	0.001807203	0.037743997	0.012725955	0.00026369625	0.0028809384	0.0006947029	0.0004787324	0.0038655482	0.117357306	0.013799328	0.0047115446	0.0102716265	0.015291435	0.015291435	0.025790948	0.004684334	0.0020542422	0.0010028124	0.00061471976	0.00085352093	0.002782605	0.0006256176	0.0003910025	0.011291545	0.008988885	0.00554868	0.007156708	0.0027975568	0.0015190388	0.007156708	0.01051649	0.019330842	0.0023880906	0.00026351705	0.0005909402	0.0006570419	0.0013170801	0.00553919	0.00066677475	0.0020587563	0.0008057672	0.005661986	0.0016945613	0.0012527084	0.0003533877	0.0174212	0.00048656974	0.0011720753	0.0007911575	0.00047893095	0.003648971	0.0009097569	0.0010754156	0.000797434	0.001100244	0.03205709	0.0008754956	0.0007561453	0.012633797	-24.823820114135746
s04e01a	395.0	5.0	0.83973455	0.83973455	0.028204737	0.0021614928	0.0005162287	0.001730779	0.2988778	0.0016367611	0.0010238133	0.0029132222	0.00027052197	0.0003249714	0.0069699707	0.002353963	0.005088887	0.00087504025	0.0028618986	0.0003215208	0.002749287	0.021921901	0.0048149116	0.0020896918	0.00036101879	0.0009840337	0.00027319422	0.009642537	0.015667222	0.0033603867	0.0018568682	0.00093938876	0.00018894134	0.00092632347	0.0019787531	8.180215e-05	0.00017102911	0.0020221467	0.0006120685	0.0020221467	0.00087692915	0.00055148243	0.0002731023	0.00087692915	0.0058878525	0.0006715712	0.0014993093	0.00012598289	7.496537e-05	9.067572e-05	0.000630711	0.006407909	0.00038561854	0.0027761313	0.000101354686	0.0017036548	0.000390398	0.0024216406	0.00012460964	0.0047235987	0.0036069022	0.00037254178	0.00026102428	0.00021329836	0.0031480242	0.0013517387	0.0008922997	0.0011622106	0.00065927836	0.004933725	0.0015108524	0.00023259477	0.014433058	-22.49790382385254
s04e01a	400.0	5.0	0.84819496	0.84819496	0.043217562	0.038217742	0.0013933768	0.0032308272	0.097098276	0.0020430293	0.004279897	0.011117315	0.00035322402	0.00020521988	0.002855627	0.012703801	0.00618411	0.0010999228	0.015534463	0.00021199831	0.018825153	0.0954928	0.008163249	0.008163249	0.00059155555	0.0027082954	0.0009027429	0.0027082954	0.03391963	0.018003926	0.00585433	0.0013165685	0.00023615653	0.0008405044	0.0036385304	0.000263152	0.00016863765	0.00057126314	0.00022357107	0.00030415365	0.0012592005	0.00031060044	4.6223344e-05	0.0012592005	0.0026225892	0.002039511	0.00093664817	0.00023827507	0.0002086866	0.00031833866	0.00053156615	0.0021444722	0.0007500902	0.013503249	0.00020997797	0.0061554275	0.0010936507	0.00094956317	0.00041080645	0.016685814	0.00091052055	0.0012325846	0.00067829	0.00015721544	0.006290707	0.002345827	0.0007150797	0.002408237	0.0013352584	0.0051170345	0.020387234	9.856844e-05	0.024851872	-22.04959487915039
s04e01a	405.0	5.0	0.3706594	0.3706594	0.021175949	0.004229087	0.00017532428	0.008256212	0.32021976	0.0009544188	0.002775353	0.0012439756	0.00012757098	0.00036815452	0.0015437809	0.004019203	0.0134584205	0.0019684648	0.0041635246	0.00046282413	0.0036761663	0.1833746	0.00849246	0.00423375	0.002335427	0.010099269	0.0003215705	0.010099269	0.076681405	0.010760634	0.0050711613	0.0015337493	0.0005426707	0.00180506	0.0034765238	0.0004828847	0.00050818943	0.001250419	0.001250419	0.00076887745	0.0016226387	0.0014971658	0.0002881921	0.0016226387	0.002360102	0.006246206	0.014553568	0.001917646	0.00067233323	0.00094961014	0.0052446197	0.004079124	0.004487671	0.0048489864	0.00020586289	0.005432111	0.0023281612	0.0018167485	0.0001281143	0.0014364381	0.0051335604	0.002733794	0.00046866635	0.00080055225	0.0063781952	0.000803389	0.0006707077	0.0034622583	0.00055136235	0.006667462	0.0062346496	0.0006848782	0.0063781952	-21.89268112182617
s04e01a	410.0	5.0	0.26732913	0.26732913	0.0054354123	0.0010888013	0.00064531213	0.0011655476	0.02162535	0.0010190945	0.008051789	0.0021325336	0.00020884364	0.00016123432	0.0008024915	0.00816345	0.00063438085	0.000462223	0.0017082269	0.000673852	0.005229144	0.04339427	0.00506928	0.0010216133	0.0005395184	0.0008608666	0.0010247666	0.0010247666	0.6694025	0.22365089	0.08826688	0.007967534	0.018202905	0.008033408	0.019173881	0.0056362483	0.0039027634	0.03505363	0.012953884	0.03505363	0.00815171	0.022334853	0.021151748	0.022334853	0.0036920987	0.022532767	0.01601669	0.0058047497	0.00160593	0.0010871643	0.0066116895	0.0061560487	0.00441542	0.0013669983	0.0015209176	0.0008212423	0.0004748681	0.0007468765	4.296047e-05	0.00033770662	0.0003424821	0.002357199	0.00018174498	0.00020425845	0.00440955	0.00050700136	0.0069704265	0.0031765336	0.0058150673	0.0048413463	0.010758705	0.00021687258	0.010758705	-25.185623168945312
s04e01a	415.0	5.0	0.49204606	0.49204606	0.011972921	0.009571448	0.0003683297	0.003498345	0.08523939	0.0011711373	0.007178244	0.002743867	0.00013252307	0.0003214068	0.0021453581	0.013576792	0.0029803738	0.0008837857	0.008332255	0.0027059307	0.007224298	0.096465394	0.041309655	0.004930954	0.0029710522	0.0048775766	0.0005964365	0.0048775766	0.17383125	0.009496338	0.0052195713	0.00085290795	0.0015258773	0.0010219095	0.0061967713	0.0007332384	0.0008195271	0.002193928	0.002193928	0.0006610315	0.0020214682	0.0019314978	0.00034006216	0.0020214682	0.0022048275	0.012076202	0.031603616	0.0033524716	0.0012807278	0.00081065454	0.0042642397	0.0038328369	0.020401482	0.01074264	0.00017648142	0.0021718286	0.0041472325	0.0019484023	0.00015993937	0.00038194147	0.0017944844	0.0019360092	0.00034037937	0.00043207197	0.0048115724	0.0012051975	0.0011113468	0.006268358	0.0015766872	0.003679215	0.0025340926	0.0010763279	0.006268358	-22.46459579467773
s04e01a	420.0	5.0	0.8211026	0.8211026	0.00065296335	0.00038974447	8.551604e-05	0.00013033235	0.00096048147	0.0012452762	0.0007348028	0.0014833071	0.00086255965	6.961638e-05	0.01639738	0.0018281743	0.0005258647	1.6398508e-05	0.00038683042	0.00018223119	3.0712035e-05	0.00022779709	0.07368715	0.07368715	0.00090506393	0.0037557601	0.001031768	0.23689938	0.0135455225	0.0012847976	0.0005339361	0.00022989063	0.00014384065	0.0003120209	0.00041590154	3.3495413e-05	0.00013864473	0.0012756579	0.00059088523	0.00022966343	0.00025063966	0.00036100415	5.2480384e-05	0.00036100415	0.01577033	0.0022537594	0.019480828	3.2534295e-05	0.00058374455	4.96068e-05	0.00070625916	0.0025452357	0.0070585464	0.019150894	0.00023311141	0.0006667662	0.00053843064	0.00029405273	0.00037279757	0.0067304764	0.017673133	0.00013396372	0.0002123238	0.000100708814	0.025884384	0.0049885097	0.0002565929	0.0008211996	0.00047989818	0.0011705367	0.000119162134	0.00031724526	0.05972158	-25.90607643127441
s04e01a	425.0	5.0	0.42967832	0.42967832	0.0060830032	0.00076574966	0.0011767291	0.0013490391	0.0049355747	0.0016320422	0.032690335	0.0022952068	0.001431124	0.0007249418	0.0007928443	0.0074029234	0.0012259551	9.152942e-05	0.0020682318	0.00087386253	0.0023557385	0.009297271	0.009610478	0.008495592	0.0020383059	0.0036427544	0.0017115199	0.059541184	0.14247598	0.016989028	0.0009835665	0.0012678438	0.00020849548	0.0038760093	0.022677425	0.00012332894	0.0004726219	0.00086560764	0.00086560764	0.0005958701	0.0008551751	0.00021929794	0.00027317132	0.0008551751	0.0025976656	0.0026952955	0.0011187877	9.034774e-05	0.0002170718	0.00032252874	0.00084933185	0.0018079068	0.0019187571	0.013641801	0.00026550455	0.08473078	0.0009067476	0.0005690999	0.00035052715	0.00012374335	0.0001737208	0.000476189	0.0010627563	0.0007208092	0.0037556011	0.008321262	0.010099579	0.03063124	0.00096073217	0.007452879	0.004099789	0.00076866057	0.03063124	-24.306968688964844
s04e01a	430.0	5.0	0.7906226	0.7906226	0.0009815	0.0022204965	0.0006418414	0.0011563336	0.0016458011	0.0017743786	0.002083873	0.08973673	0.0012601682	0.00049994065	0.003692032	0.003806237	0.0007014447	0.00012382373	0.0016151684	0.00045231415	0.00089081563	0.001639222	0.045164093	0.023809347	0.002845091	0.0033069737	0.0029941038	0.015068842	0.04104204	0.002085236	0.00048117983	0.00035247908	0.00010182258	0.00043709227	0.0026122213	0.00013501813	0.000246142	0.011594591	0.0016571427	0.011594591	0.005205354	0.001380057	0.00076940627	0.005205354	0.022308547	0.001389477	0.0008827708	0.00010429305	0.0002568891	0.00017810597	0.00042734723	0.0040310877	0.0005567237	0.0012532127	0.0004123594	0.004030667	0.0004126978	0.0016537885	0.0006254245	0.00053887937	0.00029479773	0.00033221891	0.00024813568	0.0005993399	0.0004257636	0.0014013889	0.0023680292	0.03585443	0.0053002704	0.018971073	0.00035475462	0.00033084274	0.0705788	-23.2770938873291
s04e01a	435.0	5.0	0.8424806	0.8424806	0.013319344	0.020117976	0.0011210216	0.0034011006	0.087815195	0.0046923403	0.0032656686	0.023116013	0.00175009	0.0009180103	0.0044441833	0.0020564115	0.003511617	0.0020075678	0.0019519224	0.0006645436	0.0017449927	0.010725403	0.009422286	0.0040461766	0.00097448565	0.0048053428	0.0017477516	0.016626326	0.05778666	0.010789543	0.0053109005	0.0010284187	0.00034158115	0.0008764259	0.0020883041	0.00032945187	0.00049015327	0.003139281	0.0017179479	0.003139281	0.015997387	0.0039001114	0.0005728075	0.015997387	0.0012512351	0.01141743	0.009353575	0.00091542274	0.002115619	0.0007618985	0.0040301727	0.0023720905	0.0023491504	0.008082724	0.0006847578	0.0020535227	0.00078685913	0.0037721796	0.00074482773	0.011896841	0.00067980593	0.0011812954	0.0015016476	0.00069766695	0.009333731	0.0007813553	0.0005923499	0.0021889003	0.0016444323	0.04341809	0.0013014476	0.000481339	0.009333731	-23.914531707763672
s04e01a	440.0	5.0	0.8263109	0.8263109	0.013546606	0.0017474688	0.0062391483	0.0010777027	0.016619708	0.001171149	0.0012750984	0.003068747	0.0007888066	0.00026355524	0.041824665	0.003916475	0.0018541878	0.00019078661	0.0009467892	0.00031625567	0.00024408825	0.0009986721	0.069073774	0.069073774	0.0021672228	0.0066513503	0.0022164783	0.023919966	0.13582595	0.012238588	0.0036630367	0.00070055854	0.0006938864	0.0008470155	0.0041431263	0.00016999815	0.0005318363	0.0009873888	0.00028504658	0.0009873888	0.00052805187	8.165766e-05	0.00022586081	0.00052805187	0.0051943995	0.0010249551	0.0016520339	5.639684e-05	0.00030202745	0.00022870547	0.0002925285	0.0041133836	0.00072999217	0.0068135117	0.00037216375	0.0018765562	0.007914675	0.0057022995	0.0002951754	0.007762902	0.0051656724	0.0018486927	0.0014793847	0.00018597096	0.020897524	0.002709911	0.0003636417	0.002590319	0.001065729	0.005889396	0.0012470436	0.00018050756	0.020897524	-23.183502197265625
s04e01a	445.0	5.0	0.79649705	0.79649705	0.024406768	0.015177534	0.0004341489	0.00046562142	0.0027179928	0.0010625215	0.0023957095	0.0020204019	0.0006089276	0.00040824566	0.028211636	0.007897628	0.0027498363	0.00013756173	0.00083517854	0.0007659329	0.0002824902	0.0013469683	0.010822143	0.0059333327	0.0016045765	0.005099044	0.002157264	0.005099044	0.03873394	0.009633825	0.0038932501	0.00092296995	0.00037891234	0.0011161849	0.0051944517	0.00028604214	0.00024827413	0.0025680377	0.001130452	0.00081130606	0.0014929239	0.000501271	0.0002421017	0.0014929239	0.006255803	0.006065075	0.006941139	0.00012901204	0.0009329719	0.00048986694	0.0008292734	0.0024315352	0.0016514135	0.01448346	0.00044064637	0.0077138385	0.0038314844	0.012994974	0.0006528921	0.011350434	0.004501855	0.0010672539	0.0026477708	0.00021833426	0.017471412	0.0031205039	0.0011797762	0.002403515	0.0013328507	0.00965816	0.0014951747	0.00036393825	0.032061156	-22.950727462768555
s04e01a	450.0	5.0	0.8366306	0.8366306	0.054277148	0.009669669	0.00030730505	0.0033012987	0.0442	0.0010350001	0.0025954267	0.0040006866	0.000715984	0.0003272734	0.0022123957	0.005022534	0.003008628	0.00026639277	0.0071771196	8.969208e-05	0.04352532	0.020064915	0.0011407693	0.0010996028	0.0004966756	0.0014600703	0.00043111193	0.005554643	0.015695648	0.0090577295	0.0045401985	0.00090090325	0.00022058426	0.000807629	0.0027237611	0.00016978658	0.0001472456	0.002080916	0.0004912754	0.0019874224	0.0024715636	0.000505033	0.0002915654	0.0024715636	0.012399845	0.0012146154	0.00138599	0.00026973826	0.00010653639	0.0001172714	0.0008813827	0.001789178	0.000569095	0.006105283	0.00023354388	0.0007796844	0.0008995086	0.0009206552	0.00042217918	0.023447432	0.0013120127	0.0011463785	0.0007302517	0.0002495162	0.0039156755	0.0066695283	0.00037766475	0.0010035473	0.0008422979	0.0152137615	0.0028454398	0.00017526363	0.044465095	-26.109582901000977
s04e01a	455.0	5.0	0.7489446	0.7489446	0.04188224	0.014344546	0.0004819023	0.0012435522	0.028662724	0.0020709008	0.0025558795	0.009065038	0.0006732367	0.00048703843	0.007191401	0.009986611	0.007759126	0.0032722843	0.002391244	0.00017935378	0.0035842701	0.0047761854	0.010515012	0.0063172313	0.0033532905	0.0027908974	0.00081278244	0.0032870015	0.018256327	0.0044404445	0.0014187125	0.00061207317	0.00020933508	0.0004029444	0.0018972559	0.00019920612	0.00015419979	0.008116321	0.0066396124	0.008116321	0.010759085	0.010989554	0.002615965	0.010989554	0.003560186	0.01184953	0.02353312	0.0024091983	0.0012470756	0.000735603	0.015722707	0.009116148	0.0072894157	0.0045071305	0.00025726607	0.0016181746	0.0011032363	0.0023286585	0.0009298801	0.043271884	0.0032834571	0.00094248797	0.0012392417	0.00046307765	0.006344165	0.0019591323	0.002379939	0.002763033	0.0023642764	0.014717497	0.0037661688	0.0025101616	0.0102673955	-29.32510757446289
s04e01a	460.0	5.0	0.49896312	0.49896312	0.010598638	0.0023674525	0.0011680207	0.0044385246	0.058568172	0.003776488	0.0018312695	0.0050994167	0.0025683967	0.00025110345	0.0025069928	0.009731269	0.11554337	0.0008418682	0.00152057	0.00030875872	0.0012915578	0.06969303	0.055228923	0.055228923	0.0059953523	0.006980785	0.0036358193	0.006980785	0.012859848	0.00292002	0.0010542535	0.00034618066	0.0001861645	0.00038645652	0.0012616899	0.0003886705	0.00028028712	0.0051480294	0.0051480294	0.0041684564	0.005035956	0.003373047	0.0039410056	0.005035956	0.007387228	0.008439759	0.007727048	0.0016236773	0.0004865076	0.00053167006	0.013726101	0.0054609166	0.0020015228	0.0024434112	0.00021666673	0.0009939356	0.0010750643	0.0018770421	0.0004030118	0.002836387	0.0048823166	0.0008428997	0.00066665496	0.00028499714	0.002200959	0.0015181596	0.004038078	0.0024498156	0.0022727295	0.023336094	0.005222969	0.0013229022	0.021930113	-27.5422306060791
s04e01a	465.0	5.0	0.7988802	0.7988802	0.06858868	0.069983445	0.0011188042	0.0039266786	0.08844017	0.001562638	0.0033644997	0.007156511	0.0004062928	0.0008512094	0.013401774	0.009544998	0.004313971	0.003159632	0.00405284	0.00029687217	0.008194809	0.050787307	0.043920875	0.008355545	0.0021212555	0.0025605469	0.0033630577	0.0033630577	0.023868807	0.0085300915	0.0033675232	0.0011952628	0.00032588415	0.0008862371	0.0029600495	0.0008176208	0.00027420383	0.008622625	0.0041374834	0.008622625	0.004306524	0.004560876	0.0032026372	0.004572996	0.0028577282	0.007971744	0.0132927755	0.0021986784	0.0011167907	0.0014302343	0.0040182318	0.006752309	0.0028967215	0.005196026	0.00019128717	0.0020078535	0.0007856955	0.007627517	0.0004541962	0.018080775	0.002410699	0.0013069622	0.0013374782	0.00040153004	0.005464131	0.001145968	0.0032101474	0.001403747	0.002498379	0.009322693	0.005034742	0.0011727387	0.0074709114	-27.195018768310547
s04e01a	470.0	5.0	0.8197427	0.8197427	0.08697762	0.02803239	0.00023539402	0.0032736624	0.2960863	0.0018281379	0.003977902	0.0033803468	0.0004813466	0.00039848537	0.010195139	0.0032882844	0.012465403	0.00292892	0.0029506679	0.0003738797	0.0041361754	0.01411009	0.0024526312	0.0023717224	0.0019918715	0.001264908	0.00030752516	0.001264908	0.020536736	0.0053127897	0.003030224	0.00064418884	0.00036044655	0.00058103405	0.0012513173	0.00024670683	0.0002818948	0.0016718379	0.0011664645	0.0009192668	0.002845022	0.0020934567	0.00029481488	0.002845022	0.0010331479	0.00409046	0.0063416855	0.00053017616	0.00083591026	0.00039068787	0.002962143	0.0018609947	0.0034110795	0.0072665126	0.0002172907	0.0014046844	0.00072438177	0.003071323	0.00025030892	0.008441607	0.0016860443	0.0011623988	0.00045221043	0.0002810937	0.005074863	0.0010176105	0.0010431117	0.004438234	0.0022609527	0.0043726168	0.001722942	0.00050605123	0.005074863	-25.103967666625977
s04e01a	475.0	5.0	0.82366896	0.82366896	0.038437173	0.026641084	0.0029604295	0.0012845785	0.19881107	0.0028454752	0.0006856615	0.004715891	0.0009073763	0.001441824	0.012279075	0.0036929427	0.010127539	0.0014362575	0.001814678	0.00032590402	0.00056418567	0.005257193	0.011498579	0.008951092	0.0014836766	0.018755475	0.0033220807	0.02724709	0.025684206	0.008684052	0.003331811	0.0005951084	0.00024536924	0.001005163	0.0035132358	0.00017386778	0.00018897126	0.0013269654	0.000774943	0.0013269654	0.0017863035	0.00049293705	0.00023576194	0.0017863035	0.003974389	0.0040011997	0.002220113	0.00012047823	0.00021801618	0.00031915796	0.00042284472	0.0017069475	0.0011069045	0.009170454	0.00013628458	0.0013028043	0.002601043	0.0054799397	0.0006889986	0.024382807	0.0026327432	0.00074187905	0.000763675	0.0012615938	0.00881805	0.0020735543	0.00054134504	0.0024237207	0.0015317366	0.00949348	0.0025555377	0.0001303725	0.019496579	-22.70107650756836
s04e01a	480.0	5.0	0.8941892	0.8941892	0.014942158	0.09341882	0.0003746018	0.0009677994	0.074592024	0.0006032147	0.0014322664	0.0027595821	0.0004971085	0.00035074074	0.0050054565	0.0022246228	0.0050449856	0.00013727961	0.0005656012	0.0016975598	0.0014953413	0.0047495435	0.0072810394	0.006859404	0.00082907075	0.0100965565	0.0033170383	0.0100965565	0.08734503	0.007069942	0.002406834	0.0013651944	0.00039440003	0.0009472142	0.0010783148	0.00038506056	0.0004389223	0.0036720363	0.002124312	0.0036720363	0.008033925	0.0051625757	0.00061413064	0.008033925	0.00076078484	0.015980937	0.017968632	0.00063076353	0.0001741588	0.0005645031	0.0028887952	0.00078056427	0.00733575	0.009979678	0.0014064647	0.00075026957	0.0009281647	0.0048902878	0.006273341	0.19816124	0.0010935981	0.000988821	0.00097336195	0.00017978046	0.017214343	0.0055886824	0.00023474918	0.00086234557	0.004364141	0.021009054	0.001664036	0.00033031453	0.017214343	-25.00951766967773
s04e01a	485.0	5.0	0.8196557	0.8196557	0.010848311	0.14724118	0.00091390463	0.0011463751	0.0034627616	0.004938864	0.0035473492	0.012494035	0.0037516889	0.00045573688	0.0032908064	0.0036690214	0.0014921678	0.00063554395	0.0010744818	0.0003584703	0.00021931632	0.0012200339	0.046346243	0.046346243	0.0016655766	0.0057480964	0.008146429	0.008146429	0.16497077	0.008370165	0.0015164403	0.0013835771	0.0016075064	0.0015422815	0.0024452005	0.0011069635	0.0010667371	0.0037628927	0.0006816234	0.002723397	0.0018876276	0.0006002915	0.00047747936	0.0018876276	0.0015507606	0.0028293447	0.0049895514	0.00021753322	0.00049991347	0.0011586711	0.0022976222	0.0014134437	0.0011846292	0.0015634178	0.0013310924	0.0016857255	0.0012398361	0.015091986	0.0019069115	0.062313993	0.00064354885	0.0013757186	0.00722698	0.00034608794	0.003361035	0.0009581978	0.0003984204	0.0013388544	0.0013761144	0.009587749	0.0024821847	0.0007762124	0.015256435	-22.69090461730957
s04e01a	490.0	5.0	0.8599829	0.8599829	0.024635311	0.0119423475	0.004994918	0.0016190838	0.22635701	0.031066341	0.0016484783	0.0029292374	0.0013527347	0.00037260147	0.011436654	0.0063265474	0.03360518	0.0025665432	0.0019003131	0.000337667	0.00088243437	0.0062352493	0.0149144465	0.0149144465	0.001417636	0.011426982	0.0018370382	0.011426982	0.04507151	0.008272134	0.0036225046	0.001325353	0.00038365173	0.0013446847	0.0020854464	0.00021318796	0.00055619277	0.0012565223	0.00090172247	0.0006184867	0.0010871679	0.0007667924	0.00025389701	0.0010871679	0.0040648333	0.004328209	0.016659671	0.0004954455	0.0005172108	0.0005868672	0.0029178024	0.0012958581	0.004646594	0.018936848	0.00041171207	0.0020156866	0.0015082188	0.0072317845	0.00042341868	0.027019985	0.015641145	0.0015853083	0.0012368113	0.00032449214	0.0066060545	0.0019586736	0.0007302315	0.0033392326	0.0011076459	0.0074339826	0.00134856	0.00026203564	0.0066060545	-25.00067138671875
s04e01a	495.0	5.0	0.862455	0.862455	0.034991488	0.004305473	0.0003419619	0.00032025218	0.0012853678	0.0015137699	0.002382091	0.0019115837	0.0006181172	0.00039744246	0.0068286713	0.008096732	0.0016168023	0.0005182677	0.000946451	0.00015588927	0.00023508898	0.0006736847	0.00375913	0.0026365821	0.0014728724	0.0014208421	0.0007820444	0.002377911	0.016126303	0.010661279	0.005461784	0.0025440836	0.00081617094	0.002258478	0.0013474828	0.0005051083	0.00013479005	0.0043536904	0.0010798512	0.00065655616	0.00072445214	0.0003624888	0.0002911715	0.00072445214	0.0026744707	0.0015668664	0.0023389382	0.00014437118	0.00016908378	0.0002913884	0.000802942	0.0009833936	0.0009012871	0.0043210923	0.0004245552	0.0021765397	0.00071140594	0.0043982477	0.00034622388	0.0076734414	0.00060865085	0.0004540648	0.0043769144	0.00015432762	0.010732697	0.0023145182	0.00061951386	0.00040864552	0.00061947724	0.01321639	0.0016371289	0.0038739354	0.014774707	-27.356245040893555
s04e01a	500.0	5.0	0.555637	0.555637	0.12601203	0.007919196	0.00023787489	0.002504702	0.3153455	0.0015680463	0.0012091589	0.00053161127	0.0005643395	0.00025882464	0.0039313044	0.0011126318	0.0047522895	0.0004458138	0.0011793071	0.0003326081	0.0054463525	0.03007081	0.0051252167	0.00068457704	0.0010325065	0.0004993758	0.00024073168	0.0010685541	0.02587014	0.0062008663	0.003205622	0.0010970577	0.0003163787	0.0011515224	0.0023283383	0.0004581015	0.0001902362	0.0011873478	0.0011873478	0.0007563492	0.0016128294	0.0021659795	0.0003770408	0.0021659795	0.00031254848	0.0048743165	0.00456216	0.0010814917	0.0007177014	0.0005517443	0.0025590044	0.0009682351	0.00199692	0.0025503605	0.0003491126	0.0002569268	0.0006846889	0.0027818242	8.095907e-05	0.0004254997	0.00042437395	0.0011183039	0.0010112335	0.00019127058	0.0044701323	0.00028492973	0.000722502	0.0015560293	0.0010254347	0.0009181026	0.0055718347	0.00040445488	0.0055718347	-29.96120262145996
s04e01a	505.0	5.0	0.27655452	0.27655452	0.011164752	0.0048022424	0.00047384034	0.0005192994	0.25720417	0.0065784007	0.0034107894	0.0005682549	0.0005523415	0.0010315095	0.108482465	0.0018749171	0.0053942474	0.0036089541	0.0008290787	0.00012971653	0.0011289535	0.01126175	0.0057914457	0.0037226565	0.0057914457	0.00092029746	0.00035692978	0.0015229277	0.019804223	0.003951742	0.0014252816	0.0006334335	8.2264705e-05	0.0006782745	0.0013476138	0.00015046723	0.0003262637	0.0017948416	0.0017948416	0.00054972066	0.00089960796	0.0024735148	0.00055645814	0.0024735148	0.00042150333	0.0048287916	0.0039888024	0.00039085402	0.0007022708	0.00052400463	0.0051972168	0.0007312148	0.002087407	0.00799191	0.00029491383	0.0014931969	0.000565197	0.0017034091	6.667054e-05	0.00490082	0.0011463588	0.00028762853	0.00021067285	0.00041248184	0.0018757997	0.0019575525	0.0011235281	0.0016528269	0.0012580946	0.001576399	0.00044515816	0.00071406335	0.0020885286	-31.32094955444336
s04e01a	510.0	5.0	0.69777644	0.69777644	0.054531552	0.017987523	0.000111531146	0.001647572	0.29930156	0.0007753763	0.0030131023	0.0016627832	9.796628e-05	0.0001473608	0.0065892437	0.0010613737	0.0016391253	0.0015399996	0.0016206369	0.00019455788	0.0033673134	0.17247055	0.003331535	0.0025258558	0.0019628129	0.00080323435	0.00041082466	0.0008399271	0.026252516	0.0054862895	0.0034547693	0.0010864198	0.00018924606	0.0010459332	0.0018566569	0.0002354746	0.00036565066	0.00089917093	0.00089917093	0.0005355952	0.0013464257	0.0021766722	0.00038231962	0.0022043786	0.00038328432	0.009995516	0.0194529	0.0016480639	0.00062457146	0.0008480279	0.0066350917	0.00061321	0.01491624	0.0029148795	0.00022547244	0.0013803698	0.0022270202	0.0057839197	0.00029781362	0.00091265416	0.0003193299	0.0006258091	0.00039091156	0.00029155178	0.0021059609	0.00043684148	0.0005929111	0.0014018554	0.000827277	0.0018391894	0.0018623015	0.0008125207	0.0035232643	-31.331279754638672
s04e01a	515.0	5.0	0.2914865	0.2914865	0.010086687	0.0066319024	0.00026663975	0.0019856025	0.24921533	0.0027006057	0.0033349856	0.0006984097	0.0003571759	0.0001537863	0.009059304	0.0021331364	0.007858643	0.0037205347	0.0007036156	0.000969667	0.0034836098	0.10505012	0.009968458	0.009968458	0.0030175406	0.0015343293	0.00036179004	0.0015343293	0.074032545	0.012139414	0.0045011565	0.00088736095	0.00033826617	0.0011383757	0.004810992	0.00089275546	0.0005569042	0.00080474594	0.00080474594	0.0002216443	0.001148547	0.0007949391	0.00011408245	0.001148547	0.00050215167	0.006656046	0.0050574807	0.0011266662	0.00040720534	0.0007275933	0.012736192	0.0018043683	0.0032336507	0.006753607	0.00017241926	0.00078261987	0.0008608354	0.0028788405	7.50787e-05	0.0005327592	0.00045669387	0.00049256295	0.0001221435	0.00023341255	0.004454935	0.0005127806	0.0010236416	0.003535515	0.008710043	0.0020219695	0.0030708339	0.00025913154	0.008710043	-23.44833755493164
s04e01a	520.0	5.0	0.773335	0.773335	0.11028223	0.038782153	0.00016637176	0.0062333737	0.010719384	0.0006178092	0.010689531	0.0021081364	0.00091733143	0.00022084227	0.00044802637	0.011689175	0.0007961255	0.00027616316	0.01462008	0.00034122152	0.45214006	0.037176628	0.002406454	0.002406454	0.00041936096	0.0007500591	0.0002443197	0.0007500591	0.08326449	0.038590264	0.007893269	0.0033252758	0.0011848666	0.0025108375	0.010481037	0.00060626084	0.0006528828	0.0004112723	0.00019935983	0.0003233964	0.00076587446	0.00023740747	5.4223296e-05	0.00076587446	0.00023520176	0.0008659084	0.00037064587	6.852689e-05	0.00018132522	0.00036761584	0.0003929555	0.00020572828	0.00011979947	0.0069578327	0.0006157265	0.0007895782	0.0009323082	0.0008925428	0.00010180151	0.00010683753	0.00010498303	0.00040952142	0.00068839284	0.00011731647	0.0010722813	0.00024568505	0.00016613824	0.0014159469	0.00019311704	0.0022255925	0.00495815	0.00026722968	0.0063825725	-21.79780578613281
s04e01a	525.0	5.0	0.44607177	0.44607177	0.015369894	0.002396398	0.00026043164	0.00641789	0.025089344	0.00035511126	0.014709895	0.005411064	0.0001693652	0.00053236017	0.0024979883	0.104967125	0.00086545054	0.0004927856	0.00515552	0.00017424086	0.03157017	0.070154876	0.025662288	0.008728824	0.0024472708	0.023788892	0.0075077983	0.023788892	0.64064264	0.05083083	0.027747637	0.0007993227	0.00038954223	0.0009918035	0.0101611465	0.0026009378	0.006037118	0.0007636947	0.0007636947	0.00040573176	0.0025497237	0.00081743335	0.00010682958	0.0025497237	0.0031379233	0.00832173	0.009547939	0.0005843959	0.0006728352	0.00070017844	0.0036112147	0.0119232545	0.0024988176	0.0029099805	0.00019910795	0.007854514	0.0011190978	0.0012491804	0.00072445144	0.0012296648	0.001910185	0.00083109015	0.00023393969	0.0012637392	0.006031095	0.0016425388	0.003654429	0.0020762593	0.0013755582	0.0110810865	0.0016478647	0.0003072195	0.016848894	-23.234188079833984
s04e01a	530.0	5.0	0.74311036	0.74311036	0.01159322	0.0032989962	0.000112640766	0.001094896	0.00033381872	0.00033402437	0.0074819056	0.0016863083	0.0004981326	0.0001906624	0.0022126136	0.005182249	0.0005371929	0.00016505002	0.0005250513	0.00015281147	0.00033249776	0.0014683077	0.0033991747	0.0033991747	0.0017283091	0.0029876172	0.0021933247	0.0029876172	0.749615	0.30323592	0.2867289	0.0019153794	0.0007580966	0.0018286392	0.029615536	0.0015691813	0.0044885124	0.003586573	0.0028277982	0.003586573	0.00074547576	0.004838351	0.0019864975	0.004838351	0.0016464642	0.016004566	0.04281977	0.0021284574	0.00094726426	0.00085235626	0.009034732	0.0038751168	0.0037989211	0.0017837111	0.0001794939	0.0024769304	0.00066852773	0.008459446	0.00020162763	0.00031782436	0.0005871461	0.0005778177	0.000388597	0.00021308006	0.0033074894	0.0013896185	0.0034050597	0.00059345074	0.0020676032	0.0073402864	0.0035241651	0.00038890273	0.0064623817	-22.512083053588867
s04e01a	535.0	5.0	0.663616	0.663616	0.011114946	0.0046937475	0.0001946609	0.00027347752	0.0003146203	0.00012737395	0.0019709854	0.0014875103	0.00010388452	0.00012696734	0.0008780846	0.0020497942	0.0003576954	0.00015042978	0.00074129784	0.0004258344	0.00020124964	0.0023043533	0.0019617782	0.0013615452	0.00077881373	0.0007691409	0.0005870403	0.0011979357	0.010475678	0.0022066159	0.00087882247	0.00058903557	0.00026451057	0.00041849277	0.0016457974	0.00039543456	0.00017580624	0.16921595	0.1303724	0.060129516	0.0028151523	0.09299525	0.10546692	0.09299525	0.003410271	0.048742294	0.032063473	0.010681466	0.0011639722	0.0005983884	0.025896525	0.00456847	0.0018393813	0.0043834914	0.0001616065	0.00059387	0.0004817406	0.00035921898	0.00032069336	0.0008403086	0.00071571924	0.0009890943	0.0005698818	0.00024730666	0.007867069	0.0015200692	0.017659271	0.00049185404	0.0021136478	0.004772594	0.0013275886	0.0008586743	0.017659271	-23.433269500732425
s04e01a	540.0	5.0	0.6115253	0.6115253	0.0399614	0.0038255446	0.000502156	0.009747683	0.06604436	0.0026060417	0.000988733	0.0009832943	0.00059524365	0.00031961742	0.0011301823	0.0015903763	0.0007499636	0.00076164515	0.0006490094	0.000860311	0.0016140714	0.1552095	0.004320284	0.00073435623	0.0020016686	0.004531866	0.0020132305	0.004531866	0.019800877	0.0030375493	0.0011215151	0.00041175762	0.00031800653	0.0007003773	0.0031207143	0.0004153322	0.0006250675	0.05624637	0.05624637	0.0056274496	0.00891638	0.084890075	0.005211985	0.084890075	0.0049858307	0.078729905	0.03714538	0.020856924	0.0027603563	0.0012620733	0.012909834	0.002132491	0.0045166225	0.0054714587	0.00013817487	0.00050475	0.0013435078	0.0013410393	7.781254e-05	0.0007687221	0.00023214902	0.001598955	0.0005736106	0.0003630797	0.0013884744	0.00038445572	0.03195638	0.0027300334	0.000771944	0.0074936883	0.00034655826	0.00046094015	0.03195638	-27.37733459472656
s04e01a	545.0	5.0	0.7927606	0.7927606	0.017984273	0.010660454	0.00029742546	0.002822787	0.14212166	0.0015488672	0.002235228	0.0027170235	0.00019414576	0.000496664	0.0015704796	0.0054749185	0.004922529	0.0022125093	0.002375912	0.0008998454	0.0073256283	0.030531613	0.0076393317	0.0054819933	0.0018272678	0.005522439	0.0016196542	0.005522439	0.035359275	0.006652878	0.0038589987	0.00068232307	0.00036001572	0.0007438843	0.005391656	0.0006294124	0.0003126835	0.0100120725	0.0100120725	0.002167501	0.016116334	0.015779836	0.00078974746	0.016116334	0.0014306348	0.028426785	0.025947835	0.0049087447	0.0018074319	0.0013963705	0.007402145	0.007045298	0.004068429	0.0036613024	0.00021033725	0.00090963126	0.0009203693	0.0012536382	0.00023653082	0.002488618	0.0012490241	0.0031393631	0.00021271243	0.00065832405	0.0019537488	0.0009679971	0.0021646135	0.0036308544	0.002063308	0.006150021	0.0020583284	0.00043304203	0.010942456	-22.323339462280277
s04e01a	550.0	5.0	0.7195451	0.7195451	0.031364433	0.012872294	0.00045696186	0.001943187	0.115660846	0.0009848976	0.0031544757	0.0017961834	0.00020786784	0.00044106558	0.0023403717	0.0030829578	0.0025315664	0.0007995299	0.0023450237	0.00046996147	0.007608969	0.05477248	0.0027986518	0.0027986518	0.0022302163	0.0039916146	0.0008823175	0.0039916146	0.03845034	0.00785658	0.004090779	0.00082681444	0.00034049005	0.0007286831	0.0046034325	0.000882004	0.00030886824	0.06148941	0.06148941	0.006756948	0.035503145	0.18778563	0.0015156225	0.18778563	0.003829059	0.102828525	0.04437755	0.017040396	0.0014246324	0.0020631568	0.006060836	0.005093715	0.0030845278	0.0028477313	0.00042531232	0.0006437623	0.000420577	0.0007332852	0.0005206297	0.0069207703	0.00076006737	0.003344669	0.00060304976	0.0006506305	0.00091935304	0.0013148673	0.0024866823	0.0025361027	0.0012497249	0.008547385	0.002280977	0.0003918931	0.008646917	-22.52777862548828
s04e01a	555.0	5.0	0.77067465	0.77067465	0.026559886	0.0024676216	0.00037032904	0.0038576094	0.012872052	0.00045532265	0.0025084862	0.004764129	0.00016252133	0.00044816284	0.001447348	0.0323919	0.00068637583	0.0002984489	0.0017902555	0.00033603804	0.0032775388	0.20304804	0.012565007	0.004957826	0.0011103981	0.00339465	0.0031249095	0.00339465	0.026934054	0.009745216	0.0045218053	0.001077424	0.00019891761	0.0009815589	0.0037585478	0.00043430887	0.00042887861	0.039656542	0.039656542	0.0038359114	0.056844085	0.10382412	0.0009622483	0.10382412	0.0045341207	0.11163908	0.008703951	0.008221326	0.0011387694	0.00067667617	0.0036141016	0.005104512	0.0009041663	0.0036339746	9.2401395e-05	0.0006959185	0.00035320566	0.00031162048	8.0640006e-05	0.0005358852	0.0003535001	0.0013277815	0.00022279097	0.00035425698	0.00168548	0.0008628046	0.0051115802	0.0009222202	0.0008920965	0.020689666	0.0018246659	0.0004019881	0.008382031	-23.40272521972656
s04e01a	560.0	5.0	0.85557264	0.85557264	0.0053149774	0.001374305	0.004395862	0.005725326	0.0040268134	0.005144563	0.003506423	0.041190688	0.005337587	0.00091086153	0.0028188787	0.0028909317	0.0014655935	0.0010091667	0.000656097	0.0003374926	0.0002515247	0.034380957	0.047762953	0.047762953	0.00084538513	0.0006546052	0.0012052304	0.0014848829	0.037173513	0.0053494964	0.0017471153	0.0006570237	0.0003126385	0.0006124933	0.0008937705	0.00030493265	0.00091683073	0.04827755	0.04827755	0.0113866525	0.07642753	0.060431153	0.004019041	0.07642753	0.003085308	0.08414466	0.0063517685	0.00034758283	0.00094442064	0.0003229595	0.0011971514	0.0015979748	0.00026263116	0.00047597112	0.00014593061	0.00040759856	0.00017480932	0.00063743966	8.716039e-05	0.00068653113	0.00010941172	0.0006321411	0.00024261238	0.0002452834	0.0007616836	0.00028219115	0.002566073	0.0018444537	0.00017572478	0.08598538	0.00040908187	0.0016895416	0.0031997066	-20.032358169555664
s04e01a	565.0	5.0	0.8776707	0.8776707	0.00799033	0.005492417	0.0026177755	0.0047557955	0.009356637	0.013155355	0.007172405	0.029849421	0.00334753	0.000998205	0.0019421874	0.0006548994	0.0024291824	0.0007253212	0.00083050155	0.00095686165	0.00024190742	0.0064284625	0.00869546	0.00869546	0.00024187399	0.0026114488	0.0008072605	0.0026114488	0.067626715	0.008599662	0.003133732	0.0015481461	0.0008590467	0.0013209934	0.0015779713	0.0003918619	0.00062897825	0.033484053	0.033484053	0.0053321295	0.056364108	0.08209419	0.0023679787	0.08209419	0.00058892835	0.123845436	0.003967475	4.1407955e-05	0.00094120385	0.00026747872	0.0009720719	0.0005553034	0.00020667457	0.00086509687	0.0002739713	0.00018090368	0.00020559512	0.0010520692	3.4427223e-05	0.00026321926	7.7389705e-05	0.0005109505	0.00017528016	0.0005237704	0.00069814915	0.00019778777	0.0010262224	0.0008834271	0.0003610348	0.13665445	0.00017793167	0.0006394964	0.0010262224	-21.084980010986328
s04e01a	570.0	5.0	0.8971398	0.8971398	0.012832541	0.02048756	0.0007325407	0.0057540345	0.0014385476	0.0052726134	0.002021173	0.019604074	0.00026977065	0.0003702025	0.00073267263	0.02799013	0.0027701184	0.00020672067	0.000684901	0.000743457	0.00061622204	0.14766724	0.010064533	0.0059398697	0.0012875844	0.0010538785	0.0017776222	0.0022539052	0.067929216	0.0063380687	0.0024477958	0.0014590938	0.0008354305	0.0016260125	0.003326096	0.00061371253	0.0007936138	0.015085545	0.014035199	0.003703915	0.029767435	0.019806763	0.0011572653	0.029767435	0.006470086	0.07653017	0.035915732	0.0024262168	0.001316855	0.0025349762	0.0015143271	0.012466661	0.002681488	0.0012948168	0.0005156064	0.0014623167	0.00044212808	0.0011147647	0.00028931556	0.002456074	0.00042854695	0.0015290705	0.00054388633	0.0002682078	0.0015133736	0.00097403646	0.0022136464	0.00041912796	0.0015289781	0.018339109	0.0011871012	0.0011438194	0.0022136464	-22.228252410888672
s04e01a	575.0	5.0	0.8512302	0.8512302	0.032408267	0.011249879	0.006723426	0.017012034	0.13354209	0.03891505	0.0027638134	0.023993922	0.0008664061	0.00023032856	0.0024440552	0.0010442188	0.0013168236	0.0031950471	0.0005829039	0.0003515676	0.0008887342	0.119797826	0.0050822836	0.00083887816	0.0019481055	0.00037109645	0.00087409193	0.00087409193	0.02048357	0.0037921744	0.001951108	0.00064019737	0.0003070731	0.00084433216	0.0010162609	0.00030410144	0.0005432071	0.0075742006	0.0075742006	0.0028556134	0.025249807	0.022003196	0.0009172571	0.025249807	0.0009073033	0.023824641	0.044441495	0.0045146975	0.008502286	0.0011824066	0.010383159	0.001811066	0.004634955	0.000790323	0.000281346	0.00019890812	0.00039230555	0.0027397026	0.00021208849	0.0011320588	0.00020525178	0.0053733937	0.00037174232	0.0007851918	0.0008698272	0.00068113086	0.0012410147	0.0013463687	0.000500514	0.015448025	0.00045195705	0.00036564874	0.0014777276	-21.605003356933597
s04e01a	580.0	5.0	0.8859389	0.8859389	0.004187518	0.003201039	0.0004966955	0.0019032421	0.0061674253	0.0032053266	0.001398736	0.015906787	0.00018687376	0.00012216598	0.0004338775	0.0057211826	0.0006960419	0.0009220256	0.00017008181	0.00022121401	0.0006761157	0.10319637	0.0152965905	0.0152965905	0.0010196539	0.00326771	0.0021515684	0.00326771	0.04971658	0.0056669354	0.0018002763	0.0009876894	0.0002463087	0.00082849036	0.0015241427	0.001075882	0.00024186358	0.009078566	0.009078566	0.0014675166	0.016725034	0.016490526	0.00073902163	0.016725034	0.001248176	0.043162327	0.058285147	0.004773301	0.0031480526	0.0011957815	0.022027703	0.006843496	0.0013180984	0.0018857295	0.00032662132	0.00022495171	0.0001250529	0.00034991678	0.00015683648	0.0002500184	0.00013409446	0.0011530636	0.0002329854	0.0003231024	0.0010512968	0.0010339386	0.001589191	0.00038072112	0.0012333785	0.0063025756	0.00026582446	0.00056537404	0.004124595	-22.237972259521484
s04e01a	585.0	5.0	0.76952976	0.76952976	0.021751381	0.014672422	0.0004996139	0.0026238032	0.019917341	0.0024867721	0.001532261	0.009384727	0.00064941007	0.00082449394	0.0011009102	0.0059642172	0.0044798916	0.0008592554	0.0012963235	0.001102798	0.0011459613	0.08621548	0.015623167	0.015623167	0.0019636715	0.0019316834	0.0018831788	0.0037614699	0.026131824	0.006312794	0.0025288032	0.00074886275	0.00056423247	0.0008221	0.002839701	0.00084433577	0.00045491246	0.046232108	0.046232108	0.006269038	0.045287285	0.06347408	0.002373614	0.06347408	0.0029782052	0.062273722	0.034554657	0.006182135	0.0018824206	0.0022750024	0.0054472336	0.009562632	0.002117212	0.001863966	0.0005027736	0.00064556184	0.0003134311	0.0014300123	0.00015424273	0.0043265754	0.00065594324	0.0012694563	0.000607512	0.0003485574	0.0033087975	0.0009972365	0.0035091664	0.002048009	0.0020634416	0.012691355	0.0022652077	0.00053228816	0.004215776	-23.122203826904297
s04e01a	590.0	5.0	0.73220617	0.73220617	0.0061964486	0.0054589016	0.0003006869	0.005164114	0.0005286963	0.0010209564	0.0014622827	0.009379223	0.0007340606	0.00013615105	0.00054581533	0.00518131	0.0016212851	0.000223143	0.0007218038	0.00030003625	0.00014598237	0.024667202	0.0024468459	0.0024468459	0.0002657971	0.00037365095	0.00067873974	0.0007952459	0.040686935	0.00374422	0.0013595405	0.0009281553	0.000482475	0.00081088324	0.0009113594	0.00086649274	0.00028912228	0.079795316	0.079795316	0.032586347	0.048907712	0.20960426	0.011686046	0.20960426	0.0038873632	0.044014677	0.027904002	0.0060628187	0.00073421525	0.0012425807	0.0015503864	0.005001022	0.00054353056	0.0033445929	0.00019225005	0.0008174961	0.00026361758	0.0007824513	6.651629e-05	0.0010543916	0.00024553775	0.0010095965	0.00018035805	0.00019565232	0.0059818067	0.00032291765	0.022218917	0.0016524696	0.0007372216	0.022769514	0.0018246095	0.00060001924	0.022218917	-22.27108192443848
s04e01a	595.0	5.0	0.8357249	0.8357249	0.056241862	0.0061125467	0.00017829084	0.0022706436	0.00076709286	0.0005696719	0.00083910406	0.0017645747	0.00020638804	0.00023014042	0.00069907133	0.025143437	0.00090707163	0.000136173	0.00080876733	0.00022183117	0.00047454773	0.023831794	0.008025595	0.0035309333	0.0005751876	0.0013300627	0.0014608629	0.0026983095	0.030144457	0.003741455	0.0013895974	0.00046475345	0.00019550779	0.00053583086	0.0019024787	0.00034100752	0.00030418727	0.05208355	0.05208355	0.011263726	0.006274851	0.042073272	0.003918336	0.042073272	0.007545427	0.06012873	0.040631313	0.019132258	0.0010508808	0.0015529277	0.0047011515	0.011968318	0.0024681604	0.0037727563	7.4692434e-05	0.0011681853	0.0010288929	0.001582782	7.746472e-05	0.0009794408	0.00038716264	0.002465994	0.00026634603	0.00055496953	0.002046462	0.00072652183	0.031101061	0.0011980771	0.0006570845	0.0139498655	0.0017271586	0.0003307844	0.04111142	-23.68271827697754
s04e01a	600.0	5.0	0.93027747	0.93027747	0.015101637	0.009352086	0.024002405	0.03588817	0.0756511	0.054239783	0.0008331739	0.016850585	0.0015159755	0.000116099	0.000679429	0.00090547453	0.003867164	0.0011594561	0.000774296	0.00013159914	0.00032055948	0.02000375	0.03138204	0.0074899015	0.0011337191	0.0021297631	0.00068869535	0.0021297631	0.011711551	0.001773509	0.001508815	0.00027270915	9.409321e-05	0.00032652105	0.0007608617	0.00020062372	0.00012270722	0.0015434538	0.0015434538	0.0006848958	0.008632458	0.0023900864	0.00022620823	0.008632458	0.0003537381	0.005675629	0.015205369	0.0003528841	0.0036652982	0.00020917667	0.0067809336	0.0035748936	0.0014821803	0.0017151862	0.0004801892	0.0005319762	0.00014596831	0.00040046428	0.00023033426	0.00094055536	0.00022685078	0.0006150567	0.00036575002	0.00058099977	0.00089625333	0.0012252856	0.0006073574	0.0025676652	0.0007901268	0.0044684205	0.0010171685	0.00014049164	0.0025676652	-21.679176330566406
s04e01a	605.0	5.0	0.752001	0.752001	0.043738265	0.0034720942	0.00060218194	0.0022316321	0.07900426	0.0005038982	0.0014960996	0.0013927825	0.000105530344	0.00013748895	0.003725117	0.01702396	0.0009845223	0.0003970954	0.0038845576	4.0940038e-05	0.011501777	0.034633987	0.003713274	0.003713274	0.0021281384	0.002020298	0.0010815015	0.002020298	0.018201975	0.005821828	0.0019347979	0.00037343713	0.00012876857	0.00028057373	0.0019801953	0.00012009582	0.00013931077	0.009996195	0.009996195	0.0010310016	0.009498464	0.0147085525	0.00022169185	0.01596578	0.003451151	0.019560622	0.010439863	0.009779128	0.0013035876	0.0013220437	0.008257111	0.0079888785	0.0019893802	0.008264259	0.00014647724	0.0014356996	0.0006231908	0.0005965477	0.0002176415	0.006320043	0.0005131268	0.0008973748	0.00013706392	0.00017175339	0.002933247	0.002894366	0.004248543	0.0049223867	0.000751625	0.010250217	0.003420821	0.00029776705	0.06984277	-22.66273307800293
s04e01a	610.0	5.0	0.9024846	0.9024846	0.01882962	0.08762465	0.0011116841	0.0014281546	0.04560462	0.001187643	0.0010579318	0.019303514	0.00031950622	0.00024372431	0.0033947225	0.0124337645	0.0024947643	0.0007640466	0.0035932544	0.00071879925	0.005311328	0.018409332	0.01975399	0.012419515	0.0012004748	0.0044700266	0.002738331	0.0072670835	0.010714945	0.0049208803	0.0017677635	0.0009995255	0.0001479445	0.00067541434	0.0022956806	0.0002494379	0.00013145353	0.0071257665	0.0017274314	0.0071257665	0.0050806925	0.0010900197	0.00080345786	0.0050806925	0.0018428391	0.0032366894	0.0022328151	0.0005047428	0.00041019695	0.00035939025	0.0024226753	0.0021319229	0.0018115195	0.022358563	0.00044389686	0.003926479	0.0020857598	0.0024048989	0.0006954276	0.020182151	0.00037043868	0.0010331868	0.00046566717	0.00022626884	0.006986793	0.0010447049	0.0014732813	0.0016947582	0.0010287229	0.011623036	0.0049620406	0.00012512352	0.020685354	-25.975492477416992
s04e01a	615.0	5.0	0.8701283	0.8701283	0.023275116	0.055185538	0.0009214626	0.0026967186	0.026464947	0.0075876294	0.0022636415	0.055833373	0.00062152045	0.001504887	0.019167775	0.004857685	0.00637184	0.0021260008	0.0010447949	0.0002062584	0.00023402735	0.0060286857	0.044857647	0.044857647	0.00395413	0.016752265	0.0060189757	0.023732942	0.009854591	0.0016232823	0.00074280717	0.00083506317	0.00029971777	0.0005668498	0.000410819	0.00015861972	0.0005053561	0.0052415836	0.0015988316	0.0052415836	0.0010740407	0.0005842912	0.0020519148	0.0010740407	0.0030823587	0.0030294103	0.010030858	0.00013970987	0.0004188969	0.00031219228	0.0019681558	0.010475668	0.0012383756	0.006431481	0.0013311635	0.001878421	0.00044034654	0.0021700407	0.00011313638	0.001307213	0.001550627	0.00067786546	0.0038404854	0.00026374328	0.003133644	0.0003554364	0.001815357	0.0020165711	0.00042857067	0.0033568928	0.0016206006	0.0006949754	0.003133644	-25.618087768554688
s04e01a	620.0	5.0	0.84716505	0.84716505	0.04798437	0.04063331	0.001302434	0.00751991	0.3141798	0.016739342	0.0042542475	0.016873287	0.0007024676	0.00048893766	0.0043948083	0.001193181	0.0033611963	0.0034492721	0.005167579	0.00033307995	0.0048353723	0.03849862	0.0055988273	0.0055988273	0.0015129831	0.0006413253	0.00022231352	0.001242793	0.022876376	0.0045062853	0.002206366	0.0011053202	0.00014944201	0.0011063099	0.0018041313	0.00041406104	0.00041719704	0.00073863793	0.0006064435	0.00073863793	0.0016684462	0.0011962383	0.0003369607	0.0016684462	0.00040843117	0.0015510826	0.003163359	0.00036290372	0.0007190336	0.0008571869	0.0022745791	0.0012768315	0.0021815898	0.0049777874	0.0010710158	0.0009677132	0.000711979	0.0022833124	0.0003630428	0.0017462423	0.00071255525	0.00084711605	0.00072153145	0.0005587384	0.0023313975	0.0003365799	0.0017927693	0.004598764	0.0015606574	0.0015165075	0.0037498144	0.00030833337	0.004598764	-23.44750595092773
s04e01a	625.0	5.0	0.85443074	0.85443074	0.005356328	0.005737396	0.00019019558	0.0023553025	0.024354585	0.00096413144	0.00095867447	0.010849411	0.0044957073	0.00020040022	0.006083975	0.00510973	0.0004014445	0.0005383688	0.00091443595	0.0013390853	0.00025721063	0.0042460547	0.039414927	0.005833199	0.000727386	0.0016232932	0.0006624326	0.0041386643	0.029053042	0.0021620854	0.0021620854	0.00060166564	0.00024717324	0.000477562	0.0010012053	0.00025423782	0.0002798532	0.0070443796	0.0070443796	0.0022179056	0.0072515407	0.0062211924	0.0008434228	0.0072515407	0.0009915285	0.026765952	0.06837196	0.000733518	0.0009494631	0.00039944344	0.007305167	0.009018183	0.022375679	0.11376551	0.00028316784	0.0035692353	0.00081198127	0.0009815991	0.0011714302	0.00094878627	0.0017254123	0.0004059734	0.0003977396	0.00019760436	0.016421985	0.0011195713	0.0023705922	0.007109894	0.0008408124	0.011866868	0.0009813495	0.00094404776	0.016421985	-22.905078887939453
s04e01a	630.0	5.0	0.890609	0.890609	0.0073628766	0.009902167	0.00011634625	0.0017984812	0.15712914	0.00030565794	0.0014945512	0.0033811857	0.00016819667	0.0011021937	0.0008213088	0.0010979035	0.0023897009	0.0011330767	0.0016851432	0.0014645144	0.00078670925	0.019934941	0.12218095	0.0007649153	0.0016471995	0.002347343	0.00020373949	0.002347343	0.048884753	0.004922866	0.003228279	0.0019070712	0.0018161392	0.0021506064	0.0022521538	0.0006327481	0.0005797927	0.00373632	0.00267485	0.00306729	0.009316092	0.0024700065	0.0005922791	0.009316092	0.0018274888	0.0051926603	0.002366509	0.000516197	0.00050720584	0.00024297718	0.001407152	0.0012941011	0.0034428386	0.0014831369	0.0002171546	0.0007470452	0.0004327849	0.0013077242	0.0001981653	0.00037204774	0.00040962684	0.0015949042	0.00054938596	0.0008399179	0.0016621469	0.00090204476	0.00035890183	0.0009786185	0.0010535356	0.0061723343	0.0009449211	0.000114483926	0.001926909	-22.4514102935791
s04e01a	635.0	5.0	0.7764978	0.7764978	0.041787036	0.031537328	0.00026979356	0.00722739	0.025079748	0.0013144303	0.012446975	0.0015609509	0.0002054413	0.00029061435	0.001202744	0.017303856	0.000500463	0.00024395261	0.0017845323	0.00088186277	0.018992135	0.05025461	0.0045981416	0.0030509878	0.0006952755	0.0040880116	0.0008163277	0.004804191	0.05229589	0.011389831	0.0025096748	0.0012374347	0.00039196425	0.0013823687	0.008035775	0.00012615936	0.00034659146	0.007824243	0.0036926179	0.006849452	0.006344081	0.0036727113	0.00071385485	0.006344081	0.00270815	0.004954655	0.008331617	0.001793155	0.00045358506	0.00067370274	0.0037127747	0.0020741334	0.0017594368	0.041221887	0.00010945732	0.0031300995	0.0009821516	0.0004060175	0.00035613275	0.0029511547	0.0014873339	0.0007649004	0.0002498366	0.00023431404	0.0016605383	0.0014057122	0.0011828572	0.0025607734	0.0007338676	0.043800563	0.0034009814	8.144869e-05	0.10488538	-23.038637161254883
s04e01a	640.0	5.0	0.8557387	0.8557387	0.01385442	0.017603664	0.00022935861	0.0035110125	0.053070664	0.0043857372	0.0009846555	0.0073192124	0.0014802444	0.00037691015	0.0049435673	0.02983239	0.005086471	0.0015124449	0.0013491367	0.00025193463	0.0045795497	0.16229875	0.08008656	0.08008656	0.0011973047	0.0034915907	0.0028344335	0.004053918	0.026655626	0.0024267721	0.00065439	0.00049613195	0.000347342	0.00048243706	0.0017610915	0.00035768736	0.00029562463	0.008367478	0.0022302384	0.006224524	0.013774115	0.0012049611	0.00074381765	0.013774115	0.014497304	0.0051806117	0.001978823	0.00043230003	0.00021190172	0.0007187219	0.0014433078	0.010350138	0.00060480996	0.0035711979	0.00024732787	0.0012918088	0.00057057885	0.001459362	0.00052563194	0.023218457	0.0008596473	0.00063558517	0.0002465427	0.00021213075	0.001715903	0.00036210232	0.0025037774	0.0018459449	0.0015080493	0.019374566	0.0021468308	0.00017799053	0.007858684	-24.132272720336918
s04e01a	645.0	5.0	0.8694625	0.8694625	0.0055166674	0.07634801	0.0022029518	0.00060767477	0.0070062	0.003746896	0.0048804893	0.10301446	0.00028491262	0.00017825243	0.013925651	0.015193229	0.023843007	0.0011307488	0.002876378	0.0005705642	0.0003398583	0.0010220478	0.03825683	0.03641978	0.0052596894	0.0017186063	0.0013202576	0.0031358195	0.021558983	0.004643904	0.0015365464	0.0013368827	0.00040935026	0.0007778132	0.00040924884	0.00033236685	0.00022957762	0.0065547405	0.001998406	0.0065547405	0.0007884583	0.0005572094	0.0013119596	0.0007884583	0.011333687	0.0029912854	0.004926985	0.00015626446	0.00018280934	0.00030087726	0.0008707038	0.0040572677	0.00073196564	0.005774571	0.0011088094	0.0016880134	0.0020745923	0.0006660114	0.0009851054	0.034138005	0.0008260958	0.00029414444	0.00061313144	7.696681e-05	0.0042709103	0.0005663349	0.00015624316	0.0008373927	0.0012833856	0.026656639	0.0008382058	0.0001369214	0.0075427596	-24.042781829833984
s04e01a	650.0	5.0	0.6336382	0.6336382	0.004662515	0.004754708	0.00053979625	0.00012516732	0.00071577454	0.00048020063	0.021548351	0.0059722234	0.00049839023	0.00024610705	0.0067973416	0.004139288	0.001502146	0.00016533482	0.0019509965	0.0008788271	0.00016026606	0.0008125165	0.0056889704	0.0015926659	0.002418201	0.0009402843	0.0013653042	0.011749362	0.27260393	0.05732194	0.031299155	0.004383985	0.0011565275	0.003281816	0.002798432	0.0007179093	0.002219754	0.016597878	0.0036332773	0.016597878	0.0036054442	0.0051885657	0.0059776716	0.0051885657	0.0027829013	0.008764494	0.006346952	0.00084744947	0.001506825	0.00012538019	0.028189177	0.0015585532	0.0015274268	0.006211728	0.0010918092	0.0018259743	0.0018877354	0.0011835684	0.00038278697	0.004758349	0.0005266018	0.0025236655	0.0021533936	0.0017132219	0.032190192	0.003551299	0.00055767805	0.00045395535	0.002764652	0.023816176	0.0016784501	0.00062896416	0.032190192	-25.93998146057129
s04e01a	655.0	5.0	0.559868	0.559868	0.00090365164	0.00042962373	0.00016873993	0.0004508684	0.0007084446	0.0019674497	0.0007331556	0.003822068	0.00023845848	2.8219056e-05	0.0010510714	0.09577912	0.006188191	0.00014992314	0.00065579073	0.00014679896	0.00048468343	0.0036452697	0.026651945	0.0053937715	0.000541552	0.0038683782	0.0008336067	0.030029442	0.0059238933	0.0008354826	0.00035231616	0.00016748592	8.372575e-05	0.0001856508	0.00036705885	4.1242474e-05	9.194995e-05	0.021859918	0.021859918	0.0045124693	0.00043192622	0.0033931646	0.0024344097	0.0033931646	0.07154537	0.015256851	0.023184309	0.0006902905	0.00064041856	0.00021968446	0.0049206708	0.01152803	0.0014876915	0.009454903	0.00016267637	0.00062507525	0.0006940243	7.3555486e-05	7.715288e-05	0.0037669863	0.0025359096	0.00027741242	0.00020850601	0.0003483581	0.0033571655	0.0007553178	0.0024751213	0.0030733123	0.00038998362	0.00523907	0.00034048047	0.0006849954	0.06719881	-29.62052154541016
s04e01a	660.0	5.0	0.32673866	0.32673866	0.0006319393	0.0006817615	0.00013120833	0.0004708354	0.0006588886	0.00077269506	0.0008091798	0.0029851766	0.00030678193	3.9938874e-05	0.00076849473	0.008302781	0.0021118482	2.7114078e-05	0.0007922718	0.00028094553	0.0003087125	0.0050820545	0.005156041	0.0016249245	0.0004886888	0.007077638	0.0023898329	0.057206087	0.012244516	0.0024577838	0.0009698351	0.00020297187	0.00016076151	0.00028698455	0.0007257671	6.154769e-05	0.00021047285	0.024616573	0.024616573	0.005615428	0.002188467	0.0066407477	0.003116168	0.0066407477	0.08673785	0.027066603	0.008772978	0.00043507526	0.00026371158	0.00022187667	0.002319397	0.0074668257	0.003612536	0.0032359725	0.00025783724	0.00034384403	0.0013938891	0.0003510582	0.00021429906	0.0018944714	0.002865673	0.00024558223	0.0005754656	0.00020443538	0.0051874677	0.0018878271	0.0035673534	0.008426481	0.0008550554	0.0068592317	0.00020565689	0.0009027786	0.17599708	-30.04600143432617
s04e01a	665.0	5.0	0.022701154	0.022701154	0.0002447594	0.00034012832	0.00012681633	0.00026799616	0.00014906275	0.00031777497	0.0011272781	0.00028016636	0.00045817354	0.0001472737	0.003692344	0.008548868	0.00038013453	0.00022075912	0.0003549874	0.00029170082	8.5586355e-05	0.00060528	0.011087349	0.0026022086	0.0034919956	0.0015960603	0.0018002259	0.012807527	0.012103693	0.0014123652	0.0012990363	0.00029405527	0.00010719571	0.00023191849	0.0009260107	0.0013139766	0.00016985215	0.14888127	0.14888127	0.013361614	0.0037896784	0.10761442	0.017555414	0.10761442	0.007607284	0.09015268	0.0045806165	0.0010348936	0.0007812243	0.0003585323	0.0101057105	0.0145113375	0.0011388649	0.006001707	0.0007603709	0.00062306784	0.0095496345	0.00024837806	0.00014825448	0.0011103346	0.002486985	0.00083520723	0.0009538798	0.0013388513	0.0055712587	0.002924035	0.074898034	0.03036801	0.022942947	0.011860535	0.0074339863	0.0026100967	0.074898034	-36.45230102539063
s04e01a	670.0	5.0	0.7375504	0.7375504	0.10409792	0.010474086	0.00023364075	0.004330776	0.19222327	0.0008355364	0.0037701784	0.0037115174	6.166836e-05	0.00029347942	0.0007514373	0.0036150669	0.0018854478	0.00096488727	0.0048594554	0.0015851461	0.0048339106	0.1400793	0.0073518236	0.0015677947	0.0020242762	0.003675913	0.0004882121	0.012084971	0.018876085	0.0038127946	0.0019849043	0.00060899375	0.00020505303	0.00071718486	0.0021881734	0.00041262677	0.00028754576	0.020941895	0.020941895	0.011961442	0.008942032	0.022187527	0.009175512	0.022187527	0.0025780357	0.020497054	0.00870298	0.0046614152	0.0008884751	0.00054494856	0.01875393	0.004429629	0.0041980916	0.0038921228	9.9546836e-05	0.002341755	0.0010177032	0.0010685108	8.1744605e-05	0.00025206414	0.00077099603	0.0015495503	0.000286546	0.0004758468	0.0016362346	0.000465143	0.0026874447	0.003782691	0.0012362577	0.001839214	0.002496577	0.0002899128	0.003789135	-25.3341007232666
s04e01a	675.0	5.0	0.67048603	0.67048603	0.00841776	0.003335672	0.00015135667	0.0034416951	0.0067463056	0.00042884488	0.008358821	0.002604275	0.00048707417	0.00021188898	0.0014235447	0.003939235	0.0003442317	0.00010866549	0.0016919031	0.0007135801	0.003932569	0.007007318	0.0028666856	0.0018372255	0.0016676037	0.006275012	0.0006365408	0.006275012	0.6108592	0.058812838	0.030046029	0.0010278593	0.00026331763	0.0014963113	0.13128655	0.00029256032	0.007360284	0.0034130628	0.0034130628	0.0009566297	0.00529627	0.009274583	0.0004781614	0.009274583	0.0020696584	0.013151146	0.11419647	0.005551275	0.0019521278	0.00358222	0.01655043	0.0069342265	0.0042147674	0.006173534	0.0001282874	0.0012509325	0.00079463236	0.0007249452	0.0035368777	0.0002516667	0.00019959435	0.0028470368	0.0001149314	0.00041185395	0.0015987715	0.0020986372	0.0018771333	0.0032690759	0.0012422753	0.0074951635	0.0023737587	0.00030837863	0.011537032	-21.86156272888184
s04e01a	680.0	5.0	0.6981345	0.6981345	0.0049287505	0.0080012	0.0010182055	0.0025771016	0.0011676424	0.0011551182	0.029587513	0.0038534377	0.00036735466	0.0003193899	0.0034328355	0.004707193	0.0004792175	0.00016827656	0.0009385801	0.00040001122	0.00068854966	0.0012901003	0.0031876296	0.0024604439	0.00079240324	0.006316019	0.0013619867	0.006316019	0.7753631	0.12112397	0.08773515	0.0012065656	0.00047040696	0.0017344895	0.14445178	0.0016915221	0.011418269	0.0007055629	0.0007055629	0.00052713434	0.0011410569	0.0015559582	0.00025466335	0.0015559582	0.0009765779	0.005502136	0.015237199	0.00073424773	0.0006717863	0.0010454007	0.0024432102	0.00444191	0.0011194347	0.0013979012	0.00012125689	0.0016036785	0.0031425853	0.0031037838	0.00035989922	0.0009864038	0.00066362583	0.00085844647	0.00074563944	0.0003136559	0.0014282423	0.0035462605	0.0015880958	0.000945861	0.0022910414	0.010148838	0.003990961	0.0003359607	0.010864604	-23.20364189147949
s04e01a	685.0	5.0	0.76388055	0.76388055	0.013842919	0.12463047	0.00021750502	0.0010925948	0.0031698474	0.00091229076	0.002877757	0.0024198983	0.00041378484	0.00027347935	0.0026782025	0.0045257155	0.00066352374	0.000200214	0.00082806376	0.0005021861	0.00023510399	0.0023720542	0.0069805537	0.0032009205	0.0010552936	0.0023719256	0.00066698703	0.0025294118	0.037560083	0.002494692	0.00075030216	0.0005283965	0.0005837854	0.0004567694	0.0014485768	0.00032234215	0.00044631897	0.0023139017	0.0013890828	0.001342647	0.0005975925	0.00068009726	0.00036558215	0.00068009726	0.0016227184	0.0045340606	0.0069063036	0.000216964	0.00029205703	0.00076888804	0.0019281823	0.00052640354	0.0022699784	0.006692464	0.0009214323	0.003443488	0.0028471926	0.01593561	0.0018999117	0.016786497	0.0004948864	0.0013588669	0.00447547	0.0002024504	0.0029929525	0.0016634245	0.0004559085	0.001931972	0.0005411892	0.004601237	0.0012485221	0.0002935796	0.0703897	-21.908767700195312
s04e01a	690.0	5.0	0.060305152	0.060305152	0.0016925771	0.004098956	0.0011201692	0.0006499958	0.0022059546	0.003213179	0.0070404755	0.0017593948	0.0052787946	7.459228e-05	0.003716523	0.0024561782	0.0030312368	0.00048833614	0.010129494	0.00045443067	0.0015767952	0.0043387157	0.005947198	0.002487752	0.0022981218	0.0037060217	0.0014332229	0.0054585156	0.13225172	0.021645458	0.0084969895	0.0013719107	0.0006068575	0.0017888978	0.0051806807	0.001019358	0.0010503508	0.0060409075	0.004021095	0.005495982	0.0010118985	0.000923463	0.0017115289	0.001241866	0.0017110411	0.0077298013	0.013168703	0.00018034292	0.000616175	0.0018206491	0.002221917	0.0010192338	0.0032433635	0.003964288	0.004421129	0.0032965168	0.008952726	0.001575515	0.0009714915	0.00090356474	6.236234e-05	0.0016071224	0.0022076007	0.0012696498	0.0032943413	0.003902363	0.0055099116	0.0039038088	0.0034702832	0.0034458025	0.005105701	0.39380398	0.012832306	-38.790645599365234
