episode_id	onset	duration	talking	speech	man_speaking	woman_speaking	baby	shout	laughter	cry	singing	kids	groan	whistling	breathing	walking	mouth_sounds	fart	hands	heartbeat	cheering	crowd	mammal	dog_bark	cat	rooster	duck	bird	music	musical_instrument	guitar	piano	organ	electronic_instrument	percussion	bell	ambient_music	weather	wind	rain	river	wave	thunder	river_sea	fire	boat	car	traffic	car_honk	emergency_vehicle	train	cycling	engine	door	doorbell	knock	dishes	radio_tv	dryer_vacuum	zipper	keys	alarm	telephone	whistle	mechanisms	tools	boom	bang	glass	water	beep	silence	sudden_noise	db
s03e24b	0.0	5.0	0.7503092	0.7503092	0.008382756	0.0047759633	0.00010624969	0.012287371	0.0013264302	0.00029421735	0.0037538316	0.0026529662	0.00026635468	0.00015685457	0.00067181187	0.010087448	0.0003690483	0.00021030054	0.002249682	0.0009324561	0.0017259857	0.10249922	0.009134584	0.003559127	0.0009959575	0.0030427116	0.0014061092	0.0048380992	0.19946055	0.0047539636	0.00090425636	0.0002589683	0.00010014228	0.0016134001	0.0015559997	0.00071701844	0.00090312056	0.0192147	0.017799387	0.0192147	0.0059018494	0.011164836	0.0028100836	0.011164836	0.009216208	0.013086554	0.021258289	0.009431561	0.0012873489	0.0018380258	0.003928003	0.0061419248	0.0044438923	0.004271079	0.00025984136	0.0062822886	0.001512929	0.0026784192	0.0002908749	0.000928599	0.00012868179	0.002041318	0.00035788707	0.00050545635	0.0060855467	0.0015734695	0.0016593199	0.0066062366	0.00410464	0.02671799	0.005420649	0.00059439155	0.28955275	-21.68570327758789
s03e24b	5.0	5.0	0.61422235	0.61422235	0.012233437	0.0029245398	0.00020667988	0.003584149	0.01072252	0.00035344448	0.0043546017	0.0017596227	0.00037142544	0.00015693626	0.00082183763	0.036593795	0.00051126763	0.00019376591	0.002366259	0.00048542573	0.008224348	0.02490182	0.026635058	0.004715609	0.00075288134	0.006374981	0.0010975683	0.006374981	0.39464486	0.034388777	0.010536392	0.0014128609	0.00045475896	0.0015191227	0.013396763	0.00047484186	0.008785967	0.024759535	0.022650804	0.024759535	0.011421983	0.037457347	0.006573519	0.03934155	0.0045530135	0.026080323	0.04327969	0.01820992	0.0010769136	0.0013422352	0.045507524	0.0057689915	0.0027594562	0.00907405	8.338361e-05	0.0028420351	0.0013921121	0.0007748489	0.00020913997	0.0001886668	0.0002032802	0.004016236	0.00030566612	0.00035302422	0.0041780677	0.00034714554	0.020420017	0.021521075	0.0015677551	0.024617506	0.002295687	0.00017421163	0.08152256	-21.42906951904297
s03e24b	10.0	5.0	0.8002448	0.8002448	0.007392734	0.0013286314	8.37513e-05	0.011841024	0.0031414425	0.0002696321	0.0047922577	0.0015511875	8.6940985e-05	0.00017648932	0.00011635335	0.026964732	9.798796e-05	0.000122027894	0.0025618114	0.00036501227	0.012027641	0.10757041	0.002736385	0.002736385	0.0006821729	0.0015759532	0.0005293473	0.0015759532	0.5069517	0.023133118	0.0052387496	0.00054903154	0.00019547573	0.00039667936	0.005938395	0.00045132783	0.0020346118	0.012665432	0.012665432	0.0025997	0.0030846128	0.015199908	0.00040975297	0.015199908	0.003701477	0.020327624	0.03662293	0.014694241	0.0014584534	0.0027107785	0.0119956015	0.005726339	0.0015416706	0.026051598	4.459751e-05	0.008560333	0.001029042	0.00021936277	8.019836e-05	0.0003095212	0.00016287349	0.0019021997	0.00022884768	0.00026014206	0.0015255758	0.00037844517	0.0014313501	0.0033965008	0.00014469064	0.030061744	0.0028430896	4.675873e-05	0.24915633	-19.8936767578125
s03e24b	15.0	5.0	0.62554747	0.62554747	0.013146698	0.0028606674	0.00017657636	0.030884225	0.011715303	0.0020024087	0.017499086	0.005359823	0.0019573262	0.00031318172	0.0015218251	0.004724009	0.0009494468	0.0003024271	0.0007832697	0.003905632	0.023991996	0.27333185	0.003655641	0.003655641	0.0020984646	0.0022637362	0.0010469471	0.0022637362	0.67837024	0.122382335	0.053430386	0.0008053934	0.0012035685	0.0014407686	0.06293042	0.000690078	0.008503653	0.0022463517	0.0022117998	0.000563522	0.0009906717	0.0022668315	0.00028351255	0.0023800624	0.0014897883	0.0053361263	0.020323826	0.0019464133	0.0019887108	0.0027010078	0.003055075	0.0010592046	0.0010110707	0.011960811	0.0002297701	0.0006936283	0.0020691147	0.0015444903	6.861719e-05	0.00050960225	0.00019891116	0.0016717272	0.00067479827	0.0005608813	0.004715759	0.00026392261	0.0059960796	0.026459152	0.00048078143	0.004281029	0.0021433951	8.50219e-05	0.026459152	-18.486019134521484
s03e24b	20.0	5.0	0.55804366	0.55804366	0.013353068	0.0013895418	0.00010814954	0.015148589	0.0018454592	0.00042606264	0.003146917	0.06198949	0.0005639868	0.00066925574	0.00065933773	0.058566663	0.00010688603	3.097647e-05	0.008275338	0.00086877856	0.29838547	0.3017316	0.0014870939	0.0011597776	0.00026077626	0.00081650936	0.00085653167	0.00085653167	0.052387435	0.010046947	0.0037300368	0.00046866457	0.0006737338	0.00047492015	0.015819965	0.0005203764	0.0006055471	0.0010228237	0.0010228237	0.00018589242	0.00017532747	0.0003011591	0.000101208854	0.00030738738	0.0034603984	0.0010222743	0.001673682	0.00032543862	0.00029583497	0.00051865634	0.0010013179	0.0007602699	0.00029864756	0.06155987	0.000100336896	0.001148332	0.0039257165	0.00023450423	6.674962e-05	2.2991748e-05	4.3685224e-05	0.00081206404	0.00045566997	9.2663104e-05	0.0007508669	0.0003824835	0.019879343	0.007884233	0.00080614124	0.002664969	0.0035112565	9.72547e-05	0.072589315	-18.327547073364254
s03e24b	25.0	5.0	0.42580566	0.42580566	0.0045576864	0.0071127047	9.8416094e-05	0.008726543	0.004046098	0.0007335005	0.008573277	0.0035573211	0.00017062646	0.00027681718	0.0009264246	0.007773751	0.00017560687	4.474115e-05	0.0020775246	0.01070822	0.021796713	0.04991138	0.004446868	0.004446868	0.001045989	0.0009955984	0.0004873045	0.0009955984	0.101083875	0.0055124653	0.0013063257	0.00042597088	0.00021677955	0.0008467916	0.0012958037	0.0004548964	0.0014299251	0.0017161367	0.0017161367	0.00043817356	0.0014494231	0.0013620225	0.00012982491	0.0015023369	0.000570207	0.0023157233	0.002665723	0.0005241805	0.0007389065	0.00061158335	0.0032261962	0.00090464717	0.00049745	0.14381486	0.0002800283	0.0014176083	0.0019014196	0.0005226847	0.0012366793	0.0003030589	0.00023307251	0.0008637626	0.00047525027	0.00016396439	0.0016283395	0.00053747586	0.00086583913	0.015820365	0.0012390139	0.013117721	0.006716255	0.00011484332	0.689592	-19.25262451171875
s03e24b	30.0	5.0	0.46462142	0.46462142	0.017399764	0.0023425685	0.00031576998	0.010451584	0.009844589	0.00089652836	0.025504738	0.009466691	0.00013429766	0.00062511343	0.0010914307	0.07154827	0.00032728337	5.242911e-05	0.002353356	0.0044145035	0.06736309	0.093228415	0.0054487167	0.0029091255	0.0003029529	0.005255201	0.001427933	0.005255201	0.5652016	0.05287695	0.017751692	0.0017244713	0.0007405889	0.0021253442	0.0614037	0.00047027945	0.0069297724	0.0017186457	0.0017186457	0.00022607432	0.0005774703	0.0012817248	9.7951626e-05	0.0012817248	0.0010945934	0.0030870496	0.00765904	0.0010691844	0.0003244513	0.0017798295	0.0020341654	0.003129183	0.0003974599	0.014047575	0.00033891803	0.0012888507	0.00088971114	0.00025921312	0.00031945476	0.0002984563	0.00031768926	0.0022589152	0.0010918655	0.00028424655	0.00069023686	0.0003911604	0.0018015826	0.0021243242	0.0004593357	0.010428766	0.002334694	9.027006e-05	0.50846577	-18.303386688232425
s03e24b	35.0	5.0	0.012864875	0.012864875	0.0003862683	0.00037962807	0.0002415898	0.0030285805	0.00024147236	0.0003240275	0.039405175	0.00029106604	0.0001034249	8.97821e-05	0.0010622031	0.00097456	0.00021024361	7.310348e-05	0.00064601947	0.0009954296	0.001219475	0.0020938662	0.0012891294	0.0011236726	0.0012741636	0.0015189984	0.0005746462	0.0015189984	0.7941875	0.17660616	0.106537625	0.002046351	0.00070962374	0.0026095468	0.27258906	0.0011449864	0.016917609	0.0008091358	0.0006979256	0.00065213005	0.0015874088	0.0011975329	0.0003636386	0.0015874088	0.00030268703	0.0023566564	0.008313483	0.0002789265	0.0003017103	0.00053787284	0.0017254682	0.001835624	0.0027212803	0.0012030276	0.00031328146	0.0015519231	0.0007668455	0.00044145886	0.0009142913	0.00034257877	0.00033119114	0.0009454619	0.00061358884	0.0003835184	0.0017033345	0.0037049395	0.002283055	0.003148313	0.0011274951	0.0014114394	0.004245962	0.00032131796	0.015804945	-22.8701229095459
s03e24b	40.0	5.0	0.7487293	0.7487293	0.0082417475	0.0059429845	0.0012070702	0.0014162388	0.0020554007	0.003007444	0.01760801	0.008266987	0.00035958044	0.00048196525	0.011608371	0.017122071	0.0024332823	0.0005329486	0.0021462853	0.0005457222	0.00089184917	0.0006048443	0.017313566	0.017313566	0.0064395336	0.0040436047	0.0038430477	0.0040436047	0.7437127	0.10813139	0.061727434	0.003216093	0.0002328384	0.0035333552	0.017366735	0.0004042038	0.005857703	0.003622763	0.0009019279	0.0008681418	0.003518324	0.0011943505	0.00025139283	0.003518324	0.001771472	0.0049816906	0.0018518744	8.637123e-05	0.0006700238	0.00012496184	0.0009113725	0.009383761	0.0010152961	0.002964221	0.00033780484	0.0073273033	0.0020070376	0.0020268094	0.0002728228	0.0013940617	0.00012257099	0.0014324485	0.00050973095	0.0006834451	0.0012452886	0.0011629271	0.0010737787	0.0016356084	0.000612893	0.005278389	0.004945118	0.00050153554	0.004945118	-27.015644073486328
s03e24b	45.0	5.0	0.74084586	0.74084586	0.011731635	0.040526014	0.0017105956	0.0011734064	0.0021187065	0.002397219	0.008387747	0.022897724	0.0005489583	0.0001571844	0.0056856265	0.02657804	0.0075723943	0.00019392042	0.0032086512	0.00019299076	0.00051044865	0.00072030793	0.022291532	0.017034048	0.0057374993	0.0016910301	0.0011050081	0.0052427743	0.018474674	0.0031464251	0.0007838028	0.00057142787	0.00026370003	0.00033658484	0.0012958668	0.0003085651	0.0003769229	0.013116617	0.0010644596	0.010119993	0.0013180708	0.0005030516	0.0014938462	0.0013180708	0.0110404715	0.0016566851	0.0009600021	0.000105451894	5.6429333e-05	0.00013233151	0.0010209486	0.0038845614	0.00059225736	0.0060241926	0.0005473345	0.00901529	0.0031238876	0.0006168757	0.0002610835	0.004745943	0.00024327716	0.00028693397	0.00072878896	0.00016096797	0.0020179632	0.00043398608	0.00029363562	0.00110852	0.0010557822	0.106463775	0.0027277325	0.0005382395	0.018700251	-22.579565048217773
s03e24b	50.0	5.0	0.8177937	0.8177937	0.032702185	0.06765342	0.0010657939	0.0033614598	0.17622155	0.0016410875	0.0042876685	0.00254763	0.00046433788	0.00047935004	0.0016276158	0.010629489	0.0043156142	0.0005642505	0.0035443085	0.0012790528	0.016236791	0.11284101	0.009118715	0.009104276	0.0010495936	0.005981039	0.0008503096	0.005981039	0.04746466	0.007857993	0.0022178614	0.0009605657	0.0003024398	0.00057504425	0.0042012683	0.0004840029	0.00026680148	0.0012923601	0.0012621917	0.0010046852	0.0034027272	0.0018946843	0.0002136729	0.0034027272	0.0010343061	0.0036276577	0.0040260847	0.0010311346	0.0007701963	0.0008230174	0.006259741	0.001211551	0.0016533808	0.017811863	0.00015584394	0.0017767737	0.0013953109	0.0043310663	0.0006803112	0.004275875	0.00038002618	0.0011938427	0.00030859598	0.00025285096	0.0014600584	0.0009431079	0.0012241213	0.0036446014	0.0015902187	0.0077574896	0.012918946	0.00017429022	0.0630652	-20.862823486328125
s03e24b	55.0	5.0	0.8080259	0.8080259	0.008827553	0.10040878	0.000581668	0.0017064088	0.20617214	0.0012458361	0.0017986816	0.010571925	0.00012397804	0.00013041751	0.0026107347	0.0066709216	0.0051580225	0.0010424356	0.0027799888	0.00044975578	0.0027083522	0.007089198	0.005010921	0.0029053946	0.0010309573	0.0023057526	0.00021755272	0.0023057526	0.023030257	0.0032936165	0.0010522025	0.0009224922	0.0001816831	0.00050336006	0.0018569281	0.00020930196	0.00019822372	0.00083524745	0.00044092725	0.00083524745	0.00055703154	0.00053411117	0.00017836482	0.00055703154	0.0024832003	0.0013927446	0.0048650205	0.00046212078	0.0008359808	0.00019433467	0.02458533	0.00093226595	0.004456293	0.014221243	0.0002731372	0.005211382	0.0010290331	0.0021998377	0.0012024101	0.021444911	0.0009750215	0.00066862523	0.00026602807	0.0004816814	0.0036409153	0.00062069733	0.0007585667	0.0019591919	0.0011189496	0.0036941303	0.002455302	0.00020273532	0.010433989	-21.23933982849121
s03e24b	60.0	5.0	0.8035971	0.8035971	0.0029620582	0.019009952	0.0008477382	0.00015074381	0.00032778515	0.0002862454	0.0026813683	0.004470777	0.0001559715	0.00040345942	0.0035327608	0.00678164	0.0008835206	0.00020994674	0.007700787	0.0001754457	0.00035661925	0.00044210846	0.0040121223	0.0027760656	0.0010651809	0.0019315787	0.00090267067	0.0019315787	0.016982602	0.0074874773	0.0028768622	0.0019546454	0.0010571737	0.0021566378	0.0014602308	0.0004863078	0.00027146167	0.0015503487	0.0008453231	0.00081753935	0.00063688186	0.00033592017	0.0002953753	0.00063688186	0.0034812482	0.00159082	0.0030491552	0.00017637527	0.00017225494	0.00028417743	0.0012028305	0.0010557149	0.000700428	0.006485221	0.00045404315	0.0035326604	0.023745036	0.0016927697	0.0011376006	0.042886756	0.0008363612	0.0005428458	0.004024274	0.00022363587	0.0055154953	0.009915046	0.0005319676	0.0005353316	0.0021705683	0.012821419	0.0016942339	0.0002939028	0.028979173	-23.48945617675781
s03e24b	65.0	5.0	0.8259054	0.8259054	0.011747074	0.07507073	0.00083712186	0.0015162649	0.31324306	0.0010710929	0.0013952372	0.007049825	0.00025411934	0.00015812847	0.008118667	0.0034634182	0.02761153	0.00839666	0.0036105833	0.00045618237	0.0016862722	0.021859853	0.008880643	0.0060629565	0.00081556063	0.014640868	0.0014598735	0.014640868	0.034395017	0.010484193	0.0051161023	0.0015459573	0.00025805438	0.0013179705	0.0022497228	0.0002767061	0.00021832634	0.0025475589	0.0018800228	0.0025475589	0.003504524	0.0030968501	0.00063159066	0.003504524	0.0017153298	0.0054758224	0.008577214	0.0005186326	0.00086808763	0.00047921296	0.0028275885	0.0010710367	0.010961619	0.004617083	0.0003825318	0.0012024135	0.0009807242	0.0048183673	0.001659714	0.042776834	0.0012736006	0.00060760585	0.00028259231	0.00012356837	0.009937822	0.0010478507	0.00044101846	0.0031339717	0.0012696432	0.0062175966	0.0041584647	0.0005179331	0.009937822	-24.31731414794922
s03e24b	70.0	5.0	0.87107027	0.87107027	0.035212256	0.3119074	0.0013430268	0.00029571343	0.0020911768	0.0027727885	0.0014778635	0.024033181	0.00025494565	0.00033466634	0.0023484733	0.0030994331	0.001110615	0.0003176272	0.0010995393	0.00040826845	0.00017107656	0.00077145715	0.014132417	0.014132417	0.004556213	0.0022818628	0.0015349349	0.0022818628	0.016660718	0.0038499832	0.0011829946	0.0010221788	0.0009674587	0.0008251085	0.0017828709	0.0009161645	0.00029826057	0.0034852552	0.0009221894	0.0024641484	0.0011404407	0.00052607956	0.0008677561	0.0011404407	0.0011965727	0.002141068	0.0022797415	0.00013595218	0.00011206535	0.0004101119	0.00081567257	0.0014628668	0.0006698747	0.00066639803	0.000243768	0.0013034088	0.0004717087	0.0041875774	0.00037819598	0.02258259	0.00020706431	0.00054071075	0.0035259724	8.464016e-05	0.00448161	0.0005649081	0.0004835662	0.00023015359	0.0006064481	0.0032564297	0.000647137	0.0003377868	0.006532243	-21.876583099365234
s03e24b	75.0	5.0	0.88827	0.88827	0.31164414	0.044787176	0.00041365076	0.00061536103	0.0022468262	0.0013810311	0.0013875781	0.0017730802	0.00031198282	0.0005284189	0.0051362184	0.0009082941	0.0011940054	0.0003589109	0.0003393513	0.00033737486	0.000286139	0.0009457772	0.0033617953	0.0019925057	0.0008623592	0.0008313674	0.0011295538	0.0015464961	0.01894575	0.0077160727	0.0031795262	0.0017498594	0.0005982182	0.0014912232	0.0023672094	0.00064243743	0.00020245522	0.003440295	0.000680482	0.0013173574	0.0008649716	0.00045034758	0.0005192133	0.0008649716	0.00093968055	0.001216085	0.0013474083	0.0001421415	0.00012685297	0.00033759876	0.0005184453	0.00064243743	0.00041238454	0.0014503608	0.00024137337	0.0011206911	0.00045515556	0.0055320607	0.00043140256	0.008176243	0.0009774128	0.0008357673	0.01921657	0.00023567316	0.0036356084	0.0022656615	0.00028219816	0.0003064034	0.0008317596	0.0024172822	0.00076438347	0.0011347326	0.0072733536	-23.82072639465332
s03e24b	80.0	5.0	0.8317319	0.8317319	0.35714728	0.013605411	0.00028817725	0.003791499	0.17313999	0.0007366142	0.0012986726	0.0009299461	0.0001394732	0.00072428165	0.0011065787	0.008340384	0.001960063	0.00020379643	0.003709254	0.00015709257	0.015578682	0.11387659	0.0027491015	0.0008432889	0.0014115181	0.003000238	0.00056173035	0.003000238	0.024674067	0.009313092	0.003891509	0.0011561872	0.00029628092	0.0011223257	0.0035597442	0.0006263416	0.00017154259	0.002216857	0.002216857	0.0012126953	0.0030437128	0.005803503	0.00027254617	0.007477696	0.0012023264	0.007833295	0.005456611	0.0021667073	0.00027291334	0.0008803428	0.0032144103	0.0011375237	0.00144968	0.0038727394	0.00017147276	0.0007543999	0.0011845941	0.0034370597	0.00018811769	0.0005383031	0.0007612994	0.0007904838	0.0012710546	0.00024526563	0.002185281	0.001957626	0.0012676271	0.0009656409	0.00055066095	0.0025730918	0.0053212885	0.00048997084	0.013228977	-24.753171920776367
s03e24b	85.0	5.0	0.8460484	0.8460484	0.103184685	0.032980457	0.0023778917	0.0036127814	0.04707071	0.0034276682	0.002425641	0.0015136336	0.0010905624	0.00043234165	0.03149669	0.009657452	0.002285684	0.00033746235	0.0017952013	0.0005893734	0.0015995519	0.013108267	0.0069125663	0.0069125663	0.0014864128	0.0021290397	0.0016883388	0.0050534275	0.031503744	0.009776713	0.006086083	0.0007441651	0.00030845334	0.0007120693	0.0042884443	0.0016531959	0.0004886474	0.0025897697	0.0010213946	0.0005659194	0.0020670444	0.0011309577	0.00014109725	0.0020670444	0.001997566	0.0047339536	0.0024463919	0.00042964894	0.0002875907	0.000799261	0.0007469676	0.0010861162	0.0009991394	0.0044116545	0.00066496106	0.0024788599	0.0027401897	0.009635599	0.00088051055	0.09513381	0.0011822894	0.0007853729	0.004510045	0.000290805	0.0057836673	0.0065568336	0.00078752975	0.0014894578	0.002245843	0.01580634	0.007024316	0.0003851494	0.010994889	-19.919334411621094
s03e24b	90.0	5.0	0.85494816	0.85494816	0.018636718	0.09353568	0.00047318696	0.0036733607	0.20247431	0.003916875	0.00261999	0.008494058	0.0007592613	0.00050016923	0.00705295	0.0027590375	0.0032865799	0.0013953395	0.0013008849	0.0012470542	0.0019992285	0.08760286	0.009970995	0.005456151	0.0028853526	0.0033783682	0.002825176	0.0033783682	0.053454347	0.0059371903	0.0023809038	0.0008696305	0.00041607977	0.0009528479	0.0021843412	0.00032377953	0.00047368946	0.0022931832	0.0016066359	0.0022931832	0.005684883	0.0027947566	0.0004427288	0.005684883	0.0012185305	0.0072992733	0.007820223	0.0009206973	0.0006260459	0.0009847638	0.0027162808	0.0020585055	0.0029424194	0.0021103264	0.0009714581	0.0008682701	0.00058925373	0.010554023	0.0012705063	0.032561544	0.00029390136	0.0007923428	0.0005025467	0.0003562268	0.0021341403	0.0010953012	0.0006634039	0.0031632143	0.003066513	0.009576001	0.00499421	0.00039274825	0.00499421	-22.640121459960938
s03e24b	95.0	5.0	0.84411824	0.84411824	0.12796155	0.022586906	0.00085299567	0.0034391235	0.019027522	0.002353346	0.0016908137	0.0011517885	0.00041673178	0.00052980054	0.013652232	0.009395519	0.00060046284	0.00048369388	0.0011527593	0.0004459575	0.001691478	0.025978005	0.0035144626	0.0033803533	0.0017309891	0.0044015567	0.0023225658	0.0044015567	0.037950967	0.0062950365	0.0031340446	0.001385627	0.00036674595	0.001163781	0.0030429345	0.00045755686	0.00022196764	0.0056385733	0.0040309215	0.002391044	0.0027730034	0.0073251394	0.0007807547	0.007722658	0.0014970424	0.010644654	0.013727024	0.0034264405	0.0010535085	0.0025472825	0.011338337	0.002610485	0.0030198009	0.007460357	0.0007076474	0.0015087647	0.0014568272	0.004329187	0.00046600375	0.016652877	0.0007524789	0.0015373622	0.0011335604	0.00035527244	0.0031777148	0.0024118642	0.004629859	0.0019280153	0.002091357	0.0041470863	0.0014523565	0.001450438	0.011194159	-23.150001525878903
s03e24b	100.0	5.0	0.91171783	0.91171783	0.124700785	0.020390326	0.00024909998	0.00058958214	0.0007555921	0.00043226828	0.001955719	0.00069570966	0.00021994079	0.00013923056	0.006932687	0.0022091495	0.0007934883	7.1536524e-05	0.000833981	0.00029457072	0.0001945119	0.0014787292	0.0021070293	0.00094784034	0.00044131116	0.0011700797	0.0009047096	0.0021539489	0.021589562	0.009629186	0.0059277415	0.0017074016	0.00069658604	0.0017702879	0.0028782878	0.0005588045	0.00020290744	0.0061081885	0.0015379392	0.002021785	0.00091022305	0.0009237551	0.000535573	0.0009237551	0.0016210612	0.0035193942	0.0024424177	0.0001665211	7.705075e-05	0.000354905	0.00079288584	0.0009928397	0.0009344657	0.0029432185	0.00021462153	0.0023689915	0.00046781564	0.004141364	0.00031883377	0.01433633	0.0005136514	0.0006852412	0.0036860907	0.00010703453	0.02134705	0.0029711765	0.00062468695	0.0003641713	0.000745573	0.0060071396	0.00043802572	0.00063597993	0.02134705	-25.151447296142575
s03e24b	105.0	5.0	0.88449574	0.88449574	0.16577035	0.010947035	0.0017430186	0.0035331403	0.20788762	0.0029870279	0.0010209953	0.00068841875	0.00034307278	0.00021292186	0.011049946	0.009319733	0.0034749415	0.0002134931	0.0020381876	0.0011583953	0.0024795483	0.12068719	0.0067766123	0.0063809855	0.0031475618	0.0015289256	0.0009324387	0.007906652	0.049505502	0.01179007	0.0073754718	0.0009956496	0.0003945591	0.0011994609	0.003631871	0.0012608033	0.00033635582	0.0019545616	0.0012323075	0.00051223155	0.0045661875	0.0020876443	0.00013072367	0.0045661875	0.0013734343	0.011690696	0.0044522122	0.0006896812	0.0002985428	0.00085359166	0.0011016468	0.0018688099	0.002276216	0.005309802	0.0004999247	0.0015767929	0.0007877744	0.010037954	0.0004986842	0.010101624	0.0008073809	0.000707817	0.00040800113	0.00034399322	0.0056744236	0.003234018	0.0013760278	0.0021892667	0.004152249	0.007162789	0.004053083	0.00017681812	0.0056744236	-24.158021926879883
s03e24b	110.0	5.0	0.9282964	0.9282964	0.058132578	0.03332733	0.0005948642	0.0021333923	0.09693265	0.0010514291	0.0005369165	0.0011446576	7.860337e-05	0.00014940884	0.00111648	0.010840858	0.0031113846	8.842654e-05	0.0007774097	0.00051194936	0.0017881333	0.17045678	0.0030522093	0.0030522093	0.00078234886	0.0017455743	0.0010095446	0.003096267	0.046297982	0.0069954665	0.0020266937	0.00056013605	0.00020084075	0.0007551336	0.0032729467	0.00020027759	0.0002132272	0.0018855786	0.00082418125	0.00043055892	0.0034812135	0.0017793702	8.995495e-05	0.0034812135	0.0004304701	0.0064774523	0.0027125052	0.0004300796	0.00024416856	0.0005806698	0.0010296279	0.0014744104	0.0007229897	0.006354541	0.0006653757	0.00064106344	0.0006712308	0.0050679217	0.00041967246	0.014321292	0.00039462827	0.00046462566	0.0001695916	0.000116333045	0.0057453276	0.0019287457	0.0009387245	0.0006061846	0.002629572	0.0051299166	0.002446009	0.00013967282	0.0057453276	-21.884031295776367
s03e24b	115.0	5.0	0.9337374	0.9337374	0.03612948	0.09462434	0.0010088754	0.0030539585	0.055328097	0.0014454384	0.0021052985	0.0023491862	0.000115196046	0.0002507874	0.0013478525	0.0029404517	0.0022630254	0.000120327255	0.0013933576	0.00039814154	0.0012604846	0.05657563	0.0038563015	0.0038563015	0.0008611065	0.0017659165	0.0005401714	0.0021864343	0.025271444	0.0064496915	0.0028495695	0.0010145898	0.00056111417	0.00088289607	0.001842655	0.00019129665	0.00017320144	0.0010620913	0.00019036213	0.0004423321	0.00063117064	0.00015594058	5.94723e-05	0.00063117064	0.0010497916	0.00062303164	0.000830807	9.570788e-05	0.00011765715	0.00027472302	0.00045763492	0.00068713765	0.00063153106	0.006359324	0.00040968953	0.0021517908	0.0027190242	0.0034388865	0.00043409347	0.023763996	0.00028428365	0.00040675668	0.000264875	0.00020868181	0.003773242	0.001477736	0.00023085819	0.0012436688	0.0016780491	0.0067083384	0.0024785544	0.00017511295	0.004227041	-19.99563980102539
s03e24b	120.0	5.0	0.7942684	0.7942684	0.03420071	0.009286192	0.00091087975	0.0016708092	0.22064869	0.0037456823	0.0027956285	0.0022712531	0.0006189414	0.00089956337	0.036201585	0.003721136	0.012230026	0.0035852392	0.0017178432	0.0004685096	0.00068777514	0.0046215225	0.01746435	0.007938141	0.0025565845	0.008961513	0.0014907575	0.008961513	0.029677982	0.009456547	0.0053307666	0.0028092286	0.0006267874	0.0027724602	0.002732301	0.00025793264	0.00043064615	0.0018862698	0.0017372782	0.0009048355	0.0047567277	0.0028610264	0.000306753	0.0047567277	0.00060086185	0.005571219	0.009194745	0.0003689512	0.0010979756	0.000674374	0.003301424	0.0014228263	0.005265885	0.005073072	0.00025929566	0.00095760863	0.0013022001	0.008528745	0.0003325992	0.0021542534	0.0010823709	0.00070102303	0.002596028	0.0003336803	0.0045947684	0.0015554131	0.0015105775	0.003847519	0.0007446109	0.0030408073	0.0011182411	0.00056706835	0.0045947684	-23.010570526123047
s03e24b	125.0	5.0	0.74475133	0.74475133	0.021602571	0.0028261086	0.00039260223	0.00045291323	0.000375362	0.0005590021	0.0034227106	0.0010852608	0.00010815389	0.00021716412	0.006690049	0.004532862	0.0016376567	0.00011826649	0.0023582848	0.00014728872	0.00011891627	0.0013171862	0.01711793	0.002704635	0.0032572562	0.0025434908	0.0017045594	0.0025434908	0.026151065	0.011724599	0.0033323902	0.0032268125	0.00071899453	0.0035913084	0.0017430666	0.0020293787	0.00032085666	0.013280853	0.0027589158	0.0021987506	0.004094429	0.0016825381	0.00061518303	0.004094429	0.0017778854	0.004885336	0.0022527624	0.00015846945	0.0002107723	0.00027560553	0.0011008212	0.0035536468	0.00061932375	0.0022129577	0.0009519686	0.0034509774	0.001350749	0.0065692454	0.00013362258	0.005169908	0.0004775381	0.0012897576	0.00344222	0.00013359277	0.07222373	0.00277335	0.0006691065	0.00021799978	0.0045337486	0.0075903507	0.0015656778	0.030462623	0.10832473	-31.733539581298828
s03e24b	130.0	5.0	0.84336114	0.84336114	0.043449216	0.018448876	0.00044679656	0.002185853	0.05090062	0.00088005135	0.0025940074	0.0018389655	0.00043211336	0.00011213985	0.00604006	0.014402634	0.0042873244	0.00083947345	0.0024829996	0.00064850145	0.0009914374	0.0062606726	0.008934881	0.0021066994	0.0015048477	0.0010729035	0.00037540743	0.0017294646	0.020887772	0.009463946	0.0044091525	0.0007188815	0.00033675626	0.00052009645	0.00093800254	0.00039428912	0.00011274888	0.009034523	0.0025438827	0.0024738442	0.0019528852	0.003027884	0.00053733704	0.003027884	0.004459427	0.003223618	0.004304911	0.00065180653	0.00042071738	0.00031886535	0.0014823448	0.0019496137	0.0022236588	0.008466032	0.00016038776	0.0031111771	0.00064746704	0.0036473211	0.00035239846	0.07305189	0.00042669143	0.00063299027	0.0007095467	0.00010131565	0.002662063	0.0015421434	0.0005796943	0.004131564	0.0015272711	0.019881006	0.005993502	0.00055083656	0.008075869	-25.989877700805664
s03e24b	135.0	5.0	0.88927984	0.88927984	0.08998702	0.0051662778	0.00046595556	0.0050509777	0.16394961	0.001396921	0.0016745332	0.00058884925	0.00014258608	0.000370489	0.0023883726	0.0043066796	0.0034018315	0.0004939585	0.0016379101	0.00033596484	0.0038401429	0.22609603	0.0035884227	0.0020134365	0.0035884227	0.0041854666	0.00082715723	0.004391463	0.044519622	0.011272768	0.0046733376	0.0010773944	0.00044649155	0.0013448892	0.009701208	0.00027507055	0.00026589492	0.0079970565	0.0079970565	0.002917009	0.010832138	0.01910318	0.0009594544	0.01910318	0.004054796	0.033663806	0.010120184	0.0033089926	0.0006290765	0.0013407052	0.0027285211	0.0031387035	0.003890681	0.0038971396	0.00022507145	0.00039768277	0.0010631654	0.0070648487	0.0004552786	0.0035142908	0.0016336427	0.0013983179	0.00023752429	0.00029862305	0.0018423235	0.0017914728	0.005155361	0.003376248	0.0026254908	0.00756385	0.003890315	0.0003985507	0.007878067	-25.55081367492676
s03e24b	140.0	5.0	0.929021	0.929021	0.033480592	0.036636617	0.002245346	0.00022018503	0.0017634311	0.0018775477	0.0008355443	0.008214023	0.000352252	0.00037681998	0.004430645	0.01161952	0.00238846	0.00037766836	0.0012963618	0.00012230374	0.00010254656	0.001324495	0.007311342	0.007311342	0.0034481466	0.0010787217	0.00085298717	0.0015105861	0.022381486	0.0043695704	0.0016883533	0.00067688583	0.0003764503	0.0006290382	0.00052229105	0.0003648035	9.8574455e-05	0.005132482	0.0007641547	0.00070298323	0.000922755	0.0007067157	0.00015428789	0.000922755	0.0013984758	0.002899672	0.002250001	0.00010547783	0.00013224359	0.00018399075	0.0011295431	0.0008385593	0.0006341424	0.0019161144	0.000103175684	0.0016690134	0.00026661486	0.0041432246	0.00024461406	0.020702105	8.471389e-05	0.00050719763	0.005922821	0.00045651387	0.0045595863	0.00059452694	0.00020959032	0.00021688043	0.00032673686	0.0066655837	0.0008184731	0.0006497295	0.005772198	-24.249282836914062
s03e24b	145.0	5.0	0.6813351	0.6813351	0.013101409	0.0024533677	0.00090106204	0.008565831	0.23915777	0.00031595698	0.019609727	0.0010653676	0.00031156137	0.00021293992	0.000634506	0.0017139837	0.0008028105	0.00040457904	0.0029323965	0.0018415765	0.013505141	0.013239406	0.0026420676	0.0015878478	0.0008885395	0.008984444	0.0012240916	0.008984444	0.7498335	0.05347468	0.028526926	0.0013992984	0.0007252327	0.0027001514	0.08049257	0.0007365654	0.011439485	0.00047461153	0.00047461153	0.00017622784	0.0014178177	0.0011813533	7.9043086e-05	0.0014178177	0.00034585575	0.0026566351	0.0033550872	0.0002544704	0.00059620605	0.00023535204	0.00086545217	0.00066130655	0.0012615499	0.0037411582	0.0002394628	0.0005315254	0.00029821368	0.0017515661	0.0013477382	0.00025398756	0.00034407983	0.0005271115	0.00038878614	0.00013902228	0.0005603843	0.00066179613	0.0011267896	0.010761289	0.00033398424	0.0019638278	0.0055825245	0.0002105909	0.011586403	-20.589454650878903
s03e24b	150.0	5.0	0.6842124	0.6842124	0.006982378	0.007943722	0.0003564981	0.0027108674	0.0013729609	0.0019423456	0.0040186895	0.005424931	0.0010234918	0.00017530173	0.013000541	0.009464778	0.0031505781	0.00021922644	0.001992189	0.0008558864	0.0017018311	0.0014513127	0.04611138	0.04611138	0.0037074995	0.007070008	0.0038729399	0.007070008	0.61934197	0.021100027	0.004567087	0.0009171706	0.0003437295	0.001164914	0.0379099	0.0065229787	0.002077306	0.003141359	0.0024864422	0.0017683249	0.0037802695	0.003007121	0.00048411367	0.0037802695	0.0012495619	0.006026843	0.016632697	0.0014796405	0.0011846619	0.0010404661	0.0067772996	0.008704782	0.0041371593	0.01456832	0.0004294307	0.008095599	0.0020877896	0.0015162743	0.00026044084	0.0016966938	0.00039878898	0.0009699174	0.0004307373	0.00035095512	0.017697107	0.010722641	0.009587607	0.02294498	0.006177854	0.012942714	0.025729312	0.00016342558	0.025729312	-21.922313690185547
s03e24b	155.0	5.0	0.8631027	0.8631027	0.02418943	0.26647186	0.0005214961	0.00046074184	0.0043281717	0.0016663951	0.0013182403	0.0031585626	0.0001651188	0.00031095807	0.0062646493	0.00336165	0.0007742617	0.00020193431	0.001120134	0.00048235425	0.00016395721	0.0009763346	0.005474719	0.0041971887	0.001366194	0.0018890791	0.0017484631	0.0026702273	0.03640143	0.0030771042	0.0008923685	0.0007420056	0.0006368306	0.0008654456	0.002091171	0.000678635	0.00027899034	0.0461904	0.004147063	0.0461904	0.0035279684	0.0037626997	0.006584186	0.0037626997	0.0047511193	0.006157896	0.004051066	0.0002736006	0.00013882716	0.0003881087	0.001683525	0.0016420886	0.0019325985	0.0030025612	0.0003864202	0.0023296082	0.004336508	0.0093195	0.0006550199	0.015135305	0.00030565477	0.00043934258	0.0009621484	0.00016017426	0.0033414408	0.0011164598	0.00088044384	0.00086386583	0.0046351776	0.033836514	0.002397245	0.00021602809	0.039937243	-22.55413818359375
s03e24b	160.0	5.0	0.78688323	0.78688323	0.018833518	0.05275362	0.00028474047	0.0008345136	0.038954895	0.00062912394	0.0010239966	0.0042090314	0.0004127249	0.0002701104	0.0045776283	0.003929675	0.0010895764	0.00018425605	0.0008971808	0.0012499159	0.0015793722	0.014917165	0.004200271	0.003821863	0.0015195097	0.0022778064	0.0013636512	0.0023913123	0.0954227	0.010233802	0.0026720376	0.0009149335	0.00040962448	0.0008250468	0.0024790391	0.00044290716	0.00047183732	0.014193481	0.0057098395	0.014193481	0.051284168	0.015825342	0.0010690393	0.051284168	0.0010711061	0.014785282	0.005492818	0.0007169494	0.00021099327	0.00038928405	0.0015866857	0.001127196	0.0011465537	0.001998966	0.00066889	0.0008320894	0.00093637296	0.0024476792	0.00091764703	0.028714377	0.0001553293	0.00047125458	0.00028373292	0.00025562252	0.0035100172	0.0016263345	0.000265901	0.0008769479	0.003027776	0.05231068	0.003042722	0.00022522792	0.008928582	-22.280536651611328
s03e24b	165.0	5.0	0.8271915	0.8271915	0.0069494694	0.021893976	0.0003090014	0.0006694286	0.011345106	0.00087232224	0.0006863902	0.004541406	0.00057614647	8.856679e-05	0.008706411	0.014500581	0.0029686606	0.0003927703	0.00024729015	0.00029420952	0.0003429124	0.0065250862	0.02432542	0.003720639	0.02432542	0.001770464	0.0003284806	0.003791155	0.042502977	0.0032086938	0.00053212175	0.00032515082	0.0002483745	0.0005862821	0.0019701575	0.0002626219	0.0006281916	0.0040022507	0.0017040465	0.0019550796	0.0014995506	0.0009945229	0.00039641588	0.0014995506	0.0049535274	0.0038926348	0.004416946	0.0006499394	0.0005920688	0.0003145339	0.0070750955	0.0053800824	0.0024285263	0.014791918	0.0001535561	0.0035827716	0.018097976	0.002934031	0.00040746303	0.003765131	0.00043797772	0.00035007662	0.00025569613	0.00033350318	0.010687448	0.001303739	0.0028684458	0.002029001	0.025163958	0.050256234	0.00442055	0.0006949917	0.0324497	-25.226215362548828
s03e24b	170.0	5.0	0.85613453	0.85613453	0.018930204	0.04314824	0.00017799564	0.001460399	0.011955826	0.00054856547	0.0018483822	0.021963932	0.00038611458	0.00020046138	0.002212903	0.020863555	0.001168143	0.00083819305	0.0014909946	0.0031688577	0.0018563416	0.05665847	0.038373243	0.007820705	0.002032652	0.00401492	0.0014442558	0.00401492	0.047368303	0.0042072814	0.0014044744	0.0007049654	0.00025185515	0.00077084097	0.0039484794	0.00015700691	0.00024957684	0.010772665	0.005287452	0.010772665	0.01280927	0.0056736353	0.0017827614	0.01280927	0.003552789	0.021064114	0.007952653	0.001139185	0.00032861152	0.00028876856	0.0072892015	0.0052067516	0.0017194482	0.004355055	0.0002598659	0.0061984304	0.00048382694	0.0010128388	0.000331075	0.0019903223	0.00017610623	0.0010561807	0.00029482527	0.00022998995	0.0020283426	0.00036648332	0.0009353671	0.0021537635	0.0014154831	0.02272492	0.0025186841	0.0002561495	0.012311689	-22.59944725036621
s03e24b	175.0	5.0	0.5720867	0.5720867	0.0093552405	0.010203669	0.000475383	0.0008263525	0.001108216	0.0007931987	0.0010991383	0.0008762801	0.001495537	0.0013437547	0.0006124145	0.0021252646	0.0005974803	0.00018554232	0.000239186	0.00067440677	0.0006488328	0.0006247483	0.004823176	0.00391458	0.0018513023	0.003486849	0.0019722758	0.0043647066	0.0378904	0.003913121	0.0012084087	0.0009421383	0.0017888986	0.0010651859	0.002219092	0.0009815693	0.0003774195	0.033718403	0.0017769904	0.033528883	0.006998972	0.0010687648	0.0028064968	0.006998972	0.010989622	0.004214319	0.0029148906	0.00019856704	0.0005892254	0.001530372	0.0018350335	0.00083724473	0.0016136727	0.0011819506	0.00042158554	0.00086409017	0.0010524833	0.008331858	0.0007700297	0.003865827	0.00021909396	0.0010623717	0.00088022667	0.0005696991	0.0039898427	0.0067899516	0.0007110246	0.000782743	0.0005202197	0.16912305	0.00056260853	0.00010543057	0.29329127	-20.171581268310547
s03e24b	180.0	5.0	0.87712234	0.87712234	0.046187922	0.02389185	0.0011934096	0.00083257514	0.0029126229	0.001172818	0.001107376	0.0032993914	0.00033325877	0.00027838693	0.0042488556	0.013200143	0.00044978465	0.00050729094	0.0013748745	0.00052422244	0.000452615	0.003133191	0.011772034	0.0067342613	0.0033579264	0.0024496268	0.0036710943	0.0044188336	0.033554617	0.0034144449	0.0015981056	0.0006753381	0.00045747135	0.0007492587	0.002971866	0.0006144169	0.00024721684	0.0302843	0.0068595926	0.0302843	0.008350928	0.0066886484	0.0036157933	0.008350928	0.0077111167	0.009224842	0.009801502	0.0009611461	0.00047699577	0.0004905475	0.004208434	0.008450964	0.0031401196	0.007669771	0.00037121694	0.0035542583	0.0010810683	0.004863887	0.0006101761	0.014725452	0.0006485002	0.0008680815	0.000631495	0.0005477035	0.004544558	0.0026881248	0.0019231609	0.0022442471	0.001908753	0.020863764	0.0020964264	0.00029281704	0.016552199	-21.382606506347656
s03e24b	185.0	5.0	0.760135	0.760135	0.014681061	0.03822032	8.728599e-05	0.0019395873	0.0340914	0.0009497803	0.003983901	0.0033787345	0.0032888956	0.0006287984	0.0042743324	0.0016579073	0.00039565744	0.00041883302	0.0014645597	0.0025010281	0.0031199716	0.009905207	0.045621384	0.0016229694	0.002818513	0.0020236936	0.00026786205	0.0020236936	0.11412402	0.0068666586	0.0020485325	0.001051118	0.00037585056	0.00085035217	0.0025242406	0.00017685539	0.00056941516	0.0069475644	0.0035439918	0.0069475644	0.008224954	0.0043046926	0.0017471403	0.008224954	0.0027141978	0.005566437	0.0071317265	0.0011986285	0.00032559753	0.00046366575	0.0021625925	0.0010340381	0.0031643272	0.006240434	0.00044136125	0.00076857704	0.0006130113	0.002375626	0.004267197	0.002124012	0.00027065794	0.0005312906	0.0008466947	0.00036989647	0.008300378	0.0020704404	0.00055166776	0.0013384949	0.0055661937	0.016234575	0.00300216	0.0003199955	0.008545155	-22.462797164916992
s03e24b	190.0	5.0	0.8134086	0.8134086	0.023353599	0.050023902	0.0013940325	0.0014509879	0.09193096	0.007808356	0.0013721688	0.0065754526	0.0030374264	0.00082113384	0.033104975	0.0029612458	0.0066726943	0.0016969321	0.00078830234	0.00074548606	0.0010736914	0.0046482636	0.054639634	0.04848848	0.0075781667	0.006375047	0.0055020815	0.006375047	0.087735854	0.007807973	0.00209665	0.0018173626	0.0005328826	0.0015677201	0.002793035	0.000247808	0.00048348645	0.008398102	0.0037249774	0.008398102	0.011628893	0.011704521	0.0015718254	0.011704521	0.0014570256	0.006461038	0.009307353	0.0024519465	0.00070799544	0.0007322552	0.0046427185	0.0010344904	0.0011562505	0.0045677028	0.0005650974	0.0018235944	0.0012762795	0.019041264	0.0027818852	0.014818235	0.00021719458	0.0008993791	0.0017069336	0.00059442525	0.0018904769	0.0010072279	0.00081784476	0.0031525297	0.003083764	0.008545305	0.001992653	0.0002480387	0.003797687	-22.67569732666016
s03e24b	195.0	5.0	0.67357516	0.67357516	0.004660031	0.020380545	0.0008626238	0.00075554027	0.0024473767	0.00044840493	0.0016353569	0.0046286965	0.0001271412	0.0011491337	0.0034147496	0.0024884287	0.00073306484	0.00022583561	0.0009799948	0.0002822856	0.00037286335	0.00073990744	0.00993013	0.005728796	0.00993013	0.0028720896	0.0014841908	0.0034739128	0.03664068	0.0046660504	0.0024710887	0.0014775095	0.0014269678	0.0015150879	0.0039791334	0.0004906275	0.00046017606	0.008358964	0.0010025969	0.0032508085	0.0022438478	0.00052445236	0.00044465813	0.0022438478	0.0038169806	0.00087032473	0.0019962813	0.00013098832	0.00034143645	0.0007219841	0.0019914669	0.0016256999	0.0011194363	0.0016510299	0.00097086414	0.0010171991	0.0014714837	0.008179163	0.0037191776	0.010818056	0.00027497747	0.0010854842	0.0027368222	0.0004795959	0.0054542003	0.0051645353	0.00047990002	0.000597375	0.00062491	0.12569791	0.0006416224	0.001057353	0.25099248	-21.634721755981445
s03e24b	200.0	5.0	0.81367123	0.81367123	0.015652552	0.08255057	0.0004603443	0.00093397964	0.02793567	0.00060141936	0.0013839983	0.006750205	0.0009693788	0.00040698357	0.004473325	0.01700795	0.00064814865	0.00067659456	0.0012762581	0.0012658879	0.006166347	0.0025346628	0.016966539	0.0025320589	0.0013766413	0.0016923395	0.0011451168	0.0024789376	0.037921373	0.0036128655	0.001159423	0.0015561568	0.0006052361	0.00079650944	0.00116034	0.0002852763	0.00024873708	0.039559066	0.008958104	0.039559066	0.017657237	0.012030497	0.0055522146	0.017657237	0.0031444933	0.017062454	0.007885319	0.0011102267	0.0008869602	0.00045169305	0.011454259	0.004029382	0.0015074098	0.013126558	0.00043435837	0.0023623798	0.0014794483	0.002829568	0.00039418277	0.0024371382	0.00053858076	0.00071843975	0.00050923077	0.0005522094	0.002270864	0.0009782205	0.0017047914	0.0026739673	0.0024948926	0.048884645	0.002632867	0.00018289774	0.010300121	-21.28582191467285
s03e24b	205.0	5.0	0.6404656	0.6404656	0.025023343	0.0038504736	0.000357505	0.0011818998	0.015196325	0.00018520861	0.0015225057	0.003827995	8.479373e-05	0.0001158769	0.00079905236	0.009848317	0.001161119	0.00018105484	0.06752858	0.000100597186	0.0075062816	0.012973121	0.004787091	0.004787091	0.0021091779	0.0032293778	0.0012369303	0.0032293778	0.019906871	0.0066401185	0.0026707798	0.0012380937	0.00023797085	0.000574864	0.0019156127	0.00035471335	0.00010051233	0.018428672	0.0139926085	0.018428672	0.02153342	0.013596819	0.0021179374	0.02153342	0.015691934	0.013328283	0.012142742	0.0049068863	0.0010885638	0.00095023913	0.022988463	0.0056647705	0.0030080602	0.00721932	0.00016589381	0.009534632	0.0037124418	0.00044128805	0.0009340642	0.0031605691	0.0003255764	0.0011295279	0.00048771207	0.00045931007	0.0022079875	0.032754824	0.0060179085	0.033105142	0.0047256257	0.013781462	0.037529334	0.00023753085	0.18705952	-20.812503814697266
s03e24b	210.0	5.0	0.8010084	0.8010084	0.0060690115	0.022806307	0.00034576672	0.00035755202	0.0013452094	0.00044546122	0.0016966099	0.0024141897	8.953715e-05	0.00036738496	0.001490314	0.008131393	0.0009983364	9.423805e-05	0.0015994156	0.00031970034	0.00018552871	0.00056010374	0.009279676	0.0025943802	0.00051030243	0.003112825	0.0025378608	0.004438322	0.022831459	0.005119081	0.0024893498	0.0013529403	0.00083838793	0.0014280893	0.0021508592	0.00036131975	0.00019043694	0.025215922	0.0017552074	0.025215922	0.003026508	0.0007274456	0.0033564349	0.003026508	0.00458431	0.003936398	0.0022138488	0.00011893531	0.00015128091	0.0002884403	0.00058156654	0.0014340257	0.0012691861	0.0021270318	0.0003546038	0.0026965481	0.0026557485	0.0022914784	0.0003688879	0.013115493	0.00018517436	0.00030619375	0.0007462142	0.00021716143	0.0060952622	0.0015146018	0.0003072122	0.00023679752	0.0010163535	0.026285568	0.0009917945	0.00044944204	0.036292057	-20.11587905883789
s03e24b	215.0	5.0	0.75751257	0.75751257	0.031984773	0.008931811	0.0003526848	0.0021063916	0.08355187	0.0009516857	0.002036521	0.0011979036	0.00063871616	0.0005677468	0.0038768898	0.002939279	0.0013873508	0.00043947328	0.00097465236	0.0014672029	0.0069322865	0.02775236	0.0073357816	0.0011280006	0.0022121146	0.004597777	0.0010503093	0.004597777	0.05749789	0.006410032	0.0032677802	0.00072680536	0.0002121182	0.0005632216	0.002353628	0.00024070896	0.0002575105	0.015081757	0.013778001	0.015081757	0.039123368	0.05123152	0.0030861236	0.05123152	0.0021155986	0.03573173	0.061290655	0.018743616	0.0014700196	0.0018906846	0.013180686	0.0030698571	0.003419215	0.0056505613	0.00022649288	0.0006992392	0.0005103693	0.0033515382	0.00076212763	0.004537083	0.00041237412	0.0017652485	0.0006262243	0.00048975373	0.0023445373	0.0011815442	0.000997627	0.0024483686	0.0016798337	0.027530475	0.0010972553	0.00027523108	0.006158868	-20.352523803710938
s03e24b	220.0	5.0	0.71555907	0.71555907	0.018726682	0.010931434	0.0006276034	0.0018411366	0.0065052286	0.00058910466	0.001436765	0.0018456322	0.00020868263	0.00084366713	0.0035017778	0.019105082	0.0009957436	5.2072246e-05	0.0067262826	0.0010537634	0.005528022	0.0061118454	0.0069708196	0.0031811723	0.0015517119	0.0032455812	0.0024389313	0.016420491	0.035025645	0.007804374	0.003979706	0.0010570735	0.00030427746	0.0012649278	0.0045832177	0.0007070282	0.00046761814	0.0036178676	0.0027428207	0.0032074603	0.0115425745	0.0028144896	0.000467759	0.0115425745	0.0037750886	0.008863535	0.00398909	0.00068296713	0.000718168	0.0012814031	0.0023023568	0.0026638692	0.0024106025	0.030200059	0.0016430888	0.010841533	0.023797287	0.006097071	0.009530206	0.004288823	0.00080829195	0.002258753	0.0011136805	0.0005201676	0.014058464	0.007736435	0.0014944394	0.0024300294	0.0030578761	0.020908946	0.008874362	0.00018842572	0.014058464	-20.61764907836914
s03e24b	225.0	5.0	0.8184919	0.8184919	0.033767834	0.004597847	0.00038126865	0.0032540392	0.04756251	0.00085070834	0.000583951	0.0028509086	0.0017253548	0.0003399717	0.019680688	0.0089871185	0.00087458186	0.00074701605	0.0009652767	0.0021514026	0.003255702	0.02473282	0.048499864	0.0023554505	0.0007233077	0.0027303642	0.0010223502	0.004341504	0.037509248	0.0055207447	0.0031812466	0.0004057627	0.00020618663	0.00035352434	0.0010331012	0.00025830077	0.00016818735	0.0050576944	0.0030596356	0.0050576944	0.023622423	0.0057485206	0.0005391159	0.023622423	0.0025356344	0.022455614	0.009229489	0.00070917344	0.0006483606	0.0004991495	0.0015968691	0.003482785	0.0015523991	0.0056556696	0.0001595365	0.0017645361	0.00021525253	0.00093728787	0.00023956304	0.0016729501	0.0003375151	0.00049394154	0.00021797711	0.00024041881	0.002777316	0.000559946	0.0003811269	0.0015035542	0.0013742481	0.03376546	0.00068339525	0.00018335695	0.002777316	-21.29325485229492
s03e24b	230.0	5.0	0.20517296	0.20517296	0.0050266865	0.001937067	0.00021075421	0.0031122807	0.008929777	0.0009075691	0.008049684	0.0009839245	0.0010031167	0.00064436323	0.0006688709	0.0050187423	0.00040100943	0.00031731694	0.0027079156	0.00071171584	0.026876982	0.00877154	0.0041620326	0.0020312394	0.0017043711	0.025523594	0.0008168144	0.025523594	0.05818608	0.022220515	0.009811068	0.003348421	0.0026887897	0.0028596842	0.01092968	0.0005758055	0.0014875995	0.015411125	0.015411125	0.006766299	0.008792056	0.015612195	0.0029385986	0.015612195	0.0033496274	0.041775923	0.048328128	0.0065858145	0.009293732	0.0043926532	0.0783298	0.003227466	0.008650792	0.005140479	0.00015759969	0.0017829083	0.0036052486	0.0070105735	0.00034771205	0.0005898811	0.00015205058	0.011703065	0.024768092	0.0013753386	0.005619013	0.0009856406	0.006403397	0.0053485143	0.0031052304	0.0090086935	0.0019547625	0.002047669	0.022462372	-23.58273696899414
s03e24b	235.0	5.0	0.92198694	0.92198694	0.19838762	0.02305194	0.0002704325	0.0018689957	0.0035757346	0.0011403956	0.0015628828	0.0017099506	0.00022021022	0.00021118627	0.001949959	0.017988803	0.0020055482	0.00033561303	0.003457681	0.00017290906	0.0006914443	0.0012813384	0.008492439	0.0029875932	0.0010419968	0.00084345206	0.0006996958	0.0058018914	0.011921042	0.0028251046	0.0017997298	0.00107947	0.00032764865	0.00073643134	0.0010454999	0.0018425304	0.0001300519	0.0055043986	0.0012426316	0.0030111077	0.0004255577	0.0007900922	0.0012845662	0.0007900922	0.0046212263	0.0020588809	0.010773768	0.0010199901	0.0005283147	0.0005095046	0.0016229964	0.0029248316	0.001852145	0.027422495	0.00018238556	0.008402149	0.0009596088	0.002353224	0.00031520033	0.0031848217	0.002840637	0.0013715011	0.0064893207	0.00025532002	0.0061973585	0.0015397414	0.0013433287	0.0020288378	0.0011151758	0.021127589	0.003618352	0.0023558897	0.01093299	-23.446779251098636
s03e24b	240.0	5.0	0.82980454	0.82980454	0.40015674	0.018396132	0.00025711648	0.0044291327	0.1377062	0.001133758	0.0017588455	0.0027074213	0.000577265	0.000556259	0.0010967526	0.0077225044	0.0011937176	0.0006845679	0.0028468366	0.00037397863	0.015760208	0.0080665	0.009666764	0.0025807384	0.0013542132	0.0017730345	0.0009410156	0.0038697699	0.012968988	0.005464551	0.0039726696	0.0010266673	0.00027247448	0.00067453244	0.0026935646	0.0005719003	0.0002475985	0.0031868885	0.0012695325	0.0031868885	0.0021204401	0.0017082243	0.0012288463	0.0022558128	0.0014943206	0.0035806785	0.007406428	0.0014631274	0.00081694516	0.0006478368	0.007840696	0.0015807293	0.0022815284	0.017829563	0.00034570805	0.005286592	0.001162303	0.0033669628	0.0003102098	0.0005219653	0.0012966767	0.0014831517	0.0016418267	0.0003804267	0.0037947984	0.00090289774	0.0012834998	0.002302931	0.0011828183	0.0029534919	0.0030431806	0.0005700869	0.0066472874	-20.44766616821289
s03e24b	245.0	5.0	0.8861188	0.8861188	0.088355795	0.024547808	0.0002401423	0.001265692	0.0036576355	0.0005963049	0.0015699818	0.0028474254	0.00022826671	0.00014707723	0.0027855013	0.021241691	0.0019368919	5.9043847e-05	0.0029095914	0.00019219414	0.0016030518	0.0020293465	0.16188422	0.16188422	0.0024654006	0.0022873452	0.0017796465	0.006588005	0.013016575	0.003950308	0.0015613962	0.0011833068	0.00028119556	0.0008864339	0.0013475759	0.0003628207	0.00021125315	0.0068046628	0.0016524759	0.0068046628	0.0010858601	0.0006902303	0.0009267287	0.0010858601	0.0031620432	0.0026985107	0.0016661191	0.00017448193	0.00037020602	0.00026394048	0.00038618819	0.0016589643	0.00081017497	0.0043297564	0.00027516496	0.0058148084	0.00051562215	0.0008329096	0.00018193605	0.005103044	0.00093016983	0.0018542522	0.0015041349	0.00023787284	0.0026149882	0.0011632539	0.0010762233	0.00091037527	0.00047459977	0.0061779236	0.0025003573	0.0002027732	0.008432899	-22.772035598754883
s03e24b	250.0	5.0	0.934511	0.934511	0.057434164	0.008080576	0.00032687146	0.00035265656	0.0016149253	0.00059957785	0.0024715755	0.0013763686	0.00011961158	0.00012831113	0.0223158	0.0016248239	0.00071755226	0.00010166008	0.0015751775	0.00017401406	0.00017810497	0.0009579792	0.0020458193	0.0013429757	0.00078899675	0.0008357979	0.00063405506	0.0033478562	0.037619304	0.023449928	0.013834974	0.0016976908	0.0007081129	0.0018023504	0.0051584584	0.0006135599	0.00014130124	0.002932794	0.00081011635	0.00054140366	0.0008012513	0.00038239307	0.00015251014	0.0008012513	0.001807351	0.003045855	0.002054336	0.00010250433	9.939744e-05	0.00039021755	0.0004819331	0.00095225166	0.00095704355	0.00596216	0.00069861975	0.0051015555	0.0013692302	0.003166119	0.0006635348	0.018703936	0.00061206147	0.0005764197	0.0025928654	0.00012977999	0.036704507	0.0059691295	0.000516274	0.00033760327	0.0013415427	0.007084528	0.0007592125	0.00014818086	0.036704507	-22.293624877929688
s03e24b	255.0	5.0	0.8004765	0.8004765	0.09362821	0.02986639	0.00051522243	0.003412659	0.03834215	0.00121028	0.0026866344	0.002075483	0.0006135216	0.00057153846	0.009092827	0.008065092	0.0012554838	0.00021472285	0.0021580153	0.0003882134	0.0021018903	0.018611278	0.0058072433	0.0032803502	0.00096700346	0.0043801256	0.001166539	0.01172545	0.031627323	0.010683784	0.0056891483	0.0010334768	0.0003649813	0.0007701548	0.005603127	0.0005014335	0.00021175468	0.0042419294	0.0035115883	0.0024870536	0.0020177788	0.003664001	0.0006682748	0.003664001	0.0015487057	0.011865565	0.010727742	0.0009176453	0.00039459934	0.0009993593	0.0030909495	0.00227344	0.0017899156	0.012476068	0.00053312647	0.002135463	0.00084875134	0.0021870702	0.00061354437	0.0116983345	0.00061232055	0.0007663271	0.0010574562	0.00037543735	0.0031600464	0.0020213749	0.0010516249	0.0014779528	0.0015179372	0.007615006	0.0020509085	0.0002805526	0.0056472262	-21.99439239501953
s03e24b	260.0	5.0	0.84266186	0.84266186	0.1250078	0.013361684	0.00038792315	0.0014450061	0.00444809	0.00051463174	0.0019540724	0.00082323153	0.00027309268	0.00023348932	0.012937401	0.010546747	0.0008973744	0.00011089104	0.002075739	0.00032093254	0.00082787755	0.0052842908	0.006661724	0.003796558	0.0014454975	0.0044328286	0.0010948067	0.006331474	0.039940413	0.017475892	0.010336389	0.0012418198	0.00087067473	0.0013676129	0.01000721	0.0006812542	0.0003421753	0.0028529614	0.00220051	0.0009794137	0.0011168928	0.001237839	0.0003834588	0.001237839	0.001466311	0.007884973	0.0047568385	0.00037463038	0.0004264584	0.0009800125	0.0019332828	0.0015482628	0.0028106289	0.010201917	0.0005591388	0.006226778	0.001609158	0.00581394	0.001127204	0.009940801	0.00081304664	0.00089713244	0.0023636918	0.00044064323	0.008361422	0.009630832	0.0021164021	0.0012307416	0.0014525612	0.005178145	0.0028995809	0.00024480725	0.028924651	-20.38288116455078
s03e24b	265.0	5.0	0.55880475	0.55880475	0.0245707	0.01798471	0.00022069829	0.0042131366	0.11329153	0.00160309	0.0026183333	0.002286203	0.0010920038	0.000564826	0.0020359172	0.005655705	0.0006380496	0.0004777336	0.034682576	0.00029323887	0.010117328	0.028727215	0.0016357484	0.0016357484	0.00093774963	0.0027443876	0.0014551176	0.0027443876	0.029500581	0.003900451	0.0017817587	0.00042876147	0.00024998694	0.00034225936	0.003201934	0.00037560324	0.00025727955	0.0010347259	0.0010347259	0.00041381185	0.001276747	0.001478045	0.00014028816	0.001478045	0.0015645631	0.003519351	0.0063453284	0.001324847	0.0013554862	0.0007428044	0.0048778197	0.0012666917	0.0010561032	0.021467896	0.00013965684	0.008347193	0.00086910074	0.0007308633	0.00032183426	0.0013646594	0.00019297161	0.0011620988	0.00054196076	0.00033679896	0.0029806076	0.0022292167	0.003539801	0.036147702	0.0013163326	0.0023911144	0.013401138	0.0003165009	0.036147702	-20.47576904296875
s03e24b	270.0	5.0	0.79253	0.79253	0.032380857	0.035350412	0.0002463073	0.0043443656	0.35690707	0.0006940124	0.002690817	0.0012628068	0.00043537567	0.00024548275	0.00071326294	0.0038220645	0.0015956471	0.0006680345	0.00208739	0.0008276583	0.021803621	0.089171246	0.0032617503	0.0029116964	0.0023244682	0.0035350209	0.0008054395	0.0035350209	0.08307613	0.017494053	0.0051458515	0.0017571443	0.00048260632	0.0013924781	0.005305175	0.00045689064	0.00060159795	0.00092327385	0.0008274095	0.00092327385	0.005373164	0.0017069547	0.00017267493	0.005373164	0.0005595544	0.005409398	0.0070410855	0.0014365496	0.0026503734	0.0010151569	0.007949899	0.0011988784	0.004313494	0.005715817	0.0009119371	0.0011078898	0.0010803703	0.002989379	0.0012249536	0.0012473571	0.0006423649	0.0006740106	0.0002203627	0.00054523454	0.0037253809	0.0011347877	0.0006217237	0.002857887	0.0020577621	0.008256212	0.008380564	0.0002431742	0.016413268	-22.77692604064941
s03e24b	275.0	5.0	0.88004893	0.88004893	0.07056709	0.08362187	0.0002995424	0.00045598263	0.0011935811	0.000715913	0.0016480607	0.0018156474	0.0005766527	0.00013563895	0.0039985725	0.002480412	0.0021332197	0.00012964381	0.0011740408	0.00045422002	0.00031494108	0.0009037512	0.002366033	0.002366033	0.0012399195	0.0033219194	0.0012543161	0.0033219194	0.02547144	0.009604961	0.0042065224	0.001087775	0.00032116208	0.00096495706	0.0020701913	0.0004659864	0.00025533803	0.0027436032	0.00065356196	0.0019333776	0.00044460408	0.00038639407	0.00039550092	0.00044460408	0.0014326293	0.0023187217	0.0041422015	0.00015242712	0.00030698822	0.00039442445	0.001450713	0.0006411099	0.0011977337	0.0019602943	0.00024015854	0.0025305045	0.00071129407	0.0036196609	0.0010291688	0.020548867	0.00018818658	0.0005583775	0.0012943317	0.00036574062	0.0033197019	0.0041070576	0.00078106794	0.00048245295	0.00090640504	0.010697462	0.0008788472	0.0003670256	0.010496156	-23.20042610168457
s03e24b	280.0	5.0	0.784566	0.784566	0.1260596	0.011680541	0.0003816949	0.008389699	0.025712064	0.0013111338	0.00413515	0.0009174726	0.00096348993	0.00041572237	0.004876908	0.014552152	0.0027021847	0.00020577025	0.0026738858	0.00057913817	0.008340423	0.022649668	0.005188061	0.0024470845	0.0015179791	0.0025373609	0.0023629228	0.0068179397	0.06673029	0.015549523	0.008511005	0.001125468	0.0004540107	0.00090646814	0.007104476	0.00032976895	0.00040199497	0.010533106	0.010533106	0.008948267	0.0137188295	0.021285841	0.0023557867	0.021285841	0.0018370671	0.039050914	0.017195895	0.0033224784	0.0011516963	0.0013199829	0.008892738	0.0034184777	0.0025220863	0.008081852	0.00020950759	0.00272981	0.00086094986	0.008467025	0.0011561892	0.00563344	0.00085160695	0.0013920505	0.0014088858	0.0010623443	0.0070780166	0.0021559442	0.0040066573	0.0023811418	0.0011233819	0.01981024	0.0044514174	0.00025815086	0.018195275	-20.858688354492188
s03e24b	285.0	5.0	0.8614053	0.8614053	0.09302213	0.01948408	0.00033294436	0.0030670713	0.08392128	0.00053885754	0.004541975	0.0012743755	0.0002929913	0.00031903168	0.0011435482	0.022275196	0.0026435028	0.0005194425	0.0035992109	0.00061786396	0.024982171	0.07486898	0.017212108	0.015433172	0.002779973	0.0056099803	0.0019464755	0.0056099803	0.08499927	0.025503185	0.01334967	0.0020035107	0.0006084768	0.0015594468	0.009185167	0.0004402582	0.00037239867	0.001416201	0.001416201	0.0012331506	0.0036274234	0.0022317753	0.00037116103	0.0036274234	0.0010918977	0.009636001	0.005071469	0.001073924	0.000675593	0.0009115057	0.009722208	0.0016543067	0.0023354958	0.0062309876	0.0002409434	0.0018607909	0.0010989651	0.002958181	0.00044557292	0.001749179	0.0005650107	0.0006723455	0.0002951501	0.00079135277	0.0019276931	0.0016885286	0.0028289857	0.0019278242	0.000868196	0.005363812	0.004484283	0.00019916547	0.014270218	-22.38543701171875
s03e24b	290.0	5.0	0.9005903	0.9005903	0.055192225	0.028605131	0.00039908907	0.001230568	0.0027411035	0.00070013606	0.0020611705	0.0024390786	0.00021978315	0.00017171605	0.0018661682	0.004034426	0.0010616239	0.00022015774	0.00078351825	0.00028501885	0.00041103855	0.0020511525	0.00815621	0.00815621	0.0008793816	0.003843438	0.001435619	0.003843438	0.064245194	0.010525038	0.0038354283	0.0009228455	0.00047771382	0.0008828662	0.0026352284	0.00045737522	0.00024868207	0.0043490417	0.0007899048	0.001012234	0.00052981294	0.00035371585	0.00019986935	0.00052981294	0.0013293036	0.0019394414	0.003071796	0.00020518329	0.00028794873	0.00074639876	0.0006623814	0.0017699719	0.0013682384	0.0065815235	0.0002907518	0.0042597414	0.0006861384	0.0028937743	0.0003802019	0.008508036	0.0005065512	0.0006761727	0.0005255468	0.00024336345	0.005580865	0.0029135272	0.00090316747	0.0008019682	0.0012513787	0.005809336	0.0027983016	0.00023317186	0.005580865	-23.52724838256836
s03e24b	295.0	5.0	0.817268	0.817268	0.26384988	0.009302218	0.00031653256	0.0023676844	0.0522284	0.001146552	0.0034830784	0.0010796059	0.0006295168	0.00024350853	0.012934936	0.005538801	0.0017706064	0.00027979026	0.001386322	0.00060332316	0.0045279055	0.02423834	0.006396962	0.004097541	0.005721082	0.0016599582	0.00066729443	0.022790894	0.014430439	0.0038384977	0.0020000564	0.0005490933	0.00025027408	0.00054637465	0.0025737514	0.0006369146	0.00014590166	0.0027761974	0.0015444903	0.0013286314	0.0026275245	0.0027223001	0.0006193279	0.0027223001	0.0012502249	0.00561896	0.006066098	0.0013549667	0.0004952609	0.00040187294	0.0039959736	0.0025182194	0.004176368	0.0075179776	7.081443e-05	0.0010243995	0.00096243486	0.00254114	0.00022018711	0.0068743206	0.0013107111	0.0006132495	0.00035985565	0.00039655366	0.0017808039	0.006964907	0.0032223158	0.0025776583	0.001876073	0.015118654	0.0027926364	0.0009599783	0.007001156	-24.066972732543945
s03e24b	300.0	5.0	0.8970533	0.8970533	0.05734084	0.21064807	0.0022056943	0.0030269197	0.12797065	0.008354072	0.0014446615	0.0061209598	0.000623747	0.00028236338	0.0058620446	0.010303734	0.0014453214	0.0007998732	0.0011564768	0.00032361012	0.0012064737	0.030805577	0.008537704	0.008537704	0.002933802	0.0062724585	0.00583118	0.0062724585	0.03367673	0.0031941875	0.00094998564	0.000453319	0.00025725013	0.0004600436	0.001648555	0.00016907268	0.00024026664	0.001372619	0.000619701	0.00086454314	0.0006583413	0.00052222906	0.00025817446	0.0006583413	0.00085519464	0.0030214537	0.0054553645	0.0006096146	0.0009762029	0.00073489774	0.0032465714	0.0010229796	0.0016682524	0.00590927	0.00036780545	0.0017976306	0.00054392905	0.0041758544	0.00024625892	0.007900195	0.00053147296	0.00041497126	0.0013127801	0.00067424326	0.0014953776	0.0005369073	0.00055086386	0.002303471	0.0007744705	0.006156127	0.0037085635	0.00018486315	0.0037998308	-22.797849655151367
s03e24b	305.0	5.0	0.8574491	0.8574491	0.12777591	0.016732194	0.000119112825	0.0016138157	0.3557368	0.0005997682	0.0043690624	0.0014446758	0.00018215024	0.00031766747	0.0064470307	0.001865489	0.0030495059	0.0019360974	0.0046618823	0.00047913578	0.005655177	0.008447452	0.0036859787	0.0013189913	0.0036859787	0.0024798445	0.0005391288	0.0024798445	0.023183886	0.013278409	0.010332042	0.001148959	0.00028474073	0.0010087942	0.0024607317	0.00015532383	0.0001712997	0.0014182715	0.0014182715	0.0010769453	0.001830407	0.0025511454	0.00037305497	0.0025511454	0.000650944	0.0049180887	0.0058322614	0.00043842007	0.0008030652	0.0002778558	0.004907012	0.001061977	0.0069459886	0.005559787	0.00011853542	0.0020013608	0.00064492354	0.00278649	0.00023529415	0.0033987353	0.00084195205	0.0004352549	0.0001802092	0.00069232786	0.0024434694	0.000655881	0.0007032034	0.0062400023	0.0012594237	0.0019979246	0.0011675846	0.0002317907	0.0062400023	-23.950023651123047
s03e24b	310.0	5.0	0.8795529	0.8795529	0.05801564	0.017876059	0.0007914361	0.0026786597	0.11995207	0.0014600813	0.0014175719	0.0019772039	0.00048370313	0.00028018293	0.002112799	0.0031277612	0.001384633	0.00010620694	0.00085682434	0.00028822423	0.0014335846	0.1813761	0.0048544705	0.0048544705	0.0025950884	0.0021491845	0.00048485806	0.0060485825	0.048373338	0.0062615327	0.0021006733	0.00048180952	0.00035683368	0.0013612016	0.0026525499	0.00026443493	0.00023027914	0.0010757052	0.00032403524	0.00065218064	0.00066041754	0.00034243282	0.00014894055	0.00066041754	0.0012236522	0.0021487265	0.004754022	0.0005162457	0.00036274426	0.00037119573	0.0027320085	0.0011079167	0.004222191	0.026594242	0.00029328978	0.0013109478	0.002065888	0.0076036495	0.0008880904	0.0103632165	0.0018846878	0.0005183484	0.0010241552	0.00040735927	0.018188292	0.004087528	0.0011369095	0.0016382735	0.003441031	0.005922113	0.002788458	0.0001608078	0.018188292	-22.915393829345703
s03e24b	315.0	5.0	0.9040573	0.9040573	0.27540088	0.010455945	0.00040354446	0.0005389559	0.0021028216	0.0006603949	0.0008548989	0.0016843813	0.00024842212	0.00018783701	0.012508297	0.00509864	0.003158755	0.0001951597	0.0014398346	0.000269666	0.000474148	0.00094618637	0.0038111901	0.0038111901	0.00074138015	0.001285295	0.0010113554	0.006562863	0.01850749	0.00921987	0.00419792	0.00085284695	0.0006698594	0.0009997783	0.0036810227	0.0005110791	0.00014417048	0.0031511965	0.0010810868	0.002441169	0.0005816846	0.00037722057	0.0007119875	0.0005816846	0.0021670144	0.0019656762	0.0016732073	0.00012911012	0.00021081511	0.00032457817	0.00063674233	0.0017181343	0.0009003669	0.010546896	6.3782165e-05	0.0052464586	0.00052892184	0.001272776	0.00036839236	0.018496493	0.0007357779	0.0006012485	0.006419864	0.00024207609	0.016723026	0.0038710642	0.0006049616	0.0010530861	0.00074296724	0.004478909	0.0014515939	0.00031324502	0.016723026	-25.545902252197266
s03e24b	320.0	5.0	0.042007923	0.042007923	0.00036564944	0.00043059938	0.00042317255	0.004391196	0.003011417	0.0028972258	0.039312907	0.0006106747	0.004616572	5.8689402e-05	0.0029663749	9.12684e-05	0.0038296266	0.0001168079	0.000428246	0.0002501209	0.0018640388	0.0007270932	0.73821175	0.73821175	0.011698422	0.00020444296	0.00061108166	0.00061108166	0.04884177	0.0038515236	0.0011998792	0.00096982863	0.00040322836	0.0006397302	0.00074494234	0.00017593538	0.0015263815	0.0035795083	0.00033105983	0.0030439356	0.00059591746	0.00018502204	0.0003762677	0.00059591746	0.00012366468	0.0004948461	0.0025281503	6.350553e-05	4.728228e-05	7.645067e-05	0.00034390503	0.00024316051	0.0011698339	0.00021207171	0.0041339523	9.2050665e-05	0.00016571328	0.0002630913	0.0011748128	0.001402336	2.899004e-05	0.00017179106	0.00012941902	3.5405308e-05	0.0012468678	0.0015243407	0.00030902142	0.00059174054	0.00025850255	0.0024524156	0.0009342173	0.00015607549	0.0017235506	-19.59069061279297
s03e24b	325.0	5.0	0.41786388	0.41786388	0.006739753	0.0025727714	0.00035548926	0.00963025	0.035173137	0.0012311777	0.02488138	0.0021145137	0.00032760116	7.764102e-05	0.000569008	0.008884941	0.00076374307	0.00023257705	0.0016034349	0.001163531	0.007895211	0.037578713	0.0063565494	0.0063565494	0.0005885625	0.005957894	0.0020726465	0.005957894	0.6656614	0.17401734	0.12524347	0.0007158066	0.0005880147	0.0016636691	0.12654214	0.0006182893	0.005220903	0.00076014927	0.00076014927	0.00017715107	0.0011017895	0.0013519394	0.00012075668	0.0013519394	0.00028027565	0.003818504	0.009182633	0.00053840264	0.0010583632	0.0009933624	0.0013817652	0.0020023077	0.0012969867	0.009089782	0.00015613712	0.00065054675	0.0007286997	0.00043566606	8.451596e-05	0.0001471137	0.00017843711	0.00076989544	0.00019295176	7.318907e-05	0.000789545	0.00019296481	0.00599575	0.0075729615	0.00093023805	0.0015266415	0.0023944278	0.00015592435	0.019678833	-22.08657455444336
s03e24b	330.0	5.0	0.64568865	0.64568865	0.0006260644	0.07535891	0.00016024864	0.0003256022	0.00030994965	0.000121882986	0.0006503118	0.011803645	5.2239615e-05	0.0002252185	0.0011813432	0.005695774	0.0008482711	6.832715e-05	0.0004648746	0.0007028081	0.00013328904	0.0003061841	0.028348124	0.003813889	0.004103223	0.0019907865	0.0016275917	0.004116494	0.40518343	0.007410376	0.0012636213	0.0009980535	0.0006180787	0.0009657946	0.003369974	0.0005734324	0.0013869499	0.047265988	0.006734098	0.047265988	0.0022703002	0.0038132095	0.010910017	0.0038132095	0.0033302498	0.01425208	0.012818264	0.00028944633	0.00023304652	0.0007401056	0.0033227657	0.0036419565	0.0031017	0.013127286	0.0025592027	0.0053154007	0.010204864	0.007696449	0.0065275133	0.011533025	0.00022130093	0.00082985684	0.0004448455	0.00013977088	0.008792746	0.00084049563	0.0037027416	0.0068446496	0.00082107517	0.006361298	0.00086563785	5.1275005e-05	0.017018078	-22.785831451416016
s03e24b	335.0	5.0	0.8228519	0.8228519	0.012564156	0.00997647	0.00041079058	0.0012814238	0.1142329	0.00085248786	0.00071908365	0.009528766	0.00021065897	0.00020389166	0.0013816488	0.02672637	0.0018688107	0.0009019072	0.0029666584	0.00012037729	0.0012161273	0.024918504	0.0061854203	0.0048333006	0.0008147544	0.0075124223	0.00058087904	0.0075124223	0.052376315	0.00708327	0.0018815965	0.00077722385	0.0005720971	0.0006093125	0.0026448458	0.00038359867	0.00038645504	0.013371859	0.0045489892	0.013371859	0.0044627707	0.0029718238	0.002049959	0.0044627707	0.0070747305	0.012721055	0.02295209	0.0012105856	0.00039124803	0.00026554835	0.0048360997	0.017750153	0.0038103685	0.055408217	0.00028093564	0.011825256	0.0022900258	0.00064288586	0.00029416347	0.0015731489	0.0024245556	0.0017023003	0.00035655842	0.000244776	0.006080576	0.0025398398	0.0034731405	0.005339276	0.0034073666	0.0051318416	0.0050848667	0.00018782089	0.031079207	-25.144502639770508
s03e24b	340.0	5.0	0.8610816	0.8610816	0.005931519	0.0054752617	0.0004338438	0.0011794273	0.0041772067	0.00044087344	0.0006806046	0.01256806	6.5597116e-05	8.87005e-05	0.0010228724	0.0137644205	0.0011730024	9.643363e-05	0.00036052027	9.723494e-05	0.00013253318	0.032907434	0.028261332	0.020237297	0.001340069	0.0032041476	0.002846057	0.02204226	0.040643815	0.0032364556	0.0010594407	0.0003282339	0.00012880295	0.00040950172	0.0015593993	0.00043294375	0.00017360969	0.003800923	0.0015877465	0.00046328895	0.0017292143	0.0011117465	7.0700866e-05	0.0017292143	0.0015467568	0.007134148	0.006073825	0.000679986	0.00018105847	0.00019674275	0.0012481195	0.0059578996	0.0008321369	0.006320417	0.00016509974	0.0007756253	0.0033184448	0.00060376	0.00015064381	0.0109530045	0.003475042	0.00045094616	0.00036637677	0.00035083637	0.015018289	0.0010053483	0.0004602835	0.00085883716	0.0055022896	0.014555607	0.0018853677	0.00010100215	0.015018289	-24.16308212280273
s03e24b	345.0	5.0	0.9080492	0.9080492	0.012783121	0.018235026	0.0017957747	0.0014855956	0.011880311	0.00491632	0.005450668	0.51920533	8.814972e-05	0.00031284062	0.0005626879	0.0031041515	0.00071024755	0.001010374	0.004983944	0.00028997997	0.0017465933	0.13187252	0.0037832104	0.0025156287	0.0011474508	0.00035282335	0.0005852585	0.003569157	0.027041448	0.002453971	0.0008294256	0.00064055686	0.00016342294	0.0006222288	0.00080583023	0.00022583218	0.00053320825	0.0019830726	0.0015504381	0.0019830726	0.0075355032	0.0021831712	0.00051450694	0.0075355032	0.001220368	0.0033410864	0.004867856	0.0005350181	0.00063311786	0.00022234532	0.005236836	0.0028413623	0.00096539984	0.0028418528	0.0003070655	0.0008120265	0.00038150788	0.00066281046	0.00026292077	0.00022852565	0.00044375617	0.0005411748	0.0007706867	0.00025135328	0.0010678794	0.00027604206	0.0005648726	0.00081344415	0.00051155867	0.008554169	0.0012100311	0.0010592893	0.0012280155	-18.38473892211914
s03e24b	350.0	5.0	0.74810517	0.74810517	0.0133700855	0.085972615	0.00022095433	0.0016080086	0.011330889	0.0008191988	0.0028759798	0.00816711	0.00012680788	0.00013280263	0.00095539185	0.019469619	0.0009435239	0.00045311078	0.0021949804	0.0005499408	0.009708591	0.046049193	0.013947996	0.009162386	0.00075938035	0.005108514	0.002591014	0.005108514	0.11414168	0.010807667	0.003907304	0.001059681	0.00039194856	0.00082213833	0.0030391568	0.00092866615	0.000550651	0.01475566	0.013528521	0.01475566	0.018212734	0.0152569	0.0030808614	0.018212734	0.0025267557	0.0483818	0.057115037	0.0064206976	0.0019248998	0.0017480712	0.01038781	0.008557218	0.0032593547	0.003312961	0.0002662653	0.0018541773	0.0005747202	0.00097034813	0.0003721272	0.0070756646	0.00020214004	0.0032255494	0.00028234482	0.0002860105	0.0010926146	0.0004191929	0.005077184	0.0019105632	0.0011267408	0.03684197	0.0013331426	0.00024829828	0.012126989	-23.46837043762207
s03e24b	355.0	5.0	0.8970179	0.8970179	0.0072530685	0.050146136	0.00015174612	0.0008155028	0.0013896662	0.00079774304	0.00090043986	0.017027862	0.0001616455	9.907948e-05	0.0008795232	0.02576787	0.017052254	0.000118501295	0.00047155225	0.00024218435	0.0002625618	0.011216582	0.048974868	0.048974868	0.0016574061	0.0017253967	0.005825099	0.005825099	0.20244782	0.0047168243	0.00065984944	0.00094687677	0.000628885	0.0007644333	0.0013113118	0.00024400446	0.00048830867	0.0096247485	0.007915353	0.0076254704	0.025900418	0.009476739	0.0018803639	0.025900418	0.0023132458	0.070999645	0.011646642	0.0010932705	0.00029060326	0.0006990966	0.001748751	0.005153278	0.0009720183	0.0013870925	0.00028746322	0.0018932844	0.0005231887	0.0005561689	0.00026841092	0.039278988	0.0001614337	0.0008747281	0.00019522445	0.0001475658	0.0020760284	0.0015259165	0.002016477	0.0016810858	0.00082755776	0.06481088	0.0045013763	0.00010589526	0.0045013763	-22.811107635498047
s03e24b	360.0	5.0	0.91727495	0.91727495	0.01873394	0.46484384	0.00046766986	0.0010956685	0.005831697	0.0029155253	0.0016032578	0.026159773	9.59044e-05	0.0001451414	0.0018633202	0.0035666008	0.0013816324	0.00045522477	0.0017634167	0.0005143407	0.00015846115	0.0076851416	0.0050706128	0.0050706128	0.0014558253	0.0016842353	0.002077911	0.004136937	0.038642716	0.0024928213	0.0008051532	0.0007991011	0.0006018884	0.00066971226	0.0008634111	0.00046245608	0.0003474377	0.008116927	0.004731837	0.0051389528	0.0040742103	0.005504863	0.0013399465	0.005504863	0.002033574	0.008734136	0.03967727	0.0036961038	0.00067369116	0.0011016793	0.0078689745	0.002744321	0.0049678893	0.003234289	0.0008546766	0.0011791735	0.0010395774	0.004673531	0.0016669735	0.014296086	0.00035681276	0.0011231761	0.00096293614	0.00040540157	0.005849889	0.0008852822	0.00084392395	0.0003558385	0.0018395372	0.011103458	0.0014771959	0.00040228077	0.007321617	-23.617507934570312
s03e24b	365.0	5.0	0.86508614	0.86508614	0.009244955	0.25893468	0.00045586942	0.0017179137	0.0041917237	0.0042162286	0.0031037133	0.04293793	9.136679e-05	0.00011705667	0.0015842385	0.010002601	0.0024890478	0.0001250188	0.00154301	0.00088278676	0.0004595562	0.01050383	0.012517778	0.0042607426	0.0008636662	0.0009843028	0.0014201243	0.0037524411	0.132801	0.004632932	0.0011944739	0.0010780919	0.00075351476	0.0008912974	0.0014995463	0.00068950775	0.00083006994	0.016159028	0.0060651493	0.016159028	0.010919057	0.006562331	0.0035750195	0.010919057	0.0016968577	0.03014227	0.041428775	0.001385629	0.0005294628	0.000883907	0.0043481314	0.0036948097	0.0061554625	0.0072301417	0.00075393205	0.0023015575	0.0011048218	0.0037251187	0.0009248816	0.0052329777	0.00022521762	0.0007613113	0.0002854379	0.00024562603	0.0038706905	0.0005837785	0.0011536876	0.0011818577	0.0013794682	0.008923812	0.0011981598	0.000285223	0.0038706905	-22.876792907714844
s03e24b	370.0	5.0	0.8401105	0.8401105	0.02367332	0.07924294	0.00054203434	0.0028832243	0.03302838	0.0035226885	0.0064403415	0.014040003	0.0005852303	0.00012630958	0.0011714135	0.0036965779	0.002071634	0.0010734602	0.008531632	0.00054263166	0.007035887	0.025843147	0.007108645	0.007108645	0.00084558775	0.0018624372	0.00034026484	0.0018624372	0.062391676	0.0042343573	0.0019816707	0.0007428285	0.0002287733	0.00035377586	0.0020445415	0.00015764462	0.00035881356	0.0011499631	0.0011499631	0.001056995	0.0016619862	0.0012677044	0.0003854311	0.0016619862	0.0016476293	0.0047910092	0.010213122	0.0015536612	0.0007629018	0.00060145545	0.010801734	0.0018635455	0.001107397	0.041529506	0.0008918572	0.0075051873	0.00067971693	0.0013594875	0.00041034675	0.0015120296	0.00024228064	0.0010249746	0.0010401679	0.00015419921	0.0017277284	0.002511337	0.002493673	0.009665126	0.0005678743	0.004749886	0.0067076394	0.0005665114	0.015908826	-21.171281814575195
s03e24b	375.0	5.0	0.8382949	0.8382949	0.004173081	0.0323053	0.0002580822	0.0014731837	0.0025536704	0.0011182703	0.002613096	0.017435074	0.00034783175	0.0001234739	0.0014485008	0.05604235	0.0022125568	0.00013671906	0.00304988	0.00021766311	0.00062376366	0.0094198845	0.12991956	0.0063565797	0.0009563909	0.0011341609	0.0012748495	0.0034435454	0.11756001	0.002305973	0.0007192985	0.0006049163	0.00039382218	0.00041508325	0.0009098051	0.00035513734	0.00058296666	0.0047444613	0.0047444613	0.0036217235	0.0010985903	0.0017451902	0.00092700595	0.0017451902	0.004127875	0.00715496	0.011191321	0.0008135077	0.0006567458	0.0014879409	0.0020416714	0.007002234	0.0008767077	0.017797679	0.0007836109	0.031083127	0.0007054923	0.00039438932	0.00027078236	0.011084808	0.00021835987	0.0016622791	0.0010212347	0.00015477045	0.0071248985	0.0020947014	0.003631957	0.013206667	0.00039943104	0.031554837	0.012875123	0.0003343959	0.037326187	-21.734102249145508
s03e24b	380.0	5.0	0.73498034	0.73498034	0.036854595	0.010304258	0.000688222	0.012553648	0.025818674	0.0036910607	0.004512821	0.013177305	0.00071661745	0.0017250133	0.0013353799	0.020276	0.0010610345	0.0004950761	0.005617151	0.0021102622	0.015143787	0.17102951	0.003745963	0.0017566251	0.002107282	0.0009396323	0.0011546694	0.006540864	0.022086965	0.005278008	0.002940041	0.0008622346	0.00051125983	0.00093641755	0.0040599024	0.00059577066	0.0004737545	0.0064630583	0.0064630583	0.0011294074	0.010467491	0.0092099225	0.0005179933	0.010467491	0.0022568454	0.021321673	0.007990844	0.0013827183	0.000589826	0.000747874	0.003726866	0.010063877	0.0008602422	0.0069803917	0.00026825257	0.00054899754	0.00044012794	0.0006299465	0.00017645954	0.00079926866	0.00071974285	0.0012175437	0.00045395186	0.0010525936	0.0061607882	0.001207544	0.0028953764	0.0030728301	0.0012025916	0.0094208	0.0013829976	0.00030445855	0.0061607882	-21.958919525146484
s03e24b	385.0	5.0	0.8956635	0.8956635	0.024500957	0.11037534	0.00068857067	0.00525952	0.12825853	0.0043593366	0.0038403615	0.03999255	0.00010353828	0.0006525344	0.0005977577	0.008239304	0.002153041	0.00043747845	0.0036901874	0.0007311939	0.010215668	0.36652866	0.005318629	0.0022081314	0.001039981	0.0043929685	0.00096913084	0.0043929685	0.06137569	0.004950529	0.0017077406	0.0008476304	0.0005129292	0.000937818	0.0027874769	0.00073363853	0.0010553538	0.00079599343	0.00042959815	0.00079599343	0.0047288225	0.00087303313	0.00018596156	0.0047288225	0.00054083654	0.0029179815	0.0038407994	0.00026907376	0.0003406977	0.0009276899	0.0031461078	0.0011829096	0.0011654457	0.0038215853	0.0018464124	0.0009421343	0.0003591351	0.0027003568	0.000511216	0.0011446604	0.0002058994	0.0010493746	0.0010360102	0.0002296376	0.0021029548	0.00042357514	0.00064270047	0.0007768998	0.00042371184	0.0030362615	0.0021296893	0.00091075484	0.002708749	-22.15269470214844
s03e24b	390.0	5.0	0.83211696	0.83211696	0.015665554	0.031726528	0.0013966804	0.0064497646	0.02255766	0.007486372	0.0024777257	0.047067787	0.0023710546	0.00027414164	0.001741524	0.0038208377	0.0019459622	0.001561924	0.0029086855	0.0009400854	0.0019073235	0.03115232	0.005184722	0.0041524447	0.0013613143	0.0010263015	0.0009597917	0.0014468692	0.026856627	0.0043187602	0.0021409458	0.0005643675	0.00018865224	0.00047902204	0.0013424744	0.00036221935	0.0002736306	0.0076658274	0.0076658274	0.003102048	0.0091386335	0.010885603	0.0015227637	0.010885603	0.0012638728	0.028332014	0.026860729	0.0014706006	0.00073582487	0.0007764987	0.0130311875	0.0044465936	0.0025562174	0.009271341	0.002023034	0.0033579185	0.00046199784	0.0010578517	0.0007025362	0.0038555614	0.00040078297	0.0007059752	0.00078037975	0.00039064095	0.0038896275	0.0012562578	0.0014904637	0.0041516637	0.001804535	0.02090879	0.0035898536	0.00097474665	0.0041516637	-21.15650177001953
s03e24b	395.0	5.0	0.7658129	0.7658129	0.0047579515	0.028018363	0.00030556647	0.0009352325	0.05315292	0.00072173437	0.0009018467	0.019173492	0.0005881605	0.00026793612	0.0030276063	0.003367075	0.001422321	0.0028690677	0.00091285154	0.0005128354	0.0025881638	0.015942978	0.01030245	0.01030245	0.000980642	0.005425816	0.0016678601	0.005425816	0.06415968	0.0054630996	0.0015344474	0.0005457519	0.00014454544	0.000484598	0.002797501	0.0004762339	0.00024966156	0.010624356	0.008895428	0.010624356	0.032426815	0.01875983	0.0038431261	0.032426815	0.0016406024	0.026247872	0.014309798	0.002134298	0.0007677459	0.0006992718	0.009406132	0.0026063293	0.0030489147	0.0025776017	0.00016091579	0.0009670938	0.0005147404	0.0008676944	0.00093760045	0.003508813	0.00023324991	0.0009950261	0.00011034001	0.0003304358	0.0017598773	0.0005190987	0.0017475229	0.0017580446	0.00070948916	0.10692528	0.00088018173	0.00023457153	0.0031625286	-23.90427589416504
s03e24b	400.0	5.0	0.87399083	0.87399083	0.01186575	0.27661216	0.0008496568	0.0006589228	0.0018704926	0.004575749	0.0012463697	0.04180529	0.0003007313	0.00041445912	0.0012235414	0.010658899	0.0024928132	0.00025287943	0.0011449204	0.0003609594	0.0001801147	0.001530026	0.026669608	0.026669608	0.0020806289	0.003224591	0.0035531844	0.0038568398	0.072562575	0.004447052	0.0015407623	0.0008786191	0.00077034713	0.00088786497	0.0011670036	0.0014289839	0.00055510073	0.0080643715	0.0039614723	0.0050742705	0.0043610837	0.002167428	0.00091685384	0.0043610837	0.0033581613	0.010364967	0.016031856	0.0005276388	0.00060084846	0.0016296494	0.0030433685	0.0043325713	0.0020864843	0.0010769541	0.001262244	0.001163311	0.000679968	0.0034237579	0.0008110973	0.03303524	0.00013067121	0.0014259517	0.0018478455	0.00024523475	0.0031445844	0.00045314166	0.0010580478	0.0004439246	0.0010047379	0.009981516	0.0019723359	0.0005162066	0.004002363	-23.102706909179688
s03e24b	405.0	5.0	0.7678242	0.7678242	0.0067377286	0.07632787	0.001175129	0.00037998016	0.00042237536	0.0007648155	0.0009886652	0.049503066	0.0001110431	0.00016288093	0.001887793	0.01640677	0.0012351201	0.00035149706	0.0021327417	9.997635e-05	0.000224117	0.0016019646	0.11673993	0.017180081	0.008991533	0.00871845	0.018737221	0.018737221	0.030542918	0.0020530967	0.0005382862	0.0006352539	0.00027678604	0.0005192259	0.00071869383	0.00047998555	0.00022156189	0.08841227	0.020903418	0.08841227	0.0058399136	0.0067802854	0.019231768	0.0067802854	0.010574349	0.014436748	0.01266771	0.0013521455	0.00045841033	0.0008021383	0.0072616637	0.004692647	0.0007694774	0.0006873934	0.0004066171	0.00085936557	0.0007017075	0.0009170491	0.00027777185	0.0057596457	0.00014782014	0.00086567487	0.00037956002	0.00016633797	0.0031407482	0.00011942843	0.0034893898	0.00042356545	0.00081842946	0.0105016	0.00057576434	0.001212596	0.010332286	-27.88529396057129
s03e24b	410.0	5.0	0.79864794	0.79864794	0.002598166	0.034364074	0.0028544974	0.00014207375	0.00089854316	0.00033071724	0.00051421794	0.0841817	4.7266858e-05	9.711143e-05	0.002205602	0.14086859	0.0046364027	0.000111920104	0.0019797261	0.00010152454	0.0014290729	0.0009117233	0.19872296	0.007035917	0.0021577238	0.0024115718	0.001357199	0.0024115718	0.032639842	0.0025503228	0.0006978106	0.00081173365	0.0002608357	0.00044363693	0.0008766726	0.00017407713	0.0002029473	0.0026827685	0.0012582073	0.0022776762	0.00080889754	0.0001927414	0.00018490582	0.00080889754	0.0039722566	0.0022783915	0.0024027594	0.00010378808	0.00011310855	0.00016180401	0.001583854	0.00524729	0.00059294305	0.0066429754	0.00036428607	0.010347696	0.0021483982	0.00027037266	0.00042569079	0.005136208	0.00025720426	0.00040840058	0.0002478406	0.00016123895	0.0027793648	0.0005373512	0.00044405618	0.00084549916	0.00023867252	0.010829027	0.0054843226	0.00015766114	0.008225701	-27.68833351135254
s03e24b	415.0	5.0	0.7116844	0.7116844	0.0034884398	0.0021908246	0.0003068267	0.00014435784	0.00026405675	0.00024141549	0.0008275482	0.004294895	5.0925755e-05	6.952018e-05	0.0019050519	0.07511632	0.019052327	0.00014267163	0.0012400233	6.9258014e-05	0.000109899935	0.0006501219	0.03555423	0.017305154	0.0032799044	0.0015974911	0.0015643948	0.008263943	0.013644162	0.0031752596	0.0015808986	0.0008978855	0.00025427493	0.0006433118	0.00058683136	0.0007727098	0.00019758948	0.04217125	0.024561232	0.032478634	0.011080413	0.00950252	0.0068710917	0.011080413	0.011166683	0.09654397	0.014694975	0.00091998314	0.00030307163	0.0002325695	0.012076969	0.011346716	0.002695575	0.0540393	0.0001269527	0.007389057	0.007275203	0.00049613905	0.00014999708	0.0012814264	0.000958875	0.00051034836	0.00054576277	0.0002330894	0.0122101335	0.0013272074	0.0020011635	0.0006893937	0.0010033628	0.022001298	0.0011992622	0.00087847584	0.0122101335	-32.28042984008789
s03e24b	420.0	5.0	0.78858453	0.78858453	0.023849895	0.06907332	0.00046180966	0.00043994442	0.0011275734	0.0021100482	0.0026403768	0.0077748946	0.0004987094	0.00019940564	0.007133006	0.013701992	0.0013885048	0.00037580167	0.0019541718	0.0004839969	0.0002642512	0.0025058268	0.02555108	0.013166354	0.011609907	0.0018698169	0.0028223256	0.0073238425	0.030114347	0.0041096266	0.0014012841	0.00078863977	0.00040982757	0.00063104404	0.000799882	0.0011072916	0.00023984416	0.015137111	0.00275514	0.012952659	0.0023773343	0.0015603076	0.0025548355	0.0023773343	0.005299843	0.0035697473	0.0060358364	0.0010625467	0.00058888854	0.00044569187	0.003595136	0.004455781	0.0011662901	0.0031421368	0.00031175985	0.0018595179	0.0010319449	0.0041909274	0.00015017325	0.0092337625	0.00016464652	0.0011722987	0.0016610253	0.00021231914	0.00690526	0.00045737982	0.0010071079	0.0005549346	0.0015482223	0.042623438	0.0019422126	0.0019296454	0.021198401	-29.905372619628903
s03e24b	425.0	5.0	0.7732411	0.7732411	0.0063877064	0.005336643	0.031406842	0.0019284739	0.01631611	0.019841198	0.0011228861	0.0051597846	0.004221986	0.00075264636	0.06956069	0.03949176	0.003593222	0.00028439728	0.0007884203	3.8563194e-05	0.0020622185	0.0029945422	0.061960183	0.006022857	0.0033668478	0.0015942696	0.0009173642	0.015482984	0.02958982	0.0023305402	0.0004255587	0.00033458593	0.00019358641	0.00018107178	0.0015522668	0.00022375127	0.00027736748	0.006051178	0.005078967	0.006051178	0.0014824365	0.0025406252	0.0008970966	0.0025406252	0.006938152	0.004618003	0.0054701148	0.00033440514	0.0011074097	0.0003408936	0.0029112452	0.034497816	0.0005633971	0.006457693	4.5687986e-05	0.009629726	0.00043367944	0.00030671438	0.000108751316	0.00058231974	0.0006079679	0.0012396938	0.00020815799	0.0012836893	0.0018234053	0.00063990545	0.0024483686	0.014162696	0.0010558622	0.014846783	0.0033387074	0.00033871763	0.014162696	-27.055139541625977
s03e24b	430.0	5.0	0.4060038	0.4060038	0.0030383046	0.0012386115	0.00044726234	0.0008595589	0.002126278	0.001057823	0.0018803753	0.006009791	0.00086050003	7.0428876e-05	0.013928152	0.23163542	0.007896522	0.00075050775	0.0066425	9.236369e-05	0.0006046947	0.0010194824	0.047764905	0.047764905	0.002272507	0.0012576034	0.0012785742	0.001368362	0.2230304	0.012920862	0.0070103947	0.0007889392	0.0008552941	0.0006414179	0.0015983508	0.0031639633	0.0005091502	0.009664062	0.008030175	0.0004721347	0.0020106263	0.003893154	0.00012010326	0.003893154	0.010272882	0.011765573	0.0028116247	0.00016550136	0.0007503447	0.00017009639	0.001284313	0.011317926	0.0017165729	0.006715332	0.0005383339	0.017032642	0.0013612274	0.0005194507	0.0004755621	0.3410035	0.00041749043	0.0008498916	0.0008874962	0.00017504384	0.0021809537	0.0061749234	0.008805489	0.01957741	0.0008890383	0.017745098	0.012276409	0.00038441154	0.14294308	-29.76766586303711
s03e24b	435.0	5.0	0.79931784	0.79931784	0.101802506	0.041208997	0.0007604395	0.0022593054	0.056217987	0.00143504	0.0038716083	0.008080919	0.0004306552	0.00061955425	0.0013803567	0.009302676	0.0010192198	0.00094269903	0.0047988663	0.0056411196	0.014557323	0.014603107	0.014729458	0.004068143	0.00089932175	0.0015453943	0.0008632096	0.003343342	0.04203136	0.014409412	0.0047515254	0.0018161833	0.0006846224	0.0011581972	0.00901558	0.00021965074	0.00040550172	0.0064846063	0.0064846063	0.0055530625	0.022709947	0.009119784	0.0010376816	0.022709947	0.0013156139	0.029568324	0.004132531	0.0010382487	0.0006182548	0.0009293987	0.0028388803	0.0014263904	0.0008139826	0.021731576	0.00010174367	0.006445613	0.00086135644	0.001576035	0.00078674813	0.0036256039	0.00033176376	0.0014175287	0.00035429664	0.0004388968	0.0017099923	0.0014308963	0.0009938253	0.0033161272	0.0006404387	0.025104757	0.0042774836	0.00022281177	0.05378724	-21.881410598754883
s03e24b	440.0	5.0	0.09427827	0.09427827	0.0024587053	0.0003733079	0.00043771393	0.00078438414	0.013208823	0.0003010816	0.0074325227	0.000826121	0.00021304289	6.895251e-05	0.0002466111	0.0050354134	0.00018657855	0.00011533894	0.0024801618	0.00054120267	0.008047335	0.008185978	0.0043037073	0.0020290068	0.0007850616	0.002970935	0.00060438644	0.002970935	0.76292926	0.4087514	0.21277097	0.007271908	0.003144124	0.004238811	0.19280997	0.00062896323	0.004970351	0.00089001213	0.00089001213	0.00063189236	0.0013080381	0.0024196233	0.0004396765	0.0024196233	0.00023637706	0.0030685253	0.0031734023	0.00028399788	0.0007055928	0.0003108487	0.006692936	0.00061293185	0.00090161175	0.0046202657	0.00021173651	0.008079521	0.00033371974	0.0003945038	0.00048392286	0.00020840504	0.00015937503	0.00054639444	0.00026372116	0.0002369247	0.0005881403	0.00041038037	0.001016921	0.0067080846	0.0002293818	0.0028184901	0.0011430184	0.00017858316	0.009187086	-24.071388244628903
s03e24b	445.0	5.0	0.6300093	0.6300093	0.028470384	0.011454605	0.00032576796	0.005747663	0.09028114	0.0024379836	0.0060975966	0.0029669136	0.00020121087	0.00019126928	0.0013959742	0.0059903786	0.0017774554	0.0005749319	0.0017576521	0.0012225378	0.010947272	0.3379965	0.004303965	0.004303965	0.002889147	0.0031599563	0.00044017154	0.0031599563	0.2656341	0.028926704	0.007979391	0.0010138554	0.00052203273	0.0012183104	0.01969296	0.0014782124	0.0020936423	0.0013376474	0.0013350205	0.00014405683	0.0008476837	0.0013708324	0.000120120334	0.0013708324	0.0008100032	0.008853981	0.009701854	0.00238123	0.0016442976	0.0019835276	0.012152968	0.0012076492	0.0026521978	0.005846947	0.00025570663	0.00076932705	0.0019895649	0.0023600266	5.8335027e-05	0.00068774034	0.00051737553	0.0015719966	0.0007866282	0.00039062958	0.0033204358	0.00034097407	0.0013139847	0.008125396	0.001338917	0.002308692	0.0029591378	0.00036913715	0.008125396	-24.325502395629883
s03e24b	450.0	5.0	0.7826606	0.7826606	0.08142446	0.017702378	0.0005916554	0.004664332	0.20111184	0.0021822585	0.0022760634	0.0032906123	0.0002081423	0.001351651	0.006119976	0.0060955975	0.017745057	0.0013469394	0.009425644	0.0003949384	0.010042627	0.20642544	0.0045967647	0.0036902016	0.0009285388	0.0025040098	0.00022208111	0.0068753883	0.036050636	0.008885353	0.005622766	0.00053171004	0.0005371456	0.0007077061	0.0021960314	0.00037211654	0.00020052312	0.00046280315	0.0004001382	0.000110407585	0.0011231621	0.000363492	3.983287e-05	0.0011231621	0.0013334544	0.0031591302	0.0021440855	0.00015871323	0.000284307	0.0006142471	0.0015511218	0.0029739123	0.002571005	0.015187622	9.779959e-05	0.002799718	0.0008840169	0.0025749675	0.00013729467	0.0007508468	0.0006911854	0.0006714464	0.00016807915	0.00020567945	0.0038652176	0.0004468984	0.0010618541	0.009101291	0.0015792338	0.0027152284	0.0026427286	0.00027966304	0.010408192	-25.29537010192871
s03e24b	455.0	5.0	0.8717489	0.8717489	0.06314787	0.011586168	0.0005342048	0.0008631928	0.0031837032	0.0007680964	0.0015827602	0.0009005672	0.00010004234	0.0003084801	0.0075484808	0.014563644	0.0021656516	7.96323e-05	0.0015782118	0.00025829635	0.0005218452	0.0034352117	0.0144482395	0.0032813	0.0011640942	0.0031750016	0.0022510053	0.044291627	0.037238777	0.008812292	0.005988936	0.00090536504	0.00039433045	0.00095052214	0.0025467917	0.00060666783	0.00029236235	0.0062863086	0.0044516204	0.003291978	0.0030063847	0.0024217926	0.00067916454	0.0030063847	0.0035656213	0.019425597	0.005783319	0.00055907643	0.00060451205	0.0006926516	0.0019447106	0.004840864	0.0038667268	0.017890424	0.0007127614	0.0037571036	0.0030609595	0.0043057655	0.0004546868	0.018771796	0.001468291	0.0008286143	0.0016012258	0.00040529956	0.015356211	0.008221155	0.0011082296	0.00095420616	0.0027682092	0.009556628	0.0030299516	0.0003268026	0.015356211	-25.516176223754883
s03e24b	460.0	5.0	0.7886603	0.7886603	0.01892834	0.06663006	0.00038581912	0.0033131689	0.38095072	0.0017064518	0.002751822	0.0050333715	0.0004281921	0.00034922245	0.0037343858	0.0018597816	0.007831205	0.0025556413	0.002360204	0.0005332134	0.004450139	0.06490474	0.0065338835	0.0021170499	0.0016946435	0.0012396572	0.00032163854	0.0013081932	0.06197357	0.0064886203	0.0039504115	0.0010835046	0.00026766726	0.0009941942	0.0035565624	0.00040016492	0.00056965457	0.001701171	0.0016144894	0.001701171	0.0022695723	0.0032782431	0.00073126773	0.0032782431	0.00088805787	0.006567422	0.008277025	0.0011603666	0.0011872025	0.000992398	0.008559897	0.0009496074	0.0061442596	0.0043335836	0.0007122912	0.0014935738	0.0014126793	0.006434157	0.00068999286	0.010362424	0.0005684364	0.00083923637	0.00045631436	0.0005947262	0.003471624	0.00042259326	0.0010615542	0.002252454	0.001726689	0.004607214	0.0035153998	0.0006187597	0.0035153998	-25.23479461669922
s03e24b	465.0	5.0	0.8770744	0.8770744	0.013810625	0.02723294	0.00020719603	0.0015875598	0.09731838	0.00078780745	0.0011922148	0.0014745031	0.0023802673	0.00077517895	0.0017564729	0.0061622863	0.0079384	0.0016291165	0.002285409	0.0026052934	0.00092804566	0.008017236	0.39883932	0.0035633554	0.001167812	0.0037820947	0.0011129439	0.0037820947	0.034149636	0.0028418326	0.0027542228	0.0012018833	0.0010182715	0.0011293961	0.0017598765	0.0005113934	0.00052188843	0.0033598454	0.0033041132	0.0017427987	0.0042932075	0.0030078485	0.00038119254	0.0042932075	0.0015588002	0.0060771997	0.0055011655	0.0009059893	0.0005843493	0.00045378224	0.0039657946	0.001120228	0.0031978565	0.0013990852	0.00017132846	0.0013054424	0.00094713294	0.004153683	0.00034540513	0.0014519487	0.00039351967	0.0030407307	0.0011372692	0.0007761325	0.0021451723	0.0006402532	0.000404825	0.0020993974	0.0013234522	0.0032491356	0.0012615594	6.5470755e-05	0.0034689477	-24.96943473815918
s03e24b	470.0	5.0	0.93280387	0.93280387	0.18453836	0.055721667	0.0002924326	0.0053223385	0.23975691	0.0029172725	0.0022732432	0.002634875	0.00024861854	0.00029683593	0.003297012	0.0026898717	0.0073799207	0.00047151267	0.0029073472	0.00034329164	0.0018538533	0.05068338	0.0011654289	0.0011654289	0.0010141805	0.0006495174	0.00020855093	0.010817765	0.027348824	0.008868219	0.0046514748	0.00091577735	0.00042397488	0.0008523392	0.0019946005	0.00022747804	0.00013200523	0.0013411517	0.0003712417	0.0005279314	0.00047289208	0.00035336835	0.00013737717	0.00047289208	0.00041213402	0.0010680616	0.000589563	6.624706e-05	9.5346426e-05	0.00019297603	0.0005534078	0.0009818793	0.00066669786	0.006444584	0.0003026218	0.0025931047	0.00042890353	0.0028798785	0.00014387288	0.0020533106	0.0005797883	0.00040011187	0.0002889842	0.0004412729	0.0018311066	0.00066077104	0.00025039245	0.0010774513	0.0014682441	0.0029828586	0.0048053926	9.99633e-05	0.0048053926	-22.932950973510746
s03e24b	475.0	5.0	0.85542655	0.85542655	0.016883068	0.09008217	0.0002454088	0.013722171	0.36249605	0.0045878715	0.008995672	0.0068423157	0.0010552267	0.00029809514	0.0018218282	0.0018906154	0.0032498075	0.0032569696	0.0016690006	0.002782483	0.00438555	0.06626837	0.0037431386	0.0037431386	0.0025158608	0.0019121525	0.0004821465	0.0019121525	0.22417608	0.008322411	0.0021483155	0.0009503953	0.00038079973	0.0012791984	0.004161505	0.0009059358	0.0023631768	0.00087258697	0.0005428637	0.00087258697	0.001563237	0.0009031938	0.0003453941	0.001563237	0.0008128065	0.0020028776	0.0045269555	0.00047092832	0.001117978	0.00095704175	0.0045163524	0.0011080576	0.0023005283	0.0046844273	0.0028890988	0.0033088038	0.0006405758	0.004443962	0.0010812748	0.006917707	0.0010064547	0.0007394049	0.0007111195	0.00041517426	0.0022019572	0.00040547425	0.001037826	0.0045746113	0.0009584977	0.008414028	0.004913911	0.00033181754	0.004913911	-23.19858741760254
s03e24b	480.0	5.0	0.7272954	0.7272954	0.018598204	0.087696336	0.00055481505	0.00139201	0.0013321603	0.0041889516	0.0026977588	0.012175107	0.0009955842	0.0004103139	0.014748438	0.0021894085	0.0011690808	0.00022685251	0.001545779	0.00037566735	0.00024563773	0.0007969658	0.006660628	0.006660628	0.0020846117	0.005633133	0.0009037766	0.005633133	0.03189398	0.008330692	0.0031785755	0.0011478952	0.00073702843	0.0012923626	0.0032372815	0.00080133765	0.0004171867	0.0015951777	0.00081252464	0.0015951777	0.0006442195	0.00046916856	0.00044857615	0.0006442195	0.0007992519	0.0015107364	0.0013354523	8.5479835e-05	0.00022336951	0.00066503906	0.0012936754	0.00070696557	0.00055684254	0.0024636234	0.0005046697	0.006873097	0.004019354	0.0032842783	0.00066558813	0.009671947	0.00025182223	0.0022786278	0.004945718	0.00018940364	0.016414816	0.0017021268	0.00050477334	0.0037978168	0.001579861	0.004473319	0.003705288	0.0005135167	0.10641494	-26.49121856689453
s03e24b	485.0	5.0	0.88234496	0.88234496	0.04330502	0.010348951	0.00044298972	0.00046513302	0.0013255727	0.00044031988	0.001558683	0.0011107229	0.0004938158	0.00025446116	0.0036464874	0.0023538084	0.0011493592	0.00011466626	0.0008197001	0.00036494614	0.00029352	0.0010151579	0.002663142	0.0018748108	0.00086894835	0.0036984575	0.001167743	0.0036984575	0.025911706	0.010561505	0.006804289	0.0014557906	0.00052055425	0.0020408798	0.0024400314	0.0006257435	0.00023792005	0.0022110508	0.0007671396	0.0012822144	0.0008076429	0.0003969328	0.0003256332	0.0008076429	0.0015010737	0.0029027215	0.0020043594	0.000106878695	0.0003218815	0.00070126256	0.00086047663	0.00062055717	0.0014003208	0.0029309385	0.00076426397	0.0030665991	0.0006697707	0.0125774145	0.0005398623	0.00855632	0.00011459938	0.00090372574	0.001804639	0.00025543178	0.02024911	0.004243521	0.0015493452	0.00046325623	0.00069080474	0.002759401	0.00089128595	0.00025616246	0.02024911	-23.188034057617188
s03e24b	490.0	5.0	0.7568227	0.7568227	0.054528486	0.0050168806	0.00045899142	0.004651552	0.26052475	0.0015299625	0.001328906	0.00086000445	0.0021201184	0.00063507806	0.0035906532	0.0036334847	0.0090406	0.0016258531	0.0014886559	0.0005918138	0.0029347814	0.03306085	0.0034675829	0.002863951	0.0023818645	0.007281425	0.0019234951	0.007281425	0.0429079	0.011976843	0.008068248	0.00095074135	0.0006062196	0.0013273516	0.0052475985	0.00040477116	0.0003962417	0.0026750076	0.0026750076	0.0010337308	0.004534306	0.0033117898	0.00027076245	0.004534306	0.0019374709	0.010093945	0.0053955214	0.0014220197	0.0009206579	0.0012976124	0.0027437313	0.0017893534	0.0019858256	0.0037894987	0.00014863511	0.0009660357	0.0008118184	0.0028174839	0.00028868514	0.0048682746	0.0010732	0.0014908257	0.00059358	0.00041400996	0.0040117125	0.0017351791	0.001596315	0.0041093905	0.002499734	0.0033787794	0.0024677	0.00026854404	0.0041093905	-24.848976135253903
s03e24b	495.0	5.0	0.86886513	0.86886513	0.023499964	0.028241657	0.00049179944	0.010568449	0.33541444	0.000600628	0.0025060973	0.0016728999	0.00021146938	0.00024832928	0.0006190381	0.00072568626	0.0034079994	0.000953331	0.0017086001	0.0013233596	0.00793956	0.042478573	0.0008090644	0.0004491082	0.00047196553	0.00034896567	0.00010547552	0.0005179336	0.0463643	0.0055922368	0.0020685191	0.00059076055	0.00022043478	0.00040760016	0.0045425524	0.000551329	0.00026900836	0.00024176769	0.00017474899	0.00022305665	0.0005876516	0.00030114187	4.6324134e-05	0.0005876516	0.000452739	0.00077447353	0.0009263685	0.0002501932	0.0002333558	0.0002127601	0.00081647234	0.00018035478	0.0009412742	0.0083084	0.0006319438	0.0007790572	0.0008076648	0.0032544257	0.00017541074	0.00024470364	0.00023586668	0.00040139057	0.00036977604	0.00017902114	0.0009947498	0.00036773062	0.00015077773	0.0011092669	0.0006979483	0.0051496075	0.009528316	6.78736e-05	0.01339929	-23.620481491088867
s03e24b	500.0	5.0	0.86378247	0.86378247	0.0057914676	0.17463876	0.0006444683	0.0003181257	0.0017313311	0.00066162716	0.0022785282	0.030775523	0.00013271529	0.000112030626	0.0021165612	0.006865744	0.0009973666	0.00017286965	0.0032573072	0.00033953623	9.9604484e-05	0.0002584757	0.0057157087	0.0057157087	0.0012204546	0.0012610165	0.00091394153	0.0012610165	0.03902848	0.0058476925	0.001596971	0.0011031043	0.0007960094	0.0008189494	0.0011185537	0.0008155277	0.00032007575	0.0027755667	0.0008811673	0.0019778137	0.00055557553	0.0004071815	0.00038088267	0.00055557553	0.0008571599	0.001220536	0.00096646236	5.1862124e-05	7.855796e-05	0.00025966007	0.00042635476	0.0008155277	0.00049699977	0.00085741444	0.00026602906	0.0028373485	0.00086829654	0.0012172747	0.0009342484	0.21848299	4.104727e-05	0.00053099974	0.0013566337	8.294062e-05	0.0020109143	0.00059386156	0.00018265165	0.0003988	0.0006614342	0.0072170408	0.0006541802	0.00025050517	0.01087479	-23.27579689025879
s03e24b	505.0	5.0	0.8803874	0.8803874	0.014663131	0.07843924	0.00062490936	0.0026868556	0.2789201	0.0017018197	0.00061203353	0.009631019	0.00033668434	0.0006124072	0.0007899744	0.0014353503	0.0040294225	0.0020803944	0.000983255	0.00070571015	0.0035902236	0.018523611	0.007180525	0.007180525	0.0009222734	0.0009986807	0.0005320573	0.0023789813	0.029112577	0.002916787	0.0013061229	0.0007903128	0.0003854774	0.000786482	0.0014929873	0.000409944	0.00038661994	0.0021102782	0.0006569714	0.0019833029	0.004467044	0.0009864866	0.00036014893	0.004467044	0.00051172083	0.001953085	0.007420547	0.0008314481	0.0007973755	0.00044455685	0.0032946842	0.0007639221	0.0039721285	0.0031598844	0.0006354998	0.0011002069	0.0013766047	0.0043761865	0.00056208594	0.0013182366	0.0006536355	0.0014465159	0.0011724595	0.00027233915	0.0018053744	0.00062685076	0.000738451	0.0015409118	0.001161208	0.0027886766	0.002722862	0.00014274253	0.002722862	-24.352489471435547
s03e24b	510.0	5.0	0.8388265	0.8388265	0.019910906	0.031006537	0.00035228627	0.0004236167	0.000989791	0.0004555384	0.0020267805	0.0014278921	0.00024884028	0.0002884073	0.012979399	0.0022496306	0.00067032716	0.00011445849	0.0038155415	0.00038168614	0.0002682431	0.0007301421	0.0015638034	0.0013099774	0.0010490433	0.001665193	0.00041539833	0.001665193	0.03649488	0.019611444	0.008461039	0.0026723589	0.0008513071	0.0027546054	0.0044641886	0.0009546062	0.00026287013	0.0017399944	0.00078211626	0.0009966722	0.0004747074	0.00033896425	0.00027221403	0.0004747074	0.0013653056	0.0018610513	0.0020568704	0.00011692504	0.00023652901	0.0006366795	0.0010053766	0.00064435403	0.0011119287	0.011138351	0.00075787446	0.0054898607	0.0034890482	0.0023066807	0.0013185699	0.024927363	0.00023548045	0.00063778844	0.0023102798	0.0003213679	0.0075055286	0.008107013	0.0015090205	0.002817934	0.0012162982	0.0074682143	0.0021135753	0.00032518647	0.028542643	-25.43487548828125
s03e24b	515.0	5.0	0.8756008	0.8756008	0.041049115	0.0116488105	0.0011182325	0.0062477333	0.45207816	0.0028007645	0.0028127825	0.0009074546	0.00054521195	0.0005976004	0.0069440156	0.0010085136	0.005324904	0.00090792036	0.001792847	0.0008974125	0.0018164321	0.014646613	0.019602608	0.0018413134	0.0010185892	0.00131225	0.0005938242	0.0013543043	0.030162465	0.009822136	0.008729653	0.0023536226	0.00040638342	0.002015679	0.0026793159	0.00023110374	0.0003919495	0.001027272	0.00087320333	0.00086532976	0.0010851036	0.0011065719	0.00028674115	0.0011065719	0.0012252581	0.003817086	0.0034102967	0.0003425825	0.00041943492	0.00036699395	0.004427186	0.0006127342	0.0022474462	0.0052327467	0.00033990754	0.0008795458	0.00062921474	0.008967317	0.00024689932	0.0039994367	0.0011295365	0.0013014415	0.0009365215	0.0004392766	0.0068224487	0.0015708737	0.00079550897	0.0019537664	0.0027336797	0.0024693816	0.0028005193	0.00013522182	0.0068224487	-24.02677154541016
s03e24b	520.0	5.0	0.886223	0.886223	0.1285607	0.035746515	0.0002981969	0.0017961279	0.17637238	0.006629107	0.0016996283	0.0015164533	0.0003102592	0.00032719475	0.042675294	0.003692983	0.00638564	0.0014199973	0.00091868185	0.00014150752	0.0011612645	0.10793216	0.021376977	0.0035224927	0.021376977	0.0014714033	0.00093722664	0.0066532944	0.020267218	0.008071973	0.004103067	0.0013516595	0.00029866834	0.0016422684	0.0021977434	0.00095332734	0.00021173712	0.0029803326	0.0019935549	0.0011093377	0.0035199062	0.003727236	0.00020815879	0.003727236	0.0013599511	0.0079677105	0.003861848	0.0005816386	0.0007224875	0.00083741907	0.0017389486	0.0012052682	0.0017518504	0.007353522	0.0004921685	0.00076168217	0.0019641742	0.0060211667	0.00075013697	0.24929194	0.0016024901	0.0006747398	0.0005975748	0.0005588407	0.0032841128	0.016430482	0.00072541175	0.0018289229	0.0022833853	0.043734796	0.004848241	0.0008127317	0.016430482	-30.83395195007324
s03e24b	525.0	5.0	0.77305865	0.77305865	0.014974049	0.042091504	0.00026283404	0.00043022272	0.0009283141	0.003685588	0.0013770211	0.0029106943	0.00012879386	0.00033349043	0.014483726	0.005343925	0.0018617122	0.00013461577	0.0030879842	0.00019836986	0.00023121196	0.0012286355	0.010761908	0.0029769735	0.0036307494	0.0011479028	0.000533568	0.0015987296	0.023074728	0.0056371754	0.0017908759	0.002004823	0.0002618638	0.0016563192	0.0012985094	0.0008930567	0.00022388826	0.012080623	0.0038839453	0.012080623	0.0011131337	0.003005303	0.0042693815	0.003005303	0.0038945968	0.0038936944	0.0025249142	0.00025865567	9.702969e-05	0.0002740512	0.0024435087	0.0042374465	0.0007693191	0.0033119188	0.0012541476	0.003779564	0.001188322	0.0037487778	0.00026189227	0.0573479	0.0009033314	0.00060399715	0.0018024567	0.00020322282	0.00702125	0.0010146778	0.0016165145	0.00079101656	0.0014635037	0.07230315	0.00129611	0.0073436084	0.032839976	-29.019996643066406
s03e24b	530.0	5.0	0.9181429	0.9181429	0.053692237	0.00857023	0.00012184859	0.00035440206	0.0003977381	0.0010153721	0.0016244944	0.0008586502	0.00014271449	0.00019951367	0.0030700646	0.000768561	0.00024847375	3.5235145e-05	0.00077415694	0.0001547138	0.00014914706	0.0005734444	0.0026932915	0.0011295629	0.00046377737	0.0015177426	0.0006549734	0.0015177426	0.03803443	0.012776654	0.0052695232	0.0020984085	0.0004730354	0.0026354378	0.002373185	0.00039073458	0.0002494584	0.0021233137	0.00045821132	0.0012167449	0.0007943151	0.00042265977	0.0003096127	0.0007943151	0.0006072544	0.0015563857	0.0010516865	7.154519e-05	9.7793054e-05	0.00031230837	0.0006805141	0.00062492274	0.0006172386	0.0009848117	0.0002300564	0.002204727	0.00039888654	0.003523939	0.00034217583	0.007847082	0.00016507835	0.00041657547	0.00066571275	0.00010038627	0.013218729	0.001890549	0.00027183822	0.00035360843	0.000507275	0.002434814	0.00031144463	0.00076554756	0.09062076	-29.511871337890625
s03e24b	535.0	5.0	0.877876	0.877876	0.06472221	0.008969316	0.00082800025	0.0002737389	0.00095614	0.0010716012	0.0014103841	0.0023054827	0.00023101187	0.00065351406	0.015700275	0.00374499	0.0030564433	0.00017909506	0.012447443	0.00018716193	0.00045218633	0.0005955523	0.006866882	0.0029268726	0.0010307049	0.0026249243	0.0013616767	0.0058158995	0.02417995	0.014170294	0.0072989278	0.001857151	0.00057839433	0.0021398582	0.001735341	0.0008849123	0.00018827882	0.0034687235	0.000891314	0.0022882745	0.0017115746	0.00047560062	0.0007365924	0.0017115746	0.0038268897	0.0026352834	0.0018309201	0.00021330874	0.0002854654	0.00066126214	0.0007384289	0.0025333778	0.0010159696	0.007752096	0.00096929836	0.008212303	0.0020491886	0.0054213586	0.0005110715	0.008812467	0.0007266135	0.0009037516	0.0045656366	0.00033514012	0.11139781	0.004700286	0.0004801288	0.0008146174	0.0016071759	0.019542117	0.0015624416	0.0009226288	0.11139781	-26.699432373046875
s03e24b	540.0	5.0	0.8599357	0.8599357	0.021475626	0.0057097254	0.00013408474	0.00012249737	0.00026511628	0.0014858602	0.0021668866	0.0004906544	8.178016e-05	0.00014062593	0.004476416	0.00019294825	0.00019236849	5.671261e-05	0.0030443103	3.9576833e-05	8.271458e-05	0.0003134162	0.003576591	0.0004895453	0.00059159554	0.000404088	0.00016902013	0.0007799987	0.009370322	0.007647607	0.003295508	0.0020300779	0.0001777436	0.0020074656	0.0005213117	0.00041863046	0.00010415978	0.0015392444	0.00026327622	0.00068881083	0.00045038603	0.00025209706	0.00025005202	0.00045038603	0.0008221963	0.00047197271	0.0017297593	8.89402e-05	0.00016343307	0.00015555964	0.0007726914	0.00051270734	0.00033403328	0.0007486341	0.00031767532	0.0012724136	0.00043427412	0.00344669	9.07811e-05	0.0010070887	0.00021415773	0.00044548648	0.0018107782	7.014569e-05	0.007405944	0.0008920319	0.00019133916	6.621637e-05	0.0005809961	0.0022341264	0.00042208942	0.010144632	0.120555185	-37.66391372680664
s03e24b	545.0	5.0	0.866242	0.866242	0.10516169	0.0023241465	0.000170966	0.0003766815	0.00028966056	0.005343461	0.0008978961	0.00047959705	0.0009493623	0.00024388958	0.00750857	0.009796408	0.0012013334	0.00016912169	0.0008842886	7.104054e-05	0.00014992886	0.0005099263	0.010793993	0.0032713418	0.0026309218	0.0024728219	0.0020320185	0.006913489	0.010440897	0.0027077186	0.00096067	0.0013186309	0.00029393585	0.0010860307	0.00063661154	0.001985148	0.00015493613	0.02256641	0.0019715736	0.005432171	0.0039878516	0.0020880636	0.0008992219	0.0039878516	0.0045188977	0.0053694276	0.0070448276	0.0002151885	0.00021975864	0.00022017241	0.000854749	0.002656553	0.0007512147	0.0027961098	0.0005373399	0.0013547093	0.00058733835	0.007421232	0.0001405262	0.0023273372	0.0007364113	0.000831781	0.005585326	0.00013744608	0.003548145	0.0010048614	0.0011892279	0.0003073906	0.0006095219	0.007957247	0.001081266	0.043903157	0.042987682	-35.74870681762695
s03e24b	550.0	5.0	0.3513666	0.3513666	0.0015783267	0.0016107085	0.0009508419	0.0011710888	0.0009607313	0.0026137747	0.0018399915	0.0023589323	0.0009728688	0.0005024545	0.022734098	0.010198152	0.06151572	0.00015595529	0.0013078076	4.2959076e-05	0.00038945404	0.00034641358	0.046592616	0.035471033	0.046592616	0.003616381	0.0050177537	0.0050177537	0.022299808	0.0080775805	0.0022707991	0.0008691082	0.00031141704	0.0007289668	0.0012263159	0.000327008	0.00016113289	0.0028075539	0.00086662115	0.0028075539	0.0010831413	0.00056533446	0.0006956599	0.0010831413	0.004949646	0.0014743514	0.0009337145	0.0002416672	0.0003303407	0.00049271865	0.0012494904	0.00082558	0.00062920514	0.0017735949	0.000647261	0.0006193326	0.0004835897	0.000513529	0.00023463082	0.004298425	6.0316816e-05	0.0011470076	0.00063045404	0.00041953908	0.002210811	0.001429367	0.00044305643	0.0005253795	0.00035696942	0.021281954	0.0016262401	0.0011821993	0.011137741	-43.247467041015625
s03e24b	555.0	5.0	0.7965461	0.7965461	0.0014516113	0.0035945247	0.001378159	0.00025205285	0.0010192421	0.0005169521	0.0009900833	0.026464006	8.092827e-05	0.00022825734	0.0034671647	0.08612984	0.020387629	4.753818e-05	0.0025397516	0.0010344894	0.0003218806	0.00023529168	0.027470358	0.027470358	0.010470885	0.0039234906	0.0012091012	0.017911464	0.008741239	0.002367331	0.0007449566	0.0007245267	0.0002190455	0.00051268114	0.0013505978	0.00026604327	0.00019424224	0.0054233954	0.0004989307	0.0037786972	0.00033693385	7.395533e-05	0.0005010133	0.00033693385	0.023207635	0.0005850769	0.00038935232	3.1403528e-05	7.99319e-05	0.0001013777	0.0003110224	0.007134377	0.0008223946	0.005622121	0.00021118869	0.0034027873	0.0028229293	0.00024358142	0.00018386047	0.0012617871	0.00021264938	0.00020287686	0.00018971597	0.00016241535	0.0024588539	0.0005719474	0.0003292977	0.0011809545	0.0003238092	0.015982922	0.0015331367	0.00029578307	0.030476673	-31.532657623291016
s03e24b	560.0	5.0	0.81591266	0.81591266	0.021802528	0.017072998	0.00040316262	0.00063307653	0.0030189783	0.00078320515	0.0018347243	0.0020964823	0.00020198764	0.0010613237	0.0035616066	0.0014658078	0.002405962	0.00013977863	0.002128195	0.00037153348	0.00025111207	0.0011255913	0.0262939	0.0262939	0.0035575544	0.08253704	0.008970588	0.08253704	0.024336042	0.011009152	0.005752646	0.00094561226	0.00059650873	0.0011121406	0.0022284428	0.00080689904	0.0003277936	0.002983067	0.0007545581	0.0008784625	0.0014645207	0.00038708848	0.00033740315	0.0014645207	0.0011873427	0.0029866842	0.0013813351	0.000116502444	0.000505719	0.000525204	0.0010375036	0.001455882	0.0008478145	0.004229814	0.0006119833	0.0019175238	0.0014803354	0.0058735907	0.0002206055	0.018143604	0.00127569	0.0023838095	0.0036693385	0.00047403233	0.032118637	0.0031033738	0.00031398592	0.0005530137	0.0011516201	0.005061739	0.0022898319	0.0003239852	0.032118637	-25.412250518798828
s03e24b	565.0	5.0	0.12327501	0.12327501	0.0016270741	0.00046106317	0.008166817	0.003908414	0.02167018	0.002750405	0.043867342	0.0063654045	0.0005120753	2.7061895e-05	0.0003668605	0.0034498447	0.00021027087	0.00040719062	0.0009679031	0.00040138268	0.011070929	0.033150215	0.0048132846	0.001885139	0.0029145828	0.008567423	0.0009050778	0.008567423	0.75463706	0.4707525	0.45122382	0.0023637165	0.0010645001	0.0022734778	0.013098093	0.00037332962	0.0026742446	0.0017252234	0.0017252234	0.0010256096	0.0036847058	0.006443302	0.0004018243	0.006443302	0.0004843518	0.012096453	0.032014225	0.004108183	0.016268943	0.0009892008	0.031888783	0.0007285341	0.0024394616	0.00082966744	8.0030746e-05	0.0006879475	0.0010130869	0.00036884393	0.000100545214	0.00028608413	0.00049014855	0.004243785	0.0003664131	0.00065618986	0.0005857973	0.0003013182	0.00048405182	0.0018713226	0.00024042293	0.0019213805	0.0003461884	0.00028705382	0.010252148	-23.52850914001465
s03e24b	570.0	5.0	0.81950337	0.81950337	0.083906606	0.0063756728	0.00020646086	0.00058643747	0.0016168208	0.00096345006	0.00406077	0.002180323	0.0007856312	0.000121431956	0.006707497	0.0008385166	0.00047555822	0.00021645591	0.0007842436	0.00012656832	0.00019843437	0.00079205143	0.003272936	0.003272936	0.0006068673	0.0010744183	0.0005876449	0.0010744183	0.6342634	0.34456125	0.19784743	0.00877779	0.001395554	0.009043791	0.0038607055	0.0011539811	0.0010649246	0.00059996545	0.00021833404	0.0003350881	0.00038329017	0.00018694309	0.00010783958	0.00038329017	0.0006938464	0.0012060354	0.0020319412	0.00017315803	0.00019331471	0.0004203866	0.00028693094	0.0003002709	0.0006028331	0.0010646645	0.000866918	0.0011473835	0.0004700119	0.0061142216	0.0001934115	0.0009888428	0.0003630449	0.0018590312	0.0050950833	7.462387e-05	0.010105768	0.0007896466	0.00029336978	0.0009830733	0.00046115066	0.0016350292	0.0014394849	6.863074e-05	0.010105768	-22.00545883178711
s03e24b	575.0	5.0	0.750446	0.750446	0.08160211	0.006371053	0.00030491402	0.0026326466	0.11327005	0.0012096276	0.0010635027	0.001938029	0.001211551	0.00019062478	0.0037114574	0.020760948	0.0018690493	0.00050093	0.0043039937	0.00011733482	0.0040089013	0.007040222	0.010228708	0.0035176922	0.00090131455	0.0024388607	0.0016160298	0.0024388607	0.011309999	0.003458105	0.0023496007	0.0006715846	0.000275392	0.00045477002	0.0026775822	0.0002713517	0.00012987296	0.0017494737	0.0017494737	0.00067986426	0.0010353413	0.00084957987	0.00016475425	0.0010353413	0.0051860507	0.0044718473	0.014961942	0.0011247521	0.0005762453	0.0007747466	0.00182067	0.007184435	0.0027086202	0.024556074	0.00031238224	0.005662453	0.0009740085	0.0014499499	0.0005014581	0.005385459	0.0042762323	0.0015398243	0.00040999093	0.00014696647	0.008498094	0.002417527	0.0019080606	0.0058237268	0.0010630125	0.007903477	0.013456679	0.00073762354	0.05259424	-23.88057518005371
s03e24b	580.0	5.0	0.6942838	0.6942838	0.028696815	0.0043857084	0.0016004461	0.01143287	0.010431117	0.0045082215	0.016806128	0.0026469247	0.0027437457	0.00023427918	0.001324989	0.03953689	0.0015749931	8.2752595e-05	0.003954701	0.00016679092	0.0052530523	0.059047	0.018453324	0.009190146	0.000640011	0.003865203	0.0014197282	0.014900448	0.044344813	0.0083340835	0.0017817469	0.00049886556	0.00020212366	0.00070389226	0.0034157692	0.0006585584	0.0006771761	0.002936551	0.002936551	0.0008052971	0.0032617333	0.0016840589	0.00026323405	0.0032617333	0.0051264395	0.020683054	0.0129493065	0.00054697203	0.0010622725	0.0009822297	0.0021318893	0.007681481	0.0024386018	0.014931346	0.00014386931	0.0050982023	0.0009077759	0.014630663	0.00016503365	0.0025790462	0.0022843785	0.0011603843	0.0011277744	0.000267298	0.008984155	0.0019283363	0.0011787103	0.0059951986	0.0009658544	0.011539109	0.0068360814	0.00057810853	0.026918242	-21.806209564208984
s03e24b	585.0	5.0	0.78344434	0.78344434	0.11528811	0.0070027374	0.00010572394	0.0023715533	0.14531402	0.00029901395	0.0010973728	0.0013544391	0.00015998712	0.0003648936	0.00073395675	0.0032653117	0.00083438394	0.0005883166	0.0025201377	0.00013697821	0.016974716	0.11343963	0.00500695	0.00500695	0.0025999213	0.0038303158	0.0020537337	0.0038303158	0.02015392	0.009871728	0.003932771	0.0010209073	0.0007812064	0.0012307486	0.0027095953	0.00043283214	0.0003319359	0.001365654	0.001365654	0.00082142773	0.004062433	0.0020771606	0.00022490177	0.004062433	0.0015357703	0.0061485292	0.004815263	0.0015990419	0.0007785889	0.0010968246	0.0047433265	0.0012500844	0.0030065463	0.0035566164	9.98604e-05	0.00042302412	0.0009829763	0.0007169077	0.00012602602	0.00028644197	0.0002062942	0.0006698489	0.00036282762	0.00050043745	0.0018553751	0.00074825855	0.00085681863	0.0018969661	0.00025115086	0.0032337676	0.001578344	0.00010869616	0.0052667717	-23.3042106628418
s03e24b	590.0	5.0	0.88960457	0.88960457	0.12788092	0.013038554	0.00030654544	0.00055225624	0.0021989066	0.00060075906	0.0010445825	0.0009070306	0.00018792137	0.00020499478	0.004200676	0.018326506	0.00073951867	0.00016754007	0.0020491458	0.00014528153	0.00048528856	0.0022912507	0.0072513553	0.0034928368	0.0009807714	0.0018840054	0.00095300586	0.005987642	0.022178384	0.009661055	0.0039493046	0.0018965338	0.00070973195	0.0018128633	0.0028598963	0.00050212274	0.00022029779	0.007567766	0.0024820936	0.0014031951	0.0014407809	0.0009886025	0.000256045	0.0014407809	0.0021535207	0.006901812	0.003626207	0.00024564195	0.00028111433	0.00031472527	0.00096108374	0.0024964595	0.0013188851	0.016734304	0.00017676502	0.0063048964	0.0032175318	0.004659109	0.00035526228	0.009735084	0.0005938709	0.0006852477	0.0031987184	0.00030764626	0.0063674035	0.004709635	0.0014528655	0.0011547585	0.0022164246	0.0071689356	0.00598384	0.00032563135	0.031710688	-28.04107666015625
s03e24b	595.0	5.0	0.89578986	0.89578986	0.19096239	0.032822452	0.00028204484	0.002496653	0.0028923547	0.002187603	0.0013870319	0.0025008272	0.00038574557	0.0004783253	0.013233204	0.007964817	0.00040215274	0.00022936321	0.0013739538	0.0007601304	0.00047464998	0.003101423	0.0036023245	0.0027340492	0.0018423033	0.0023573393	0.0019032593	0.0023573393	0.05804685	0.0044313874	0.0044313874	0.0009087551	0.00037647903	0.0006677878	0.0018224377	0.0010933029	0.000529426	0.009096544	0.0051119393	0.0051201573	0.0013051777	0.0024067138	0.0011979938	0.0024067138	0.0031561074	0.008716273	0.018994538	0.0013396771	0.0014892465	0.0024666733	0.003174445	0.002928395	0.003395786	0.013803541	0.0014564506	0.0032900397	0.0010227311	0.0028270264	0.00031514472	0.0022071074	0.001071152	0.0038090618	0.0009666866	0.00039606952	0.0039358954	0.0043283156	0.00041733088	0.0006806182	0.0018222826	0.0079593705	0.0033504236	0.00015610183	0.01129072	-23.169328689575195
s03e24b	600.0	5.0	0.7938418	0.7938418	0.10993605	0.014891394	0.0005522362	0.004993731	0.16394137	0.004732511	0.010438179	0.0014917835	0.00031049887	0.0004953796	0.000961615	0.0039326046	0.001047215	0.001554393	0.0023532934	0.00022883306	0.0101723755	0.11772213	0.0026963134	0.0026963134	0.0020074628	0.002664742	0.00044646853	0.002664742	0.030143829	0.009597964	0.006535164	0.0009915852	0.00056452677	0.0008509483	0.005893482	0.0004491191	0.0006111539	0.0056163096	0.0056163096	0.0025253897	0.004945836	0.013254503	0.001308668	0.013254503	0.0016510425	0.020235665	0.01829423	0.0064060213	0.0028396659	0.0009560626	0.052812397	0.0014974588	0.004506155	0.0032203163	0.0003011367	0.00049706065	0.00084691023	0.0009691229	0.00011316519	0.00024445576	0.00054295186	0.00079085527	0.00082514033	0.0007929863	0.0018918188	0.00047705945	0.0032853743	0.003329661	0.0015438787	0.0027827371	0.0010527124	0.0004068352	0.018032942	-22.27357482910156
s03e24b	605.0	5.0	0.87885964	0.87885964	0.15039045	0.0058018416	0.00047680578	0.00037648747	0.0013032313	0.00062288233	0.0012546746	0.0026857825	9.502511e-05	0.00028589956	0.0028070826	0.010422744	0.0013941268	0.00019049649	0.0013535175	0.0001375094	0.0002245493	0.0019169142	0.016312452	0.016312452	0.0024762813	0.00417028	0.005152102	0.054691598	0.02739789	0.007986287	0.0036444126	0.00097083027	0.0005034493	0.0010274476	0.0013066299	0.0008114359	0.00021898033	0.008451874	0.0021958747	0.0031195886	0.0015220287	0.0008612034	0.0007283738	0.0015220287	0.0034386853	0.0058719707	0.0043551167	0.00040551854	0.00037083458	0.00053280004	0.0007888539	0.005004103	0.0010626065	0.012004228	0.00030659512	0.0035868888	0.0010231745	0.0021104307	0.00017538165	0.0052940017	0.0007267461	0.00085648394	0.0030856438	0.00031800137	0.014581002	0.0022058676	0.0005598502	0.0005302964	0.0011242786	0.0067130523	0.0017805225	0.0011337791	0.014581002	-27.99323272705078
s03e24b	610.0	5.0	0.8320347	0.8320347	0.041439936	0.013284359	0.0011478902	0.006873631	0.22194107	0.0045073186	0.002018064	0.0009021935	0.0081781335	0.00031179015	0.13677897	0.013334888	0.0024975142	0.00022944108	0.0010642172	0.00050405815	0.002875772	0.08229629	0.011562486	0.005878109	0.0016011809	0.0031253106	0.005336238	0.005336238	0.04796773	0.007177969	0.0037696592	0.00045907218	0.00029976922	0.00047942085	0.003166563	0.00042186436	0.0004496158	0.002197346	0.002197346	0.0010522782	0.0053749713	0.0024667543	0.00019533226	0.0053749713	0.00076143	0.014534377	0.007548188	0.0004345638	0.0004491401	0.0007769657	0.001199445	0.0018787474	0.0022362191	0.003253226	0.00066653267	0.0011062783	0.00040180286	0.008951443	0.00073709444	0.026175363	0.00034433644	0.00051408145	0.0001835387	0.00018485099	0.0025847564	0.0037345954	0.000964895	0.0028771001	0.0026574905	0.010269897	0.0018712104	0.00014307216	0.006511117	-22.81170082092285
s03e24b	615.0	5.0	0.8975692	0.8975692	0.36236408	0.014065247	0.000624309	0.006610788	0.37591156	0.0015463607	0.0029445256	0.0020578247	0.00039814628	0.0003305108	0.0019208724	0.001255622	0.0013797245	0.0007125828	0.00096401107	0.00033823535	0.0052423463	0.061103705	0.0032141523	0.0005765623	0.002665608	0.002808956	0.0009776754	0.002808956	0.029574988	0.0061135143	0.0029781372	0.00142805	0.00066051073	0.0018196581	0.0023679098	0.00014455675	0.0003486644	0.0012083597	0.00038597145	0.0007847026	0.0026673526	0.0008674626	0.00017579921	0.0026673526	0.000527106	0.0018542283	0.002646771	0.00048546484	0.00031658448	0.00017541191	0.00086680317	0.0015354605	0.002894278	0.0041409745	0.00015210017	0.0010171259	0.00050701614	0.003391672	0.0003471159	0.0023773636	0.0020520359	0.0004222067	0.00035743444	0.00015060761	0.001890557	0.0039178743	0.00048456306	0.0007909743	0.000791785	0.003966096	0.0018726322	0.00027669396	0.0039178743	-26.57712745666504
s03e24b	620.0	5.0	0.79515904	0.79515904	0.016767211	0.008509171	0.00035516563	0.0032588246	0.08626458	0.00073007186	0.006510127	0.0026870435	0.00014731358	0.0003030612	0.0009084382	0.008029241	0.0007690284	0.00034481045	0.0027239579	0.0011394542	0.00714238	0.17167424	0.006125225	0.006125225	0.0023934587	0.008260734	0.0016161436	0.008260734	0.24126777	0.03789529	0.005300731	0.001249269	0.0004123537	0.0021178508	0.02803548	0.0003057311	0.0016356013	0.0009939095	0.0009939095	0.00068212673	0.007381975	0.0016977731	0.00018840776	0.007381975	0.00064827903	0.00786599	0.004269643	0.0008527706	0.0010611962	0.0009422667	0.007398817	0.0014374767	0.0018165912	0.008253167	0.00015414864	0.0009563149	0.00085972593	0.002475464	0.00025445464	0.00039459707	8.2579805e-05	0.00068527606	0.00051428506	0.00035090762	0.0006016736	0.00034851336	0.0012697356	0.0052193827	0.00046869315	0.0066237394	0.004225592	0.00013836315	0.010389089	-20.18402099609375
s03e24b	625.0	5.0	0.6490476	0.6490476	0.029066462	0.011144959	8.377654e-05	0.0049000364	0.041140225	0.0029458809	0.02886157	0.0027626413	0.002242074	0.00015473444	0.0064650853	0.005812581	0.0017391465	0.00038153917	0.014319824	0.0004659951	0.05431489	0.027199218	0.0033380887	0.0033380887	0.0002354701	0.0015292744	0.0007087958	0.0015292744	0.6364048	0.110724844	0.031035343	0.002205688	0.00075109804	0.0021905089	0.026138527	0.00064092205	0.008677639	0.00021941401	0.00020931414	0.00014307993	0.00073453994	0.00036567575	2.6765096e-05	0.00073453994	0.00121022	0.003365987	0.003980294	0.00012873272	0.0006302095	0.00026982572	0.0003877119	0.0024637943	0.003753452	0.004902399	0.000114299466	0.012603616	0.000657102	0.006757447	0.004326335	0.0046909684	0.0009740931	0.0002947165	0.00040236057	6.123856e-05	0.0057983384	0.002685758	0.0011245051	0.010283166	0.0044268286	0.010087448	0.014610582	0.00020231165	0.04301685	-23.55945205688477
s03e24b	630.0	5.0	0.76058936	0.76058936	0.05914452	0.1009525	0.00036916952	0.053335227	0.003894312	0.0022124483	0.0037137258	0.0048969127	0.0003333938	0.0003932032	0.0007806096	0.0286474	0.0006499797	0.00016530926	0.007048234	0.0020569877	0.011969498	0.0260968	0.0071536284	0.0071536284	0.0009935182	0.0024148168	0.0018365609	0.0024148168	0.043469336	0.006210176	0.0024966327	0.0006273833	0.00049276935	0.0005623828	0.003093828	0.0008460653	0.00064483687	0.002576376	0.000714966	0.0012943969	0.0019993132	0.00077119627	0.0002426804	0.0019993132	0.0014672874	0.0021296984	0.0020181148	0.0002742394	0.0003106265	0.0012291718	0.0016286148	0.0014168931	0.0006686823	0.013877886	0.00025650632	0.0040963115	0.000919753	0.0041477205	0.000983843	0.0012127196	9.21449e-05	0.0018163051	0.00077153835	0.00013296813	0.003716689	0.000266699	0.0004619992	0.0030734348	0.00038488986	0.007061381	0.0044343	0.00011809024	0.04184827	-23.56371307373047
s03e24b	635.0	5.0	0.78616875	0.78616875	0.1658458	0.01443546	0.00015293011	0.024939964	0.06947165	0.0020179295	0.005774563	0.0026928855	0.00085764524	0.0006248606	0.00028395915	0.014998115	0.0006506032	0.0003238734	0.0049184086	0.001819188	0.02089509	0.051182795	0.003539455	0.002556226	0.000644741	0.0016519788	0.0012323245	0.0016584109	0.026764933	0.005564975	0.0033855604	0.000754671	0.00020936622	0.0005171105	0.003050695	0.00083844544	0.00044318865	0.0019499386	0.0019499386	0.001595521	0.0024649948	0.0026085814	0.00062321936	0.00277027	0.0010683393	0.009002914	0.010267309	0.001737945	0.0005780537	0.0013105097	0.006295454	0.0023011588	0.0023494319	0.042322446	0.0006048665	0.0013854693	0.0018613349	0.0008631216	0.00012741986	0.00044761124	0.00038840572	0.0011632706	0.00024284588	0.00018064409	0.0024922097	0.00056853174	0.0016315893	0.0067412527	0.0005387846	0.0062406175	0.006870942	0.00019089233	0.024171358	-25.070491790771484
s03e24b	640.0	5.0	0.7238597	0.7238597	0.10919254	0.019455016	0.0004985136	0.013438417	0.14706884	0.003510774	0.0029057497	0.0065421467	0.0003852364	0.00073597353	0.000703073	0.011573778	0.00035954683	0.0006821261	0.0040223273	0.0024311997	0.019136256	0.060345024	0.0031399168	0.0031399168	0.0022714152	0.0050127953	0.0019994464	0.0050127953	0.044702042	0.008461695	0.0033050443	0.0010884622	0.00055607455	0.0010657989	0.004170294	0.00072688883	0.0004739763	0.0019595611	0.0019595611	0.0012264993	0.004945932	0.0026041092	0.00030299593	0.004945932	0.0010098005	0.0043820143	0.010427417	0.0029540872	0.0014756521	0.0014534399	0.011996714	0.0028583275	0.0016647808	0.030008735	0.0003210537	0.0013403089	0.0013963631	0.00091709895	0.00055419456	0.00048300833	0.00093562825	0.0010767627	0.00037579023	0.00038037848	0.0021162753	0.00050149276	0.0011297141	0.004918852	0.0006070553	0.0060153967	0.0030208735	0.000121530764	0.054036483	-22.2008113861084
s03e24b	645.0	5.0	0.7095526	0.7095526	0.03736275	0.048179183	0.0005843279	0.008240493	0.011207193	0.0015324034	0.0022027788	0.00057325757	0.0002538733	0.000308518	0.0008339023	0.016088156	0.00037214797	0.00014293361	0.0025321252	0.0010206092	0.041221905	0.008883144	0.0034460155	0.0034460155	0.0011946867	0.0019034767	0.0011264033	0.0027428428	0.03570655	0.009777281	0.0026205108	0.0016197036	0.00040876007	0.0010077308	0.004770774	0.000650894	0.0004986908	0.0037838267	0.0026726401	0.0030614806	0.0054163495	0.004481772	0.0004648737	0.0054163495	0.0013698366	0.0065886853	0.016957354	0.0024484943	0.004512345	0.0019190072	0.016691143	0.0007221575	0.0034721273	0.042609066	0.00023285794	0.0025828884	0.004400951	0.0033268582	0.0016022377	0.0009163774	0.00022620651	0.0021749912	0.00037927373	0.00058080594	0.0019553541	0.0012315431	0.013484746	0.001516254	0.0003687694	0.026646972	0.0065472308	0.00033665003	0.08561244	-25.85710906982422
s03e24b	650.0	5.0	0.78010875	0.78010875	0.088774346	0.036140278	0.0018840088	0.019131605	0.031391576	0.014646427	0.0028819086	0.012989275	0.0009024668	0.00043461705	0.00092375826	0.0153606525	0.00087628263	0.0013011025	0.012348016	0.00228411	0.027145058	0.05083405	0.0021862774	0.0021862774	0.0010411364	0.0022155389	0.0015444316	0.0022155389	0.023040721	0.007056057	0.0043831836	0.0012501202	0.0005539158	0.0010015258	0.0060986197	0.00089326734	0.00053982553	0.004582313	0.0044084154	0.0028495735	0.012790435	0.008196298	0.0008236148	0.012790435	0.0019877325	0.008754223	0.02097561	0.0027357994	0.00141457	0.00088218047	0.0050799306	0.0045096255	0.0012068403	0.0527932	0.0007747211	0.0037731703	0.00083730614	0.0015465226	0.0007775938	0.0024904876	0.000684625	0.001964752	0.0002870508	0.00020444316	0.0026863972	0.0007274054	0.0037690236	0.0064878208	0.00095260964	0.005520158	0.0050551128	0.0005604992	0.046639014	-21.70492935180664
s03e24b	655.0	5.0	0.82940525	0.82940525	0.013508331	0.083618194	0.00047330314	0.004823524	0.11095393	0.0037434122	0.008420762	0.02487437	0.00030262006	0.0004667911	0.0011447673	0.0044823927	0.002175287	0.0012742667	0.0030268505	0.0015763374	0.010046544	0.090971865	0.0073338924	0.0028913098	0.001239819	0.0061226566	0.0009344808	0.0061226566	0.121875785	0.012188804	0.003454981	0.0014064272	0.0005822301	0.0012022863	0.004132755	0.0008712465	0.0012782813	0.0015658388	0.0005157111	0.0014445864	0.0067554857	0.0014081515	0.00020879688	0.0067554857	0.0006094644	0.0022585574	0.0039753444	0.00047461604	0.00047716405	0.0007618215	0.005387048	0.0011474414	0.0013832044	0.0052375295	0.0008826871	0.002026112	0.00054941763	0.003039381	0.0015478435	0.0021269377	0.00033574938	0.00082205766	0.00069937645	0.00029588997	0.0011724349	0.00058415753	0.00042654012	0.0021151698	0.0013505393	0.0047098454	0.003678455	0.00026616277	0.007589694	-22.52606201171875
s03e24b	660.0	5.0	0.7828777	0.7828777	0.030278113	0.018550228	0.0005782948	0.004791148	0.022753632	0.004220611	0.0030637227	0.0013719349	0.00352705	0.00053054595	0.012854699	0.00399382	0.0017591286	0.0004866391	0.0010832569	0.0018686632	0.0026221965	0.017379051	0.0053096833	0.0019827867	0.0013719035	0.0019720204	0.000854499	0.0035329554	0.08730999	0.0057988167	0.0016593972	0.0010908274	0.00040801006	0.00084406795	0.0033135312	0.0005656918	0.00045831903	0.0048673227	0.0048673227	0.0033165528	0.007306502	0.013219997	0.0008684451	0.013549364	0.002188542	0.0110223675	0.031605806	0.0033850796	0.0005816491	0.002750859	0.0029940868	0.0019689952	0.0029504644	0.0054990863	0.00079760695	0.0005267602	0.0010521194	0.008354348	0.0045918277	0.009256628	0.0010397299	0.0035480876	0.0010181871	0.00033363738	0.0029033718	0.0017292423	0.0020303975	0.002803164	0.0040456424	0.008282155	0.0054110433	0.0003576785	0.021555243	-22.73560333251953
s03e24b	665.0	5.0	0.111047946	0.111047946	0.0032611643	0.0013526955	0.0006471829	0.20698956	0.0012279289	0.0053144377	0.053861722	0.011914713	0.012151806	0.00057427416	0.01888471	0.0045700143	0.00027406638	7.5976815e-05	0.0017218654	0.029555842	0.042955186	0.05134337	0.026207628	0.0013254237	0.0026456735	0.008803729	0.0023692327	0.008803729	0.6310484	0.080069445	0.061601896	0.0012078966	0.00039713454	0.0011254037	0.03159534	0.0008596743	0.010788903	0.0020914983	0.0020914983	0.0005512436	0.0020629468	0.0036534083	0.0003542389	0.0036534083	0.0006329444	0.0022895704	0.014097526	0.0003853389	0.0024647005	0.0016099066	0.00343067	0.0013211758	0.001250119	0.009382936	0.00078461814	0.00074381666	0.0016067139	0.0031134528	0.0011309108	0.00029410602	0.00036433068	0.0023758023	0.00054721086	0.0004949633	0.00084317883	0.00088735163	0.00597502	0.02973755	0.0012126456	0.008119622	0.0026311923	0.002872334	0.02973755	-22.042770385742188
s03e24b	670.0	5.0	0.06330213	0.06330213	0.0014178345	0.004460219	0.000843725	0.00055626006	0.0012057051	0.0026003974	0.01047129	0.0027358995	0.0063803536	4.5577282e-05	0.0034250305	0.0016875981	0.0028750927	0.0003884529	0.0060520065	0.00034968587	0.0011594351	0.0036983644	0.004923085	0.0019644042	0.0026194195	0.0031538308	0.0009381742	0.0039249333	0.17126955	0.031621266	0.0112818545	0.0019657968	0.00082288217	0.002664836	0.0052901288	0.0011403543	0.0012504227	0.0059050643	0.0043103513	0.0052909744	0.0007630876	0.00077132526	0.00212859	0.0010870503	0.0006901158	0.0076939682	0.020707596	0.0001866524	0.00041312503	0.0016220162	0.0018816834	0.00070168404	0.0031082372	0.002775176	0.0063690846	0.0023541264	0.00524668	0.000767499	0.0015932742	0.00036701336	3.4963552e-05	0.0016188294	0.0014984787	0.0016797914	0.0047709118	0.0039911936	0.0026593504	0.0031461348	0.002265406	0.0030836437	0.0035849428	0.5564652	0.015939865	-inf
