episode_id	onset	duration	talking	speech	man_speaking	woman_speaking	baby	shout	laughter	cry	singing	kids	groan	whistling	breathing	walking	mouth_sounds	fart	hands	heartbeat	cheering	crowd	mammal	dog_bark	cat	rooster	duck	bird	music	musical_instrument	guitar	piano	organ	electronic_instrument	percussion	bell	ambient_music	weather	wind	rain	river	wave	thunder	river_sea	fire	boat	car	traffic	car_honk	emergency_vehicle	train	cycling	engine	door	doorbell	knock	dishes	radio_tv	dryer_vacuum	zipper	keys	alarm	telephone	whistle	mechanisms	tools	boom	bang	glass	water	beep	silence	sudden_noise	db
s03e11b	0.0	5.0	0.8330568	0.8330568	0.028699128	0.023168337	0.00074618397	0.008194139	0.4741177	0.0036347224	0.011046247	0.0105912555	0.0008253204	0.00041052458	0.0007964157	0.0019360506	0.021235827	0.0044002277	0.004742498	0.00023796223	0.0055409186	0.041481704	0.0031230992	0.0031230992	0.0007807487	0.0006633271	0.00054543046	0.0012568993	0.041836493	0.0043676957	0.0018119334	0.0007009024	0.0001677898	0.0007034852	0.001859516	0.000500604	0.0007785288	0.00042018652	0.00027394987	0.00042018652	0.001105869	0.00044856762	0.00011908057	0.001105869	0.00037152317	0.000983589	0.0022072417	0.00020993673	0.0005660807	0.00034652802	0.0018884185	0.0007944302	0.00060955586	0.0024910932	0.00054766587	0.001353055	0.00025979255	0.0015997163	0.00010893284	0.0011245843	0.00048464048	0.00059860916	0.00055810664	0.00033546684	0.0007600163	0.0005140109	0.00046168178	0.008636418	0.000673426	0.0009789552	0.004763647	0.00046184091	0.008636418	-24.99877166748047
s03e11b	5.0	5.0	0.74659264	0.74659264	0.056322437	0.011317691	0.00040066	0.0063714837	0.049125396	0.0014065948	0.003908928	0.00238836	0.00019751677	0.000409354	0.00036735958	0.009639214	0.00017972407	0.00015099846	0.003147083	0.0012838104	0.055860046	0.053572748	0.0015022691	0.000593938	0.0007768739	0.0017709588	0.00011723909	0.0017709588	0.21235816	0.023003798	0.0055984426	0.001435753	0.00053167914	0.0010097143	0.008804166	0.00028960808	0.0010198962	0.0008930447	0.0008930447	0.0006491786	0.00080257107	0.0011823006	0.00012705418	0.001484282	0.00091868185	0.0014385469	0.005241307	0.0019207451	0.00039523107	0.0009912839	0.003199004	0.00059817825	0.0014361796	0.047166966	0.00013016704	0.0013991952	0.0022962727	0.0008376812	0.00065661554	0.00023484477	0.00032655717	0.0011249069	0.0003902453	0.00032157724	0.00081682176	0.00082227035	0.0006138158	0.0018927618	0.00024746376	0.013133124	0.0063293534	8.586266e-05	0.17937589	-20.439144134521484
s03e11b	10.0	5.0	0.8307869	0.8307869	0.0018281301	0.0045125466	7.677454e-05	0.0010583351	0.0015344007	0.0001532859	0.002772361	0.0047183516	0.00045006306	6.278463e-05	0.0041272636	0.0073699686	0.0008401217	0.00024135588	0.00022769936	7.8426594e-05	0.00017597529	0.0005277782	0.012031224	0.003484144	0.0010061432	0.009274079	0.0012146721	0.009274079	0.56169	0.009205404	0.004722446	0.00035769708	8.475421e-05	0.00046691307	0.0028127814	0.000107620246	0.0014056901	0.0011923523	0.0011836839	0.0010054273	0.00039747905	0.0011184472	0.00074863376	0.0011184472	0.0015157949	0.006307953	0.021926435	0.0005400649	0.0009418722	0.00024353103	0.0014553685	0.00543401	0.001366576	0.21739383	0.0004849159	0.015109952	0.0010072562	0.0006563559	0.0010004806	0.0012147329	0.0016715958	0.0003638602	0.0004608872	0.00019932979	0.004053383	0.0015849259	0.005286256	0.4266317	0.013769731	0.0053374805	0.0011282068	0.00025021634	0.4266317	-22.457958221435547
s03e11b	15.0	5.0	0.91005576	0.91005576	0.01726968	0.04167331	0.0013580718	0.0025023988	0.31152457	0.019425806	0.0013097939	0.010694283	0.00017991285	0.0011975573	0.06335805	0.0055011185	0.020692637	0.0063118907	0.001266629	0.0022300284	0.0005904149	0.049122535	0.0162136	0.0162136	0.003136623	0.0061935447	0.0014368417	0.0061935447	0.025539152	0.0031514512	0.00093087374	0.000731274	0.00027219768	0.00079019385	0.0017424137	8.07589e-05	0.000105341634	0.0026705791	0.0010344057	0.0014011599	0.0033934547	0.00092990533	0.00022129208	0.0033934547	0.0019601842	0.002913012	0.0017432508	9.096863e-05	0.00014783903	9.942901e-05	0.0007037045	0.0025498692	0.00070693117	0.005864649	0.00012507557	0.0047563217	0.00041843252	0.0016367782	0.00066893466	0.0022232716	0.0007801389	0.00040777135	0.00021695821	0.00050071155	0.0033049406	0.00039354782	0.00084842223	0.00396454	0.0006259725	0.0021820872	0.00060424244	0.00021973957	0.00396454	-24.341466903686523
s03e11b	20.0	5.0	0.8864191	0.8864191	0.015079148	0.01977486	0.014502618	0.0036055278	0.051050015	0.012570297	0.0005705038	0.047173213	0.0006340777	0.00039350206	0.008193388	0.0062531503	0.00766235	0.0032219174	0.0021080282	0.00032242973	0.00086855266	0.008282749	0.19340006	0.19340006	0.0027506838	0.0020236599	0.002604534	0.0031501947	0.015689107	0.0018859816	0.0007778188	0.00034764613	0.0001796934	0.00044365553	0.0012956026	0.00029071353	0.00020396107	0.0031662574	0.0009856635	0.0010485232	0.0043551354	0.0012664909	0.00021370123	0.0043551354	0.0010023133	0.0023271912	0.003981716	0.00026374854	0.00042678518	0.0003093964	0.001199388	0.0047890088	0.0008000531	0.004240965	0.00027696925	0.0020939081	0.00022249884	0.0010960737	0.00063435425	0.00864878	0.00046024536	0.00053692085	0.0006485753	0.0003491507	0.0011211017	0.0006975101	0.0010994253	0.0021896418	0.0007196108	0.0026207103	0.002218713	0.00029859887	0.018017028	-24.28680419921875
s03e11b	25.0	5.0	0.82433176	0.82433176	0.0190913	0.016277775	0.0027987582	0.0012786449	0.01760025	0.0052107545	0.004180592	0.18208429	0.0008916759	0.00040334195	0.002930161	0.012819765	0.0013085951	0.00048642996	0.0014374069	0.0019584387	0.00044215925	0.0042488636	0.02000434	0.013931945	0.0039944705	0.0030309241	0.0018214128	0.0030309241	0.74534523	0.010086153	0.0047017424	0.0014025884	0.0007469299	0.0008924918	0.0020686816	0.0028212576	0.0023875933	0.011057295	0.006721206	0.011057295	0.015746249	0.00944354	0.0017092851	0.015746249	0.002318393	0.013373588	0.011359513	0.00029129896	0.00033733767	0.00065769564	0.0020547407	0.021952251	0.00057821546	0.00088053406	0.0016498961	0.0021764091	0.0009291663	0.0010207731	0.00015277752	0.00060742284	0.00059280964	0.00089805655	0.0005492632	0.0006823442	0.00081944314	0.0007015634	0.00037889753	0.00080710324	0.0038380271	0.018536124	0.0038193078	8.8888984e-05	0.004567822	-22.530418395996094
s03e11b	30.0	5.0	0.7272062	0.7272062	0.003890707	0.0070511806	0.0012139591	0.00064231775	0.0009794659	0.0010571727	0.022735741	0.014058405	0.0022898004	0.0013963205	0.0034801483	0.0014468293	0.0011558497	0.00075128267	0.0011432497	0.00021423613	0.00011509273	0.00027050573	0.021060707	0.021060707	0.008785784	0.0041808323	0.005521229	0.005521229	0.77823	0.046169512	0.015560935	0.0051548863	0.007562192	0.005265011	0.013491147	0.017663293	0.010098863	0.00076574204	0.00042366315	0.00034718623	0.0005001151	0.00032023355	0.000116107854	0.0005001151	0.0012143806	0.0018035149	0.003497612	0.00011239314	0.00014618157	0.00074729125	0.00051765423	0.0020435504	0.000397127	0.0016920086	0.009426543	0.0020268143	0.001670045	0.0038268934	0.00021976177	0.011770791	0.0012200733	0.001172799	0.0036670903	0.00048629922	0.0038251958	0.0030078888	0.0006003238	0.002872461	0.011457326	0.0050860657	0.009280189	0.0002217094	0.03594851	-24.107425689697266
s03e11b	35.0	5.0	0.82135636	0.82135636	0.016137784	0.0039717867	0.00038055188	0.0016687386	0.030408584	0.0005147311	0.0048605558	0.0033985903	0.0009791324	0.00030748794	0.00071294623	0.0020324092	0.0008133601	0.0010211563	0.0015110084	0.00031949376	0.00089813746	0.008277777	0.09758431	0.009487962	0.0015726659	0.021301245	0.002091536	0.021301245	0.7754686	0.02608845	0.015666973	0.0032164706	0.0024529637	0.002640329	0.0057026213	0.0033400308	0.0031300636	0.0008572461	0.0008572461	0.0005800326	0.0011404619	0.0012022422	0.00011837097	0.0012022422	0.0013292833	0.0062106233	0.011736014	0.0005747199	0.00023880455	0.0014209517	0.0015667217	0.0009629448	0.003365782	0.002164492	0.0005976557	0.0009813673	0.0008248778	0.0076874	0.0006688069	0.0012509646	0.00040180326	0.0010825498	0.0014983047	0.00031335853	0.001972011	0.0017554858	0.00044331202	0.0015525174	0.0027907342	0.001990313	0.004834693	8.223922e-05	0.004834693	-20.58163833618164
s03e11b	40.0	5.0	0.8228899	0.8228899	0.17141594	0.022295803	0.0004707057	0.025585545	0.015124789	0.004035758	0.019355386	0.018784164	0.0017659704	0.0009745683	0.0019181609	0.013822352	0.0012600434	0.000676388	0.003247087	0.0022321937	0.04040963	0.11823339	0.008693581	0.008693581	0.0011934504	0.00074968213	0.0008525496	0.0015435714	0.161495	0.013667231	0.0049622995	0.00079220353	0.00046412367	0.0008268298	0.0026064867	0.0010937898	0.0011309136	0.0013668154	0.00077307073	0.0010716374	0.0035052418	0.00069284	0.00035349553	0.0035052418	0.0012350054	0.007433852	0.013616173	0.0009800153	0.0003169263	0.0018629389	0.00060944847	0.0042090076	0.0012367537	0.0066689407	0.00012559726	0.0009165137	0.0009780048	0.0029940342	0.00012970774	0.0010644023	0.00021964363	0.0011007373	0.00057626015	8.6234526e-05	0.0027351724	0.000878339	0.001820086	0.0033215515	0.0018013564	0.011558149	0.0022953507	0.00017992624	0.029172607	-20.21033477783203
s03e11b	45.0	5.0	0.8636756	0.8636756	0.008454496	0.009050811	0.0006403521	0.0029096843	0.00999916	0.0017216171	0.005416861	0.06690493	0.00034231137	0.00022476006	0.00075305713	0.017425781	0.0008598324	0.00056198897	0.0037898405	0.0003459639	0.0028332167	0.13284262	0.0115546845	0.0115546845	0.0011247741	0.0004683613	0.0017524033	0.0017524033	0.07481486	0.004896183	0.0017603926	0.0003893089	0.00032849124	0.0005174364	0.0024077694	0.00057415594	0.0005303985	0.0014499933	0.0014499933	0.00023896078	0.0028627028	0.0013964163	8.2744395e-05	0.0028627028	0.0024148307	0.012058039	0.019122776	0.0007048955	0.00054493477	0.00041983434	0.0014334563	0.007913391	0.00088399375	0.012066756	0.00025029125	0.007382845	0.00032521223	0.00013438452	0.000115564624	0.0019078118	0.00045463693	0.0007244494	0.00046563122	0.0001507053	0.002377789	0.0004828007	0.018897614	0.006076802	0.0006347032	0.011171971	0.0013134379	0.00045377857	0.11921803	-19.725215911865234
s03e11b	50.0	5.0	0.8269631	0.8269631	0.004629564	0.01069733	0.0007030532	0.002184094	0.015728522	0.0014114953	0.005167496	0.05964641	0.00038670987	5.1275005e-05	0.0009944641	0.012882884	0.0009781021	0.0008306361	0.0028135853	0.0006316873	0.0046256394	0.1180103	0.008713534	0.0038975114	0.00043228827	0.0011213982	0.00041430048	0.0011213982	0.32419035	0.01988313	0.0040639727	0.001170092	0.00061508425	0.0009230733	0.028058548	0.0015952697	0.0011103748	0.0011109711	0.0010417049	0.0011109711	0.0013849627	0.0011296931	0.000394576	0.0013849627	0.0010902742	0.0027993477	0.0062504755	0.00061975006	0.00042718102	0.00022606507	0.01395445	0.0032133046	0.00074017013	0.013695859	0.004070816	0.0034325125	0.002465858	0.00049633323	0.00019872274	4.8997197e-05	0.00017550342	0.0005884038	0.00084163167	0.00018318449	0.0018044662	0.01004047	0.0024219137	0.0145323565	0.014707041	0.010032156	0.0047561973	0.00019131835	0.014707041	-19.89814758300781
s03e11b	55.0	5.0	0.7901921	0.7901921	0.14186081	0.013024254	0.00070939114	0.0032474976	0.009903003	0.0011624957	0.0030703447	0.004872011	0.0008110181	0.00037097867	0.003114323	0.060510524	0.0025919382	0.00034535624	0.008186651	0.00038567386	0.010511297	0.02113538	0.00944693	0.0058505265	0.0010143762	0.008393107	0.0025344926	0.008393107	0.05592572	0.012210847	0.003533968	0.0011808792	0.00051772426	0.0010924736	0.0032491756	0.00029717345	0.00038530125	0.0023458358	0.0019648764	0.0007366717	0.0013243475	0.0017046259	0.00017016793	0.0017046259	0.0017004083	0.0046177884	0.001695076	0.00039340457	0.00057061506	0.00091628096	0.0018440149	0.002305325	0.00050432124	0.01979224	0.00019888025	0.025734466	0.0006891671	0.0012838923	0.00015513925	0.001869341	0.0006528417	0.002287994	0.001449506	0.00020157706	0.005894591	0.0016332353	0.001114339	0.007609336	0.0004091519	0.019386673	0.0071989046	0.00039662246	0.3697719	-23.001766204833984
s03e11b	60.0	5.0	0.86058587	0.86058587	0.049162585	0.048652556	0.00028269336	0.004581017	0.09907605	0.0016787705	0.0017573527	0.0024484664	0.0009534636	0.00046618545	0.0029109572	0.0018699104	0.004264388	0.0009388456	0.0013603852	0.0007664483	0.0013897781	0.020664075	0.0085159	0.005352397	0.0016372927	0.004893772	0.001274495	0.005183065	0.06193885	0.0104883835	0.004896146	0.0009241504	0.000421004	0.0010814886	0.0034690069	0.00033734285	0.00047496002	0.0017059775	0.0015833246	0.0017059775	0.004308901	0.0020991876	0.00038365333	0.004308901	0.00082029466	0.004727447	0.0054537035	0.0008861594	0.0012222904	0.0014503932	0.00258891	0.00091280026	0.0023017796	0.0022679144	0.00044917394	0.000707554	0.00061470916	0.0040149167	0.000938953	0.0069961986	0.0008993732	0.001024956	0.0012695906	0.00037663052	0.0015350292	0.0011213137	0.000861925	0.0025932698	0.0016373293	0.0021942558	0.0024388838	0.0002697092	0.0029190623	-22.30509757995605
s03e11b	65.0	5.0	0.6660697	0.6660697	0.017037872	0.025287319	0.00078014366	0.0011365283	0.007086074	0.0010959014	0.002812871	0.0018604269	0.0006204853	0.00017115929	0.01643997	0.012665253	0.0019113818	7.627896e-05	0.00088678574	0.00029392465	0.00035346605	0.001830264	0.019305566	0.019305566	0.0025448678	0.006834019	0.0019152837	0.006834019	0.051894534	0.0101439385	0.0038245488	0.0011695492	0.0007760918	0.0010117394	0.0016248703	0.00029946413	0.0005529014	0.0014370469	0.0008091211	0.000761619	0.0007933249	0.00044225575	0.00023965852	0.0007933249	0.0011180456	0.0056897905	0.003935712	9.919964e-05	0.0002371543	0.00068105554	0.000739191	0.0010413775	0.00080589467	0.011348246	0.0016552205	0.0053062597	0.005905454	0.018522477	0.0012102386	0.020938937	0.0014789425	0.0019058897	0.0042693554	0.000108561406	0.010249492	0.0033050836	0.001555739	0.0038972392	0.0006658543	0.0060087456	0.0030304845	0.00019594243	0.111548714	-21.815568923950195
s03e11b	70.0	5.0	0.8315171	0.8315171	0.005525477	0.00852087	0.0003600607	0.0012443555	0.2186927	0.0004398379	0.0016239872	0.0013468721	0.000900493	0.00011791684	0.0011053418	0.009013897	0.002441385	0.0018643013	0.0024436426	0.0017041472	0.0017022598	0.019842623	0.0068384316	0.0014745838	0.0031935165	0.0014339314	0.0004064253	0.0014339314	0.054365087	0.00205602	0.0008712465	0.00043373607	0.00036427702	0.00040395668	0.0012804192	9.3139e-05	0.0005194083	0.002255333	0.0018398646	0.002255333	0.0064535304	0.0037191636	0.00044928785	0.0064535304	0.0024716107	0.007444517	0.044545166	0.0017480337	0.0013438482	0.00034065108	0.004916927	0.0009383672	0.0153096905	0.024241334	0.00024178221	0.0016854344	0.0012765785	0.0026738045	0.0025103288	0.0013559535	0.0009996826	0.0008916486	0.00054302305	0.00050639187	0.0017096096	0.0014682483	0.00070965686	0.010397221	0.00077470345	0.005242215	0.006717584	0.00017550493	0.010397221	-24.0660457611084
s03e11b	75.0	5.0	0.78730744	0.78730744	0.05599902	0.02015264	0.00045594762	0.002197436	0.005583673	0.0005819025	0.0010788024	0.0021188708	0.0009800424	0.00044510022	0.005276694	0.045359995	0.0016361083	0.00025882464	0.0012407948	0.0026378226	0.009312797	0.008636577	0.012638092	0.012638092	0.0013133404	0.0051676105	0.0032230003	0.0051676105	0.060528632	0.012359396	0.0038781622	0.0014071454	0.00072133413	0.0013540747	0.003812498	0.000454309	0.0004305347	0.011862624	0.0054216953	0.011765063	0.01866803	0.0077458587	0.0019905013	0.01866803	0.002040909	0.028615667	0.0058069928	0.0006009252	0.0006243721	0.0012521418	0.003929899	0.0029377886	0.0024733641	0.0050077746	0.00027686445	0.005161753	0.00085332216	0.006318746	0.00068678934	0.005785409	0.00034220828	0.0012207058	0.0005616184	0.00044718792	0.005961012	0.0020361827	0.00888586	0.003077508	0.0016142665	0.063438974	0.0024965913	0.00015059813	0.01208578	-23.796085357666016
s03e11b	80.0	5.0	0.8176705	0.8176705	0.028180333	0.027392084	0.00046468986	0.00046137054	0.0011390711	0.00068963715	0.0024034886	0.00093757984	0.00073645415	0.000492226	0.00075215596	0.002834308	0.00089060806	5.4439086e-05	0.00032334522	0.0003434234	0.00022817358	0.0009513815	0.0034208521	0.0034208521	0.00076009746	0.010601904	0.0017585626	0.010601904	0.047766745	0.009169263	0.0034720649	0.0011962776	0.0006957179	0.0023262326	0.0019812088	0.00048003494	0.00043832586	0.0012688356	0.0005239801	0.00121269	0.00046589406	0.00024338155	0.00037508228	0.00046589406	0.0010048696	0.002934631	0.005669209	0.00017563954	0.000738164	0.0016420245	0.0012654195	0.00037242423	0.0017168181	0.0013410941	0.0005506741	0.0008946646	0.0005712133	0.06732243	0.0011168353	0.0033327339	0.00017551296	0.0014521795	0.0024270099	0.00023807614	0.009409941	0.0015435626	0.00088512315	0.00048832706	0.00056898117	0.0024515942	0.0013736547	0.000121678844	0.011846013	-23.314695358276367
s03e11b	85.0	5.0	0.9271729	0.9271729	0.08738569	0.02946813	0.0010481213	0.00132593	0.0048002647	0.0013557186	0.0012738397	0.0043740496	0.001767224	0.0005398155	0.0012688852	0.009463924	0.0027428	0.00023543621	0.0007370727	0.0017772779	0.0006735958	0.00085238594	0.033818576	0.033818576	0.004517184	0.0071770926	0.003509495	0.015251823	0.0622062	0.004723014	0.0018470541	0.0010884373	0.00028985893	0.00063516916	0.0011955064	0.00036041785	0.0001793059	0.0054522217	0.00054410356	0.0014215824	0.0010597435	0.00042034633	0.0002145041	0.0010597435	0.00074615306	0.0029517694	0.0030160549	8.2735634e-05	0.00026886194	0.00031049325	0.00065834256	0.00088750257	0.0007466619	0.0055191587	0.0006513775	0.003331741	0.00045950097	0.0043020793	0.0003131229	0.0012116567	0.00032854886	0.001632053	0.0024102621	0.0006001582	0.0038157587	0.0008195006	0.0012665669	0.0013552615	0.000494258	0.0058966507	0.0032093893	0.0003591356	0.006076549	-23.282644271850582
s03e11b	90.0	5.0	0.79002124	0.79002124	0.020708544	0.008376523	0.00017629238	0.002480288	0.16448912	0.00068708294	0.0017041821	0.00077085645	0.00047931756	0.00019883666	0.0024049229	0.0050823097	0.0066602593	0.00073114096	0.0014595753	0.0012268254	0.0032901277	0.043865103	0.02628098	0.0016965299	0.0017365986	0.0059264097	0.00093986234	0.0059264097	0.024441559	0.0043411786	0.002049604	0.0010479001	0.00043633793	0.00091756345	0.002407607	0.00016213206	0.00020490175	0.0037831278	0.0037831278	0.0023188516	0.0069197714	0.009969573	0.00044294982	0.009969573	0.0018852378	0.013102032	0.018929284	0.0013730603	0.00069874286	0.0006435031	0.00481466	0.0021858925	0.0112022385	0.0049666897	0.000121074336	0.0014758123	0.0011207456	0.0016606078	0.0011546881	0.006640581	0.002689856	0.000996152	0.00016437718	0.0003078816	0.0018547182	0.0019018177	0.000718436	0.0018152257	0.0013999708	0.0039722305	0.0024021126	0.00033104405	0.0075487704	-22.09092712402344
s03e11b	95.0	5.0	0.017493093	0.017493093	0.0002609862	8.490199e-05	0.00026552708	0.003141338	0.00012545577	0.0001964966	0.008573456	0.0006229666	0.00038948763	6.6369925e-05	0.0002317505	0.00077534374	0.00027120244	0.00016445966	0.00018571028	0.00033402024	0.0019533304	0.007159751	0.0007881942	0.0007881942	0.0004403245	0.0010929358	0.0005440224	0.0010929358	0.86918175	0.58074	0.53946304	0.0011910144	0.0003841507	0.0017261575	0.042525932	0.0005557376	0.01461203	0.0028647901	0.0013538541	0.0028647901	0.0005615596	0.0019507043	0.002293709	0.0019507043	0.0005765488	0.0023347638	0.025000513	0.0013705773	0.0012386504	0.0008145518	0.0030432236	0.0005651601	0.0012274781	0.00096791226	0.00014734043	0.0019309775	0.0018935303	0.0005059851	0.0001518072	0.00014405807	0.0005911317	0.00081495044	0.000111363224	0.00012528626	0.0006492541	0.00069738843	0.0025948233	0.0022306535	0.0010499981	0.0011876577	0.0009234243	0.00026174824	0.008330892	-23.276905059814453
s03e11b	100.0	5.0	0.38449904	0.38449904	0.005046942	0.0007714016	0.00044527592	0.0017543647	0.017200593	0.00088992907	0.002575079	0.0011041767	0.00075664587	4.698513e-05	0.000704408	0.011743599	0.00041119175	0.00048071996	0.00077799003	0.00020618268	0.0018980922	0.006190593	0.0027698972	0.001617338	0.0008120269	0.0016076396	0.0023590478	0.0023590478	0.0478541	0.00800811	0.0047530206	0.0007006229	0.00026352383	0.00061604526	0.00836895	0.0013872345	0.00030355222	0.0015020466	0.0015020466	0.0006204699	0.00030372417	0.00060133595	0.00024935612	0.00060133595	0.001964755	0.0035871882	0.0075912997	0.00038983647	0.0003136661	0.00013825606	0.0015473939	0.007496504	0.006121595	0.02133532	0.0010325212	0.007983008	0.0015691343	0.00032234768	0.0002767372	0.00015277111	0.00046393258	0.0005727944	0.0015796543	6.48207e-05	0.0022795624	0.008328702	0.023843827	0.017216738	0.009605495	0.01120972	0.009458396	0.0024284015	0.038259048	-25.83209991455078
s03e11b	105.0	5.0	0.7418781	0.7418781	0.005613618	0.0006641174	0.0017421327	0.0026698732	0.014164413	0.0066975695	0.0019336481	0.005911876	0.0023098807	0.00016475191	0.0014147243	0.002970788	0.002565396	0.00012744489	0.0011511457	2.9253342e-05	0.00020675496	0.0018809878	0.009171473	0.009171473	0.0015759112	0.0043598004	0.0019005691	0.004998664	0.0186603	0.0016235652	0.0005750322	0.00031027486	6.807786e-05	0.0002107349	0.0007012666	0.0001931487	0.00016641809	0.0008608104	0.00070885586	0.0003017713	0.0011780738	0.00051967526	8.318839e-05	0.0011780738	0.0015028785	0.009444329	0.13225578	0.0010175509	0.005156403	0.0007161887	0.0035530257	0.0017180003	0.005466552	0.4270591	0.0002847261	0.005405397	0.0006298991	0.005755071	0.0011457272	0.00016857557	0.04291666	0.005540871	0.00044574944	0.0005525231	0.015552699	0.0024311002	0.004031758	0.029409142	0.0007780942	0.0011278839	0.009341409	0.0005275041	0.029409142	-23.786788940429688
s03e11b	110.0	5.0	0.8061669	0.8061669	0.097896874	0.009273444	0.0005669576	0.0030060604	0.28450185	0.0025259857	0.0009281735	0.00088090124	0.0009361187	0.00059964816	0.0035118735	0.0068782284	0.0027362418	0.00089863816	0.0011472469	0.00026664688	0.004925006	0.07106844	0.0050526266	0.0025522693	0.003585774	0.0044983374	0.002610633	0.0062445253	0.04475308	0.01005872	0.004895268	0.0015193159	0.00056411955	0.0020233497	0.0037411582	0.0004329219	0.00030753983	0.010042447	0.010042447	0.0074262675	0.023962213	0.024667889	0.0014595884	0.024667889	0.0042417985	0.028545264	0.015259035	0.0072556576	0.0016984983	0.0016269834	0.01068938	0.0017155274	0.0036318793	0.0031170808	0.00032118475	0.0006777185	0.00085891323	0.011882847	0.00046009666	0.0035096887	0.002266922	0.0009733582	0.0016184596	0.0004253188	0.0033494842	0.002587498	0.001888948	0.0022971532	0.0024994703	0.008164388	0.0024414537	0.00035025904	0.0052072406	-21.74267196655273
s03e11b	115.0	5.0	0.8336791	0.8336791	0.05819264	0.0064032874	0.0005044345	0.0011229438	0.16256216	0.001008935	0.0013016026	0.001473439	0.00034658352	0.00031125022	0.0033203948	0.0032652416	0.0021471535	0.0014953953	0.0008474741	0.00012642695	0.002042683	0.017908495	0.0033192933	0.0014218958	0.0020350572	0.014265758	0.002961843	0.014265758	0.032123588	0.008263939	0.004986422	0.0012993074	0.00030338558	0.0011541146	0.002466088	0.0003565788	0.00028166914	0.006251785	0.0043006926	0.006251785	0.009083822	0.008396588	0.0009661075	0.009083822	0.002063691	0.013619067	0.020641	0.0042167893	0.0019028174	0.0013470312	0.011595832	0.0034820358	0.002194215	0.007952893	0.00044100545	0.0010841262	0.00059062877	0.0014038954	0.00016125201	0.005265406	0.0016271292	0.0014432501	0.00058517174	0.00024776405	0.0021052554	0.0020990118	0.0010434253	0.0015753853	0.002010808	0.0062416643	0.0008850962	0.0005100629	0.004906267	-23.09858512878418
s03e11b	120.0	5.0	0.805101	0.805101	0.017213486	0.0014498843	0.00042898717	0.0010580891	0.016195152	0.003320625	0.0018555059	0.00092160923	0.0021466785	0.00037866444	0.02063546	0.0067086373	0.0018630667	0.0010435003	0.0002709037	0.00041509073	0.00048266244	0.0036969606	0.009111738	0.009111738	0.0015745357	0.007330606	0.0022327174	0.007330606	0.04950614	0.0059773996	0.0023539707	0.0009509805	0.0003580543	0.00087705033	0.0030681533	0.000116743104	0.00019439991	0.0066623576	0.0037170248	0.0066623576	0.0008304078	0.0012854402	0.0023418386	0.0012854402	0.005265498	0.008210318	0.034034893	0.000599695	0.0009367767	0.00058859505	0.007339626	0.0038155233	0.008013336	0.32016778	0.00034945674	0.069064274	0.00073112873	0.0015910313	0.00012009283	0.00039400187	0.002451977	0.0005255748	0.00076111616	0.00024057797	0.009364473	0.006083995	0.0058566118	0.03863824	0.0007599479	0.0018042567	0.0011102078	0.0008700805	0.03863824	-24.99936866760254
s03e11b	125.0	5.0	0.8775074	0.8775074	0.014689595	0.0059795477	0.0002436869	0.00027368878	0.0010234124	0.0002349758	0.0012546577	0.0005969256	0.00016543952	0.00013454646	0.012602453	0.002046385	0.0007262539	3.6620782e-05	0.00095887907	0.0004318426	0.00017906024	0.0008566602	0.0020898152	0.0006520253	0.00080831087	0.0012739222	0.0009847765	0.0017648855	0.04610905	0.012621455	0.005795733	0.0018160794	0.0005854194	0.0023339454	0.0023072911	0.0005898117	0.00037537597	0.0015005685	0.000549176	0.000884844	0.00084190554	0.00023094319	0.00020831583	0.00084190554	0.0016135827	0.0029295788	0.0024056379	8.335746e-05	0.0002604309	0.0003127628	0.0010794624	0.0008112368	0.0015302162	0.007849373	0.0010081759	0.0035738782	0.0027368327	0.0072116074	0.0012089711	0.008997368	0.0005968963	0.0010349562	0.0017577207	0.000112994065	0.015883554	0.006038961	0.00064434117	0.0007510097	0.0029535324	0.0056402874	0.0023472426	0.00031222028	0.015883554	-24.24848747253418
s03e11b	130.0	5.0	0.86884725	0.86884725	0.036855288	0.006458424	0.0007710493	0.0040909885	0.30651492	0.000637907	0.0017188771	0.0013449148	0.00055150344	0.00035108748	0.0010105718	0.005268851	0.00875976	0.00066976715	0.0014634562	0.0010058221	0.0057244087	0.27529246	0.0075946953	0.004780233	0.0014302684	0.0024999434	0.0014751717	0.0047836825	0.03152185	0.009954233	0.0057853707	0.0009423659	0.000312117	0.0010845466	0.0028306164	0.00031706775	0.00037607495	0.0008927707	0.00045769644	0.0008927707	0.0024646618	0.0006305928	0.00030568187	0.0024646618	0.0008630583	0.004658989	0.0059317946	0.0004917228	0.0007411308	0.00049027964	0.0021470555	0.0017676918	0.00900928	0.011163678	0.0012267868	0.0012584283	0.0013388647	0.006149943	0.00017600233	0.0026777568	0.0009752333	0.001024672	0.00051494973	0.00023323389	0.0055875	0.0018627031	0.0010821007	0.0019476032	0.0023543527	0.003219649	0.0029602393	0.00048585556	0.0055875	-24.58321762084961
s03e11b	135.0	5.0	0.82726127	0.82726127	0.054650877	0.009792902	0.00057016296	0.003467043	0.23385909	0.0007936221	0.0007247163	0.0011080644	0.00034540528	0.0003511894	0.001952993	0.004545546	0.0017536659	0.00037379866	0.0021053788	0.0010076895	0.004816182	0.023294713	0.0065893596	0.0037077847	0.0017203636	0.014748902	0.0030851422	0.014748902	0.037234813	0.012150317	0.009490984	0.0015496131	0.000528255	0.0018033638	0.002686964	0.0007268719	0.00029879564	0.0038670576	0.0038670576	0.0027220296	0.008613113	0.0073078717	0.00036527283	0.008613113	0.0015347785	0.013723682	0.019504925	0.0029015017	0.0010662326	0.0011213826	0.0037155503	0.0021462638	0.0051058508	0.0062471176	0.00042215557	0.00091710244	0.0009397334	0.005483912	0.0007240332	0.011400558	0.0011269744	0.0010276302	0.00063494395	0.00048814414	0.0034219134	0.0028754482	0.0009918648	0.003760466	0.0014758417	0.0064385873	0.0042269547	0.00012178075	0.018341191	-24.176252365112305
s03e11b	140.0	5.0	0.18711409	0.18711409	0.00068047224	0.00037308698	0.0034564096	0.00044483427	0.0019633397	0.0011942845	0.002089473	0.0013154035	0.00015980005	0.00010525418	0.0003903833	0.0016060591	0.014328044	0.00016124878	7.598326e-05	0.00021425719	0.00022794136	0.000512668	0.0051970836	0.0011878744	0.0012843704	0.001791953	0.000377682	0.0029984813	0.008885895	0.0036134284	0.0016960074	0.0006911472	0.00042782573	0.0008774427	0.0010102945	0.00033035077	0.00014298924	0.0014179905	0.0014179905	0.00034161145	0.0005171231	0.00026950744	0.00025477677	0.0005171231	0.0008568827	0.0040382254	0.003993981	0.000102232174	0.00023133897	0.00031403953	0.0017752816	0.0043974337	0.0017151337	0.0045043584	8.1185586e-05	0.00075213227	0.23153405	0.00029201803	2.9133294e-05	0.00016063325	0.00051960937	0.00019545038	0.00013964727	0.0001691704	0.3646908	0.015867364	0.00065189914	0.0023953426	0.008375426	0.012076253	0.0008994606	0.0001529361	0.3646908	-26.75588607788086
s03e11b	145.0	5.0	0.41508648	0.41508648	0.003935738	0.0012265111	0.003604848	0.014579105	0.016066298	0.0075244885	0.0130841825	0.1850345	0.00026876968	0.00026178916	0.0011774937	0.015881063	0.0009523587	0.00031965494	0.002026576	0.0033401882	0.17732945	0.37991634	0.0021716263	0.00081431854	0.0020296162	0.003902593	0.0021599075	0.003902593	0.50029427	0.077755414	0.019230194	0.001939268	0.0014426865	0.0038785823	0.03188805	0.00075968215	0.0044265874	0.0026922044	0.0026922044	0.0007024799	0.006329216	0.003929623	0.00038128466	0.006329216	0.00062216946	0.020476673	0.022040013	0.0008274717	0.0020609098	0.00092141517	0.0033401104	0.0013571623	0.0027739198	0.000594989	0.00017045897	0.0003439083	0.0017809803	0.00020874114	9.6577096e-05	0.00016960407	0.00034235348	0.007940627	0.0006612174	0.00017219252	0.00061061356	0.00021146715	0.0012563715	0.0030727116	0.00014454655	0.009195566	0.0003458198	0.0008749311	0.0057970383	-19.39777183532715
s03e11b	150.0	5.0	0.9103133	0.9103133	0.015546712	0.0429405	0.0009770693	0.004136004	0.09346144	0.008590519	0.0018115263	0.016134499	0.0011028145	0.0006477948	0.0020501134	0.0036091958	0.00541142	0.0019316108	0.0010616321	0.0003750392	0.0013631813	0.15988559	0.03159452	0.010791651	0.0018066448	0.0026412597	0.0019292764	0.0026412597	0.10750963	0.005505383	0.0018405793	0.0008747702	0.0004456808	0.0011214638	0.0015806517	0.0011093626	0.0008101696	0.0009632256	0.000918337	0.000890013	0.0061960723	0.0016090071	0.00024512698	0.0061960723	0.0009946347	0.006016289	0.005928905	0.00053929817	0.0007521632	0.0010592539	0.0020184424	0.00401391	0.0013695458	0.0024398386	0.0027323724	0.0014627916	0.000560877	0.0038312532	0.00027103288	0.0046714526	0.0005447494	0.0011448474	0.0017800021	0.00025830028	0.0028690158	0.00058580877	0.0011320248	0.0027348525	0.0040443996	0.0075996458	0.00513135	0.00048223525	0.00513135	-23.73273468017578
s03e11b	155.0	5.0	0.8670257	0.8670257	0.030254202	0.045682512	0.0016735236	0.002305973	0.1612243	0.003442922	0.00517974	0.025719652	0.0024868927	0.00040603513	0.003147822	0.0058592083	0.005862667	0.004579495	0.0027788563	0.0009974968	0.003255787	0.037619364	0.013235632	0.013235632	0.0025981253	0.007030119	0.0048203752	0.007030119	0.04652969	0.0040127663	0.0015791061	0.0013295176	0.00025832787	0.0010945846	0.0010846158	0.0005270834	0.00050316454	0.0023380904	0.0011558986	0.0014308145	0.0044132066	0.0015618482	0.00047998832	0.0044132066	0.001317107	0.0035402318	0.006214978	0.00088227505	0.0015134498	0.0007322566	0.010220794	0.0029261822	0.0018924203	0.009154437	0.0019502633	0.004683714	0.0010891706	0.0036093225	0.00037622396	0.0059962417	0.00075953954	0.0010854407	0.0010156019	0.00034350067	0.0030452178	0.000836203	0.0014408206	0.0048443936	0.0027013805	0.0027170624	0.008695249	0.0003171554	0.008695249	-26.22290802001953
s03e11b	160.0	5.0	0.871677	0.871677	0.021255028	0.01184536	0.00087796414	0.00053072197	0.010913846	0.0010743707	0.0010155115	0.009459531	0.0004925874	0.0002671013	0.0026012522	0.025611743	0.0035440489	0.0005924067	0.0004617863	0.00041166792	0.0007326482	0.005088045	0.022746295	0.022746295	0.0029956475	0.006831618	0.00919594	0.00919594	0.104923606	0.011645754	0.0032738866	0.0012395851	0.00035696485	0.000967315	0.0037206253	0.00030692207	0.00040789088	0.006609695	0.006609695	0.005812284	0.013259056	0.0060330792	0.00074334047	0.013259056	0.0017724539	0.044138405	0.004047483	0.00040211593	0.0004229842	0.00037402465	0.0024681487	0.0031059638	0.00064555235	0.009255394	0.0003719013	0.0038897735	0.0009992546	0.0015366101	0.00033740475	0.0059801573	0.00013002873	0.0005040029	0.00039401255	0.00053450256	0.008316403	0.001284064	0.00048501109	0.0010640074	0.0011448299	0.06763447	0.0022508898	0.00018557771	0.008316403	-22.83582305908203
s03e11b	165.0	5.0	0.86348355	0.86348355	0.01663194	0.018691765	0.008306778	0.00063021673	0.00304189	0.0074696774	0.0033179938	0.018179666	0.0033732506	0.0003852647	0.009362703	0.007812487	0.004895514	0.00038163032	0.001647772	0.00066225795	0.0007801173	0.0005766436	0.022326296	0.02132735	0.0050061974	0.0044816933	0.0073823766	0.0073823766	0.6189783	0.030845711	0.0040130233	0.0032242432	0.00088559557	0.0028813358	0.0016829274	0.00096052996	0.0015391229	0.06455487	0.0024547088	0.04831378	0.033955194	0.004928587	0.0026012596	0.033955194	0.0011442489	0.011900239	0.00073260523	4.4308483e-05	0.0003073912	0.00018208183	0.00072434376	0.0007192258	0.0001869609	0.0010888345	0.0017057128	0.002687933	0.0007957523	0.004618295	0.00020194316	0.0044834847	5.9235255e-05	0.0004818853	0.0009377098	0.00049596286	0.006567372	0.0006215492	0.00015629471	0.00064184784	0.0018019362	0.014574995	0.010899772	0.00027231345	0.010899772	-23.62258529663086
s03e11b	170.0	5.0	0.8482443	0.8482443	0.015800519	0.12038218	0.00026328224	0.00046587404	0.07757397	0.0012418376	0.0018226816	0.015525388	0.0021074605	0.00026954082	0.002901539	0.00695838	0.0022075188	0.0013102569	0.0005380487	0.0007667924	0.00091475004	0.009393424	0.021162042	0.0043793065	0.0018436972	0.0013479848	0.00055074913	0.0026360017	0.04708867	0.002900954	0.0011122524	0.0006281802	0.00041768508	0.00059038395	0.0013229406	0.0003819768	0.00014492884	0.0073262597	0.005547865	0.0073262597	0.007285469	0.0063725472	0.0024613359	0.007285469	0.0010499787	0.016920933	0.020584153	0.0025981155	0.001452508	0.00029909663	0.03601174	0.002355429	0.0062839794	0.007785309	0.00061008625	0.0027727566	0.0007725283	0.0030670303	0.00023004081	0.0025471842	0.00076062244	0.00053272006	0.0012527723	0.0007890573	0.0031815488	0.0009556472	0.0006722436	0.001002087	0.0054171486	0.00914036	0.0012920302	0.0002157543	0.012099519	-24.49266815185547
s03e11b	175.0	5.0	0.8316389	0.8316389	0.14391257	0.14964382	0.0005495745	0.005534175	0.009686674	0.008803292	0.0036670521	0.0042557367	0.0012222904	0.00023281865	0.0017125851	0.010998131	0.0007565983	0.0003945335	0.00082858984	0.0006505976	0.00043294666	0.013134713	0.0070708925	0.0070708925	0.0013656386	0.0019245645	0.0009921947	0.005181217	0.024746839	0.0036544898	0.0011717578	0.00057570403	0.0005321238	0.00056454586	0.0015385103	0.0005782758	0.00030184872	0.0021551442	0.00080592505	0.0007250824	0.00091354724	0.0006275633	0.00016668998	0.00091354724	0.00071591133	0.0040829224	0.008032412	0.00035970355	0.00068570045	0.0012208429	0.0018548577	0.00089748943	0.0016835204	0.0019178643	0.00034430527	0.0013175224	0.00078194676	0.030676844	0.00039878787	0.0023418262	0.00045318183	0.0008553055	0.004459429	0.0003043236	0.0025023252	0.0010315134	0.00049769925	0.0011266888	0.00033093613	0.0056572896	0.0027163	0.00023629166	0.015123631	-22.547840118408203
s03e11b	180.0	5.0	0.912652	0.912652	0.011922552	0.058371387	0.00031136596	0.0015792459	0.10199402	0.0036647497	0.005986155	0.015753819	0.00071174017	0.00012057443	0.004132461	0.0034266	0.11614998	0.007159022	0.00079875084	0.0006978272	0.00078480766	0.034434315	0.025254395	0.011797884	0.0034405733	0.0046836357	0.00093967165	0.0046836357	0.14895138	0.012474988	0.0033914978	0.0020908196	0.0008712199	0.0023453427	0.0040484387	0.00036642846	0.001030431	0.00076730485	0.0005965403	0.00076730485	0.001871035	0.0004926928	0.0004104935	0.001871035	0.0005299463	0.0024722116	0.00592007	0.0003243783	0.0006194123	0.0005934513	0.002666886	0.0019471879	0.0028312611	0.0028132896	0.000492736	0.0037117768	0.0005384968	0.010117576	0.0007589828	0.00088054664	0.0002332408	0.00044049122	0.0002452614	0.00047692802	0.0028515847	0.0006510795	0.0009818026	0.0018948736	0.0020274413	0.0015369692	0.001953547	0.00011417899	0.0028515847	-23.796459197998047
s03e11b	185.0	5.0	0.8775321	0.8775321	0.0063637244	0.027278615	0.00045385797	0.001877537	0.04717059	0.0022435158	0.001950537	0.012229369	0.0009472223	0.00020176187	0.0013714802	0.0032653161	0.005181994	0.00023732259	0.0012580418	0.0006977128	0.0035030707	0.014552365	0.043856513	0.043856513	0.0014982446	0.0022229182	0.001784817	0.0023506037	0.25826493	0.00787535	0.0015917344	0.0012595904	0.0008680852	0.0013283956	0.0020560005	0.00064849126	0.0011631432	0.004172037	0.0010573963	0.004172037	0.04024835	0.0033390122	0.0007350449	0.04024835	0.0014012734	0.01852769	0.0073152124	0.00079245114	0.0004982088	0.0005015831	0.002032569	0.0035388898	0.0022566284	0.0052406485	0.0018646608	0.00063975307	0.00054518675	0.0071638436	0.001754606	0.03369346	0.0005321537	0.00071068015	0.0006414781	0.00014898615	0.0040697455	0.0016967673	0.00082448014	0.002662329	0.00091208826	0.10713154	0.0060076523	0.00018670136	0.025857102	-22.02385902404785
s03e11b	190.0	5.0	0.6748269	0.6748269	0.014914187	0.064094305	0.0003365709	0.0011175643	0.0010567503	0.0011432203	0.0039242194	0.0057741744	0.00030891478	0.00035546656	0.0025962994	0.017513297	0.0016187431	0.00011169888	0.0012214141	0.0003492829	0.00039076983	0.004829451	0.02700692	0.007517693	0.0018680886	0.011998913	0.004935416	0.011998913	0.2809913	0.022224506	0.0027111922	0.008887025	0.006657692	0.010374304	0.0022935062	0.0016344269	0.0011329752	0.011729379	0.009386274	0.011729379	0.0071996823	0.0070437263	0.0031928562	0.0071996823	0.0034517793	0.023928422	0.016257629	0.0012133296	0.0014979993	0.001639063	0.0047846404	0.003899917	0.0016467604	0.002290075	0.013249708	0.0049007176	0.0017138509	0.0062637613	0.0006102328	0.006055283	0.00031520633	0.006091482	0.03969993	0.00026899093	0.011118232	0.0013549738	0.001687259	0.0023060422	0.0030647498	0.010437238	0.008876274	0.00017488252	0.046116814	-22.86227035522461
s03e11b	195.0	5.0	0.81201154	0.81201154	0.018462455	0.01768322	0.0015603453	0.006368013	0.12741983	0.016609985	0.0023837506	0.0076427525	0.007843419	0.0009911376	0.0032648663	0.0045576817	0.004305925	0.005403442	0.0003770974	0.0003014633	0.0012546339	0.047922924	0.020285543	0.020285543	0.0044926438	0.0071174074	0.0012619796	0.0071174074	0.092821114	0.004251085	0.0015633822	0.00088002323	0.00045627437	0.0013324667	0.0012605103	0.0018471507	0.00059823244	0.0014070596	0.0014070596	0.0007474479	0.0014333233	0.00162156	0.00030915134	0.00162156	0.0013662304	0.0069720144	0.0046190685	0.001541835	0.0047966256	0.0009615239	0.016194968	0.0028959105	0.001445649	0.0027855518	0.0010108791	0.00076397706	0.0011327082	0.002527144	6.816406e-05	0.0015071967	0.0005878802	0.0011528363	0.0023830964	0.0015648343	0.0060617384	0.0004109241	0.0018260734	0.0032083413	0.0058257235	0.0044361656	0.0070433933	0.00073680026	0.0070433933	-24.998933792114254
s03e11b	200.0	5.0	0.73101366	0.73101366	0.00086693204	0.004474349	0.001934276	0.0009166617	0.002218315	0.0022368364	0.0011894602	0.019835642	0.00019057989	0.00015893918	0.009046587	0.0022379276	0.019395877	0.0038949356	0.0009185226	4.4152755e-05	5.9545506e-05	0.0036522697	0.0736256	0.0736256	0.0004044437	0.019087603	0.0039299587	0.019087603	0.027798949	0.0026620429	0.00052392227	0.00032168638	0.0001388976	0.00025631074	0.00168557	0.004920278	0.00028678216	0.001376216	0.001376216	0.0008948552	0.0012188822	0.00047516287	0.00065960735	0.0012188822	0.0027449138	0.0027267467	0.0041968897	0.00023598818	0.0004046593	0.00018744945	0.0013172514	0.006232907	0.00073673914	0.0044442574	0.000100187164	0.0019696439	0.010794451	0.00041115945	0.00018145874	0.000109029184	0.0010347171	0.00017654941	0.0002220591	0.00019804291	0.0010352441	0.022193534	0.007929377	0.0064807064	0.014095094	0.0024283945	0.004029974	0.00016577334	0.045793254	-27.388885498046875
s03e11b	205.0	5.0	0.88076884	0.88076884	0.021533033	0.16490051	0.0034824694	0.0039663087	0.0106447395	0.018570036	0.007978837	0.10460715	0.0011904197	0.0008857888	0.0038360953	0.0039250897	0.0038690695	0.0010203613	0.0039928015	0.00026984938	0.0004017523	0.008940016	0.024869483	0.024869483	0.001714316	0.004794596	0.004253494	0.0050831856	0.038027592	0.0037639332	0.001453833	0.0009618207	0.00068817346	0.000809184	0.00095360534	0.00068605336	0.0007487376	0.0033355402	0.0019630773	0.0021640623	0.005474911	0.0020517665	0.0005939957	0.005474911	0.002192008	0.0058963685	0.008798995	0.0002965101	0.000953818	0.0007024177	0.00105437	0.0028728954	0.0007101291	0.0019163068	0.0011549114	0.0011533392	0.0005202737	0.0047448846	0.0004468006	0.014359655	0.00026162175	0.0007083467	0.0031131094	0.000542255	0.0013781125	0.00028564862	0.0012081083	0.0023203283	0.0004462707	0.007142549	0.0013409569	0.0020884492	0.0029979455	-22.51943588256836
s03e11b	210.0	5.0	0.68802005	0.68802005	0.0049798544	0.06501576	0.00089423254	0.0008835256	0.0011389181	0.00064379233	0.0028123548	0.011095669	0.0006909414	0.00035752216	0.0024826333	0.0030550228	0.001995698	8.845032e-05	0.002516894	0.00036599976	0.00022937283	0.00084736507	0.018142134	0.0045698714	0.00092494674	0.0037131996	0.0031186873	0.0040580556	0.23086159	0.009763778	0.0019213614	0.0009776913	0.0006055263	0.0022478707	0.003785961	0.0043291254	0.0010505945	0.0078721205	0.0009620292	0.005147263	0.002523315	0.0009432561	0.0010208756	0.002523315	0.0016410009	0.0040089567	0.0037938247	0.00024164094	0.00043245827	0.0006017505	0.0021500417	0.0023336867	0.0013988807	0.0047348207	0.0017319112	0.0028831966	0.020816568	0.0041956143	0.00085903646	0.012833423	0.00031724616	0.0008479151	0.000682498	0.00024680377	0.03676135	0.0019294416	0.00044144897	0.00096792245	0.016233463	0.017238673	0.007528673	0.0003817178	0.03676135	-28.149311065673828
s03e11b	215.0	5.0	0.831079	0.831079	0.030782307	0.017952856	0.00023640321	0.0025988508	0.21325259	0.0031451017	0.00494685	0.0018355856	0.0025724263	0.0003166862	0.0012568275	0.0034876775	0.0041551664	0.0015639568	0.0011351024	0.0007807148	0.0031604655	0.24571483	0.00918416	0.00918416	0.0010540511	0.0016626755	0.0008585283	0.0016626755	0.05355301	0.008771477	0.0029892526	0.0012003228	0.00031036243	0.0011609758	0.001693076	0.0003113167	0.00028828855	0.0017651014	0.0017351089	0.0017651014	0.006625943	0.0031630488	0.0006394245	0.006625943	0.0009896213	0.007018821	0.00719607	0.0018669368	0.0007460823	0.00052120315	0.0034492558	0.002307124	0.0017496038	0.0062469253	0.00031474358	0.0010279445	0.00045805107	0.002920742	0.00028538378	0.002125497	0.00038921577	0.000850982	0.00040124668	0.00024282481	0.0016292281	0.00062103313	0.0013174213	0.005312492	0.0047104172	0.0032983173	0.0036853643	0.00028716165	0.006954885	-23.93439292907715
s03e11b	220.0	5.0	0.87784624	0.87784624	0.028032286	0.03202071	0.000776985	0.0038900343	0.021739146	0.01007773	0.0032887813	0.020414665	0.0008682622	0.0003163419	0.004844844	0.0090110265	0.0043945704	0.0012750735	0.0018945914	0.0005147515	0.0011818605	0.028973788	0.41134346	0.41134346	0.0008461056	0.0029117006	0.0035541249	0.0051206355	0.047873463	0.004333234	0.0016667924	0.0010869824	0.00090928766	0.0012878089	0.0026298885	0.00060391426	0.0007563103	0.001560858	0.0012335383	0.0012695041	0.0031324003	0.0010264306	0.00040576773	0.0031324003	0.0013944322	0.0056281863	0.008681885	0.00033022102	0.0014783877	0.00069144234	0.0012250702	0.0056235627	0.0007997543	0.0022276859	0.0021249996	0.0018941956	0.00039468228	0.0037424627	0.00038070243	0.014514087	0.0004500148	0.0006606624	0.0044106976	0.0002812473	0.0026256707	0.00089627213	0.0023354115	0.0032086219	0.00097126194	0.0057828533	0.0032691238	0.0005056207	0.0057618306	-22.954612731933597
s03e11b	225.0	5.0	0.86331505	0.86331505	0.0055187764	0.027463762	0.002880407	0.0017672763	0.009777503	0.016591761	0.0043703257	0.052088797	0.00016722869	0.00039983547	0.0049931128	0.005481759	0.32284617	0.0010703156	0.011811779	0.00010007861	0.00040170978	0.0020397652	0.0811476	0.0811476	0.0008190192	0.00516765	0.0014335663	0.00516765	0.029425036	0.00423251	0.0012655508	0.00043117028	0.0002997612	0.0005373991	0.0036016158	0.0004009903	0.00025379632	0.00043087447	0.0002966464	0.0002907191	0.0011794543	0.00015551025	6.9877235e-05	0.0011794543	0.0008957014	0.0010104068	0.00089504494	3.3746943e-05	0.00014941438	8.965821e-05	0.00022218045	0.0016157528	0.00026030306	0.004469025	0.00084806094	0.0047125057	0.0013847096	0.0005801174	0.0006682589	0.0014751337	0.00013843073	0.0006834971	0.0020869095	0.0002271694	0.0014747067	0.0011782601	0.00028964318	0.0016754996	0.0020715778	0.002394616	0.0075137704	0.00019188835	0.07537603	-22.98535919189453
s03e11b	230.0	5.0	0.8540473	0.8540473	0.008588007	0.06455537	0.0060847215	0.0027276818	0.009433379	0.035888802	0.0024680113	0.038893737	0.0066244737	0.00049887574	0.0037051947	0.001942768	0.001826634	0.00031134844	0.0007928927	0.000571697	0.00015853158	0.0043844217	0.10145535	0.10145535	0.0031137397	0.0061044614	0.004985233	0.0061044614	0.09392749	0.0046258126	0.0013250324	0.0008414941	0.001111116	0.0007324534	0.0013289403	0.00044582188	0.00050759426	0.0036384529	0.0015374918	0.0036384529	0.0027179953	0.0022405442	0.001161546	0.0027179953	0.0008422787	0.00762638	0.01645079	0.00018106832	0.00064217823	0.0005841525	0.0018134122	0.0012277103	0.0015091232	0.00095447665	0.001010591	0.0009621759	0.00029280924	0.007333494	0.0006892876	0.040825143	0.00045894072	0.00044095732	0.0035853754	0.0004631942	0.001601745	0.00060386764	0.00090444164	0.0012014861	0.00025458954	0.007889162	0.00060549664	0.00019866836	0.0030516554	-23.18353843688965
s03e11b	235.0	5.0	0.7839055	0.7839055	0.0076790825	0.012870773	0.0012374783	0.0033795661	0.071827106	0.009602012	0.003930123	0.0043420726	0.011386996	0.0003539533	0.0032704417	0.0018784702	0.001111502	0.000488598	0.00056612113	0.00036729302	0.0015469659	0.013169055	0.25810504	0.25810504	0.0021841978	0.0009649856	0.00073312735	0.0009649856	0.05268791	0.007823569	0.0025174168	0.0010840467	0.0003023853	0.0008436674	0.0026783985	0.00040849714	0.00048316832	0.00086236536	0.00056487526	0.00078557315	0.0014705788	0.00088624936	0.000372529	0.0014705788	0.0004222196	0.0019256511	0.0036465293	0.00021554416	0.00092281477	0.00066443277	0.004286026	0.0012412145	0.0008202846	0.0028128831	0.001056145	0.0005361535	0.00026686204	0.00098878	0.00039581588	0.0012027319	0.00070412573	0.0007305622	0.00050740916	0.00016585729	0.0010791426	0.0011017333	0.0006022224	0.0020812252	0.0011879586	0.001922234	0.0025571124	0.00023415792	0.009484199	-22.4227352142334
s03e11b	240.0	5.0	0.71587914	0.71587914	0.0033352755	0.012216583	0.002672988	0.002301508	0.010708595	0.0033607904	0.00083108695	0.015663192	0.0056423633	0.00023849237	0.0025516332	0.008325226	0.0012711617	0.0010016542	0.0007864394	0.00035189657	0.0006277918	0.0072296695	0.023423696	0.02030172	0.003759987	0.006128991	0.004606475	0.006128991	0.056256227	0.008509255	0.0038373491	0.0004912213	0.0001800055	0.00041883616	0.0014468018	0.0002627158	0.0003554557	0.0029228297	0.0027901651	0.0029228297	0.0019460013	0.002739312	0.0016288947	0.002739312	0.002078802	0.013804319	0.021263255	0.0007875117	0.00087019906	0.0005612219	0.004548568	0.0021957785	0.0019503373	0.011342207	0.00065642723	0.0014414479	0.0013226798	0.0039845062	0.0004868291	0.009129161	0.0008092056	0.0005327498	0.0031508731	0.00025940596	0.0038466784	0.001742491	0.002816088	0.0029554975	0.0011339044	0.0034503674	0.00201624	0.00010967349	0.010823512	-22.55333709716797
s03e11b	245.0	5.0	0.8747101	0.8747101	0.015078399	0.058526188	0.0018471385	0.0012400002	0.07653093	0.0018756597	0.003981116	0.14643183	0.002347985	0.00011882627	0.0029543722	0.0052415137	0.0018357569	0.0011971701	0.0036692305	0.00062187575	0.0065089087	0.022912802	0.007400618	0.007400618	0.0022853015	0.0022752394	0.0018944886	0.0022752394	0.022436026	0.003514675	0.0012973796	0.0011280333	0.00027685784	0.0008328723	0.0020622115	0.00026791746	0.00019530526	0.004640985	0.00087546394	0.004640985	0.0038048283	0.0009010432	0.0018774299	0.0038048283	0.0017942291	0.0026881886	0.0054373974	0.0006049322	0.0007411579	0.00014914849	0.018014206	0.0027414723	0.0019920527	0.013147229	0.0008452132	0.0040264823	0.0004782284	0.0013424405	0.0005885373	0.0009603021	0.0009618803	0.00041890287	0.000762364	0.0009797361	0.0036228935	0.000551753	0.0019330187	0.0066199284	0.0014250918	0.017349372	0.0025673404	0.00055820536	0.007897284	-22.432621002197266
s03e11b	250.0	5.0	0.8778251	0.8778251	0.0062006135	0.040349428	0.0018564024	0.004063521	0.06621506	0.01155261	0.002278784	0.03498137	0.0015712978	0.00032148525	0.0043380507	0.005410529	0.002064752	0.0013899958	0.004294431	0.0004466684	0.00054780836	0.035228733	0.010137085	0.009545481	0.0015315965	0.001016395	0.0012868097	0.0033005015	0.041262038	0.002134107	0.00083528843	0.0006153563	0.0003695077	0.00077290676	0.0010441158	0.00067962974	0.00029831802	0.002223972	0.002223972	0.001654996	0.0063351654	0.0025785533	0.0003063561	0.0063351654	0.0015077882	0.011148103	0.01696809	0.00066777505	0.0008362018	0.0007250862	0.005423097	0.0046154964	0.0045823953	0.046563085	0.0015442227	0.005334454	0.0010269148	0.001180724	0.0011928538	0.008495616	0.0016742613	0.0014377136	0.00051201845	0.00055938825	0.0045678196	0.0023242913	0.00067685934	0.012308691	0.0027313344	0.013518889	0.003511133	0.0010031649	0.012308691	-22.84940719604492
s03e11b	255.0	5.0	0.82241833	0.82241833	0.06205198	0.04098505	0.00020008901	0.014003751	0.15405616	0.0040397504	0.0056004627	0.0026045004	0.00096881186	0.00043264776	0.00089028315	0.003411154	0.0025558819	0.00079643354	0.001492671	0.000579754	0.0056487313	0.074630424	0.0049420237	0.002063098	0.0014365448	0.0010776555	0.0012770778	0.0012770778	0.08115391	0.010522864	0.0041960785	0.00094620395	0.00059526745	0.0009176295	0.003798003	0.0010034699	0.0013826065	0.0012047327	0.0012047327	0.0010542314	0.0042446353	0.0021483523	0.0004079887	0.0042446353	0.00093572855	0.009817853	0.024337253	0.002407244	0.0023457522	0.0020252785	0.0054434426	0.0013470773	0.002815329	0.0037858316	0.000688781	0.0012082355	0.00081707904	0.0066065276	0.0004418506	0.0032400016	0.0007428189	0.001620549	0.0012136301	0.0006846145	0.0023353004	0.0008175869	0.0010737584	0.00326452	0.0014713177	0.0041949633	0.0027377126	0.00047448484	0.0036674247	-23.443967819213867
s03e11b	260.0	5.0	0.88403565	0.88403565	0.04594825	0.08796513	0.0005855109	0.004981771	0.17469844	0.008108931	0.004106482	0.0078315055	0.00042353413	0.0006370418	0.00067088066	0.0029351986	0.0039280513	0.0013434573	0.0012489014	0.000553156	0.0035475804	0.08496002	0.0044174534	0.0037966336	0.0025963625	0.0009834489	0.0006646015	0.0022089016	0.07824995	0.0073059932	0.0025106322	0.0012409715	0.0009586092	0.0015036301	0.0038909304	0.00075844163	0.0008228927	0.0012162536	0.00086519826	0.0012162536	0.008740289	0.00179437	0.0002778338	0.008740289	0.0011679261	0.005254059	0.00634332	0.00067713036	0.0015686624	0.0015589605	0.0023344217	0.0012402372	0.002676257	0.001968686	0.0005924019	0.0006043657	0.00058747834	0.008524173	0.0007966449	0.0053063077	0.00049979676	0.0012570465	0.00088978535	0.00054454064	0.0013135117	0.0008493144	0.0010055797	0.0019874885	0.0010721576	0.0054952363	0.0026337372	0.00033703522	0.003370376	-22.37950325012207
s03e11b	265.0	5.0	0.8337038	0.8337038	0.01870061	0.031172447	0.00030952945	0.0051312353	0.31982404	0.0011381702	0.0029867156	0.0024673971	0.0010938878	0.0003433599	0.00039436016	0.00085519266	0.007767898	0.0010017429	0.0011294828	0.00045754598	0.003127415	0.026735736	0.0034858484	0.0014160338	0.002096219	0.0017477026	0.00050297397	0.0017477026	0.04956407	0.004946608	0.002163411	0.00097511726	0.0006407174	0.00091928564	0.002054417	0.00046717882	0.0005150059	0.0008298651	0.0002752736	0.0008298651	0.0012791442	0.00045846144	0.00019917326	0.0012791442	0.00062664825	0.0015590518	0.0024697257	0.00028937627	0.00056791597	0.0005135349	0.0031812845	0.00030661296	0.001879521	0.0038825325	0.0006752139	0.0010675077	0.00057133555	0.0069858106	0.00074156414	0.0031080155	0.0004244031	0.0008276863	0.0016124056	0.00035493085	0.000984294	0.000899563	0.00038896967	0.0007070208	0.0007574889	0.0022341148	0.0024978302	0.00012402331	0.0024978302	-23.003952026367188
s03e11b	270.0	5.0	0.9187719	0.9187719	0.010771186	0.160112	0.0017390695	0.0030863716	0.058508918	0.0086832475	0.0018255668	0.04146864	0.002215206	0.00072135066	0.0012629782	0.0013828151	0.0064877314	0.0012743172	0.0014106916	0.0016114203	0.0013856059	0.009110171	0.016845064	0.008094629	0.0026112502	0.0040908796	0.0010201047	0.0040908796	0.10191291	0.0040364037	0.0012606556	0.0009878502	0.00046333444	0.0010804506	0.0015800996	0.0011278163	0.00094873883	0.002019631	0.00043622876	0.002019631	0.002590001	0.0008862397	0.000428979	0.002590001	0.0009140727	0.002310872	0.014827817	0.0004434864	0.0004384295	0.001370604	0.0034969389	0.0007248554	0.005974675	0.0035454486	0.0038989722	0.0009840422	0.0006657556	0.0102071995	0.008797943	0.01616134	0.00023049771	0.0021521316	0.002125216	0.00085750717	0.0027314033	0.0015028457	0.00067253324	0.00048186054	0.0023465124	0.004575228	0.0026620682	0.00043813288	0.0027314033	-22.223148345947266
s03e11b	275.0	5.0	0.86430776	0.86430776	0.027706787	0.03582566	0.0009321607	0.007877404	0.07697728	0.0054379436	0.0017991653	0.0060822363	0.00072010956	0.000313323	0.0015937422	0.010176082	0.001448209	0.0023252224	0.0012982485	0.000724057	0.004505197	0.025571005	0.018222064	0.018222064	0.0015615181	0.0067285	0.0011221067	0.0067285	0.048159007	0.004832216	0.0016419963	0.0007269169	0.00026722255	0.00057787605	0.0049351626	0.0005385099	0.00025225765	0.0011024142	0.0007937174	0.0011024142	0.0018132327	0.0010070427	0.0004248022	0.0018132327	0.0009341153	0.0026894724	0.0041993754	0.0005766997	0.00063244154	0.00067339104	0.011848648	0.0014620696	0.0015586421	0.013532607	0.00019036121	0.0015739901	0.0010060472	0.002095479	0.0002738146	0.001117444	0.00049060665	0.0009638127	0.0002941632	0.00057774334	0.0013362786	0.00093950116	0.0030115359	0.002355343	0.0010729465	0.0024306644	0.0023260543	0.00040547908	0.024504786	-22.225683212280277
s03e11b	280.0	5.0	0.84953547	0.84953547	0.006978772	0.16144307	0.0015372767	0.0010044187	0.008815074	0.013245364	0.00211723	0.05738733	0.0023015235	0.0003760565	0.0018984646	0.0036767079	0.0031765534	0.00043432694	0.0008620383	0.0005574001	0.00013931635	0.0015015539	0.02822291	0.015451746	0.0012268417	0.0041953595	0.004542617	0.004542617	0.078640185	0.0030597753	0.00074613845	0.0009238924	0.0008107666	0.00090506615	0.0009457731	0.0020950832	0.00088402705	0.0035682959	0.00090365426	0.0028087304	0.002815906	0.0007736713	0.00082432776	0.002815906	0.0011252182	0.004801691	0.0066200066	0.00011690173	0.00039076983	0.0017854619	0.0011006262	0.0020950832	0.0011571832	0.0010985982	0.002391036	0.0010101752	0.00056039635	0.0062177205	0.0016003121	0.09329056	0.00015888251	0.0021756638	0.0021448121	0.00026580621	0.0023795473	0.00094276015	0.0005468073	0.00044008784	0.000727603	0.0060471785	0.0016212559	0.0006298246	0.0048058215	-24.33867454528809
s03e11b	285.0	5.0	0.8994392	0.8994392	0.011537543	0.17006959	0.00086289056	0.0010475871	0.0031521253	0.002915707	0.0010216716	0.08927554	0.00039556445	0.00044321464	0.0039223204	0.0056516007	0.0014361712	0.00064609613	0.0009563053	0.00035814272	0.00045138487	0.013435142	0.06839097	0.06839097	0.0027817513	0.003047425	0.0039845933	0.0054319385	0.07882146	0.004144795	0.001239457	0.0005892389	0.00047102326	0.0005812794	0.0011736718	0.0012390363	0.00042164806	0.0023574168	0.0008689098	0.0020222699	0.0035536233	0.0008201911	0.00045667446	0.0035536233	0.0015585828	0.0036354894	0.0037679868	0.00018858067	0.00020064878	0.0009987872	0.0010557676	0.0015826991	0.0006670697	0.00062081066	0.0018883223	0.0008022797	0.0005743076	0.005639387	0.0009690334	0.015072452	0.0001669564	0.0008577654	0.0021931024	0.00012639584	0.0020009426	0.00023955778	0.0002959605	0.0003297501	0.00070865627	0.0034030892	0.0010278304	0.0009848347	0.0021821589	-26.208908081054688
s03e11b	290.0	5.0	0.8858412	0.8858412	0.018466352	0.062033657	0.00020976904	0.0037759282	0.0049050823	0.0075188675	0.0023578305	0.009092204	0.0039221174	0.00016657334	0.0039365026	0.002454404	0.00300914	0.00032444575	0.0011600306	0.00060289865	0.00040939378	0.0031279293	0.5141003	0.5141003	0.0012533797	0.006992893	0.0033569147	0.008939374	0.07948382	0.0034293039	0.0012613144	0.00054656295	0.0003340664	0.00042076205	0.00082349905	0.0005510592	0.00061992614	0.0012747379	0.000634033	0.0009783086	0.0012593314	0.00034397846	0.00030627084	0.0012593314	0.00043644127	0.0022295404	0.004418825	0.00013592665	0.0006868401	0.00062258524	0.000822779	0.0013438393	0.0005304961	0.0024348672	0.0029666484	0.001010747	0.0002975477	0.0010060382	0.0008059926	0.00466329	0.0001987557	0.0008582191	0.00044423318	0.00020070962	0.0027704767	0.00089090725	0.000574727	0.0029158553	0.00085558224	0.0038690364	0.0024268045	0.00057519774	0.0029158553	-23.512975692749023
s03e11b	295.0	5.0	0.8389049	0.8389049	0.009616356	0.007449339	0.00031458848	0.0010304374	0.0017339067	0.00036913628	0.0016768753	0.025243662	0.00049410114	0.00019651346	0.000805388	0.00863152	0.0018019275	0.0004856398	0.0008173797	0.00013266734	0.00017000284	0.058637135	0.026946023	0.009590208	0.0010627462	0.0008723123	0.001599983	0.0019035782	0.10231603	0.0040827887	0.0011231155	0.00044344304	0.00025203146	0.00045074034	0.00084964227	0.0027655289	0.0003369774	0.010253904	0.010253904	0.0035294355	0.011850368	0.01067238	0.00091254635	0.011850368	0.0049812533	0.022917286	0.008675334	0.0008992476	0.0003622891	0.00034698917	0.0021115758	0.0051730582	0.00042550292	0.0013645166	0.001179888	0.0008263529	0.0021681385	0.0009867032	0.00010799898	0.0028601165	0.00039289444	0.0008138632	0.0012553356	0.00016564125	0.014216738	0.00026320646	0.0013029577	0.00057784026	0.006885274	0.008721359	0.0053199185	0.000998576	0.014216738	-27.86441802978516
s03e11b	300.0	5.0	0.73090506	0.73090506	0.08943373	0.00485205	0.00073630566	0.0015364878	0.2864801	0.0010750066	0.0011366929	0.0018039837	0.00085125974	0.0003265391	0.0012593559	0.0015257988	0.0010556183	0.00090880267	0.00052853	0.0007627608	0.004964798	0.03515154	0.0070264316	0.004868963	0.0070264316	0.0069813337	0.0015062956	0.0069813337	0.05925287	0.011123088	0.0028969212	0.0014564588	0.0010432488	0.0019002653	0.0036704037	0.00047098266	0.00047337846	0.002098772	0.0017315206	0.002098772	0.030321937	0.0049747583	0.00039211768	0.030321937	0.00059268315	0.013528134	0.005131732	0.00129968	0.0013206846	0.0006575653	0.016947381	0.0009197653	0.0032772399	0.001942181	0.00025214057	0.001334821	0.0006452494	0.003770508	0.00042973086	0.0019109297	0.00041295218	0.00063793774	0.0006053331	0.00089872984	0.0030469412	0.0010490298	0.0005339315	0.0029493847	0.0021582998	0.01672308	0.0013129127	0.00024817922	0.00633769	-23.77406120300293
s03e11b	305.0	5.0	0.28136986	0.28136986	0.0062493025	0.0019776293	0.00033050228	0.0013002197	0.029670399	0.0012598472	0.0023105897	0.0011681386	0.000727586	7.461917e-05	0.0022631653	0.0033880682	0.004839548	0.00025614095	0.00072134036	0.0002870404	0.0014291947	0.070772976	0.014654452	0.0052687908	0.0018356905	0.0022457468	0.0004522374	0.003678953	0.024114713	0.0073905084	0.0027955752	0.0008456127	0.00048515096	0.0008107257	0.0028806042	0.0011362848	0.0002565117	0.0028316167	0.002239573	0.0011812988	0.0015826728	0.001423016	0.0003124993	0.0015826728	0.0017158017	0.012008143	0.036345858	0.0008912613	0.00051153527	0.0005791476	0.0039487397	0.0052288636	0.014338082	0.005313755	0.0008602635	0.00044263664	0.0018519396	0.0013575623	0.00026403487	0.012253378	0.042923924	0.0012118119	0.0001117058	0.00026064253	0.014197919	0.0047536315	0.0005654045	0.0012968755	0.036748573	0.004800672	0.011240819	0.00047523808	0.036748573	-35.07417678833008
s03e11b	310.0	5.0	0.7546146	0.7546146	0.021906314	0.0053241486	0.000258032	0.0021259654	0.16661362	0.0017643848	0.00077443034	0.00252141	0.00031900525	0.00022709707	0.002091186	0.0036067204	0.0022494015	0.0013656288	0.00079494587	0.00033193905	0.0016371126	0.048614427	0.01854056	0.01854056	0.0016899133	0.015941376	0.0017856676	0.015941376	0.040571567	0.0058356356	0.0038143743	0.00055547914	0.00021932302	0.0009616256	0.0021439642	0.0019885907	0.0003252705	0.0035262555	0.0035262555	0.0028072856	0.005342582	0.006334547	0.0010966663	0.006422209	0.0013509021	0.013640608	0.009571588	0.0022653285	0.0021109069	0.0005613436	0.024224995	0.003399842	0.004656082	0.0020944003	0.00024745832	0.00028681222	0.0014598428	0.0018312765	7.520495e-05	0.0015788324	0.003717549	0.0011252289	0.00014883763	0.00050015707	0.0033328703	0.0013631106	0.0026752506	0.0019039243	0.0098245945	0.007217417	0.0023758002	0.0002926281	0.012928898	-25.68655776977539
s03e11b	315.0	5.0	0.81811935	0.81811935	0.009471168	0.01586411	0.0057371026	0.00061720004	0.005096021	0.0030275125	0.0007722074	0.032510746	0.00089700386	0.00036977234	0.013351869	0.017888704	0.0111948885	0.00029365407	0.0016058902	8.38923e-05	0.0002242705	0.000673938	0.014625741	0.014625741	0.00565961	0.0034705487	0.0015160549	0.00479309	0.027874695	0.0028167523	0.0007939443	0.0010426993	0.0003132029	0.0008744643	0.0009171588	0.00041430484	0.00020547911	0.002128813	0.0005878331	0.0019022243	0.0012869297	0.00030553123	0.0002071755	0.0012869297	0.003778444	0.0030875118	0.0028449206	5.103826e-05	0.0003542845	0.00042037058	0.00028888945	0.0024851689	0.00045631613	0.018643241	0.0023444213	0.004841144	0.004888787	0.0036539028	0.0011764971	0.05177538	0.005003507	0.00045722115	0.0038068334	0.00011522658	0.0028050374	0.0029152036	0.0006988701	0.008727772	0.001387078	0.008048602	0.0017412016	0.00055159285	0.04032446	-23.18404006958008
s03e11b	320.0	5.0	0.8244785	0.8244785	0.015117944	0.00807234	0.00025186353	0.002691668	0.44082093	0.0007086006	0.001265046	0.0010983502	0.00016246802	0.00041547557	0.0011341302	0.0012087598	0.0078952145	0.0013005431	0.001144505	0.0006220212	0.0014779464	0.073975004	0.00306161	0.0025360086	0.0015699922	0.012604625	0.0016987904	0.013381197	0.029969957	0.006233929	0.0035021335	0.0007009252	0.00031027486	0.0010399999	0.0014403509	0.00028866643	0.0004261396	0.0008300209	0.0008300209	0.0006813516	0.0033023343	0.001603373	0.00016064581	0.0033023343	0.0004195623	0.006561585	0.017228303	0.0003684108	0.00068757584	0.00045863978	0.002014622	0.0013394157	0.012411103	0.005582834	0.00020327207	0.001264322	0.0009770446	0.002406447	0.00029535842	0.0024180538	0.0012670567	0.00062605337	0.00025128573	0.00024120795	0.002395313	0.0010810092	0.0005152347	0.0041998085	0.0006575085	0.0017978479	0.0018035107	0.00019877353	0.0041998085	-27.53503799438477
s03e11b	325.0	5.0	0.8527895	0.8527895	0.0084117325	0.012591546	0.0007622645	0.0020662586	0.008951735	0.005260947	0.00096011726	0.0052200193	0.00911719	0.0003146566	0.016204916	0.0045431154	0.015808877	0.00021946905	0.001066386	0.00019763318	0.00047935458	0.0029756082	0.242275	0.242275	0.0026491256	0.0068948697	0.0026404297	0.012298179	0.056646567	0.004198935	0.0010583426	0.0005859179	0.00034184146	0.00064266927	0.000988937	0.0014639441	0.00023039995	0.0007324224	0.00045993223	0.0007324224	0.00056346826	0.00038597122	0.000281094	0.00056346826	0.0011840955	0.0015696693	0.0009339258	0.00018009788	0.00036084006	0.00016520542	0.00087293296	0.0016559471	0.0004201981	0.005122278	0.00836933	0.0011686716	0.0026875648	0.0008694635	0.0008924097	0.05294838	0.0032071127	0.0024759797	0.0022229755	0.00032207306	0.007893522	0.001418458	0.00036202915	0.003104429	0.025127927	0.006750841	0.011872085	0.00035915253	0.025127927	-22.821678161621094
s03e11b	330.0	5.0	0.80680484	0.80680484	0.037127264	0.009364645	0.0016628117	0.0041530025	0.43614465	0.0012177305	0.0029364256	0.0027952099	0.0020955647	0.00012941025	0.0048591164	0.001077884	0.012761314	0.0046000034	0.001179188	0.00021485823	0.0012924487	0.08480507	0.009716677	0.007862608	0.0044264887	0.0017854823	0.0011288492	0.0018922051	0.030442433	0.004802436	0.0034612895	0.00046369052	0.00022386585	0.00076712976	0.0016737873	0.0004079006	0.00026346455	0.0003882974	0.00032962565	0.0003882974	0.0011620091	0.00038614127	0.00011225744	0.0011620091	0.000413039	0.002319888	0.0047063106	0.0006046247	0.00039848138	0.00020375737	0.0019666653	0.0013924111	0.0029080964	0.0025877233	0.00014352321	0.0011478438	0.00038571964	0.0039319787	0.0001485042	0.0011880595	0.0012928895	0.00042687287	0.0006604635	0.00020422263	0.0030035945	0.0006192261	0.0005076349	0.0065296562	0.0014215457	0.0016866953	0.0013171898	0.00030765214	0.0065296562	-26.397674560546875
s03e11b	335.0	5.0	0.8396707	0.8396707	0.0021908644	0.08287595	0.0013381934	0.00030865867	0.0055841603	0.002927983	0.0027956553	0.027478902	0.0009450278	0.00081791024	0.0027569223	0.0005565547	0.0024209449	0.00052601536	0.00067437784	0.00014499048	9.814216e-05	0.00028908617	0.16862696	0.16862696	0.0011962514	0.0030037316	0.0012512441	0.0030037316	0.09233926	0.0050242813	0.0011629171	0.0008724906	0.0003888073	0.000784367	0.0017215268	0.004957061	0.00037456185	0.0008393163	0.000536097	0.00064368773	0.00032846053	0.00029240528	0.00022398072	0.00032846053	0.00037781236	0.0014260617	0.0019829122	9.411924e-05	0.00026037378	0.0004325931	0.0009112274	0.0009535936	0.00060750014	0.0015646964	0.0034336776	0.00049728766	0.004439924	0.0021909873	0.0018311458	0.033203833	0.0010712061	0.0007877339	0.0042322585	0.0001843497	0.0024426316	0.000581745	0.00018021141	0.00048465247	0.005568903	0.004675343	0.0013299254	0.0003681175	0.01130549	-20.994525909423828
s03e11b	340.0	5.0	0.84385425	0.84385425	0.042457175	0.054345727	0.00013992011	0.0036628125	0.12672564	0.002231305	0.0036508439	0.0013310595	0.00060977554	0.00013544741	0.0031805737	0.0012322958	0.0015592522	0.00038515858	0.0012031341	0.0002915332	0.00627522	0.08474343	0.18939036	0.18939036	0.0015405165	0.00094224745	0.00054672157	0.0015780599	0.056792047	0.004412997	0.0017603515	0.00055129454	0.00022877438	0.0005093691	0.0016718028	0.0002141169	0.00038694608	0.00047424654	0.00029731658	0.00047424654	0.002875451	0.0011144367	9.979357e-05	0.002875451	0.00023022403	0.0017594987	0.004020131	0.0011074487	0.00052326947	0.0008997353	0.0020986602	0.0004175832	0.00059223536	0.0026439102	0.0026755494	0.00094788685	0.0001817337	0.0016330394	0.0010790136	0.006523961	9.123323e-05	0.0011070536	0.00023459549	0.00014249109	0.0008296611	0.0003654177	0.00019196229	0.003067506	0.0013629464	0.0043741115	0.002969009	0.0003749121	0.0037744504	-22.572738647460938
s03e11b	345.0	5.0	0.8780623	0.8780623	0.042070545	0.06378086	0.00044546166	0.0073191575	0.10214268	0.0047844816	0.0019792928	0.006301662	0.00074716413	0.00048612192	0.0017152914	0.0072535872	0.0026475615	0.00069195457	0.0022982606	0.0009771964	0.0029510902	0.10028514	0.018603215	0.018603215	0.0036691101	0.0016738909	0.0011861157	0.0037547823	0.040128775	0.0029982077	0.0017279998	0.00062800397	0.00046890366	0.0007397143	0.0020164857	0.00037695814	0.0003744899	0.0020130428	0.001846582	0.001737667	0.003774343	0.0022402413	0.00033172013	0.003774343	0.0023829706	0.005532278	0.0063154004	0.0010956681	0.00076447707	0.0018370234	0.0023288878	0.0018671944	0.0018599002	0.0030633265	0.0009804654	0.0015252758	0.0006548099	0.0041642687	0.00047177324	0.013500289	0.00053035206	0.0013165803	0.0010573067	0.0004024256	0.0020137727	0.0010431071	0.00060548075	0.0031978972	0.0011703372	0.007598592	0.004857701	0.00040077532	0.010105606	-21.47538948059082
s03e11b	350.0	5.0	0.85735315	0.85735315	0.025492847	0.0050622243	0.0010718146	0.004639018	0.12116643	0.0009251847	0.0029690105	0.0032719744	0.0014139492	0.0006694835	0.002200221	0.00677002	0.004106607	0.0012199414	0.0015339756	0.0016006229	0.0027113315	0.07455515	0.016571507	0.0019946005	0.0026086248	0.0018810459	0.0012767457	0.0051925494	0.03989839	0.0046607293	0.002283606	0.0008197466	0.0005259858	0.00094944506	0.0023874864	0.0002624349	0.00033215337	0.0038872065	0.0038872065	0.003047822	0.010676272	0.0059590093	0.0008804871	0.010676272	0.0031655622	0.010251978	0.012206758	0.003565713	0.0015670902	0.00062105065	0.002789735	0.0026527718	0.0032593345	0.0032602951	0.00035446472	0.0010860142	0.00060169457	0.0034101703	0.00015558412	0.0010628119	0.0010432543	0.00065629586	0.00030566583	0.0006390763	0.0019566305	0.0010207094	0.0013305144	0.0024491525	0.0029246327	0.014038121	0.0036781803	0.0007278284	0.028059112	-27.14125061035156
s03e11b	355.0	5.0	0.8180152	0.8180152	0.018709231	0.024144243	0.00051832426	0.0009464659	0.007701724	0.00083775143	0.0043113646	0.013234911	0.001350032	0.00012092145	0.009645579	0.0023198295	0.00059241796	0.00015528103	0.0008823276	0.00040318974	0.0008406854	0.006251983	0.014265558	0.0035466163	0.004480491	0.0042434745	0.002754401	0.007753064	0.20157757	0.007497686	0.0018921087	0.0020400467	0.00086158834	0.0022566132	0.002660929	0.000844817	0.00090690696	0.0063368552	0.00070610375	0.0063368552	0.006026986	0.00074907154	0.0009295816	0.006026986	0.0009982417	0.0056134476	0.008831855	0.0006563153	0.00022219168	0.001125957	0.002475318	0.0014267409	0.0046930457	0.040475667	0.008900508	0.07805332	0.0026886617	0.012409086	0.0010015182	0.0012501386	0.0004954691	0.0017874135	0.0023676509	0.00042600295	0.009696271	0.0023876794	0.00015164573	0.011124713	0.0041625304	0.016127855	0.007848979	0.0007377593	0.011124713	-26.229612350463867
s03e11b	360.0	5.0	0.80052096	0.80052096	0.036826868	0.0061442303	0.00017469567	0.001569171	0.018105108	0.00064398505	0.00071121205	0.0013476779	0.00014428931	0.00026633538	0.0026220058	0.020750104	0.00065471657	0.00071771984	0.0010882248	0.00021843087	0.00066743273	0.11533883	0.04909387	0.037629902	0.0037299765	0.011143919	0.0058832658	0.031376675	0.08125165	0.0056842305	0.0022028908	0.00053795666	0.00028107734	0.0005560931	0.0013850029	0.00064301485	0.0003422063	0.0037840155	0.0037840155	0.0012799912	0.0024999555	0.0030713815	0.00033228827	0.0030713815	0.0037873588	0.0172618	0.015599449	0.0024093508	0.0013172671	0.0005230022	0.008121374	0.0095988335	0.0032567114	0.0038990502	0.00021517702	0.0008485181	0.0014702743	0.002330078	4.705014e-05	0.0011851839	0.0007561597	0.0011518971	0.00044967604	0.0011099085	0.0067702676	0.00053299894	0.0015239677	0.0034326564	0.0023097137	0.0040595573	0.0034726388	0.0002201212	0.011799007	-31.694210052490234
s03e11b	365.0	5.0	0.7830129	0.7830129	0.027085911	0.021688802	0.0003777382	0.00070708484	0.018704215	0.0013230898	0.001030458	0.002101564	0.00036902542	0.00014900875	0.0023397887	0.0016811722	0.0027501553	0.00017951461	0.00054288696	0.00022343193	0.00020002949	0.019150218	0.009889525	0.009385831	0.0031758817	0.00047097544	0.0005630391	0.008904959	0.053520925	0.0030202072	0.0009327128	0.0002503927	0.00036366735	0.00026714816	0.0016755156	0.0023077235	0.00016886854	0.002675575	0.0019384891	0.0021684533	0.0022161144	0.0022863725	0.0006684924	0.0022863725	0.0014006183	0.0061566466	0.04640352	0.0019171907	0.0013394406	0.00029168246	0.0076102037	0.0019440176	0.01518544	0.009529891	0.0009538343	0.0005692347	0.010908664	0.0027563558	0.0029714617	0.0051633106	0.012855697	0.0005761646	0.0011153999	0.00055373734	0.0030301474	0.0049409783	0.0013247435	0.0030754416	0.0735924	0.013943969	0.0062662764	0.00016957834	0.0735924	-25.13755798339844
s03e11b	370.0	5.0	0.8150466	0.8150466	0.04042738	0.015864588	0.00040334003	0.002629332	0.123899855	0.0031838077	0.0022339246	0.0016311341	0.00023494936	0.00013807781	0.0048634717	0.0074404664	0.0016735188	0.00075136323	0.0015022375	0.0004771577	0.003039054	0.18207037	0.022590823	0.022590823	0.0038916124	0.011550405	0.0012097188	0.011550405	0.14686157	0.018293139	0.005402932	0.001792376	0.0005431002	0.0018221299	0.003196522	0.000418402	0.00057123374	0.0038288478	0.0038288478	0.0012458172	0.013261995	0.0072281226	0.0005659366	0.013261995	0.00084636966	0.04457239	0.006450284	0.00100596	0.000690729	0.00047813702	0.005345329	0.0028150454	0.0032695886	0.0044505424	8.607138e-05	0.0013283088	0.0009478777	0.0022836733	0.00021289953	0.0040593008	0.0007981673	0.0012628573	0.00017437183	0.00041962246	0.003911909	0.00065945333	0.0008728572	0.0028270304	0.0009903352	0.021594075	0.0026471487	0.00037168738	0.009918726	-28.7548828125
s03e11b	375.0	5.0	0.82019466	0.82019466	0.03261444	0.0023767778	0.00014209909	0.0014592995	0.030503081	0.00043645772	0.0015474402	0.0017934922	0.00028674526	7.2484356e-05	0.0019546584	0.006158788	0.00054435694	0.0014303916	0.0007799292	0.00023377736	0.00085261866	0.036643103	0.008445459	0.0041305595	0.0040564295	0.000895957	0.0009499762	0.0020742598	0.03425363	0.0064166104	0.0015480268	0.0008703935	0.00030116714	0.0007013735	0.0043003373	0.00025023948	0.00018073902	0.04349593	0.03034433	0.04349593	0.011230563	0.026007691	0.023367817	0.026007691	0.010573312	0.11494428	0.023363639	0.0013304796	0.00031345923	0.00043342094	0.0035241733	0.015940523	0.0020128493	0.024949342	0.00011610962	0.063484855	0.00042527664	0.0008327362	0.00018727688	0.00016236318	0.0006877915	0.0006031866	0.00030397243	0.00014667318	0.0017900878	0.001651213	0.009809669	0.009374112	0.0013032549	0.027540231	0.0015155294	0.00078014814	0.009809669	-27.43025779724121
s03e11b	380.0	5.0	0.8873645	0.8873645	0.06996641	0.088221535	0.0008196267	0.0023556836	0.12686534	0.0055541927	0.0032332405	0.0026030936	0.000425244	0.00026921928	0.00309549	0.005047099	0.0017268847	0.00045287632	0.0011344067	0.00056362565	0.0018640334	0.03596576	0.0036197656	0.0036197656	0.001330306	0.0031026585	0.0011734042	0.0049998118	0.032170035	0.008163535	0.0033199985	0.0011353202	0.00039302258	0.0010839693	0.0023526754	0.00023438821	0.00027630854	0.0011812258	0.00026840708	0.00060820894	0.0015867989	0.0003499605	0.00011191061	0.0015867989	0.000652006	0.0018862133	0.0029416042	0.00029819063	0.00025123084	0.000537428	0.0017172546	0.000810346	0.0012672202	0.00596147	0.000652204	0.0017940712	0.0005628314	0.011733116	0.00067853404	0.0021730587	0.00037784624	0.0006904405	0.0010770746	0.00014300477	0.003099395	0.00068374345	0.00021923646	0.0013396358	0.00094193954	0.0032383697	0.0030286007	0.0003187438	0.003099395	-23.36724090576172
s03e11b	385.0	5.0	0.835471	0.835471	0.004482582	0.004083698	0.0010679603	0.00026913354	0.0028029014	0.0018430391	0.003299868	0.0010797478	0.005094189	5.105291e-05	0.0069266823	0.002357309	0.0013952611	0.00020186808	0.0011477728	0.00010655205	0.00014935397	0.0002716574	0.010851089	0.0033389407	0.00048628644	0.0005283661	0.00036152542	0.0016710374	0.059476666	0.00854905	0.0024114272	0.00047098153	0.00023126222	0.000611711	0.0030570289	9.7518336e-05	0.0002801287	0.00046111373	0.00041591088	0.00045059426	0.0004027566	0.00014509504	0.00013429088	0.0004027566	0.001705146	0.002589299	0.0019374358	4.0587413e-05	0.000113731076	0.00014433938	0.00037330293	0.0005723791	0.00027009263	0.10024205	0.00023642981	0.017966015	0.0030145138	0.0019860703	0.00020971146	0.0020079003	0.00038706098	0.00029750742	0.00071910245	9.6752236e-05	0.0027959049	0.0045950958	0.0004384882	0.041183703	0.0007332775	0.0070449673	0.001745781	0.0007316128	0.041183703	-23.03961753845215
s03e11b	390.0	5.0	0.78918076	0.78918076	0.012489975	0.0037537194	0.0073059313	0.0020678176	0.22321956	0.007841827	0.001663944	0.004088555	0.0061098333	0.00063256477	0.009493377	0.0029769538	0.0035001987	0.09873753	0.0020822037	0.00012684088	0.0011792898	0.0012648718	0.014042669	0.014042669	0.0054246867	0.003233783	0.0010848969	0.004775272	0.025168078	0.005593486	0.0018548799	0.00050260633	7.371777e-05	0.0006424972	0.0018600808	0.00019791642	0.00015054717	0.0013318709	0.00047822663	0.00061700126	0.00076407136	0.00029001565	7.604546e-05	0.00076407136	0.0022780686	0.001375517	0.0015834249	5.313666e-05	0.00046983248	0.000112603186	0.00042439517	0.003965629	0.0063313814	0.0040954594	0.000274035	0.0010872838	0.0011000324	0.0023522926	0.00032224934	0.06597517	0.0010504863	0.000489865	0.0005193982	0.0002274481	0.0026515205	0.0026853546	0.00066571124	0.004695818	0.0007569722	0.0028662726	0.0020314327	0.0004276524	0.005254386	-22.18862533569336
s03e11b	395.0	5.0	0.8374583	0.8374583	0.14814809	0.013937697	0.0033285585	0.00047490522	0.0054015126	0.0035669974	0.002612772	0.0036760387	0.0005974211	0.00063178875	0.01087633	0.0016838377	0.0007949016	0.0003752121	0.0019593001	0.00022384473	0.00031689974	0.0012012784	0.008433537	0.007895703	0.0019182183	0.01381345	0.010292244	0.01381345	0.022019444	0.008686746	0.003884111	0.0012979247	0.0006882967	0.0016966882	0.0019686476	0.00080334157	0.00035513125	0.0030548864	0.00037684245	0.0004486591	0.0022452127	0.00022650002	0.00013107242	0.0022452127	0.0014273728	0.0026309008	0.0020236697	0.00016474514	0.0004975048	0.0007577388	0.00048140396	0.0011800831	0.0008743948	0.003212431	0.0013454823	0.0024130074	0.00097354007	0.033161726	0.000600723	0.0040280414	0.0012312304	0.0011721076	0.015692672	0.000279806	0.010561815	0.0041451333	0.00054878957	0.00064777565	0.0009866543	0.0032301361	0.0017396582	0.0006884867	0.010561815	-24.83959197998047
s03e11b	400.0	5.0	0.8489028	0.8489028	0.0076956544	0.034378726	0.00048539633	0.00035324288	0.0016324385	0.0043656453	0.0015111349	0.0040024044	0.0020004658	0.0009556518	0.018973056	0.00031329042	0.0005666907	0.0005416516	0.000609847	0.00016621398	0.0001267843	0.000502011	0.007114955	0.0034569565	0.0024410554	0.0005491938	0.00058629527	0.001093606	0.062735744	0.007092391	0.0019744309	0.0015279164	0.0007603996	0.0020744996	0.001985801	0.00059480383	0.0005244384	0.0010502662	0.00012023687	0.00071203907	0.0003375785	7.976591e-05	0.000107626096	0.0003375785	0.00055317715	0.00050718436	0.000861292	4.16061e-05	9.083833e-05	0.0005327503	0.0006936157	0.00024449328	0.000643947	0.0017053189	0.00024259154	0.0006499199	0.00071488286	0.0033640873	0.0007023896	0.3103801	0.00012311274	0.00043423378	0.0013381521	0.00019861723	0.0024142668	0.0024552145	0.00025908957	0.0011294435	0.0003771533	0.008010516	0.0013193155	9.3619485e-05	0.0081604235	-24.01025390625
s03e11b	405.0	5.0	0.78064483	0.78064483	0.02935157	0.021435382	0.0019791948	0.0056466884	0.35034004	0.006499529	0.003665937	0.0016984054	0.010011368	0.001220293	0.032021876	0.0015364812	0.0029788539	0.0024732267	0.0017542988	0.0001431206	0.0023193704	0.009010209	0.007273619	0.007273619	0.0031742908	0.011481908	0.009481611	0.011481908	0.04161489	0.01384792	0.0064084926	0.00087538053	0.00021681158	0.0007038222	0.0029929015	0.00035972052	0.00045928557	0.0007882107	0.0007034335	0.0006750009	0.0007323013	0.00050071825	0.00019740382	0.0007323013	0.0007291009	0.0015918564	0.0017614614	0.0003994872	0.0006630759	0.00040571764	0.0011512521	0.0007523345	0.00044134734	0.006782231	0.00152915	0.00075885194	0.00091058563	0.0032439646	0.000728996	0.008756287	0.0010226833	0.0020672372	0.0005981874	0.0003057833	0.0031253002	0.0021345376	0.0003099423	0.0051103244	0.0021107753	0.0038167886	0.0012394347	0.00017062938	0.0051103244	-22.57157325744629
s03e11b	410.0	5.0	0.8402047	0.8402047	0.013769561	0.060504716	0.0010827638	0.0025346966	0.12564506	0.002701992	0.0020862631	0.005147253	0.0020175388	0.00025991915	0.008006622	0.0035948986	0.0012778206	0.0014167905	0.0004613329	0.0015831032	0.0022964485	0.050810624	0.008463439	0.00604911	0.0037288228	0.0020082996	0.0012642455	0.0047242083	0.15360112	0.005376552	0.0009803249	0.00077596685	0.00027120375	0.0007194757	0.002495365	0.00022434535	0.0008392559	0.0041645234	0.0014401877	0.0041645234	0.0045407633	0.0029210306	0.00076664926	0.0045407633	0.00085896114	0.0070422255	0.006917065	0.0011114739	0.000672839	0.00072933646	0.004109262	0.0015794203	0.0032060244	0.0032303852	0.0006374591	0.0014940688	0.00063608936	0.008993168	0.0007111185	0.017009307	0.0005529457	0.0005517948	0.000519783	0.00036397675	0.004145082	0.0009166098	0.00034182647	0.0015281339	0.001609256	0.009528938	0.0041971765	0.00014941239	0.0064918427	-23.514812469482425
s03e11b	415.0	5.0	0.8588851	0.8588851	0.023144305	0.16496271	0.0009241553	0.0021583377	0.080768846	0.00071054103	0.0023809762	0.03211463	0.000567044	0.00066320924	0.0024843805	0.0015236398	0.0020398563	0.0012486101	0.0010431032	0.00025350854	0.0032160028	0.042783454	0.0077076256	0.0026288293	0.0018674905	0.00330954	0.00147505	0.00330954	0.045470808	0.010405515	0.004648469	0.00129379	0.000721218	0.0012481676	0.0025289755	0.00066111784	0.00042846793	0.0014866281	0.0007293591	0.0014866281	0.005026673	0.001181995	0.00026154792	0.005026673	0.0006516687	0.0021505123	0.0034322191	0.00079203787	0.00058991654	0.0010647314	0.002307504	0.0009924131	0.0009696458	0.0016937928	0.0010726557	0.00070085103	0.00021842733	0.0029939972	0.00070498616	0.008848727	0.0003083263	0.00093191024	0.0031865009	0.00022625375	0.002653077	0.00046715344	0.00029899372	0.0004497011	0.00086127647	0.0027736668	0.0018289944	0.00037780986	0.002653077	-22.788589477539062
s03e11b	420.0	5.0	0.8128781	0.8128781	0.036567047	0.029949615	0.0028857382	0.030946344	0.11007076	0.011850881	0.0030387985	0.0090409415	0.0007435742	0.00016631102	0.0009026792	0.0055954754	0.0024535612	0.00092120626	0.002241075	0.0010131071	0.0058557484	0.079023644	0.008651765	0.0024877375	0.0014786454	0.0033100587	0.0010268991	0.0033100587	0.027552556	0.009160378	0.0027030346	0.00053593656	0.00029935967	0.0006261032	0.002640982	0.00041263326	0.00032239102	0.0034887164	0.0030410732	0.0034887164	0.01558462	0.0061638313	0.00056885235	0.01558462	0.0011535804	0.008466757	0.011160563	0.0027869467	0.010174156	0.00083792076	0.008056955	0.0034891113	0.002307897	0.00527744	0.00020958591	0.0012447502	0.00045875742	0.0016696816	0.0006893369	0.0019419842	0.00040371725	0.004797293	0.00046883614	0.00077465473	0.0020015438	0.00084568694	0.0010302161	0.0028224355	0.0012197486	0.0052100276	0.0019234804	0.00047105804	0.00858996	-20.12256622314453
s03e11b	425.0	5.0	0.7736631	0.7736631	0.04879922	0.0054388936	0.00039486538	0.0073044514	0.013380632	0.002106085	0.003324764	0.0024266797	0.0007819013	0.00031039648	0.009420614	0.043276116	0.0061345273	0.00014333925	0.007552161	0.00021393731	0.0026555057	0.01217419	0.01874856	0.01874856	0.0009011488	0.0036476415	0.00067397853	0.0036476415	0.027629636	0.0075778654	0.0032615564	0.0010049045	0.0007935888	0.00094914477	0.0022227725	0.00037853417	0.00027170792	0.002232369	0.0015884413	0.002159892	0.0031873204	0.00078986184	0.0005340381	0.0031873204	0.0050973073	0.00815827	0.0034105917	0.00024277435	0.00027205655	0.0005130141	0.0012028093	0.0027308473	0.0011129689	0.014792259	0.00083299057	0.01428981	0.0008554571	0.005487154	0.0003213765	0.0012939767	0.00028544446	0.0011089008	0.002981625	0.00021185566	0.0042827833	0.0021526765	0.0011993925	0.009975741	0.00043923873	0.0035128016	0.026544776	0.00068891846	0.05567142	-22.35465812683105
s03e11b	430.0	5.0	0.79505146	0.79505146	0.027099377	0.09304766	0.0001881593	0.009468082	0.10350373	0.0040183975	0.0050851535	0.027880715	0.00086477713	0.0001550724	0.00060675835	0.0028034693	0.00226684	0.0018404146	0.0044134706	0.0020983797	0.017465692	0.049797326	0.0037320857	0.0014326539	0.0012670923	0.0011946367	0.00072348077	0.0015056588	0.022213317	0.0038223262	0.0018666241	0.0008775448	0.00046418604	0.0007150103	0.0023816458	0.0010933642	0.0013360681	0.0030877069	0.0018701331	0.0030877069	0.010167859	0.0032088966	0.0005994299	0.010167859	0.0009440828	0.0036631445	0.01487734	0.001721681	0.0008009162	0.001187349	0.004973356	0.0018257222	0.0038479357	0.0035312572	0.002832263	0.0015832961	0.0010150829	0.0010290801	0.0009994631	0.0012176649	0.0003303155	0.0007596101	0.00052830915	0.00026793382	0.0023771238	0.00036748705	0.00080737047	0.0012836092	0.000989519	0.0048127137	0.0029912314	0.00037304484	0.0029912314	-21.59368705749512
s03e11b	435.0	5.0	0.85878444	0.85878444	0.092150636	0.091964684	0.0005766381	0.004034884	0.003925625	0.0069941315	0.0012518675	0.020250978	0.0005201064	0.00014966606	0.0007804288	0.006454925	0.0011644857	0.00028071637	0.0006587499	0.00015861292	0.00030141964	0.0033748508	0.005305829	0.0036359625	0.000925202	0.024631342	0.005598764	0.024631342	0.010825841	0.0016715165	0.00073269283	0.0004898494	0.00020870351	0.00037221148	0.0007992656	0.00026964568	0.00023491668	0.0018609486	0.00037257464	0.0009771512	0.00065550796	0.00026832445	0.00016894279	0.00065550796	0.0008056244	0.0014049861	0.0061987448	0.00035386998	0.00024946433	0.0014288389	0.00061768765	0.0008045205	0.00064754544	0.003193342	0.0011743037	0.0020556208	0.0004054472	0.006361331	0.00041127251	0.0019478888	0.0005003883	0.000725808	0.005075455	0.00012682202	0.0027114656	0.00037358454	0.0005212141	0.00040910626	0.00038103573	0.0022152478	0.0010117808	0.00058082945	0.008793041	-23.106727600097656
s03e11b	440.0	5.0	0.868225	0.868225	0.019140054	0.017058415	0.008212566	0.0030808072	0.0032075243	0.0938831	0.0017944162	0.0031922632	0.09207582	0.0008096726	0.32609457	0.00115682	0.0011237507	0.0002609546	0.00026379558	0.00091806153	0.000295809	0.0011357956	0.0053152144	0.0008980412	0.0013537755	0.0015834334	0.0011159441	0.007564233	0.02196603	0.0028660982	0.0014607919	0.00072932884	0.00027974517	0.000623577	0.0013440179	0.0005150587	0.00024024856	0.0014777269	0.0011798779	0.0012449049	0.0014222452	0.0010131829	0.00040657987	0.0014222452	0.0011607822	0.0031291265	0.008298953	0.0002571562	0.00048814065	0.0006898748	0.0021581468	0.0008177399	0.0012689994	0.0018361546	0.0002864895	0.0013566407	0.00031040327	0.01643795	0.0008335845	0.009318082	0.0005442135	0.00046657692	0.00047515653	0.00020409648	0.0035326534	0.0022146748	0.0011667985	0.0007886863	0.0013633579	0.0027291805	0.00049680134	0.00040822075	0.009748599	-22.459821701049805
s03e11b	445.0	5.0	0.84485334	0.84485334	0.029312333	0.11079757	0.00043062482	0.00084128766	0.0016325326	0.006337628	0.0022770045	0.018106744	0.005964271	0.00056930014	0.0041359374	0.002781569	0.0011400318	0.000680423	0.00044946666	0.00047666102	0.000248148	0.0004551291	0.006258573	0.006258573	0.0023076455	0.0044642477	0.0016077239	0.0044642477	0.04236632	0.005560839	0.0011598693	0.0008599521	0.00059407664	0.00081928854	0.0017338044	0.0007993623	0.00034985307	0.003160781	0.0004503965	0.0026539052	0.0009161129	0.00036332812	0.00055303634	0.0009161129	0.0008880786	0.0014101207	0.0017946895	7.193232e-05	0.0001751592	0.0005906029	0.0015971336	0.0007993623	0.00068568345	0.0013643359	0.0008013499	0.0017381782	0.00052350864	0.006261379	0.00057542505	0.035536185	0.00013151723	0.0018334569	0.0046833116	0.00023502442	0.004341652	0.0020953515	0.000432846	0.0022857299	0.00051760837	0.0042207274	0.0011275015	0.00031812084	0.012297624	-21.334449768066406
s03e11b	450.0	5.0	0.8210017	0.8210017	0.010926027	0.009537672	0.012199711	0.009878689	0.027023187	0.019938672	0.0005855958	0.07564977	0.003924471	0.00016751293	0.0012956026	0.003908683	0.0032378556	0.00045356384	0.00076495035	0.0005356807	0.0008178596	0.09623278	0.015264763	0.0018563803	0.001985682	0.00081773766	0.001099717	0.001099717	0.026866052	0.0022896423	0.0008583459	0.0003168671	0.000220668	0.00046053613	0.001056233	0.00036075542	0.00026756726	0.0020028586	0.001894715	0.0020028586	0.014309395	0.004157712	0.00044120158	0.014309395	0.0013908288	0.01278536	0.011977238	0.0008653319	0.0019642257	0.001532717	0.001990868	0.0022483168	0.0012439005	0.0014205633	0.0009007453	0.00033378022	0.0003911766	0.0018020776	0.00075654354	0.0020274732	0.00031559967	0.0009881266	0.0016208877	0.00026425926	0.0016425443	0.0007060855	0.00087142084	0.001420211	0.00050981017	0.01670555	0.00148381	0.0008852357	0.0034103196	-20.943523406982425
s03e11b	455.0	5.0	0.9002696	0.9002696	0.07368968	0.010339794	0.0006111431	0.0015735572	0.071439855	0.0011408541	0.0016397154	0.0019522039	0.00091560854	0.00037050244	0.00402394	0.0032440373	0.0019923598	0.00036827405	0.0017749259	0.000120399905	0.0009229027	0.022410499	0.010293867	0.002031023	0.0013768891	0.0019023954	0.0006599026	0.0030621707	0.046678513	0.02008466	0.010943204	0.0027513327	0.00057106937	0.0031699482	0.0033429353	0.0003597227	0.00022387652	0.0022783265	0.0012134053	0.0013986456	0.0019093741	0.0010516834	0.00031856453	0.0019093741	0.0014580569	0.0034436188	0.0020634464	0.00022815705	0.00022282345	0.00037115323	0.00082007115	0.001327239	0.0008468222	0.0028821826	0.0001577043	0.0010341993	0.0003410033	0.0034379584	0.0003990959	0.009205572	0.0015955506	0.00034760137	0.0033496735	0.00023376956	0.002763883	0.0017302798	0.00047590034	0.0013798145	0.0007169303	0.0032696445	0.00313979	0.00019280205	0.0071371375	-24.800556182861328
s03e11b	460.0	5.0	0.8581408	0.8581408	0.07744833	0.008981778	0.0009543052	0.0015776401	0.0055796183	0.0011163683	0.0013394443	0.0015523289	0.0008387463	0.0002119102	0.00821555	0.011528236	0.0019623402	0.00041115747	0.0019477097	0.00024351201	0.0014532696	0.008038703	0.0071345936	0.0071345936	0.0012877524	0.0050198208	0.0026831438	0.013343787	0.040580943	0.0099483505	0.003818649	0.0012247062	0.00034144215	0.0011897774	0.0023568147	0.0003211333	0.00028591536	0.0043979743	0.0023601197	0.004184129	0.001454695	0.0017506017	0.0010531679	0.0017506017	0.0025782345	0.009884101	0.0063407575	0.0010706048	0.0007935102	0.00081467244	0.0037646696	0.0022887841	0.0023953165	0.030591562	0.00045001647	0.0059370943	0.0009159008	0.004494636	0.00091208733	0.019668644	0.00075165863	0.0016013227	0.004285902	0.000561528	0.010622746	0.0068333335	0.0019375593	0.0016922043	0.0014939919	0.0063478276	0.0031790999	0.00038651767	0.011731563	-22.381555557250977
s03e11b	465.0	5.0	0.7975667	0.7975667	0.012992668	0.07205239	0.00084195525	0.003141968	0.005841248	0.01810765	0.0019078183	0.009822604	0.058723792	0.0004853566	0.059745345	0.0014720185	0.0013617228	0.0002700342	0.00090536935	0.00017650229	0.00023153979	0.0014427595	0.007669902	0.007669902	0.00081540097	0.0016329009	0.00080071436	0.0020581717	0.017668977	0.0019491462	0.00091846404	0.0004847994	0.00039802789	0.00035670766	0.00079366827	0.00039696574	0.00022957083	0.0012469355	0.0008838801	0.0011344029	0.0007038913	0.000734819	0.00046991263	0.000734819	0.00042499378	0.0018978873	0.00593245	0.00012966064	0.00012235064	0.00048334335	0.0016669044	0.00057046005	0.0007481613	0.0012628302	0.0007960705	0.00090188836	0.0005002059	0.0056572226	0.0013186146	0.10905721	0.0003998061	0.0006675056	0.0052349637	0.00010444593	0.002892253	0.0012009426	0.0003577133	0.0033792385	0.00061000395	0.0012929363	0.0015350394	0.0009021187	0.019797994	-20.43799591064453
s03e11b	470.0	5.0	0.5565969	0.5565969	0.025179299	0.016500978	0.007065745	0.0073525924	0.0968692	0.020893643	0.0044201887	0.0038423813	0.005721798	0.0025245058	0.0012228412	0.012307282	0.00090221834	0.0003236197	0.0016315667	0.0007005552	0.015878567	0.026925331	0.007252042	0.0016081403	0.0016560244	0.002062352	0.0016770733	0.21476884	0.029321825	0.003946653	0.0020462896	0.0011927595	0.00033098029	0.0009044054	0.0025714696	0.0005658277	0.00060193666	0.00080241193	0.00077584706	0.0007274588	0.0005021038	0.00067223626	0.00025675027	0.00088899	0.00060632126	0.0013535763	0.0024685196	0.00045789717	0.00060096866	0.0006392825	0.0029983558	0.00133256	0.000335074	0.0012034911	0.00020211923	0.00050804316	0.00017503265	0.0016069448	0.00031413534	0.00048808576	0.0003358217	0.0006270485	0.00044720244	0.0015905655	0.0018329578	0.00041292678	0.0009401526	0.0017395307	0.0008016129	0.0007043697	0.0011310246	0.000219295	0.0058239503	-21.3715763092041
s03e11b	475.0	5.0	0.8209195	0.8209195	0.08125927	0.035887517	0.00039502294	0.0022195333	0.017701989	0.00031637086	0.002532011	0.0017962407	0.00018978346	0.00052472035	0.0023454677	0.008297121	0.00070507353	0.00014749687	0.008016672	0.00013579476	0.02193094	0.010032482	0.005263825	0.005263825	0.00078563974	0.007889998	0.0008277667	0.007889998	0.034468073	0.01778054	0.006769257	0.0020528906	0.00053740264	0.001690499	0.0036799123	0.00016402491	0.00026759965	0.0009921181	0.00041570512	0.00068117434	0.0013605729	0.000564928	0.00010483888	0.0013605729	0.001198919	0.0022369493	0.0016239966	0.00023514278	0.000331405	0.00067591236	0.0020947633	0.00067018217	0.00088001654	0.0041305535	0.00025338045	0.0038303449	0.001156955	0.0031006327	0.0005768778	0.0043121465	0.00043500809	0.0022298289	0.00058365864	0.00023537966	0.007358543	0.0025655353	0.000552341	0.0005514564	0.00037380043	0.002532878	0.0035920406	0.00019856231	0.007358543	-24.441259384155277
s03e11b	480.0	5.0	0.9167633	0.9167633	0.025865948	0.04578404	0.0002820709	0.0004006012	0.0010966518	0.00044566384	0.003738195	0.0017507509	0.00019474758	0.0003167813	0.00939646	0.0010909848	0.00048166164	0.00012963146	0.0013094299	0.00039444966	0.00020457381	0.0010778065	0.0019682888	0.0018559792	0.0006639602	0.002900379	0.0010975417	0.002900379	0.03116822	0.009309032	0.0043872097	0.0011974649	0.00091235206	0.0012268136	0.0032352498	0.00039141555	0.00027401073	0.0016911613	0.00051288056	0.00075219286	0.00066946173	0.0002782617	0.00021667768	0.00066946173	0.0009481997	0.0014970624	0.0009904456	7.1368224e-05	0.00012464504	0.000417793	0.0005810067	0.00039901378	0.00071426044	0.0013939461	0.00032740508	0.0016409314	0.0008093	0.008249566	0.0005362332	0.025886016	0.00021020112	0.00058917876	0.0025058852	0.00018894188	0.00595997	0.002267101	0.00039687115	0.00031978384	0.0005706958	0.0032320807	0.0010535558	0.0002897578	0.010975483	-21.60368156433105
s03e11b	485.0	5.0	0.85855246	0.85855246	0.025666472	0.0057843775	0.00039915374	0.00028276964	0.00048644526	0.001995798	0.0015414754	0.002530275	0.0014921337	0.00022876915	0.005584666	0.005822397	0.0055376035	9.9150835e-05	0.0051779146	0.00011960838	0.00021955486	0.00043995364	0.12143672	0.009851242	0.0010529	0.0012897808	0.0012886168	0.0036143216	0.027417097	0.008862931	0.003707288	0.0015975292	0.0006064738	0.0015352104	0.000901144	0.0003828514	0.00028077952	0.0042310352	0.000597809	0.0032816727	0.001457247	0.00034276696	0.0011031065	0.001457247	0.002625256	0.002785125	0.0014124748	7.3255054e-05	0.00018219471	0.00037297158	0.0005940277	0.0011690992	0.00060765096	0.002074166	0.00038774256	0.0014624253	0.0009286189	0.0013087104	0.0004003452	0.011166432	0.0005000722	0.0004969088	0.0011533668	0.0002044192	0.006309029	0.0025981388	0.00073926395	0.0007984663	0.0009580457	0.007837918	0.00048445596	0.0015313253	0.008401771	-27.36944007873535
s03e11b	490.0	5.0	0.86428314	0.86428314	0.099641226	0.10088347	0.0016178748	0.008732047	0.024398623	0.0065591917	0.005657931	0.06805118	0.00046586164	0.0001682135	0.0024588036	0.012834523	0.0028335967	0.0016639393	0.020317959	0.0005255528	0.008905388	0.064162284	0.004888272	0.002175873	0.0007254826	0.0010712163	0.0012026534	0.0014524402	0.015497702	0.008033279	0.0022248714	0.0011018798	0.00044246326	0.0011560175	0.0028374472	0.0006606555	0.0004977121	0.0034716453	0.0013223435	0.0034716453	0.0039363215	0.0010183278	0.00089398	0.0039363215	0.0012419363	0.0019870866	0.0017139895	0.00033797525	0.00048693953	0.00050468004	0.0010465906	0.0026358576	0.0004191877	0.0076320115	0.000996171	0.0055224886	0.000252657	0.0018792696	0.00014851072	0.004288212	0.00039538686	0.00063213444	0.0024667964	0.00016375798	0.00426665	0.00025018127	0.00059303344	0.0020918667	0.00092482864	0.0050675534	0.0072263675	0.0020885477	0.011576724	-21.377864837646484
s03e11b	495.0	5.0	0.8671431	0.8671431	0.079778545	0.012636046	0.0012165594	0.010013713	0.038899735	0.002473796	0.0026735768	0.006988792	0.0002956455	0.00084973936	0.0025509172	0.035917364	0.0011928446	0.00043273417	0.0041810605	0.00029232082	0.006896173	0.13521586	0.064810246	0.064810246	0.0012995191	0.008422888	0.0042343573	0.008422888	0.051777277	0.012151748	0.0049056015	0.00140688	0.0007291829	0.0018104678	0.0044751302	0.00072230893	0.0004431008	0.002303608	0.0010772881	0.0010642111	0.0057034274	0.0015605898	0.00021289263	0.0057034274	0.0014211918	0.0043630325	0.0029356552	0.0008423886	0.00036197566	0.0011989126	0.0012584338	0.0025218271	0.0006144251	0.0073611797	0.0002682229	0.0014821521	0.0006406408	0.0038532123	0.00018241946	0.0038865379	0.00065264414	0.0011240162	0.0019926813	0.00014477511	0.0074008876	0.0010983126	0.0009838472	0.0033078606	0.0012162715	0.0034658664	0.006021298	0.00035216537	0.025926987	-22.24580764770508
s03e11b	500.0	5.0	0.8680834	0.8680834	0.05390419	0.06995065	0.0007201795	0.003582535	0.09916318	0.0019736371	0.0017098547	0.0019335892	0.0003526922	0.00023619436	0.0013865286	0.014561572	0.0039807744	0.00025294116	0.0011204937	0.0004315918	0.0045146206	0.12738685	0.006413012	0.006413012	0.0009748775	0.0014396603	0.00072805	0.0034585553	0.04797086	0.009956671	0.003051545	0.0011987152	0.00026855196	0.0010709673	0.0017657594	0.00027433145	0.00037829226	0.0011807499	0.00050477765	0.00060673023	0.0026911972	0.0008528998	9.290394e-05	0.0026911972	0.0010666299	0.003049906	0.0020866115	0.0004813707	0.0002896763	0.0010987949	0.0012736686	0.0010846902	0.0006758158	0.0043557226	0.0004705976	0.0011868305	0.0007104357	0.005935701	0.00078027387	0.0077192974	0.00023841823	0.00068090274	0.00031808869	0.00013496085	0.0050774347	0.0009187003	0.0004216402	0.001198637	0.001455031	0.008996781	0.004687183	0.00018355744	0.007939714	-22.366161346435547
s03e11b	505.0	5.0	0.9027643	0.9027643	0.053369448	0.0098695895	0.0004044994	0.0004974659	0.0014110315	0.000446823	0.0019271802	0.003312051	0.00024266072	0.0002625573	0.00849464	0.003643251	0.0016863885	0.00014704526	0.001625669	0.00024264057	0.00031897574	0.0008185472	0.0038828496	0.0038828496	0.0006136672	0.002174336	0.0013661647	0.004783748	0.030079547	0.01898049	0.009512912	0.002728342	0.0015981741	0.0034825387	0.0027942078	0.0006328491	0.00021104657	0.0060148262	0.0010172408	0.0029163738	0.0021979515	0.00050390634	0.0005952374	0.0021979515	0.0017429787	0.002086994	0.0011444472	8.598466e-05	0.000117542775	0.00055297517	0.00039868255	0.0011917028	0.0007982996	0.0036328977	0.00039810702	0.0031013344	0.0013323437	0.004338195	0.00053588883	0.024389364	0.0004339869	0.00076133816	0.004311076	0.000223763	0.034924366	0.003494092	0.0002739104	0.00043426125	0.0010082186	0.0057098907	0.0014439533	0.00046875974	0.034924366	-22.88552474975586
s03e11b	510.0	5.0	0.82206553	0.82206553	0.08620031	0.005562569	0.001377389	0.00051402015	0.008765866	0.01872894	0.002761848	0.001604902	0.0028171474	0.0011340302	0.21587071	0.011998942	0.0015653752	0.00033247238	0.0010230459	0.00017043717	0.00041501317	0.0021209335	0.0096471775	0.0096471775	0.008700594	0.0020830897	0.00083208695	0.0020868815	0.024328979	0.0069397353	0.0036730778	0.0017434417	0.0003299199	0.0012879377	0.0010234251	0.00045124182	0.00014208649	0.0021822804	0.000896648	0.0005509946	0.0009185349	0.00092002994	0.00029903676	0.00092002994	0.0011156693	0.0025765086	0.0023575355	0.00020728337	0.0004181098	0.00071709056	0.0021763346	0.001163439	0.0007852734	0.0062589757	0.00039038443	0.0020264217	0.00062463374	0.003278464	0.00015863968	0.0019330069	0.00050543656	0.00088241755	0.0009636571	0.00052107003	0.0024412784	0.005807125	0.0006959537	0.0018317752	0.00045035314	0.0056866915	0.0009566931	0.0020581735	0.00856033	-26.055225372314453
s03e11b	515.0	5.0	0.74601	0.74601	0.023194212	0.0046268427	0.00019299278	0.003155374	0.22553965	0.001100145	0.00091483945	0.001109695	4.6139052e-05	0.00024660924	0.0011392387	0.0067874114	0.0025118673	0.00048769094	0.0020266967	0.00032087625	0.004923903	0.70209706	0.003059403	0.0010289218	0.003059403	0.0009694989	0.00033369177	0.0018089019	0.030050373	0.0051142606	0.0023853614	0.00043696852	0.00021740384	0.0007120523	0.0023683019	0.00030243085	0.0002724594	0.0011473716	0.0011473716	0.0002773902	0.0023958974	0.0018337144	0.00011926353	0.0023958974	0.0014525309	0.01210416	0.005268224	0.00061785686	0.00031009773	0.0003518013	0.0014251521	0.0030652494	0.0018469706	0.004392722	0.000113278875	0.00038970323	0.0007229518	0.0010011604	4.859163e-05	0.00069324195	0.00027669343	0.00091375224	0.00025619395	0.00021370937	0.00138233	0.00024322867	0.0033513375	0.0026918193	0.0007102042	0.0020934688	0.001242692	0.00035677073	0.0033513375	-28.06157112121582
s03e11b	520.0	5.0	0.78322977	0.78322977	0.042528424	0.012395815	0.0007749604	0.0037544183	0.22164918	0.001163172	0.0018440464	0.0023459285	0.00022990204	0.0007323453	0.0033526565	0.008418413	0.0032528609	0.0019835946	0.0079780705	0.001110304	0.014262225	0.026547248	0.015978295	0.006729963	0.0018891969	0.0050297356	0.0011038145	0.0050297356	0.043058664	0.010356998	0.0068194577	0.0012255318	0.0004905875	0.0013696749	0.003895979	0.00081131834	0.00045714137	0.0016250715	0.0016250715	0.0012595407	0.0042738556	0.0023828074	0.00030402347	0.0042738556	0.0012575017	0.00578689	0.0085602	0.0013500784	0.0014011012	0.0008793322	0.011913473	0.0025947997	0.0038097985	0.006095424	0.00021004284	0.0026528046	0.0015285194	0.0035357517	0.0004010668	0.0013872728	0.0015148246	0.0018898103	0.0006148604	0.0008916541	0.0073817545	0.00094228244	0.0011451942	0.0057898043	0.0015500283	0.0038754386	0.0065819006	0.00025602645	0.013374558	-22.290550231933597
s03e11b	525.0	5.0	0.267177	0.267177	0.0026584866	0.00068073464	0.00012144793	0.0010141627	0.01052855	0.00018939534	0.0014463072	0.00066102203	0.00021459842	6.594987e-05	0.00042833624	0.0032499093	0.00034185775	5.2074778e-05	0.0010458974	0.0005137148	0.0008144117	0.0047602574	0.0036915338	0.0029143917	0.00044436406	0.00064526906	0.0003550962	0.00064526906	0.056210585	0.005144871	0.0022445258	0.00078497484	0.00025575343	0.00071558595	0.0026314512	0.0061949976	0.00040662292	0.002715276	0.002715276	0.0012989857	0.0009619967	0.001522813	0.0012700508	0.001522813	0.001282408	0.0049451813	0.004341329	0.0006670827	0.0003907728	0.0002686224	0.008434118	0.0061949976	0.0024557519	0.090423495	0.0021095574	0.0011556597	0.014558615	0.00058156706	5.8887133e-05	5.1026575e-05	0.00022722094	0.009419438	0.0011715082	0.00018188523	0.016739773	0.0008074632	0.05257383	0.023240725	0.0033557776	0.0060492624	0.01356673	0.00055414444	0.09272945	-22.931907653808597
s03e11b	530.0	5.0	0.8302927	0.8302927	0.0041254	0.0057926015	0.0032567035	0.0033753803	0.009743739	0.0029424587	0.0047415774	0.04442296	0.00025536504	0.00026564585	0.0038768013	0.036316626	0.0016988833	0.0017611613	0.0010490267	0.00017563031	0.00035850483	0.00082421745	0.046146713	0.046146713	0.010428687	0.008288587	0.0008025064	0.013452565	0.031971782	0.0023572575	0.001262779	0.00075358513	0.00017280225	0.0004851163	0.0008930422	0.0003234334	0.00025356608	0.01307727	0.007124993	0.01307727	0.0012443798	0.0032309084	0.0069588544	0.0032309084	0.005308689	0.006514714	0.012041486	0.00043144327	0.002354729	0.0005755806	0.017861273	0.019956874	0.0057424363	0.4876521	0.0010351677	0.011483961	0.003805248	0.0015646801	0.00031999123	0.0004351792	0.0009879458	0.0014271309	0.0008676767	0.000587356	0.0050902995	0.0032252101	0.0012445984	0.01582448	0.000955229	0.0061863908	0.0036419549	0.0011829529	0.01582448	-26.07027053833008
s03e11b	535.0	5.0	0.82991916	0.82991916	0.023976754	0.006296194	0.0015903186	0.0037653246	0.0072579766	0.0022106469	0.0026241615	0.030106561	0.0017998394	0.00036000184	0.01492488	0.012444314	0.0014866146	0.0003644495	0.0021740806	0.00042431714	0.0017724067	0.0447595	0.010639493	0.008055352	0.00118015	0.0009054858	0.00040240373	0.0015810762	0.06101008	0.009352351	0.0034845169	0.0011528652	0.0007839881	0.0011986336	0.005530243	0.00022971776	0.00027959613	0.0048796763	0.0048796763	0.0027294452	0.001944397	0.0039221267	0.00095382385	0.0039221267	0.007648859	0.009794868	0.0077942573	0.001036769	0.0004446823	0.0006421941	0.0024371326	0.0071667507	0.0015207843	0.083831586	0.0001694665	0.0058428547	0.0031485283	0.0019142622	0.0002715261	0.00080182723	0.0017590743	0.00090255373	0.00025322975	0.00026275963	0.007990319	0.0065364465	0.0064406805	0.018533966	0.0036510448	0.0063934135	0.006129897	0.00021586544	0.07801702	-21.14893913269043
s03e11b	540.0	5.0	0.8755394	0.8755394	0.013021551	0.07990567	0.008211344	0.005247472	0.004673815	0.0082728695	0.0053126337	0.13486391	0.00084988354	0.00031328804	0.0015786926	0.03361995	0.0033329083	0.00021374707	0.0039018202	0.000444295	0.0006326576	0.009520085	0.023477564	0.00487635	0.0029568875	0.0037359616	0.00651748	0.011814908	0.045520224	0.0052590934	0.002142929	0.0008516159	0.0005461148	0.0007861453	0.0031645556	0.000496518	0.0006802181	0.0038109045	0.0017144203	0.00293128	0.0073885014	0.0014900281	0.0004808444	0.0073885014	0.0038355305	0.007568766	0.0040827305	0.00016431794	0.0002673612	0.00023556061	0.0010787947	0.0069294837	0.0007732567	0.0039639585	0.00071631564	0.006383776	0.002121181	0.004823217	0.00063861354	0.022350878	0.0011925402	0.00042918697	0.0013217516	0.000365506	0.0053138887	0.0020563311	0.0021468194	0.0018618753	0.0016807688	0.045673408	0.0053071706	0.0008616917	0.012878699	-23.98775100708008
s03e11b	545.0	5.0	0.84228605	0.84228605	0.0111845685	0.31819344	0.0004516263	0.0006797334	0.0014379094	0.001511661	0.0021141125	0.0052561653	0.00015631363	0.00027639628	0.0008478634	0.0033269974	0.0009935418	9.4526506e-05	0.0007980913	0.0007154277	0.0002336292	0.0012572249	0.0027150009	0.0021232571	0.0011966958	0.002095861	0.0009109636	0.00222166	0.054742496	0.0063023306	0.002036109	0.00074343925	0.00091745635	0.0008945496	0.0019099195	0.00060388463	0.000457229	0.0023458113	0.0007209129	0.0016279233	0.0009913491	0.0006472147	0.00024890338	0.0009913491	0.0006181703	0.003817026	0.004856205	0.00015746779	0.00012451319	0.0006994538	0.0015304128	0.0006060971	0.0024985266	0.00091625086	0.0009009015	0.0014168634	0.00095538964	0.008025986	0.0017712243	0.028142931	8.4043626e-05	0.0005777032	0.0010043455	0.00032901464	0.0041444073	0.001995364	0.00042412462	0.00025545247	0.0009398866	0.005388645	0.0013364097	0.0002069088	0.008509102	-23.574981689453125
s03e11b	550.0	5.0	0.7980524	0.7980524	0.025049359	0.0033559338	0.0028635755	0.00035578254	0.0032955627	0.004667238	0.0017250035	0.003050289	0.0077577136	0.00029438344	0.007813064	0.013356216	0.0025220863	0.001585476	0.00033669625	0.00021043894	0.00023730131	0.0020437255	0.0279791	0.0279791	0.0048280144	0.0060454356	0.010697527	0.010697527	0.02670151	0.0054764585	0.0022290598	0.0006558826	0.00031617726	0.0005490619	0.001232668	0.0003222678	0.00020085627	0.026942827	0.006553642	0.026942827	0.009898559	0.004080486	0.0035300828	0.009898559	0.008650612	0.007887535	0.0076340563	0.00029827707	0.0003079303	0.00035240583	0.00034589498	0.0025431192	0.00044242444	0.0031947887	0.00044424314	0.0013299696	0.0016251289	0.005062493	6.691277e-05	0.016600315	0.0010837606	0.00048604133	0.0018387967	0.00015504046	0.0017958655	0.001175645	0.00088831387	0.0010418211	0.0011799572	0.011077774	0.0007431329	0.00060619845	0.0045877034	-25.488327026367188
s03e11b	555.0	5.0	0.8523934	0.8523934	0.07446013	0.017140435	0.0017404427	0.0009441574	0.0052193976	0.00081557775	0.0023154698	0.005343983	0.00014885013	0.00016132383	0.002954413	0.013719267	0.000811514	0.0001534936	0.006571019	0.00024553636	0.0018807935	0.013048118	0.009764253	0.00592782	0.0020418796	0.0049706385	0.002108653	0.006294023	0.05476637	0.01269322	0.006706572	0.00140299	0.00043895663	0.0011647708	0.0025715956	0.00039862897	0.000260381	0.007795017	0.00280344	0.004487869	0.0010298304	0.0013874446	0.0012466522	0.0013874446	0.0033451477	0.003779575	0.0025039706	0.0006292582	0.00016887805	0.000558357	0.0018323123	0.0054359436	0.001584222	0.011329243	0.00040520282	0.014821905	0.0009413415	0.0018261569	0.00031666356	0.005502971	0.00036685908	0.0010685012	0.0005703619	0.000118156924	0.022271883	0.003402766	0.00079722475	0.0030508807	0.0018624264	0.012716678	0.007835441	0.00039063572	0.022271883	-25.70050811767578
s03e11b	560.0	5.0	0.7148353	0.7148353	0.017847659	0.004860994	0.0004327814	0.0008278144	0.001903937	0.00036141806	0.002192848	0.0023446677	0.00015311528	0.001088652	0.0028989108	0.010167901	0.0012940931	7.69503e-05	0.0007306332	0.00044205177	0.0012459684	0.0047390247	0.006587606	0.0027651542	0.0013286504	0.001783016	0.0028712444	0.0055448846	0.04875733	0.009626331	0.0030478537	0.00093906757	0.0005072194	0.0014012334	0.0034514482	0.10244738	0.00027851408	0.07956905	0.0214596	0.07956905	0.014580359	0.014120894	0.0107469475	0.014580359	0.009538424	0.023551578	0.0065545985	0.0020091666	0.0004773133	0.00096655625	0.0031875263	0.10244738	0.001371622	0.0069008833	0.0036013627	0.001445254	0.0066199005	0.0008489269	0.00018032143	0.0019111016	0.0014072197	0.007579365	0.0010838489	0.0021072298	0.009922712	0.0033095018	0.0035704938	0.0017719106	0.033100083	0.03522844	0.031605456	0.00026706362	0.033100083	-27.16964530944824
s03e11b	565.0	5.0	0.7558646	0.7558646	0.0034858135	0.001539545	0.0004491465	0.00079126726	0.0043065445	0.0011568514	0.0008304608	0.0023117166	0.0047001652	0.00023016281	0.008613007	0.03775834	0.00038288915	0.00016123248	0.00027278066	0.0007046379	0.00028837103	0.0011098604	0.09779844	0.04642741	0.0049676774	0.0021765667	0.0013235069	0.0049528927	0.0765728	0.0025027392	0.0009750187	0.0006535358	0.00041890648	0.0005213348	0.0030314443	0.00031164216	0.0003786137	0.008279116	0.004587076	0.008279116	0.0006070333	0.0014655901	0.0021025604	0.0014655901	0.0017654871	0.0038285062	0.0018535939	7.505185e-05	0.00038866684	0.00042186113	0.0016510134	0.002783886	0.0014850157	0.028984237	0.00088389433	0.007981226	0.0017497811	0.00079189974	9.302095e-05	0.025517356	0.00025436076	0.0010037917	0.00035140628	0.00015071018	0.0029214448	0.0031058798	0.008130321	0.04330038	0.0007530209	0.016272575	0.00867681	0.00011604211	0.04330038	-23.408042907714844
s03e11b	570.0	5.0	0.9219707	0.9219707	0.019017208	0.033229705	0.0319486	0.012785734	0.21878089	0.010788332	0.004202884	0.023441613	0.007445659	0.0007058218	0.008206977	0.001910887	0.037838113	0.0010911812	0.0022101083	0.00040082462	0.00050580525	0.0030083505	0.04679363	0.04679363	0.0015984343	0.0016393547	0.0006849049	0.004127299	0.030237516	0.002943543	0.0016322994	0.0006953716	0.00022874035	0.0006364708	0.0011186145	0.000215144	0.0002483307	0.00264253	0.0019526259	0.0012411695	0.00213417	0.0017653905	0.00044323114	0.00213417	0.0005235264	0.003425776	0.0045457147	0.00026034797	0.00062322523	0.00032886476	0.0039263614	0.002723525	0.0009824496	0.0036575971	0.0013254224	0.0016216773	0.00032471187	0.00070709124	0.00035025273	0.020403277	0.00086380454	0.00060007523	0.00054596004	0.0005048554	0.0027820254	0.0009520638	0.0012567772	0.008068622	0.0016582616	0.005161063	0.004837782	0.00029983523	0.008068622	-21.28744125366211
s03e11b	575.0	5.0	0.8877581	0.8877581	0.017129367	0.011265325	0.006591045	0.019662172	0.048495818	0.0187712	0.00142465	0.20299262	0.0016671354	0.0011440036	0.0065725693	0.0019875576	0.0013034261	0.0025780615	0.0007740002	0.0007509159	0.00078616664	0.06193802	0.011486407	0.011486407	0.005775154	0.0042833406	0.0018557541	0.0042833406	0.033021662	0.0038234608	0.0009780518	0.0002620344	0.0001763539	0.00032571706	0.001132137	0.0002251717	0.00033687893	0.0032991578	0.0032991578	0.003034892	0.012527247	0.007487098	0.00079900515	0.012527247	0.0016257804	0.004779217	0.004885401	0.0006807927	0.0007113313	0.00031819058	0.0028124335	0.0014130514	0.00071258005	0.0012626107	0.00024036634	0.00039122137	0.00026442233	0.0017612535	0.00043694023	0.0004118045	0.00018549616	0.00067106035	0.0006273285	0.00037319513	0.0010448467	0.00021202986	0.00087674113	0.0018375646	0.00064869865	0.023094116	0.0006323542	0.00059654197	0.0018375646	-21.4065055847168
s03e11b	580.0	5.0	0.55130076	0.55130076	0.010661239	0.0052084313	0.00033578763	0.0047916593	0.0029793014	0.00086875877	0.035296597	0.0029867354	0.00032308456	0.00014347026	0.0017196825	0.0073077576	0.00024502465	0.00037125306	0.0022275057	0.00046877807	0.008363657	0.006702701	0.003218982	0.0031123192	0.0012972122	0.0011157256	0.001544405	0.001544405	0.69508576	0.14396301	0.14396301	0.0027328543	0.00054612657	0.001997842	0.027940746	0.0008425098	0.005058335	0.0025315927	0.0022243084	0.0014788412	0.0013167998	0.007129825	0.0010558829	0.007129825	0.0005578009	0.006159694	0.0052758455	0.0013745674	0.0014892224	0.00032581022	0.006039391	0.0018160907	0.0008346809	0.00650955	0.00030845334	0.0050041312	0.00027579218	0.0012090356	0.0014341773	0.0006773265	7.0065464e-05	0.0018282335	0.00044254886	0.0011667352	0.00077137665	0.00074896275	0.011089147	0.009711334	0.0004614699	0.005804794	0.0025452068	0.00022321302	0.036103245	-23.19189071655273
s03e11b	585.0	5.0	0.87374836	0.87374836	0.018907206	0.069271475	0.007662832	0.0008668685	0.026296133	0.010652983	0.0027970087	0.029908815	0.0009178079	0.00089203747	0.00909116	0.0031866417	0.014274296	0.0028076621	0.0020827132	0.00020253689	0.00014631209	0.0010514571	0.05409595	0.05409595	0.006679132	0.0013549777	0.0015206655	0.0024818445	0.06331517	0.008574429	0.0018266253	0.0015281193	0.0010339973	0.0017520023	0.0018256241	0.0007838013	0.0005024842	0.0015132496	0.0011666002	0.0015132496	0.0010061978	0.000519264	0.00045110783	0.0010061978	0.0016670187	0.0030554729	0.0027149003	0.000116748	0.00027903053	0.0007718995	0.0010609041	0.0018733187	0.0010325162	0.0015697486	0.00096370623	0.0026407135	0.00043985905	0.004105361	0.0005830256	0.020682007	0.00024356239	0.0010331991	0.0048260125	0.00029295386	0.0114884535	0.00038761488	0.00049030606	0.0017698851	0.00076827867	0.006817236	0.0016334996	0.00038988402	0.0114884535	-24.648487091064453
s03e11b	590.0	5.0	0.7820239	0.7820239	0.0104440125	0.27175564	0.0015890412	0.0043655415	0.048275676	0.0036103346	0.0049482626	0.032168638	0.002661038	0.0003785448	0.004164395	0.0026861336	0.002541916	0.0014605848	0.0012536998	0.00048032193	0.0018259403	0.01438558	0.013937218	0.011139255	0.004469952	0.0020703932	0.0015407241	0.0020703932	0.06299335	0.0079686	0.0024748482	0.0013081196	0.0005209838	0.0013059599	0.0024164899	0.00073621207	0.0005439545	0.0011654367	0.00089843705	0.0011654367	0.0009903965	0.00059617794	0.0003833689	0.0009903965	0.0010330466	0.0024803872	0.0057732244	0.00040097523	0.00077535666	0.001185997	0.004288554	0.000631631	0.0023860955	0.0016866648	0.0012693899	0.0009366201	0.0006901648	0.0053958283	0.0022372983	0.018251333	0.00015630305	0.00070589647	0.00080736895	0.0005305781	0.0021531046	0.00046417673	0.00067011255	0.0013404596	0.0014616221	0.004273785	0.005496644	0.00028557048	0.005496644	-24.23110580444336
s03e11b	595.0	5.0	0.8053671	0.8053671	0.03089588	0.0537203	0.00085298385	0.003529741	0.20616145	0.0038843767	0.004092345	0.0051145274	0.001697466	0.0008383153	0.028650222	0.00512117	0.0027299696	0.0023579348	0.0032840255	0.000669103	0.0044555864	0.011922682	0.012969099	0.0075329863	0.0021610137	0.0026777736	0.0016086885	0.0026777736	0.02552946	0.0097675035	0.0042533386	0.0017394528	0.0004289937	0.0010850627	0.002532684	0.00022130008	0.00028632864	0.0019483893	0.001406142	0.0013002681	0.003128209	0.002310659	0.0004929571	0.003128209	0.0013440825	0.0039753933	0.006674907	0.0008428944	0.0011781978	0.0008124588	0.005957035	0.0023297833	0.0023739291	0.010383487	0.00028225948	0.0025570225	0.0005553746	0.0056674923	0.00052977254	0.010500589	0.00092353695	0.0005762895	0.0008525536	0.00042537862	0.0033582794	0.00081386126	0.001226809	0.0036524676	0.0025916693	0.004806255	0.0024986167	0.0003134945	0.0045527285	-24.873559951782227
s03e11b	600.0	5.0	0.8154538	0.8154538	0.02617002	0.23229976	0.0068048947	0.0004672855	0.013707104	0.004197041	0.004149754	0.040061314	0.0005083089	0.00056406093	0.0039685	0.0030955253	0.0051442897	0.0012100189	0.0044199415	0.0029732764	0.00082177337	0.00066105294	0.015971895	0.015971895	0.0018982812	0.0022913925	0.0015854662	0.020182623	0.019728532	0.012736083	0.00466561	0.0022490036	0.001355831	0.00218118	0.0039350204	0.00047864093	0.00041426654	0.0026408262	0.0009360019	0.0012297209	0.0005540969	0.00026456406	0.00034184178	0.0005540969	0.0009347248	0.0012815881	0.0015234657	6.638974e-05	0.00021214773	0.00043770875	0.00062784145	0.00091872306	0.00084932416	0.0010191196	0.0001600251	0.003056295	0.0009514191	0.0035722093	0.0014066228	0.014743263	0.0002805981	0.0010132394	0.002489544	0.0002114708	0.004742854	0.00052020827	0.00039783042	0.0008307449	0.00042209425	0.002961888	0.0030844854	0.00012248359	0.008359853	-27.040998458862305
s03e11b	605.0	5.0	0.535128	0.535128	0.13174649	0.0034596699	0.0004538917	0.0034206568	0.18535985	0.0039952635	0.2042076	0.0010946821	0.001087115	0.0005275689	0.0006445063	0.0038506894	0.009722689	0.0009231991	0.0053165504	0.00018383452	0.002834847	0.22332917	0.010833042	0.00054339407	0.001858909	0.00085015246	0.00013194732	0.0012010616	0.37928835	0.07463423	0.04229273	0.004682489	0.007849121	0.0045496	0.007013213	0.0018986706	0.0018670593	0.00036732823	0.00036732823	0.00022368685	0.00054817664	0.00070483674	0.00012186033	0.00070483674	0.00042217973	0.004583438	0.0018031492	6.477121e-05	0.00048003174	0.00015896556	0.0031064688	0.00032701797	0.00073348824	0.0050757923	0.00029546037	0.0032282837	0.0005481293	0.006504855	9.754643e-05	0.00046037676	0.0005187441	0.0010236781	0.00038366357	0.00055526424	0.0045150705	0.0005513731	0.00047115324	0.00601121	0.0013173956	0.0017819672	0.0036679963	8.57647e-05	0.00601121	-25.439453125
s03e11b	610.0	5.0	0.8266105	0.8266105	0.027315155	0.0122986315	0.0005530379	0.0012828546	0.095598	0.0014511835	0.0011698122	0.0035234285	0.00015754363	7.3162206e-05	0.0017993256	0.006898753	0.004298282	0.0007088188	0.0033506781	0.00046685166	0.0031438177	0.032798756	0.004188894	0.0035103157	0.002748861	0.0009378479	0.0006608558	0.0018271201	0.07568777	0.006049916	0.0026153827	0.00046853322	0.00019549995	0.0005170228	0.0032043867	0.00030153862	0.00034424633	0.006546834	0.006546834	0.0015011558	0.004901725	0.008804307	0.00046717306	0.008804307	0.0017915589	0.042019438	0.04175768	0.0017090084	0.0005104104	0.00060650246	0.005319315	0.0037486034	0.0072977915	0.018409366	0.00017317568	0.0033721898	0.0008103974	0.0035936846	0.0022175869	0.009785008	0.0008475439	0.001093482	0.00018012861	0.00048475157	0.0041224645	0.004002374	0.0009877105	0.0034486544	0.0021818464	0.0042114146	0.0030567923	0.00021219974	0.012065392	-22.22023200988769
s03e11b	615.0	5.0	0.80825776	0.80825776	0.010375773	0.0026487706	0.001566401	0.0031086863	0.11683569	0.004690234	0.012147564	0.0023439953	0.0020593668	0.0012297455	0.059903253	0.002681761	0.019281315	0.0006009306	0.004801577	0.0021775817	0.0008778266	0.002735222	0.05591677	0.0028174475	0.0041239117	0.03131546	0.0002399297	0.03131546	0.03579714	0.0064890776	0.0033580174	0.0008376741	0.00042370558	0.0006133579	0.0048434376	0.0003112603	0.0002473944	0.0012407771	0.0012407771	0.00047523624	0.0017567612	0.00055002206	0.00037023975	0.0017567612	0.004604906	0.0061475737	0.0015781305	0.00015362464	0.0007698529	0.0003243307	0.0016051068	0.0010634075	0.0009055703	0.028695952	9.522858e-05	0.0042487006	0.00053148664	0.00051780645	0.00019715984	0.0002334457	0.00021955966	0.00081531244	0.00012291496	0.0015028586	0.004655475	0.0008514686	0.0012210208	0.0060517914	0.00068138144	0.0046155667	0.0016542445	0.00018780459	0.016169924	-23.3243350982666
s03e11b	620.0	5.0	0.81186736	0.81186736	0.25501272	0.01567315	0.00030403186	0.009464178	0.15802397	0.0021459209	0.0012608885	0.00056568044	0.0019195013	0.0004213547	0.012463749	0.0028319277	0.0012416957	0.00024861688	0.0016955263	0.00048713453	0.007980656	0.019453017	0.0044930363	0.0013413471	0.00085453736	0.0009184705	0.0003653012	0.0028570746	0.015212562	0.005429842	0.0039880937	0.0008171624	0.0002458193	0.00071692	0.002387324	0.00024537602	0.00017743406	0.0009519886	0.0006039983	0.00079248135	0.0012406424	0.0011117688	0.00014120842	0.0012406424	0.0015554604	0.0024727574	0.010016984	0.001130443	0.0003480049	0.0012181724	0.001838646	0.0014009691	0.0027224272	0.0073258607	0.0001663946	0.0006375347	0.0015104539	0.005139923	0.002567371	0.0017771045	0.00079472095	0.0013726053	0.00046393438	0.0001830202	0.0056904834	0.001616082	0.00047579626	0.0017214138	0.0019398846	0.0024599582	0.005810129	0.00027178694	0.008377597	-21.482696533203125
s03e11b	625.0	5.0	0.92052156	0.92052156	0.066517904	0.05832127	0.0011626104	0.0011693533	0.04444423	0.015856713	0.0022180132	0.00209	0.00034473895	0.00034150382	0.12475173	0.0072311754	0.0072798016	0.0008772726	0.008322112	0.0021340542	0.00032243773	0.0019437418	0.0035117404	0.0023130884	0.0011668408	0.003016221	0.0014326703	0.003016221	0.024597267	0.009937433	0.00406481	0.0009262278	0.00044750268	0.0008671365	0.004157541	0.00024466772	0.00019507653	0.0017309282	0.0008801801	0.00037214457	0.0007712436	0.000306822	0.00014409352	0.0007712436	0.0019146758	0.0031715007	0.0017606574	8.3112114e-05	0.00020490137	0.0005915	0.0005659342	0.0010238064	0.0011268776	0.011303192	0.0011491659	0.009390465	0.0025331671	0.0178414	0.0013280268	0.019089952	0.0007426865	0.001397619	0.004620845	0.00030203006	0.005023502	0.005749069	0.00078447536	0.0012395285	0.0012355826	0.010309551	0.001019124	0.00023657817	0.04159979	-23.29526138305664
s03e11b	630.0	5.0	0.8236786	0.8236786	0.060231406	0.011589898	0.0004935142	0.0008813436	0.13859475	0.0005580963	0.0018070956	0.0024128717	0.00048734955	0.00022834986	0.001937897	0.018219555	0.0042961393	0.0008003963	0.0060502887	0.00040686407	0.0060962564	0.044843074	0.008265756	0.008265756	0.0018115954	0.0053777457	0.00089092937	0.0053777457	0.029985037	0.010105825	0.0025246257	0.001137889	0.00027414426	0.0007481709	0.0026303828	0.00021082294	0.00013366566	0.004061742	0.0019964352	0.004061742	0.006687451	0.0026077775	0.0005757098	0.006687451	0.0030341246	0.010700772	0.002691576	0.00069419	0.0004737378	0.0002923983	0.003830094	0.0033021397	0.0012865805	0.017086167	0.00014048575	0.010899654	0.0013648701	0.0019069331	0.00023571808	0.0014646413	0.00031136922	0.0006455859	0.00029469066	0.0003130841	0.0019953952	0.0014872354	0.0021383192	0.0076192734	0.0011883423	0.007954172	0.012874542	0.00018510163	0.02035289	-21.435867309570312
s03e11b	635.0	5.0	0.83531505	0.83531505	0.009689112	0.04054469	0.00020809629	0.0010457275	0.053477716	0.00085852254	0.00282647	0.040009815	0.00022988449	4.3989396e-05	0.0025787668	0.007951967	0.0010972887	0.0016624888	0.009166426	0.002041316	0.0011542889	0.024030885	0.03242312	0.0016622465	0.0007814141	0.0035198359	0.00022604954	0.0035198359	0.016834635	0.0017062561	0.0007403412	0.000595276	0.0002155006	0.000714641	0.0009163316	0.00023150095	0.000353207	0.00193034	0.0010021338	0.00193034	0.0011045065	0.0008587778	0.00047869113	0.0011045065	0.0021842977	0.0024597568	0.021708166	0.0006515656	0.00051086186	0.00019022949	0.0062146424	0.003390563	0.009679939	0.048865512	0.0007348263	0.0060529904	0.0011376353	0.0024996772	0.0015090802	0.000706846	0.0019258618	0.0011056114	0.0007663096	0.0001960568	0.0024508084	0.00055835274	0.0010453037	0.004658965	0.0010339859	0.00252914	0.011047012	0.0007134601	0.029147625	-23.01891326904297
s03e11b	640.0	5.0	0.8263639	0.8263639	0.025611999	0.021791974	0.00011173445	0.00214051	0.09523259	0.00037118932	0.0043171057	0.0111699905	0.00043353127	6.7288434e-05	0.004787089	0.005997467	0.0020266166	0.0015260617	0.004106521	0.00023568707	0.0033637641	0.011790825	0.0074749147	0.0074749147	0.0009161574	0.0030986643	0.000680651	0.0030986643	0.046302736	0.005963754	0.00201099	0.00027201764	0.00012080298	0.00021604827	0.005141372	0.00016202974	0.0002630642	0.00094132766	0.0003905631	0.0004308839	0.0010474066	0.00030067886	9.94566e-05	0.0010474066	0.001303055	0.002081967	0.007865859	0.00034672068	0.00017068145	0.0003168949	0.001728746	0.0020228992	0.00082862144	0.23092705	0.00043030616	0.12403346	0.00079469895	0.00078762125	0.001038632	0.0004825663	0.00030163294	0.00038979054	0.00012696686	0.00029970176	0.00092115585	0.003757441	0.0011108922	0.048038602	0.0014495226	0.0054035266	0.0065294555	0.00015448971	0.09343651	-24.915699005126957
s03e11b	645.0	5.0	0.76945096	0.76945096	0.004209679	0.34854802	0.0010001565	0.0007242668	0.0018128494	0.0010070158	0.003074652	0.03662393	0.00017516372	0.000291927	0.0036770902	0.0030172262	0.00049117306	0.00026992167	0.0014409744	0.0014944708	0.00067327556	0.002933498	0.0065345946	0.006253859	0.0065345946	0.0060905726	0.003061105	0.0060905726	0.1588778	0.010503746	0.0017919886	0.0010900887	0.00042009898	0.0010655442	0.0031361028	0.0010035449	0.0008364561	0.0063819857	0.002286143	0.0063819857	0.0025817265	0.0025112866	0.0017787386	0.0025817265	0.0014191226	0.0053945337	0.015017682	0.000902169	0.0003983031	0.0012758097	0.005861686	0.001148675	0.0034735433	0.0012936556	0.00074448105	0.0013822233	0.0014513148	0.0054126214	0.0054897456	0.02183932	0.00016416621	0.0006417261	0.00031363498	0.0009798986	0.0114719	0.00075600186	0.00064263004	0.0007581519	0.0014856742	0.018199058	0.0012501517	0.0004529583	0.0114719	-27.422351837158203
s03e11b	650.0	5.0	0.76978314	0.76978314	0.049342018	0.0049170856	0.00035987297	0.0069468566	0.28802997	0.0021726575	0.009816211	0.0014479582	0.00020530168	0.00021349777	0.0009197758	0.0027974371	0.0005625228	0.0006060517	0.004172639	0.0045736255	0.0065320698	0.102701135	0.005611976	0.0007960245	0.0012842909	0.0028559337	0.00029255977	0.0028559337	0.058291897	0.015249008	0.0041149855	0.0013185127	0.0005796518	0.0015373784	0.028441396	0.00025185154	0.00057233736	0.0020969394	0.0020969394	0.001683602	0.00198053	0.0017645076	0.0012124908	0.00198053	0.00086816953	0.0059715435	0.008398308	0.00043861987	0.00030792708	0.00026915356	0.0015829395	0.0018175668	0.002924409	0.046641815	0.00013373411	0.011109826	0.0014869013	0.002066183	0.00022495023	0.00021730333	0.00040680787	0.0019700984	0.00023290746	0.00020911804	0.0021781642	0.00041327375	0.005211076	0.0065633757	0.001103498	0.0021908123	0.0016088086	0.00029239914	0.032826878	-24.34719467163086
s03e11b	655.0	5.0	0.23087405	0.23087405	0.0034695296	0.0005375883	0.00055569096	0.0017158337	0.00055068196	0.00071372325	0.010017675	0.001104868	0.0022483992	0.0003497747	0.0016963981	0.010268675	0.0029647097	0.00023208793	0.008757728	0.008744471	0.001497071	0.0037965614	0.009218185	0.00088229316	0.006628394	0.0007689844	0.0006254605	0.0040813233	0.038532276	0.005638223	0.0008710639	9.004799e-05	0.00019387495	0.0004909449	0.008765244	0.00013702655	0.00016166599	0.001248126	0.0009851551	0.0007934312	0.0006053835	0.00015645202	0.00040621494	0.0006053835	0.0049165813	0.003247891	0.0024188545	7.667979e-05	5.3377393e-05	8.57701e-05	0.00043238598	0.001172588	0.001378614	0.008888981	0.00038219627	0.043804813	0.0024164775	0.00038627087	0.00034167364	0.0012403558	0.00022275953	0.00029350544	0.0008640465	0.00023075916	0.015872674	0.0076176086	0.002029595	0.1669243	0.00060824637	0.009199038	0.00035652256	0.00049474754	0.1669243	-28.161964416503903
s03e11b	660.0	5.0	0.6048739	0.6048739	0.02599647	0.004393523	0.0045225183	0.018915957	0.11719857	0.022259187	0.012880627	0.0037086215	0.021609258	0.00024656925	0.0021002805	0.001345704	0.0030266778	0.0010342844	0.0018515765	0.0001450433	0.005889276	0.07595712	0.026324322	0.026324322	0.022586875	0.0002977523	0.00075537106	0.001740542	0.043019373	0.008663195	0.004138364	0.0006486851	0.00018290312	0.0008824394	0.0026556042	0.00087733904	0.00067724846	0.00082523236	0.0005467651	0.00082523236	0.0008484206	0.00070780213	0.0004059041	0.0008484206	0.00033647145	0.0029588758	0.008235779	0.00044450638	0.00016069744	0.0006832487	0.0028371261	0.0008371849	0.0016119574	0.002341578	0.0010902076	0.00034296256	0.0005285343	0.002107591	0.00014813042	0.0006135874	0.0004253531	0.0008750811	0.0009971947	0.00014510348	0.0030275702	0.0006237648	0.0005158994	0.006631415	0.0018195586	0.001223827	0.0012568824	0.00057032984	0.006631415	-23.8697452545166
s03e11b	665.0	5.0	0.11080374	0.11080374	0.0010579575	0.0017074512	0.010525043	0.0051759863	0.104522124	0.008918723	0.06697628	0.010099941	0.006289902	0.00021363523	0.014694247	0.004537195	0.0007941131	0.00045197905	0.0010842336	0.0029680592	0.002723204	0.004602447	0.00754316	0.0029290204	0.0015507791	0.0010150529	0.0009308078	0.0379984	0.59735733	0.044272415	0.0061145783	0.0022322268	0.00059410895	0.0013939335	0.010605896	0.0005550624	0.004414053	0.0041324706	0.0041324706	0.0030134046	0.011887154	0.011897082	0.0008095993	0.011897082	0.0003649371	0.014657525	0.042720657	0.001622539	0.0005257772	0.000666445	0.010039499	0.0007673268	0.009941688	0.00091148494	0.00016835006	0.001353693	0.0011504699	0.0020030246	0.0020389617	0.00025637087	9.024777e-05	0.00034915953	0.00021785576	0.00062837126	0.001111216	0.00019016223	0.0006681373	0.0032920577	0.00059467205	0.019128107	0.0013960958	0.00037830378	0.0032920577	-23.208721160888672
s03e11b	670.0	5.0	0.024526909	0.024526909	0.004940636	0.0009643105	0.0002703366	0.0030095936	0.0033176627	0.006718892	0.011807338	0.0013914885	0.018553693	0.00010517271	0.011695821	0.0043490753	0.0012635882	0.0006862194	0.0030092404	0.0009992331	0.0075404937	0.0075022574	0.010462162	0.000918352	0.0014113487	0.0017029875	0.0023419722	0.0023419722	0.61002207	0.059723243	0.033310343	0.0020719802	0.0006282473	0.001969999	0.010045657	0.0013311717	0.012933523	0.0034424833	0.0034424833	0.00065648544	0.002187503	0.0029159316	0.0004521747	0.003302907	0.0010792121	0.0054849936	0.030942041	0.0010438613	0.0024275526	0.0014740454	0.009848122	0.0005454648	0.005011982	0.01676413	0.00044916256	0.004221054	0.006013991	0.029428944	0.0020852606	0.0030222035	0.00013710209	0.0014448157	0.0012638405	0.00047815253	0.0009850323	0.004125935	0.030884108	0.020599477	0.005232541	0.0063099684	0.0048160586	0.051950224	0.04569456	-27.120929718017575
