episode_id	onset	duration	talking	speech	man_speaking	woman_speaking	baby	shout	laughter	cry	singing	kids	groan	whistling	breathing	walking	mouth_sounds	fart	hands	heartbeat	cheering	crowd	mammal	dog_bark	cat	rooster	duck	bird	music	musical_instrument	guitar	piano	organ	electronic_instrument	percussion	bell	ambient_music	weather	wind	rain	river	wave	thunder	river_sea	fire	boat	car	traffic	car_honk	emergency_vehicle	train	cycling	engine	door	doorbell	knock	dishes	radio_tv	dryer_vacuum	zipper	keys	alarm	telephone	whistle	mechanisms	tools	boom	bang	glass	water	beep	silence	sudden_noise	db
s03e16a	0.0	5.0	0.8140898	0.8140898	0.029544456	0.024430105	0.00026727226	0.0018082416	0.0051543973	0.0025726599	0.0075902287	0.0015810303	0.0012208953	0.000142905	0.001997263	0.0013820608	0.00026016857	0.00045508548	0.0008820729	0.00010501978	0.0002867622	0.00543584	0.0020750514	0.0020750514	0.00090172427	0.002703928	0.0006069535	0.002703928	0.049352977	0.0058830264	0.0035560722	0.00066160725	0.00033635617	0.0006629561	0.0013665655	0.00042346856	0.00024944887	0.0012495492	0.00086260325	0.0012495492	0.0006428671	0.00047227877	0.0005263895	0.0006428671	0.0007478925	0.0027563688	0.002497159	0.0001674877	0.00023952559	0.00069475296	0.0007222153	0.0010431932	0.0006562277	0.0017463388	0.0025386007	0.0008478646	0.0006877843	0.005097448	0.00046225646	0.010765162	9.339292e-05	0.0007122532	0.0010340525	0.00019678421	0.0022012177	0.0013123676	0.000344463	0.0013689696	0.0020870932	0.0017838452	0.0016212928	0.12743753	0.010946281	-22.821407318115234
s03e16a	5.0	5.0	0.8467529	0.8467529	0.0023618506	0.10508074	0.00030533786	0.0011228251	0.0026697463	0.0022315206	0.0037915495	0.05421001	0.00033423174	8.162045e-05	0.0025720494	0.0023714923	0.00041720518	0.0003351312	0.003038676	0.000772909	0.00017784296	0.00058791635	0.024482103	0.0040349565	0.000629737	0.0034542868	0.0026088296	0.0034542868	0.4469882	0.010992742	0.0014270562	0.0011326192	0.0007376468	0.0020784263	0.005090522	0.0013739641	0.0024331687	0.0012013316	0.00051163574	0.0012013316	0.0012447069	0.00044091255	0.0003846885	0.0012447069	0.0007304849	0.0025860732	0.0032011212	9.776051e-05	0.00016512715	0.00072679186	0.0009451147	0.000908604	0.0010722863	0.0073298775	0.007511068	0.006118132	0.0060753915	0.0034174463	0.004953015	0.014173312	0.00024230237	0.00066953007	0.0014342197	0.000120624674	0.0024756216	0.0053766924	0.00034063516	0.004593543	0.002045875	0.008004997	0.009757155	0.000577919	0.016266134	-20.578357696533203
s03e16a	10.0	5.0	0.8862705	0.8862705	0.072091214	0.037262052	0.00018498147	0.006079764	0.22066525	0.0027133876	0.0016787442	0.0034406027	0.0014512084	0.0003574404	0.0011078559	0.003734508	0.010454198	0.0019252149	0.0033504218	0.002323344	0.0069127856	0.061840985	0.016730051	0.0058003017	0.0010951739	0.0022856114	0.00047603916	0.0033350186	0.037498698	0.0064281393	0.00470581	0.0007982662	0.00048085384	0.0009763885	0.0027979533	0.0002958093	0.0004133451	0.0013121977	0.0007234583	0.0013121977	0.008757417	0.0015740157	0.00025087947	0.008757417	0.0011286874	0.0046921014	0.008364076	0.00039590642	0.0003137929	0.0005620013	0.0013390948	0.0034529883	0.0023756362	0.007371469	0.0006234938	0.001574403	0.00041068642	0.0039783283	0.0010257551	0.00752488	0.0010448478	0.0007498636	0.00045341454	0.0001969402	0.0056877593	0.0012728112	0.0009346927	0.0053171283	0.0020679475	0.010782004	0.0044017257	0.0001049459	0.0056877593	-21.434476852416992
s03e16a	15.0	5.0	0.8775506	0.8775506	0.0054892977	0.102020584	0.0028987015	0.0010707021	0.010559533	0.0036185416	0.0018294837	0.15060133	0.0006056302	0.00015267979	0.002014904	0.0026119233	0.004730836	0.0010501037	0.0027275872	0.00039257287	0.00019094512	0.0009001713	0.021417305	0.006248104	0.0007534114	0.0023832642	0.0026381023	0.0031852063	0.041506622	0.0035579584	0.0017525477	0.0007637464	0.00056025403	0.00068391516	0.0013260058	0.0015324194	0.0006437758	0.0024041175	0.00086663966	0.0024041175	0.0018772975	0.00053939095	0.00067732396	0.0018772975	0.0010184258	0.0022424476	0.006309735	0.00016471624	0.00019803914	0.0005960384	0.0008794394	0.0017825578	0.00085855613	0.0021955632	0.00284539	0.0014398071	0.0005086418	0.0032368463	0.0014609179	0.05665629	0.00028510447	0.0019470433	0.0036791435	9.4166186e-05	0.0033852467	0.0005340261	0.00036819384	0.0006584285	0.0007471944	0.0043435716	0.0017442686	0.00062828505	0.0033852467	-21.23456573486328
s03e16a	20.0	5.0	0.830614	0.830614	0.049600936	0.012112397	0.0007144037	0.003046989	0.019528938	0.0011233622	0.0009486963	0.002283557	0.00042226285	0.00027134625	0.0120685585	0.03338236	0.004172041	0.00028029166	0.0028762275	0.00017132159	0.0023096642	0.056851216	0.007258433	0.0039258115	0.0012410785	0.0035646525	0.0028081466	0.0035646525	0.035315167	0.0042933174	0.0022424113	0.00042787672	0.00025617098	0.00035311174	0.0036763444	0.0003323814	0.0001493245	0.0012080318	0.0010083094	0.00033068794	0.00081573863	0.00064353104	0.00012307541	0.00081573863	0.0035984686	0.0059948717	0.0043357075	0.000402757	0.00021299902	0.0005785575	0.00042533016	0.0034442015	0.00090084143	0.018516444	0.00023760853	0.007153889	0.001472125	0.003480919	0.00034345486	0.03519648	0.0011311128	0.00046718417	0.0014668914	0.00016414757	0.0019791469	0.0039374377	0.006196167	0.004660336	0.0008050013	0.013405734	0.0040920163	0.00023926173	0.0674484	-23.217506408691406
s03e16a	25.0	5.0	0.8389682	0.8389682	0.004816456	0.009755082	0.00015939296	0.0006531768	0.0023778386	0.0006147291	0.0032515533	0.011412135	0.00025887473	0.00014967505	0.0017440976	0.0068260366	0.00018848736	6.402104e-05	0.00013068416	8.182775e-05	0.00014958916	0.00075939373	0.015072431	0.0065978863	0.0010205742	0.003010282	0.0009809635	0.0062026177	0.040224556	0.0016966696	0.00086159405	0.00062951795	0.00017527699	0.00043278324	0.0020594206	0.00031807352	0.00041153372	0.0014991052	0.0013543726	0.0014991052	0.00027521956	0.00053036417	0.0005666685	0.00053036417	0.0033793123	0.0036443432	0.055214558	0.00031053086	0.0014334857	0.00047480068	0.0053033913	0.006069146	0.007025953	0.55585605	0.0016527592	0.012073578	0.00059855264	0.00097549264	0.0005964203	0.00024497724	0.0049771615	0.0006827348	0.00091298204	0.00014552665	0.006087468	0.005543063	0.0070914035	0.09659255	0.0016757835	0.0016809897	0.0005210616	0.0009990071	0.09659255	-28.27328109741211
s03e16a	30.0	5.0	0.6946985	0.6946985	0.003201106	0.0657568	0.00028439428	0.000107493484	0.00082113384	0.0013989953	0.001053369	0.01618161	0.0003356188	0.00013627393	0.002634261	0.0020128607	0.0015738171	0.000112498434	0.008358829	0.000319857	0.00010376096	0.0003527534	0.0036206327	0.001257098	0.000854206	0.0014172385	0.00072714	0.0014172385	0.020344459	0.0034155385	0.0014646978	0.0005821602	0.000620863	0.00051000796	0.0004827644	0.00017309925	0.00014135824	0.00072325463	0.00044597214	0.00072325463	0.000375125	0.00022277568	0.00039540234	0.000375125	0.0012344574	0.0012104783	0.0033416583	0.00010089722	0.00022363162	0.00020887872	0.000983284	0.00023860745	0.0006907316	0.0029510804	0.0003346204	0.004245365	0.004305169	0.0042525874	0.00069967186	0.0014448294	3.8118043e-05	0.0006351843	0.003479434	0.00012072375	0.0023391275	0.0012596893	0.00023004257	0.0014426997	0.00036216824	0.004311901	0.0015775664	0.00012939655	0.028694019	-26.45610618591309
s03e16a	35.0	5.0	0.91454655	0.91454655	0.063194975	0.03659343	0.0005446292	0.002581885	0.00603189	0.0018225671	0.003484424	0.004077354	0.00013913978	0.00042690948	0.0013158382	0.028288163	0.0010012033	0.00021699173	0.0025375541	8.1905804e-05	0.0015506159	0.015970193	0.036537252	0.036537252	0.00053430314	0.007825276	0.0045109037	0.023603542	0.047603846	0.0052516474	0.0014168742	0.00079483114	0.0003429184	0.0006490858	0.0012707792	0.00018546237	0.00031637115	0.002405345	0.00030817938	0.00093227974	0.00066387065	0.00022231268	0.0001352266	0.00066387065	0.002936994	0.0023847532	0.0062065814	0.00028230902	0.0018551226	0.002144902	0.0005276298	0.0019182422	0.0011739106	0.0063670115	0.00069119065	0.00452293	0.00057186076	0.014898873	0.0002607713	0.007989056	0.00081126427	0.0019623768	0.004577074	0.00036699307	0.0034673656	0.0012624267	0.0012609762	0.0012454814	0.00037495932	0.0036463921	0.0066369744	0.00040530498	0.016434157	-20.629684448242188
s03e16a	40.0	5.0	0.89091766	0.89091766	0.10808546	0.019527221	0.0006639118	0.005308815	0.025012666	0.0022973851	0.00084036106	0.0024360884	0.000307854	0.0005951804	0.0012072916	0.04505622	0.0016282588	0.00035274465	0.0012968391	0.00027895495	0.00174827	0.050657816	0.019488728	0.003887005	0.000866397	0.0038647566	0.0010334763	0.0038647566	0.01685802	0.003061763	0.00085745	0.00042367307	0.00030696538	0.000341448	0.0019123327	0.00039068412	0.00013992944	0.003195026	0.0013504917	0.00062530884	0.0014009718	0.00082971726	9.733096e-05	0.0014009718	0.0017492614	0.002691115	0.001268179	0.00020242743	0.00028578076	0.00052103377	0.00059569994	0.0018607255	0.00040096452	0.008265096	0.00019149281	0.0036293922	0.0005329288	0.0010424893	4.1112926e-05	0.0019260617	0.0005726931	0.000552072	0.0005754157	0.0003585019	0.0021269093	0.00036144495	0.0006450207	0.0023822566	0.0005639416	0.0068730772	0.0077316114	0.00065544894	0.11725337	-23.394630432128903
s03e16a	45.0	5.0	0.69604975	0.69604975	0.0017190932	0.007316795	0.0005643938	0.00159488	0.003227024	0.0005016687	0.0013017624	0.04483236	0.0003917138	0.00026509503	0.0017150423	0.0059948293	0.0002038765	0.00025688394	0.006098652	0.00020017507	0.00036457303	0.005150093	0.007828697	0.005039692	0.0006129506	0.01549387	0.004183108	0.01549387	0.41792774	0.003386642	0.0006132515	0.00014960542	0.00026525836	0.0007738007	0.0022691383	0.00056222663	0.00080826186	0.0002785903	0.0002785903	0.00013787467	0.00036060103	0.00025384448	4.956802e-05	0.00036060103	0.0007763307	0.0013169979	0.004505633	9.170372e-05	0.0007366956	0.00033329622	0.00064294925	0.0035998966	0.000677672	0.007679409	0.00050824974	0.0036772108	0.020573158	0.00039566986	0.0003553551	0.0003665359	0.00072567584	0.00026999298	0.00016485389	0.00015666804	0.0018800489	0.0186917	0.033117235	0.033404548	0.0195057	0.0018621677	0.025999067	0.0004174075	0.033404548	-21.309965133666992
s03e16a	50.0	5.0	0.89446896	0.89446896	0.011449022	0.05813662	0.0014374891	0.002059397	0.039144922	0.002144201	0.002709309	0.042995833	0.001053489	0.00035257518	0.0029665257	0.0019442758	0.0011663607	0.00065547077	0.0012716831	0.0005534822	0.0002157648	0.0011903096	0.08222544	0.08222544	0.0044514574	0.0070678466	0.0055432366	0.0070678466	0.83128387	0.005336671	0.0015490487	0.0003641045	0.00014128479	0.0006126285	0.003694536	0.001016612	0.004997253	0.00069275853	0.00020787277	0.0002787561	0.0007189253	0.00047533095	6.434243e-05	0.0007189253	0.00020657192	0.001633505	0.007593581	0.00014576496	0.00029032218	0.0004955867	0.0007589991	0.003023905	0.0006723346	0.00305547	0.0014586285	0.0017635536	0.00090862473	0.007698852	0.0023639323	0.011514073	8.513078e-05	0.0005776773	0.000763718	0.00013556099	0.0017678872	0.0005244019	0.001308936	0.0077561676	0.00083923514	0.0050465916	0.008152446	4.856814e-05	0.008152446	-22.112348556518555
s03e16a	55.0	5.0	0.24707429	0.24707429	0.008767432	0.0027632972	0.0009436552	0.0075859376	0.06019913	0.0016998192	0.035497088	0.001334451	0.00014071607	0.00018411993	0.0012570585	0.011521017	0.0005818243	0.00015975877	0.0014803783	0.00095905317	0.0046418305	0.021021757	0.0023394034	0.0022462907	0.0013626245	0.0058936914	0.0016469652	0.0058936914	0.7798428	0.112904176	0.0807127	0.001568843	0.0007564314	0.004105043	0.13807528	0.0010612877	0.03304598	0.0012502755	0.0012502755	0.00042546014	0.001809286	0.002235181	0.00027015753	0.002235181	0.00037348055	0.009251714	0.012448569	0.00054137525	0.00060882955	0.0010205032	0.003455273	0.0015383009	0.002245704	0.004853572	0.00046031602	0.001496847	0.0005007837	0.0012117773	0.0004517191	0.00040156374	0.00043238638	0.00095504924	0.0004921533	0.0003056871	0.0011538183	0.0013767902	0.0027494205	0.0038410076	0.0005947551	0.0021021522	0.0020236839	0.0002834639	0.02713216	-22.715988159179688
s03e16a	60.0	5.0	0.011060924	0.011060924	0.0002406858	0.00034244914	0.00020051107	0.000964391	0.00027448582	0.00016981005	0.011112969	0.00048162034	6.3071115e-05	0.0001921837	0.0021244467	0.0010532552	0.00021429539	7.91665e-05	0.00016841282	0.00061323104	0.00039870557	0.0005732592	0.0046665356	0.002310129	0.0046665356	0.0021991837	0.002819903	0.002819903	0.8793252	0.10778205	0.0826508	0.003195679	0.0004313405	0.0043126685	0.018435705	0.0034361389	0.040840484	0.0008597292	0.0008597292	0.0007342733	0.0023501061	0.0012863532	0.00038922057	0.0023501061	0.0002665259	0.0041572168	0.00681436	0.00019189238	0.000375066	0.0004938318	0.0031098821	0.0022016934	0.0016489626	0.0007783067	0.00048218557	0.00072390976	0.0006017195	0.0017873786	0.0014351035	0.00037856752	0.00091817917	0.0010294351	0.001983792	0.0009947531	0.0018505246	0.006779338	0.00083641143	0.0010534372	0.0012706262	0.0057170046	0.0014940603	0.00034660814	0.016930383	-21.88567352294922
s03e16a	65.0	5.0	0.5265996	0.5265996	0.0027161555	0.007946981	0.0003427042	0.002237886	0.00058796536	0.0007537201	0.029535832	0.011530676	0.00019357922	0.00030051722	0.004081922	0.0010517156	0.0004719592	0.00015094763	0.00026422224	0.00077757897	0.00026903092	0.0005601019	0.004997092	0.004997092	0.002542198	0.0050401287	0.0040373565	0.0050401287	0.8452441	0.08143714	0.057854116	0.0020931333	0.00030186883	0.002649805	0.026945068	0.0020910238	0.022673378	0.0005979437	0.0002898813	0.0005979437	0.0012137388	0.0008556829	0.0002896462	0.0012137388	0.0001306752	0.001635237	0.0008956276	7.6483266e-05	0.00033128716	0.00014338655	0.0013384096	0.0005268101	0.00035013922	0.000490078	0.0014473489	0.0011570234	0.00085480197	0.0038232845	0.00047492646	0.00054258096	0.00023786696	0.00032698366	0.0017336005	0.00070082827	0.0019112271	0.0011439251	0.00049919094	0.0013812765	0.0006705214	0.0022497464	0.0018387072	0.00033706607	0.013293506	-21.098787307739254
s03e16a	70.0	5.0	0.85449195	0.85449195	0.0056242268	0.05888473	0.07418145	0.00097412086	0.011405154	0.0057580406	0.014528907	0.5199566	0.00010710621	0.00029787127	0.004916554	0.047443163	0.010870945	0.00061879924	0.0231145	0.0009391427	0.0047158753	0.0006002986	0.023832357	0.0067250305	0.0014866507	0.0033785645	0.0029846418	0.0033785645	0.03509615	0.0053501483	0.0017635109	0.0012504715	0.00023785242	0.0006260889	0.0013401092	0.00066769967	0.00030014385	0.012673132	0.0014256068	0.008796533	0.018108122	0.0007557001	0.0009772386	0.018108122	0.002749869	0.01170595	0.002563942	5.4139797e-05	0.00023346819	0.00010386768	0.00061977137	0.0054491637	0.0003381151	0.006328985	0.00024861615	0.0077989744	0.0006603002	0.0003177253	0.00046466463	0.0033823007	0.00016374784	0.00041858834	0.0004732138	0.00030483527	0.0007306332	0.00012764569	0.00047166258	0.0010819637	0.00024424586	0.010690903	0.0013955873	0.00035094057	0.0031569176	-25.382421493530277
s03e16a	75.0	5.0	0.87696564	0.87696564	0.015302517	0.038508523	0.0050653014	0.0034333707	0.20891784	0.053523522	0.0024367443	0.0050672507	0.0012535751	0.0006440719	0.017281963	0.0015567791	0.006905944	0.003411814	0.00054526154	0.00035297577	0.0010858182	0.011221682	0.012712655	0.009306597	0.0023994343	0.0035145814	0.0012781383	0.0035145814	0.021091314	0.0083683245	0.0028408626	0.0013073885	0.00018931463	0.0011863236	0.004707883	0.00027228153	0.00021991436	0.0010077481	0.00088576006	0.00071238587	0.0013127007	0.0006277798	0.00023638294	0.0013127007	0.0009971006	0.0025009057	0.0055079055	0.00085629296	0.0009760169	0.0015725625	0.0033848607	0.0020144342	0.0013667964	0.0018189239	0.00017829712	0.00053624954	0.00033600986	0.0076234285	0.0011693242	0.0034700176	0.00025535605	0.00081894983	0.0006489683	0.00021036752	0.0016589225	0.00032343125	0.00083416415	0.0017153943	0.0009774296	0.0019885444	0.0015449382	0.00024077989	0.0017153943	-23.82766342163086
s03e16a	80.0	5.0	0.7504341	0.7504341	0.014944699	0.028439084	0.00037923414	0.00911343	0.037958454	0.006146898	0.0033181643	0.017502503	0.008598568	0.00017854077	0.0059761875	0.002287896	0.000414127	0.0016879356	0.0021300814	0.001161167	0.011487473	0.011984095	0.0073813987	0.0018019757	0.004992087	0.00038113203	0.0013478794	0.0013478794	0.07567761	0.0045775697	0.002654362	0.0010482256	0.0010361089	0.001143741	0.0033265783	0.00026937664	0.000429921	0.00480431	0.0011125115	0.00480431	0.008324107	0.0019446355	0.0012545562	0.008324107	0.0019319665	0.0025228723	0.008776279	0.000344831	0.0005355104	0.00030707952	0.005123663	0.00077504903	0.0038850468	0.006186704	0.0003305215	0.001467685	0.00038478352	0.0005921546	0.0061429897	0.009332765	0.0003143762	0.00063877826	0.00022242652	0.0019805545	0.0030626247	0.006137708	0.0019274254	0.003741521	0.0016699814	0.044978414	0.0012205301	0.00038402458	0.0077572064	-20.793046951293945
s03e16a	85.0	5.0	0.8994191	0.8994191	0.008935109	0.0477142	0.0004812193	0.0047367737	0.053259414	0.00580954	0.0039270963	0.05627592	0.0005502546	0.00029640808	0.0020031284	0.0026504588	0.0008923991	0.002497015	0.00065419014	0.00084941235	0.0015034898	0.045646768	0.014693531	0.0046165218	0.0012870302	0.0028559798	0.002012877	0.0028559798	0.041916218	0.0033328496	0.0018496987	0.00051324564	0.00020519346	0.0006740148	0.0016091863	0.00033438727	0.00045281675	0.002139349	0.0015093597	0.002139349	0.009167565	0.002237621	0.0008265745	0.009167565	0.0010147203	0.006967813	0.033258438	0.0008650392	0.0012763342	0.0013069304	0.003442603	0.003886359	0.0036767165	0.0020258971	0.0012537021	0.0011594098	0.0003819253	0.0016018136	0.0002349747	0.0009822297	0.00018258391	0.0006595709	0.0003311192	0.00031104047	0.00080756133	0.00021240885	0.0019293131	0.00093867123	0.0004933188	0.0057867337	0.001512437	0.0006857622	0.0019293131	-24.01148223876953
s03e16a	90.0	5.0	0.8558221	0.8558221	0.008207337	0.20180881	0.00041778345	0.00056387146	0.04105916	0.005028817	0.0037215604	0.023782354	0.00065149204	0.00034430082	0.06986426	0.0055222055	0.007471173	0.0075962553	0.002054297	0.0010826782	0.00062645506	0.0029619976	0.0847005	0.010157809	0.002182647	0.0011074566	0.00054412615	0.0013902964	0.025780385	0.0027381175	0.0012854701	0.00087711465	0.00016488596	0.00065082987	0.0028444524	0.00042384453	0.00027839304	0.009581547	0.00681681	0.009581547	0.0087910425	0.014907043	0.0027582254	0.014907043	0.0006760899	0.006727856	0.01580732	0.003417029	0.0015862824	0.0005557082	0.0874385	0.0009802529	0.005816777	0.0044280733	0.0002278327	0.0023337733	0.000984104	0.00300459	0.0010063354	0.0011715731	0.00062394084	0.0025408464	0.0009895656	0.0007338361	0.0012909798	0.00056219206	0.0007366338	0.00095264235	0.0033144997	0.008746269	0.0008356913	0.0003597325	0.03954079	-22.98997688293457
s03e16a	95.0	5.0	0.77032655	0.77032655	0.014076293	0.026789233	0.00024008965	0.0023764228	0.019250866	0.00086417986	0.003648333	0.014955526	0.00020482636	8.977833e-05	0.0061775404	0.011383169	0.0010927765	0.0010635306	0.0046838275	0.000625378	0.0050678425	0.02386562	0.004717796	0.0037934321	0.00088704226	0.0021318966	0.00067875074	0.0021318966	0.016960727	0.0042173457	0.0011611897	0.00070272904	0.0005258259	0.0010061421	0.00483342	0.00021979657	0.00037794406	0.0015061923	0.0015061923	0.0011670187	0.0068514403	0.00057927676	0.0002866698	0.0068514403	0.0043593077	0.0071269837	0.0047083455	0.0005948427	0.00032937966	0.00070606504	0.0015016682	0.009688783	0.0010627927	0.050495006	0.00034883164	0.23308718	0.017191632	0.0005812523	0.00055786973	0.0016738876	0.00043530719	0.00074278814	0.00033269243	0.00015300931	0.00643359	0.016057458	0.0024958658	0.009333947	0.009388798	0.027700562	0.046638202	0.00050900265	0.08931496	-24.66442108154297
s03e16a	100.0	5.0	0.86787856	0.86787856	0.013566105	0.1491022	0.0011156029	0.0033202055	0.003686609	0.021447066	0.0023687673	0.017758336	0.008638509	0.00027780468	0.010204796	0.0049865786	0.0014427499	0.00089085894	0.0006869065	0.0006227841	0.00024062429	0.02009349	0.042909957	0.042909957	0.0013351121	0.0042178663	0.0056987507	0.0056987507	0.06441074	0.00397769	0.001583036	0.0006519526	0.0005582897	0.00060127635	0.0015628069	0.00063998904	0.0005992808	0.002388143	0.001959701	0.001393572	0.0021766524	0.0019043521	0.00040652836	0.0021766524	0.0012581234	0.008278591	0.024546335	0.0007282846	0.0021618158	0.0015455047	0.0026555993	0.0032154496	0.0010498636	0.0023869835	0.0014478003	0.002031597	0.0002726465	0.007867177	0.0006184691	0.04565461	0.0004372894	0.0011905908	0.0048135724	0.00039404165	0.004564365	0.0009540888	0.0026913353	0.0018487137	0.0011255286	0.00448762	0.0012849077	0.0005904158	0.00621204	-22.605627059936523
s03e16a	105.0	5.0	0.89150846	0.89150846	0.0109968325	0.33317834	0.0019629884	0.00025998236	0.0016820976	0.0049721296	0.003338187	0.049506072	0.00019131726	0.0008089781	0.036272027	0.002264125	0.0040021306	0.0012255219	0.0042179027	0.00028579	0.00026679132	0.0010470678	0.006970941	0.006970941	0.005937719	0.0048240777	0.002981421	0.006624336	0.01892274	0.0048849164	0.0020919025	0.0011174813	0.00048025604	0.00081865804	0.001290273	0.001822791	0.00025231444	0.003236277	0.0019368763	0.0016435807	0.0009841055	0.0012980173	0.0006382159	0.0012980173	0.001012915	0.0033726383	0.005272571	0.00037570175	0.00040728474	0.00095653	0.0023584957	0.001822791	0.0011553955	0.001174665	0.00041399652	0.0017933515	0.00049726537	0.0022382766	0.0006806143	0.01763354	0.00015660725	0.00055491476	0.001199292	0.00028276021	0.0030227522	0.0006622918	0.00040941796	0.0002928402	0.0010349355	0.011345555	0.00040037517	0.0009951679	0.007277983	-26.3371639251709
s03e16a	110.0	5.0	0.76385224	0.76385224	0.0015181842	0.0073643196	0.00027504328	0.0011122794	0.0004587898	0.0015946188	0.019316837	0.011355412	0.00026918077	0.00011136206	0.00069474994	0.001423864	0.0012830818	0.00031704598	0.0004346015	5.5328717e-05	0.00048357956	0.0005275121	0.003331779	0.003331779	0.0011381102	0.0016675522	0.0005657843	0.0016675522	0.7012388	0.42372897	0.19877146	0.05500229	0.0017444105	0.033181652	0.0030100744	0.0002994082	0.0013904499	0.0069359643	0.0010077404	0.0069359643	0.0013350288	0.0014431331	0.0026981784	0.0014431331	0.00085124996	0.0032452478	0.0044671604	0.0005473814	0.00019348861	0.00023112138	0.0011026809	0.005739665	0.000810575	0.00072402286	0.0008306535	0.0003338165	0.0004017387	0.0008064086	0.0001860387	0.0017265831	0.0012977058	0.00043916903	0.0007149394	0.00010773187	0.0012309601	0.00064067193	0.00031227147	0.0020407226	0.0015043505	0.002802803	0.0010810883	0.00059819315	0.0020407226	-25.057567596435547
s03e16a	115.0	5.0	0.2527846	0.2527846	0.0033772802	0.00138131	0.00011014784	0.0042897556	0.00024333398	0.00030806247	0.04639843	0.0013137633	0.00012940679	0.00028585896	0.0004947803	0.002032238	0.00014480617	0.00011945645	0.00065782573	0.00021491006	0.003413791	0.012536477	0.0014612811	0.0008933622	0.0006870833	0.0009702371	0.0013888472	0.0013888472	0.8228275	0.11524875	0.016622398	0.011727258	0.016220395	0.015686162	0.056509048	0.006562723	0.0076886374	0.0024136892	0.0024136892	0.0010601312	0.00093711546	0.0017952448	0.0004926193	0.0017952448	0.0023319765	0.018275768	0.17801204	0.008751839	0.0031339924	0.0025725903	0.0122211985	0.0018793053	0.030462045	0.0003769946	0.0009852218	0.0016485912	0.004543803	0.0026137647	0.00013341442	0.00014614839	0.0002488602	0.0011508623	0.0007328402	0.00042398094	0.0025797223	0.00067805575	0.00067312445	0.00101975	0.0029732734	0.0032560395	0.0022988324	0.000310551	0.0045585106	-23.145267486572266
s03e16a	120.0	5.0	0.049893655	0.049893655	0.002130637	0.0019677484	0.00031749334	0.0016212033	0.00091202743	0.0016723616	0.0020924122	0.0006314032	0.0011046223	0.00023356569	0.0034784654	0.006652264	0.002162749	0.00032179774	0.00046358997	0.00022701458	0.0007163764	0.0061064465	0.049323514	0.049323514	0.007480882	0.0014722694	0.0025664712	0.0063946927	0.025876546	0.0037752304	0.0028439844	0.00055682793	0.00038497336	0.0005249763	0.0018531873	0.0016192773	0.00042701125	0.02509324	0.02509324	0.008290697	0.0015321546	0.019752579	0.0047291145	0.019752579	0.009732529	0.027404387	0.08936256	0.00674315	0.0063152025	0.031942647	0.005356973	0.0031708768	0.007439931	0.0014618621	0.00021406544	0.0009036888	0.0033524525	0.0012000513	0.00019449243	0.04463699	0.00028074606	0.03151949	0.00020187386	0.0007193009	0.0035282366	0.0015986688	0.01276921	0.0011013603	0.00050060445	0.006114158	0.0010712139	0.0041072937	0.022273133	-33.03480911254883
s03e16a	125.0	5.0	0.101430915	0.101430915	0.002975856	0.0013876052	0.000731026	0.0018542849	0.0043904707	0.0033573362	0.0010264638	0.0010800605	0.0009848487	0.000581836	0.11494477	0.007992953	0.008036741	0.0016342767	0.00049621233	0.00013871718	0.0007358838	0.008202114	0.0075639607	0.006118143	0.0075639607	0.00090632954	0.0008561939	0.002806238	0.01557948	0.0017824551	0.0013251757	0.00037027485	8.664338e-05	0.0002446894	0.0014272232	0.00017877687	0.00034202109	0.040790282	0.040790282	0.0057873945	0.012014791	0.04105863	0.0038460754	0.04105863	0.0028849822	0.040491134	0.07670413	0.0036752422	0.0016459933	0.0037402161	0.0059200814	0.0106068365	0.0037282421	0.14430985	0.00013473236	0.0074792677	0.00074387505	0.0005654018	0.00012948678	0.00038717853	0.0011352845	0.0028567282	0.0006567949	0.00020572671	0.0052371845	0.0018143981	0.0030532312	0.02103956	0.0015811861	0.0035594262	0.00053947576	0.004408895	0.02103956	-33.21101760864258
s03e16a	130.0	5.0	0.725283	0.725283	0.062008433	0.02274829	0.00052837335	0.0047441865	0.07171921	0.001948867	0.0015636821	0.01157679	0.00036200308	0.0007553689	0.001786743	0.0114865145	0.0008686031	0.0030887933	0.0021851792	0.00043252468	0.0072965445	0.033028495	0.021078322	0.0047267964	0.0030586177	0.018303504	0.0073736184	0.018303504	0.019271052	0.0067461873	0.0018164737	0.00061939226	0.00041282212	0.00046572022	0.0015891108	0.00075770763	0.00029259265	0.012024254	0.009469992	0.012024254	0.016643604	0.012537256	0.0038334504	0.016643604	0.004242314	0.016086496	0.017930884	0.006655615	0.0150797665	0.0027010606	0.055657085	0.009378927	0.0034649312	0.0044852155	0.00042505472	0.002092693	0.0020353321	0.0009979635	7.80467e-05	0.00090175	0.00092273037	0.0046116705	0.0011588996	0.0021286064	0.001937825	0.00033260364	0.005225122	0.0029290747	0.0019285731	0.009286175	0.0013568043	0.0003737377	0.016618181	-21.654312133789062
s03e16a	135.0	5.0	0.24415153	0.24415153	0.0114844525	0.0051935273	0.0020185162	0.004423422	0.122710995	0.0028056405	0.006011076	0.0013321001	0.0010511606	0.00035240297	0.0038852035	0.011546225	0.0033136886	0.0025162369	0.010260701	0.00050356064	0.01325706	0.03598711	0.008088242	0.00605915	0.0016226611	0.027920125	0.007312439	0.027920125	0.07813915	0.017819213	0.008572358	0.0015154443	0.0002987817	0.0014576063	0.004867408	0.0015929852	0.0008006877	0.0062157293	0.0050788512	0.0017396425	0.0055333353	0.0041122115	0.0009534609	0.005745497	0.0011323182	0.021683555	0.020483248	0.0021484646	0.0047150385	0.003484371	0.033070087	0.004173202	0.004231501	0.012564641	0.0030661996	0.006197655	0.0027479227	0.0035205884	0.00020056003	0.0028304253	0.0003083966	0.0019970187	0.0027105194	0.00081066	0.0046235584	0.00093912485	0.0142149	0.006703088	0.002876601	0.0077267373	0.004707796	0.03568549	0.0142149	-25.48664283752441
s03e16a	140.0	5.0	0.035259668	0.035259668	0.0080859745	0.0017545259	0.00015588274	0.0006045996	0.0003940088	0.0022698066	0.013842243	0.001071885	0.0035848387	0.00011757406	0.0017554974	0.0028554774	0.0042016553	0.0012454909	0.0036053378	0.00021226185	0.0011832381	0.0007629047	0.0024105934	0.0021499465	0.0024105934	0.0009165251	0.00070018676	0.0055772434	0.5226746	0.025917577	0.0132518215	0.0028852057	0.0045178104	0.002854325	0.0024594434	0.0015143919	0.005585895	0.0019023843	0.0010015945	0.0019023843	0.0043653175	0.00055020006	0.000820616	0.0043653175	0.0010356061	0.0013285695	0.002596543	0.00033064283	0.0006399119	0.00025683496	0.0015076237	0.0014366488	0.00074571907	0.0023220433	0.0017798786	0.004018438	0.0045968583	0.0012752017	0.000661046	0.0051622796	0.00020636206	0.0008489216	0.002449763	0.0015972432	0.0010112354	0.0070868493	0.0013294644	0.003886152	0.0043904744	0.006370464	0.0041586445	0.34949464	0.05710628	-32.68563461303711
s03e16a	145.0	5.0	0.6959152	0.6959152	0.002372359	0.0052312408	0.0001671222	0.0006150972	0.0006849102	0.0002916808	0.0030254622	0.007848274	0.00015384525	0.0003538342	0.0003527993	0.0020431906	0.0003747527	0.00041136425	0.0007095229	9.866878e-05	0.00040397633	0.005867324	0.002204385	0.0005411168	0.002204385	0.0011203912	0.0018181397	0.0018181397	0.028322864	0.0041451724	0.0009932767	0.0003092047	0.00014304732	0.0011137585	0.0036531342	0.00029748585	0.0002150066	0.0013439711	0.00097511726	0.0013439711	0.0013066604	0.00077075505	0.00056410074	0.0013066604	0.0017739437	0.0042844512	0.0046781353	0.0003390294	0.0002441355	0.00029973147	0.0011806587	0.0030259746	0.0019216266	0.00265392	0.0014552299	0.0022777522	0.003433798	0.001369975	0.00020703016	0.00013218484	0.0011151094	0.0007736378	0.007980924	0.0016888855	0.00436208	0.011800636	0.033105694	0.005104311	0.016355433	0.0015426896	0.024978375	0.0048756604	0.19660082	-32.84148406982422
s03e16a	150.0	5.0	0.73894	0.73894	0.03254862	0.13364121	0.00033981827	0.0003884207	0.00060822954	0.01583424	0.0018647132	0.011224221	0.0018401816	0.0006928685	0.012955317	0.008847385	0.0052560708	0.0015971847	0.0022174404	0.00037281215	0.0002570199	0.002914329	0.0091148345	0.003544374	0.0027664613	0.0049978006	0.0031818377	0.0049978006	0.015470282	0.00431038	0.0013818508	0.0008106407	0.00019812035	0.000604642	0.0010375779	0.0006710696	0.00020382693	0.008711672	0.0021503752	0.002127365	0.0029356468	0.0017961473	0.0006027616	0.0029356468	0.0028548774	0.008319405	0.017887985	0.0004269699	0.0012590602	0.0007113554	0.0017549217	0.0022554735	0.0011525501	0.0015207164	0.00043562995	0.002249359	0.00049722655	0.018411547	0.00080237107	0.0070418194	0.00023645439	0.00085790025	0.0113940835	0.00042805052	0.003189201	0.00079890393	0.0016691793	0.0010420632	0.00078809727	0.0073614377	0.0012689438	0.0027123245	0.0048670894	-30.95792579650879
s03e16a	155.0	5.0	0.62616974	0.62616974	0.008245225	0.08704316	0.0012682304	0.00042510073	0.0006550093	0.003744035	0.0027990057	0.075488195	0.00088116643	0.00012305041	0.002249877	0.0034350615	0.009016308	0.00043568743	0.0045127906	0.00055196416	0.0001216445	0.0014072887	0.006974362	0.0048688496	0.0018333391	0.007704275	0.0033364184	0.007704275	0.046781935	0.0061645997	0.0013702621	0.00090575934	0.00054013974	0.00079001166	0.001251026	0.0010791555	0.0003586954	0.0050376095	0.0023708292	0.004550501	0.0028704419	0.002622219	0.001501559	0.0028704419	0.001768909	0.008848702	0.013000956	0.0004408407	0.001606336	0.0006446022	0.0025200539	0.0006458277	0.0009852909	0.0003596312	0.0006065386	0.0012050851	0.00037951642	0.0033299683	0.0002717693	0.0026212803	1.7384018e-05	0.00062861503	0.003727647	0.0004241402	0.0034530705	0.00039035204	0.0013451255	0.00028746077	0.00022059647	0.002695553	0.0004808041	0.0011346915	0.0034530705	-32.39210891723633
s03e16a	160.0	5.0	0.83148736	0.83148736	0.02857896	0.06056389	0.0002219357	0.00061557925	0.04244881	0.0036873694	0.0029468674	0.0021289648	0.00056521804	0.0004376138	0.028187778	0.0031675175	0.0018805938	0.0013507432	0.0012110226	0.0001843432	0.00268882	0.023548454	0.012237764	0.012237764	0.0058423504	0.0017522257	0.0008665811	0.0017522257	0.02363723	0.0043875286	0.0013772484	0.0006028794	7.404524e-05	0.00036325573	0.0015584107	0.000121926925	0.00013150983	0.0017035339	0.0017035339	0.0013610674	0.0010454361	0.0037872887	0.0016541625	0.0037872887	0.001350237	0.0075408253	0.022023462	0.0022894333	0.0022446571	0.00026343617	0.10539675	0.0014756592	0.0043676975	0.0054821176	0.00031562313	0.0010030972	0.0008159097	0.0063773133	0.00020851237	0.0010802622	0.00030728983	0.0010691263	0.0003385533	0.0015646138	0.0008580621	0.0013136707	0.0040186173	0.0025464345	0.0028801302	0.004376079	0.0011206501	0.00040245184	0.039375048	-26.398681640625
s03e16a	165.0	5.0	0.8622064	0.8622064	0.011475383	0.054527156	0.00056139554	0.00065987837	0.0047435113	0.003639974	0.0017826078	0.01256841	0.00054908154	0.00043244098	0.002026491	0.002706949	0.0005176843	0.0003753919	0.0003436271	0.00018769143	0.00049036165	0.02309362	0.006829228	0.0061374404	0.0038766798	0.0062162178	0.0017825153	0.0062162178	0.052323338	0.0062718606	0.0019838298	0.0005846215	0.0001597973	0.00039537725	0.0010574401	0.00035107427	0.00022934396	0.0014339151	0.0014339151	0.001124804	0.0016950115	0.0019332414	0.000471863	0.0019332414	0.0013415783	0.019252962	0.06986759	0.007822959	0.0030737943	0.0009137444	0.067165375	0.0018043427	0.004598703	0.0026177233	0.00021437244	0.00039763632	0.0005594904	0.0055647665	0.00036069765	0.000587209	9.499838e-05	0.0007936868	0.00087189267	0.0011691082	0.0038557684	0.00035798005	0.0007338214	0.0004490275	0.0011406161	0.0029783752	0.00049440004	0.00078856345	0.015324692	-25.392391204833984
s03e16a	170.0	5.0	0.8269835	0.8269835	0.034349587	0.24624206	0.002921335	0.002086977	0.007611778	0.022908185	0.0042029764	0.03578661	0.0007556058	0.0004892955	0.0035379918	0.0057194848	0.0053789546	0.00087099586	0.0024039357	0.00038218062	0.00041161766	0.009843157	0.017234739	0.008726443	0.0027564974	0.0064831995	0.008422697	0.008422697	0.025921382	0.003079933	0.0014836907	0.000710709	0.0002456792	0.00058612094	0.0013240713	0.0013182396	0.00049552793	0.004743547	0.003381195	0.0018191317	0.005201711	0.0027506314	0.0006978542	0.005201711	0.0017017728	0.016982205	0.02804365	0.0010916138	0.0030570072	0.0014525295	0.002231271	0.0034223397	0.0019258793	0.0014165761	0.0012383721	0.0020484475	0.00047264848	0.022787148	0.00047975866	0.011437636	0.00021802305	0.0015468849	0.016466307	0.0005265358	0.005397989	0.0007778176	0.0014503987	0.00061912666	0.0007235735	0.0058330134	0.0021025764	0.0012010798	0.005397989	-25.536808013916016
s03e16a	175.0	5.0	0.6035808	0.6035808	0.005273254	0.018848883	0.00012477038	0.00047193785	0.00075690943	0.0005791476	0.004700214	0.008782089	0.0035629696	0.00014630567	0.0042829397	0.010605435	0.0017622362	0.0009337875	0.009141665	0.00064105	0.00032393084	0.0007662392	0.022906078	0.0068623186	0.0019566892	0.0026995952	0.001159592	0.0026995952	0.090319425	0.010427722	0.0029832884	0.0010518548	0.0015372277	0.0008387135	0.00686447	0.0010310536	0.00077164435	0.005862233	0.0030890193	0.005533294	0.0008713378	0.0011246015	0.005862233	0.0011246015	0.0046010083	0.012628355	0.026128462	0.00047821886	0.00091674505	0.0007571818	0.004797532	0.0015809325	0.0016878486	0.04637395	0.0026542195	0.056162555	0.0015206699	0.0033954133	0.0019887516	0.00075772457	0.00046046125	0.0015141382	0.0051461933	0.00084151654	0.0017751473	0.0035358944	0.0018534404	0.19614823	0.0014646427	0.0030892456	0.0012538717	0.000669748	0.19614823	-28.975584030151367
s03e16a	180.0	5.0	0.81735635	0.81735635	0.01843926	0.0076822364	0.00023452548	0.0014797688	0.08654427	0.0016081984	0.0024984835	0.0028771576	0.00033691796	3.695885e-05	0.0014487001	0.0014564887	0.00031601754	0.00019845593	0.0006837975	0.00013057579	0.0011425252	0.013938994	0.002310593	0.0010823074	0.0020198	0.0043316213	0.0006581625	0.0043316213	0.020609865	0.0017366929	0.0012037107	0.0007892697	0.00031644324	0.0005621382	0.001439594	0.000117522046	0.00046039632	0.00071264117	0.0006955784	0.00071264117	0.00085625506	0.0006694216	0.00023529999	0.00085625506	0.0010825492	0.0073670456	0.14708132	0.0014503386	0.00055205834	0.00039618203	0.027616983	0.0011175164	0.0128629	0.040741548	0.0009042589	0.008332082	0.0013232619	0.0012306724	0.00065457996	0.00040505896	0.08837346	0.00088254455	0.0006819545	0.0010829974	0.008626576	0.0012064731	0.00012551523	0.0012097959	0.00049402553	0.0005540343	0.000680831	0.00058297225	0.008626576	-22.11750221252441
s03e16a	185.0	5.0	0.7726965	0.7726965	0.0058644377	0.036845453	0.0054239505	0.0032421954	0.04704631	0.022816272	0.002244766	0.07783589	0.0194445	0.000843661	0.008964334	0.003974168	0.0062165656	0.00077759865	0.003516693	0.000469912	0.0003948759	0.003990318	0.031434666	0.013352999	0.001350852	0.006347024	0.002909016	0.006347024	0.12101711	0.004950374	0.0010677074	0.0005807736	0.0005945119	0.00054928806	0.0020612895	0.0003007167	0.0007143809	0.001496845	0.0009348663	0.0012212564	0.0030315018	0.0009351501	0.00043582846	0.0030315018	0.0011761228	0.0037775214	0.006123829	0.00018600305	0.0013104092	0.0012810046	0.0016044376	0.0024784517	0.0010368727	0.0047378056	0.002525678	0.00274694	0.004282009	0.003916373	0.0014612942	0.02590337	0.0010267865	0.00095681933	0.0033888586	0.00016331421	0.0015892878	0.0021284432	0.00079776434	0.008227705	0.00078218593	0.005390365	0.006508884	0.00044748027	0.042639393	-23.225250244140625
s03e16a	190.0	5.0	0.8347066	0.8347066	0.006247793	0.034903623	0.00068148086	0.0012236085	0.03189198	0.0016485646	0.00067866314	0.016463518	0.00020854459	0.00017469567	0.0031035317	0.007816259	0.0021624928	0.00023178187	0.0007205956	0.00075450493	0.001159422	0.03195247	0.021692926	0.021692926	0.00221232	0.0030035146	0.0025839673	0.0044246777	0.0933562	0.004269327	0.00086775894	0.00080843945	0.00065383234	0.000916615	0.001746515	0.0005743081	0.00044553148	0.0034905872	0.0017315072	0.0034905872	0.016679635	0.0020131154	0.0006907988	0.016679635	0.0010336787	0.010216959	0.0043547736	0.00035600478	0.00024887445	0.0007296146	0.0019677118	0.0032787914	0.0017994985	0.0074383398	0.00046893538	0.0023276827	0.0011834038	0.0022015267	0.0018608423	0.014398377	0.0006110927	0.0009565541	0.00043310848	0.00015445496	0.004070292	0.0011117943	0.0007440233	0.0014950096	0.0011791493	0.0153328115	0.0023760488	0.00022421745	0.010241708	-21.846172332763672
s03e16a	195.0	5.0	0.8543672	0.8543672	0.0823649	0.014438941	0.00079141883	0.0024907687	0.356463	0.0011871669	0.0022039698	0.0026686369	0.00028569493	0.00040519083	0.0014938669	0.0046884064	0.0064149685	0.0023096083	0.0022772362	0.0003248345	0.0068592904	0.12839918	0.003645249	0.002886442	0.003645249	0.0013547061	0.0006523485	0.0017108975	0.050071962	0.006961942	0.003352397	0.0011877313	0.0003538624	0.0016585712	0.0022823308	0.00048012674	0.00032880894	0.00037588444	0.00032346116	0.00021111702	0.0013009964	0.0004806494	7.937513e-05	0.0013009964	0.00060726306	0.002610011	0.0016847212	0.00023066964	0.00047267415	0.00047568404	0.0017818358	0.0011676124	0.00091482635	0.007133941	0.00019265652	0.0010747551	0.00050671416	0.0014670402	0.00019488428	0.0033399467	0.00034353984	0.0006684274	0.0002641857	0.00030185244	0.0016405274	0.00066547014	0.0008411418	0.0045516114	0.00096580514	0.002264917	0.0033346952	0.00010832924	0.0045516114	-25.579593658447266
s03e16a	200.0	5.0	0.76863354	0.76863354	0.0061750556	0.07325751	0.002016459	0.0027913726	0.010117911	0.0072248825	0.0026170898	0.025731955	0.0011975591	0.0004038277	0.005382073	0.0019582077	0.0012572358	0.000689741	0.004603463	0.0003051813	0.00051284785	0.0030669314	0.028861137	0.028861137	0.0025614265	0.0117505845	0.002054072	0.0117505845	0.06251067	0.0047098496	0.0013044259	0.0006752695	0.001048781	0.0006921154	0.0014545405	0.00033859993	0.00059016794	0.0016573399	0.0006573519	0.0011364872	0.0013919576	0.00048354454	0.00031426805	0.0013919576	0.001136116	0.0021200033	0.004601355	0.00017497707	0.00029619507	0.0010334763	0.0012149082	0.0015031204	0.001115698	0.013278466	0.0009954225	0.004038074	0.004647011	0.013961544	0.0034192347	0.02079535	0.0010203779	0.0013773009	0.008164245	0.00015457872	0.007000589	0.0024576704	0.0005836953	0.0059065176	0.0007710948	0.0043009557	0.0021413513	0.0002738475	0.098636575	-22.98087882995605
s03e16a	205.0	5.0	0.8209594	0.8209594	0.016729033	0.0056503094	0.0010354044	0.0063393847	0.11830564	0.0044631967	0.0033230563	0.006357155	0.0005949915	0.0006478192	0.0011033393	0.0043717846	0.0018019163	0.00089798507	0.0014563632	0.0008060222	0.0024104558	0.12610495	0.007014997	0.007014997	0.0031698355	0.0013757527	0.0015134974	0.001634956	0.066684455	0.007321434	0.0027870198	0.0009578496	0.00035756224	0.0012474831	0.0038148076	0.00076580007	0.0010329767	0.0053053712	0.0053053712	0.0017088872	0.031129869	0.01262439	0.0007169795	0.031129869	0.002585413	0.022323515	0.011138891	0.0021697031	0.0013645244	0.0010884912	0.006457763	0.005180307	0.0031708283	0.005095069	0.00036751264	0.00034297223	0.00080308435	0.0026237047	0.000592287	0.0011212587	0.00055429206	0.0013744025	0.00021319081	0.00049516576	0.0014921515	0.0013677444	0.00441794	0.0049897786	0.0012896371	0.008974761	0.0017880712	0.0007294995	0.009356522	-21.17112159729004
s03e16a	210.0	5.0	0.90147734	0.90147734	0.025889447	0.024498358	0.0010537525	0.0065477737	0.011716475	0.025835458	0.0014673288	0.01992769	0.0012964766	0.000297029	0.0037673872	0.010690509	0.0019373002	0.0013169146	0.000942749	0.0015201502	0.00083056284	0.0892297	0.009002029	0.009002029	0.0025551636	0.0029790974	0.0023973056	0.0029790974	0.039963614	0.0028161737	0.0008160333	0.00043807586	0.00026672595	0.00048587038	0.0013156985	0.000378333	0.00041099268	0.0081296135	0.00764937	0.0035483507	0.01418561	0.013510218	0.0013058006	0.01418561	0.0035283456	0.023221323	0.01716628	0.0011676907	0.0006309824	0.001175228	0.0020954153	0.006736957	0.0020873554	0.008917286	0.00045435142	0.0007514585	0.00039520618	0.0029468152	0.0006264082	0.010810166	0.00059342134	0.0007754561	0.00055521686	0.0003561098	0.0026146749	0.0023277048	0.0050094286	0.0026756756	0.0015546704	0.010336276	0.0017464112	0.00075446104	0.015628105	-23.67530059814453
s03e16a	215.0	5.0	0.87365925	0.87365925	0.061441667	0.023186501	0.0016683493	0.0057652295	0.056201812	0.0065553747	0.002318006	0.016921608	0.0012317366	0.0007661205	0.0013741741	0.010046625	0.0035051117	0.0010781618	0.0016617593	0.0008687844	0.0024913242	0.16627522	0.009146206	0.005119601	0.0015030596	0.0025528178	0.0013208588	0.012226546	0.019445935	0.0035750414	0.0015930573	0.00059347454	0.00027970813	0.0005831323	0.0020846594	0.00026272482	0.00024615187	0.0038485515	0.0029120743	0.0038485515	0.009602489	0.0044173044	0.0011693415	0.009602489	0.001334437	0.009623581	0.003725767	0.0007745436	0.00037359842	0.0004318101	0.0034690665	0.0014450124	0.0013214697	0.005274815	0.0004664242	0.0013848097	0.00064921693	0.001798899	0.00016651284	0.0024211777	0.00038055223	0.0005432032	0.0010861162	0.00034665558	0.0018846152	0.00035491088	0.0010209404	0.0036935532	0.0013653017	0.009336946	0.0020525085	0.00040886863	0.0036935532	-22.3381404876709
s03e16a	220.0	5.0	0.8355105	0.8355105	0.010539181	0.023837557	0.0006995168	0.00443685	0.19018032	0.0022607592	0.003878175	0.015576817	0.0023938231	0.000115952505	0.010511971	0.024509864	0.005868467	0.0015625027	0.0013919007	0.00038912598	0.0012979407	0.024980739	0.015838714	0.008060874	0.001518579	0.0008731696	0.0002590288	0.0011299122	0.13246976	0.0060138544	0.0027371387	0.0005497726	0.0003608875	0.00049069175	0.002378704	0.0004951981	0.0004008758	0.0009073911	0.00090044324	0.00029606436	0.0011942629	0.0009629756	6.9133894e-05	0.0011942629	0.001071499	0.010376747	0.005025814	4.751189e-05	0.00047177277	0.0003598661	0.0025294865	0.004666445	0.0023523946	0.13748598	0.00069677527	0.00990005	0.0009143044	0.0021643322	0.0008459101	0.0018624548	0.00084018614	0.0013363067	0.00017270737	0.00027789263	0.0027334355	0.000719061	0.00089623715	0.04270553	0.0047174646	0.0064973864	0.0016548542	0.0009498169	0.04270553	-26.880653381347656
s03e16a	225.0	5.0	0.6941103	0.6941103	0.038242195	0.00862532	0.0015515974	0.008716447	0.043980964	0.00690106	0.0084920665	0.0058943257	0.00027734632	0.00054419565	0.0008109397	0.022467084	0.0011469311	0.00042408158	0.0028162904	0.00084374106	0.029730054	0.35104248	0.0120304525	0.0031451478	0.003044836	0.0065109353	0.0026098036	0.0065109353	0.07884157	0.010153677	0.0039325915	0.00052301615	0.00033380088	0.000639006	0.0028472764	0.0009304339	0.0005644288	0.0018543863	0.0018543863	0.00022310812	0.0011572642	0.0014443314	0.00016413098	0.0014443314	0.00085700396	0.008934969	0.011348921	0.0015564206	0.0032050065	0.0005912678	0.010437632	0.00199877	0.0014149338	0.006775685	0.0002921684	0.00053201144	0.0013921075	0.0011833193	3.5127316e-05	0.00044980872	0.00014249	0.003084308	0.0014282906	0.0014068994	0.0017607681	0.0004577259	0.005136893	0.0019106434	0.00073170976	0.0017265248	0.0007447234	0.0002281488	0.0071839797	-21.69931030273437
s03e16a	230.0	5.0	0.8252568	0.8252568	0.028166939	0.053071253	0.0015862792	0.01121855	0.07644669	0.014033668	0.0055268765	0.06892144	0.00044454646	0.0003761608	0.0009689692	0.011170549	0.0019002064	0.0011733812	0.004639278	0.001009421	0.0057212096	0.14062029	0.006473158	0.0023057677	0.00054676796	0.002870716	0.0012852846	0.002870716	0.020998983	0.0033381744	0.0012575986	0.00065590633	0.00028489553	0.0005692079	0.0019093544	0.00063171587	0.000552864	0.0025008724	0.00091451954	0.0025008724	0.005322803	0.0008951131	0.0005295567	0.005322803	0.0010480838	0.0029026747	0.001942622	0.00022175146	0.0001355266	0.00040266218	0.0012430784	0.002265794	0.00036437306	0.00834191	0.0013701825	0.0038187145	0.00041504842	0.0015010522	0.00018073282	0.00052890147	0.00014087878	0.0005514932	0.0006453687	0.0001146127	0.0024755923	0.0001727105	0.00087509654	0.0038891826	0.00082899415	0.0072014923	0.003199267	0.0005386973	0.021556973	-21.42270851135254
s03e16a	235.0	5.0	0.8087009	0.8087009	0.029238759	0.017861992	0.0015653775	0.005121756	0.23901565	0.008970783	0.010374617	0.0021574723	0.00095596595	0.0002678092	0.005830398	0.0059251064	0.0016406383	0.002342643	0.002641491	0.0030590277	0.009227292	0.04870299	0.004537833	0.0035488615	0.004537833	0.002120624	0.0005974717	0.002120624	0.42280516	0.022044454	0.0047821803	0.00089923094	0.00033976583	0.0029632417	0.03419827	0.00035808093	0.0027363813	0.0011259007	0.0011259007	0.00077599456	0.0017948023	0.0021282225	0.0003129149	0.0021282225	0.0015622989	0.004871512	0.012119	0.0016797403	0.0014923128	0.00049034646	0.0058538695	0.0033581802	0.0020178123	0.01702676	0.00023657636	0.0015522128	0.0007301279	0.0029931604	0.0019657202	0.0027284757	0.000926817	0.00069662055	0.000277577	0.000811707	0.0021671546	0.0014813577	0.004596455	0.009913665	0.0017491458	0.003915724	0.0031842494	0.00049594516	0.08735391	-20.49260139465332
s03e16a	240.0	5.0	0.66949713	0.66949713	0.005269893	0.0027791695	0.0009376451	0.0057399645	0.025021786	0.00059689715	0.011258555	0.054470718	0.0002593152	0.00011588519	0.0012351567	0.014374213	0.00062962505	0.00017251563	0.012254474	0.0015401901	0.017891964	0.026091812	0.0058061806	0.0015293495	0.001034149	0.0047041625	0.0034187913	0.0047041625	0.62716794	0.029605892	0.01666221	0.0005439524	0.00027957853	0.0006096663	0.02430556	0.0002560865	0.0029584933	0.0015137972	0.0015137972	0.0011666074	0.0160212	0.0017789918	0.00026275963	0.0160212	0.0014489195	0.01670905	0.0085566845	0.00027618106	9.917893e-05	0.0001258364	0.00092795375	0.0270741	0.0016210737	0.011975262	0.00024696547	0.011699612	0.00050065765	0.0004099794	0.0009234498	0.00037649288	0.00028183783	0.00021407913	0.00034664746	0.000103367325	0.001729379	0.0015630905	0.00826229	0.017105462	0.0034999528	0.09321451	0.013324866	0.000114911454	0.05823936	-23.584571838378903
s03e16a	245.0	5.0	0.83799464	0.83799464	0.035304625	0.13188328	0.001037475	0.0035571607	0.10245225	0.0049689244	0.0031470652	0.02192528	0.0001524075	0.000590274	0.0036975734	0.0048339292	0.005732929	0.0006915979	0.0076004043	0.00038375778	0.0030204023	0.2360002	0.004266295	0.0031890934	0.002947736	0.0015115927	0.000540431	0.0042388914	0.015440788	0.0032281594	0.0017047183	0.0006477806	0.00021819753	0.000688892	0.0007734668	0.00024675272	0.00018459823	0.001019682	0.00062474655	0.00093779515	0.0025625583	0.0007799315	0.00020135981	0.0025625583	0.0010809283	0.0027992185	0.0042401636	0.0006832093	0.00035526956	0.00060090795	0.00378889	0.0027097021	0.0022504262	0.013960783	0.00047576972	0.006418331	0.0011480974	0.0021499414	0.00064428523	0.0021505735	0.00056166825	0.0012170521	0.0006446093	0.0005977508	0.002220879	0.000838364	0.0003051263	0.0034268214	0.0026712397	0.007729019	0.01327981	0.00041504053	0.01327981	-23.76828956604004
s03e16a	250.0	5.0	0.80189943	0.80189943	0.023902398	0.061075475	0.00035512666	0.0026635246	0.2020155	0.0014550837	0.002693804	0.0028270937	0.00019663847	0.0009261303	0.004225468	0.001973301	0.004260415	0.00089386245	0.002454806	0.0009401454	0.0079861665	0.021723	0.006896231	0.0020829213	0.0022307446	0.0049439445	0.00087128015	0.0049439445	0.05530009	0.0063110385	0.0031325256	0.0013509948	0.00064044545	0.0011897989	0.0026033535	0.00047501657	0.00068914116	0.003800822	0.003800822	0.0037224726	0.008931621	0.009948717	0.0014881231	0.009948717	0.0015334403	0.012178509	0.023385854	0.003381947	0.002225834	0.0024629438	0.0071442164	0.0014664779	0.00704807	0.0058824015	0.00054410176	0.00076453935	0.0017499968	0.004627451	0.0016304944	0.005675828	0.0006948211	0.0024347005	0.00056367024	0.0009945276	0.0022152395	0.0011440575	0.0014248061	0.0026276119	0.0019006848	0.0073652887	0.00340879	0.00021927744	0.004542208	-23.968605041503903
s03e16a	255.0	5.0	0.81347364	0.81347364	0.010899351	0.04029086	0.00044500708	0.0017666725	0.17645662	0.0007122967	0.002065079	0.038871665	0.00015321605	0.00021373853	0.0029309706	0.0030488016	0.0025560423	0.0028308332	0.007454467	0.00022573618	0.009293144	0.025303965	0.0051664123	0.00318578	0.0014627122	0.0025732093	0.0004883917	0.0025732093	0.023589907	0.0036302512	0.0016409867	0.0006769458	0.00022008785	0.0005698813	0.0028696435	0.00044134422	0.0002645078	0.0018688126	0.0006458274	0.0018688126	0.004117738	0.000917071	0.0004165735	0.004117738	0.0010573303	0.002687005	0.008356197	0.0004924308	0.00076242944	0.0002894237	0.007285542	0.0029985567	0.0024901775	0.014624709	0.0015279949	0.033048373	0.0014232248	0.0014240118	0.0017486479	0.0016598223	0.0010156386	0.0012236037	0.0011034623	0.0003033882	0.0020181003	0.0012080249	0.0012058957	0.003495628	0.0019358543	0.0033140918	0.006399672	0.0010089792	0.006399672	-22.415512084960938
s03e16a	260.0	5.0	0.84658754	0.84658754	0.010884925	0.18623191	0.0008753084	0.0012193664	0.0050794897	0.005824569	0.0050003007	0.024573978	0.0005893916	0.00039005183	0.0046070265	0.01734886	0.0015702448	0.0006252093	0.0038379852	0.0003554188	0.0004814941	0.0013706407	0.008823469	0.0072052707	0.0016142857	0.0033429973	0.0012585206	0.0033429973	0.027066866	0.003363614	0.0012034654	0.0015043118	0.00093880453	0.001035949	0.001149588	0.0005298634	0.00034966235	0.0056614545	0.0014315547	0.004973446	0.0012987024	0.0007183887	0.0009323019	0.0012987024	0.003957869	0.002325687	0.0047461637	0.00023634259	0.00024560236	0.0009880168	0.002036516	0.001522204	0.0011418294	0.007840673	0.000954859	0.0040031876	0.0010150761	0.002711053	0.0010862983	0.038448915	0.0003756745	0.0010421601	0.002733841	0.0003368547	0.001871563	0.0012276401	0.001114718	0.002063697	0.0010650256	0.008732637	0.0023605993	0.0024615852	0.0073960098	-26.66363525390625
s03e16a	265.0	5.0	0.8558842	0.8558842	0.02313641	0.05157997	0.002264545	0.00036280497	0.0019489542	0.03985727	0.0019337677	0.0075835474	0.0038084905	0.0014431778	0.031884044	0.003181718	0.0021538094	0.00031525712	0.00066523935	0.00012678478	0.00036776988	0.0009354651	0.0072045815	0.0072045815	0.0055061895	0.0023999505	0.0017784659	0.004794223	0.01515579	0.0040397504	0.0018825632	0.0008834548	0.000265677	0.0006342515	0.00074525835	0.00030556036	0.00014613864	0.002325841	0.00053467555	0.0019872228	0.0011368516	0.0003438293	0.0005173666	0.0011368516	0.00084009924	0.0016219845	0.0031779641	0.00018429717	0.00021465593	0.0007761702	0.0010921041	0.0009906933	0.00062879897	0.0014635565	0.00044706327	0.0011569038	0.0002767346	0.0029781542	0.00035238083	0.0074209445	0.0002982748	0.0005064662	0.002682095	0.0005316057	0.00090600015	0.0028709576	0.00022615712	0.0008900091	0.00022343553	0.0014895656	0.0008651986	0.00065619487	0.0051741134	-26.306175231933597
s03e16a	270.0	5.0	0.93150723	0.93150723	0.011707814	0.2765837	0.00057645544	0.00042256768	0.0026699721	0.010689819	0.0021705085	0.015731158	0.00068885717	0.0005714592	0.017253583	0.004848657	0.00045970385	0.00028372696	0.001578873	0.00026648625	0.00023030856	0.00076869054	0.0038543583	0.001258097	0.0008710971	0.0013586656	0.0009421904	0.0013586656	0.042362202	0.004402443	0.0009798687	0.00073229085	0.00022500727	0.00057214784	0.001526449	0.00031223902	0.00018942425	0.002173123	0.000497947	0.0016098063	0.000517936	0.00042991625	0.0002746625	0.000517936	0.0006325479	0.0017642169	0.0026799403	0.00010163895	0.00012375656	0.00033510212	0.0010459039	0.0005412197	0.0012059808	0.0010430595	0.0007103061	0.001894064	0.00045395357	0.0018422937	0.000543757	0.042903468	6.869904e-05	0.00035160634	0.0007489067	0.00031702968	0.0013413662	0.00085992663	0.00023275407	0.00027888687	0.00090220117	0.008115507	0.0008658742	0.00076280587	0.0026144187	-24.5152587890625
s03e16a	275.0	5.0	0.80904716	0.80904716	0.014327309	0.17948556	0.00013479545	0.006660714	0.09044526	0.000962916	0.0049075615	0.008554176	0.0015806676	0.00013887257	0.009529	0.00072734966	0.024777407	0.0004335331	0.0013273667	0.0004838982	0.006051625	0.022546308	0.031368252	0.014229695	0.00082225195	0.0010732225	0.00034179355	0.0010732225	0.040210623	0.005085554	0.0023229094	0.0010114382	0.00032070465	0.00062487926	0.0012099942	0.0002792333	0.0004748812	0.00083459186	0.00020437612	0.00083459186	0.0005640948	0.00020588015	0.00017411198	0.0005640948	0.00045682598	0.00061816967	0.0035945007	0.00054424384	0.00017360802	0.0004689148	0.0034220289	0.0004810624	0.0010397072	0.0022032715	0.0025898607	0.001004939	0.0031736135	0.0014419697	0.0026812293	0.00090365036	0.0002221008	0.0005297503	0.0006464336	0.00016098055	0.0015356117	0.00075431546	0.0001775891	0.002914508	0.003744056	0.00070219446	0.0015851553	0.00012703043	0.003744056	-23.00960731506348
s03e16a	280.0	5.0	0.8437374	0.8437374	0.0018508312	0.03808532	0.001732599	0.0014321383	0.006047998	0.02423477	0.0016373683	0.10081748	0.004085972	0.00018875569	0.0027526738	0.002922834	0.0016541311	0.0012971906	0.0009278242	0.0002254647	0.00018061601	0.0012125002	0.02614629	0.02614629	0.0013217491	0.0005585609	0.0011806036	0.0011806036	0.108733796	0.0019129635	0.00029896578	0.00059355056	0.00034898715	0.0004764155	0.0007194346	0.0012031799	0.000572965	0.0008569158	0.00028688306	0.00044754657	0.00086385634	0.00019694846	0.0001558319	0.00086385634	0.00063022575	0.001200444	0.0034419044	6.7717665e-05	0.0004257403	0.0007093195	0.0007071603	0.0007830331	0.0007030321	0.0031156647	0.001381243	0.0013218926	0.0006001956	0.0014897081	0.0017742435	0.11624172	8.4638465e-05	0.0006944233	0.0019577732	0.00018303817	0.0019207562	0.00050015893	0.00033628882	0.001485066	0.0003228967	0.0019935265	0.0018477188	0.00076743687	0.0061264005	-21.163671493530277
s03e16a	285.0	5.0	0.8576633	0.8576633	0.0029171698	0.0039400286	0.00031105147	0.0019818123	0.0031758272	0.0013884731	0.00094641	0.06806997	0.0009449539	0.0001191736	0.010918361	0.009350495	0.0022968003	0.00031762506	0.00065802387	0.0001327492	0.0008168475	0.011666072	0.17062826	0.17062826	0.0010960193	0.0015370687	0.0043024756	0.0043024756	0.012333381	0.0017640046	0.0006866663	0.00063902576	0.00052685384	0.0006043501	0.0004818621	0.00034540612	0.00016870357	0.014331709	0.004921327	0.014331709	0.026043735	0.00393451	0.0034947412	0.026043735	0.0077742767	0.014312482	0.007901892	0.00037710188	0.0003469429	0.0005640018	0.000957918	0.022937583	0.00085299	0.0013299988	0.0004300384	0.0004311401	0.00033840744	0.00020650613	0.0001259352	0.0012587905	0.00019584362	0.00057700154	9.2449605e-05	9.2657276e-05	0.0021981376	0.0002626447	0.0015873588	0.002869114	0.0005737796	0.07475414	0.00079578307	0.0002829711	0.002869114	-22.34590530395508
s03e16a	290.0	5.0	0.833787	0.833787	0.00266819	0.251762	0.00031705806	0.00066708715	0.0014027287	0.0013562248	0.0028663818	0.047245257	0.0004171072	0.00021974334	0.00070945534	0.003601547	0.0012999437	0.00019628632	0.0004461688	0.00025988076	0.00014605338	0.00038247052	0.009544332	0.0053012813	0.0006566663	0.0029244216	0.0016343326	0.0029244216	0.06667252	0.004047922	0.0010322891	0.00055550033	0.0005369858	0.00052611314	0.001026039	0.0007614021	0.0005368633	0.001091817	0.00031071328	0.0009893931	0.0013356004	0.0002541232	0.00016165352	0.0013356004	0.00093286706	0.0023305004	0.0047215773	9.263324e-05	0.00012645638	0.0011920757	0.00084287685	0.0010010106	0.0009013411	0.00058296893	0.0013802055	0.000739512	0.0007994256	0.0066188374	0.0019839846	0.014505174	9.956298e-05	0.0006683872	0.0023226002	0.00010910688	0.004213721	0.00048772135	0.00019773837	0.0004795573	0.00047521768	0.005110807	0.00071177783	0.0004380863	0.016744444	-22.5546989440918
s03e16a	295.0	5.0	0.8944265	0.8944265	0.0046945675	0.019327648	0.0001959755	0.0023007046	0.044025164	0.00018385398	0.0008891552	0.003250456	0.0006453555	9.88331e-05	0.0006433268	0.009254096	0.0007119946	0.00041072324	0.0018937124	0.0020346001	0.0037375307	0.0054601002	0.29748696	0.001136208	0.00089272065	0.0020234047	0.00033459804	0.0020234047	0.057960056	0.0039737816	0.002745266	0.0012010782	0.00054962456	0.00069677294	0.0026971495	0.00027011012	0.0007396283	0.0012919995	0.0008872561	0.0012919995	0.0016499966	0.0006734382	0.00025403503	0.0016499966	0.0015393456	0.0023121457	0.004911643	0.0006429535	0.00033218216	0.00024973584	0.0022220649	0.0005853254	0.0040480737	0.0074347216	0.00018882068	0.0026005358	0.0007159403	0.0022303944	0.00049216737	0.00033423046	0.00012515299	0.0005944457	0.0011990474	0.00013935223	0.0009811746	0.0013621495	0.0005125158	0.00062566146	0.00084452087	0.013773118	0.0029675215	7.034343e-05	0.021762373	-23.49162101745605
s03e16a	300.0	5.0	0.88560236	0.88560236	0.0753155	0.005586549	0.0007142469	0.0015237574	0.07400769	0.0033095616	0.00079666206	0.0022438895	0.000121843594	0.00036969906	0.0046102353	0.0057440284	0.001304734	0.0005569989	0.0007130852	0.00026495583	0.0033556754	0.12444171	0.005179669	0.0033788132	0.004372723	0.0010774754	0.0020390647	0.008741346	0.02932926	0.005107794	0.0017446837	0.000581956	0.00014687066	0.0007854006	0.0023920087	0.00046478288	0.00020063807	0.0025468064	0.0018782021	0.0009674929	0.012361846	0.0049473215	0.00015203042	0.012361846	0.0012575063	0.01009446	0.009308324	0.0017837357	0.00035646357	0.000317533	0.0021405872	0.0025684994	0.0015896678	0.0016721211	0.00010213687	0.00026480175	0.00038912488	0.0048316014	0.0007533913	0.0006767287	0.00044614077	0.0010551779	0.00032153892	0.00031026482	0.0014658789	0.0005827498	0.00038901324	0.00094213703	0.0008830315	0.0027563768	0.0021064107	0.0002605136	0.007025873	-26.081764221191406
s03e16a	305.0	5.0	0.82492316	0.82492316	0.111645445	0.007990175	0.00012089713	0.00037927987	0.00043324017	0.00090038916	0.0012922013	0.00057932315	0.00054781884	0.00014035078	0.0012717915	0.0014127761	0.00038312285	0.00013815117	0.0006712529	0.00012157399	0.00023563675	0.0007786838	0.002095821	0.000582887	0.0007337259	0.0020055291	0.00044197802	0.0020055291	0.030941332	0.0052113775	0.0019695968	0.0009698398	0.0008237106	0.001017329	0.0038177825	0.00067513733	0.00016652395	0.0033773603	0.0007891276	0.0033773603	0.0006129246	0.0004326494	0.001005823	0.0006129246	0.0016102563	0.0049128598	0.009644177	0.0004731405	0.0006053212	0.001426897	0.0017802971	0.0005527565	0.0020905898	0.013163889	0.00026134079	0.0029411397	0.0006000546	0.010803697	0.0012617595	0.0005784142	0.00039812239	0.0016085875	0.0023487795	0.00023187557	0.007968789	0.0025614165	0.0023519213	0.006283956	0.0009875642	0.002333297	0.0006774298	0.00042265753	0.030646905	-24.17793273925781
s03e16a	310.0	5.0	0.7767696	0.7767696	0.07302681	0.007504193	0.0004484419	0.0013646465	0.32618186	0.0029121395	0.0022141049	0.00087640993	0.0009707883	0.00027129918	0.014068996	0.0022547557	0.004783989	0.006197955	0.0020679494	0.0004033879	0.0027350788	0.010530626	0.0028350248	0.0016975292	0.001186666	0.0029743281	0.0010072384	0.0029743281	0.020021977	0.0043377457	0.0018869146	0.00071814127	0.00016975889	0.00080540724	0.0026451186	0.000108097585	0.00053783157	0.004605417	0.004605417	0.002282714	0.00393069	0.01042093	0.0014543391	0.01042093	0.0009966219	0.013444866	0.03952512	0.0038147913	0.0018996448	0.00093833957	0.013678691	0.0011410769	0.0070436797	0.019850664	0.000120977515	0.0014908499	0.0007738936	0.0031027794	0.00064952363	0.0017264566	0.00090197683	0.00081076624	0.00044960313	0.00016587896	0.0022199873	0.0015505909	0.0021487407	0.010801928	0.0024466992	0.0015772728	0.001277301	0.0004803119	0.010801928	-23.06234169006348
s03e16a	315.0	5.0	0.92147106	0.92147106	0.06405134	0.14342342	0.008298816	0.0020205788	0.0779404	0.22193524	0.0036653138	0.0026069616	0.0024212548	0.0009107453	0.3071512	0.0036566418	0.005849761	0.0015488842	0.0018729387	0.00053823227	0.00079002295	0.0039273445	0.0071397396	0.0071397396	0.0013085857	0.0027247586	0.00095904304	0.0037696662	0.027504062	0.004269343	0.0015428088	0.0011521797	0.0004453627	0.0009382742	0.0022114485	0.00053207204	0.00024877954	0.0015600199	0.0006003845	0.0004278292	0.0005650866	0.00038067193	0.00019215565	0.0005650866	0.0008898353	0.002186398	0.005941275	0.0004951719	0.00067521253	0.0013130553	0.001238299	0.0015234875	0.0015673611	0.004421444	0.0006085511	0.0019512585	0.0006615527	0.010733501	0.00044515773	0.00235124	0.0014054244	0.0013497003	0.0025265384	0.0002935757	0.0011321186	0.0012006676	0.0010783924	0.0020946157	0.0019966557	0.0040373835	0.0009671873	0.00021961263	0.004190346	-21.589174270629883
s03e16a	320.0	5.0	0.79929453	0.79929453	0.07265245	0.17236479	0.0007884459	0.001127436	0.0061180186	0.0073936437	0.0046441555	0.0019542852	0.0010957338	0.0004240642	0.039199095	0.005713357	0.000328766	0.00012346896	0.0022787622	0.0020741483	0.00028255297	0.004877766	0.009033494	0.009033494	0.008805622	0.006536465	0.0014637322	0.006536465	0.06329895	0.0052378424	0.0015941043	0.0006723038	0.00030221065	0.00059689715	0.0024569295	0.00036526463	0.0005645776	0.002730946	0.0014460434	0.0016420918	0.0009895307	0.0012931894	0.0005026483	0.0012931894	0.00091307214	0.006281503	0.006693453	0.00024521793	0.00023306983	0.00079181744	0.0018609769	0.00088703167	0.0020397478	0.0024854867	0.00084551197	0.0023862398	0.001294111	0.038017493	0.0022789033	0.007315437	0.0005034332	0.00097645214	0.0010424157	0.00067128515	0.008483342	0.0092451945	0.0007674226	0.0010213008	0.00119579	0.01806133	0.0018855517	0.00035503952	0.0140038375	-23.1560173034668
s03e16a	325.0	5.0	0.8623059	0.8623059	0.1614149	0.02844158	0.00091157824	0.0008443427	0.0070932503	0.0031043403	0.0027384183	0.002076218	0.0016336527	0.0005580476	0.040576626	0.006341139	0.0015523104	0.000329515	0.0024957256	0.00078967446	0.0009713832	0.001706901	0.008349393	0.008349393	0.0010083647	0.005886326	0.0042868014	0.005886326	0.027085533	0.008841724	0.0049322955	0.0014574704	0.0005812941	0.0012747621	0.003360163	0.00045475896	0.00022005237	0.0039709965	0.0017329619	0.0011252193	0.001053767	0.000721085	0.0004214463	0.001053767	0.0017885581	0.0059734094	0.003685196	0.00017002311	0.00039310576	0.0006995565	0.001746151	0.0018444135	0.0014991423	0.004922048	0.0004630591	0.0057511735	0.0010905785	0.011032748	0.00083293504	0.011761393	0.0009952883	0.0013283335	0.002543769	0.00032620275	0.004770425	0.0055585294	0.0017193003	0.0019471073	0.0012757885	0.006745523	0.003887223	0.00014279276	0.022581758	-22.67816734313965
s03e16a	330.0	5.0	0.87230307	0.87230307	0.05724865	0.008830637	0.00037275636	0.005932292	0.11759549	0.0011757845	0.0012108947	0.0006545107	0.0028163332	0.0003786096	0.007160771	0.009259177	0.0022273625	0.0001905501	0.0022920172	0.0005170977	0.013932423	0.03178327	0.0073927194	0.0032854492	0.0007065786	0.0021639708	0.00093657814	0.0021639708	0.024180626	0.0057462268	0.0029964861	0.0010881242	0.00015638088	0.0006199873	0.002044206	0.00041441584	0.00016912523	0.0008102622	0.0005294373	0.00070743466	0.0009945475	0.00080653507	0.00022010904	0.0009945475	0.0021165612	0.0031883174	0.004840641	0.0005341534	0.00028689293	0.00048376145	0.0010327509	0.0005810739	0.00141628	0.01918736	0.0003538472	0.00074100046	0.000718988	0.0018887529	0.00057324226	0.0027613712	0.0003086978	0.0010501466	0.00034263203	0.00017444036	0.0011292363	0.001274137	0.0014925749	0.0026389342	0.0017345877	0.004111938	0.008235265	0.00027955987	0.05959152	-21.164321899414062
s03e16a	335.0	5.0	0.846154	0.846154	0.050061736	0.07937391	0.0005983054	0.0014574759	0.008489232	0.0032271745	0.002190832	0.0045858333	0.0017401453	0.00018246175	0.00088598044	0.004662849	0.00060752564	0.0002488341	0.00033860156	0.00034358143	0.00021189869	0.0051904563	0.0045133135	0.004130079	0.0017581474	0.0035582543	0.0024220173	0.0037445223	0.07577662	0.004702566	0.0013203588	0.00073136255	0.00077799114	0.0009753123	0.0016510008	0.0005964544	0.0005368328	0.002342331	0.000835374	0.0012158528	0.00093137997	0.0007893973	0.0005420992	0.00093137997	0.0009281681	0.0059361206	0.008304539	0.00028459175	0.00049622724	0.0010979923	0.0017613741	0.0011508573	0.0014839309	0.0014693519	0.0014305257	0.0007091853	0.00075195706	0.05504605	0.00077655865	0.011640418	0.0003680954	0.0023391298	0.011814017	0.00024157276	0.003800952	0.0019554342	0.0023965975	0.00054757844	0.00064311654	0.0033999728	0.0031277272	0.00032001868	0.017010536	-21.7002010345459
s03e16a	340.0	5.0	0.8787083	0.8787083	0.13449742	0.06700754	0.00070620194	0.004868267	0.023127247	0.00340092	0.001897552	0.0017719798	0.0005543803	0.0002260795	0.0027108544	0.0041054096	0.00093756826	0.00026167164	0.0011851433	0.000983091	0.00092644093	0.011247848	0.0028896332	0.0028896332	0.0017430492	0.001725138	0.0014303691	0.001725138	0.029074984	0.0049938094	0.0019746048	0.00077294395	0.00052831415	0.00089477375	0.0030183813	0.00030433986	0.00029228433	0.0017068157	0.0005592734	0.00039731024	0.00053621223	0.00044749264	0.00012408022	0.00053621223	0.0011456836	0.0017953431	0.0030951104	0.00038153227	0.00029392718	0.00085064996	0.0014566684	0.00035733392	0.0023908892	0.00543173	0.00025500084	0.004184135	0.0015598045	0.0065469085	0.00049357326	0.003413624	0.0007893066	0.00069928484	0.0008450175	0.0003731606	0.0040947674	0.0018355463	0.00080845755	0.0009016791	0.0013946719	0.005426938	0.003631712	0.000100873076	0.013606031	-22.299152374267575
s03e16a	345.0	5.0	0.8898381	0.8898381	0.07704742	0.034608107	0.0006000598	0.0060633156	0.2179625	0.0029123416	0.0021354142	0.0007005552	0.0009265896	0.00039633122	0.00068950414	0.0052582705	0.0035386628	0.00027909782	0.0031450284	0.00053498853	0.013924196	0.0145102525	0.0036796692	0.0036796692	0.0006347664	0.004420655	0.0007897283	0.004420655	0.03250626	0.006931328	0.0037678005	0.0011216096	0.00032823454	0.00078146625	0.0025841603	0.00018292494	0.0004049746	0.00083779736	0.0006083095	0.0007445077	0.0013988913	0.0010758594	0.00020154958	0.0013988913	0.0011474962	0.0036816245	0.013076623	0.001023043	0.00074238685	0.0008667619	0.0024643643	0.00091952435	0.0025069248	0.0061737387	0.00023409497	0.0012209993	0.001344446	0.0082175555	0.00033288755	0.0011647375	0.0009249926	0.0022048487	0.0004094162	0.00014687233	0.0011711285	0.0007160689	0.0006739018	0.0019274775	0.00042221032	0.003198986	0.006165318	0.00012331306	0.009700058	-21.843101501464844
s03e16a	350.0	5.0	0.8601333	0.8601333	0.053153407	0.051657517	0.0004660437	0.00096433534	0.0026685214	0.000650041	0.002152492	0.001534465	0.0004168033	0.00035402368	0.005424669	0.011090669	0.0013422543	0.00013134528	0.0013223334	0.00051687326	0.0007787566	0.0017502569	0.008517543	0.0030641654	0.0012037348	0.003621448	0.0019765077	0.0065569803	0.0444218	0.009367782	0.0037175454	0.001594193	0.00065036135	0.0016377907	0.0038531884	0.00083347363	0.00033238492	0.018091705	0.0029991057	0.018091705	0.0032512564	0.0021185079	0.0036030381	0.0032512564	0.002275744	0.0063551883	0.002867123	0.00023496011	0.00037558982	0.0012717134	0.0009697196	0.0020127324	0.001069057	0.0052760853	0.00070400466	0.004533609	0.0014433627	0.0053602927	0.0006437003	0.024295509	0.00041684025	0.0012610134	0.0016018678	0.00021310567	0.010285321	0.003435959	0.0013298797	0.0020921791	0.001090603	0.012153746	0.0016601305	0.00039918456	0.014353516	-23.827442169189453
s03e16a	355.0	5.0	0.88138664	0.88138664	0.117440455	0.017829549	0.00053822383	0.0008147672	0.002347392	0.000920539	0.0013745623	0.0017601388	0.00044595194	0.00031185674	0.007479866	0.016095161	0.0019259718	0.00013353469	0.0009351657	0.00027877098	0.00042916875	0.0028773039	0.010291224	0.008163882	0.0008731272	0.0043989075	0.0024530443	0.0043989075	0.048842292	0.007519501	0.004441081	0.0010454581	0.0005483002	0.0010227398	0.0022019206	0.00047851916	0.0003313244	0.0053133215	0.0023639188	0.0009872613	0.0009673988	0.0012528189	0.00040293112	0.0012528189	0.0020156617	0.009111204	0.009560876	0.000644942	0.0014222736	0.0024443006	0.0016169562	0.004051528	0.002767551	0.008319244	0.0012238678	0.003798896	0.0010019839	0.0051075513	0.0005832916	0.016886897	0.0009481614	0.0022151521	0.001492573	0.0002647051	0.011057457	0.0066081365	0.0023306168	0.00068048073	0.0016100568	0.007895136	0.0018381963	0.00033939915	0.011057457	-24.62223052978516
s03e16a	360.0	5.0	0.7241167	0.7241167	0.02548378	0.0020949356	0.00027011218	0.005942624	0.023860514	0.00058505684	0.0037484379	0.0009263059	0.00072808575	0.00032079488	0.0040529943	0.024128767	0.0035353184	0.0005589233	0.003606443	0.0002960192	0.008002397	0.069904566	0.009760348	0.009760348	0.0014253394	0.0019005863	0.0024107907	0.0024107907	0.02813957	0.008511029	0.0030922426	0.000905352	0.00025981362	0.0006527714	0.004080193	0.00052608585	0.000342984	0.018887779	0.018887779	0.0035612397	0.010107186	0.053860433	0.0012580156	0.05577885	0.004563856	0.04301383	0.0312212	0.011200643	0.0007389241	0.0009763686	0.0054200343	0.005358457	0.0015332659	0.008718927	0.00038809035	0.00095667574	0.0007517382	0.0010023057	0.000375201	0.008113212	0.001990097	0.0013383917	0.00027921706	0.00037376196	0.0024853603	0.0062569445	0.0027415778	0.0029767135	0.0039318237	0.010157857	0.0029277615	0.0007430526	0.022936381	-23.247907638549805
s03e16a	365.0	5.0	0.7047695	0.7047695	0.032906387	0.002461248	0.00034861258	0.00063587236	0.0012413735	0.0001731458	0.0019945796	0.0020435776	0.0002088562	0.00016831842	0.006784371	0.015146938	0.00043803325	0.00018390044	0.043337896	0.00027266392	0.004074553	0.0013996157	0.0022735698	0.0022735698	0.0005673857	0.002584041	0.0008369125	0.0035320157	0.020350564	0.010514733	0.0064608967	0.0014096099	0.000523471	0.0009733356	0.0032133947	0.0007677412	0.00027494523	0.0026640845	0.0009199011	0.001004781	0.00081992196	0.0004988004	0.00027099438	0.00081992196	0.005971085	0.0019234024	0.006019215	0.00018810692	0.000508942	0.00023859789	0.0012092803	0.0018847479	0.00095383974	0.020102331	0.00024575158	0.022873322	0.006672862	0.0052977297	0.0003461643	0.0052911574	0.0010171991	0.0017081933	0.004871762	0.00036532801	0.0034129717	0.013218014	0.0068800687	0.00539867	0.0013238417	0.0073462855	0.015820567	0.00031307695	0.38652387	-22.715036392211918
s03e16a	370.0	5.0	0.76451826	0.76451826	0.033473007	0.005248896	0.0006382838	0.0018484911	0.022469712	0.0015658336	0.0031045498	0.0018288584	0.0006104521	0.00015224527	0.024813328	0.008847548	0.00051966903	0.00036139152	0.0025387928	0.00013805779	0.0021260087	0.0063912696	0.008173374	0.0031387468	0.00090097147	0.0012164888	0.00038997526	0.006346206	0.06386906	0.012980896	0.004645853	0.0006446777	0.00015387988	0.00040608042	0.0030056515	0.00025514723	0.00015581958	0.0029366154	0.0018117212	0.0016977651	0.0011307633	0.00205451	0.00052862347	0.00205451	0.0037790488	0.006741122	0.023896057	0.00065910845	0.00087843405	0.0006267534	0.0051640207	0.0043845885	0.004089186	0.045828756	0.00013289561	0.011158111	0.001046624	0.0025401565	0.0014219913	0.01754701	0.001759621	0.0011106256	0.0003858197	0.00029899	0.003523989	0.0065021226	0.0028670088	0.0064280145	0.001788118	0.0062098084	0.0025058982	0.0008014003	0.024423566	-28.90183448791504
s03e16a	375.0	5.0	0.84125763	0.84125763	0.025501212	0.0038927696	0.00012225394	0.0035671499	0.15896147	0.0013103917	0.002758677	0.001177855	0.0029142809	0.00011092382	0.0053201457	0.009275521	0.0042596743	0.004392347	0.0009371856	0.00017058187	0.0019005346	0.009350487	0.0023811078	0.002052795	0.0023811078	0.0007650356	0.00043131562	0.0010058307	0.030092737	0.003278701	0.0014231699	0.00036824666	0.00022326432	0.0003352395	0.0025758604	0.00022527088	0.00035130495	0.0046449713	0.0046449713	0.0013588067	0.011183366	0.012047762	0.0007294658	0.012047762	0.0025108496	0.024481293	0.020198049	0.005007442	0.00092411705	0.0013613636	0.0061947512	0.0018701224	0.0052270833	0.055922974	0.00015712672	0.07324356	0.00084755116	0.00070909946	0.00081656186	0.0041892524	0.00042335573	0.000781785	9.982517e-05	0.00020726954	0.0026343686	0.006955573	0.004736531	0.013920092	0.0038263914	0.014849908	0.0020970071	0.00039178884	0.013920092	-24.59437370300293
s03e16a	380.0	5.0	0.6474724	0.6474724	0.009178885	0.05164693	0.00027389007	0.0028515293	0.009684652	0.00056619185	0.004186186	0.0063329474	0.0006534835	0.0003233779	0.001795879	0.0037065449	0.0010635635	0.00046538113	0.0027041952	0.00047709857	0.001223122	0.004068018	0.015832925	0.0076004188	0.0018305829	0.0065808566	0.0016059323	0.012053383	0.08785018	0.004775857	0.0013395961	0.0005264071	0.00049019576	0.00055140204	0.0010881766	0.00015461321	0.0009327844	0.0033466169	0.0009961283	0.0033466169	0.002894644	0.0012059595	0.0005629497	0.002894644	0.0010839181	0.0050647464	0.0035244178	0.00027203633	0.00024500667	0.0005769743	0.0017413758	0.00091459195	0.002065642	0.00640651	0.00085929106	0.0033673628	0.0072117094	0.010119706	0.0018854819	0.013565485	0.00040353253	0.0009163181	0.0025702787	0.00022943561	0.003331779	0.004268644	0.0006978365	0.003425675	0.0010369458	0.010342931	0.0061058644	0.00011123905	0.086768486	-20.996826171875
s03e16a	385.0	5.0	0.84474987	0.84474987	0.027833866	0.030806424	0.00034553756	0.0025777442	0.23236436	0.0019669386	0.0039047177	0.0020158074	0.00046223178	0.0008246491	0.0013718264	0.0039789234	0.0011283278	0.0014294581	0.0028231952	0.00024751306	0.008071534	0.17626959	0.0039510233	0.0019446115	0.003029433	0.001345139	0.00049036986	0.0017119428	0.03730765	0.0035404991	0.0011135945	0.00057602784	0.00013417222	0.0006703224	0.002327913	0.00020635201	0.0002540687	0.0009745544	0.0009745544	0.00060960004	0.0012112816	0.002361464	0.0003135274	0.002361464	0.0016243615	0.005312984	0.0058804248	0.0010055327	0.0007213314	0.0004267207	0.032293376	0.00037535522	0.0022600645	0.003077833	0.0006648308	0.0005296049	0.0008635025	0.003790125	0.00014892906	0.00019484565	0.0009606942	0.00037873755	0.0008652061	0.001370952	0.0006973093	0.0003905836	0.0011452395	0.0022060312	0.0017113041	0.0037998813	0.002510139	0.0006564438	0.010652602	-22.39434242248535
s03e16a	390.0	5.0	0.89133775	0.89133775	0.037301946	0.056169674	0.0025234541	0.0012040725	0.292828	0.008743669	0.00497036	0.006223949	0.00059888564	0.00031713245	0.020065164	0.007818574	0.022972811	0.009620504	0.002589065	0.00021621953	0.0008518658	0.0022497142	0.008216475	0.008216475	0.00278243	0.002506356	0.0027758833	0.0027758833	0.046681546	0.009264695	0.0026963148	0.0013221791	0.00029014066	0.0012704161	0.0023020413	0.00039467492	0.00061831344	0.00086169917	0.0006358215	0.0008518354	0.0008224353	0.000303278	0.0002650354	0.0008224353	0.0006993945	0.0019385639	0.001801768	0.0001448161	0.0005543695	0.00037017002	0.0019292792	0.0011267124	0.0014223536	0.0039209086	0.00025670498	0.002829287	0.0012444628	0.0034626534	0.00029298876	0.003039596	0.00068227266	0.0008049925	0.0006011921	0.0004056697	0.002188009	0.00059792097	0.00046787382	0.006554629	0.0011383888	0.0015431688	0.0028032772	7.879789e-05	0.006554629	-20.949525833129883
s03e16a	395.0	5.0	0.8787104	0.8787104	0.0852193	0.0698626	0.0005784624	0.0011891463	0.0013492903	0.00092063326	0.0015863405	0.0020585516	0.0004635692	0.0002978994	0.0025782664	0.0048051784	0.0013824478	0.00016596945	0.000571484	0.0005595995	0.00024501624	0.0022088513	0.0035003503	0.0029372035	0.0008178627	0.0032546546	0.0013489041	0.0032546546	0.02931223	0.007281132	0.0035815788	0.0012040059	0.0009132443	0.0016015102	0.0030892545	0.0006791293	0.00032794336	0.004210241	0.0016309214	0.0012546262	0.0009881562	0.0009787538	0.00045710435	0.0009881562	0.0011343468	0.004965396	0.0033661374	0.0002622083	0.0002797433	0.0010826436	0.001370253	0.00116272	0.0014982119	0.0023175813	0.0004753511	0.0033802313	0.00082342414	0.010382928	0.0009796903	0.012356811	0.0003680359	0.0009587197	0.0032975962	0.00026847568	0.013168721	0.0034478484	0.0013442937	0.00043959642	0.00093716284	0.0069073793	0.0015820181	0.00037290278	0.019508623	-21.11748504638672
s03e16a	400.0	5.0	0.8044776	0.8044776	0.016519854	0.031088712	0.0003286942	0.014812521	0.15550402	0.0018080161	0.009985843	0.0010798146	0.0036366296	0.00042948392	0.0011316356	0.0021804215	0.0016659446	0.00034956238	0.001355556	0.0021009343	0.0072450284	0.01980368	0.0010097942	0.0009015739	0.0005504736	0.00212334	0.00054636085	0.00212334	0.40147167	0.017857717	0.004977353	0.0012302634	0.00048049024	0.0016405743	0.010482684	0.0004221367	0.0035059084	0.00061261974	0.00038470997	0.0005564282	0.0007206052	0.00070001767	0.00026863546	0.0007206052	0.0007637816	0.0023062506	0.010679773	0.0007480158	0.0012970725	0.0009899965	0.0042866855	0.0006838135	0.0015582845	0.005110494	0.00029148173	0.0011976126	0.0010123333	0.005943117	0.0011919105	0.0017045642	0.0002326205	0.0016549637	0.001695754	0.00020926284	0.0013290187	0.00032639687	0.0012328447	0.006028249	0.00049948244	0.0017785049	0.0034733978	0.00021544719	0.009726565	-20.40719985961914
s03e16a	405.0	5.0	0.86927474	0.86927474	0.008773451	0.08483464	0.0006205249	0.009348711	0.0023389983	0.0030236405	0.010262832	0.018685797	0.00013213076	0.00031101645	0.0013060967	0.031180285	0.0011961956	8.388918e-05	0.0015643254	0.00060887105	0.0028786873	0.0071302876	0.00826458	0.0052321088	0.0009464113	0.006844811	0.002133382	0.006844811	0.82672906	0.032984123	0.0139098205	0.0016782088	0.0002756313	0.0011516941	0.01743193	0.0018166829	0.008867826	0.0015203311	0.0013824143	0.0013972543	0.0021864958	0.0026774716	0.0003907521	0.0026774716	0.0012361506	0.0072400365	0.060596347	0.0019002309	0.00087704865	0.0028230154	0.0022432758	0.008224234	0.0046397317	0.002753317	0.0015623404	0.0042236624	0.001419499	0.0024056975	0.00409068	0.0028718915	0.00037717415	0.00171491	0.00031274577	0.00020418952	0.0011075669	0.0019780472	0.0025976966	0.002792148	0.0011559129	0.01672777	0.005157844	8.5278814e-05	0.0072913896	-23.417240142822266
s03e16a	410.0	5.0	0.9223695	0.9223695	0.009065436	0.37398416	0.00067612564	0.00068770495	0.24668372	0.0024964975	0.002474042	0.10026417	0.00016656905	0.00029941276	0.005198553	0.0015034798	0.004074578	0.0046054455	0.0025765416	0.00020182862	0.00088406244	0.0065979175	0.008176096	0.008176096	0.0017978392	0.0016339547	0.000406721	0.0016339547	0.056667563	0.004540274	0.0012601736	0.0010521805	0.00035482008	0.0007856955	0.0011491014	0.0003094737	0.00055569253	0.00049752474	0.00011152422	0.00049752474	0.0005463416	0.00012516219	0.0001510974	0.0005463416	0.00030855773	0.00034530967	0.001413517	7.422643e-05	0.00016673877	0.0002542667	0.0032926882	0.00034688268	0.0012677696	0.0038878692	0.0012683687	0.0021093264	0.0012875323	0.0060930382	0.0007462316	0.026754076	0.0004827211	0.0012217526	0.0021686007	0.00027027604	0.0026215096	0.0003218987	0.00015341165	0.0015335798	0.0010936741	0.008710738	0.0015479267	0.0003274341	0.0026215096	-22.38367080688477
s03e16a	415.0	5.0	0.8427726	0.8427726	0.0020721536	0.016370568	0.054287687	0.047620993	0.01136712	0.013148751	0.0014616847	0.19264135	0.037485413	0.0003262519	0.006509377	0.007495575	0.0012511768	0.00023807569	0.0026897679	0.00012596654	0.00038910002	0.00077028957	0.02096893	0.02096893	0.0018893947	0.0065857708	0.0019096333	0.0065857708	0.05494063	0.002555673	0.00074524665	0.000616648	0.0009176413	0.00044821712	0.0012755971	0.00036319133	0.00064773054	0.0036277764	0.0004142695	0.002702285	0.00605965	0.00027864397	0.0004042034	0.00605965	0.0016796074	0.0008435377	0.0024229058	9.42829e-05	0.00010801906	0.00035190745	0.0005955498	0.00651332	0.0006614103	0.0038451366	0.0005807766	0.0014184417	0.00030883585	0.0004164117	0.0010198356	0.011883872	0.00035002708	0.00047895493	0.0006618743	0.00016808268	0.0032913913	0.001138083	0.0025266993	0.0043175896	0.004339534	0.014685007	0.0013114467	0.0002608551	0.004339534	-20.831806182861328
s03e16a	420.0	5.0	0.88322437	0.88322437	0.011540916	0.02505206	0.0014681568	0.0068207625	0.23601764	0.0030450472	0.010007947	0.024036378	0.00038071585	0.0011432617	0.0015355744	0.0052415063	0.005159393	0.0043645096	0.013457889	0.0006508813	0.007235284	0.04206561	0.07727535	0.004737158	0.0030773485	0.0032508578	0.00041946993	0.0032508578	0.10334075	0.01807288	0.008663699	0.0030728534	0.0009224351	0.0019607486	0.0041422173	0.0013731126	0.0012012183	0.0010501152	0.000779	0.00086770643	0.0021016262	0.0007183901	0.00025879082	0.0021016262	0.0010363993	0.001670305	0.0024618169	0.0004584925	0.00079324935	0.00066845637	0.003476598	0.0013355039	0.0014117722	0.0017199788	0.0003254743	0.0016976722	0.00047935755	0.0023384509	6.661849e-05	0.00017833538	0.0003251254	0.0053541283	0.0013529732	0.0005878508	0.0010595183	0.00021660641	0.00039564233	0.0011375183	0.0009330151	0.0018014361	0.0049686534	0.00011864998	0.0049686534	-19.974639892578125
s03e16a	425.0	5.0	0.86512595	0.86512595	0.017522851	0.07802361	0.0010791478	0.005975791	0.010258522	0.006772663	0.003589033	0.13873509	0.00052304304	0.0001255557	0.0021047185	0.011875532	0.00045574125	0.00064041646	0.0023299006	0.00031724555	0.0019765696	0.019798776	0.017054219	0.011294739	0.0014145378	0.0041246302	0.0051812367	0.0051812367	0.025849918	0.002127387	0.00072882365	0.00043124965	0.00023217867	0.00038355004	0.0013062428	0.00022781859	0.00046049568	0.0025955525	0.0008964412	0.0025955525	0.0038932743	0.00092200097	0.0006851749	0.0038932743	0.0011459668	0.003913247	0.0151637485	0.00041629781	0.0006162088	0.00053748256	0.0033628882	0.0031525868	0.0013349125	0.0048613977	0.000819465	0.0022920682	0.0003006453	0.0015910063	0.0005243019	0.0017466263	0.00018894207	0.00035488044	0.00091086194	0.00045493455	0.0016137272	0.00049934344	0.0010450822	0.0015460352	0.00035489973	0.0043345797	0.0016327393	0.0005094738	0.0033086764	-20.73402214050293
s03e16a	430.0	5.0	0.8798103	0.8798103	0.008634748	0.059763093	0.0012886518	0.003851295	0.039277162	0.0088492455	0.0026586738	0.059492823	0.0013332035	0.00046955716	0.000985702	0.0020186326	0.0017868205	0.0007394637	0.0031460242	0.001058085	0.0013077386	0.017337311	0.011512142	0.005444607	0.00053993566	0.0029307962	0.0013689486	0.0029307962	0.057180885	0.004855406	0.0022532973	0.0011374393	0.00057918124	0.0010406288	0.0017400128	0.0007330225	0.0010370337	0.002954586	0.001935414	0.002954586	0.0069426415	0.0031663643	0.0013272858	0.0069426415	0.00075599545	0.0075332033	0.009620332	0.00038245777	0.00061640266	0.0009879303	0.0028685983	0.0006998479	0.0021391576	0.0037924557	0.0037730825	0.0010704094	0.00049043715	0.0030779266	0.0012487236	0.0044753877	0.00015842821	0.0014173021	0.0019571641	0.00027388587	0.0015911147	0.00057552895	0.0014148038	0.0018318424	0.00079003384	0.017279144	0.0010086788	0.00068539305	0.0018318424	-23.615955352783203
s03e16a	435.0	5.0	0.8284298	0.8284298	0.0069866413	0.27597246	0.00066289166	0.0007944484	0.003930203	0.0032338537	0.0040762234	0.019483078	0.0012664648	0.00029339243	0.001459303	0.0018606156	0.0014753164	0.0005756348	0.0011172375	0.0005017605	0.00028822533	0.0007483859	0.019121183	0.019121183	0.0009705376	0.004659584	0.0019384394	0.004659584	0.08566128	0.0058693876	0.0014654316	0.0012778017	0.00089608633	0.0011714998	0.0018563513	0.0021633182	0.0009837872	0.0013354714	0.0005630127	0.0013354714	0.0007461897	0.00042406682	0.00060445385	0.0007461897	0.0007687247	0.0021795637	0.0071583376	0.0001700891	0.0004014552	0.0011222584	0.0031417978	0.00066446565	0.0016888662	0.00095768354	0.0020407545	0.00093749596	0.0006780312	0.0055943	0.0023508072	0.02070469	0.00013026911	0.0019534559	0.0020026078	0.00047348524	0.0026785973	0.00041287031	0.00034448208	0.0011471409	0.00059854845	0.004765741	0.00100572	0.0011257189	0.004664664	-22.442256927490234
s03e16a	440.0	5.0	0.90289617	0.90289617	0.008956559	0.29931462	0.0011754144	0.00090134755	0.053015962	0.0020065152	0.0027597842	0.054987375	0.00029204224	0.0003626689	0.002385763	0.003255348	0.0025699034	0.0022708327	0.0036763914	0.0007428023	0.0032114997	0.007059525	0.09542091	0.09542091	0.0013537542	0.0045364457	0.0010225597	0.0045364457	0.04552987	0.006163095	0.0019994455	0.0010018598	0.00035538015	0.00064856326	0.0015348062	0.0014307895	0.00040860928	0.0006587056	0.00027351922	0.0005850192	0.00081627595	0.00023036369	0.00018104432	0.00081627595	0.0007330624	0.0012617536	0.004389554	0.00042899945	0.00043219436	0.00053797255	0.010960906	0.0016011626	0.0017439746	0.008243845	0.0012131169	0.0027971815	0.00067190663	0.0034507215	0.00060312566	0.007351872	0.00048373427	0.0020577798	0.002631336	0.00015662979	0.0026002182	0.00029447384	0.00044329767	0.0016635576	0.0011725723	0.0020543467	0.004659624	0.0002212235	0.004659624	-21.47216415405273
s03e16a	445.0	5.0	0.2664302	0.2664302	0.010063346	0.008961851	0.001463	0.009093185	0.164312	0.0031784186	0.005639146	0.007954496	0.00090564927	0.0013000711	0.011822732	0.007089547	0.0082439305	0.013084695	0.002311997	0.0005379128	0.0033355467	0.009679235	0.019456511	0.019456511	0.0040861154	0.008930853	0.0010804279	0.009085016	0.023166487	0.0046477453	0.0019469656	0.0007461278	0.00039295325	0.0006848234	0.0015751296	0.00039507775	0.00038159263	0.011253136	0.011253136	0.004990422	0.019750861	0.017499233	0.0025716873	0.019750861	0.002114383	0.024028653	0.022213943	0.0015681202	0.0024671976	0.0014042886	0.019275473	0.004987435	0.005346833	0.013135814	0.00041836893	0.0016106502	0.00097208587	0.0017717462	0.0006059489	0.0036980815	0.0017635452	0.0012438459	0.0013896967	0.00077527243	0.0041240817	0.0019302986	0.0017981131	0.0069334027	0.0023687852	0.0153572345	0.0013148072	0.0013451953	0.0069334027	-22.08643341064453
s03e16a	450.0	5.0	0.84560305	0.84560305	0.014987853	0.026276058	0.00027601788	0.009868243	0.07021967	0.0019191279	0.015863098	0.0050649554	0.00021535765	0.00026962152	0.0007559317	0.0053052455	0.0005987624	0.0007484151	0.00457548	0.0015665531	0.008458783	0.044910386	0.0023444814	0.0011996244	0.00051631755	0.004064266	0.0005736377	0.004064266	0.62724715	0.030879172	0.00738462	0.0007931458	0.000277096	0.0014236707	0.019119054	0.00026418068	0.0030838463	0.0012690127	0.0012451481	0.0012690127	0.005683395	0.0044262656	0.00034698355	0.005683395	0.0009675463	0.0068228464	0.018073494	0.0012571627	0.0010407582	0.0013075392	0.003119006	0.00262991	0.0024596176	0.012517943	0.00037232574	0.0019199848	0.00056642527	0.0024669536	0.002141233	0.0008421294	0.0004923245	0.0011157506	0.00019879361	0.00015196636	0.0006582804	0.0005673057	0.0010600282	0.004150022	0.0005306787	0.005961747	0.004647489	0.00029134782	0.031721383	-20.363487243652344
s03e16a	455.0	5.0	0.59703654	0.59703654	0.0012812647	0.0013495763	0.00026658433	0.00056239194	0.0010653635	0.00016488407	0.015836373	0.0024941855	3.7067213e-05	5.668152e-05	0.0008251467	0.0013829555	0.0001916258	2.9659928e-05	0.0018149327	0.0001600802	0.00011443296	0.00030273607	0.003850521	0.003850521	0.0010641696	0.0050207833	0.0009282	0.0050207833	0.7191178	0.02608804	0.01632464	0.0011021381	0.00014874001	0.00080747134	0.01035495	0.0018549144	0.0049633025	0.00030749966	0.0001282561	2.5704838e-05	0.0004403304	0.00023517685	8.029051e-06	0.0004403304	0.00063180685	0.0014848907	0.0017011531	5.5063432e-05	0.00021350592	6.329441e-05	0.0003108312	0.006681594	0.0007717196	0.018804522	0.0001928975	0.012858699	0.0131631885	0.00025160576	6.006025e-05	0.00054592354	0.0024836834	0.00015772942	0.0011352598	0.0002807217	0.004050093	0.008392262	0.006237708	0.009095646	0.009029739	0.004487873	0.017446268	0.00020452798	0.04344145	-22.12956428527832
s03e16a	460.0	5.0	0.8687265	0.8687265	0.015048932	0.025718564	0.00021875434	0.0006589966	0.045324344	0.0008630328	0.0011181574	0.008873099	2.9161427e-05	0.0001832362	0.0051541138	0.0031212142	0.001521126	0.00036793313	0.0010186771	0.00021138249	0.00021103592	0.07579637	0.02469793	0.000967574	0.02469793	0.014717497	0.00045781885	0.014717497	0.023601217	0.0031608276	0.001319019	0.00033521652	0.0001778728	0.00038844568	0.0010605732	0.00027332996	0.00015907595	0.0043532313	0.0043532313	0.002063965	0.005121498	0.007999474	0.00049926963	0.007999474	0.0020584322	0.016178498	0.03665505	0.0017682977	0.00044421796	0.00034249158	0.011812614	0.0017760795	0.009967767	0.043579467	0.00016106806	0.00633476	0.0046948283	0.0031093706	0.001221713	0.001893204	0.0026400075	0.00047390876	0.00039440303	0.0013775798	0.030714441	0.0061693345	0.00083942147	0.0051733037	0.0046759024	0.008587081	0.0010386399	0.00014053746	0.030714441	-23.143178939819336
s03e16a	465.0	5.0	0.8905931	0.8905931	0.015896304	0.12856866	0.00042101103	0.0014262878	0.060397718	0.0010586476	0.0007428907	0.007334504	7.1413226e-05	0.00016083862	0.005143001	0.005276927	0.0012273244	0.00048774807	0.0018912499	0.0014909606	0.0010683627	0.030060861	0.009658451	0.009658451	0.0014864581	0.0034112385	0.0013572747	0.0037965002	0.042389598	0.0021773435	0.0005543695	0.00035218988	0.00017186774	0.00030058512	0.0009766137	0.000120386816	0.00014756636	0.003859875	0.0026452974	0.0023157133	0.0031958127	0.0036237661	0.00048067461	0.0037703128	0.00088087015	0.00457936	0.0062146336	0.0019910045	0.00021884093	0.0005707023	0.002141345	0.002302935	0.0013743214	0.008455696	0.0002791726	0.0015903944	0.0012132637	0.0052630035	0.00086312403	0.0064216126	0.0003302157	0.0006669028	0.00044139364	0.00015959644	0.003713606	0.0004984437	0.00033433022	0.0033693062	0.0015536562	0.0077523743	0.004271547	8.04882e-05	0.009462212	-21.43734359741211
s03e16a	470.0	5.0	0.8225498	0.8225498	0.009466217	0.020622524	0.00051273685	0.00041830135	0.0023262214	0.0016547628	0.0012159089	0.005364988	0.0011627144	0.00043215687	0.022826683	0.010001448	0.0008835887	0.00019175667	0.0004515725	0.00033701962	0.00016259153	0.005376856	0.04275542	0.03835358	0.004455045	0.012675216	0.0080831945	0.012675216	0.08793279	0.005247937	0.0007933873	0.0014546798	0.000915155	0.0014122602	0.0031187732	0.00027376055	0.0005921157	0.0074304016	0.0030974362	0.005719021	0.0032973879	0.0016598665	0.0011073991	0.0032973879	0.0027866168	0.008823106	0.005473299	0.00033563288	0.00038898076	0.0012470168	0.0022890673	0.002594965	0.00090921187	0.01117743	0.0008316383	0.007317682	0.0006570362	0.0039029596	0.0006293314	0.02433027	0.00077562605	0.0017614461	0.0027103673	0.0002309553	0.004641304	0.001381631	0.0004869298	0.0028783055	0.0007575279	0.008383727	0.0029195426	0.00027709416	0.029507728	-20.853376388549805
s03e16a	475.0	5.0	0.76031	0.76031	0.011787253	0.005455509	0.0003268599	0.00029394537	0.00058090896	0.0006322749	0.0013451767	0.00064001494	0.00051096897	0.00050952716	0.004167962	0.0018758043	0.0007471463	0.00017306625	0.00041912537	0.00047437722	0.0001817916	0.0005804249	0.017235968	0.006781226	0.017235968	0.0026285418	0.0068113822	0.012129834	0.06767177	0.006605104	0.002306311	0.0012295406	0.00090830965	0.0016189944	0.0037999083	0.00081974734	0.0007902176	0.013577475	0.0032020344	0.012029064	0.007876484	0.002230924	0.0012213349	0.007876484	0.00497727	0.006951971	0.004460227	0.00014839605	0.0004990634	0.0007504949	0.0023925684	0.0019007699	0.0033404517	0.0018250151	0.00088648713	0.001331365	0.0029345723	0.023367146	0.002173309	0.0151656205	0.00078707584	0.0009057667	0.0010680539	0.0006613201	0.008968592	0.008699032	0.0007286598	0.0005671075	0.002256373	0.060251486	0.0013035341	0.00034519297	0.0738773	-21.459863662719727
s03e16a	480.0	5.0	0.683381	0.683381	0.011479316	0.012731438	0.00024194157	0.0056113773	0.02641882	0.0016733499	0.002603839	0.00063170656	0.0026506304	9.839358e-05	0.0014635803	0.01145502	0.001327253	0.0005955268	0.00067205395	0.0010010479	0.0029034654	0.03775866	0.005555552	0.0044588386	0.005555552	0.0010209141	0.0005229603	0.0012545078	0.107334085	0.004172102	0.0008775778	0.00028606426	0.0001784526	0.00054311025	0.00504433	0.00027335004	0.00053658726	0.0070741843	0.0070741843	0.005097948	0.0026950573	0.008622385	0.0019593597	0.008622385	0.0018567356	0.012326089	0.007355429	0.0018017457	0.0005564022	0.00059137883	0.009453465	0.0013997542	0.0015663302	0.045984678	0.00010904903	0.00457231	0.0014434583	0.004061223	0.0010509894	0.009007718	0.00034600712	0.000593887	0.0006283991	0.0005895908	0.006145217	0.0031790894	0.0037881867	0.011324298	0.0056042406	0.01478531	0.0046978127	0.00016862735	0.13507655	-20.460901260375977
s03e16a	485.0	5.0	0.8133781	0.8133781	0.052732073	0.021092003	0.0014098644	0.0044380673	0.07145812	0.00570968	0.001777299	0.0032226283	0.0033617988	0.00024931238	0.0074163936	0.021317508	0.0021114785	0.00094057416	0.0031275786	0.0013090781	0.0021950202	0.021309447	0.010057685	0.00740809	0.003887295	0.0034588925	0.001210476	0.0036060556	0.052162703	0.0039910194	0.0014600584	0.00053468015	0.00043290397	0.0004962613	0.003488851	0.00051626266	0.00037292767	0.006124032	0.0024598832	0.0023803704	0.0032490196	0.002151081	0.0005942536	0.0032490196	0.004102015	0.006479638	0.0034344362	0.00030495386	0.00032642984	0.00046616525	0.0023388513	0.007004482	0.0016153514	0.023237454	0.0003701178	0.005721326	0.0015179372	0.008978248	0.00041222986	0.03134906	0.0019106998	0.00063830416	0.0007384612	0.00032981895	0.007688899	0.0027935356	0.0017614192	0.011950706	0.002155853	0.02032037	0.015595113	0.00018963513	0.09117933	-20.523969650268555
s03e16a	490.0	5.0	0.7697927	0.7697927	0.030477302	0.0065715606	0.00081870175	0.002598035	0.13336942	0.0008451846	0.0025719577	0.0016284931	0.00017176569	0.00029975778	0.0015788896	0.014492692	0.0011878721	0.0007410294	0.003787055	0.0006046831	0.0042882976	0.073801525	0.01796446	0.0053325286	0.00359957	0.02539406	0.0045325696	0.02539406	0.04384007	0.008425645	0.0041127233	0.0009302815	0.00043581682	0.00086020125	0.0044028563	0.0003723504	0.00022422303	0.0036122925	0.0036122925	0.0010679109	0.0027397678	0.0052087796	0.0004807241	0.0052087796	0.0020654278	0.008662905	0.00675506	0.0027476011	0.00092446303	0.000715182	0.017904108	0.0024709734	0.002814269	0.015844299	6.229162e-05	0.0025218548	0.0010778701	0.0012252319	0.00041903486	0.0010469401	0.0006757398	0.0010517576	0.00016718883	0.0009883365	0.0023807904	0.0010032243	0.0016227099	0.0069095744	0.0010095134	0.0025274663	0.0062009045	9.280724e-05	0.054809853	-21.279794692993164
s03e16a	495.0	5.0	0.8677712	0.8677712	0.023948131	0.0022000724	0.0005408322	0.00036817434	0.0017879538	0.00064105244	0.0007051186	0.00086080225	0.00016761661	0.0001964479	0.0024969869	0.051135197	0.004283833	5.373659e-05	0.0009366049	0.00018252073	0.00033860753	0.0023273185	0.06238433	0.004842946	0.0013216095	0.003899569	0.0028715816	0.036686767	0.03490889	0.0056396886	0.0021182317	0.0003591464	0.00032524168	0.0004703913	0.0026559378	0.0003548693	0.00022663416	0.007937506	0.003965934	0.0022161999	0.002540751	0.0014583672	0.0004000146	0.002540751	0.008207201	0.021843214	0.005115646	0.00015224729	0.0006669679	0.0004146063	0.0008672014	0.004477313	0.0024362493	0.018906835	0.00067393127	0.008433792	0.0016684136	0.00646094	0.0005235024	0.02148387	0.00078071526	0.00057796313	0.00074987725	0.00030701866	0.013606013	0.004466815	0.001115629	0.001338412	0.0006522562	0.017491177	0.0031468454	0.00012123665	0.06465618	-21.01019096374512
s03e16a	500.0	5.0	0.87316453	0.87316453	0.029981459	0.0115080625	0.0008074852	0.0010920324	0.020284317	0.001724061	0.0009212353	0.0032135276	0.0015277904	0.00017782752	0.008321018	0.048845395	0.0029993823	0.00021450248	0.0017718568	0.00051755947	0.00071964576	0.0019903565	0.017524714	0.0038365507	0.0012598934	0.0025466282	0.0007250558	0.015810613	0.06003219	0.002702853	0.00056046527	0.00053322327	0.00047421534	0.00039595665	0.0010704574	0.00018914792	0.00034707686	0.010114564	0.003085484	0.010114564	0.0034935358	0.0017122362	0.0010862	0.0034935358	0.0044936715	0.009911414	0.0030935733	0.00010847509	0.00041739395	0.00044359	0.0011275713	0.0043854	0.00097074104	0.07035599	0.0004119708	0.014496697	0.002830292	0.0017395325	0.00047155088	0.009478351	0.0006282664	0.00075887394	0.0011587142	0.00033902857	0.0048148064	0.0073771095	0.00070411805	0.0042207274	0.0008019021	0.030945744	0.007343887	0.00016292474	0.048014153	-19.5124454498291
s03e16a	505.0	5.0	0.862337	0.862337	0.20331709	0.031263568	0.0009005368	0.0046018115	0.07670367	0.0037159494	0.0032377664	0.0011240034	0.0010895204	0.00073806796	0.00750491	0.0056790826	0.0016651357	0.00059085066	0.0031671561	0.00048677015	0.0054332525	0.021370424	0.0085344	0.0085344	0.001333323	0.0030039786	0.0015099512	0.004393686	0.023096815	0.007943301	0.0048239566	0.0015696425	0.0006118798	0.0013518602	0.0040347576	0.00045571645	0.00022888479	0.0049796086	0.0024887412	0.0020703645	0.002105009	0.0025970517	0.000917981	0.0028119294	0.0017267269	0.004735895	0.009691277	0.0015779126	0.0008922142	0.0016781338	0.0028457728	0.0028393662	0.0017769564	0.009622599	0.00030722067	0.0015556441	0.0007365924	0.0036597871	0.00035801914	0.00701584	0.0011161047	0.0013198955	0.0007692017	0.00047392887	0.00219307	0.0020590415	0.0012979171	0.0032353236	0.002782544	0.0040032715	0.010383658	0.0004119969	0.016138421	-21.323139190673828
s03e16a	510.0	5.0	0.8797509	0.8797509	0.027048714	0.022321446	0.00042587606	0.0003587978	0.00968817	0.00045154087	0.0006050752	0.0037898568	0.00014732861	9.0309666e-05	0.010603844	0.03631764	0.0017919384	0.00012015687	0.0014619324	0.00014394068	0.0007306255	0.0060294257	0.041413322	0.011668535	0.0021331639	0.00526217	0.0009208711	0.03398998	0.019460846	0.0028074684	0.0011961762	0.0003983737	0.0003056192	0.00031803866	0.0005842945	0.00014148674	0.00010809026	0.0023013055	0.0011592165	0.0016682032	0.0012622308	0.00057760376	0.00023971224	0.0012622308	0.002642241	0.004589531	0.0025577254	0.00015950289	0.00032678669	0.000236291	0.0009792811	0.0028403762	0.0015623242	0.040227883	0.00010055863	0.01249037	0.00363536	0.0023864713	0.00023436721	0.0031966646	0.000427705	0.00045397392	0.00018058538	0.000291164	0.0051781526	0.0015545173	0.0002086902	0.002239522	0.0003748517	0.017143464	0.006434867	0.00011880428	0.022521583	-23.5490779876709
s03e16a	515.0	5.0	0.8313237	0.8313237	0.047285344	0.07461285	0.00028396022	0.0010977936	0.0093090935	0.0006940038	0.0008064467	0.007991108	0.0006460189	0.00050106033	0.0049957996	0.0052011358	0.0015729833	0.00019880953	0.0008803013	0.00021680476	0.00072175154	0.004876711	0.032299284	0.032299284	0.003210529	0.0063701896	0.0020657906	0.038754683	0.08157381	0.00370344	0.0009619802	0.00069226883	0.0005737	0.00065799186	0.0013806019	0.00033782623	0.0002423174	0.00514852	0.0009973162	0.00514852	0.0013927268	0.0005818867	0.0012968843	0.0013927268	0.001682932	0.0034902457	0.004503907	0.0004240256	0.00029288683	0.00067676906	0.003587785	0.0014278431	0.0008197888	0.00945593	0.00030207698	0.002476001	0.0013901547	0.0019728916	0.00027544846	0.032832753	0.0006282862	0.0006110261	0.0031706658	0.0003974169	0.0058955494	0.00070970994	0.00064772257	0.004074739	0.0006005112	0.006153237	0.002685292	0.00012464196	0.019814588	-20.00896644592285
s03e16a	520.0	5.0	0.78309053	0.78309053	0.04373555	0.0030075184	0.00047185103	0.0026573832	0.117743865	0.0006794077	0.0009989039	0.0026455743	0.00019279508	0.00057246146	0.0011127997	0.0038122658	0.003760612	0.0008133504	0.0012120941	0.00038900433	0.0015112163	0.15399328	0.0066927434	0.0066927434	0.0028942695	0.013136494	0.0014668935	0.013136494	0.025782162	0.0071412474	0.0035507677	0.00043470674	0.0002075009	0.0005358643	0.0021926276	0.0003328847	0.00024029828	0.0058490457	0.0058490457	0.0011481615	0.0066116024	0.008848208	0.0005805386	0.008962956	0.0013184312	0.03053482	0.019289333	0.0033051136	0.0009925744	0.0005286174	0.006991506	0.002226173	0.00516178	0.0029793214	5.5038396e-05	0.0007512412	0.00068858115	0.0008210662	0.00013568357	0.00047451266	0.00070283085	0.0005814127	0.0001869012	0.0004063813	0.0015380051	0.00089078414	0.0009551603	0.0029883403	0.000846177	0.0039873156	0.0007697036	0.00019652302	0.0029883403	-22.362024307250977
s03e16a	525.0	5.0	0.8431689	0.8431689	0.039993886	0.008217202	0.0006311854	0.0020947503	0.01393822	0.0012088572	0.0012131025	0.008966774	9.033912e-05	0.00025204514	0.0011197424	0.021557022	0.001011564	0.000278176	0.0019628857	0.00040145102	0.0014684217	0.078829296	0.014556174	0.011316821	0.0023436986	0.0072911032	0.007501647	0.007501647	0.026614884	0.005986371	0.0028240466	0.0005817797	0.00020300962	0.000609897	0.0014599708	0.00028503244	0.00026107504	0.018935807	0.018935807	0.0029077288	0.011760285	0.014183283	0.0005464858	0.014183283	0.002539038	0.06813724	0.023017652	0.004939867	0.0013206771	0.0009985665	0.0040019387	0.008567022	0.0028784794	0.016708063	0.00018176284	0.003723148	0.00052069017	0.00049194734	0.00032829336	0.0038993338	0.00088548416	0.0013942928	0.00077056704	0.0003983112	0.004772012	0.0010649743	0.00087323535	0.0020811518	0.0007857371	0.016745653	0.0017997485	0.00027670135	0.015121352	-20.456077575683597
s03e16a	530.0	5.0	0.87086636	0.87086636	0.022824194	0.018307596	0.001911995	0.0010569984	0.09212466	0.000947105	0.0011308759	0.034918543	0.00016938636	0.0008888202	0.0041044503	0.010762156	0.005997902	0.0016579041	0.0015112946	0.00023081989	0.0009054246	0.02299429	0.021193989	0.021193989	0.0020574979	0.006389523	0.0039016602	0.017232817	0.025930172	0.00633449	0.0023921474	0.000720474	0.00045622195	0.00080654846	0.001724826	0.0006233868	0.00035588667	0.002988245	0.0016375289	0.0012184823	0.0036927056	0.00087565085	0.00032446772	0.0036927056	0.0045706457	0.005037208	0.013577845	0.0008492594	0.0016682873	0.0008629958	0.0018399162	0.009403293	0.0026246833	0.011697143	0.00031617063	0.002122134	0.0010925084	0.0028079785	0.00042607545	0.00791915	0.0053334627	0.00092176424	0.0015641206	0.00024804554	0.0049060574	0.0011986032	0.00079199177	0.0033981155	0.0029456234	0.003848378	0.004350636	0.00038964231	0.005496912	-22.187633514404297
s03e16a	535.0	5.0	0.7585553	0.7585553	0.06783573	0.0047740466	0.00044272692	0.0049629137	0.2157096	0.0010588751	0.002160033	0.0012746492	0.00020126959	0.0005773357	0.0025354973	0.0034546757	0.0030234335	0.00043888486	0.003050321	0.00047438787	0.018454282	0.08629268	0.006406792	0.0028461735	0.0021974214	0.00851629	0.0011001371	0.00851629	0.02886358	0.013939105	0.006651823	0.0012325236	0.00027867212	0.0011451462	0.0049246345	0.00036041066	0.00037269434	0.0059473584	0.0059473584	0.0031033752	0.008777109	0.015077273	0.0012755728	0.015077273	0.0016280713	0.024392257	0.016061202	0.0038496545	0.0007172385	0.0014670547	0.0071628876	0.0031891388	0.0071026	0.004186279	9.77416e-05	0.00059449754	0.0010156455	0.0039030137	0.0002500656	0.0012724318	0.0005488699	0.0011692418	0.00024726163	0.00043637078	0.0018016077	0.0013099686	0.0014321124	0.0018914228	0.0015104107	0.0036163982	0.0035480675	0.00031532836	0.0046002436	-22.108308792114254
s03e16a	540.0	5.0	0.90648824	0.90648824	0.07739918	0.008150067	0.00026902324	0.0004968314	0.0035564392	0.00032152052	0.0005403112	0.0006165545	3.5788293e-05	8.328872e-05	0.007105028	0.009100276	0.00025689643	3.0914172e-05	0.0008692622	0.0003276527	0.00020607283	0.001861278	0.0073694107	0.001298557	0.0007637733	0.0008460552	0.0005285237	0.057397556	0.03714495	0.0056967842	0.0034338715	0.00067545235	0.00023084278	0.00079543696	0.0022234546	0.00033488686	0.00021110997	0.0028964502	0.0011675924	0.0011094873	0.0006361503	0.00059851987	0.00028023904	0.0006361503	0.0015069384	0.0036498846	0.0048836675	0.00019065404	0.00031622793	0.00031948765	0.0012709196	0.00319226	0.001748102	0.022701493	0.0003839272	0.0071664653	0.004029901	0.0029438257	0.00033446634	0.010994111	0.0013318692	0.00046382446	0.00029458475	0.00012036925	0.028793873	0.006686001	0.0007019037	0.0005602818	0.004241102	0.013129307	0.0016004826	0.00017475217	0.028793873	-24.5511417388916
s03e16a	545.0	5.0	0.73425925	0.73425925	0.012343068	0.0028428624	0.0001835009	0.0016810521	0.17476794	0.0012144858	0.0016835877	0.0013634922	0.00039958567	0.00010867761	0.0063616475	0.0020116963	0.0014640556	0.00081947714	0.00033768022	9.956848e-05	0.00058875215	0.0057476764	0.006549061	0.00045335467	0.006549061	0.0015545727	0.0004231048	0.0015545727	0.021291748	0.00419078	0.0025090338	0.0007507767	0.00039717206	0.0007873092	0.0014149029	0.000116402065	0.00019860265	0.0007432742	0.0007432742	0.00042197818	0.0006167746	0.00072992715	0.00017299068	0.00072992715	0.0013959323	0.0062027825	0.028965779	0.00015683408	0.00018157384	0.00026718792	0.0072477143	0.0010306981	0.009412905	0.15002023	0.0003476007	0.0049452116	0.0005332103	0.0016490512	0.0004886013	0.0027260724	0.024412192	0.0005217952	0.00033143343	0.00071707653	0.02395271	0.007684593	0.00025733205	0.0024119285	0.0007736713	0.0009203728	0.00093163335	9.683041e-05	0.029710494	-23.58826065063477
s03e16a	550.0	5.0	0.7798469	0.7798469	0.019016022	0.004594505	0.0005097793	0.0010726623	0.005322119	0.0017036216	0.0012653569	0.0011806666	0.001468191	0.0002859159	0.0070720306	0.0023431703	0.00055093813	0.00011160859	0.00090016617	0.00043209526	0.00023415546	0.0014333791	0.004302059	0.0027131205	0.0010633447	0.008700043	0.0035849258	0.013105388	0.017465904	0.0023753524	0.0011234082	0.0006493658	0.00032427753	0.0005327503	0.0028918462	0.001243654	0.00025162328	0.009741844	0.004061256	0.009741844	0.0035915715	0.0029173016	0.0032934474	0.0035915715	0.004902392	0.018954933	0.0589581	0.00046463535	0.002966478	0.0003862309	0.0031451362	0.0050192447	0.010900981	0.34384254	0.002011884	0.06276962	0.001404552	0.004548419	0.00059793715	0.00018936375	0.0064279963	0.0012770997	0.0028882788	0.00030592325	0.007390956	0.007863188	0.01685583	0.070141114	0.0025252046	0.0032165714	0.0015487471	0.00133083	0.070141114	-21.09107208251953
s03e16a	555.0	5.0	0.8356	0.8356	0.016854456	0.040429637	0.00029641768	0.0065181716	0.13704783	0.0034357812	0.0024773122	0.012479711	0.006191411	0.0004186462	0.0034976217	0.0029282086	0.0015168822	0.0031350893	0.0017492756	0.00093467586	0.0036748494	0.040432487	0.00967784	0.0032654142	0.0015692882	0.0010325147	0.001183795	0.0021549156	0.0231696	0.0031579682	0.0017067833	0.00057733984	0.00030325775	0.00063005637	0.0018187559	0.0009353859	0.0005478538	0.0015612341	0.0015612341	0.0012525027	0.0041207266	0.0020473865	0.0004762155	0.0041207266	0.0009446087	0.0041147275	0.009368091	0.0013693052	0.00112826	0.0005843146	0.006935183	0.0024114538	0.001699278	0.0022483466	0.00079596654	0.0018930059	0.0005410794	0.0024986072	0.00048431972	0.0022748564	0.0005900132	0.0013366617	0.0012445991	0.0002999287	0.002998454	0.00029812127	0.0012089412	0.004724527	0.001729532	0.0023259516	0.0018948033	0.0006899462	0.004724527	-20.46710777282715
s03e16a	560.0	5.0	0.78519285	0.78519285	0.017153718	0.018382728	0.00115893	0.0056447126	0.3235045	0.006207357	0.005002529	0.00350135	0.00082525756	0.00039227938	0.013625584	0.009644891	0.0019581479	0.0013705577	0.0036215547	0.0005458273	0.0036742506	0.02786465	0.012060709	0.012060709	0.0034086148	0.0053262375	0.005135507	0.0053262375	0.04277543	0.007121584	0.0034253448	0.0010615354	0.0005579093	0.0012175459	0.004519919	0.00067700713	0.0004660895	0.0012861309	0.0010770941	0.00044143634	0.003120811	0.0014065787	0.00016241815	0.003120811	0.0011193051	0.005783577	0.008117633	0.00031271062	0.0006044607	0.000299047	0.003650946	0.002381912	0.0022252707	0.004811704	0.00026725823	0.0025459174	0.0004566945	0.0039640544	0.00076834165	0.0032909627	0.0012688048	0.0014399566	0.0006264028	0.00070103374	0.0015360885	0.0014087021	0.001621546	0.016004633	0.0016497013	0.0039695296	0.004779616	0.0005822576	0.023260746	-20.908767700195312
s03e16a	565.0	5.0	0.90727574	0.90727574	0.03151489	0.02503114	0.0011851658	0.00049345824	0.005838621	0.002402268	0.0019097261	0.0039846934	0.00031220718	0.0003455252	0.005093633	0.00770911	0.002073359	0.0005564261	0.0022822276	0.00027748704	0.00028200072	0.0008175253	0.006824724	0.0051044873	0.0010160949	0.0035542042	0.0015169552	0.012236197	0.018639892	0.007116585	0.0034982269	0.0009048156	0.00064599694	0.00091792946	0.0017862517	0.00030782024	0.00014260648	0.0029713872	0.00058845704	0.0011118371	0.0012369273	0.0002924521	0.00019021789	0.0012369273	0.0035176221	0.0017959183	0.0013489466	9.163764e-05	0.00016933533	0.00025607113	0.00068480964	0.0010007065	0.0007658285	0.005510941	0.00015600497	0.0033181468	0.0018293182	0.010230239	0.00079522433	0.092787616	0.00047012995	0.00060815766	0.003067019	0.0002665198	0.008806725	0.0053413655	0.00027406088	0.00092158816	0.000730146	0.011453989	0.00079064275	0.0003288356	0.018430294	-22.062864303588867
s03e16a	570.0	5.0	0.9242994	0.9242994	0.17793472	0.015909594	0.0006584662	0.00068578345	0.004106531	0.001421428	0.0020219376	0.0009788414	0.00032409767	0.00039428237	0.012351925	0.0036374435	0.00049801863	0.00020521968	0.0013021816	0.00043468623	0.00038601118	0.0016297416	0.0032697	0.002292363	0.0009488125	0.0029165263	0.0016502205	0.006368756	0.027716024	0.007866711	0.0047657774	0.0012433195	0.00062326057	0.0012616899	0.0025366116	0.00053564366	0.00020773667	0.0054961224	0.0011535782	0.0015670611	0.0013505772	0.00074862846	0.00048528903	0.0013505772	0.0014907313	0.0043841554	0.0036424515	0.00021311906	0.00044190726	0.00061345374	0.0011670497	0.0014595579	0.0015228406	0.0100022275	0.00062259415	0.003207442	0.0010160543	0.018250577	0.00064981246	0.006194235	0.00078184536	0.0010908091	0.0036799037	0.00028588212	0.009776072	0.0043556956	0.0014292294	0.0008538072	0.00085912074	0.0036633047	0.0016867612	0.000816879	0.009776072	-22.68558883666992
s03e16a	575.0	5.0	0.9445059	0.9445059	0.00474752	0.022597468	0.00023212378	0.00017764601	0.0003003021	0.19308423	0.0025947047	0.0011047928	0.0003906052	0.00031931163	0.109872825	0.00032716358	0.00097523053	2.8849303e-05	9.817782e-05	3.6282792e-05	0.00031870187	0.00079768064	0.0009179285	0.00041617223	0.0009179285	0.00033500404	0.00015395296	0.0004949657	0.014749624	0.0042261216	0.0019710117	0.0019009762	0.00017529186	0.0012111836	0.0008315405	0.00017415898	0.00017421562	0.00031880703	0.00024249351	0.00025773596	0.00014890521	0.00010947486	0.00013246117	0.00014890521	0.0008194799	0.0004154512	0.000983129	6.748076e-05	0.00015442962	0.00048742205	0.00076259905	0.0002766552	0.00040795098	0.00032852977	0.00025111783	0.0006428475	0.00013861433	0.00046927793	4.584196e-05	0.0018410954	1.3686576e-05	0.0002237024	7.1508766e-05	0.00010724704	0.0005543375	0.00016721034	0.00034059555	0.00012854283	8.5656735e-05	0.0016612301	0.00012335657	0.0012633301	0.010907934	-25.04156494140625
s03e16a	580.0	5.0	0.8370021	0.8370021	0.0058239284	0.29113925	0.0013661751	0.00070314104	0.013520168	0.026391141	0.0024963159	0.08562846	0.0014267218	0.00058194913	0.041035473	0.012483408	0.0039181216	0.0010572699	0.004565219	0.003238767	0.0005905016	0.000789413	0.0135465665	0.0021906497	0.00115087	0.0054661604	0.0030543155	0.0054661604	0.041229952	0.0037563844	0.0011523378	0.0004613182	0.00025618222	0.00036287363	0.001707682	0.0025885256	0.0002939179	0.003678787	0.0016625655	0.003678787	0.0021711118	0.00071614503	0.0007460318	0.0021711118	0.001899201	0.0024012958	0.0036650526	0.00015022438	0.00018524182	0.0005983128	0.0012961988	0.0025885256	0.0011380841	0.016057359	0.00076057314	0.017656436	0.003016858	0.0023970546	0.0033455705	0.0077187307	0.00018960908	0.00068097963	0.0003742891	0.00018112357	0.001749837	0.0007167608	0.0012154626	0.004025412	0.0012039297	0.01277861	0.0020393382	0.000579906	0.020023827	-20.655052185058597
s03e16a	585.0	5.0	0.8394483	0.8394483	0.020705936	0.11375883	0.0002788922	0.0011324013	0.07719978	0.0004974161	0.002040975	0.0206846	0.00014549044	0.000100765305	0.0031939477	0.009895293	0.0017064947	0.0009503682	0.0071791313	0.0009981666	0.0056609553	0.009389423	0.0059706746	0.0046944874	0.00050769415	0.00648004	0.00028020082	0.00648004	0.024227453	0.0034026755	0.00095231156	0.0009384245	0.00019975199	0.00044961023	0.001254101	0.00018889451	0.00015992581	0.0017329025	0.0014370141	0.0017329025	0.0008293264	0.0007867047	0.0005035513	0.0008293264	0.0013303636	0.0022962354	0.0044808867	0.00037707528	0.00032353238	0.00030097828	0.006009096	0.0018184894	0.0014035886	0.079981044	0.0003028573	0.009594143	0.0011403402	0.0012369056	0.0020664858	0.003941996	0.001127321	0.001929448	0.0004774441	0.00016667329	0.0028704773	0.0007667845	0.00034707785	0.0038812342	0.00030071783	0.0028494936	0.011474891	0.00014829618	0.01859593	-20.63705825805664
s03e16a	590.0	5.0	0.8934286	0.8934286	0.0817326	0.0062461556	0.000370798	0.001079828	0.018852709	0.00075199717	0.00035697813	0.0005897774	0.00011699965	7.021335e-05	0.00024250738	0.046369076	0.0006234403	9.558439e-05	0.00040013916	0.00056131074	0.002982646	0.012325299	0.0070712133	0.002608193	0.00095531903	0.0010333922	0.00066232996	0.005407103	0.12292127	0.0074070725	0.002062091	0.00051079417	0.00015720076	0.0006251402	0.0037333427	7.096572e-05	0.00040756905	0.0014327127	0.0014327127	0.00080537423	0.0009034718	0.0014978802	0.000257608	0.001580764	0.0006507644	0.008578524	0.008409215	0.0009352272	0.0002057526	0.00070491363	0.0033562419	0.0020985382	0.0017441604	0.037245497	0.00016736252	0.0032634218	0.0012013682	0.0017064575	0.00037563784	0.0009784657	0.00016825329	0.00065436633	0.00012156066	0.00018241651	0.0040495233	0.0012160839	0.008201843	0.002678368	0.00057303574	0.03931373	0.0021174054	0.00012053143	0.20645685	-22.486446380615234
s03e16a	595.0	5.0	0.87863374	0.87863374	0.12411161	0.0072824624	0.000671241	0.0017809931	0.09179798	0.0008074166	0.0014706132	0.00051876414	0.00016443159	0.00016638428	0.003971623	0.005093783	0.00067296985	0.00027903475	0.0016275987	0.0009398055	0.0013213797	0.017187966	0.0101196775	0.002127706	0.001359922	0.0015922824	0.00044260328	0.006592438	0.021419315	0.0044592726	0.0027607658	0.00077185384	0.00036967683	0.00063296285	0.0012873803	0.0002805427	0.00015420964	0.004706623	0.0016373466	0.001299831	0.0022908866	0.0022267215	0.00052448286	0.0022908866	0.0017447916	0.0050692055	0.01229075	0.0011762595	0.0003732679	0.00035456612	0.002950585	0.0015332688	0.0043767313	0.016294405	0.000118310585	0.0013320614	0.0010685318	0.008714547	0.00023159807	0.003501879	0.0006556001	0.00068039383	0.00037049057	0.00023357462	0.004313893	0.002585895	0.00057682255	0.0017896013	0.0023420525	0.004137908	0.0017533152	0.00044850112	0.0048083835	-28.321918487548828
s03e16a	600.0	5.0	0.42493078	0.42493078	0.024369271	0.0041323625	0.00017727257	0.0015361718	0.07679347	0.00035061	0.00116421	0.0013219367	0.0005933591	0.00034153264	0.00091515674	0.010203135	0.0007461747	0.0007772197	0.0014653892	0.00020942473	0.008209111	0.07542391	0.009786546	0.005818564	0.007023831	0.010601924	0.0057487856	0.010601924	0.021012476	0.006440128	0.0025815682	0.001340037	0.0006512263	0.0014137122	0.0017283411	0.0008260958	0.00022843873	0.01071161	0.01071161	0.005884236	0.0140414685	0.019855184	0.0018512823	0.019855184	0.0050468193	0.041726056	0.022426361	0.010119181	0.0035692998	0.0023306136	0.12770852	0.0052683586	0.0071331575	0.0031421564	0.00037050806	0.00066068885	0.001466309	0.0021929867	0.00024779193	0.00087802106	0.001011643	0.0011753769	0.0011091828	0.0023956208	0.0064920667	0.0009678671	0.0018154779	0.0014930604	0.0022778346	0.0075391196	0.0014505555	0.00041566038	0.034632552	-25.82535171508789
s03e16a	605.0	5.0	0.44317305	0.44317305	0.0100773685	0.0020680183	0.0012074509	0.00055545766	0.0016182823	0.0012898828	0.005699178	0.006103177	6.983407e-05	8.530915e-05	0.0015981818	0.030866653	0.0024529905	0.00011553685	0.00084051443	0.00020247123	0.0006374743	0.004276332	0.08102215	0.012046592	0.010425986	0.004349653	0.006169062	0.007178846	0.79197264	0.06789687	0.010980893	0.048850346	0.00054530107	0.02862317	0.0022249562	0.0029530397	0.019535987	0.06513261	0.00776792	0.053673185	0.012964369	0.008091246	0.0051440434	0.012964369	0.0042718938	0.03037706	0.022850493	0.0023152297	0.00061320444	0.00037444668	0.009005824	0.013100528	0.0016212249	0.0014017259	0.0009391122	0.0049480447	0.000721393	0.0011101782	7.473953e-05	0.0002935253	0.00018554958	0.0006139149	0.00043802155	0.00015730137	0.032880638	0.000382791	0.0005321441	0.0012052412	0.0036574893	0.021875706	0.0042384383	9.4871735e-05	0.032880638	-33.39672088623047
s03e16a	610.0	5.0	0.7173083	0.7173083	0.007708935	0.014981041	0.00054553006	0.0008872806	0.0012247459	0.0014300675	0.0031425746	0.009444722	0.0008053428	0.00012910298	0.0037972487	0.0014993272	0.0014457839	0.0030785995	0.00040522058	0.0005003948	0.0005623946	0.0011885415	0.0038253886	0.0014828199	0.0038253886	0.00073875015	0.001264605	0.001264605	0.6218289	0.038714115	0.006738524	0.003892875	0.00043817065	0.003239706	0.013834427	0.0020281002	0.0014936364	0.035360616	0.014944278	0.035360616	0.025416251	0.085635066	0.0074816896	0.085635066	0.0032645373	0.026733343	0.12394747	0.0072280914	0.0019243219	0.0013771148	0.008223126	0.005480343	0.007140122	0.002618737	0.00061218836	0.0019780272	0.0011335247	0.0034595942	0.000476189	0.00073834584	0.00023244403	0.0013672716	0.00026665934	0.0006055699	0.0027119892	0.0032962628	0.012242261	0.0022139258	0.0021839712	0.008233956	0.0020753222	0.0002213919	0.012242261	-26.9233512878418
s03e16a	615.0	5.0	0.80574083	0.80574083	0.034204427	0.3509737	0.00031501285	0.0017667515	0.0007926581	0.0038490614	0.0026125694	0.023137402	0.0011603478	0.00012992957	0.00103873	0.005700448	0.0024539442	0.00020257957	0.000879452	0.0007815009	0.00030371782	0.0017959132	0.0025432282	0.0021313448	0.0012326621	0.0012985298	0.0014929409	0.0014929409	0.102547966	0.0070426427	0.0018710161	0.0010905566	0.0006338116	0.0010338579	0.0017154686	0.0012322371	0.0005561477	0.0040329415	0.0022008156	0.0038847902	0.0018980381	0.0023050157	0.0012269364	0.0023050157	0.0008503922	0.0054710903	0.012709311	0.00036352006	0.00051871367	0.00088437373	0.0018516647	0.0012322371	0.0012148214	0.0008844192	0.000996676	0.0011248431	0.00036698784	0.003814947	0.00124195	0.007850981	0.00013805188	0.000716655	0.0027868634	0.00025608917	0.003672324	0.0006572833	0.0006996355	0.0005868152	0.0010429025	0.0050848257	0.0015831959	0.0005564468	0.0041790837	-24.428844451904297
s03e16a	620.0	5.0	0.8892581	0.8892581	0.036410328	0.14347735	0.00032472797	0.0058810688	0.24929023	0.0065261833	0.001870805	0.0024300907	0.00021540611	0.00045069822	0.000687042	0.004414692	0.0058272067	0.0004274075	0.0013647401	0.0010496826	0.008533459	0.32248813	0.0027878575	0.0011523701	0.0011406211	0.0011477541	0.00044100295	0.0019296005	0.045152046	0.0037170916	0.0012188067	0.0006333632	0.0002892946	0.00058703305	0.0018851516	0.00036106523	0.00031819183	0.0011057784	0.0007061764	0.001076655	0.002441146	0.0012830751	0.0006439154	0.002441146	0.00061506196	0.0042744502	0.011305564	0.0011696088	0.0007573929	0.00091508264	0.0037603856	0.0012986504	0.002483798	0.0028964586	0.00055811036	0.0005303063	0.00093013304	0.005526976	0.00065593945	0.0014712911	0.00027813038	0.002449615	0.0008068233	0.00026738516	0.0008118783	0.0005497461	0.0008206141	0.0014774265	0.000881253	0.0031526317	0.0019320513	0.00024973252	0.0055671236	-25.09750366210937
s03e16a	625.0	5.0	0.79071057	0.79071057	0.03833983	0.17797807	0.0007819858	0.0016588419	0.007993487	0.06496831	0.0021030877	0.006312462	0.0051455735	0.00087546726	0.027125295	0.008989119	0.0031536885	0.0020915929	0.0008587361	0.00025689375	0.0014854904	0.003610717	0.011105019	0.011105019	0.0021073623	0.0016242447	0.001567238	0.0019074796	0.019530494	0.004778568	0.00096578855	0.001644996	0.000517234	0.0013020291	0.0009500414	0.00025935005	0.000208769	0.0041688606	0.0015068572	0.0020022516	0.0024553335	0.00082803617	0.00050737173	0.0024553335	0.0015568192	0.002498807	0.0042260396	0.00040196144	0.0009824005	0.0010802179	0.0012917682	0.0017718585	0.00080937595	0.004170032	0.0002626354	0.0029540632	0.00036721458	0.0019318508	0.00031111433	0.015583303	0.00019845273	0.00076599926	0.0011123249	0.0002730872	0.0054659583	0.0006933355	0.0017033766	0.0015334126	0.0005598067	0.010260818	0.004440105	0.00028757288	0.0070242966	-31.818172454833984
s03e16a	630.0	5.0	0.73159856	0.73159856	0.025247253	0.007904591	0.003965591	0.055147696	0.030599006	0.011125595	0.004262926	0.107535094	0.0058657723	0.0006491022	0.000644906	0.0031777148	0.0010871068	0.0013024185	0.0012867134	0.0005265285	0.038162705	0.15102944	0.0031096619	0.0031096619	0.0019181162	0.00015529465	0.00037028472	0.00062965654	0.021341365	0.0035215453	0.0016989682	0.0005839454	0.00044453735	0.00078601943	0.0017899222	0.0012965766	0.00059855124	0.0010536581	0.0010536581	0.0007875433	0.007057497	0.0012669788	0.0003353463	0.007057497	0.00087628054	0.003716094	0.007063277	0.0001768736	0.00041713956	0.00056019047	0.0041178274	0.002362951	0.0010589714	0.0016433914	0.000425121	0.00025719838	0.00019671161	0.00023956876	0.00030060747	0.0011751507	0.00026752005	0.001101162	0.00031350646	0.00025086224	0.0021687113	0.0013528069	0.0012940438	0.0009601392	0.00079987134	0.021646192	0.0010179353	0.0008263537	0.004191427	-20.1204833984375
s03e16a	635.0	5.0	0.830389	0.830389	0.026120128	0.024998961	0.0014397796	0.006595871	0.023949636	0.0049382686	0.002381468	0.018095594	0.00024949713	0.00084022613	0.00065862335	0.036363345	0.0017716272	0.00044156788	0.0018661816	0.0005079742	0.010032539	0.58757573	0.005060322	0.005060322	0.0013226558	0.0026119591	0.0011783813	0.0026119591	0.028008346	0.008167644	0.0031428658	0.0009464907	0.0005614092	0.0013758523	0.0041099666	0.0011132043	0.0006081394	0.0021425681	0.0021425681	0.0008519998	0.006924537	0.002144857	0.00030791564	0.006924537	0.003059678	0.013324565	0.00336465	0.000624606	0.0007479389	0.00089634	0.0029697418	0.0059468453	0.0011190184	0.001999968	0.00041552982	0.00035034973	0.00059885083	0.00089174043	9.8054516e-05	0.0004043063	0.0002981625	0.0009968281	0.0006040501	0.0002513703	0.0027188407	0.00027716497	0.0026501187	0.0010383283	0.0011643914	0.004988467	0.0016845688	0.0009353234	0.0027188407	-20.92775535583496
s03e16a	640.0	5.0	0.8493303	0.8493303	0.022055332	0.083463274	0.002377703	0.0059249885	0.13807832	0.008468022	0.002192294	0.029106041	0.00018070405	0.00096039823	0.0029433218	0.0017350666	0.0044464055	0.0008209429	0.0024498072	0.00026981183	0.003589478	0.28391287	0.0038754446	0.0038754446	0.0015088007	0.0010271359	0.0006128705	0.002876267	0.017617175	0.0025448534	0.0015074235	0.00040419202	0.0001341327	0.0004589989	0.001619167	0.000285111	0.00022604759	0.00063995	0.00039420344	0.0005909047	0.0027735794	0.00077784323	0.00013618132	0.0027735794	0.0007374633	0.0012422482	0.004330194	0.0004581893	0.00025631613	0.00075971184	0.0018658317	0.001867406	0.0016672647	0.0038640557	0.0002850444	0.0008190224	0.0005323559	0.0060983077	0.0039758463	0.004285912	0.00032324783	0.00088011427	0.00033591216	0.00045282795	0.0011055003	0.00056633865	0.0006318511	0.0019215103	0.0022918896	0.0031059051	0.004611393	0.000436986	0.004611393	-22.022932052612305
s03e16a	645.0	5.0	0.8785695	0.8785695	0.008320003	0.106835425	0.00028709485	0.0023218058	0.0034432919	0.0026713158	0.0017964485	0.04134157	0.00027806463	0.00025280687	0.0007276835	0.010224919	0.0010714419	0.0009012672	0.0010548412	0.0011331722	0.0017198282	0.019549262	0.020847391	0.0042347996	0.0017593565	0.0015869387	0.0011078169	0.0018790477	0.037374917	0.0028207316	0.0010319061	0.00046834347	0.00022096823	0.00054351444	0.0015013996	0.00064933544	0.0004494757	0.0032599894	0.0018105506	0.0032599894	0.009665021	0.002578546	0.0007652766	0.009665021	0.0013739086	0.011866521	0.086635955	0.0026755317	0.0024572895	0.002724704	0.004228352	0.003946955	0.0074957986	0.0013834045	0.00060287735	0.00046184636	0.0008927921	0.0031162777	0.0016157158	0.0009977288	0.0001094425	0.001427935	0.0009173375	0.00025973856	0.001715658	0.0006048711	0.0028656363	0.0005355773	0.0005351813	0.0049152263	0.000992765	0.00096231163	0.0028656363	-22.57847785949707
s03e16a	650.0	5.0	0.8602333	0.8602333	0.020074556	0.10386982	0.00059535995	0.00045976564	0.001409383	0.00096864806	0.0021553831	0.005149402	0.00032482707	0.0003531146	0.0023741552	0.002467746	0.0012431465	0.00015920977	0.00047756627	0.0003570547	0.00018334367	0.0008113578	0.0029048382	0.0029048382	0.0011606794	0.004240824	0.0013119396	0.004240824	0.035152406	0.011118956	0.004343211	0.00095456705	0.00065148546	0.001007261	0.002018869	0.0010663555	0.00026731557	0.0028846664	0.0007701552	0.0011594981	0.0011374663	0.0006143891	0.00033031518	0.0011374663	0.00074793067	0.0033312866	0.0037111735	0.00012046594	0.00023802283	0.00088208297	0.0008643751	0.0010663555	0.0012385921	0.0012458599	0.0007007321	0.0015070273	0.0011266296	0.012600501	0.0012644858	0.018869812	0.00024109644	0.0010387345	0.0040537682	0.00015853324	0.009116889	0.0013314564	0.00047668352	0.00049028033	0.00091982057	0.0060958746	0.0008055722	0.00019781683	0.018122425	-22.064777374267575
s03e16a	655.0	5.0	0.9069763	0.9069763	0.04344345	0.010209633	0.00047735695	0.004193372	0.1849997	0.00069484225	0.002326932	0.0006225553	0.00086215255	0.00043970728	0.0033050522	0.0075165443	0.001507867	0.00047929012	0.0045242873	0.0014224077	0.024502302	0.025590051	0.006669203	0.002142083	0.0009907335	0.0036703635	0.000646515	0.0036703635	0.03859401	0.009456394	0.007194217	0.0019369473	0.0006559248	0.0014971829	0.008462891	0.00021397627	0.00037377264	0.0012272899	0.00080567435	0.0011999604	0.003723854	0.00161667	0.00027303773	0.003723854	0.0012519767	0.004090915	0.007085776	0.0007340501	0.00034836106	0.00064883777	0.0021739586	0.0007138929	0.001770979	0.0078528235	0.00026842885	0.0011545715	0.0004557019	0.0040721446	0.00037361623	0.0027862499	0.00037037724	0.0015040167	0.00048019653	0.00023543867	0.0010405048	0.0011853087	0.0008009002	0.0017685756	0.001518686	0.004515358	0.0035354274	0.00027746693	0.0067599243	-21.9606876373291
s03e16a	660.0	5.0	0.8070753	0.8070753	0.09905343	0.004057597	0.0007449853	0.0035024446	0.20585214	0.0019480777	0.007304918	0.00093515415	0.0010183428	0.00038402624	0.024347	0.0022585562	0.0041569644	0.0019723694	0.0019307185	0.00042264684	0.0017294778	0.0066325837	0.0035268036	0.001905489	0.0035268036	0.0018709521	0.0010216146	0.0018709521	0.053255085	0.018825179	0.0076483567	0.0018784058	0.0008029279	0.0018966023	0.007405054	0.00039469678	0.00046511175	0.0015260907	0.0015260907	0.00085453736	0.00226954	0.0012352796	0.0003800327	0.00226954	0.0014631803	0.004541429	0.0023029987	0.00036225078	0.00044170782	0.0005509169	0.00229899	0.002289332	0.0018215352	0.008879602	0.0010482105	0.0016981871	0.0037497308	0.004382944	0.00027877605	0.0034502165	0.0019964753	0.0012130926	0.00046483873	0.0002491275	0.025507523	0.008106522	0.0014296963	0.006408219	0.0060757482	0.0046260455	0.0024551002	0.0002715217	0.025507523	-24.197025299072266
s03e16a	665.0	5.0	0.8445936	0.8445936	0.061773404	0.010663493	0.00017560151	0.001697833	0.019709922	0.0003790829	0.0012043094	0.0015484175	9.693767e-05	0.000192521	0.0027032285	0.025850194	0.003880917	0.00014860662	0.002608636	0.000112660535	0.0013045022	0.06786216	0.016240973	0.008688787	0.001996098	0.0027508824	0.000818823	0.008730577	0.029461857	0.0062476685	0.002484137	0.0005349959	0.00018615315	0.00058664964	0.0027302501	0.00024491185	0.0002456644	0.0015134254	0.0009110837	0.0005495551	0.0017666986	0.0010906336	0.00019350504	0.0017666986	0.00392591	0.007555149	0.0055397074	0.00044624964	0.0003606086	0.00023397249	0.001666867	0.008701993	0.001486064	0.020160867	0.0001878542	0.0035266965	0.0009371146	0.0020974642	0.00027259503	0.005798987	0.005631194	0.00054395915	0.0016730225	0.00021552917	0.004899139	0.0024498936	0.0008291857	0.0020465467	0.0008071836	0.018623004	0.0035752065	0.0034355838	0.019481849	-27.274185180664062
s03e16a	670.0	5.0	0.7742697	0.7742697	0.0068068355	0.032502826	0.00028039483	0.0017629585	0.06960194	0.00040553667	0.0030036632	0.01480434	0.00022471657	0.00061832933	0.0016058298	0.0012562583	0.004067475	0.003603461	0.0017597618	0.00039968832	0.0012663961	0.0046980134	0.009341361	0.0030536056	0.0012309263	0.034225333	0.0015621479	0.034225333	0.05405956	0.009904679	0.0059450385	0.0013908923	0.0003585366	0.0013170356	0.002307068	0.0007068652	0.0005251164	0.0009288096	0.0009288096	0.0007934698	0.0027734134	0.001166349	0.00033193175	0.0027734134	0.00081631093	0.0039461358	0.0076754857	0.00034229588	0.0013685992	0.0010808401	0.0080545815	0.0017904438	0.00822925	0.0071508083	0.0011652063	0.0021777714	0.0010324287	0.004771163	0.0024629508	0.002810745	0.0010590218	0.0011500716	0.0011145879	0.0004881381	0.011991567	0.0014568168	0.00049959624	0.0020941962	0.001830798	0.00244721	0.0020486591	0.00022652096	0.011991567	-22.19211769104004
s03e16a	675.0	5.0	0.3401414	0.3401414	0.0059209797	0.015761584	0.0016355569	0.012900201	0.18767533	0.007553755	0.0020674476	0.008150029	0.0034080725	0.00026419427	0.012938944	0.0025523177	0.002159695	0.007779531	0.001271051	0.0006890673	0.00085728866	0.0028342418	0.009840341	0.007856736	0.006144501	0.023798328	0.0015024908	0.023798328	0.045293614	0.004188962	0.0018010272	0.0004681368	0.00014293744	0.00048095122	0.0028053988	0.00049260736	0.001206268	0.00369792	0.0028962877	0.00369792	0.004324877	0.0046549775	0.0016797403	0.0046549775	0.0019908661	0.0042848173	0.051593527	0.002206341	0.0027691044	0.0017486671	0.011336723	0.005225685	0.008576549	0.0040606274	0.000316126	0.0011788539	0.00165581	0.0035883067	0.00043238327	0.0023062187	0.002323241	0.0011253298	0.0010401297	0.00021483385	0.0026361684	0.0012265379	0.0037679707	0.0100291865	0.0029401472	0.0035231155	0.0012960291	0.0008266273	0.0100291865	-22.062368392944336
s03e16a	680.0	5.0	0.5940595	0.5940595	0.013448794	0.008063139	0.002575297	0.014663413	0.2444256	0.006884152	0.0028113027	0.004843003	0.00045170038	0.0005905686	0.0017607957	0.0044583855	0.0018375228	0.0011893983	0.0017277268	0.00055267324	0.005811063	0.17538716	0.01162331	0.01162331	0.0025626328	0.05475013	0.00447214	0.05475013	0.05664221	0.008943811	0.0021457104	0.00053084973	0.00018090747	0.00060634414	0.0032874015	0.0003881135	0.00066128984	0.001363552	0.001363552	0.0006038075	0.0022548705	0.0026053095	0.0003905808	0.0026053095	0.000571034	0.0075432383	0.010580298	0.0012733357	0.001618187	0.0014706951	0.012616511	0.0022234884	0.0021855908	0.0035514578	0.00026311236	0.00042116962	0.0008404339	0.0032309454	0.0002123473	0.0003929611	0.00017291581	0.0013473693	0.0009063662	0.0006330992	0.0012461554	0.00041136274	0.0014720031	0.0030337323	0.0005573348	0.0017260655	0.0011728382	0.0003439465	0.0030337323	-26.21718978881836
s03e16a	685.0	5.0	0.7566383	0.7566383	0.012818559	0.0036824974	0.00017275562	0.0033752422	0.29251367	0.00070734025	0.0014763401	0.00045390683	0.00022331349	0.00031207208	0.0021750645	0.0019878736	0.0025654119	0.0006333596	0.0020405613	0.00093002146	0.004592462	0.016881207	0.008162369	0.0042338385	0.0017875017	0.04438117	0.00075822487	0.04438117	0.032878537	0.009747402	0.0052168486	0.00082168955	0.00024461944	0.00077532564	0.0041939416	0.00022279647	0.00047894075	0.0075845094	0.0075845094	0.0030681912	0.0084648235	0.013798674	0.002152195	0.013798674	0.0016874792	0.026041752	0.058051288	0.0036779863	0.0013399126	0.0012474189	0.011365759	0.0020925417	0.015521999	0.0051934216	0.000105177525	0.0007072769	0.002854052	0.0014563078	0.00060188014	0.00057634804	0.00049152994	0.0015410718	0.0001996545	0.0006931663	0.0018022234	0.0010502692	0.002669594	0.00631742	0.0007787959	0.005022577	0.001128518	0.00040277292	0.018235922	-21.632051467895508
s03e16a	690.0	5.0	0.4824181	0.4824181	0.0037925723	0.001734951	0.0013434477	0.0013379736	0.0044453144	0.0010803435	0.0034457452	0.0013498989	0.0021577033	0.000112100824	0.001069621	0.0069662062	0.0005688613	0.0005586732	0.002547258	0.00019832182	0.0010562289	0.0043125213	0.019742211	0.004742856	0.0021891075	0.0022797198	0.00095178455	0.0023951284	0.05361619	0.0070523364	0.0015895822	0.0004719734	0.00018070645	0.000606377	0.004054311	0.00018107385	0.00052377995	0.0022690594	0.001536634	0.0006294487	0.0005425437	0.0006231997	0.00032214093	0.0006231997	0.00094884913	0.0068832203	0.007139374	0.00016694478	0.0011171002	0.00090218056	0.001434389	0.0026968673	0.0032692777	0.24766682	0.0026246319	0.30604306	0.0034601893	0.0013934897	0.00057085574	0.0007672668	0.00020206528	0.0009851407	0.0009454092	0.0005767626	0.002061416	0.003985852	0.0030085624	0.032183226	0.0017809548	0.0053009014	0.010044362	0.06977341	0.032183226	-29.130762100219727
