episode_id	onset	duration	talking	speech	man_speaking	woman_speaking	baby	shout	laughter	cry	singing	kids	groan	whistling	breathing	walking	mouth_sounds	fart	hands	heartbeat	cheering	crowd	mammal	dog_bark	cat	rooster	duck	bird	music	musical_instrument	guitar	piano	organ	electronic_instrument	percussion	bell	ambient_music	weather	wind	rain	river	wave	thunder	river_sea	fire	boat	car	traffic	car_honk	emergency_vehicle	train	cycling	engine	door	doorbell	knock	dishes	radio_tv	dryer_vacuum	zipper	keys	alarm	telephone	whistle	mechanisms	tools	boom	bang	glass	water	beep	silence	sudden_noise	db
s03e17b	0.0	5.0	0.77626354	0.77626354	0.0023291581	0.0018081228	7.084725e-05	0.0037597087	0.0040876446	0.00019296592	0.0024985657	0.008813508	0.00021857732	6.0704813e-05	0.001768372	0.012685686	0.00022015732	0.00018029254	0.00040221636	0.0018512151	0.0019260085	0.035834946	0.039422914	0.006828212	0.0012273852	0.0030087167	0.0008966663	0.0051504676	0.086383365	0.002332125	0.00070310547	0.0003151844	7.818891e-05	0.0002556296	0.0018414741	0.00039521654	0.00047187848	0.026391339	0.026391339	0.01111701	0.0011708417	0.0067012184	0.00646806	0.0067012184	0.0022226125	0.036845006	0.049829654	0.0023610285	0.0009933023	0.000517822	0.0372704	0.007805992	0.0023661577	0.045952097	9.398668e-05	0.0037452714	0.00037155737	0.00028082315	0.00014928736	8.135515e-05	0.0023655072	0.0009117146	0.00031584766	0.00036646865	0.0034272498	0.00092871045	0.0010166914	0.0037904908	0.00080498983	0.008491544	0.0006482827	0.00067052845	0.05190616	-20.542030334472656
s03e17b	5.0	5.0	0.63782996	0.63782996	0.0037518048	0.0006298357	0.00015248034	0.0017338366	0.01340765	0.0003538492	0.0012642123	0.001827816	0.00039844416	0.00016495532	0.0025862455	0.004186122	0.00057337503	0.00063849427	0.0009983525	0.0010041087	0.000576437	0.012024599	0.0037969258	0.0034146025	0.002932759	0.015426086	0.00808371	0.015426086	0.020797433	0.002672021	0.0009836897	0.0007331395	0.00019534363	0.0004549066	0.0029141395	0.00020195241	0.00020320366	0.096307755	0.096307755	0.058571026	0.022381248	0.10421756	0.037481155	0.10421756	0.016729927	0.06637455	0.04081554	0.009737226	0.0015370315	0.001573229	0.017911691	0.0072088055	0.003635662	0.021973664	0.00025921015	0.007199989	0.00069017045	0.0004243489	0.00040954913	0.00040892125	0.00076926255	0.001620458	0.000162974	0.00050591736	0.0018595797	0.004238513	0.011730761	0.010915937	0.002078714	0.023460375	0.0022655614	0.00036234403	0.011730761	-20.991832733154297
s03e17b	10.0	5.0	0.31243348	0.31243348	0.00057396665	0.00019672737	0.00015902454	0.00022238518	0.00019991242	0.00023948698	0.0010336599	0.0006733448	0.00019269141	9.00619e-05	0.00042543866	0.004171821	7.653726e-05	1.4521138e-05	0.00013369968	0.000182531	0.00015263045	0.0014027467	0.013365752	0.0008820123	0.00047364796	0.0021102722	0.0007538408	0.113092914	0.024779474	0.0011785541	0.00074847613	0.00035859764	6.1070146e-05	0.00026338518	0.0009693168	0.00011747409	0.00019302424	0.15749277	0.10323079	0.15749277	0.0006690886	0.02566788	0.14031094	0.02566788	0.019968199	0.047237307	0.028428158	0.0033726015	0.0004994567	0.00055023073	0.028194925	0.0076711797	0.014408485	0.031990737	0.00012722536	0.008878737	0.0014597316	6.885618e-05	3.9254253e-05	0.00010542012	0.00058970996	0.0007627485	0.0004468081	0.00022754724	0.009537645	0.0020839602	0.049735572	0.005589901	0.0007508097	0.0011093419	0.00038880264	0.00057799753	0.049735572	-19.99169540405273
s03e17b	15.0	5.0	0.7995124	0.7995124	0.07177854	0.007380574	0.00029549416	0.0036378582	0.0787954	0.0024034875	0.0042879228	0.0020445883	0.0007568972	0.0004512829	0.0007479374	0.0024099022	0.0009823598	0.0011492005	0.0030810826	0.0011623552	0.0042743324	0.06300685	0.0035902543	0.0015548696	0.0013412832	0.0012766363	0.0006135447	0.0018556976	0.010302654	0.0031243288	0.0015343174	0.0005210832	0.0002458976	0.00058986706	0.0013595646	0.00027857066	0.00023153536	0.029043224	0.029043224	0.010188871	0.06153404	0.08799145	0.004564924	0.08799145	0.001336896	0.054377932	0.052547973	0.009174142	0.0020989077	0.0007565965	0.005321988	0.0035549742	0.0053215157	0.009815307	0.0004874713	0.00224849	0.0010376391	0.0012007218	0.00014762829	0.0004840834	0.000538417	0.002777839	0.00079974445	0.00026103522	0.002418216	0.00035774396	0.0026052163	0.004699048	0.0012092399	0.024658266	0.0021438766	0.000617143	0.004699048	-21.823999404907227
s03e17b	20.0	5.0	0.8402871	0.8402871	0.029496117	0.03679153	0.00032321177	0.002064467	0.0016016101	0.0034938494	0.0025970566	0.006395174	0.00019728753	0.0001664211	0.0005086901	0.010825896	0.0010569637	0.00019971447	0.001045874	0.00043356413	0.00020665248	0.012605895	0.017712465	0.0046371208	0.0006464044	0.0033395628	0.001957902	0.008463319	0.017819496	0.0018247562	0.0005866561	0.00060720637	0.00026661967	0.0005197515	0.0013068838	0.00027924767	0.0002868188	0.061359677	0.019798206	0.0064085685	0.0042211204	0.010162135	0.0017346407	0.010162135	0.0037471897	0.02077981	0.029308554	0.00084055006	0.00026153968	0.00063868414	0.0012525682	0.006630828	0.0010315006	0.004638344	0.00035343823	0.0016497162	0.0003045921	0.0026745012	0.0002617395	0.008569671	0.0010493671	0.0008514025	0.0018406941	0.00025064015	0.0028020486	0.0007590953	0.0011834444	0.0006876309	0.0005953481	0.0068838946	0.0009972231	0.00097230484	0.010374442	-21.67130470275879
s03e17b	25.0	5.0	0.83312446	0.83312446	0.0045567476	0.014401674	8.465477e-05	0.0035733092	0.04636974	0.00026617164	0.0048928154	0.0032083904	0.00037382788	0.00047554303	0.00053212076	0.0036009175	0.000634536	0.003462533	0.0013520463	0.0030466327	0.0013664139	0.011593941	0.1921354	0.0012408368	0.0006715341	0.0056098904	0.00085980125	0.0056098904	0.48971823	0.018852508	0.0092812935	0.0015495708	0.001653883	0.0023446667	0.0060905064	0.0005341351	0.002190782	0.0071151676	0.0071151676	0.0030944338	0.007138448	0.009671832	0.0011958316	0.009671832	0.0019362156	0.015467668	0.10430996	0.004466628	0.0024077788	0.0008807954	0.004919921	0.0056121782	0.02454501	0.0019426867	0.0003329428	0.0007344657	0.0021684542	0.0012683746	0.0014455353	0.00046740336	0.00085107726	0.0032485502	0.0008205558	0.00030794382	0.0017364481	0.0021923848	0.0024614541	0.002706919	0.0016366879	0.007592194	0.00096267567	0.0001757526	0.005587662	-20.022804260253903
s03e17b	30.0	5.0	0.05305106	0.05305106	0.00012885798	0.000464675	9.6152646e-05	0.0003215527	0.0001609293	1.5599198e-05	0.0037931493	0.00080393464	2.9082996e-06	1.0267616e-05	0.00083787163	0.004907431	0.00022422516	3.3643664e-05	0.0001608601	7.897174e-05	0.0006469045	0.00020767943	0.0022440762	0.0022440762	0.00055486744	0.0033245885	0.00018570216	0.0033245885	0.6567738	0.0596974	0.016040064	0.0015753224	0.0009658	0.0023884156	0.015510642	0.00044740198	0.0009774999	0.0006093804	0.00023693305	0.00043202154	0.00018146844	7.474302e-05	0.00028821873	0.00018146844	0.0004177793	0.0011345056	0.0017071806	3.1251526e-05	6.9019545e-05	6.1710714e-05	0.00060168916	0.0075280746	0.0005339798	0.008593932	0.00015862501	0.15016133	0.009407368	0.00013669221	0.00041758118	2.6927539e-05	0.00015435646	0.00016064198	0.00036853095	4.368902e-05	0.0043071867	0.013151481	0.000219784	0.054894157	0.0045161145	0.0021931494	0.0028725634	0.0014748857	0.49328864	-24.39916610717773
s03e17b	35.0	5.0	0.7094088	0.7094088	0.0018419465	0.022738261	0.0037094725	0.0011460667	0.010506194	0.0010737174	0.009154113	0.14325067	7.489792e-05	0.00012104109	0.0038784884	0.004805176	0.0030621297	5.095053e-05	0.005776384	0.00029764755	0.00041421916	0.0012725518	0.024632517	0.004352609	0.0016496408	0.0031004928	0.00074787147	0.004371604	0.011541301	0.0008715778	0.00067742274	0.0002684547	0.000118050375	0.00023616667	0.0006670245	0.00056348194	0.0002513008	0.0009288653	0.0008205589	0.000513551	0.00046827784	0.00020846585	0.00020267347	0.00046827784	0.002749057	0.0019108397	0.010102334	7.2078445e-05	0.00017777886	0.0001421369	0.0013097703	0.006864021	0.0024687215	0.1437354	0.001548206	0.012765106	0.0034048995	0.0002168577	0.00042720177	0.00035172317	0.008535194	0.00054157834	0.00017395699	0.00013809005	0.005102006	0.0020610255	0.0015966136	0.025139907	0.0028221672	0.0012866	0.0020513018	0.00041912097	0.029181655	-22.03926086425781
s03e17b	40.0	5.0	0.54915184	0.54915184	0.0048093097	0.01645522	0.00033125526	0.00053326925	0.0007392484	0.00023507957	0.004419337	0.0014991737	8.9007226e-05	0.00024379914	0.0018436015	0.000872178	0.00015240707	4.5981364e-05	0.00076261256	0.0001940475	0.00038178512	0.00092539634	0.0019721405	0.0017147885	0.0010508022	0.0018360356	0.0004972625	0.0033143738	0.030653337	0.011738034	0.004171508	0.001450206	0.0007411551	0.0015051916	0.013400582	0.00022246683	0.00044665858	0.001037677	0.00086392096	0.001037677	0.0002308023	0.00025382487	0.00048540282	0.00025382487	0.001834135	0.0020774503	0.003157884	0.0001500357	0.00027299792	0.00036664322	0.0009929829	0.000875127	0.000825827	0.019445753	0.00089136744	0.0077921073	0.0054829707	0.0029848276	0.0018011103	0.0017926422	0.0014055361	0.0006044783	0.002233713	0.00017816543	0.007976328	0.0025702275	0.00023775222	0.015874537	0.00055200205	0.0017311713	0.000590458	0.00028179	0.022113608	-20.13716506958008
s03e17b	45.0	5.0	0.91221154	0.91221154	0.024462368	0.06251215	0.0019465486	0.0021811333	0.15786834	0.0011560594	0.00091089064	0.013499634	0.00018215441	0.0002320096	0.0017980087	0.0018527842	0.0067862673	0.0005378359	0.0006077295	0.00022892188	0.00083210523	0.046656385	0.0071348064	0.0018699017	0.002380614	0.0012873355	0.0017368434	0.0028165982	0.056330763	0.009573314	0.0058229514	0.0012885634	0.00037139747	0.0020024106	0.0029552544	0.00040017368	0.0005437471	0.0009179347	0.00064795226	0.00087602093	0.0026617392	0.00094021886	0.00032166092	0.0026617392	0.0007919574	0.0041726236	0.0051267	0.0006545815	0.0008517875	0.00072939764	0.0013240612	0.001428979	0.004191021	0.0022898307	0.0014085069	0.00063802133	0.00065393304	0.005859908	0.0009953675	0.009037597	0.0006114988	0.00071560056	0.0011269909	0.0003084204	0.0039850436	0.0019940217	0.000542323	0.0006101371	0.0024472487	0.0027099652	0.0038039954	0.00026915153	0.0039850436	-22.63821029663086
s03e17b	50.0	5.0	0.83420163	0.83420163	0.010072708	0.42657104	0.0017026293	0.0014540033	0.09526429	0.0031283875	0.0017685293	0.014422854	0.0010062851	0.00025053814	0.0017300105	0.0020911382	0.0026805138	0.0005168614	0.0010174337	0.000681562	0.0019044318	0.01198129	0.012362161	0.012362161	0.0016434329	0.005352014	0.0027458325	0.005352014	0.10473212	0.0051122643	0.0008682378	0.00075547653	0.00034778882	0.00079292065	0.0021314188	0.0005218489	0.0006125768	0.0012570824	0.0008034296	0.0012570824	0.0015488791	0.0012924481	0.0004127991	0.0015488791	0.0006156379	0.0032824057	0.007922561	0.0009884415	0.0007148045	0.0010923633	0.0094783325	0.00046468453	0.0021609478	0.0035906194	0.0006894466	0.0010452772	0.0012754228	0.011804674	0.002196047	0.022174647	0.00014063652	0.00089155434	0.0009846799	0.00032916619	0.002461899	0.00075124693	0.00037217047	0.00085443223	0.0023572552	0.0044309436	0.0054941657	9.982984e-05	0.0054941657	-23.015087127685547
s03e17b	55.0	5.0	0.8845788	0.8845788	0.026543712	0.062311143	0.0017933421	0.00046584607	0.01141454	0.025930872	0.00548553	0.016513564	0.0040780297	0.001034931	0.15033716	0.0020662418	0.007925173	0.0015219186	0.0007538559	0.0019286585	0.00020198282	0.0016301554	0.008984894	0.007986786	0.008984894	0.001255088	0.0014109564	0.0076064197	0.021169223	0.0064579286	0.0017729838	0.0010778994	0.00044306257	0.0009985599	0.0010986327	0.0006290465	0.00020058546	0.0056749755	0.0025532697	0.0056749755	0.003171811	0.0013332873	0.0016519033	0.003171811	0.001491721	0.0030255069	0.002475815	0.0002411677	0.00023341186	0.00031963387	0.0010155645	0.0016289396	0.0007658405	0.0009860543	7.28119e-05	0.0011409204	0.0004273869	0.0023646657	0.00062553835	0.0054725227	0.00026784162	0.0002496775	0.00049007335	0.0003163479	0.0015854941	0.0017947075	0.0003507852	0.0009561832	0.0008343895	0.0062176175	0.000683601	0.0002732969	0.0033285394	-23.64221954345703
s03e17b	60.0	5.0	0.8122977	0.8122977	0.0062429006	0.36070254	0.0008414633	0.00033944286	0.001784495	0.00062658853	0.0024204303	0.04229215	0.00019994234	0.00025571906	0.0018529783	0.004104433	0.0007605702	0.00020252608	0.005602763	0.00079570303	0.00035375866	0.00063531747	0.008806816	0.008806816	0.001970104	0.0037140045	0.0027004352	0.0037140045	0.05490378	0.0046205465	0.0013156615	0.0010265431	0.0006558257	0.0008514284	0.0016411203	0.0017775866	0.0003496752	0.006140161	0.0013341003	0.006140161	0.0017986678	0.0007649722	0.0017148432	0.0017986678	0.0014910429	0.0021119416	0.0036562732	0.00013038941	0.00018351787	0.0005658266	0.0019898554	0.0017775866	0.0017817833	0.0012893259	0.0013718695	0.0015507991	0.0011877341	0.0038825253	0.0012249803	0.03315113	7.138838e-05	0.001406071	0.001265234	0.0002490152	0.0046505653	0.0007529782	0.00061497523	0.0004342739	0.0008190041	0.0064969524	0.001400571	0.00036817908	0.006298912	-23.24451065063477
s03e17b	65.0	5.0	0.8756849	0.8756849	0.047480058	0.09170899	0.0014186213	0.0005640744	0.0020054232	0.0018556684	0.0013123719	0.0092385365	0.00048483105	0.00040886918	0.012968305	0.006243975	0.0022167535	0.0007140672	0.0019488976	0.00024128683	0.00036164347	0.0013174948	0.08526468	0.08526468	0.008926347	0.0035722689	0.014139088	0.014139088	0.01961034	0.0025578775	0.00094742817	0.0008070486	0.00046458846	0.00083632057	0.0011461775	0.0004251522	0.00024406708	0.0070654075	0.0012041637	0.003119055	0.0007788802	0.00047598928	0.0007724841	0.0007788802	0.004500753	0.0019750053	0.0076298737	0.0005592046	0.00054066285	0.00061685074	0.002802467	0.0019151078	0.00095055974	0.003602427	0.00045377642	0.0018783647	0.0005749396	0.0064662737	0.0003701529	0.017557807	0.0008339023	0.0011725912	0.019151203	0.00027081385	0.002335887	0.0009000101	0.0006547475	0.0007901935	0.0010813165	0.0091756685	0.0019435476	0.0007489063	0.0053819455	-25.61023330688477
s03e17b	70.0	5.0	0.6921608	0.6921608	0.030764272	0.05186143	0.002681452	0.0023653316	0.050232273	0.004275039	0.0049421787	0.01706615	0.0012817016	0.00047144757	0.006173753	0.001419103	0.0013739307	0.0023448362	0.0028279785	0.00032088204	0.0038334338	0.0076973625	0.005174634	0.0036289503	0.002255274	0.0015348786	0.0007710162	0.0019755352	0.020221787	0.0052831075	0.0024810904	0.0016002618	0.00024048575	0.0009309749	0.0015162656	0.00032532602	0.00031536716	0.0045290855	0.0042844266	0.0045290855	0.004662557	0.011433307	0.0020409925	0.011433307	0.0013918345	0.006398372	0.050487358	0.009635199	0.0024244622	0.001921248	0.065377645	0.0028845267	0.0024586597	0.006135129	0.0007736338	0.0012282658	0.000951736	0.0044332263	0.00051343895	0.0049525895	0.0007201287	0.001983806	0.0018844788	0.00043755205	0.0023762013	0.00052197225	0.00073916535	0.0021055099	0.0023687435	0.0046456503	0.0014519755	0.0029246064	0.021497402	-25.117626190185547
s03e17b	75.0	5.0	0.8859305	0.8859305	0.024494724	0.06272437	0.014597976	0.001918443	0.0045706825	0.0020457397	0.002412787	0.1421003	0.00090595044	0.00037015433	0.0037822942	0.008718029	0.0012011863	0.0011692179	0.002573584	0.00070235075	0.0010583163	0.0050718207	0.021766186	0.0073100026	0.0027182875	0.0045013726	0.0049492447	0.0049492447	0.06546931	0.0057707154	0.0019792975	0.0010563517	0.00045441123	0.0010019452	0.0015410967	0.0005429873	0.00047540703	0.0063070115	0.001562833	0.005281745	0.0031183995	0.0007766074	0.00089438935	0.0031183995	0.0027445338	0.0016794499	0.0041183145	0.00079031213	0.00068488665	0.00042429267	0.0017599995	0.003270723	0.00086472975	0.0029674752	0.000673939	0.0013681652	0.0012262213	0.0023365472	0.0006145589	0.00956625	0.00036200567	0.00075204414	0.003235828	0.00020605336	0.0023010012	0.00085470587	0.00040866717	0.0005878505	0.001092471	0.009778921	0.0011934977	0.0008317913	0.0050218147	-22.978456497192383
s03e17b	80.0	5.0	0.93490237	0.93490237	0.03171864	0.011129268	0.0009383618	0.00034146718	0.013066861	0.020901432	0.0025736378	0.0016513435	0.0009153905	0.0007187123	0.5067979	0.002300596	0.0017811838	0.0014093608	0.0018372516	0.005002655	0.0001269602	0.00081780425	0.004075658	0.0018153137	0.0025000004	0.0011980258	0.0007795525	0.0014734188	0.019590324	0.011397264	0.005227247	0.0016626082	0.00034972068	0.0016011153	0.0026176586	0.00034229312	0.00016829517	0.0039023294	0.0019197827	0.0012028975	0.0013942563	0.00043311407	0.0005428854	0.0013942563	0.0017842589	0.0033299094	0.0014266443	7.9613084e-05	0.00041686982	0.00043314026	0.0012613648	0.0010922306	0.00080366153	0.001891637	0.00016326655	0.0020691522	0.00028161274	0.0022801515	0.00023512215	0.0023453985	0.0006079696	0.0005061462	0.0008599897	0.0003338324	0.0022359893	0.0011975728	0.00030123693	0.00062577537	0.00028661324	0.0037867131	0.00051849073	0.00051112974	0.0047751046	-22.8378963470459
s03e17b	85.0	5.0	0.94373536	0.94373536	0.20548396	0.07202228	0.00077917933	0.00073683326	0.0031407855	0.00223266	0.0011111378	0.0014294916	0.00015323388	0.00019146984	0.0065228115	0.0058138296	0.0004952899	9.4176605e-05	0.00040679466	0.0002667949	0.0002541118	0.0021733276	0.005326647	0.0020625452	0.0019418871	0.0028102654	0.0009543311	0.0028102654	0.021051444	0.004309226	0.0024490547	0.0009630834	0.0002987028	0.00066736917	0.001926014	0.00079134415	0.00016857847	0.008029051	0.0017840669	0.0027288988	0.0011141278	0.0012272917	0.0009701345	0.0012272917	0.001209921	0.004735542	0.0033681826	0.00033749646	0.0003425915	0.00056039746	0.0008890857	0.0014633175	0.001631886	0.003914322	0.0003245036	0.0019190072	0.0006419904	0.0016083998	0.00038518777	0.005885701	0.00032764833	0.00061572006	0.0007991597	0.00024456906	0.002181018	0.0038211807	0.0011316906	0.0002782338	0.0014740749	0.012234272	0.0019448708	0.0005961867	0.00547776	-20.68778610229492
s03e17b	90.0	5.0	0.70583814	0.70583814	0.014700374	0.13052237	0.00040718692	0.0028608441	0.16236821	0.001163286	0.026549287	0.04953646	0.0013090383	0.0002750333	0.0021634356	0.0013917098	0.003117838	0.0029032915	0.0032772864	0.0013998335	0.0038458288	0.038532984	0.00531874	0.0021273498	0.0017505367	0.0013464284	0.00030797554	0.0013464284	0.06516874	0.0072994083	0.0032582611	0.0013619815	0.0006467686	0.0008927802	0.0028297538	0.0012360546	0.0011245164	0.0031990772	0.00124997	0.0031990772	0.003793021	0.001770256	0.0014903601	0.003793021	0.0008647598	0.003939935	0.008249726	0.0005514057	0.0005222813	0.0005722541	0.010408904	0.000802048	0.005413725	0.003932272	0.0032499	0.0012137821	0.0009178044	0.0023676734	0.00057697954	0.0025126392	0.0006726377	0.00053370604	0.0007664133	0.0006103663	0.002396733	0.00038835776	0.0005399614	0.0015945293	0.0016094606	0.005810369	0.0016746687	0.00050041743	0.0025488895	-22.660797119140625
s03e17b	95.0	5.0	0.88876987	0.88876987	0.025056226	0.09633982	0.00026064404	0.00039860504	0.0007636204	0.0016148799	0.002060042	0.0045791822	0.00079985836	8.528857e-05	0.0017051348	0.0091682365	0.004076947	0.00017187299	0.001837213	0.00055695086	0.0004315042	0.0007566095	0.0023931332	0.0007602514	0.0016469298	0.0010126594	0.00039190167	0.0010126594	0.050850388	0.005796033	0.0012432211	0.000416783	0.0001618642	0.0003089628	0.0015312146	0.000611285	0.00017621944	0.0046196803	0.0010314427	0.0046196803	0.00054809276	0.0006556882	0.00055002363	0.0006556882	0.0029833706	0.0013131852	0.0015835403	0.00018069611	0.00013299804	0.00028897155	0.0010509569	0.00096089335	0.00084893015	0.00198173	0.00032755086	0.0059367903	0.00044566256	0.0012061484	0.00031690305	0.008306378	5.9554135e-05	0.00058616226	0.0006808265	0.00019186604	0.0012592977	0.0017102332	0.00045060372	0.0004882889	0.00071243715	0.026230875	0.0015306897	0.00035093926	0.007975821	-26.295215606689453
s03e17b	100.0	5.0	0.8936735	0.8936735	0.015517984	0.20023946	0.0011802044	0.0006535663	0.0031975156	0.0025242274	0.0025980326	0.013046607	0.00094908284	0.00042291105	0.011730302	0.0037666378	0.0011658652	0.0004976661	0.0011018945	0.00058260094	0.00028134655	0.0007021891	0.0059292368	0.0059292368	0.0015209371	0.005969124	0.0058613224	0.005969124	0.02324833	0.003177899	0.0012724336	0.00070064067	0.00032580958	0.0006715782	0.0020307696	0.00028836716	0.00033155194	0.005624195	0.0012567221	0.004106291	0.001078657	0.0008028009	0.00065237464	0.001078657	0.0017109717	0.0031558059	0.003261096	0.00017035463	0.00017933003	0.0006077263	0.0016112024	0.0006624158	0.0011145205	0.0018118867	0.000752528	0.002114854	0.0012992492	0.00450749	0.0010344175	0.08519276	0.0004169841	0.0004418441	0.0014885595	0.00019141068	0.0035248569	0.0017778735	0.000270481	0.00029901564	0.0020526103	0.009778496	0.001044363	0.0005204183	0.005753584	-22.26778793334961
s03e17b	105.0	5.0	0.8676921	0.8676921	0.06725118	0.025365686	0.0009297082	0.003106147	0.4219671	0.0046867644	0.0028100729	0.0010106864	0.0005050727	0.0002019297	0.0063042603	0.0023177578	0.0037841413	0.0013213312	0.0009380401	0.0013412538	0.0035422728	0.032229867	0.006518589	0.0027371803	0.0054108296	0.0015070926	0.001018093	0.0015070926	0.08720366	0.015779065	0.006796843	0.0016498844	0.00028995844	0.0016809369	0.009791806	0.00022736007	0.00071345223	0.0017016935	0.0017016935	0.001133786	0.0022236335	0.003000138	0.0006877384	0.0033818926	0.0009955311	0.006782135	0.011638504	0.0019406714	0.0014063823	0.0006432784	0.012039898	0.0009820613	0.004239233	0.005833633	0.00021379457	0.00081317016	0.0012428375	0.014378165	0.0013842863	0.0015055293	0.0005352798	0.00043862534	0.00031250378	0.0013224726	0.002096604	0.0015710413	0.0016626455	0.0023354192	0.0022434762	0.0033651425	0.003618959	0.00014849345	0.010704988	-21.04586410522461
s03e17b	110.0	5.0	0.6973904	0.6973904	0.0058727446	0.020659288	0.00019571482	0.016644547	0.0030748523	0.0057616993	0.018495874	0.0019593383	0.0014651393	0.00024401868	0.0025658095	0.0014938647	0.0012916126	7.979543e-05	0.00050811825	0.004435374	0.0029087241	0.008436735	0.54605556	0.54605556	0.0018866684	0.005325586	0.0018454171	0.005325586	0.7202683	0.052449644	0.022249227	0.0017255207	0.000988319	0.0034718565	0.08534774	0.0011061376	0.0114248805	0.0018257961	0.0010701566	0.0008204362	0.0013917085	0.0020991357	0.00034320558	0.0020991357	0.0009187834	0.0026633954	0.013782486	0.000741672	0.0012941394	0.002238216	0.0029240057	0.0013947218	0.0034813557	0.0024750496	0.0012708397	0.0009610188	0.00067111885	0.003672073	0.0036069348	0.006847146	0.0004684158	0.002389459	0.0007411579	0.00027442956	0.0013931659	0.001432467	0.0024911193	0.010933124	0.0017727391	0.0063896254	0.004238841	0.00012062203	0.010933124	-21.215301513671875
s03e17b	115.0	5.0	0.8734194	0.8734194	0.015221908	0.28255045	0.00062713097	0.0009714461	0.002304769	0.0019961067	0.0021023753	0.01869331	0.00018228941	0.00018060724	0.0014339274	0.0035882692	0.0018658335	0.00070400495	0.0028413949	0.0010312845	0.00026532792	0.002647305	0.0061288024	0.0061288024	0.00067845325	0.0009563349	0.0025654852	0.0025654852	0.06459825	0.0048430744	0.0015027211	0.0008098879	0.0006000884	0.0007876532	0.0026899944	0.0024037447	0.00039539763	0.004642994	0.0025757637	0.0013152331	0.0013240385	0.0021065841	0.0005099769	0.0021065841	0.00091574376	0.005071522	0.011982125	0.0005708514	0.00077666	0.0010165026	0.003702782	0.0013249669	0.0020591551	0.0037905464	0.0020416423	0.0037679959	0.00047168264	0.0038983633	0.0016584132	0.035818025	0.0001922099	0.0015284015	0.0033455915	0.0003434789	0.004071135	0.0009079488	0.00047300904	0.0005536632	0.001720968	0.006483215	0.0038687899	0.00036051185	0.006255596	-22.605941772460938
s03e17b	120.0	5.0	0.87238544	0.87238544	0.008749904	0.055013753	0.0003705095	0.0019423984	0.06368022	0.0013561912	0.0019122016	0.013606147	0.0013334221	0.00030068573	0.0021192783	0.0045668986	0.003094916	0.0029437614	0.001179046	0.000713181	0.0010993844	0.019303093	0.08811153	0.006994572	0.0036003564	0.0024066656	0.0030745643	0.0030783215	0.08968741	0.008085064	0.0029064268	0.0016193837	0.0009193097	0.0017697031	0.0027615053	0.00094586506	0.0012477036	0.00593031	0.0036189351	0.00593031	0.009713195	0.0035878292	0.0023227006	0.009713195	0.0017482284	0.0122193	0.026087428	0.0016014507	0.0013854601	0.000547177	0.008578053	0.009174745	0.0072494163	0.00302754	0.0020884473	0.0018663378	0.0008644517	0.003552789	0.0003303196	0.0025439432	0.0030219995	0.0025345965	0.002215229	0.0003104012	0.007096109	0.0005444851	0.0011308414	0.002414346	0.007849191	0.0070100757	0.0042288597	0.00036123587	0.007849191	-22.016210556030277
s03e17b	125.0	5.0	0.8934082	0.8934082	0.005696633	0.14413269	0.00078468875	0.0009729827	0.0024448193	0.0036490457	0.0018415616	0.07907651	9.33841e-05	0.00017286817	0.0010278935	0.005309117	0.0013130839	0.00029597912	0.004435066	0.00034483444	0.00010951203	0.0018679348	0.008958404	0.004479649	0.0012688278	0.0025470303	0.0031650912	0.0035931314	0.043126058	0.0035701375	0.0016833448	0.00087322743	0.00062586577	0.0009778822	0.0012125139	0.00102944	0.00041926804	0.0051224893	0.0033151486	0.0021922803	0.0029280374	0.0025878784	0.00045824822	0.0029280374	0.002557599	0.005141069	0.010851953	0.0010066773	0.00037126278	0.0012316017	0.0026694085	0.0034914047	0.001382326	0.008266925	0.001083293	0.004254183	0.0029204309	0.0038350564	0.0035798638	0.021963736	0.000281346	0.0013705636	0.0026929663	0.00013962449	0.007762556	0.0010990812	0.00032255548	0.0006510597	0.0026156425	0.009782314	0.005519687	0.000439696	0.00969189	-22.26289749145508
s03e17b	130.0	5.0	0.883366	0.883366	0.01203366	0.07053702	0.00038736867	0.0011213425	0.015088018	0.0016042955	0.00047241428	0.008463547	4.147446e-05	0.00012629537	0.01936938	0.005313382	0.0027884846	0.00041922607	0.0009274751	0.0003203554	0.0005055913	0.038743887	0.029025387	0.029025387	0.002842492	0.0038755492	0.0019654527	0.0049492447	0.030213902	0.0023331526	0.0011162683	0.00058505853	0.000186005	0.0005188254	0.0010662316	0.00024395912	0.000167988	0.0025314363	0.0025314363	0.00081025687	0.0040678577	0.0040631546	0.00018120959	0.0040678577	0.0013567596	0.0088044815	0.02237908	0.002371533	0.00043751224	0.001705353	0.004365637	0.0018881058	0.0015624134	0.0024935377	0.00016144586	0.001806969	0.00062387093	0.0022912628	0.0009621016	0.046737526	0.00050756836	0.0013894122	0.00067582866	0.00031219466	0.0052064992	0.00086922076	0.00053035206	0.0006603414	0.00092508475	0.008786107	0.0012759841	0.00036981713	0.0052064992	-22.649457931518555
s03e17b	135.0	5.0	0.7600757	0.7600757	0.013314293	0.370336	0.00040474322	0.0012600877	0.0026452874	0.0026060294	0.0032101339	0.006901825	0.0003422303	0.0001693124	0.001216888	0.008785202	0.0009120505	0.00013634047	0.00060902047	0.0021081846	0.00041382312	0.006757335	0.009772236	0.009772236	0.0015073172	0.003394384	0.0015108049	0.003394384	0.18307056	0.0060920566	0.0009343855	0.001052339	0.0011543053	0.0010901717	0.0024053485	0.0006513772	0.0017409017	0.0050636795	0.0022180777	0.0050636795	0.0026466663	0.0020917482	0.0021029336	0.0026466663	0.0016248364	0.008549228	0.014318875	0.0005193747	0.00024323541	0.0013278408	0.0035001037	0.0014854762	0.0024811635	0.00092229526	0.0014269256	0.0013957369	0.0015372292	0.010480242	0.0027669615	0.023721326	0.00013786323	0.0009203785	0.001606073	0.00027112308	0.0037559133	0.00069280376	0.0012420813	0.00059308886	0.0007810024	0.0078943595	0.0020220832	0.0001664165	0.008868622	-23.929630279541016
s03e17b	140.0	5.0	0.8152812	0.8152812	0.0016879018	0.2756406	0.00089710683	0.00025220404	0.0011928696	0.002432045	0.0016787521	0.07128372	0.00010437902	0.00020067499	0.0010708175	0.0016471423	0.001310368	0.00030090424	0.005140018	0.0001527542	0.00011392797	0.00064478925	0.013135109	0.012752294	0.002974444	0.011105071	0.009582048	0.011105071	0.041877247	0.0031161902	0.0011473552	0.00066088064	0.00039934766	0.000586383	0.0010776555	0.0010893169	0.00038811643	0.0026923032	0.00092242187	0.0013835389	0.0016398793	0.00068594224	0.0003254681	0.0016398793	0.0016136058	0.003371677	0.020018814	0.0005464275	0.00025249878	0.0013864592	0.0015722421	0.00072402664	0.0014567502	0.00079670304	0.00072869525	0.0006172101	0.0011833383	0.005006905	0.002449488	0.03801144	0.00014440507	0.00080225675	0.0020177441	0.00011660181	0.0051769516	0.0003625593	0.0003334755	0.00020906102	0.00048144406	0.0038101913	0.00062495196	0.0005676564	0.006695708	-23.115358352661133
s03e17b	145.0	5.0	0.91395986	0.91395986	0.010831029	0.04149366	0.0010582297	0.00179172	0.12699643	0.002257567	0.00047951867	0.13305071	0.000284509	0.0004437477	0.0022453407	0.0026072813	0.02071278	0.0008943749	0.0034979144	0.000322058	0.0008389729	0.092138164	0.023800937	0.023800937	0.0019726043	0.0014060535	0.0003243796	0.0074262354	0.03341136	0.0026462083	0.0007733138	0.00040081356	0.00013990956	0.0005461547	0.0021570218	0.00038946446	0.00018393745	0.0013330551	0.0008219895	0.0013330551	0.0046390244	0.0009101957	0.0001922671	0.0046390244	0.0022377071	0.0021783216	0.0035224291	0.00023746134	0.0006031081	0.00033068634	0.0017419767	0.007365017	0.0020134088	0.008270366	0.0011990537	0.0017716173	0.020829685	0.00097128924	0.0010613722	0.001454779	0.0016396225	0.00041090575	0.00066840794	0.0002052191	0.0034478335	0.0026716194	0.0009623583	0.0053670644	0.009157167	0.011859814	0.006712957	0.00052526157	0.009157167	-22.056087493896484
s03e17b	150.0	5.0	0.8074202	0.8074202	0.025504	0.019551108	0.0018929753	0.006669187	0.18335837	0.0062117395	0.006926866	0.0026273897	0.001056935	0.0006788808	0.0017644806	0.0038922448	0.0017695557	0.00090813835	0.0049509564	0.0012226019	0.005027295	0.10956513	0.0051827333	0.004281458	0.0025320589	0.0030005232	0.00097109075	0.0030005232	0.0498024	0.01162182	0.0043891035	0.0014425493	0.0004761658	0.0010624941	0.0066155307	0.00055325724	0.00053046126	0.0030905793	0.0030905793	0.0022249836	0.008581699	0.005660429	0.0004877497	0.008581699	0.0015278909	0.010814587	0.013357128	0.0027110865	0.0011536123	0.0008952756	0.01163131	0.0017341328	0.0044540064	0.010828808	0.00039906014	0.0019922897	0.0020674723	0.0031070006	0.00039948247	0.0011954507	0.00042793746	0.0015466758	0.00059047516	0.00057813665	0.0021977727	0.0017986952	0.0023153883	0.012688804	0.0058289305	0.0068435348	0.0069348076	0.00032965516	0.012688804	-20.83018112182617
s03e17b	155.0	5.0	0.8840259	0.8840259	0.0072245514	0.25922912	0.00095544424	0.00088204595	0.0007522104	0.0032394286	0.0014647557	0.02757149	0.00027958094	0.00022837143	0.0007536016	0.009358745	0.001110832	0.00021047186	0.0008190809	0.00047770518	0.00013880689	0.004972528	0.021501143	0.016636832	0.0042950423	0.0050853323	0.0017968622	0.0050853323	0.09576632	0.002647486	0.00049606926	0.00058137224	0.00043913908	0.00063385174	0.00069922453	0.00029427485	0.00048956723	0.010141463	0.0023428113	0.0059226635	0.0034259146	0.001971132	0.001217106	0.0034259146	0.0018624973	0.006346868	0.017164461	0.0009952129	0.0006907251	0.001401834	0.0017299635	0.004459345	0.0021903734	0.005603417	0.0005648212	0.0018007563	0.0011055925	0.0016764594	0.0008361788	0.015757116	0.00043929988	0.0013481618	0.0018334131	0.00018712855	0.0021300612	0.0007690324	0.0016637507	0.0015486145	0.0011180445	0.006804737	0.0033747705	0.00041754116	0.008812579	-20.637920379638672
s03e17b	160.0	5.0	0.8852494	0.8852494	0.009948905	0.2770107	0.000677435	0.00048448643	0.0023034292	0.0050000492	0.0015076618	0.029786238	0.00047141407	0.00075848034	0.011248659	0.0045506996	0.0014393438	0.0007426473	0.00075084576	0.001112183	0.0002133012	0.0022326908	0.016315574	0.016315574	0.0051824036	0.0016610047	0.0039620935	0.0039620935	0.0636677	0.0031789897	0.0007285668	0.000595991	0.00029702845	0.0005222303	0.0009687052	0.0025881713	0.0002752038	0.005342648	0.0022119242	0.0025185416	0.0058309534	0.004374118	0.0005100143	0.0058309534	0.001291425	0.0071672387	0.012764925	0.00054959964	0.00047697895	0.0007649175	0.0060848542	0.0026599448	0.0020360781	0.0017703022	0.0027425976	0.0017749562	0.00064144173	0.004792567	0.0023749897	0.01413385	0.00033106678	0.00070462417	0.0006904582	0.0005899182	0.0033513566	0.00059388217	0.0005749418	0.00081223	0.0021244416	0.010776187	0.0015317329	0.0007753685	0.0033513566	-21.61603736877441
s03e17b	165.0	5.0	0.9009275	0.9009275	0.011774524	0.11229507	0.0010165926	0.0011422721	0.0026095046	0.0018876349	0.0009175351	0.05536866	0.0009961255	0.00019893183	0.0026115777	0.006521041	0.0012098594	0.0014527827	0.00058150716	0.00024419252	0.00013828125	0.011297412	0.01528671	0.01528671	0.005420073	0.0020083943	0.0027960886	0.0027960886	0.03217679	0.0033082596	0.0009775283	0.0005329692	0.00053983816	0.00048186234	0.0006361178	0.0008028827	0.00031364488	0.00893793	0.0036102952	0.0030269772	0.003630075	0.0027651305	0.0007327369	0.003630075	0.0016716914	0.009592521	0.022568243	0.001293742	0.0009902631	0.00068615965	0.0028861922	0.004210399	0.0014317932	0.0029051143	0.0017864285	0.0016340378	0.00036943375	0.0013672471	0.0005295178	0.03099717	0.00020210746	0.0006582948	0.0024332937	0.0004195431	0.00502039	0.0006716781	0.0005879581	0.0015768493	0.0018411444	0.009572917	0.0025109844	0.0007572731	0.005970496	-22.138771057128903
s03e17b	170.0	5.0	0.8659666	0.8659666	0.016112449	0.22267523	0.0005729451	0.0020006942	0.036563285	0.0022975346	0.0017210059	0.017741242	0.00032808312	0.00031324473	0.0014495378	0.0060970364	0.003750862	0.0013948234	0.0012445422	0.00083241373	0.005124283	0.13712354	0.010650854	0.010650854	0.0017179627	0.0031819646	0.0014103128	0.0031819646	0.047124512	0.0043983273	0.0017963082	0.0011283864	0.00030164875	0.00090414693	0.002221828	0.0008143042	0.00047674373	0.0011536304	0.0008492011	0.0011218827	0.0034114833	0.0010091527	0.00044705157	0.0034114833	0.0010140544	0.0045583113	0.0068998868	0.0010540346	0.0008083482	0.001127842	0.029862052	0.0020461641	0.0036268807	0.0053492705	0.0007953009	0.0012181121	0.00082789926	0.0019824433	0.0009538453	0.0037970594	0.00028594374	0.00079432613	0.0007432381	0.00058094546	0.0019666709	0.0008770048	0.0012264713	0.0015496484	0.0018639944	0.002740904	0.0025389208	0.00063084654	0.010062728	-22.17313003540039
s03e17b	175.0	5.0	0.7983669	0.7983669	0.009844774	0.019278096	0.00016670968	0.00057561236	0.0089433715	0.00077898556	0.0017594192	0.0124726845	0.0008236125	7.0564e-05	0.0039034605	0.04557519	0.00071446877	0.0011252462	0.002475989	0.00045003236	0.0022547396	0.003384079	0.080333486	0.017171975	0.001265924	0.003117632	0.0009914081	0.003117632	0.017477471	0.0023246792	0.0014885715	0.0011027388	0.00038121923	0.00060283253	0.00083636283	0.00050189137	0.00016520715	0.007602821	0.007602821	0.005630591	0.0019262085	0.0052168635	0.003321659	0.0052168635	0.0015364931	0.006165497	0.014753449	0.0012212703	0.0015940466	0.0002454212	0.016300123	0.004057497	0.0012286204	0.01492606	0.0007437135	0.0029082734	0.0003408031	0.0008779467	0.00022911622	0.003579231	0.00018476887	0.0029594572	0.0006439206	0.00018872348	0.0021265876	0.0012041717	0.0017116626	0.0046410398	0.0008627754	0.0046332683	0.0061851884	0.0015223251	0.012873458	-22.866334915161133
s03e17b	180.0	5.0	0.8664396	0.8664396	0.0067741675	0.013268923	6.720565e-05	0.0026224859	0.034309465	0.00071709324	0.0012023167	0.0035531656	0.0013916608	0.00013212209	0.0009960942	0.0067081037	0.0009484423	0.00043501557	0.0007007395	0.003045913	0.0027694758	0.024979403	0.010443159	0.0019276738	0.0006878682	0.0011291816	0.0010979893	0.0012330337	0.15502034	0.009174472	0.0025218367	0.0008916954	0.00035469577	0.0009318987	0.0044891667	0.00041090103	0.0006571759	0.013448168	0.010593045	0.013448168	0.05639419	0.031038407	0.0026381826	0.05639419	0.0018601356	0.030668382	0.022676824	0.002039179	0.00074543775	0.0008300459	0.0032743562	0.003539253	0.004007892	0.013952121	0.00068875053	0.0018665325	0.00038752027	0.0025571247	0.00075045734	0.0007952535	0.00014563813	0.0005799228	0.000458411	0.00014451567	0.0015594	0.0016912604	0.0013056279	0.004098598	0.0015832598	0.083811246	0.002753593	0.000111199915	0.024500193	-20.8035888671875
s03e17b	185.0	5.0	0.8010653	0.8010653	0.031665083	0.0043129553	0.00094766147	0.0024354337	0.029157594	0.00089025893	0.00108164	0.008413634	0.00016442988	0.00038505942	0.0014826384	0.018207302	0.0034593886	0.00015685742	0.0019073416	0.00026872792	0.001965087	0.08371965	0.005143094	0.005143094	0.0021035231	0.009999999	0.0037433535	0.009999999	0.033499558	0.008644247	0.003162455	0.00090663007	0.00042226186	0.0011679461	0.002771254	0.0005745479	0.00022572563	0.008305141	0.008305141	0.004704106	0.023068756	0.010418697	0.001015049	0.023068756	0.0038383552	0.0155825205	0.005844758	0.00270302	0.00041666345	0.0011722384	0.0014641511	0.0063307513	0.0014425967	0.0060120104	0.0002918438	0.0012164563	0.0004733277	0.0025317892	0.0005070497	0.004435923	0.0006353029	0.0009955462	0.00015478875	0.00025023828	0.0037904815	0.001947502	0.0007775401	0.0020877428	0.0031233933	0.00824457	0.0019093252	0.00034397584	0.0109450575	-21.45347785949707
s03e17b	190.0	5.0	0.82991725	0.82991725	0.034750223	0.031692903	0.00029344697	0.002427137	0.13430272	0.00067680265	0.00325653	0.004011659	0.00022774996	0.00038801043	0.0017648285	0.0038570412	0.0009416164	0.00085555814	0.0017169039	0.000782938	0.010010262	0.04486947	0.005805333	0.0038008022	0.0010757477	0.0020051359	0.0006393952	0.0020051359	0.0674769	0.008104256	0.0026087377	0.00095596135	0.00019347643	0.0007273417	0.0031059256	0.00032022715	0.00023741266	0.0028131627	0.002380614	0.0019536624	0.009015511	0.0058622416	0.0005420891	0.009015511	0.00050436746	0.006917262	0.009393544	0.0013540476	0.0005736486	0.0003478409	0.008470597	0.0017696695	0.0019821227	0.0053816927	0.00036507333	0.0011187753	0.00057275075	0.002596533	0.00024966348	0.00087300414	0.0003298227	0.0014806738	0.00054803165	0.00019538442	0.0008262808	0.00042595502	0.00051136443	0.002228097	0.0013482627	0.00401016	0.0044208104	0.00029683058	0.020992348	-19.972511291503903
s03e17b	195.0	5.0	0.78049964	0.78049964	0.005610148	0.001980185	0.00041983955	0.019404799	0.004085972	0.0010447343	0.0037155538	0.0034837753	0.0040982063	0.00014290637	0.006347259	0.0065238527	0.0006358824	0.00029298235	0.00075278693	0.0040124687	0.001611757	0.0043005575	0.008885504	0.0032696973	0.0014109785	0.006582702	0.0016023216	0.006582702	0.72508216	0.0349606	0.029076846	0.0006276524	0.00026709217	0.0012941301	0.005289431	0.0004729498	0.0066132434	0.0021128925	0.0014082252	0.0011036983	0.0014933114	0.0028463332	0.00037611942	0.0028463332	0.00044702727	0.0035425776	0.009216613	0.00020140763	0.00037807488	0.00031723737	0.0018240598	0.0009936705	0.0010092624	0.012957	0.0009073132	0.006977886	0.0006465144	0.0020065543	0.00019490771	0.0020071839	0.00025269313	0.00043791428	0.00039605366	0.00011012443	0.0013163597	0.005230067	0.004084534	0.021841	0.0009304282	0.0102007985	0.005596152	8.876531e-05	0.021841	-21.37014389038086
s03e17b	200.0	5.0	0.89381474	0.89381474	0.0035381431	0.009943332	0.0014304304	0.0010822378	0.0044954726	0.008809327	0.0020953922	0.03195059	0.0006889051	0.00020705523	0.0029404184	0.007398009	0.33117566	0.0007626325	0.0022545594	0.000103093465	0.00010826594	0.0005950621	0.020530723	0.020530723	0.0006491263	0.002502987	0.0012172514	0.002502987	0.01617129	0.0020499902	0.0010777253	0.00048305898	0.00043280222	0.00037453897	0.00060624356	0.00027554223	0.00028575977	0.0006319083	0.00036017998	0.0002857001	0.0005341101	0.00018633518	8.731054e-05	0.0005341101	0.0044450825	0.0009966029	0.0040679057	0.00020964668	0.00029149704	0.0006306671	0.00067518617	0.0012289317	0.00060259475	0.0022576635	0.00056972296	0.0013861101	0.0011938546	0.0011567742	0.00034380864	0.008707901	0.0014204023	0.0013011056	0.001305348	0.00032641742	0.0020153201	0.0006297952	0.0002169247	0.000592298	0.0010080837	0.02853454	0.0020150698	0.00028353388	0.020591488	-23.0905818939209
s03e17b	205.0	5.0	0.7721385	0.7721385	0.039929107	0.09347243	0.0021974025	0.00094603904	0.005707587	0.0029862782	0.0030312093	0.007955919	0.0057285624	0.00082559965	0.009092587	0.005860347	0.0019728933	0.0005506877	0.0005985872	0.0006175678	0.0004178643	0.002013996	0.008868958	0.008868958	0.0017516537	0.010070863	0.003974274	0.010070863	0.05971506	0.008178057	0.0018408842	0.001513558	0.00071916793	0.0015237711	0.0017143012	0.0003712771	0.00035463506	0.0049495706	0.0010510725	0.0046277363	0.0020295812	0.0006605875	0.0009155065	0.0020295812	0.002486233	0.0040910216	0.004885461	0.00024938225	0.0006031296	0.0018302526	0.0011581299	0.0017341932	0.000873153	0.002144451	0.00073468307	0.0022305027	0.0008049254	0.027774034	0.0010630904	0.013799174	0.0005506854	0.0016060484	0.006442435	0.00035669442	0.0061384733	0.0015461531	0.0008674555	0.0014096178	0.0006305865	0.007910008	0.0017926748	0.00015299517	0.016210908	-23.42830467224121
s03e17b	210.0	5.0	0.8854973	0.8854973	0.0076553333	0.13163324	8.414909e-05	0.0020453054	0.08455902	0.0004953022	0.0020531523	0.009127914	0.0004504942	0.00028596527	0.0029707698	0.0030490018	0.0030247562	0.001042835	0.00068005413	0.0015106407	0.0008342082	0.012568723	0.13272424	0.0023327332	0.0014892479	0.0032696023	0.0006525313	0.006412219	0.039269887	0.002735841	0.0022357088	0.0009524013	0.0005373056	0.0008807443	0.001590589	0.00034632292	0.00042430154	0.0015991072	0.0009769337	0.0015991072	0.0033798425	0.0012093316	0.0003812934	0.0033798425	0.001855105	0.002884446	0.0058210855	0.0009541229	0.00036369267	0.00053193315	0.0033109023	0.0015900226	0.0058545996	0.005310366	0.00058504794	0.0032241007	0.0011153192	0.0024237589	0.0012931235	0.0020897824	0.0008998857	0.00062233466	0.0006450631	0.00031249097	0.006196824	0.0007166519	0.0003216717	0.0007019941	0.00230721	0.004207141	0.0023572214	0.00021738229	0.006196824	-24.226364135742188
s03e17b	215.0	5.0	0.85386074	0.85386074	0.006533437	0.001989883	0.0001721927	8.996576e-05	0.0003514245	0.00011143036	0.0007798119	0.0035022288	4.28782e-05	6.9268186e-05	0.0031799297	0.033851404	0.001606079	0.0001474575	0.0017455834	3.4270714e-05	0.00012870178	0.00024778506	0.007482865	0.0044498625	0.0010912773	0.0010011361	0.0009700981	0.001336392	0.006902426	0.002689892	0.001464506	0.00048890413	0.0002875134	0.00040642722	0.0007856753	0.00024335277	0.00010418362	0.0059446804	0.0015443594	0.0059446804	0.0009118315	0.00044697084	0.0010418498	0.0009118315	0.00470243	0.002943851	0.0021186934	0.00012711708	0.00010102642	0.000112315676	0.0013445767	0.0038280133	0.0002193565	0.08477349	0.0003709801	0.016962204	0.0035545386	0.00046566717	0.0003255587	0.0019754856	0.00020685258	0.00021146535	0.0015370257	0.00023087097	0.00083395833	0.0045487364	0.00019978399	0.005225353	0.0012679483	0.013794262	0.00048208103	0.0016171334	0.03613874	-24.24152183532715
s03e17b	220.0	5.0	0.8952995	0.8952995	0.013511134	0.056216218	0.0027503802	0.0011536991	0.0041251904	0.0009867102	0.0012918931	0.035595957	0.00018270251	0.00037359842	0.004130391	0.022596732	0.010572404	0.00045013533	0.002632326	0.00021155993	0.00030827045	0.003242123	0.030567981	0.022886673	0.002568199	0.01029207	0.007950809	0.01029207	0.035180856	0.0028863363	0.0006044959	0.00069115375	0.00063107803	0.0009006123	0.0011562245	0.0002667618	0.00023254246	0.0092789745	0.0013709494	0.005431887	0.00424745	0.00067305804	0.00072387315	0.00424745	0.012882659	0.0037737135	0.006462531	0.00038531172	0.00044398065	0.0013096742	0.0011691382	0.005017121	0.0014247911	0.0042038145	0.00051388005	0.0032773179	0.001048778	0.0011881001	0.0008071013	0.064662136	0.0012249886	0.0011944444	0.0008484962	0.00026342663	0.005184511	0.0007726107	0.0006716481	0.0011320227	0.0011453469	0.056235336	0.006537719	0.00017952386	0.011936054	-23.60662269592285
s03e17b	225.0	5.0	0.95312506	0.95312506	0.005998183	0.008481834	7.3298586e-05	0.00024677315	0.0030408753	9.3265204e-05	0.0010107808	0.006189584	0.00019841186	2.127835e-05	0.0004562011	0.0004942891	0.0014297795	2.6459109e-05	0.00038975824	0.00013867884	0.00022633294	0.004494139	0.010389438	0.00082012196	0.00014011878	0.0009953286	9.2506656e-05	0.0009953286	0.01852923	0.00066441623	0.00052950147	0.00024895655	0.00013795818	0.0002512481	0.00015673063	0.008790415	0.00036623082	0.00063719513	0.0003389943	0.00063353253	0.00055120554	0.00065913174	0.00032635423	0.00065913174	0.00021603756	0.0016603651	0.0014349464	0.00033269686	0.00013761422	0.0003614503	0.0017700427	0.0061208955	0.00027597867	8.286442e-05	0.0010028247	0.00018817687	0.00014954637	0.0006617873	4.6111694e-05	0.0001389278	2.720369e-05	0.37326127	0.40643293	6.420323e-05	0.21700528	0.00010204401	0.0024566865	0.00033665242	0.00024001526	0.0011823119	0.0006508667	0.00015335929	0.21700528	-23.97730827331543
s03e17b	230.0	5.0	0.85217804	0.85217804	0.004275709	0.0031644565	0.000261513	0.00041987436	0.0005274	0.0003737377	0.0017683029	0.008404549	0.0008395263	0.00038003086	0.0023746917	0.0021733204	0.00043768264	0.000105397005	0.0004604639	0.00081814296	0.00020250658	0.0006968015	0.005408177	0.005408177	0.0023638424	0.004279702	0.0018294784	0.004279702	0.0967326	0.006666837	0.003198393	0.001285925	0.00074039126	0.0011767168	0.0012410395	0.11913883	0.00060775725	0.0038231574	0.0032120186	0.0038231574	0.001708083	0.002967543	0.0019158827	0.002967543	0.0025831491	0.012642401	0.00830967	0.0009955904	0.0011787507	0.0018029407	0.0113065345	0.11913883	0.0029687225	0.0011650249	0.019500475	0.0018598197	0.009015997	0.0012371223	0.00024098498	0.0011084133	0.0003738478	0.024959093	0.11335257	0.00078081636	0.0059841694	0.002406186	0.0041913274	0.003936329	0.0049788714	0.003718224	0.017274788	0.00024346233	0.017274788	-26.797775268554688
s03e17b	235.0	5.0	0.8164122	0.8164122	0.036441933	0.041464623	0.0002565978	0.0048888377	0.09879784	0.001876031	0.003062217	0.020407062	0.0021066063	0.0007367528	0.0026511853	0.004465831	0.0035574802	0.003878306	0.0035002886	0.0011063805	0.0051699965	0.040581368	0.010562025	0.010562025	0.002382915	0.0022405046	0.00076905586	0.0026404946	0.038565293	0.0037692776	0.001500352	0.00058640144	0.0002349337	0.00051222154	0.0013828547	0.00043352155	0.0002673199	0.002485611	0.0018578909	0.0021397471	0.01034879	0.0033957649	0.0006313737	0.01034879	0.0015795181	0.0043334253	0.006933757	0.0016998418	0.00089634384	0.0008286893	0.00693469	0.0033368499	0.0015461331	0.0050542857	0.0019089346	0.005193084	0.0010890046	0.0026214982	0.00026691955	0.0045192624	0.00035008963	0.0019277453	0.0020883936	0.0003410181	0.0015137208	0.0005366466	0.0010015101	0.008549414	0.002987224	0.00638728	0.016353263	0.001128833	0.016353263	-22.44224166870117
s03e17b	240.0	5.0	0.8568461	0.8568461	0.027892197	0.27875975	0.00034490906	0.0036743311	0.12154328	0.0028667795	0.00446834	0.0069019883	0.00023940753	0.00025439664	0.0014514591	0.0028591496	0.0029540914	0.0014420137	0.0043361727	0.0006892823	0.004365687	0.040325414	0.0026089486	0.002237242	0.00079975853	0.0007286758	0.0004170163	0.0007286758	0.032435555	0.004299398	0.0022234968	0.0012361653	0.00024331984	0.0006750195	0.0014885105	0.00023295342	0.0002818561	0.001610806	0.0015557315	0.001610806	0.0010050979	0.0023322362	0.0007554928	0.002902847	0.00158222	0.0026732755	0.0077103134	0.002196604	0.0009215548	0.0008156252	0.018161956	0.000782445	0.002136759	0.00832404	0.00043302387	0.0021360016	0.0009907905	0.0048830975	0.0008886682	0.0037085142	0.00021718194	0.0010922415	0.0015899508	0.0003060595	0.00083264377	0.0002899247	0.0008924731	0.0029009169	0.00067624036	0.0060975966	0.0030326783	0.0003437942	0.0049270205	-21.743881225585938
s03e17b	245.0	5.0	0.8166755	0.8166755	0.019035766	0.3096958	0.0013496695	0.001148361	0.00391925	0.0008461882	0.0012718108	0.023268087	0.0014448025	0.0005327252	0.0020974441	0.0035428787	0.0016322123	0.00047197787	0.00086911686	0.0011476394	0.0005648408	0.001285778	0.0075209136	0.0075209136	0.0015857674	0.0019715116	0.002076217	0.002076217	0.033453714	0.0037956308	0.00083823217	0.0005287754	0.00034044363	0.0006925377	0.0012068816	0.00040645432	0.000176305	0.009861224	0.0014108159	0.009861224	0.004123281	0.0015476083	0.00149575	0.004123281	0.0013010864	0.003992849	0.006373344	0.00031526943	0.00011629744	0.0009351532	0.00246556	0.0010507166	0.0018457992	0.0011600052	0.00018365827	0.002048471	0.0008483479	0.0054984116	0.0016742765	0.01710708	8.6703876e-05	0.0007420884	0.0017213139	0.00029557134	0.005028688	0.00062264135	0.00049483264	0.0006555351	0.0009615088	0.007385281	0.0013901255	0.00022963827	0.007656899	-21.72931289672852
s03e17b	250.0	5.0	0.8535085	0.8535085	0.008850232	0.17036201	0.00031997781	0.0005476925	0.0009214854	0.0009093661	0.003990561	0.008093405	0.00036627724	0.00018553807	0.001422176	0.0017786912	0.0010619041	0.00018318658	0.00069455494	0.0006739836	0.0002075175	0.0008304881	0.0024282592	0.0022353833	0.0007759258	0.0017531008	0.0012931807	0.0017531008	0.021254018	0.0044436096	0.0016052611	0.00097149046	0.0007580211	0.00084402534	0.0017361805	0.000440492	0.00032365115	0.0028729637	0.00093158934	0.0019467443	0.00063563423	0.00046241443	0.00050489366	0.00063563423	0.0010241903	0.0023600524	0.0032838709	0.00010927159	8.9029636e-05	0.00036574723	0.0009528247	0.00038340566	0.0010268555	0.0012042319	0.0005154944	0.0018936332	0.0009005522	0.005747412	0.0008743902	0.031094128	0.00018869145	0.0009013531	0.0063569983	0.00014978927	0.005182869	0.0014445962	0.00015513407	0.000339782	0.0005980121	0.004245958	0.0005609551	0.00029298096	0.012075741	-20.293352127075195
s03e17b	255.0	5.0	0.76651657	0.76651657	0.10596568	0.015676454	0.0008960253	0.0015097068	0.008952954	0.0023412427	0.0021511998	0.0005593147	0.0020832403	0.00041693167	0.0025537966	0.011603989	0.00068653905	0.00016151037	0.00043356285	0.001058693	0.0006540829	0.0038689794	0.0070462846	0.006283	0.0015892001	0.008807303	0.004288424	0.008807303	0.06019702	0.0074210106	0.0025281454	0.0010314987	0.0005508342	0.0009944234	0.0045681796	0.000413523	0.0004342708	0.0022579387	0.0012001313	0.0013310468	0.0009802226	0.0006372125	0.0005680072	0.0009802226	0.0010419505	0.0060081137	0.010166355	0.00024765753	0.0006995548	0.0026417698	0.0020437886	0.0006580988	0.0017225286	0.00685328	0.0005461263	0.0020768167	0.00079297426	0.079205886	0.0011354679	0.0023925868	0.00097496115	0.0018026979	0.004098183	0.00032037002	0.0066613797	0.0019326785	0.0019383527	0.0012419536	0.00028577365	0.005310159	0.002112388	0.000118891665	0.015498204	-20.57013702392578
s03e17b	260.0	5.0	0.8385134	0.8385134	0.0015096781	0.03628206	0.006017709	0.0008756901	0.0019777855	0.002033456	0.0022954163	0.13535938	0.00014237456	0.00012840943	0.0024678973	0.0027991296	0.0014689113	0.0016413594	0.0043703695	6.155109e-05	0.00019957608	0.0010860747	0.012519428	0.009257135	0.0018635242	0.0045299907	0.0011808359	0.0045299907	0.05241502	0.004000318	0.0010762459	0.0007278374	0.0003724848	0.0005122247	0.0006464173	0.00032397255	0.00035911112	0.0022585639	0.0005543515	0.0022585639	0.0017480621	0.0006206216	0.0003001152	0.0017480621	0.0026904857	0.0026163568	0.01889482	0.0006997218	0.0013332919	0.0005278768	0.0013539005	0.0043297275	0.0020740752	0.0078077614	0.00041246042	0.0012357138	0.008123022	0.0067144446	0.0006305411	0.011581647	0.00189123	0.0005931801	0.0025620782	0.00022527046	0.011162715	0.0032285738	0.0053849225	0.001296405	0.0006644973	0.008324225	0.0021398827	0.0005474498	0.015427797	-23.716575622558597
s03e17b	265.0	5.0	0.823098	0.823098	0.016666673	0.3197311	0.0022575648	0.0023404453	0.021210544	0.020785945	0.011092824	0.023631807	0.005348697	0.00043508108	0.0035858152	0.0020646967	0.0026848465	0.0010341662	0.0010856744	0.00061715976	0.0005088004	0.0021419637	0.008743859	0.007590495	0.0022138488	0.0020110128	0.0017734818	0.0020110128	0.096042775	0.00516691	0.001332904	0.0009404137	0.00061424566	0.0008300427	0.0018675358	0.0008622084	0.0011248678	0.0012160961	0.0005895776	0.0012160961	0.0014488312	0.0005427369	0.00041776753	0.0014488312	0.0008141351	0.0023950543	0.006712515	0.0002546512	0.00048257853	0.001110422	0.0024368614	0.0007876671	0.0020598099	0.0015800927	0.0021354996	0.001074273	0.0008406954	0.015296188	0.0010917822	0.020104477	0.0003985336	0.0020307754	0.0057426104	0.00047838027	0.0018873448	0.00073983026	0.00055053865	0.0011802482	0.00068605866	0.0058601163	0.0021435164	0.0009247318	0.0026513527	-23.5053825378418
s03e17b	270.0	5.0	0.85230577	0.85230577	0.0021348158	0.33210188	0.00078366767	0.00032351573	0.001661987	0.002114399	0.003281863	0.13479953	0.0001501744	0.00012977392	0.00082774303	0.002310937	0.0016245324	0.0002712164	0.006915591	0.00045214064	0.00016348872	0.00031274577	0.012639187	0.004916054	0.00070401403	0.0046224985	0.0038032907	0.0046224985	0.034734577	0.0034628804	0.0016361589	0.0006950714	0.0003976621	0.0005153418	0.00084549515	0.0032285678	0.0005272572	0.0015058741	0.00080630835	0.0014645632	0.0017282137	0.00038442455	0.0003615704	0.0017282137	0.00074196217	0.0031702002	0.0052480516	0.00011343227	0.00014214069	0.00057081576	0.0006380408	0.00084894104	0.00082449114	0.0012444248	0.0014000302	0.0010093624	0.0011987528	0.0023447848	0.003120268	0.015797146	0.00010058818	0.0012855883	0.0013857497	6.5086235e-05	0.0041320366	0.00034064133	0.0001886625	0.00037006807	0.00072373997	0.0036518502	0.0007834227	0.00062827964	0.0041320366	-23.42806625366211
s03e17b	275.0	5.0	0.7993324	0.7993324	0.0061726854	0.40786108	0.0010975897	0.0009869955	0.0023386045	0.0025828737	0.005280562	0.03480911	0.00046262605	0.00013227007	0.0005359529	0.0015598515	0.0010942238	0.0002890732	0.002200242	0.0007974021	0.00026053074	0.00042027002	0.0046583326	0.002800024	0.0012399501	0.0030897537	0.0011305646	0.0030897537	0.04152109	0.004972238	0.0015942485	0.0005750591	0.00029382968	0.000548962	0.0015610958	0.00086146605	0.00039837463	0.001278727	0.00046891638	0.0011268004	0.0008206544	0.0003478026	0.0003451291	0.0008206544	0.00034602228	0.0018383861	0.0047927373	0.000103972525	0.00014339175	0.00066106993	0.0010586476	0.00046479728	0.0009438593	0.0008793175	0.00049352454	0.0013139454	0.0010277947	0.0062956214	0.0016024818	0.01093919	8.779109e-05	0.0009583626	0.0025722426	0.00015778252	0.0027768258	0.0006882636	0.00037151185	0.0004424278	0.0004168434	0.0036750992	0.00065714895	0.00042447713	0.0040523284	-24.06782341003418
s03e17b	280.0	5.0	0.84876066	0.84876066	0.005112793	0.4151592	0.00068533263	0.00059654115	0.0013885736	0.0018413459	0.0015934751	0.06984788	0.00024649498	0.00029586683	0.000630821	0.0031785213	0.0020487518	0.00019825943	0.0005921682	0.00032187966	0.00021294378	0.0005596835	0.011720914	0.011720914	0.0020876245	0.005414067	0.0029232635	0.005414067	0.17534707	0.0063675307	0.001013613	0.0007619203	0.0006411823	0.00071674853	0.001952076	0.003363042	0.0008781491	0.0016426936	0.000860767	0.00135709	0.0011449804	0.0008069029	0.00056074763	0.0011449804	0.0010244562	0.0035788533	0.009463929	0.00022458204	0.0003772362	0.0029283117	0.0019296729	0.0017493921	0.0019167436	0.00066769077	0.001855527	0.00076027715	0.0008601176	0.005519394	0.002330097	0.02302635	7.664104e-05	0.0037898603	0.0022572158	0.00023039774	0.010462133	0.00059039716	0.00043062563	0.00032334522	0.000984618	0.007888259	0.0009961838	0.00034093377	0.010462133	-25.177669525146484
s03e17b	285.0	5.0	0.7712528	0.7712528	0.0056736404	0.0010773927	6.9686386e-05	0.0005134492	0.00070756074	0.00032472363	0.0007303245	0.00055841316	0.00013354437	3.5358273e-05	0.0010682539	0.008480149	0.010243964	0.00010050381	0.0019317936	5.1411218e-05	8.406527e-05	0.00083912606	0.007694388	0.0070061637	0.0019565234	0.0025290607	0.00071654434	0.0057097827	0.0051264856	0.0012452471	0.00096014846	0.00016215988	8.295091e-05	0.0001392218	0.00064565294	0.0006524999	0.00013847575	0.0030024254	0.0011734942	0.00030084458	0.0006624246	0.000283325	0.00013886356	0.0006624246	0.011676639	0.0010250498	0.0065391934	0.0005557413	0.0003461772	0.0002100144	0.0011450507	0.0053837225	0.00058795867	0.0053361924	0.0001106824	0.0077163544	0.008080606	0.0009846133	6.982521e-05	0.0010656619	0.060072366	0.00036064815	0.00084307033	0.00012243443	0.0010920558	0.0064764153	0.00039920036	0.0009559049	0.004021886	0.058662567	0.006870018	0.0036949764	0.14558421	-30.80258560180664
s03e17b	290.0	5.0	0.8905545	0.8905545	0.0046237363	0.046298493	0.00063901936	0.0003549806	0.0010743395	0.0011116661	0.0017930681	0.009686977	0.00028496154	0.0004910137	0.0059752073	0.005560259	0.0064481148	0.00017989021	0.00058736437	8.4364336e-05	0.00013754559	0.00021859337	0.06225385	0.06225385	0.001515541	0.0035663093	0.0026992413	0.0058853803	0.028771833	0.0030778607	0.001147506	0.00078371435	0.00022378136	0.00065414654	0.0010296882	0.00068636896	0.0002836515	0.0012803149	0.00017653898	0.0007606931	0.00019239253	5.5892597e-05	0.0001284491	0.00019239253	0.0015057205	0.00034007625	0.00066369225	3.823407e-05	0.00011755566	0.00030085203	0.00043704768	0.001015345	0.00045518618	0.0026111992	0.00059430033	0.001107836	0.008901265	0.00070707675	0.0011727717	0.043021243	0.0047693998	0.0005486675	0.0021424724	0.00012901143	0.0019983724	0.0012770917	0.00023487769	0.0005492478	0.004421173	0.02099575	0.0031228573	0.00021560398	0.006246795	-25.34954071044922
s03e17b	295.0	5.0	0.62450206	0.62450206	0.032485865	0.010553939	0.0005445643	0.0032975227	0.4916101	0.0007209988	0.0059173205	0.0030494973	0.00021403567	0.00027727414	0.0007666339	0.0016002504	0.0011893649	0.0026744886	0.0018037638	0.00037663733	0.013327104	0.18516362	0.0028179407	0.0022345888	0.0028179407	0.0016230397	0.0005388668	0.0016230397	0.04605761	0.0074899937	0.003952012	0.0008342766	0.00017195723	0.000945939	0.0036628402	0.0007519961	0.00038246872	0.0011763743	0.0011763743	0.00092796	0.0018100456	0.00240951	0.0011634834	0.0025414918	0.00042703017	0.005982025	0.0059992094	0.0015625524	0.0019201419	0.00061157724	0.019096095	0.0012238771	0.002349405	0.0075313067	0.00079990906	0.0013197629	0.00070126023	0.0013940019	0.00010289419	0.00040737443	0.0005274088	0.00039346775	0.0006210971	0.00060365844	0.0012568502	0.00044485784	0.0015350503	0.0044494714	0.0012431211	0.0035805881	0.0014564402	0.00039973026	0.006018254	-19.94230461120605
s03e17b	300.0	5.0	0.87267685	0.87267685	0.09081899	0.009321741	0.0008991504	0.002782798	0.099537574	0.0026689668	0.002815993	0.0019185342	0.00041680608	0.00047613878	0.0017573442	0.022758065	0.0037242644	0.0005674912	0.0025494108	0.00046276944	0.010978889	0.037643496	0.024628568	0.024628568	0.0008368475	0.0038772875	0.0019907495	0.0055314545	0.04045106	0.012190136	0.004168219	0.0006204389	0.00019622568	0.00066827744	0.006351901	0.00042084252	0.00027584107	0.0028199754	0.002182519	0.002581836	0.01612672	0.0046072667	0.00045549803	0.01612672	0.0015355364	0.016526347	0.004476475	0.0014059116	0.0003228496	0.0005700239	0.0020038881	0.0025928088	0.0010302303	0.011990268	7.972804e-05	0.0011738316	0.00064419623	0.0014667091	0.00027122005	0.00376229	0.002086412	0.0010596698	0.00019170601	0.00033679878	0.0016001437	0.0012787496	0.0013064282	0.0029245256	0.0014391779	0.01552737	0.00545308	9.5442665e-05	0.0709404	-23.492218017578125
s03e17b	305.0	5.0	0.8868059	0.8868059	0.0016358724	0.0032658256	0.0006476559	0.0006121738	0.00077008916	0.0003877629	0.0021175083	0.003259672	3.7876318e-05	0.00067819405	0.0031837109	0.0013941919	0.0029195675	4.8434245e-05	0.0008855737	7.6319484e-05	0.0005274151	0.0005401483	0.004564543	0.004564543	0.000515029	0.00089632167	0.0044201217	0.006382149	0.04698739	0.006480449	0.0037118879	0.0004571549	0.00035372257	0.00064833404	0.003997232	0.0002256843	0.00028856134	0.0013874077	0.00078927574	0.0013874077	0.00033148873	0.0002129781	0.0005156902	0.00033148873	0.0020446863	0.001502026	0.0019138996	0.00015600333	0.00087803445	0.0006767403	0.0007232526	0.00073059974	0.00050322287	0.0026525462	0.0018160216	0.001271964	0.001741791	0.0029944158	0.0010657868	0.009249018	0.0006042485	0.010555458	0.0539064	0.0007160931	0.0047687907	0.0018147003	0.00021695656	0.00041530604	0.008829835	0.004390673	0.10274086	0.00028050796	0.10274086	-24.760942459106445
s03e17b	310.0	5.0	0.18629757	0.18629757	0.006650468	0.0023455927	0.00023312765	0.03183791	0.02219733	0.00046089862	0.047496494	0.013171714	0.0001871762	0.00012767052	0.00055926084	0.012274698	0.00026823542	4.2353226e-05	0.005913148	0.0042374465	0.09421973	0.0766101	0.0010207474	0.000527912	0.00016260441	0.001992632	0.00036243975	0.001992632	0.73548084	0.08458743	0.044743877	0.0008393115	0.00057552324	0.0006361075	0.056564484	0.0006794177	0.0063830325	0.00050295383	0.00050295383	0.00022894458	0.00042107483	0.00072869734	3.6711797e-05	0.00072869734	0.0002338418	0.00087775843	0.0023746397	0.00014778604	0.00017121952	0.00022822384	0.00045582728	0.0013550203	0.0001907997	0.00765613	0.00017423223	0.0025835778	0.0007379284	9.869719e-05	7.507633e-05	0.00010407489	0.00019818042	0.0005838903	0.00038924915	0.0001574352	0.00045331055	0.00018375198	0.00061615097	0.020936152	0.00027380258	0.0011071428	0.0019677456	5.1583294e-05	0.020936152	-19.446216583251957
s03e17b	315.0	5.0	0.7814046	0.7814046	0.014388063	0.005892627	0.00020572318	0.0010246183	0.0019923921	0.0021928092	0.0029315825	0.0033866533	0.0009071261	0.00021819252	0.017146396	0.10698462	0.0011680501	0.00039670808	0.0011353489	0.0035279065	0.00036585287	0.0008515445	0.05437188	0.05437188	0.00354003	0.006328496	0.00195525	0.006328496	0.05858352	0.005887448	0.002469547	0.0020008713	0.0007011229	0.001282085	0.0044110157	0.00079094875	0.00048419097	0.024912393	0.004588163	0.0031872266	0.00086347986	0.0014671693	0.0017583817	0.0014671693	0.0039684116	0.007010846	0.008726575	0.00020602645	0.00034784072	0.0004738674	0.0025205824	0.0037164649	0.0023364204	0.006235046	0.0016440542	0.015738823	0.00065131567	0.00069064874	0.0003245627	0.0069208033	0.00051100116	0.0009704678	0.0013335312	0.0002984756	0.0034263914	0.002518072	0.0033622747	0.0038371524	0.0013161596	0.0034118285	0.0012505561	0.0018806116	0.012874033	-26.33277702331543
s03e17b	320.0	5.0	0.89052063	0.89052063	0.13171065	0.0081206905	0.0004402158	0.000641373	0.0016229409	0.0009832437	0.0012743578	0.00089858426	0.00049532723	0.0002452614	0.0037527457	0.01540457	0.00090308744	0.00021998443	0.0007402354	0.0004212487	0.00026270453	0.0051275706	0.004894943	0.0035172459	0.0012134324	0.002460252	0.001256834	0.0062668226	0.022112705	0.0048991065	0.0028217754	0.00068285613	0.00061226916	0.00070609694	0.001518427	0.0007077927	0.00017570771	0.024276188	0.0052617905	0.008719954	0.0023633589	0.0029040675	0.0019635332	0.0029040675	0.0028680938	0.007712693	0.0050181467	0.00053117215	0.00030958405	0.00057034206	0.0014479588	0.002689052	0.0016479212	0.009076014	0.0002495	0.0026253671	0.00068931194	0.0056641717	0.0001775456	0.011629973	0.0003890885	0.0008603455	0.0018622652	0.00027534316	0.007407598	0.0029877962	0.00081114523	0.0008409739	0.0009466702	0.007450738	0.00117256	0.0006713687	0.012652869	-22.199222564697266
s03e17b	325.0	5.0	0.79226243	0.79226243	0.060749445	0.02667547	0.00039300852	0.00539171	0.18211088	0.0027005496	0.002400752	0.0032725392	0.0010470179	0.0005852169	0.0025294274	0.0048663113	0.0027489157	0.0007363264	0.001967445	0.0009741116	0.007186973	0.054068983	0.006201554	0.006201554	0.0015533639	0.001367036	0.000546874	0.0016106149	0.06441846	0.008710602	0.0041094474	0.0011148832	0.00080151483	0.0010013665	0.0028574658	0.00030142968	0.00041849457	0.0018873941	0.001797538	0.0011995016	0.008097153	0.003775408	0.0003518256	0.008097153	0.00083379855	0.005713812	0.00891831	0.0023477015	0.00062197674	0.0020061056	0.0040656156	0.0012128726	0.0017076966	0.0042028525	0.00019259406	0.0014097971	0.0006466404	0.0026730988	0.0010427247	0.018146068	0.00035962553	0.0016525735	0.00079094345	0.00016361533	0.0021843994	0.00078127114	0.0011845045	0.004414512	0.001371684	0.004312214	0.004937641	0.000380302	0.007281732	-21.433706283569336
s03e17b	330.0	5.0	0.35820046	0.35820046	0.004329004	0.002036987	0.0011628413	0.0026624543	0.04957354	0.0028697732	0.0008886462	0.008334667	0.0010441124	0.0007371907	0.0032322097	0.004316708	0.0012586609	0.00040674928	0.00069200236	0.0012071105	0.00423455	0.02728303	0.44474503	0.44474503	0.0031213895	0.0039099213	0.0040340982	0.0040340982	0.04426493	0.0036279853	0.0011338531	0.0006478578	0.00020986868	0.0008805571	0.0027610837	0.00032480664	0.00032692723	0.022513157	0.010936147	0.022513157	0.020545686	0.021450168	0.012005812	0.021450168	0.0011432933	0.021755695	0.011457952	0.0014414452	0.0009806878	8.5843334e-05	0.008247167	0.00125161	0.0015358303	0.0013352018	0.00080272096	0.0005539802	0.0004474971	0.00024317605	8.8854744e-05	0.000585919	0.0002900914	0.0007449058	0.0002819467	0.0003958991	0.0007792024	0.00027498664	0.0017226172	0.0015601685	0.00059435755	0.019995138	0.0005943848	0.00023866388	0.0021025643	-20.334373474121094
s03e17b	335.0	5.0	0.81682414	0.81682414	0.005381782	0.0120525425	0.00064984773	0.0044233752	0.0048971404	0.0067624804	0.0008064256	0.026379695	0.0061701704	0.0019608391	0.0084064845	0.0038324778	0.009753014	0.0010463658	0.0033870023	0.0007521051	0.00047255392	0.0023021947	0.11421031	0.11421031	0.0043250825	0.0019055506	0.0022045234	0.0037383758	0.02278628	0.0007907957	0.00032194995	0.00012837477	5.1477447e-05	0.0002358424	0.0009135547	0.00024450634	0.0002527753	0.010552743	0.008866828	0.010263723	0.0017137163	0.0032868516	0.010552743	0.0032868516	0.005022989	0.0102621345	0.03417676	0.003462581	0.0009917817	0.0005144327	0.0068610576	0.007436104	0.005700907	0.05559049	0.0019035881	0.057169963	0.0019485173	0.00104078	0.00019717618	0.0012041465	0.0011458391	0.0016908386	0.0016761618	0.0004891521	0.002057353	0.0012565085	0.017959539	0.065162905	0.002984782	0.0039837305	0.013704868	0.0026161028	0.065162905	-21.646873474121094
s03e17b	340.0	5.0	0.82109857	0.82109857	0.025686543	0.04067169	0.00062952755	0.005829442	0.019835262	0.00306128	0.005773348	0.019423416	0.00054738746	0.0005747347	0.0008193948	0.018389598	0.0014660269	0.0009491542	0.0039886036	0.0015658881	0.014356267	0.18727171	0.0061031855	0.0025743258	0.0015749602	0.0025141216	0.00054231007	0.0025141216	0.03634497	0.0071500666	0.0015534919	0.000905566	0.0004987895	0.00086237106	0.0031256243	0.00058130827	0.00031428153	0.0024185623	0.0016032312	0.0024185623	0.003962195	0.0014549937	0.0004956356	0.003962195	0.0023153245	0.0034815425	0.0031909642	0.00052419846	0.00066797686	0.00042781737	0.0017007386	0.0041488395	0.0009255604	0.01273504	0.0004791184	0.0015444123	0.00048239453	0.00083554554	0.00014944971	0.0011337947	0.0005863858	0.00086895167	0.00037205342	0.00027884674	0.0009812897	0.00037887946	0.0008859044	0.002747557	0.002115488	0.008150072	0.009185601	0.00038685644	0.043369103	-20.88852882385254
s03e17b	345.0	5.0	0.83143544	0.83143544	0.041495755	0.016202096	0.0005348468	0.0004430674	0.0011295301	0.00097619824	0.002098819	0.0015244975	0.001029013	0.00027252903	0.004185697	0.007703611	0.00097621407	0.00017487552	0.001007885	0.0007424686	0.0002724181	0.0019236717	0.007249066	0.005888757	0.0014562932	0.0051957327	0.0018040421	0.0051957327	0.043606214	0.008442113	0.0038065694	0.00094816496	0.00054522674	0.0013518622	0.0028687555	0.0011696607	0.00036449102	0.016158018	0.010527765	0.0048821615	0.0029133041	0.0073059066	0.001792133	0.0073059066	0.002811892	0.027204638	0.010969221	0.00033232817	0.00053108326	0.0009479423	0.0018396623	0.0019383186	0.003250144	0.0049781017	0.00036701967	0.0037996792	0.00084767473	0.008309619	0.0007314232	0.02082135	0.00058594864	0.0015566592	0.00077703607	0.0005456039	0.008261391	0.003976009	0.0014601474	0.0015624878	0.0021208823	0.007707768	0.0016193512	0.0009340362	0.011840226	-22.20888328552246
s03e17b	350.0	5.0	0.85984427	0.85984427	0.11196658	0.010502353	0.0010366071	0.004549177	0.1291112	0.0040921117	0.0011527532	0.001602105	0.0006885992	0.0003693251	0.0028378842	0.022905981	0.0031401273	0.00024068487	0.002200715	0.001066257	0.0035141138	0.0389573	0.0046881572	0.0037666052	0.0027340513	0.0069219405	0.0019986283	0.0069219405	0.0448026	0.0097555015	0.0058248565	0.00078703015	0.00026979973	0.00085691415	0.0037185259	0.00040383998	0.0002863666	0.004046947	0.004046947	0.0035875668	0.008297686	0.006652129	0.0011609613	0.008297686	0.0021856553	0.019289225	0.012854403	0.001155449	0.00046731508	0.0016185968	0.0026486018	0.003065742	0.003111164	0.010772792	0.0005783819	0.0012673205	0.00058851816	0.00772862	0.0009759993	0.002638918	0.0011358908	0.00087237294	0.00031345565	0.0005920553	0.003907239	0.0020378414	0.001961333	0.0022028324	0.0023235495	0.008082544	0.0035578893	0.00027591945	0.0076972893	-21.82115364074707
s03e17b	355.0	5.0	0.830278	0.830278	0.0076806014	0.0006487988	0.00033546973	0.0031753562	0.00042132783	0.0004413444	0.00081697246	0.022505905	0.0014786694	0.00017810497	0.0010355153	0.075161256	0.00020071173	8.4795516e-05	0.0013213087	0.000120726174	0.0028395148	0.042046096	0.045906335	0.0054596085	0.0011233612	0.001278707	0.0008447184	0.006740736	0.017904177	0.002057398	0.0008818939	0.00028129827	0.00012462829	0.00019741547	0.0015621389	0.00020178282	0.00016215014	0.009466651	0.0058924817	0.009466651	0.0040724427	0.0018737146	0.0020892902	0.0040724427	0.0334014	0.007518583	0.006385107	0.00031384765	0.0005252753	0.00029311507	0.0024720621	0.01150098	0.00079542864	0.10048176	0.00013188079	0.007940146	0.00033078407	0.000239921	0.00017560352	4.3142754e-05	9.351492e-05	0.0013857392	0.00042242452	0.00024390656	0.0024360942	0.0013326083	0.010969465	0.030502545	0.001596267	0.010654893	0.0005469144	0.0005798048	0.041309107	-21.970542907714844
s03e17b	360.0	5.0	0.7513858	0.7513858	0.03514218	0.025133535	0.0028596648	0.0112539055	0.027138313	0.008250959	0.01010059	0.013557022	0.0009714021	0.00059316034	0.0029183214	0.087911226	0.0024974975	0.00024909902	0.004915341	0.00036141602	0.033934977	0.12323246	0.005955982	0.0035483052	0.00081528013	0.0011248614	0.0011737702	0.0025792022	0.07321939	0.010515746	0.0031115115	0.00059430144	0.000374682	0.00068331935	0.0049256417	0.001520481	0.000767938	0.0015470493	0.0015470493	0.0013837854	0.0035754475	0.0012242001	0.0003079036	0.0035754475	0.003646046	0.010094307	0.0070792837	0.0010283892	0.0011086034	0.0008641697	0.0015274043	0.011075706	0.000776148	0.0074192407	0.0004373319	0.004131727	0.00088874355	0.0022729156	0.00016252908	0.000875117	0.0012770043	0.0013156834	0.00086442125	0.00025651805	0.0023147904	0.0012159073	0.0015300711	0.0042990246	0.0036215598	0.009438893	0.0029412517	0.00031138584	0.027791074	-20.208415985107425
s03e17b	365.0	5.0	0.7669462	0.7669462	0.03603609	0.007898521	0.00011921464	0.0020180976	0.066765204	0.0005878326	0.008151883	0.0043228855	0.0013042936	0.00019888804	0.004491855	0.004924132	0.0005343528	0.0011893422	0.003901636	0.00079794216	0.014564172	0.008577153	0.07602634	0.07602634	0.006253752	0.0039464263	0.0004000726	0.0039464263	0.040345017	0.013664532	0.004966252	0.0024569377	0.00069768325	0.0017428244	0.005329447	0.00026947403	0.00026331964	0.0024100626	0.0011977918	0.0024100626	0.0037735144	0.0011320971	0.001047001	0.0037735144	0.0010887458	0.0028097336	0.009396056	0.0025964526	0.0007773212	0.0005624697	0.01779842	0.0026886847	0.0026404846	0.038967073	0.00031911657	0.012707038	0.0007610916	0.0024780603	0.0007735954	0.00024911278	0.00037649125	0.0012547331	0.0001791311	0.00065711455	0.0034729159	0.0022685188	0.0021509307	0.012771627	0.0015164453	0.010638489	0.007794116	0.00041310003	0.014466877	-21.94442749023437
s03e17b	370.0	5.0	0.7786899	0.7786899	0.0049756267	0.23841693	0.00022647908	0.0004957346	0.0007347892	0.0011077847	0.002023939	0.010845987	0.00090851996	0.0003378414	0.00075317087	0.004007523	0.0016651032	0.0001683515	0.00057487877	0.0010279141	0.00014573078	0.0008799122	0.012245819	0.009232633	0.0016498679	0.006013937	0.004279647	0.006013937	0.16098337	0.0073414817	0.001386316	0.0010759537	0.0008981713	0.0010755735	0.0023823744	0.0018176949	0.0010925375	0.011024051	0.0028125301	0.011024051	0.0059828814	0.0029165791	0.0032099034	0.0059828814	0.002170462	0.010800125	0.015425625	0.0004983529	0.00034106444	0.001964207	0.0034423035	0.0013240965	0.002909546	0.00084790663	0.0017478799	0.0014322475	0.0008577237	0.007944282	0.0023316492	0.03077676	6.513466e-05	0.0013342605	0.0016440268	0.0002582215	0.0071698655	0.0010014828	0.00086848397	0.0005756458	0.0009959395	0.0090756025	0.0011534761	0.0003657221	0.0071698655	-23.73646545410156
s03e17b	375.0	5.0	0.7076974	0.7076974	0.014107384	0.0028495288	0.00030981787	0.0003426042	0.0007092823	0.00027499162	0.001993092	0.0006926829	0.00075888843	0.00035332827	0.0020447108	0.010304598	0.00058003643	0.00017281658	0.0005510353	0.00041184257	0.00022460561	0.0012500148	0.011710237	0.006383017	0.011710237	0.002955291	0.0025771116	0.0031884264	0.048661426	0.007637626	0.0048110653	0.00085826125	0.00061626255	0.0008002937	0.007837532	0.0008923235	0.00032033646	0.067215145	0.024072377	0.067215145	0.013724572	0.01912469	0.014106271	0.01912469	0.014716164	0.038397882	0.009061308	0.00045736475	0.0007057115	0.00053153775	0.004652442	0.005073982	0.0016951067	0.0076263505	0.00038505153	0.0023988364	0.0038166742	0.0046810736	0.00026705014	0.0016042466	0.0010540617	0.0007851948	0.0008166412	0.00062358024	0.003525654	0.003453796	0.0018802305	0.0018177519	0.0039578653	0.019284084	0.0012998476	0.0007418448	0.03474303	-24.299365997314453
s03e17b	380.0	5.0	0.8874821	0.8874821	0.022720018	0.09474271	0.0009790354	0.00048016405	0.0050222646	0.00041362038	0.0006136906	0.011086245	0.00023726241	0.00018324738	0.0046967804	0.014181309	0.0024736866	0.0003318071	0.00135133	0.00021323451	0.00030488177	0.0021608132	0.027401272	0.016500149	0.001590779	0.007550789	0.0067372057	0.014532088	0.11103666	0.0051592905	0.0017578739	0.0007675908	0.00016614363	0.001130003	0.0012224825	0.00016089968	0.000439164	0.0072699287	0.0013218462	0.0072699287	0.0017737689	0.0011519908	0.0009932475	0.0017737689	0.002499791	0.004534039	0.003235711	0.00021807483	0.00013270984	0.0003401531	0.0024365485	0.0030543983	0.0014504312	0.0060561127	0.0013050839	0.0031785094	0.0015374325	0.0023750656	0.0008443519	0.13384393	0.00050362066	0.00032377584	0.00077177666	0.00017704639	0.0060594487	0.0014819411	0.00063879066	0.0013296619	0.0014416291	0.020109404	0.0039147716	0.00011000729	0.0075245984	-25.836408615112305
s03e17b	385.0	5.0	0.80184245	0.80184245	0.020111933	0.020813983	0.00036607895	0.0018546741	0.0914408	0.0009480078	0.0008665696	0.004743957	0.00024470597	0.00054362067	0.002885575	0.010052436	0.0014777755	0.0022114739	0.00097326085	0.0006622883	0.0033335104	0.048133712	0.01923559	0.012167682	0.0031334236	0.0154206995	0.0080697015	0.0154206995	0.07438681	0.0045597567	0.0017552024	0.0006879528	0.00032318928	0.0007116934	0.00225228	0.00051978155	0.00034825946	0.020640912	0.01611778	0.020640912	0.01836613	0.022418318	0.00438227	0.022418318	0.011031859	0.023595005	0.014208867	0.0049482607	0.0019073534	0.0009575503	0.0077801687	0.0060795676	0.0031727976	0.004582104	0.0002627253	0.0011224273	0.0012697998	0.0054744747	0.00036258315	0.012897153	0.00067440677	0.0016326195	0.00046953227	0.00072403456	0.0013071818	0.00064467004	0.0068686972	0.00464944	0.0021266828	0.010336954	0.0024396426	0.00016324602	0.016818479	-27.824535369873047
s03e17b	390.0	5.0	0.87690425	0.87690425	0.09691654	0.097304456	0.0005455792	0.005987713	0.08390941	0.0030344203	0.0031846913	0.003117189	0.0002078599	0.00024111805	0.0014239725	0.008233321	0.0034205413	0.00043671907	0.0010619021	0.00030000537	0.0029444627	0.12148077	0.004446412	0.004446412	0.0022283348	0.002994128	0.00060837856	0.0036470403	0.028987078	0.0043876115	0.0016391083	0.000833683	0.00036980072	0.000714061	0.00223225	0.0005619499	0.00033358554	0.0045253867	0.00092762045	0.0032993036	0.001477376	0.0008589644	0.000988734	0.001477376	0.0023259204	0.0025567915	0.0054072486	0.00096149364	0.00055483385	0.0010268242	0.002001258	0.0018808945	0.0025934721	0.008771195	0.0008025817	0.0020809716	0.0009687127	0.0036005788	0.0009730913	0.0108956145	0.00065677456	0.00087579846	0.0011608065	0.00025369253	0.0031752852	0.0022769037	0.0012898657	0.0009507395	0.0022150646	0.016154215	0.006787887	0.00036480007	0.011792443	-21.3883056640625
s03e17b	395.0	5.0	0.75640374	0.75640374	0.013242429	0.041147348	0.00041643952	0.0021146708	0.06664793	0.0012287924	0.0021611566	0.010926454	0.0009491873	0.0007396385	0.0018553725	0.008399225	0.0027159979	0.0031635722	0.002135897	0.00147648	0.013313304	0.015542918	0.010541681	0.010093864	0.0022173526	0.011010596	0.0021951662	0.011010596	0.11188195	0.008697075	0.0026668515	0.0010901173	0.0006837653	0.0009977933	0.003922462	0.0004915047	0.0009445323	0.0072244965	0.002331524	0.0072244965	0.011766615	0.0035957647	0.0023793865	0.011766615	0.0008434705	0.0070346515	0.013918018	0.001572341	0.0017567839	0.0017738077	0.010672314	0.002039943	0.0020890604	0.004214391	0.00046640149	0.0015698726	0.0007121253	0.00322439	0.0012828825	0.003500631	0.0006717799	0.0024754498	0.0025303229	0.00033162683	0.0013131566	0.0007941236	0.0013342687	0.0021135441	0.00087099586	0.012463965	0.0015571498	0.00040402563	0.0038600655	-22.033775329589844
s03e17b	400.0	5.0	0.86004704	0.86004704	0.02859219	0.022554496	0.00065762573	0.001801473	0.057510182	0.0017407524	0.001663883	0.008085278	0.00045916977	0.00047530915	0.0018845246	0.004934423	0.0037774749	0.0012081342	0.000888691	0.00061497756	0.0006507117	0.12257849	0.010482085	0.003957809	0.004275859	0.0039019478	0.0030101847	0.005829552	0.09393174	0.011800569	0.0063213487	0.0013758418	0.0008008056	0.002075485	0.003271838	0.0005308064	0.00066002173	0.0074956776	0.0069051394	0.0074956776	0.012008528	0.00884134	0.0018214873	0.012008528	0.003823601	0.019358387	0.011868753	0.0017299223	0.0007540061	0.0008932332	0.0018642179	0.004396467	0.0031051415	0.0024384034	0.0008054233	0.0009411904	0.0005017208	0.0052221613	0.00063689647	0.01372512	0.00077827735	0.0007745204	0.0012854211	0.00029255333	0.0027586662	0.0011407901	0.0008817199	0.0019488661	0.0036714415	0.0062785572	0.0037957372	0.00033251234	0.0037957372	-22.546676635742188
s03e17b	405.0	5.0	0.9044175	0.9044175	0.04920469	0.21471162	0.002155776	0.0023095335	0.080533914	0.0059734713	0.0035194245	0.025645077	0.0005466859	0.0007686404	0.0019188081	0.00834266	0.0029887622	0.0009165398	0.0016957629	0.00033412594	0.001887678	0.028966598	0.008425263	0.008425263	0.001733584	0.004760994	0.0028954616	0.0048132027	0.043335088	0.0057838373	0.001903013	0.001490583	0.0006496038	0.0014422305	0.003074962	0.0005101028	0.0005090041	0.003818838	0.001759641	0.0025882083	0.008891906	0.0020861032	0.0006213854	0.008891906	0.0025232476	0.0072299805	0.007044667	0.0005348845	0.000832958	0.0016153305	0.0017174524	0.0034676357	0.0019815066	0.0033127058	0.0019060349	0.0018880249	0.00066102203	0.0036757574	0.00073138485	0.029124998	0.0006882354	0.0012883935	0.0019039495	0.0003013116	0.0026297146	0.0010336654	0.0008549763	0.0020365801	0.0030397708	0.005388862	0.0066770576	0.0021720054	0.0066770576	-22.018415451049805
s03e17b	410.0	5.0	0.626712	0.626712	0.027653117	0.15763639	0.0060210214	0.007497874	0.07042906	0.020325564	0.0026065079	0.011638566	0.008134006	0.0017328225	0.009409536	0.001387302	0.00043584322	0.0006292438	0.0012665048	0.0016542367	0.00254412	0.0054099346	0.00545921	0.0009844885	0.0009148403	0.0030354362	0.0015388342	0.007245899	0.023043666	0.0024607938	0.00076646736	0.0010851822	0.00022873381	0.0007106602	0.0009817993	0.00036127408	0.000354962	0.0070729344	0.002490995	0.003069837	0.0014009998	0.0022878686	0.0016183024	0.0022878686	0.001885961	0.0028200422	0.016496342	0.0013684623	0.00041889888	0.0012728373	0.0036750694	0.0021753511	0.0019115246	0.003359154	0.00018868859	0.0007276609	0.0004461354	0.014194081	0.002526757	0.0028385294	0.00035337676	0.00093188894	0.0035623026	0.00032969037	0.0018063929	0.0004392909	0.00092480046	0.002917826	0.0006205084	0.0012126479	0.0019801445	0.00039002995	0.0047226483	-22.092878341674805
s03e17b	415.0	5.0	0.8194804	0.8194804	0.060708843	0.007825779	0.0003145774	0.002363467	0.04360769	0.00045205312	0.0036273957	0.0017713576	0.00047362628	0.00052886084	0.0027664723	0.012942902	0.0010339057	0.00038926213	0.0040957704	0.0006477284	0.0047928076	0.033110425	0.021647954	0.0059206737	0.0026135808	0.010981379	0.0008072605	0.010981379	0.053184282	0.012169621	0.006035476	0.00177056	0.0006069801	0.0014720578	0.006899128	0.00029895408	0.00033024905	0.008165018	0.008165018	0.00622867	0.0143272905	0.008278231	0.0022020736	0.0143272905	0.0034469457	0.018764772	0.006666657	0.0011036594	0.00054195477	0.0009168455	0.0075398153	0.003302573	0.0026535995	0.020303661	0.00023184993	0.0037355889	0.0046506096	0.0041335793	0.0008915747	0.00253795	0.0017764542	0.001488697	0.0003344574	0.0003747788	0.0050449185	0.004191196	0.0020208538	0.0037112779	0.0025646323	0.017478332	0.008163458	0.0002000642	0.028765239	-22.717830657958984
s03e17b	420.0	5.0	0.80993986	0.80993986	0.016363604	0.009962671	0.00040192946	0.00065480766	0.0362889	0.0006746877	0.00046138148	0.0013949136	0.0003749169	0.00013887734	0.0027494624	0.041309815	0.0017177975	0.00019326605	0.0008521135	0.0005598409	0.0010254942	0.0053591514	0.09008236	0.003406565	0.0009787276	0.0037342475	0.0008298402	0.0045447266	0.029051341	0.003411921	0.0010219071	0.0007222948	0.00031668588	0.0005205711	0.0009663265	0.00013119608	0.00020515689	0.024748093	0.014608515	0.024748093	0.009865127	0.014497577	0.004233736	0.014497577	0.005740397	0.016973801	0.02061074	0.0010797653	0.00030239797	0.0005572567	0.0022047712	0.0046457914	0.0026750432	0.012414884	0.00024103529	0.0020332711	0.0005128789	0.002055131	0.0011223727	0.05168841	0.0009374245	0.00060091313	0.00040141484	0.00018061601	0.004588381	0.0022333676	0.0011681654	0.0017979505	0.0015637886	0.00984068	0.0012555639	0.00020207973	0.010349289	-22.39490127563477
s03e17b	425.0	5.0	0.82429713	0.82429713	0.025733257	0.033660837	0.00047476578	0.0017807954	0.013868486	0.0008157487	0.0023897646	0.013466007	0.0009630577	0.00035486827	0.0026054678	0.018318988	0.0006335742	0.0005773709	0.0022540533	0.0004564123	0.003157785	0.012520508	0.019573094	0.008241155	0.0029254893	0.0042527085	0.002675612	0.0042527085	0.04230232	0.0064237737	0.0021123034	0.001288329	0.0006825328	0.0009999413	0.006242694	0.00038961074	0.00029067585	0.006465098	0.0040121754	0.006465098	0.0041209105	0.0041909073	0.002179408	0.0041909073	0.002296406	0.006441053	0.007426211	0.00072285905	0.0010032797	0.0005655085	0.006999582	0.0031622523	0.0013694963	0.018230798	0.000520456	0.0033781629	0.0007934709	0.0013797652	0.00048142642	0.009084191	0.0006418649	0.0012162433	0.0021659073	0.00028586684	0.002771565	0.0013770845	0.0032452075	0.0042250846	0.0013759631	0.007466521	0.0058226283	0.00055404275	0.02986342	-22.326642990112305
s03e17b	430.0	5.0	0.8368609	0.8368609	0.0071136784	0.059369955	0.0007795195	0.0007741392	0.0026673677	0.0008237075	0.0017308762	0.024537819	0.00033713772	0.00018730154	0.0027897432	0.033126764	0.000678732	0.00027463635	0.002841149	0.00071295677	0.00023649882	0.0026003295	0.01829349	0.008059422	0.001800638	0.0054639396	0.0015930497	0.0054639396	0.10155664	0.004674389	0.0011963004	0.0006804042	0.00054307794	0.0008450288	0.0018562496	0.00025788986	0.00048038148	0.014277638	0.0028405625	0.009071341	0.0022111645	0.0014074268	0.0013722518	0.0022111645	0.0062217405	0.0024134389	0.0027926406	0.00022735445	0.00032990667	0.0004934916	0.0010701071	0.003075405	0.0009924457	0.013028551	0.00063867593	0.01615335	0.001376161	0.0018407439	0.0010403785	0.028278047	0.00029363335	0.0009839943	0.0010007151	0.00012180306	0.0028416475	0.0012517406	0.001824315	0.0043411786	0.0016826487	0.021322718	0.008327296	0.00026570942	0.027219722	-23.2418155670166
s03e17b	435.0	5.0	0.8564954	0.8564954	0.07841017	0.033701602	0.00050255295	0.0066186716	0.1100722	0.005599024	0.004470387	0.01039287	0.0005390214	0.00042420975	0.0010740039	0.05063474	0.00138553	0.0015727205	0.011454248	0.0008000497	0.060863156	0.052425608	0.006966912	0.006966912	0.0008139869	0.010690127	0.0022866249	0.010690127	0.028374327	0.007330589	0.0041651367	0.0013825537	0.00065856153	0.0012212279	0.00358733	0.0006838382	0.0005559789	0.001560968	0.001304775	0.001560968	0.0040910486	0.0014675055	0.0003812292	0.0040910486	0.001141657	0.0044827205	0.0037199748	0.0005701276	0.00088603195	0.00074555987	0.0021383415	0.0038094348	0.00045609282	0.022817388	0.0013902772	0.002255085	0.00041408688	0.0011147392	0.00024049448	0.0024641766	0.00058971584	0.00083524897	0.0008363389	0.00010707007	0.002155891	0.00033591248	0.00095337286	0.0042498787	0.00051160937	0.008943701	0.007338171	0.0004688167	0.04253097	-20.23719596862793
s03e17b	440.0	5.0	0.86646515	0.86646515	0.014184264	0.10809931	0.0007142502	0.00071253866	0.0048136367	0.0015728126	0.0028149583	0.0035362153	0.00043928938	0.00030885823	0.0018419183	0.0013216044	0.0009988752	0.00017999297	0.00060077396	0.00035842124	0.00011108049	0.0009999784	0.007382167	0.007382167	0.0011690335	0.0017271577	0.003113302	0.006459351	0.096711956	0.008246656	0.003093935	0.00096251786	0.0006749491	0.0010525354	0.0024796359	0.00055976666	0.00049424625	0.0021912449	0.0009065303	0.0016345342	0.001441404	0.0007794727	0.0004541516	0.001441404	0.0005896408	0.0032891612	0.0037939437	0.00017060693	0.00019826794	0.0005764582	0.0011073595	0.00057510514	0.0012287094	0.0017659612	0.0017511158	0.00088696706	0.0019709226	0.034558237	0.0019490905	0.15798645	0.00031637776	0.0014172196	0.006069301	0.00019261298	0.0064918515	0.0025216783	0.00032735078	0.0005458091	0.0008121507	0.0052880663	0.0018585834	0.00022510321	0.007436745	-21.29014778137207
s03e17b	445.0	5.0	0.8384225	0.8384225	0.06697528	0.009737953	0.00014299019	0.0014190091	0.0012179055	0.0012423611	0.001070234	0.0017601454	0.0031985235	0.00038205183	0.00071773696	0.039752256	0.0022411582	0.00033719413	0.00035211202	0.001473976	0.00031556535	0.0032121697	0.024403375	0.0040987143	0.0034099582	0.0011834004	0.002135531	0.0036877233	0.04735075	0.0024463837	0.0006028452	0.00050959474	0.0003246636	0.00038663117	0.001093907	0.00035255673	0.00025136408	0.08318224	0.021242265	0.032021686	0.0057539092	0.009857281	0.006776317	0.009857281	0.004903665	0.009829531	0.0053830533	0.00040387848	0.0003780226	0.0005836889	0.0014742883	0.0018742854	0.0003740118	0.0036145689	0.00067200017	0.0031960374	0.00029989443	0.0038962695	6.1670304e-05	0.004261886	0.00015290402	0.0014919065	0.001506675	0.0003306107	0.0016741108	0.00040379688	0.0018965193	0.0028495966	0.00046827248	0.02005808	0.0043335054	0.00056918996	0.007663365	-25.74700164794922
s03e17b	450.0	5.0	0.86614424	0.86614424	0.06487863	0.084457904	0.0006281758	0.0041650888	0.23948139	0.0061145746	0.0017499144	0.003719298	0.00052338466	0.0005107684	0.001969339	0.0039602965	0.001485873	0.001025229	0.0039136745	0.0011336424	0.013073652	0.014227267	0.009551943	0.0018690395	0.0015460956	0.0016409296	0.0004128855	0.0020121203	0.022147961	0.0031684272	0.0012538759	0.001674196	0.0004426999	0.001176979	0.0014891195	0.00024500105	0.00019297677	0.03101298	0.005201321	0.03101298	0.012018194	0.007674091	0.0057898373	0.012018194	0.0028928553	0.0046768924	0.010178253	0.0023488197	0.0008028689	0.00062613154	0.011476119	0.001574167	0.0034520256	0.008261019	0.00034895656	0.0033384424	0.0014824161	0.002223861	0.0007207068	0.00084270653	0.0004360967	0.004491972	0.0005331036	0.0005290222	0.0010619218	0.00044264505	0.0017381359	0.0052435054	0.0013177997	0.0047782874	0.0044595688	0.00036800484	0.012722673	-21.352577209472656
s03e17b	455.0	5.0	0.88975424	0.88975424	0.022033665	0.040111	0.00026111017	0.0017068133	0.0030415056	0.003045858	0.0013292409	0.0053986623	0.001839103	0.00086594874	0.0076113385	0.018265082	0.0009489178	0.0005506977	0.000701558	0.002921745	0.00044393304	0.004433317	0.012225453	0.010269373	0.002736976	0.0020041964	0.0012691722	0.0037648452	0.08610803	0.004407786	0.0012974797	0.00050894835	0.00018934965	0.0006981292	0.001463358	0.0011935289	0.00029011327	0.02987979	0.005166616	0.008241619	0.006277361	0.0035874643	0.0009591605	0.006277361	0.001154345	0.0062679686	0.0035943848	0.0001419416	0.00025919185	0.00037726728	0.0018037698	0.002316998	0.000910987	0.0037017723	0.00065829046	0.0045158938	0.00037744085	0.0026425726	0.00025436754	0.00973844	8.5180305e-05	0.00059358054	0.00072610687	0.0004480279	0.0016604735	0.0006873603	0.0003046929	0.0016829794	0.0006926575	0.024836484	0.003083559	0.00047379828	0.011344004	-22.71194076538086
s03e17b	460.0	5.0	0.8377875	0.8377875	0.10134447	0.03089974	0.00031857152	0.005428372	0.023778403	0.0036216683	0.0028911945	0.0024748354	0.001002129	0.00045848484	0.013347661	0.007310971	0.0017226024	0.0015584847	0.0013571525	0.00028142246	0.0018155419	0.01618473	0.01552947	0.010725728	0.0027376318	0.00079666206	0.00062868994	0.0017575728	0.018154683	0.004519975	0.0018241482	0.00062313676	0.00030814763	0.00048054272	0.0009533492	0.00042501363	0.0002931802	0.011680204	0.0030888491	0.0032171342	0.0073295543	0.002988562	0.00069888047	0.0073295543	0.0014747587	0.005031762	0.012899522	0.0010508588	0.0008589444	0.001219676	0.0020432014	0.0054480988	0.0016638775	0.007385872	0.00043083666	0.0059118476	0.00048503286	0.0027158984	0.00024938988	0.0031066108	0.0006994415	0.0012150864	0.0009999436	0.00024639326	0.0023824107	0.0005067743	0.00095403614	0.0016286079	0.0023602636	0.0044074655	0.008073573	0.0020460451	0.008073573	-24.30007743835449
s03e17b	465.0	5.0	0.7761601	0.7761601	0.0077814264	0.08406923	0.00019240977	0.0010923716	0.0151936	0.00068920944	0.0013790953	0.009819099	0.0009836794	0.0003198866	0.0018835105	0.0071041533	0.002330107	0.00093913375	0.0016006717	0.0011811412	0.0021939478	0.0066989786	0.011815264	0.011815264	0.0022986052	0.0021414	0.0017230142	0.0021414	0.06875812	0.007490724	0.0030439314	0.0016049356	0.00045681468	0.000984602	0.0025754746	0.00058725127	0.00034148688	0.006350231	0.004022986	0.006350231	0.008296332	0.007600735	0.0025608465	0.00879322	0.001275627	0.009627176	0.020995358	0.004885911	0.0031063566	0.0008854934	0.053566687	0.0027850592	0.005507378	0.007865535	0.00044160197	0.0018113202	0.0012230183	0.0028654167	0.0027939235	0.0133726075	0.0007385274	0.0010732326	0.0014311444	0.0010112937	0.004025746	0.0017040037	0.0016120349	0.0019044336	0.0017069449	0.012305718	0.0019448837	0.00020338624	0.021970281	-21.60789680480957
s03e17b	470.0	5.0	0.82900715	0.82900715	0.011410242	0.031524595	0.00032624567	0.0006711604	0.0011783554	0.0013450972	0.0010468239	0.00407638	0.00033112895	0.00012728386	0.0102697415	0.025643827	0.0017187578	0.0010615956	0.002084963	0.0027464596	0.0001619275	0.0012760679	0.010620607	0.0035824536	0.0022128378	0.0020972935	0.0008154457	0.0020972935	0.025092833	0.0028953871	0.0008302179	0.0007121663	0.00017058561	0.00077345275	0.0015466448	0.00032861464	0.00013994225	0.014685139	0.005293856	0.0035419515	0.000684688	0.0034900215	0.0024903517	0.0034900215	0.0031558042	0.0058085346	0.009275832	0.0003618756	0.00023170387	0.0006135877	0.0022389381	0.0018104609	0.0015241941	0.010270643	0.000596247	0.0039229575	0.0007999255	0.0007910633	0.0012616911	0.09362371	0.00024143643	0.0012374547	0.0018049584	0.0001722983	0.0038959326	0.0029681525	0.002727989	0.0019491443	0.0011041721	0.022383107	0.001471652	0.0008946808	0.010393178	-24.089046478271484
s03e17b	475.0	5.0	0.86030483	0.86030483	0.10434686	0.01420245	0.00014012479	0.0032484545	0.14836158	0.0014936904	0.002236992	0.0013092078	0.00019618153	0.00036928937	0.00096128526	0.0043229517	0.001976156	0.00073584943	0.0016531763	0.0016855523	0.0037421538	0.30626124	0.0054257493	0.0011520139	0.0023410288	0.00073113467	0.0002732643	0.0020326104	0.07351138	0.008126876	0.00282543	0.0007695984	0.00041379174	0.0009101948	0.0030628575	0.00053193513	0.00069102267	0.0028337569	0.0028337569	0.0012815471	0.007141829	0.0059569166	0.0005424556	0.007141829	0.0009231543	0.017204778	0.00795835	0.0010899673	0.0005239382	0.00039333836	0.0023377067	0.0014683708	0.0022887755	0.0062667746	0.00020415739	0.0008777509	0.0009783985	0.0031990071	0.00019764337	0.0003602272	0.00049018476	0.0024974998	0.00047350844	0.00026290273	0.0012308529	0.00031931954	0.00085804326	0.0034384455	0.000729398	0.004386566	0.0025269769	0.0002546262	0.008231635	-21.13301467895508
s03e17b	480.0	5.0	0.91175735	0.91175735	0.021489467	0.011041596	0.00058331626	0.006153287	0.03137716	0.007243214	0.0028376547	0.00483961	0.00058080984	0.0006376809	0.0009017234	0.056302793	0.0013972376	0.000110302884	0.0008690924	0.0010562782	0.0021931233	0.4351667	0.012916108	0.0049848375	0.0014833728	0.0013170168	0.001323848	0.001323848	0.1047188	0.0049237767	0.0015673768	0.0004963396	0.0004818527	0.0007063568	0.0044170422	0.0007201909	0.0008083366	0.0025464126	0.0021883524	0.00070783554	0.0031120528	0.0020262105	0.0003170883	0.0031120528	0.0022082417	0.02896759	0.00827838	0.0004058395	0.00050915335	0.0005805198	0.0009484596	0.0024844124	0.0013024601	0.0057698563	0.0007963888	0.0013946001	0.000668066	0.0015735106	7.4942e-05	0.0007121422	0.00035377976	0.00070013804	0.00076599856	0.00028702753	0.0013657003	0.00043955204	0.005109008	0.0020605882	0.00039000576	0.005698716	0.00068160164	0.000370331	0.012587046	-20.07524681091309
s03e17b	485.0	5.0	0.66772795	0.66772795	0.013865852	0.0058100745	0.00048477072	0.003532187	0.13263495	0.0009884754	0.0027919884	0.0068966364	8.525328e-05	0.00085196644	0.0015888105	0.007435717	0.0014381908	0.0016869169	0.001629703	0.00044939964	0.01180745	0.3489897	0.008841536	0.008841536	0.0020925077	0.009611921	0.0014275564	0.009611921	0.07485044	0.017228529	0.0063515273	0.0013068183	0.0008252756	0.0017159096	0.0044507305	0.00120224	0.00062946725	0.0018419964	0.0018419964	0.000760779	0.003392734	0.0026888559	0.00049404416	0.003392734	0.001070614	0.00870491	0.0045068115	0.0010779862	0.0011563953	0.0016386807	0.014684739	0.0016279272	0.0018332037	0.0019276958	0.00013282239	0.00031488255	0.0007976784	0.0006754076	4.783157e-05	0.0002862091	0.00051433925	0.0016498467	0.00036382914	0.0005752027	0.0013200074	0.000290204	0.0022187268	0.0013732067	0.0007127835	0.0042262943	0.00063781184	0.00034496564	0.0032688736	-19.955554962158203
s03e17b	490.0	5.0	0.7828508	0.7828508	0.019881703	0.00955609	0.000922791	0.0070919814	0.0043360307	0.0016456203	0.0014471792	0.047665387	0.00021514052	0.00038469105	0.00092452567	0.31966195	0.000773379	0.00022111891	0.011393826	0.00025373293	0.08055474	0.4215034	0.005500607	0.004246671	0.00067605224	0.00037348876	0.0005206736	0.0011673232	0.039319586	0.0076797437	0.0032715749	0.00034639853	0.00018771435	0.00047108455	0.0031741022	0.0005115221	0.0004073049	0.0017729299	0.0017729299	0.0011772705	0.003095967	0.0010591854	0.0004248196	0.003095967	0.0028846008	0.01032286	0.0034195534	0.00028797894	0.0002129576	0.00021001199	0.0015523429	0.004356657	0.00095756754	0.0017930877	8.591679e-05	0.0033164266	0.0006051242	8.322942e-05	3.9166793e-05	0.00013603336	0.00040058207	0.000532813	0.0006434467	8.1146034e-05	0.0013785529	0.0002134821	0.01767079	0.0024408696	0.00047617193	0.00456019	0.00037481188	0.0007241367	0.01767079	-18.798826217651367
s03e17b	495.0	5.0	0.8616694	0.8616694	0.030695487	0.015688319	0.00011673375	0.0032942146	0.110620975	0.0005851469	0.003941618	0.005198262	7.18628e-05	0.0002835466	0.00029233503	0.009921058	0.00046272948	0.0009300661	0.01897951	0.00075807096	0.028418992	0.12038079	0.012426243	0.0008548138	0.0006631795	0.0011871816	0.00033673216	0.0011871816	0.03967162	0.0070556155	0.005303225	0.00057456485	0.00032073434	0.00046427324	0.004825026	0.00027892145	0.0003301162	0.0009359185	0.0009359185	0.0008209946	0.0012879395	0.0009302749	0.00017168003	0.0012879395	0.00068964704	0.003934398	0.013970771	0.00065476686	0.0006028417	0.00032468588	0.003346932	0.0026974767	0.0020851565	0.0065461327	0.000291725	0.006482518	0.0007844903	0.0004884099	8.7855246e-05	0.0001921205	0.00019272705	0.0020841379	0.0002609021	0.00017599073	0.0005990843	0.00038788505	0.0013889836	0.002625014	0.00027176412	0.002913375	0.0006496115	0.00036602924	0.0180482	-20.79938507080078
s03e17b	500.0	5.0	0.86885077	0.86885077	0.022403838	0.11817412	0.00047987275	0.0071479413	0.1502172	0.00791805	0.004428517	0.008113426	0.00025380673	0.00043503815	0.0036433912	0.0054646186	0.0040680775	0.0009152958	0.0021489502	0.00067760935	0.0019337641	0.25695422	0.0074241934	0.0040147104	0.004210429	0.007691348	0.0017594644	0.007691348	0.07127582	0.008566803	0.0028675701	0.0009460552	0.0006543498	0.0010877262	0.0024595628	0.0007617714	0.00069746556	0.004803056	0.0011611019	0.004803056	0.0088727055	0.0018039441	0.0009327826	0.0088727055	0.0032035217	0.0047795027	0.006306901	0.0007661771	0.0009358133	0.0016952293	0.001348099	0.002350435	0.0031085578	0.004248083	0.00055356085	0.0019761596	0.0027096276	0.0055986946	0.0017673385	0.015056886	0.0009022682	0.0008745768	0.00049683946	0.00032210714	0.0056219185	0.0012279606	0.00089730986	0.003975339	0.0053599672	0.016061392	0.0038028536	0.00035428483	0.013162823	-25.264137268066406
s03e17b	505.0	5.0	0.802263	0.802263	0.0021047345	0.039885484	0.0046850587	0.00044690436	0.001455708	0.0008522945	0.0013510109	0.057004858	0.00040942107	0.00023481276	0.0021768007	0.024186363	0.0024155246	0.00044567382	0.0018931347	0.0005321238	0.00019652469	0.00030662902	0.06002412	0.017693907	0.009403702	0.0024570182	0.003874649	0.003874649	0.0882731	0.006603684	0.0021541642	0.0013453003	0.0010475268	0.0011166481	0.002234607	0.00036460222	0.00041225032	0.033003308	0.0031997978	0.033003308	0.0036628381	0.0008704673	0.0037336869	0.0036628381	0.007344018	0.0034713917	0.001476743	5.0870567e-05	0.00014148986	0.0003254895	0.000797344	0.0025650738	0.00038384943	0.0016095343	0.00080458715	0.002798383	0.0005583929	0.0011133607	0.0008313792	0.010682555	6.5008084e-05	0.00042418062	0.00079034443	9.784128e-05	0.0010733033	0.00020141127	0.001657414	0.0024300828	0.0006127128	0.005810909	0.0011306889	0.00033376177	0.011064676	-22.342836380004883
s03e17b	510.0	5.0	0.8535457	0.8535457	0.012851741	0.335454	0.0004714666	0.0006725781	0.0010634855	0.0032707015	0.0042873165	0.053008813	0.00023726466	0.00017341082	0.0012716334	0.0043463586	0.000640624	0.000241652	0.003972653	0.0005561286	0.00020075211	0.0012170451	0.008168949	0.003356564	0.0017112405	0.002392885	0.0026193797	0.003107853	0.041610885	0.0036122955	0.0012931617	0.0010007179	0.0006713687	0.0008345433	0.0012581701	0.0009257332	0.00054323167	0.0077324314	0.0024730654	0.006120139	0.0038630166	0.0021563002	0.0015380497	0.0038630166	0.0017984727	0.004834315	0.008888318	0.00031944746	0.00029304827	0.0009608192	0.0017508292	0.0012318509	0.00096627633	0.0013557677	0.0009911002	0.0012713554	0.00040573697	0.004043351	0.0011671487	0.010952979	0.00011791077	0.00078942167	0.0026348373	0.00019306566	0.0017606968	0.0004500015	0.00036315894	0.0002797828	0.0005917368	0.0051862183	0.0005662485	0.0014953384	0.0039768475	-22.221141815185547
s03e17b	515.0	5.0	0.8651459	0.8651459	0.030779205	0.27689263	0.00083277904	0.0006523762	0.0014962101	0.0030174819	0.0035658705	0.060971398	0.0005615949	0.00033275998	0.0034427748	0.0058361664	0.0013085845	0.00069650967	0.005651298	0.001012575	0.00022086037	0.0032069723	0.0106703965	0.005331876	0.0021870867	0.004664005	0.0056482577	0.0056482577	0.028787125	0.0034450428	0.0009844078	0.0009020478	0.0007587561	0.000977955	0.0018852315	0.001302661	0.000637003	0.01938564	0.005533136	0.0077806246	0.007672639	0.0067741675	0.0022850523	0.007672639	0.0034361684	0.008098007	0.010896703	0.0006598671	0.0005515219	0.00066380674	0.0037810295	0.0017397476	0.0016862232	0.003148717	0.0009424445	0.003581776	0.0007045127	0.006204705	0.0012892399	0.0154558895	0.00034764677	0.0009689835	0.0074515566	0.00047339156	0.007966026	0.0012353938	0.000977864	0.0004387144	0.0022109426	0.009688207	0.001808548	0.0017769252	0.007966026	-21.90631103515625
s03e17b	520.0	5.0	0.89328355	0.89328355	0.00757765	0.17158188	0.0006113071	0.0005337824	0.0008680232	0.0019747221	0.002995307	0.12697893	0.0002134479	0.00014086966	0.0017940728	0.003471591	0.00066754594	0.0010273884	0.0047701513	0.00027799545	0.00011136153	0.0006709724	0.007845308	0.0058512227	0.0020579032	0.0012197213	0.0039464487	0.0039464487	0.029671418	0.0022961765	0.000885488	0.00082567637	0.0005499979	0.000762864	0.0011130071	0.0013581293	0.000559827	0.0067872056	0.002333661	0.0051843296	0.0035600148	0.001515805	0.0011614758	0.0035600148	0.0020349554	0.0027803748	0.008248559	0.0003408873	0.00028247325	0.0008309749	0.0011826009	0.0013581293	0.0007970546	0.0012909448	0.0011654178	0.0011283999	0.00040579887	0.0020515567	0.0008178557	0.01272904	0.00015012243	0.00071409566	0.0026480854	7.665362e-05	0.0010724212	0.00023270701	0.0003216738	0.0002998744	0.000785697	0.0033659008	0.0010045599	0.001003939	0.0027361691	-22.95005416870117
s03e17b	525.0	5.0	0.86135465	0.86135465	0.016232237	0.09643687	0.0014910684	0.0006104547	0.0011382792	0.0026336722	0.004241964	0.018985832	0.00030909595	0.00038852738	0.005798281	0.0071664723	0.00074314	0.00081903883	0.002154119	0.0001347551	0.00016860999	0.0016715442	0.012987074	0.012987074	0.011628549	0.0021021832	0.0019255696	0.0021021832	0.0143666025	0.0036026118	0.0011187232	0.0011228658	0.0006302858	0.00080832123	0.0005328864	0.0009719775	0.00021306828	0.021172952	0.0029368445	0.008072065	0.0032032095	0.0017677079	0.0012687631	0.0032032095	0.0019630538	0.0023090919	0.0034936985	0.00045103257	0.00033354483	0.0007945021	0.000834885	0.0016192833	0.0006310997	0.0012053801	0.00047147044	0.0018003021	0.00073973753	0.0023527818	8.4474945e-05	0.015770596	8.708146e-05	0.0011111314	0.0030528943	0.00019282577	0.005303786	0.0003458638	0.00019784794	0.00028779614	0.0011603097	0.01696409	0.0014382141	0.0075826645	0.022339076	-27.71250915527344
s03e17b	530.0	5.0	0.81817025	0.81817025	0.026742375	0.009353049	0.00123675	0.0007592761	0.0005904543	0.0020332604	0.0018650504	0.003986916	0.001066292	0.00022697498	0.0025695355	0.0043393774	0.0012096507	0.00049226027	0.0005838236	0.0001855501	0.0002019058	0.003918209	0.03997668	0.03997668	0.007192817	0.0022407745	0.0031184442	0.005468175	0.020648466	0.005242874	0.0018002465	0.00094050955	0.0007189572	0.0010043886	0.0010072807	0.0009089503	0.00025418377	0.02802127	0.0085998	0.015208447	0.019073354	0.009521343	0.0020677173	0.019073354	0.0019131947	0.007949185	0.0072146533	0.0008660717	0.0008437326	0.00075213984	0.0013172784	0.0037119635	0.0004294864	0.0011506737	0.000409578	0.00084018335	0.00031930587	0.0032016204	4.3664942e-05	0.0024227027	0.00035793264	0.0015887492	0.0027399918	0.00021530078	0.0021517128	0.00040618939	0.0007930695	0.00045074782	0.0014182322	0.006577303	0.0017445915	0.0018183681	0.010301652	-31.34325408935547
s03e17b	535.0	5.0	0.89033335	0.89033335	0.01023784	0.12266646	0.0006867867	0.0016327704	0.02960778	0.0010217631	0.0008619127	0.093073905	0.00019151987	0.000289114	0.0023604196	0.005169501	0.00167577	0.0007918106	0.002515557	0.001130904	0.001461462	0.09059196	0.008191682	0.0050124433	0.0016246615	0.0033665295	0.00074397644	0.0033665295	0.04180215	0.002474986	0.0007200828	0.0006898344	0.00030742696	0.0006746157	0.0014300722	0.00023550332	0.00023662127	0.015019862	0.0025652251	0.015019862	0.013729298	0.0026746513	0.0018812976	0.013729298	0.0045106555	0.0025670521	0.0014291124	0.000202624	9.328077e-05	0.0004228552	0.0014686042	0.0018306848	0.00091171806	0.0036932388	0.00040062543	0.0021516238	0.0016997544	0.0029265038	0.0018351629	0.0067072334	0.00029118982	0.0007455776	0.00038668056	0.00013668372	0.0015637879	0.00028085528	0.00050304685	0.0024818718	0.001390797	0.008248606	0.003625883	0.00042441604	0.0043010516	-21.879959106445312
s03e17b	540.0	5.0	0.83804303	0.83804303	0.17326117	0.010017628	0.0010500661	0.005807673	0.02932593	0.0019645717	0.0017341328	0.0014030093	0.00035986665	0.00045511388	0.0013829435	0.053946372	0.000587913	0.00022292313	0.003027334	0.0006118366	0.023680473	0.053547356	0.005556068	0.004917412	0.0012259224	0.0069192303	0.005641812	0.016650934	0.036224898	0.011946556	0.0046705613	0.0017397502	0.0003802853	0.0014443801	0.0048521785	0.0003321011	0.0003684795	0.05498304	0.010815704	0.05498304	0.026988734	0.017036388	0.009142209	0.026988734	0.006865114	0.018158704	0.016103879	0.005655686	0.0010497546	0.0019606918	0.005640796	0.006253868	0.0028340775	0.008633711	0.00026953671	0.001812388	0.0010162257	0.0045367	0.00022695721	0.0014778156	0.00060012954	0.0014997049	0.00060590013	0.00027955827	0.002901095	0.0016496974	0.0049451343	0.0011937142	0.0008950927	0.01595194	0.006235684	0.00019947792	0.024025552	-22.435104370117188
s03e17b	545.0	5.0	0.81836104	0.81836104	0.010317382	0.001585214	0.00042639297	0.00072770356	0.00041029003	0.010195321	0.0027748381	0.00036899466	0.0023630126	0.00047808277	0.04399594	0.0048789377	0.0021136557	0.0004962961	0.0001256786	0.00014285486	0.00013256275	0.0038206794	0.011386545	0.011386545	0.00588754	0.00077918894	0.0009742002	0.004616585	0.008494949	0.0016833527	0.0007514606	0.0005905548	0.00016262906	0.00043212244	0.00062005705	0.00035209622	0.0001796283	0.057828322	0.0198685	0.034499627	0.015580291	0.010070151	0.011114731	0.015580291	0.013851287	0.0076355445	0.011734112	0.001791298	0.0004864608	0.0009193263	0.0021501766	0.0053612487	0.0015115603	0.0009260711	6.9067144e-05	0.0004417013	0.00019959206	0.00199274	3.475409e-05	0.0006797985	0.00040570198	0.0011267628	0.00017822659	0.00017487367	0.009508167	0.0006403667	0.0011427096	0.00029098502	0.0008669936	0.003599144	0.00069008884	0.019261569	0.03127447	-27.67150115966797
s03e17b	550.0	5.0	0.84976935	0.84976935	0.08170539	0.003095596	0.00032473725	0.00042536625	0.000977166	0.0004903895	0.0011563028	0.00098301	0.00028215078	0.00023243981	0.0056189066	0.0041606296	0.0012832272	0.00015277459	0.0009924084	0.00061140675	0.00018621245	0.0021447937	0.0059295706	0.0025785104	0.0013788536	0.0035820976	0.0020989059	0.016522117	0.025031554	0.008867553	0.0048782155	0.0010723803	0.00063868205	0.0013329827	0.0035823137	0.00071580417	0.00021286987	0.014684579	0.004450285	0.0039978833	0.0055864803	0.0024397005	0.0011065744	0.0055864803	0.003666101	0.010341419	0.004925819	0.0002989347	0.00024280653	0.000380095	0.0015105617	0.0022393612	0.0019786232	0.0057862755	0.00028945517	0.004102132	0.0014180755	0.0121104745	0.00040079368	0.0066715186	0.0016380677	0.00061902695	0.004553692	0.00017477499	0.03975462	0.004882347	0.0009854791	0.00083588593	0.0021409388	0.009680519	0.0011002069	0.0006384894	0.03975462	-22.871845245361328
s03e17b	555.0	5.0	0.7580116	0.7580116	0.018385578	0.0025084037	0.00040867671	0.0003332743	0.00032116636	0.00024815957	0.0016503265	0.0008592198	0.0001922999	0.00023507889	0.0027146046	0.0041220416	0.0016557612	9.32027e-05	0.0012265969	9.4527764e-05	0.00013164358	0.0014179209	0.0062798634	0.0062798634	0.002793845	0.0026568475	0.003157572	0.0059774057	0.017562315	0.0067761857	0.0037986524	0.0017475305	0.0007344318	0.0021547587	0.001766373	0.00049856486	0.00031557106	0.04064688	0.008337493	0.010503697	0.008137022	0.0045520887	0.002178473	0.008137022	0.004923662	0.006511768	0.004481344	0.00025543006	0.00017607734	0.00032393177	0.001406442	0.0034302657	0.00063833455	0.0017023439	0.00059214025	0.0012433496	0.000765149	0.0043869577	0.00016548559	0.007909147	0.0012842409	0.00082514744	0.0025941161	0.00011699318	0.009124439	0.0019826482	0.0008587075	0.00016996135	0.0010365375	0.011916365	0.0011129312	0.008769438	0.059789497	-25.075050354003903
s03e17b	560.0	5.0	0.8733634	0.8733634	0.06995515	0.009801363	0.000889606	0.0020437331	0.0115788365	0.002562523	0.0021243505	0.0019333517	0.00061804475	0.000674561	0.0008954134	0.032089774	0.0017489383	0.0001914808	0.0012841008	0.00050024287	0.0009921305	0.018098492	0.014865116	0.007583494	0.0024916667	0.0057068164	0.0059960852	0.027397351	0.047096107	0.0069733807	0.0036531098	0.00087811815	0.0004522186	0.001053047	0.0036638493	0.000746699	0.0004507399	0.0061295605	0.0051191463	0.005926028	0.010884597	0.0040417267	0.0011614021	0.010884597	0.0086592445	0.02151424	0.007710201	0.0007421333	0.0011475349	0.0009717048	0.0017382907	0.004540742	0.003525507	0.004317235	0.0020495437	0.002686223	0.0011033372	0.018103069	0.00022420465	0.0020161278	0.0005989975	0.00079018745	0.0017430019	0.00034309385	0.0047052074	0.0018213504	0.0014942288	0.0015275868	0.0026809066	0.010075386	0.0081035625	0.0008554693	0.0081035625	-21.62621307373047
s03e17b	565.0	5.0	0.8681845	0.8681845	0.039839376	0.009649688	0.00070638035	0.00030068972	0.001729975	0.001321739	0.0019047854	0.0015434993	0.0004858799	0.0012288392	0.0063720304	0.0048279027	0.0011176995	0.0002600612	0.0012166075	0.00037002662	0.0001403746	0.0012435362	0.00502353	0.0040675406	0.0015877254	0.0028545868	0.0026422308	0.009767799	0.03975825	0.009028745	0.005085161	0.0011460689	0.0008093509	0.0014597567	0.0041401368	0.0007994252	0.00028862956	0.016235542	0.0049513467	0.009253262	0.0062029995	0.002604359	0.0019177884	0.0062029995	0.004719816	0.00881432	0.0046717054	0.00018157263	0.000269647	0.0003244136	0.001575254	0.0020887195	0.0015707891	0.0029598328	0.00049008033	0.004028328	0.0017266547	0.014422915	0.0002791891	0.006480525	0.0006439016	0.00073931256	0.0028548394	0.00042077934	0.010351702	0.0018414408	0.0009148577	0.00086948666	0.0019294645	0.009770423	0.0013981436	0.0009789346	0.010351702	-22.388362884521484
s03e17b	570.0	5.0	0.66036016	0.66036016	0.019703884	0.015868578	0.0009857893	0.00048359708	0.0004081974	0.00066939543	0.0011963244	0.0029204532	0.00032529188	0.0004732395	0.0017248951	0.0088131	0.003246965	0.00018352576	0.0005458684	0.00015633123	0.00016990854	0.0026767498	0.015157313	0.007796027	0.0039873514	0.0031487218	0.0039182613	0.0044742827	0.018897617	0.0015316374	0.00055470987	0.00059160346	0.00033173975	0.00061531767	0.0005787978	0.00061127683	0.00021005925	0.10310862	0.019760225	0.10310862	0.0065528345	0.009773183	0.0184006	0.009773183	0.017357372	0.007246905	0.005485205	0.00048795156	0.00026216582	0.00042191864	0.0018791712	0.00616457	0.00039684123	0.0006416191	0.0005485566	0.0010468125	0.0010929711	0.0013173893	8.247388e-05	0.008856576	0.0009176032	0.0009892404	0.002938051	0.00027000098	0.0026347872	0.0008970214	0.0016910045	0.00022273914	0.0020213905	0.022154065	0.0010259735	0.0025462408	0.025381926	-33.79530715942383
s03e17b	575.0	5.0	0.65667665	0.65667665	0.0015852827	0.0030465384	0.00043124965	0.00022335332	0.0010500726	0.00035519962	0.0012513853	0.009283395	0.0006162693	0.00015565965	0.002884668	0.029017808	0.0009062363	0.00037854788	0.00027635176	0.0005134575	0.000174766	0.0004102986	0.03196477	0.022017336	0.0019816444	0.0023822044	0.0058467	0.0058467	0.034227304	0.0024630304	0.0010198609	0.00062630133	0.00023858652	0.0005976061	0.0008919681	0.00050061115	0.00028655914	0.01821342	0.010416451	0.008235104	0.012932787	0.0033749056	0.0015764184	0.012932787	0.013339581	0.028742198	0.0092529375	0.0005184616	0.00024639725	0.00037470792	0.0027287134	0.018729031	0.002217242	0.022281263	0.0012141151	0.0065961583	0.010912231	0.00036617462	0.00065687345	0.00062041526	0.0021219521	0.00079683284	0.00038955748	0.00017914495	0.0052771093	0.018226892	0.0015209944	0.014664813	0.01311898	0.03503514	0.0030464025	0.0005234535	0.02938085	-25.95272827148437
s03e17b	580.0	5.0	0.8389774	0.8389774	0.007395383	0.034933664	0.00063536473	0.00045033812	0.06261742	0.0003551507	0.0013853875	0.026543126	0.00047408926	0.0006020304	0.002868293	0.0028988612	0.001947249	0.0017092404	0.0045906287	0.0014903459	0.0012800321	0.006219751	0.017436562	0.010868259	0.001980808	0.010597853	0.002054252	0.010597853	0.074617125	0.0064598317	0.0010814741	0.0013227428	0.0005275274	0.00092988095	0.0017391315	0.00023759043	0.00070671766	0.017059976	0.0039679236	0.017059976	0.03726021	0.007684738	0.0022676857	0.03726021	0.0014311342	0.004977601	0.0066724634	0.0004545273	0.0005487836	0.00032008582	0.0018904958	0.0016103804	0.0016264383	0.0035963817	0.001174033	0.005321834	0.0004883336	0.0023007942	0.0020821018	0.0045894915	0.0002521829	0.0008183375	0.0006201279	0.00035388008	0.0017360714	0.0004902439	0.0005884352	0.014287265	0.0011123228	0.02990528	0.007310252	0.0002332439	0.014287265	-22.223957061767575
s03e17b	585.0	5.0	0.72026044	0.72026044	0.009373979	0.003076939	0.0005153927	0.0014293947	0.024061697	0.0017859276	0.0012183071	0.005770387	0.00085909624	0.00030926988	0.0053906823	0.018512229	0.0007623858	0.0004382072	0.0011760993	0.020424442	0.0020239786	0.0020262762	0.17509535	0.008319503	0.0011172174	0.019585414	0.0031131506	0.019585414	0.03503776	0.0034930874	0.0011344862	0.00097553636	0.00042295357	0.00089200295	0.0049907183	0.00025521414	0.0003619708	0.020794243	0.011805136	0.020794243	0.012350331	0.0067759766	0.0067707542	0.012350331	0.0023087305	0.015556503	0.0038047687	0.00044535042	0.0004467174	0.00036408572	0.017277978	0.002811519	0.0033565925	0.0051742657	0.00023266088	0.0060677314	0.00041368327	0.0009294779	0.000975015	0.0007160549	0.00018162475	0.0006655589	0.00017300222	0.00058114564	0.0022070128	0.00053817796	0.0017334594	0.004773958	0.00023676096	0.028801994	0.0003807781	0.0002996126	0.009258426	-23.09291648864746
s03e17b	590.0	5.0	0.8148674	0.8148674	0.072515704	0.0051780767	0.00018192928	0.0024792748	0.2513794	0.0006992535	0.0018007237	0.0008601229	0.00017446796	0.0002645257	0.0019892768	0.0026997877	0.0020004553	0.0011693805	0.0017143821	0.0005488762	0.005226771	0.035974357	0.0043792753	0.0027720027	0.0034580326	0.010484836	0.001196864	0.010484836	0.033160955	0.009491602	0.0056870123	0.00096467807	0.00066194247	0.0012237787	0.002768733	0.00026938616	0.000287315	0.003834124	0.0037093528	0.003834124	0.01722543	0.0059985276	0.00085297046	0.01722543	0.0017589469	0.014245702	0.013989695	0.0025081246	0.0015959418	0.0009927762	0.0062959073	0.0023527371	0.006376159	0.0029001131	0.000117252945	0.00239309	0.0011649339	0.001911975	0.00015090978	0.00054827356	0.00056347874	0.0028321473	0.00014967605	0.0005555506	0.0015483276	0.00086788257	0.0007529158	0.0031009952	0.0017618957	0.0061509716	0.0021400657	0.00011504994	0.0072758608	-21.89557647705078
s03e17b	595.0	5.0	0.27772883	0.27772883	0.0015444704	0.0007703791	0.00014447061	0.00087071	0.009995435	0.00045043192	0.0012006424	0.0003281776	0.00033231016	0.00017116877	0.00038778802	0.0024949543	0.00024863417	0.00026304013	0.00085080805	0.0019770204	0.00132819	0.028129103	0.015345953	0.0011603527	0.0011932072	0.0057216682	0.003713655	0.0057216682	0.067707665	0.0061133723	0.0020015247	0.0009252099	0.00081335264	0.00068526174	0.0046493076	0.0007408331	0.001193355	0.057085373	0.048962586	0.015319167	0.0047475873	0.04699702	0.012887335	0.04699702	0.004463504	0.10887404	0.34876406	0.01660634	0.00163624	0.0010593629	0.013939814	0.0038092032	0.11208725	0.0057879356	0.00051815086	0.0009441102	0.0057055177	0.00013591796	4.2494215e-05	0.00035243624	0.0004309934	0.00063252315	0.00042371487	0.00021931675	0.001766052	0.00015885463	0.008798508	0.0037864917	0.00031863683	0.006743073	0.00044496	0.0011629908	0.024018442	-22.21902084350586
s03e17b	600.0	5.0	0.10635358	0.10635358	0.00010760783	0.0005488639	0.0007423858	0.00017445665	0.0003638078	0.0004951247	0.0007926615	0.002551393	5.0563933e-05	5.1244213e-05	7.506159e-05	0.00076366705	0.00029929628	7.234383e-05	0.0027890056	8.672711e-05	9.147934e-05	0.00079363986	0.09181788	0.00087941723	0.09181788	0.00017117414	0.0003005734	0.0011452727	0.014116261	0.0014396426	0.0005483185	0.00029587725	9.349441e-05	0.00036367815	0.00069889013	0.00025942968	0.00012715356	0.0027698576	0.0027698576	0.0003677762	0.0007378064	0.0013533618	0.00020970104	0.0013533618	0.0011391074	0.011719693	0.3270331	0.017094426	0.0010082586	0.0023172838	0.010441902	0.0024878276	0.036860265	0.026204946	7.358397e-05	0.022931658	0.0024624048	0.0002887562	0.0010532647	3.7203165e-05	0.001306432	0.0011137298	0.000132358	6.861438e-05	0.008412945	0.0017580604	0.00056604506	0.0013580059	0.0011551689	0.0006760857	0.00027582268	0.0014976555	0.012825289	-21.710567474365234
s03e17b	605.0	5.0	0.08848549	0.08848549	0.0011405662	0.0006483136	0.00032976895	0.001247306	0.00020533009	0.00052087585	0.003867105	0.00027563024	0.0002546143	0.00027782322	0.0033134366	0.0012364839	0.0009952992	0.00015797296	0.0005677357	7.2620445e-05	0.0005415758	0.0023838573	0.0035704514	0.003527806	0.0035704514	0.00060050865	0.0010930211	0.0027189364	0.08888472	0.040963694	0.0049755606	0.001502508	0.00018654512	0.002077489	0.068305045	0.00021426516	0.0004349656	0.0023076774	0.0023076774	0.0006156344	0.00081394886	0.001367163	0.000844203	0.001367163	0.0019901234	0.0062189256	0.034476224	0.0044709137	0.001467759	0.0008672791	0.010760822	0.0040234565	0.045880403	0.025925392	2.0711643e-05	0.0049015526	0.015773926	0.0015880641	0.00047582257	7.6198485e-05	0.0045034303	0.00037033609	0.00015438296	0.00042924285	0.0393652	0.083027974	0.00804778	0.0033016235	0.009638421	0.00590035	0.00092962146	0.007414926	0.083027974	-27.88225555419922
s03e17b	610.0	5.0	0.44907752	0.44907752	0.016930398	0.00805494	0.0015277447	0.002131434	0.08576837	0.0021977434	0.0027550901	0.0049062762	0.0007936478	0.00021934895	0.008703054	0.0055710315	0.0031005251	0.0017196218	0.0014046751	0.0011807363	0.0053177965	0.13265048	0.035683546	0.035683546	0.0085137505	0.017336303	0.0016016276	0.017336303	0.027567292	0.0044776485	0.001921321	0.0003641024	0.00030066853	0.0006885795	0.0025970999	0.0017000216	0.0003225478	0.0006572414	0.0006572414	0.00029021755	0.00064537575	0.0004829556	0.00014730768	0.00064537575	0.0009049459	0.0024148675	0.0026505373	0.0006280315	0.0006052107	0.00026931887	0.022199241	0.00152901	0.0040036477	0.045220163	0.0001901749	0.0030323928	0.006076638	0.0034112919	0.00010873701	0.00093928055	0.0011804457	0.0014557171	0.00044713233	0.0010023114	0.0053366306	0.006988828	0.001997533	0.008245587	0.019073484	0.004610712	0.007018997	0.00029885262	0.019073484	-23.341466903686523
s03e17b	615.0	5.0	0.26491803	0.26491803	0.0050824257	0.003193506	0.00019401826	0.010284961	0.002026332	0.00039612237	0.022712644	0.011769127	0.00037385922	3.876318e-05	0.0009291282	0.017274132	0.0006540218	0.00014501704	0.0067038597	0.0011122042	0.076213814	0.066388085	0.004429553	0.0019166761	0.0012497582	0.000990558	0.0013354059	0.0030181876	0.27542812	0.026972478	0.00704254	0.0033056538	0.0006579593	0.0033099016	0.015456665	0.001580764	0.0014526616	0.005971764	0.0023015046	0.005218427	0.0009956331	0.0013696691	0.0016801346	0.0013696691	0.002139626	0.004629597	0.1018283	0.006424096	0.13412596	0.0030025626	0.16399534	0.003123969	0.0056834165	0.0052349046	0.00062837603	0.008837033	0.0013415222	0.00093608926	0.00025145157	0.00028681743	0.00040503714	0.010652562	0.0003351018	0.005439817	0.011270186	0.00093577895	0.0015735347	0.008963236	0.00072782143	0.0026719614	0.0027075694	0.001017899	0.05048535	-18.05793190002441
s03e17b	620.0	5.0	0.02978353	0.02978353	0.0002199303	0.00025855703	6.5778215e-05	0.001022774	0.000110716705	7.95228e-05	0.023673419	0.0003803814	6.7773675e-05	1.1036649e-05	0.00013759204	0.00089456193	2.7403243e-05	9.760305e-06	7.018229e-05	0.00027875238	0.00035491158	0.0007919201	0.0044157426	0.0044157426	0.00029466202	0.0006656344	8.2116734e-05	0.0006656344	0.5739205	0.037671145	0.013334467	0.00054012565	0.00011906024	0.0013730858	0.0116363	0.037539892	0.003948421	0.00073723844	0.00071887084	0.00073723844	0.00014045494	0.00024690497	0.0005674985	0.00029501898	0.000115546776	0.00062354014	0.0011990223	4.445645e-05	8.569293e-05	0.0003180335	0.0004458155	0.037539892	0.0004958582	0.0001317796	0.013691436	0.0003103154	0.0004075007	0.00024054239	5.217662e-06	5.2030748e-05	0.00013533406	0.5805244	0.34425893	1.690153e-05	0.13761805	0.0010207299	0.0012691106	0.003567284	0.0016002777	0.00076771807	0.0008577343	0.00071324315	0.13761805	-21.34083747863769
s03e17b	625.0	5.0	0.8400829	0.8400829	0.00031433665	0.0019166945	2.6461506e-05	0.00011954134	9.1550806e-05	3.524479e-05	0.0017621086	0.013172129	5.191319e-05	6.399161e-06	0.00016070234	0.00042175598	1.016798e-05	2.8456172e-06	4.0963587e-05	2.6155896e-05	2.241463e-05	9.4763236e-05	0.00080400624	0.0005000882	0.0004565528	0.0010939883	7.182361e-05	0.0010939883	0.008976745	0.00031916038	0.00026951256	3.3935605e-05	7.3722615e-05	2.426532e-05	0.00018692757	0.012149751	0.00024659536	0.0009607954	0.000659796	0.0009607954	0.00046304587	0.00021646354	0.00032934608	0.00046304587	0.0002713848	0.0014486795	0.00051424414	1.161454e-05	3.0972154e-05	7.272315e-05	0.001122252	0.012149751	0.00045636288	0.001572567	0.068969525	0.0004496743	0.00038651176	0.00029263872	4.3360822e-05	8.668792e-05	8.7652814e-05	0.2046071	0.3152368	8.144038e-05	0.03865494	0.00078918214	0.0012304707	0.0033187887	0.0004491465	0.0007058891	0.0010852478	0.0004733943	0.03865494	-24.038707733154297
s03e17b	630.0	5.0	0.76259005	0.76259005	0.011533541	0.0152824465	0.005143121	0.0013485742	0.004514119	0.0035448303	0.018959908	0.00832186	0.0017141632	0.00040174962	0.013773105	0.00223486	0.0018777685	0.0015932287	0.0028838192	0.00052078796	0.0004205812	0.00064760033	0.0034196705	0.0034196705	0.0014139	0.004244188	0.014170035	0.014170035	0.051465	0.01137833	0.007325569	0.0013118228	0.00040840174	0.0009952623	0.002539393	0.00053545483	0.00073473214	0.003194807	0.001326369	0.0014232526	0.00089533237	0.00047055114	0.0006319399	0.00089533237	0.003668605	0.0028334388	0.0034901642	0.00015075215	0.0008549009	0.00040276733	0.0014511531	0.0020110158	0.00074835314	0.0029448813	0.00091958215	0.0031579114	0.00084625196	0.010328035	0.00018345437	0.0031006534	0.00040798986	0.0012003885	0.0018203987	0.00037143074	0.005241379	0.0015874435	0.00095346273	0.0010818997	0.0008432158	0.017361904	0.0021569263	0.00097388565	0.005241379	-23.36407470703125
s03e17b	635.0	5.0	0.8019134	0.8019134	0.04162431	0.0056410236	0.0007872931	0.01039671	0.024612458	0.0038131753	0.0067898803	0.0026492001	0.00028092143	0.00045717496	0.00053139543	0.036663048	0.0005046211	0.00017352561	0.0016606861	0.0010918587	0.015228506	0.090778776	0.003230915	0.003230915	0.0010036004	0.004383627	0.0025218283	0.004383627	0.16944085	0.0155402925	0.0047189	0.0012510314	0.00053926755	0.0010867795	0.009569436	0.00093628326	0.0015029066	0.0077197426	0.0077197426	0.0021659022	0.0058528646	0.009124395	0.00082897913	0.009882086	0.004432894	0.02628555	0.03815634	0.008488076	0.0015470897	0.002389793	0.007578453	0.0029310863	0.0056717927	0.019263633	0.00016231967	0.000655806	0.002605069	0.005472273	0.00060036016	0.00055863196	0.0005052174	0.0016366739	0.0004758847	0.00023989582	0.0026466579	0.001473651	0.0073802983	0.0040615667	0.00038133317	0.009245309	0.002142561	0.00017725956	0.11155488	-21.48658943176269
s03e17b	640.0	5.0	0.78509444	0.78509444	0.006645213	0.081674285	0.00033309613	0.00035040185	0.0011776328	0.0017058045	0.0032441837	0.0053007533	0.002028111	0.0004088047	0.0036069911	0.0016288047	0.0007551177	0.0001715933	0.00029465134	0.00054070225	0.00013429792	0.0007798936	0.004643298	0.004643298	0.00176523	0.003182113	0.0013524817	0.003182113	0.0449826	0.0042996737	0.0013197988	0.0006831901	0.0007671546	0.0006848994	0.0013809812	0.00059878745	0.00036756924	0.0013087004	0.00050026266	0.0013087004	0.0007691915	0.00031488074	0.00035406975	0.0007691915	0.0011541405	0.0016931372	0.002674327	0.00011202977	0.0001592066	0.0006709002	0.0008723384	0.0006679081	0.0010751648	0.0014446807	0.0006543582	0.001406355	0.0013277081	0.008823995	0.00086964085	0.0655389	6.64816e-05	0.0006957554	0.0012774762	0.0001681245	0.0033904633	0.0012697272	0.0003097742	0.0012270919	0.0010199454	0.0025523833	0.0009996106	0.00043131458	0.015173166	-23.84192276000977
s03e17b	645.0	5.0	0.8654965	0.8654965	0.05085955	0.055126775	0.0009230773	0.00376842	0.17979905	0.005041248	0.0025284148	0.0017760753	0.0014179838	0.00034474244	0.010260023	0.010188111	0.0050390917	0.0010857644	0.00112152	0.00059858663	0.0030241583	0.07090982	0.007307159	0.007307159	0.0020615298	0.0020712318	0.002256697	0.002256697	0.03310469	0.0056622676	0.0021769416	0.00063933065	0.00031228873	0.0007718936	0.0017728902	0.00026380012	0.00022228745	0.001314762	0.00047783268	0.00063959206	0.0011210985	0.000416399	0.00024809098	0.0011210985	0.001173834	0.0018144017	0.0017720422	0.00031765472	0.00036569842	0.00047218692	0.0016761506	0.0012172856	0.001136752	0.008804449	0.00038406815	0.0023744782	0.0008114692	0.0041467356	0.00041429637	0.020359607	0.000565846	0.00045744565	0.0006321122	0.0003035511	0.0027470929	0.0014051172	0.00071214186	0.0021029566	0.0016723187	0.004858888	0.004604309	0.00027790165	0.004675636	-24.19568252563477
s03e17b	650.0	5.0	0.8562427	0.8562427	0.0025612437	0.07610676	0.01360529	0.0005744428	0.0015512849	0.0017058629	0.005592569	0.37840396	0.00029885946	0.00021400258	0.0021112985	0.0053065517	0.001147998	0.0003309948	0.018841123	0.00040319684	0.00026927626	0.0003648731	0.007875194	0.0025598698	0.0008324244	0.00557947	0.003620294	0.00557947	0.032502797	0.0033038412	0.0011372193	0.0004987289	0.00044684557	0.00047930915	0.0011702346	0.0007053141	0.0003585973	0.0045434064	0.000681335	0.0035327307	0.0043884115	0.0003725812	0.00063140714	0.0043884115	0.0017632733	0.0019468525	0.0047437316	0.000120449855	0.00011184596	0.0003223529	0.0006357166	0.0013455886	0.00077602523	0.0018246798	0.0006084771	0.0020395652	0.0012506322	0.004488826	0.0006660472	0.010875258	0.00010606393	0.00082979834	0.0027221811	8.0249236e-05	0.002941439	0.00069009245	0.00029279108	0.0004651754	0.0005639868	0.008508471	0.00072533364	0.0005859377	0.0037103784	-24.65660285949707
s03e17b	655.0	5.0	0.86249906	0.86249906	0.024027212	0.0039557475	0.0007771657	0.0030946103	0.055723082	0.007869291	0.0027445115	0.0031415322	0.0021413674	0.0003094778	0.02912336	0.015481067	0.0019414213	0.00061037473	0.00048735936	0.00033220084	0.0012383927	0.0027176244	0.008633062	0.0028257202	0.0013037266	0.00891146	0.0030357044	0.00891146	0.028758604	0.0046980935	0.003496751	0.00071677763	0.0004326599	0.000529923	0.0035981676	0.0003921715	0.00016185184	0.0013406741	0.00054865127	0.0010953946	0.0011477104	0.0002732101	0.00036487536	0.0011477104	0.0034798274	0.0035008457	0.018892026	0.00026122818	0.0014044209	0.00092811335	0.0011325382	0.0032849214	0.004051639	0.3698876	0.0018973273	0.033165984	0.0010827153	0.0022970736	0.0006204102	0.0003148063	0.013028728	0.0010498206	0.001001961	0.00028492106	0.0014657282	0.0015373798	0.0011149463	0.090154536	0.0010507501	0.0031078737	0.0020222429	0.0005533709	0.11976979	-25.185014724731445
s03e17b	660.0	5.0	0.80743045	0.80743045	0.20648511	0.025219321	0.0015289823	0.0075733485	0.2719815	0.0023074227	0.0067752516	0.003934613	0.00016176977	0.0012224521	0.0021907883	0.0167825	0.0010945909	0.0010847296	0.043293297	0.00017107461	0.045337122	0.0692686	0.0049452046	0.003953696	0.0022564984	0.0453792	0.0036348035	0.0453792	0.021198263	0.0118773505	0.010503672	0.00137765	0.00034858714	0.0010618131	0.0030597376	0.0008752091	0.00034857783	0.0005959509	0.0005263223	0.0005959509	0.0006631583	0.0007727282	0.0002120608	0.0008753242	0.0016410102	0.0019537618	0.002162289	0.0008856555	0.00038824964	0.0011469988	0.0024900152	0.0011680719	0.00072345865	0.005555831	0.0012662563	0.002433963	0.000897085	0.001376758	0.00013912228	0.0012095799	0.0005743831	0.0014092964	0.0015484485	0.0007205345	0.0014776847	0.00060367084	0.0010163486	0.0042824987	0.00092397694	0.0022045623	0.005270043	0.00036358382	0.005270043	-23.22403907775879
s03e17b	665.0	5.0	0.109067224	0.109067224	0.007847914	0.0024172373	0.0005724459	0.020423679	0.038896997	0.0016378228	0.054886587	0.018317569	0.0060500996	0.0002067595	0.0010958455	0.008120802	0.00094192737	0.00064481416	0.010503641	0.004262193	0.030210013	0.053209018	0.011400445	0.0018877013	0.0007630585	0.017879374	0.0008729358	0.017879374	0.7521884	0.08486958	0.018622177	0.0032348563	0.0007960352	0.002292112	0.026228197	0.0021302802	0.007240461	0.0010316299	0.0010316299	0.00034317354	0.001742744	0.0015863955	0.00041657488	0.001742744	0.00062417635	0.0018621713	0.007147112	0.00049491803	0.0015732604	0.0022035376	0.004937646	0.0009274159	0.0022401316	0.01036844	0.0008398304	0.006590586	0.0018515404	0.014633055	0.00037885617	0.0011463168	0.0006033806	0.0018714917	0.0017836016	0.00031052998	0.0010836058	0.0005119963	0.004617543	0.021831129	0.007156505	0.003348529	0.0061695706	0.05120987	0.021831129	-22.70736694335937
