episode_id	onset	duration	talking	speech	man_speaking	woman_speaking	baby	shout	laughter	cry	singing	kids	groan	whistling	breathing	walking	mouth_sounds	fart	hands	heartbeat	cheering	crowd	mammal	dog_bark	cat	rooster	duck	bird	music	musical_instrument	guitar	piano	organ	electronic_instrument	percussion	bell	ambient_music	weather	wind	rain	river	wave	thunder	river_sea	fire	boat	car	traffic	car_honk	emergency_vehicle	train	cycling	engine	door	doorbell	knock	dishes	radio_tv	dryer_vacuum	zipper	keys	alarm	telephone	whistle	mechanisms	tools	boom	bang	glass	water	beep	silence	sudden_noise	db
s03e19a	0.0	5.0	0.5691147	0.5691147	0.000979605	0.008459318	0.00043538623	0.00026155316	0.0004962672	0.0003400419	0.002922345	0.009331354	0.003842785	0.0004973166	0.0089092525	0.005248248	0.0041986676	0.0002306272	0.00045380043	8.98071e-05	9.587596e-05	0.00048035354	0.07099714	0.017785788	0.0034657845	0.014105488	0.0049355095	0.014105488	0.056077853	0.00516565	0.0021750925	0.00041391878	0.00039524463	0.0008628194	0.0015856837	0.00093537604	0.0007101592	0.0042487103	0.0030658543	0.00320084	0.009318945	0.0012571819	0.0006436767	0.009318945	0.0020702297	0.0110460175	0.0008708041	0.00016066527	0.00024254322	0.0003179462	0.000850406	0.0081435405	0.00032551185	0.0026419568	0.00219939	0.0019605088	0.036531996	0.0013406664	0.00042601553	0.032192066	0.0006696657	0.0016623148	0.0004584947	0.00097315613	0.021695131	0.002086101	0.00076738675	0.0013212922	0.026270658	0.020637246	0.0017528214	0.060195543	0.026270658	-24.86690139770508
s03e19a	5.0	5.0	0.8726496	0.8726496	0.011382617	0.0015707518	0.00020613335	0.0017649108	0.003215144	0.00092709967	0.0006366428	0.0054985364	0.00022512961	9.095848e-05	0.0030924808	0.011351553	0.0023610778	3.6369955e-05	0.00037553077	9.476812e-05	0.00031120036	0.007244531	0.04462178	0.029758098	0.0010341101	0.005779841	0.0023192302	0.068584695	0.03347841	0.0028585042	0.0007782306	0.0003434188	0.00028401683	0.0005294664	0.00079946325	6.948757e-05	0.00040132625	0.0028648449	0.0008132636	0.00053837884	0.0008969141	0.00031091922	0.00011602241	0.0008969141	0.01073217	0.006064356	0.0052785715	9.689257e-05	0.00031087594	0.00022179226	0.00035530597	0.011667645	0.00077935046	0.013450313	0.00010341888	0.0019906065	0.00039022963	0.0007801389	3.089375e-05	0.0017818494	0.085441165	0.00032539986	0.00028670506	0.00025646767	0.0016438344	0.00049129507	0.0014620995	0.0030907746	0.0023425661	0.047828276	0.0018646538	0.00010875298	0.08685615	-20.975666046142575
s03e19a	10.0	5.0	0.84047055	0.84047055	0.015430376	0.0011167699	0.00048545699	0.0011966514	0.13226932	0.00040345022	0.0005872071	0.0011085126	0.0009046096	0.00021075983	0.0015291105	0.0012887679	0.0007312727	0.0002584752	0.00060719013	0.00027744178	0.0010024284	0.015625127	0.0015362633	0.00050333655	0.0008161589	0.0028978016	0.0009033564	0.08438012	0.027960524	0.0024626814	0.0012357556	0.00063543406	0.00019167186	0.00089641305	0.0014518531	0.0005811626	0.00018773833	0.001334444	0.0007644515	0.001334444	0.0056265052	0.0014257155	0.0001408342	0.0056265052	0.0010694299	0.002927219	0.0027575816	0.00041530924	0.00065066275	0.0005028656	0.0017731847	0.00049764564	0.0013332525	0.009508459	0.00212967	0.0004978494	0.0003128788	0.0033701647	0.0009122069	0.0034145762	0.00073902024	0.002431128	0.00035716686	0.0001876272	0.006009774	0.0064394446	0.00024327391	0.0005107134	0.0050369715	0.0094241025	0.006086242	0.00015193998	0.0064394446	-21.04340362548828
s03e19a	15.0	5.0	0.84198135	0.84198135	0.04835274	0.013766053	0.0005977454	0.0018266601	0.34366792	0.0043690205	0.007177195	0.0006253053	0.0033967525	0.00019576708	0.010296607	0.007799979	0.0023707817	0.0029688452	0.0010558628	0.0032805218	0.0027510237	0.041074313	0.013028476	0.0069765453	0.0036830397	0.0012478004	0.000988553	0.0031441406	0.07995466	0.00797349	0.0026028561	0.00068160944	0.00038342504	0.00081363023	0.0033618384	0.00012771618	0.0005439265	0.002909189	0.0026836693	0.0018206058	0.009711044	0.0042491565	0.0005325145	0.009711044	0.0010261079	0.014590379	0.0044824164	0.00048934796	0.00031068988	0.0003891315	0.0020486445	0.0022696392	0.002101788	0.0109273	0.00024171235	0.00276778	0.00071459264	0.004940976	0.00022494979	0.013945294	0.00065105344	0.0005492535	0.0002190971	0.00022486079	0.00200823	0.001414203	0.0021816636	0.007132202	0.0015006806	0.016265074	0.003812125	0.00020424013	0.008127899	-20.303783416748047
s03e19a	20.0	5.0	0.79505515	0.79505515	0.025599815	0.009743868	0.00024512722	0.0019833331	0.15904571	0.00057369977	0.001020059	0.0036088822	0.00017132093	0.0003449122	0.001580001	0.0042864187	0.012131524	0.005988689	0.002432751	0.0004118271	0.0037937835	0.021948745	0.01360918	0.01360918	0.0010834298	0.0031529241	0.00066426623	0.0031529241	0.028868653	0.008938685	0.0049180794	0.0016330394	0.00050065597	0.0014802346	0.0020126137	0.0005943978	0.00024222405	0.0013456707	0.0011722004	0.0013456707	0.005768456	0.0018339125	0.0002433414	0.005768456	0.0010723436	0.0047349688	0.011120067	0.0020785825	0.0015749421	0.0008691019	0.009389662	0.001753883	0.0038121573	0.008555361	0.0003384234	0.0019334594	0.0006492467	0.0015269724	0.00029049604	0.0060463096	0.0031597146	0.002498713	0.0010116517	0.00061951886	0.0058480417	0.0016030159	0.00074769015	0.0028823963	0.0012859459	0.0039703744	0.004353868	0.000240636	0.0058480417	-20.65975570678711
s03e19a	25.0	5.0	0.85324347	0.85324347	0.0018846672	0.0070811776	0.00026139486	0.00021854523	0.0011518986	0.00061266846	0.000408334	0.05351584	0.0007415232	7.5825614e-05	0.0055900468	0.02546073	0.001092267	0.00024116978	0.0006100043	0.0006470198	0.00036295908	0.002276982	0.21098568	0.042142235	0.0020381506	0.00321295	0.0037544721	0.0037544721	0.04868346	0.0018764882	0.00045731352	0.00043300464	0.00019971275	0.0002888349	0.00094857207	0.00022973506	0.0001640318	0.0108763855	0.008433301	0.0108763855	0.0042372732	0.003354	0.0023894883	0.0042372732	0.003180332	0.017527778	0.004104903	0.00042739484	0.0003889572	0.000312231	0.0025711174	0.003314744	0.0008930809	0.016271804	0.00071392726	0.014057843	0.00068755425	0.00038411352	0.00045362287	0.0004248295	6.9044494e-05	0.00068554987	0.0003376361	0.00018009136	0.0018281832	0.00059668755	0.0016842602	0.016272606	0.00037163496	0.043548316	0.0028434598	0.00025600937	0.036161516	-20.936325073242188
s03e19a	30.0	5.0	0.795469	0.795469	0.014887065	0.14510806	0.0013812798	0.002409532	0.08499784	0.0063887145	0.0036944007	0.0040840995	0.0004483122	0.001067045	0.005290623	0.011174901	0.0037991267	0.00080609747	0.0028080721	0.0012713876	0.0020263041	0.04531199	0.01154936	0.011103164	0.003107373	0.011102123	0.0016993402	0.011102123	0.08453858	0.0064859367	0.0014639992	0.0009788861	0.0008668829	0.0008724511	0.0045325565	0.0008565937	0.0009831786	0.0010661504	0.001048749	0.0006390422	0.0021369145	0.0007559922	0.00031973782	0.0021369145	0.0025462396	0.003318366	0.005894672	0.0007940722	0.00062907446	0.0034873858	0.0046687974	0.0020091694	0.0014520856	0.006484582	0.00143174	0.0015182103	0.006729239	0.007332146	0.0016447314	0.0055118715	0.0005082328	0.0017209664	0.0007536907	0.00054468133	0.0012532932	0.0028281987	0.004260002	0.006455897	0.008145073	0.0051133703	0.006769924	0.0004332435	0.008145073	-20.41219711303711
s03e19a	35.0	5.0	0.80592644	0.80592644	0.057277083	0.0072128233	0.00082996394	0.0043086614	0.030962426	0.0014817006	0.0007619119	0.0022979467	0.004195941	0.0001669284	0.007362361	0.029754711	0.00077896216	0.0002877602	0.0010303613	0.001427082	0.0025064084	0.02322854	0.08493018	0.08493018	0.002719865	0.0019923637	0.003417792	0.003417792	0.106779024	0.008040498	0.0028118826	0.0012831349	0.0006374351	0.0011601399	0.0025061248	0.00041737882	0.00035288525	0.0046582087	0.00083279173	0.0021992663	0.0008758807	0.0011984983	0.00054549705	0.0011984983	0.0007675162	0.0017955233	0.0007309549	0.000112679874	0.00010176046	0.00026795632	0.0005705201	0.0012562254	0.00029522553	0.014061882	0.00046033814	0.0016553293	0.00040121417	0.0021183589	0.00018454596	0.016639484	0.00025941065	0.00039495798	0.00024932856	0.00020922473	0.003141759	0.00089456915	0.0011569296	0.005964161	0.0006702448	0.0068078246	0.0053634057	0.000107021675	0.08773226	-22.894718170166016
s03e19a	40.0	5.0	0.79618824	0.79618824	0.001581607	0.00019979467	0.00023786674	0.00023144708	0.0002548353	0.00095662335	0.00040017234	0.0010905993	0.0014403969	4.774863e-05	0.008708153	0.22696696	0.0006499902	0.00028466719	0.00018847713	0.00024793114	0.00023211491	0.0003032705	0.03873066	0.022314876	0.0030335707	0.0028127613	0.0011522779	0.0028127613	0.045469318	0.0022338585	0.00052489346	0.0002989002	0.00017996466	0.00022077867	0.0012950413	0.00037996782	0.0001890913	0.013290667	0.0060720923	0.0014705907	0.0016837671	0.002858019	0.00031087475	0.002858019	0.005317121	0.004968394	0.004562383	0.00014854867	0.0005168905	0.0002753135	0.011200855	0.0035996316	0.0011384126	0.025612814	7.448481e-05	0.0066165086	0.00047115888	0.0003953049	0.00037238625	0.0006718484	0.000108755055	0.00080987357	0.00011982437	0.000188183	0.0009982983	0.0035860671	0.009261159	0.006416817	0.0006993578	0.013066313	0.0036272183	0.00025437435	0.036758136	-27.089529037475582
s03e19a	45.0	5.0	0.8693076	0.8693076	0.01796653	0.0024908017	0.00043079312	0.00077077013	0.002564591	0.0006501411	0.00081036723	0.002027314	0.0007361334	6.380638e-05	0.0011873512	0.094385915	0.0015829207	6.21619e-05	0.00068997114	0.0005233423	0.0012111703	0.0049449606	0.06207552	0.0044212067	0.0014553276	0.007028455	0.0023270615	0.007028455	0.13863821	0.012531956	0.0024850634	0.0009938589	0.00020387204	0.0011550968	0.0014489512	0.000158004	0.00026825027	0.005365318	0.0023631149	0.0041882577	0.0016304433	0.0013381451	0.00034301603	0.0016304433	0.0022202411	0.0050544892	0.0021614064	0.00016967134	0.0004609259	0.00046263865	0.0007627288	0.0021730007	0.000704462	0.005659278	0.0003984238	0.009179431	0.00033676074	0.0005681688	0.00011233432	0.0027619516	9.157735e-05	0.0007430154	0.00022923596	0.0002543302	0.0025073218	0.0014642131	0.0011022636	0.001785659	0.00028907956	0.0330326	0.0034860668	0.00014151711	0.108004004	-21.82556533813477
s03e19a	50.0	5.0	0.69621295	0.69621295	0.020916358	0.008860486	0.0006771594	0.0029558477	0.018034989	0.00051414466	0.0030191361	0.002932593	0.0002772493	0.0001402229	0.003365219	0.010938097	0.0014311513	0.0003176087	0.0023191904	0.0006707429	0.0025840756	0.009122718	0.028236108	0.028236108	0.003534628	0.23698719	0.017141148	0.23698719	0.09547136	0.009117698	0.002458674	0.00085149624	0.00044769445	0.0011007378	0.0023475294	0.00058659486	0.00061743864	0.0023569257	0.0007994225	0.0009781086	0.0006671056	0.00036785632	0.00027294146	0.0006671056	0.0020939948	0.0027963663	0.0029009653	0.00027384696	0.0007562851	0.0005507877	0.0017775038	0.0027070027	0.0014227518	0.013620535	0.00030898754	0.007516548	0.00095555256	0.0022610647	0.0001597941	0.0021507752	0.00058347086	0.0012151941	0.00030625155	0.00043600902	0.0073702824	0.0032153851	0.0013441042	0.0043637636	0.0031063214	0.0034997996	0.010351085	0.00012103567	0.066613704	-23.256750106811523
s03e19a	55.0	5.0	0.76281697	0.76281697	0.11253102	0.009359002	0.00089292566	0.0027758095	0.30420768	0.0031551262	0.0022241909	0.0017265378	0.0005491609	0.00012144701	0.0052663246	0.0047570597	0.00439702	0.0017220384	0.002943574	0.0013983739	0.0032123546	0.024433885	0.0039433273	0.0029581476	0.0039433273	0.0062130843	0.00077889574	0.0062130843	0.05134551	0.007929936	0.0035460314	0.00060079346	0.00023738935	0.00065167056	0.0024063522	0.00026076482	0.0002340539	0.0057716267	0.0057716267	0.0024566094	0.0047117276	0.010935843	0.0009794893	0.010935843	0.0016570102	0.02090962	0.022958634	0.004379643	0.0017014367	0.0011093493	0.02435698	0.0021151437	0.0063271318	0.010877859	0.00013600184	0.002334382	0.00093725836	0.004469313	0.0009685198	0.0013051094	0.00082226837	0.000864156	0.00030175116	0.00089773786	0.0026919523	0.0015289023	0.0014383545	0.014909935	0.0030609886	0.005585347	0.0040818234	0.00018864649	0.014909935	-20.97178649902344
s03e19a	60.0	5.0	0.8325267	0.8325267	0.030784901	0.015187229	0.00025406023	0.0045978865	0.08228291	0.00070845947	0.0034448889	0.007813671	0.0004721676	0.0007366394	0.0023724402	0.0055186558	0.0120271705	0.002283242	0.009742234	0.00045860265	0.00427287	0.07518136	0.04586398	0.04586398	0.0013650826	0.009817143	0.0010502372	0.009817143	0.056895617	0.0071804025	0.0014005422	0.00044530988	0.0004289937	0.000641124	0.004200229	0.00084695744	0.00039148162	0.0009705862	0.0009705862	0.0004043003	0.001471399	0.000665695	0.00041707794	0.001471399	0.0023769	0.0028405113	0.0036536234	0.0004282374	0.0004516814	0.00031735597	0.0025039706	0.0019724842	0.0016263307	0.04807965	0.00022828544	0.0037325963	0.0020750486	0.0009284592	0.00013463141	0.0004976229	0.00047700445	0.00200543	0.0002825368	0.00021898911	0.0018523628	0.006043717	0.013010088	0.027078904	0.0034332566	0.006107094	0.010626315	0.00030564892	0.027078904	-21.328351974487305
s03e19a	65.0	5.0	0.32495278	0.32495278	0.00060425396	0.00086705637	8.229381e-05	0.00050014013	0.0010881315	0.00015415598	0.00078053854	0.0011475191	0.0004651326	1.7169536e-05	0.00056509336	0.001257577	5.7791847e-05	7.355752e-05	0.00014503376	0.00030726902	0.00083492394	0.003190097	0.0058984677	0.0058984677	0.001278467	0.0005853918	0.0003703728	0.0005853918	0.08379558	0.0035402859	0.0012809461	0.00012295623	0.0001379783	0.0004961461	0.004194913	0.0018249368	0.00041125645	0.0004115965	0.0004115965	0.00011642759	0.0003702923	0.00035935172	4.6067475e-05	0.0003702923	0.0006929137	0.0014467356	0.0051206183	0.00022638925	0.00010574613	0.00035321998	0.013637027	0.0016473001	0.0038907402	0.017594447	0.00019200402	0.00035653732	0.0025245778	0.00021626014	0.00012888625	0.00021986217	0.00020378963	0.00023451833	0.00024324606	0.000113234164	0.0009235757	0.016060887	0.0014387215	0.050362915	0.24684376	0.0018779276	0.0024794717	3.8049875e-05	0.24684376	-19.31102180480957
s03e19a	70.0	5.0	0.5920035	0.5920035	0.014697991	0.0064888536	0.00025328022	0.0016915415	0.023449956	0.0012244403	0.0016789663	0.0010897098	0.001317476	0.00024792875	0.0016986956	0.011913349	0.0009784293	0.001398001	0.0009783026	0.001108764	0.004117083	0.078463666	0.033348672	0.019093193	0.0022363863	0.0019103087	0.0011922596	0.003258713	0.04105644	0.0043088538	0.0016120372	0.00056797336	0.0002088339	0.0006719464	0.0018134528	0.00076377834	0.00027911778	0.0059996587	0.0059996587	0.0010468614	0.0020407147	0.002777366	0.0004679423	0.002777366	0.004555214	0.015180635	0.010858027	0.0028791993	0.0022807189	0.00073195243	0.050083462	0.00878196	0.004589265	0.018211907	0.00011087983	0.0010568913	0.0037731456	0.0017652242	4.104938e-05	0.0033130303	0.0005389554	0.0008027389	0.0016832663	0.00082130055	0.006146065	0.0006319381	0.011148691	0.012282874	0.004995212	0.0050515	0.004491202	0.00031687858	0.02188235	-29.07256317138672
s03e19a	75.0	5.0	0.77793956	0.77793956	0.04664722	0.011538342	0.0018931682	0.012539758	0.24511163	0.0025338046	0.0029736976	0.0012251099	0.0022540006	0.00035986936	0.011389379	0.005280219	0.004554334	0.00091361377	0.014439762	0.00072786515	0.06816053	0.034101103	0.007479169	0.0039208154	0.001936302	0.0026109768	0.0019202242	0.0026109768	0.030784385	0.008359248	0.0043477477	0.0008922274	0.00023062214	0.00073869	0.0044441284	0.0018187317	0.00041260946	0.0014384263	0.00076729315	0.0008089881	0.0041912897	0.0015381178	0.00025333988	0.0041912897	0.0006168516	0.005689399	0.011809007	0.0006351286	0.0017636159	0.0011462168	0.0036402335	0.001125119	0.0028937592	0.01105191	0.0028421755	0.0038606378	0.0016205389	0.004967036	0.00070309144	0.011133409	0.00041667852	0.0014126638	0.001768509	0.00029978692	0.0031635452	0.002133653	0.001693588	0.014164506	0.004826766	0.002730067	0.014350898	0.025027696	0.014350898	-20.474231719970703
s03e19a	80.0	5.0	0.040207263	0.040207263	0.0050670826	0.001693205	0.00051298813	0.0008092568	0.0008590868	0.0046317577	0.028614301	0.0015516151	0.0013245612	0.00012280578	0.0018290038	0.00089617557	0.0016638712	0.0012723707	0.005054885	0.00019685646	0.00045135344	0.0016533636	0.0032004595	0.0010376944	0.0017161898	0.0017455992	0.0012123418	0.003734941	0.65574557	0.09721137	0.09505648	0.008901834	0.0027803855	0.009661562	0.004853731	0.009232921	0.011857757	0.0028194566	0.0028194566	0.0019172117	0.0017248491	0.0013578202	0.0012487253	0.0017248491	0.0008903086	0.0046900646	0.010983203	0.0004660924	0.000758442	0.0014551337	0.0031402332	0.0016693821	0.001663073	0.0030148677	0.0049334536	0.0045352103	0.0017672519	0.0056883604	0.0011212294	0.0012922216	8.104512e-05	0.0017141054	0.0046009775	0.0011219142	0.0013247915	0.0017889548	0.0011852573	0.0011693693	0.0025960084	0.0045461114	0.0032164615	0.45301783	0.008291955	-30.01811981201172
s03e19a	85.0	5.0	0.7236913	0.7236913	0.002298463	0.0027241157	0.000106435866	0.0015648409	0.00073324086	0.000106277956	0.003916968	0.0009260759	6.047647e-05	0.0002179873	0.0033630785	0.0012171726	0.00019788831	0.00011409334	0.00066988746	0.00012989872	0.0003625631	0.0004475165	0.0011904985	0.00049791206	0.0008299802	0.000884019	0.0005918832	0.000884019	0.7443055	0.081272215	0.07135892	0.0015374208	0.00023226812	0.0012502738	0.040472716	0.00042501724	0.0066416855	0.0010619543	0.0010535858	0.0009207802	0.0005452668	0.0018509271	0.0005289468	0.0018509271	0.0003821724	0.0037482418	0.008261227	0.00060940866	0.00023147865	0.0007509524	0.0017863875	0.0009249847	0.0016460989	0.0072953254	0.0016390701	0.0019821047	0.007738932	0.0017441954	0.0040364247	0.0011792291	0.00010957052	0.00054406904	0.0005240271	0.00017032247	0.0013329409	0.00950164	0.0007383188	0.0026471107	0.0016312739	0.004325105	0.003217232	0.00020450204	0.020599049	-19.440156936645508
s03e19a	90.0	5.0	0.86421245	0.86421245	0.017701434	0.0021336784	0.0003840103	0.0002641696	0.0028483286	0.0002791465	0.0014242071	0.000773904	0.00058409764	0.0002746405	0.020952208	0.0053195674	0.0003137534	5.9518425e-05	0.00170001	0.00048423666	0.00020476565	0.0004750313	0.0034079186	0.0017000093	0.0013175871	0.003371417	0.00086769403	0.019494837	0.047696028	0.009009298	0.0034577502	0.001110451	0.0005105642	0.0011956727	0.0054024146	0.00030761753	0.00042760393	0.02026355	0.0030313635	0.01973934	0.0034068078	0.0017637098	0.004766974	0.0034068078	0.0031628956	0.0038459294	0.0013668681	0.00011573169	0.00025935104	0.00019394446	0.002839385	0.0012820703	0.0010231931	0.07161307	0.00024536715	0.015322591	0.003981829	0.004457207	0.00034328937	0.0049971654	0.00032773986	0.00061386876	0.0013651067	0.0002967714	0.007606388	0.003693074	0.0015080393	0.0045877164	0.0011504962	0.013280841	0.0013485677	0.00035237896	0.022076955	-21.767024993896484
s03e19a	95.0	5.0	0.8853709	0.8853709	0.07539144	0.007520255	0.00034605974	0.0005031566	0.0032834793	0.00042894014	0.0017199698	0.000997339	0.0002633307	0.00027630644	0.0049967812	0.0032050218	0.00077687023	9.846116e-05	0.0034343074	0.00029241643	0.00031185822	0.0015598173	0.002312095	0.0012268663	0.0009195169	0.0017751423	0.0005637449	0.0023966397	0.073069744	0.023864193	0.008924402	0.0030896745	0.00087004155	0.0028215686	0.011672403	0.0005140699	0.00031937586	0.0039231684	0.0010976797	0.0039231684	0.0015142902	0.0007740245	0.0008271967	0.0015142902	0.001232365	0.0023742004	0.000903229	0.00010903646	0.00019173801	0.0003725775	0.0005427514	0.00054491503	0.0004285772	0.006098967	0.0002568979	0.008379796	0.0010770202	0.005179612	0.00029717234	0.0049758772	0.00026629705	0.0006862201	0.0024734302	0.00025116524	0.029157013	0.0033156306	0.0005127129	0.0007722239	0.00052993716	0.0044278568	0.0023908096	0.00033156015	0.029157013	-21.907958984375
s03e19a	100.0	5.0	0.80709416	0.80709416	0.028575895	0.1397857	0.0019058017	0.009610006	0.11487742	0.010714026	0.012522612	0.03888861	0.00047717273	0.0003945239	0.0021014302	0.0016941065	0.0042284965	0.0019993712	0.019433564	0.00029200607	0.0043969993	0.028579948	0.005526292	0.005526292	0.0019332119	0.0011815261	0.0010138892	0.0011815261	0.02679195	0.005273739	0.0029603196	0.0008430431	0.00023943286	0.00056156894	0.0027864487	0.000620354	0.0007354551	0.0015954624	0.0015954624	0.0010524351	0.0013022441	0.0020245777	0.00040830948	0.0020245777	0.0011231804	0.0026236286	0.015714422	0.0018150666	0.0023113273	0.001829893	0.02299235	0.0006724249	0.0027251474	0.0075617954	0.001984466	0.0019410296	0.0007715413	0.0069907117	0.0012387254	0.0032981934	0.0002217855	0.0015890677	0.0027400309	0.001952216	0.0013209946	0.0005157229	0.0012815136	0.01259269	0.0008984062	0.0049671424	0.0040969225	0.00050099636	0.01259269	-19.828088760375977
s03e19a	105.0	5.0	0.85602844	0.85602844	0.03350124	0.009965455	0.00042126715	0.0015512243	0.46069565	0.0013883573	0.0014945853	0.00083864277	0.0007406316	0.00023409208	0.003680682	0.0016167207	0.01167342	0.002904222	0.0019914063	0.0007304501	0.0026092576	0.010336085	0.003540262	0.0028644728	0.0020937289	0.00082430657	0.00040691954	0.00082430657	0.037101824	0.008854492	0.005386619	0.001103167	0.00031977196	0.0013062409	0.0037826714	0.00023852714	0.00039845385	0.002252964	0.002252964	0.0016823754	0.002943262	0.0043842304	0.0007078332	0.00457808	0.00097557256	0.006390858	0.007097994	0.0013322535	0.0013112681	0.0009959983	0.010583393	0.000739875	0.0056555117	0.008327045	0.00021115245	0.0011380158	0.0008902458	0.0057352856	0.0005639282	0.0064619407	0.00056169444	0.0006581857	0.00043990015	0.00047575115	0.0019963698	0.0015309798	0.0024235465	0.0046530557	0.0018525849	0.0033727216	0.0016054636	0.00020414007	0.0046530557	-20.819787979125977
s03e19a	110.0	5.0	0.85921687	0.85921687	0.029635344	0.024379252	0.0014581742	0.0036490266	0.09694045	0.005358259	0.0030911318	0.010572339	0.00059577887	0.00040336215	0.048028607	0.0035280588	0.0053717303	0.003178632	0.0019526166	0.00021820648	0.0020265433	0.018742785	0.003110321	0.003110321	0.0020787725	0.0014384572	0.0003809411	0.0014384572	0.05550239	0.01518293	0.0036024698	0.0013372233	0.00036610058	0.0011563485	0.0033830693	0.00015720524	0.00015334043	0.003758114	0.002389168	0.003758114	0.0017969393	0.0028676058	0.0016026755	0.0028676058	0.0033565736	0.0030799888	0.007759729	0.0020060083	0.000321934	0.0016336971	0.005857059	0.0018205877	0.0037293897	0.010070949	0.00022256123	0.0023535732	0.0010329718	0.005117952	0.0008065946	0.033401877	0.0014395918	0.0011471846	0.0011475092	0.00027054647	0.0052292603	0.0019316871	0.0038028935	0.0018863506	0.0020592767	0.018485537	0.0017542101	0.0001763667	0.0052292603	-24.617006301879883
s03e19a	115.0	5.0	0.68586236	0.68586236	0.006006986	0.001823321	0.00095518667	0.0005959867	0.0012412677	0.0015959267	0.0015456327	0.0072881947	0.0015541295	0.00019055282	0.004281838	0.061457727	0.0027862885	0.00019418371	0.0011555402	0.00014481391	0.0003581243	0.0005841695	0.067037284	0.023688776	0.00531848	0.0030512651	0.0004965821	0.036689725	0.008625149	0.0017889752	0.0007812466	0.0008980416	0.00048247297	0.00055934535	0.00059934874	0.000101197664	0.00014622102	0.08275957	0.0016596784	0.08275957	0.0005257432	0.0002819077	0.023679145	0.0005257432	0.028057698	0.0003425027	0.0017192094	0.00015989013	0.00012304749	0.00036274287	0.0014776235	0.002302072	0.0009992165	0.007282311	0.00020308897	0.0009290309	0.00052097416	0.00039640418	0.00044845903	0.0019836323	0.00045666881	0.00075318024	0.00022462488	0.00013063781	0.002465423	0.0004265495	0.0014238701	0.0012598225	0.0004572806	0.0025120762	0.0024342719	0.00063181465	0.011124619	-25.24768829345703
s03e19a	120.0	5.0	0.59835994	0.59835994	0.04721287	0.0046992176	0.0004122578	0.004416902	0.025816828	0.00030560026	0.0038722558	0.0039160694	0.00015555846	0.00028263	0.00057755917	0.060361657	0.0013603158	0.00024640054	0.005961724	0.00026771217	0.0260297	0.22337365	0.012496382	0.012496382	0.0016562791	0.0046855793	0.0013222615	0.0046855793	0.038141012	0.0096442355	0.0034414255	0.0008097428	0.0001369538	0.00050156715	0.0024366444	0.00035337557	0.0002582289	0.0054535065	0.0054535065	0.0009603209	0.0024516294	0.0042779427	0.00060786965	0.0053829616	0.0029383656	0.014552555	0.0055216346	0.0038330588	0.0010391308	0.0007233753	0.100827515	0.0022226665	0.0017061926	0.015384507	5.023595e-05	0.0017129382	0.001028086	0.0003656538	0.00014918874	0.00020900281	0.000253337	0.0016907605	0.00065318466	0.00061617	0.0011950054	0.00038815086	0.0054584797	0.00327857	0.0007172467	0.005227847	0.0067074583	0.00028482708	0.03219581	-21.6828727722168
s03e19a	125.0	5.0	0.8512014	0.8512014	0.008892638	0.022146748	0.0002828198	0.002496063	0.14894146	0.0010225382	0.0025544162	0.0033976017	0.00029779004	0.0001844202	0.0011712634	0.0070045614	0.0028363653	0.00058062386	0.0012955342	0.0025595776	0.0034250892	0.094186425	0.039164312	0.0010580507	0.0006894381	0.0018212309	0.00055161753	0.0018212309	0.06424408	0.0050462065	0.0024259712	0.0008871352	0.0004254581	0.00065699086	0.002967004	0.00020721144	0.00043826006	0.00110851	0.000969935	0.00110851	0.0029989546	0.0013859444	0.0001986337	0.0029989546	0.0006273205	0.0052517746	0.004025807	0.0004108601	0.00031524993	0.00028786613	0.0029755672	0.0007820693	0.0038813006	0.0068325275	0.00034269816	0.0025331816	0.0007660869	0.0030561208	0.0008066392	0.0007047195	0.00022653218	0.0009449454	0.00032603423	0.00016520606	0.0020342409	0.0003342005	0.00030374766	0.0010705868	0.0007244701	0.0076049264	0.0024827798	0.00016366247	0.018309353	-21.85667991638184
s03e19a	130.0	5.0	0.85036653	0.85036653	0.010581865	0.093244806	0.0007632072	0.004832035	0.047031414	0.0030680133	0.0021554723	0.01842656	0.00021778951	0.00049818197	0.0029531897	0.006722569	0.001505464	0.0007016232	0.00076135923	0.0007256544	0.0033659197	0.047948524	0.0107384045	0.0107384045	0.0024659554	0.011239483	0.0015446565	0.011239483	0.067211926	0.009574084	0.0034360248	0.0012526709	0.0006591066	0.0018576275	0.005098976	0.00058213796	0.0004012119	0.0007035935	0.0005835966	0.00056481897	0.0017634648	0.000642548	0.00018735082	0.0017634648	0.0011826893	0.0031597957	0.009827016	0.00039409785	0.0006347056	0.0009681411	0.006758715	0.0013522988	0.0031619547	0.0068134856	0.0010384811	0.00116455	0.0006691613	0.0026767917	0.0006701806	0.004152693	0.0006035661	0.0008238122	0.00034289062	0.00025643516	0.0040591	0.00040711512	0.0007725117	0.0010283559	0.001093308	0.0018655236	0.0021533547	0.00026564786	0.0040591	-20.81609916687012
s03e19a	135.0	5.0	0.8453933	0.8453933	0.021801094	0.16506876	0.0002992244	0.0042430256	0.1312627	0.0025496436	0.0042044376	0.007956001	0.00060171983	0.0002625956	0.0108225215	0.003399879	0.008348476	0.0018759256	0.0018040636	0.0011485372	0.0032830173	0.015821658	0.011801265	0.0013867471	0.0009762727	0.001169019	0.00043958973	0.0014602989	0.045932658	0.0050779744	0.0019250574	0.0010540652	0.00034197344	0.00077295286	0.0018049112	0.00032859086	0.00041659674	0.002747417	0.001384515	0.002747417	0.0018206042	0.002933109	0.00090827077	0.0030625607	0.0026886847	0.0036414962	0.020507215	0.0021921156	0.0005777522	0.0013494574	0.0034741622	0.0015550664	0.004220677	0.008061202	0.0009082344	0.0012221333	0.0008837108	0.0049713035	0.0032657601	0.010694248	0.00078358734	0.0009576214	0.0004454706	0.00021971569	0.0027460782	0.0007130923	0.0012982504	0.0017867797	0.009784837	0.023320265	0.0033619087	0.00036614056	0.009784837	-20.255727767944336
s03e19a	140.0	5.0	0.8287648	0.8287648	0.09528285	0.06415438	0.00040779272	0.0013246654	0.003658487	0.0037653781	0.0027796386	0.0024337661	0.0022823862	0.0005192593	0.018443696	0.005548833	0.0020390782	0.00018339771	0.0010414023	0.000646211	0.00091098866	0.0023662942	0.0060388125	0.0060388125	0.0022100075	0.0017983288	0.0007599175	0.0054207724	0.046556618	0.0069454294	0.0018537969	0.0013693456	0.0010602822	0.0013716932	0.0035054034	0.00038330734	0.00034684714	0.020985326	0.0018020587	0.020985326	0.0023994597	0.0014114804	0.0031380607	0.0023994597	0.0050389767	0.0029525117	0.0020920627	0.00024014595	0.00027287067	0.0006874356	0.001220507	0.0017016659	0.0011047007	0.0035732668	0.00016362315	0.0044050124	0.0016610854	0.004039263	0.000587384	0.018651353	0.0012576628	0.0011985685	0.0036807465	0.00026690046	0.0072635827	0.0020890376	0.00076972233	0.001612355	0.0010419228	0.015974285	0.0014477492	0.00021342756	0.043485407	-21.49345588684082
s03e19a	145.0	5.0	0.7877454	0.7877454	0.017536968	0.03376368	0.00020731104	0.0020772438	0.17301627	0.0008065116	0.002726052	0.002463103	0.0015517075	0.0002661138	0.0018562425	0.0034194638	0.0012674653	0.0015422903	0.002289784	0.0004909245	0.011238328	0.022645243	0.009757519	0.0035345305	0.0012751907	0.0013776348	0.00062151934	0.0013776348	0.08276903	0.0057105515	0.0022200467	0.0014659055	0.00023590874	0.000914138	0.0032683674	0.0003827963	0.00025453177	0.0051934044	0.0014036936	0.0051934044	0.0018773495	0.0021641273	0.001820385	0.002897128	0.000982503	0.0027886915	0.006990146	0.0030661908	0.0024460498	0.0004610964	0.089079574	0.00084924407	0.0048721153	0.006928703	0.0005731111	0.0016378821	0.0008890273	0.0042027286	0.00065388693	0.0007570516	0.00069398526	0.0008573213	0.001857226	0.0010409714	0.0015241499	0.00073642534	0.001570941	0.0039376975	0.0031704216	0.0017394414	0.0041182735	0.00057199405	0.04637676	-20.33174705505371
s03e19a	150.0	5.0	0.7528528	0.7528528	0.0018799799	0.08128737	0.0006788591	0.0013307895	0.0014933314	0.0038739848	0.003792412	0.116795786	0.002802904	0.0003155127	0.0012762017	0.0025827042	0.0018053357	0.00044310142	0.0043633906	0.00079602003	0.00036248032	0.0006453542	0.0064142486	0.0040513393	0.0016122268	0.0021113318	0.0012628176	0.0021113318	0.104265995	0.0041342587	0.0011389744	0.0008188663	0.0008014446	0.0006403789	0.0019842924	0.0015941301	0.00065838074	0.0034058366	0.001009284	0.0034058366	0.0011020174	0.0007030057	0.0009903323	0.0011020174	0.0014104109	0.0014186618	0.0058797975	0.00012534062	0.0002479238	0.001095391	0.0010853275	0.0015941301	0.00093857513	0.0007819527	0.0011245196	0.00069816445	0.00083122635	0.004115998	0.0013540694	0.010442519	0.000104884275	0.00088753045	0.00076478417	0.00038142788	0.002942183	0.0002536981	0.00086038077	0.0015182067	0.000525676	0.004689637	0.0031865267	0.0011907036	0.0052720136	-20.647918701171875
s03e19a	155.0	5.0	0.8010286	0.8010286	0.015557489	0.15137558	0.00031258396	0.004463627	0.034002464	0.002180217	0.00481207	0.015657827	0.009928917	0.000339731	0.005600742	0.0023975337	0.0021550602	0.0011794004	0.0014997756	0.000823921	0.0030151028	0.0073596537	0.013500633	0.005131727	0.00079481717	0.0010134856	0.0012093259	0.0012317783	0.067977645	0.008396585	0.0029788767	0.0009768589	0.0003676311	0.0005574469	0.0018924393	0.00064057426	0.00036641382	0.0024805476	0.00064265734	0.0024805476	0.0012627274	0.0010543495	0.0010326471	0.0012627274	0.00064659637	0.0022342815	0.009818213	0.0013413707	0.0006935416	0.0012474011	0.0037781172	0.0006824492	0.0008186245	0.009311689	0.004429827	0.0016631292	0.0007435491	0.002105053	0.0006296905	0.015840484	0.00046555622	0.0008549706	0.0030314876	0.00021226631	0.0021309026	0.000995102	0.0008338832	0.001811328	0.0026291395	0.0033482905	0.002800108	0.0005852406	0.005201486	-21.500577926635746
s03e19a	160.0	5.0	0.8143825	0.8143825	0.008192411	0.2140823	0.0011333795	0.0003640755	0.0011850981	0.0023329642	0.0027661247	0.06283833	0.0007836269	0.00040622946	0.0065572937	0.0019081669	0.0010683999	0.0004863602	0.0020978753	0.00018261073	0.00018264365	0.00057051907	0.019145291	0.019145291	0.0023722213	0.0042300387	0.003012916	0.0042300387	0.043069273	0.005361905	0.0020177902	0.0013247012	0.0008667405	0.0011555838	0.0015716375	0.0010668829	0.00043966938	0.0027016916	0.0008057649	0.0027016916	0.0010438757	0.00046679444	0.00075506663	0.0010438757	0.00096522423	0.0017177393	0.003012077	0.00016102461	0.00024114289	0.00068933493	0.0017065128	0.0010668829	0.00077119586	0.00088266225	0.0015163667	0.00090172427	0.0002740251	0.0023281632	0.0010909	0.012845173	0.00010921179	0.001053891	0.0042685852	0.00021716849	0.0028003063	0.00045074808	0.00021050918	0.0006240223	0.0005314461	0.0019157404	0.0010460872	0.0005445988	0.0032976498	-22.726545333862305
s03e19a	165.0	5.0	0.7937788	0.7937788	0.019947844	0.092245884	0.00036596906	0.0026649614	0.06395006	0.00094843336	0.0012869285	0.0049487376	0.0015576102	0.00018171864	0.0041412027	0.0032802566	0.00252259	0.00058130856	0.0019387123	0.00048734955	0.0034605064	0.026452817	0.006597149	0.0014595196	0.00040297932	0.0024548431	0.0011564482	0.0024548431	0.027954757	0.003247525	0.0013679217	0.0005616318	0.00015721799	0.00037000544	0.0015706576	0.00015525837	0.0001705222	0.0022891783	0.0021620246	0.0022891783	0.0022141174	0.00493321	0.00050731516	0.005779559	0.00080978294	0.0043307864	0.017292364	0.0038386416	0.0010991624	0.0016571851	0.0049972343	0.0012867226	0.0014262003	0.009267095	0.0006580552	0.0012610807	0.0005261625	0.0068741515	0.0052595246	0.0027131385	0.0005605243	0.0012985335	0.0011385379	0.00013434608	0.0012565078	0.0009216715	0.000739777	0.0017658476	0.002249132	0.0058029173	0.0039656535	0.00019442216	0.016324753	-21.513242721557617
s03e19a	170.0	5.0	0.81934786	0.81934786	0.060058836	0.031990457	0.000660636	0.00239438	0.1162605	0.0017465083	0.0018273072	0.002137835	0.00016445307	0.00044698786	0.0039672526	0.0025943532	0.0020047333	0.00068700867	0.0030454958	0.00062341534	0.0042411624	0.01429372	0.0030619726	0.0019224315	0.0011959734	0.0019020207	0.0003913635	0.0019020207	0.032365922	0.00491765	0.0015627564	0.000295466	0.000141312	0.00025860363	0.0015597362	0.000103883234	0.0002096303	0.0026923951	0.0016326397	0.00092712214	0.0037297728	0.0038529506	0.00029287234	0.0038529506	0.0011449194	0.0050498373	0.018044427	0.002136215	0.00075479905	0.00052505033	0.006128256	0.0022210714	0.004236702	0.020217206	6.856532e-05	0.002156131	0.00094794465	0.009152876	0.0017602033	0.00089629175	0.00069316005	0.00090214703	0.0006204049	0.0003052226	0.012486517	0.0018269392	0.0005862525	0.0021229126	0.0013314626	0.0023124118	0.0024048372	0.00024676212	0.016979285	-22.675769805908203
s03e19a	175.0	5.0	0.6985966	0.6985966	0.05110847	0.030155005	0.00042803906	0.0044223825	0.18832731	0.0008889366	0.0050234087	0.0018606633	0.00010196852	0.00022884988	0.0010488249	0.005305208	0.00060986506	0.00036852658	0.003969931	0.00047954515	0.05064109	0.042136855	0.001954755	0.001954755	0.0009060511	0.0052502975	0.0004619274	0.0052502975	0.12337007	0.023218727	0.0046186256	0.001455013	0.0003314271	0.0008130996	0.009291967	0.0005284633	0.0007925464	0.000508118	0.000508118	0.00029696614	0.0010671737	0.00096729695	4.3026517e-05	0.0012704137	0.00075639936	0.0018125423	0.0038222189	0.0019769263	0.0011361452	0.0013782686	0.004802119	0.0004930398	0.0009418565	0.021595374	0.0009569274	0.0022064394	0.0014249199	0.0014897926	0.0011560104	0.00033447176	0.00027125547	0.0013805144	0.0007677356	0.00029597967	0.0009238687	0.0007843509	0.0003513182	0.0016539823	0.0003504272	0.005860194	0.016731549	0.0001293048	0.089020796	-19.333696365356445
s03e19a	180.0	5.0	0.74772155	0.74772155	0.034112208	0.007527056	0.0005099244	0.0045584217	0.037854478	0.0009601886	0.004646717	0.003344515	8.235238e-05	0.00070274144	0.00079532474	0.053781454	0.0006753252	0.00010527707	0.020022023	0.00015232818	0.015441536	0.44766787	0.003267732	0.003267732	0.0007479389	0.0016790463	0.00069593044	0.00201092	0.03870253	0.008941326	0.0033516511	0.00060011155	0.00020162418	0.0006951109	0.003804487	0.00067694706	0.00032373233	0.0010293557	0.0010293557	0.00038276383	0.0024703967	0.0008795974	0.00012316769	0.0024703967	0.0022116886	0.005606747	0.0019678785	0.0005555252	0.0003426665	0.0009254232	0.0012329303	0.0036831903	0.00091322564	0.014746561	0.00032407694	0.0040002326	0.0024861689	0.00078160735	0.0001298029	0.0003488955	0.00033110526	0.00096044305	0.0005500336	0.00020698653	0.007222738	0.0030220728	0.003104299	0.009266743	0.0031125117	0.0028613992	0.0201084	0.00028076294	0.034277607	-19.78304100036621
s03e19a	185.0	5.0	0.6225525	0.6225525	0.053281344	0.006049566	0.00018448826	0.005286938	0.010328849	0.00067052175	0.005693744	0.0032545512	0.00031647764	0.00018280967	0.0007218864	0.011029335	0.00039842576	0.00021753964	0.0055783167	0.00032915582	0.21913172	0.05974076	0.0017909859	0.0017909859	0.00060305896	0.007449892	0.0010517596	0.007449892	0.07742138	0.02527673	0.00660317	0.0010920631	0.0005111945	0.00057044835	0.020951938	0.00034033184	0.0004853242	0.00064011134	0.00064011134	0.000305062	0.00032215414	0.0004713215	0.00010726341	0.00047619396	0.00073311053	0.0015778383	0.0027654131	0.00047221256	0.0006176585	0.0011505499	0.001730335	0.00051163964	0.000388587	0.11192103	9.768271e-05	0.002961584	0.001791037	0.00021323471	0.00021368838	7.2526396e-05	0.0001698018	0.00096997095	0.0008367534	0.00010693323	0.0007924387	0.0003972557	0.0014151157	0.013692774	0.00076036295	0.0028510033	0.0013022213	0.00015312404	0.03328451	-19.599597930908203
s03e19a	190.0	5.0	0.8547278	0.8547278	0.14301945	0.021240888	0.008737555	0.0028211852	0.093039654	0.014958063	0.0022688254	0.0059979158	0.0030030122	0.0003171095	0.016231142	0.028585885	0.0010508316	0.0005327038	0.014380585	0.0011001864	0.054014914	0.014667059	0.0062529817	0.0062529817	0.0009006634	0.012354054	0.0036495363	0.012354054	0.04698883	0.010724524	0.004038438	0.000596118	0.00017162079	0.00040732513	0.00653431	0.0006232027	0.00038702594	0.0050486918	0.0030820114	0.005025795	0.004590189	0.0036980463	0.0013607395	0.004590189	0.0047006113	0.012141678	0.005037863	0.0002748747	0.0003091505	0.00022178824	0.0014362657	0.0024300595	0.0009882126	0.017803514	0.00047153563	0.0044313706	0.00095118524	0.01082843	0.00027991913	0.0036651813	0.0005980557	0.00096524257	0.0008982598	0.00018893738	0.0025232262	0.0018957512	0.01263312	0.0068614185	0.0016435463	0.010068486	0.004563046	0.00020368413	0.01263312	-21.605037689208984
s03e19a	195.0	5.0	0.7012634	0.7012634	0.06759864	0.011955436	0.00034038682	0.010483876	0.10743471	0.0006926562	0.006329576	0.0018512028	0.0011040447	0.0005337714	0.00953315	0.0045173108	0.0050370838	0.0001660263	0.004992895	0.0008674229	0.03771844	0.0362679	0.0041155675	0.0020722186	0.00071289594	0.0018500015	0.0006260233	0.0026739875	0.056988057	0.019430129	0.009988313	0.0015399951	0.0003465721	0.0011166198	0.009250455	0.0010033633	0.0004185626	0.001041899	0.0005359948	0.0008383112	0.001184439	0.0010000117	0.00025184793	0.001184439	0.0023659698	0.002738925	0.0051469207	0.00073338795	0.00068675925	0.0011936937	0.008009436	0.0016884852	0.0014399957	0.009854415	0.00086358725	0.0018069536	0.002294307	0.0049428823	0.0012698772	0.01425626	0.0008100307	0.0030804016	0.00097061804	0.0004324484	0.01123819	0.0038515362	0.0010210192	0.0022156802	0.004586323	0.0068074414	0.003186319	0.00040491493	0.01123819	-19.75428009033203
s03e19a	200.0	5.0	0.20956469	0.20956469	0.0014869508	0.00088050764	0.00063032546	0.0020837917	0.014229648	0.00040516767	0.06832431	0.005936993	0.00039263084	0.001470032	0.0017429073	0.005228199	0.00101953	0.00070382556	0.0026992746	0.00022686073	0.008619165	0.008412046	0.05999972	0.0481167	0.0055389903	0.028749635	0.00490552	0.028749635	0.786253	0.07047521	0.028831806	0.0009673721	0.00036978137	0.00067563937	0.027161047	0.014925995	0.00896919	0.0021066824	0.0021066824	0.00053841755	0.0028508487	0.0031285642	0.00019999707	0.0031285642	0.0011312923	0.010827751	0.013882005	0.00041302206	0.0008949758	0.00042850163	0.005059297	0.0068325307	0.0031770684	0.0014848283	0.00025669887	0.012341848	0.0015823338	0.00093241566	0.00054284814	0.001010983	0.0009170229	0.00041121195	0.00040854738	0.0011885727	0.0015066914	0.00051744457	0.0015003177	0.0051830746	0.0011824674	0.007346369	0.0030141827	0.0002988213	0.0051830746	-19.52291488647461
s03e19a	205.0	5.0	0.7836712	0.7836712	0.0034552554	0.0018660707	0.00018063685	0.0003656613	0.0009901819	0.001220572	0.0007303457	0.0033111211	0.0014389929	2.8149578e-05	0.009780846	0.22839563	0.0027742616	0.00010862664	0.0007141886	0.00016116424	0.00032330948	0.0005383888	0.0305526	0.018259585	0.002366527	0.0043957764	0.0019654012	0.0043957764	0.039244313	0.0027540342	0.0009272979	0.00019454639	0.00022712152	0.0001420464	0.002011564	0.00012998942	0.00016480092	0.003980173	0.0029037623	0.0023038667	0.00042618127	0.00084960135	0.000640227	0.00084960135	0.008729876	0.0034438712	0.0015577623	9.123967e-05	0.00019914193	0.00010416902	0.0044846237	0.0022928799	0.0006184947	0.051035326	0.00048118096	0.020611865	0.0008993436	0.00034673323	0.00035981878	0.0025303168	8.011428e-05	0.00048065814	0.00047960048	0.0002768829	0.0021561885	0.0019093524	0.0016663641	0.08522504	0.0018374247	0.008282953	0.0012250318	0.0005880974	0.08522504	-27.375629425048828
s03e19a	210.0	5.0	0.6350035	0.6350035	0.004166015	0.00057517085	0.00012757767	0.00017183923	0.00033671307	0.0004641991	0.0005965195	0.0014257208	0.0012095942	9.479134e-05	0.001389931	0.3040325	0.00097562553	0.00032494258	0.0004157822	0.00036679633	0.00048002787	0.0003461757	0.03599966	0.0074663977	0.0008461205	0.005273962	0.00232006	0.009326647	0.014295474	0.002297609	0.00057936896	0.00046229502	0.00024881607	0.0002546488	0.001345244	0.00020105112	0.00010635917	0.06985272	0.05463308	0.03877074	0.0025026891	0.009786301	0.011322937	0.009786301	0.04886928	0.019630542	0.0011970755	5.198909e-05	0.000359094	0.00021321398	0.00080579676	0.0056734285	0.0008312065	0.0054009873	0.0006043035	0.0020460763	0.0004795383	0.0004440363	8.914194e-05	0.003053225	3.982911e-05	0.0005612984	0.00033364852	0.00028138194	0.0015012866	0.0010123454	0.015143396	0.008032903	0.00055199047	0.00923971	0.0016212096	0.0002523984	0.015143396	-26.745100021362305
s03e19a	215.0	5.0	0.86628604	0.86628604	0.08391403	0.068783306	0.0017532167	0.0025727751	0.08799748	0.004497146	0.0021236613	0.007229827	0.00034765273	0.0005851179	0.0024191674	0.008769935	0.0023300536	0.00032641148	0.0031710544	0.0009891621	0.0016908417	0.022733277	0.0070403456	0.0027765143	0.0014414589	0.0021879778	0.00059345725	0.0032675816	0.013687997	0.003028892	0.001120815	0.0008917854	0.0005847014	0.0006203082	0.0011557549	0.00020609345	0.00016375691	0.021692654	0.002868289	0.021692654	0.0045515806	0.0017235235	0.0033716355	0.0045515806	0.0031501213	0.001479692	0.0008035302	0.00020781808	8.1840306e-05	0.0002357664	0.00081061013	0.0011953749	0.00056352036	0.0053475657	0.00011372967	0.0021767707	0.00091522647	0.0025623254	0.00024760372	0.00893586	0.0005392033	0.00068083004	0.000824437	0.00025631124	0.0021716903	0.001075004	0.0006397268	0.0017911249	0.001567773	0.006465058	0.0034426518	0.00032254902	0.010859989	-20.500917434692383
s03e19a	220.0	5.0	0.83979064	0.83979064	0.1316839	0.0050007966	0.00061617093	0.0043604337	0.14340481	0.0005197654	0.0026919805	0.0011242197	0.00013515608	0.00023671897	0.0042989184	0.007736457	0.00049097626	0.000114280614	0.0107006	0.00018440755	0.011951736	0.034599856	0.0062509137	0.0062509137	0.0007757517	0.007716642	0.0015988416	0.007716642	0.03415149	0.019011054	0.0077425106	0.0019882245	0.00043311054	0.001470632	0.0100753615	0.000476923	0.0002400963	0.001628083	0.0005855687	0.00065530866	0.0011316242	0.0006415487	0.00012828178	0.0011316242	0.0008136829	0.0019277161	0.001244742	0.00030528518	0.0002698576	0.00029970062	0.0016009392	0.0014590854	0.00068205746	0.027810482	0.00023562349	0.0058173505	0.0010822142	0.0036367176	0.0005401138	0.0021748585	0.0011217464	0.0012437778	0.00035755406	0.00023868549	0.011028825	0.0025230988	0.0009039299	0.0027970434	0.00073463726	0.0028940288	0.012221135	0.00015714919	0.029633451	-21.98526763916016
s03e19a	225.0	5.0	0.6077538	0.6077538	0.003113494	0.0024236238	0.00022162274	0.0002298604	0.0009792303	0.001990476	0.0009162269	0.002444619	0.0006521157	7.109767e-05	0.001691109	0.17160664	0.00065702875	0.0003313197	0.0005460433	0.0009502292	0.0005942148	0.00048303528	0.014075679	0.0024366665	0.0010960293	0.0015615856	0.0011725829	0.0015615856	0.03877277	0.002665311	0.0007307585	0.00034247086	0.00028271033	0.00016857237	0.0035548257	0.00023292145	0.00028933128	0.030927647	0.030927647	0.022703307	0.001121405	0.010137314	0.009537581	0.010137314	0.011292008	0.013944835	0.0023345184	0.00013369611	0.00021212631	0.00020556591	0.0035672043	0.0048155924	0.0009622282	0.0220837	0.0004225401	0.011422285	0.00037344993	0.00036174088	0.00052401016	0.012819911	8.6698004e-05	0.0006132527	0.0002662148	0.00039663588	0.000991012	0.0017405179	0.03967852	0.07550685	0.00056486984	0.0119572785	0.0004976528	0.0007485703	0.07550685	-29.02676010131836
s03e19a	230.0	5.0	0.66221046	0.66221046	0.0042171814	0.0008295496	0.00018670243	0.00036695212	0.0010223229	0.0025495468	0.0026016084	0.0017939474	0.0023012112	4.1657677e-05	0.0020148063	0.277543	0.0011075505	0.00019686003	0.0010605777	0.0015902143	0.0006921168	0.00078313315	0.040945396	0.0050238543	0.0012659524	0.0019092481	0.0011683617	0.0019092481	0.058086615	0.005280322	0.0012533583	0.0005604786	0.00044706732	0.00050626544	0.002651358	0.0001749414	0.00021338888	0.035743788	0.035743788	0.029969145	0.0025331276	0.0053270864	0.007752536	0.0053270864	0.038533445	0.04905205	0.011344903	0.00014196555	0.0007751709	0.00020279913	0.0023467178	0.009049878	0.0018195421	0.065524146	0.00071718276	0.009434249	0.00080773066	0.0013750716	0.00021157366	0.001534492	0.0012382747	0.0005161011	0.00021858983	0.00022750927	0.008465924	0.002609898	0.0049114823	0.02615671	0.0006035322	0.003187584	0.00036629033	0.00083601545	0.044815276	-24.332916259765625
s03e19a	235.0	5.0	0.86265665	0.86265665	0.009829642	0.014678641	0.0002672623	0.0004801489	0.00059573515	0.0005045211	0.00050590653	0.0065895594	0.000121678844	0.00021167958	0.0022850067	0.004051428	0.0020604362	3.0774423e-05	0.00010255008	0.00013133677	7.648495e-05	0.0006706157	0.010246726	0.010246726	0.0012236813	0.006502477	0.010110764	0.010110764	0.050437413	0.0025029082	0.00058344053	0.0003839012	0.00011177932	0.00034708247	0.00085182977	0.00025571344	0.00010995895	0.005398473	0.005398473	0.00070873095	0.015865972	0.0036489954	0.00027887573	0.015865972	0.00042193555	0.064452186	0.0006720533	0.00018353379	0.00035370572	0.00027990737	0.0022158278	0.0005495332	0.00016769399	0.0030459764	0.0002125774	0.0027032967	0.0010548754	0.00024060869	0.000101089245	0.002926235	8.985842e-05	0.00039279764	0.00032428434	0.00055359013	0.0014529251	0.0005342359	0.00017449558	0.0006621513	0.00097343064	0.65686965	0.00070116867	0.00028640864	0.0062718103	-22.06473922729492
s03e19a	240.0	5.0	0.7198167	0.7198167	0.005256452	0.16558686	0.0012098668	0.00070716534	0.0012550594	0.0010247012	0.002922499	0.010826168	0.0002468153	0.00044285398	0.0027846459	0.006828394	0.002067791	9.748887e-05	0.0035688893	0.00025997567	0.0003260209	0.0009093366	0.0071114562	0.00456746	0.0009989796	0.0043082745	0.001781589	0.0043082745	0.060326867	0.006726021	0.0017856812	0.0013213193	0.0007096552	0.0014443678	0.0020943964	0.0009146468	0.00069334934	0.003985017	0.0011675701	0.0030280997	0.0035026378	0.0007874146	0.00046587695	0.0035026378	0.0013212967	0.006680037	0.005483816	0.00033292026	0.00037416213	0.0011754766	0.0019079192	0.001017205	0.0020528839	0.008140675	0.0014463182	0.008343894	0.00386997	0.0016776179	0.002689025	0.020089254	0.00013561024	0.0013017935	0.0008599258	0.00036158419	0.0065959427	0.0061763255	0.00069467904	0.0016564935	0.0020940914	0.016349467	0.0032216834	0.00043582308	0.017739115	-22.15013313293457
s03e19a	245.0	5.0	0.6320368	0.6320368	0.033268176	0.005075614	0.00057113904	0.0012927343	0.103440605	0.00023098348	0.004744574	0.0013561047	0.0019597122	9.983536e-05	0.00070375175	0.0049056574	0.000511025	0.0013499163	0.00043058128	0.0006495001	0.0051160683	0.04153412	0.009531008	0.0029386042	0.0028184552	0.0042494107	0.0016019387	0.0042494107	0.023569044	0.0061457385	0.0020946674	0.00089535024	0.00046743316	0.00058036717	0.0056089773	0.00018005872	0.00024457046	0.0040687267	0.0040687267	0.0021762063	0.0015989321	0.0028201472	0.00074075017	0.0028201472	0.0011879378	0.015343462	0.010035775	0.00095328916	0.001094896	0.00042794526	0.010448345	0.0026539352	0.0014862359	0.018520612	0.00014029979	0.011446341	0.0006072012	0.00078309287	0.00013805609	7.707669e-05	0.0002552475	0.00048757935	0.00013053272	0.0004589359	0.0018442089	0.00040279498	0.0072314423	0.005315048	0.0007128426	0.0048063532	0.00073398615	0.00045967405	0.030040035	-21.00248146057129
s03e19a	250.0	5.0	0.7372865	0.7372865	0.001588855	0.0029443784	0.0008639551	0.00030223283	0.0006744858	0.0002625583	0.00044432806	0.0079958355	0.00029635127	0.00017763078	0.0036550714	0.109296046	0.00088481285	0.00021602047	0.0003865018	8.001617e-05	0.00020756203	0.00081119087	0.1709134	0.04217605	0.00521524	0.002954583	0.0022497335	0.002954583	0.023752576	0.0013047229	0.00034517108	0.0004614266	0.0002813353	0.00020917068	0.00088383036	0.00020259038	0.00012560001	0.065028615	0.007595403	0.065028615	0.0019496898	0.0017439696	0.010960352	0.0019496898	0.02018166	0.0046719583	0.001207276	0.000113520015	0.00023113415	0.00030444635	0.0030795569	0.0072246706	0.00026595502	0.010601344	0.00052194315	0.010852972	0.00068064546	0.00028456622	9.5343334e-05	0.000475195	9.0658774e-05	0.0006956029	0.00023877791	0.0003670373	0.0006576518	0.00047713768	0.00452252	0.011338283	0.00030180553	0.017621337	0.0019322904	0.00035236953	0.011338283	-26.164649963378903
s03e19a	255.0	5.0	0.80719876	0.80719876	0.05195862	0.0034659456	0.0007694788	0.0023343074	0.17853975	0.00091775105	0.0019628457	0.007866704	0.00019026542	0.0008270918	0.0063096657	0.007322071	0.002127209	0.0015545056	0.0037117007	0.00016859053	0.0043634987	0.027130378	0.0061885896	0.0061885896	0.0017051761	0.008613569	0.0025462152	0.008613569	0.031371344	0.015796885	0.0065509225	0.001922469	0.00048537878	0.002063746	0.004293674	0.000512614	0.00026146762	0.005280124	0.003635992	0.005280124	0.0063132457	0.0036047006	0.0010024547	0.0063132457	0.0027385692	0.0067362036	0.0029870109	0.00067215355	0.00069462846	0.00046804	0.0027075717	0.0038610685	0.0007767999	0.007545027	0.00037032427	0.001628135	0.0003855419	0.0013111782	0.000112222006	0.005218264	0.00087720284	0.0010111381	0.00043380866	0.0003230827	0.0033389914	0.0008722009	0.0009858777	0.0031213108	0.001719445	0.0033597222	0.0065788147	0.00034127032	0.0065788147	-21.70913314819336
s03e19a	260.0	5.0	0.8423279	0.8423279	0.081188105	0.01785001	0.00054562755	0.0060807606	0.18083997	0.0006631902	0.0040808637	0.0028237887	0.00011728794	0.00067040604	0.0015519069	0.011440051	0.0020111257	0.000250408	0.004791348	0.00036353356	0.04721553	0.064362094	0.0032514078	0.0032514078	0.00087627553	0.004714922	0.0020216897	0.004714922	0.037744682	0.02283423	0.015736578	0.0019077938	0.0003494111	0.0014154434	0.005615559	0.0007593333	0.00038850307	0.0017628882	0.00094563846	0.0017403315	0.006998587	0.0018963171	0.00031797588	0.006998587	0.0007683808	0.0037035279	0.0016598018	0.0007722534	0.00030163926	0.00056338153	0.0027162833	0.0011326461	0.00054764707	0.00766775	0.0005370478	0.0011248185	0.0005901055	0.0021767055	0.00023866957	0.00856377	0.00025034806	0.001733858	0.00070150994	0.00024067386	0.0025759032	0.0018184478	0.0006169287	0.0010535156	0.000747962	0.003125441	0.004016616	0.00028969618	0.0071579274	-20.42300796508789
s03e19a	265.0	5.0	0.8739086	0.8739086	0.05323735	0.16440131	0.00037940245	0.0024766028	0.14478558	0.00050286134	0.0028525016	0.0068807593	3.995316e-05	0.00030666497	0.0020935487	0.0050018523	0.001958258	0.0002788861	0.0049169757	0.00019841413	0.007121098	0.101523146	0.004667373	0.0016361176	0.0011607767	0.0031785122	0.00063202693	0.0031785122	0.016130239	0.006486048	0.0018900846	0.0010436992	0.00022615193	0.0007384176	0.0012389112	0.00032139884	0.00019216373	0.0021640903	0.0015715844	0.0021640903	0.0038625635	0.002144804	0.00023577113	0.0038625635	0.0013290921	0.0035752316	0.002024756	0.0008458844	0.00029483228	0.00044858686	0.0020164233	0.0011577515	0.0011872619	0.0038868205	0.00036668338	0.0020174696	0.00088425196	0.0012184063	0.0003084507	0.00353929	0.00054632383	0.0004430385	0.00020105632	0.00018780369	0.0013569717	0.0006175408	0.0005049675	0.0013935852	0.001103813	0.011542819	0.010771161	0.00018311464	0.010771161	-23.90878677368164
s03e19a	270.0	5.0	0.80471635	0.80471635	0.03259809	0.18321475	0.0006686775	0.000594974	0.004516983	0.00074211136	0.0018515808	0.0058157593	0.00022712717	0.00051237294	0.005126649	0.0053622047	0.001074684	8.776506e-05	0.0012314832	0.0004951181	0.0004718486	0.0010607904	0.009235704	0.0047169724	0.0013443922	0.0035449162	0.0011453753	0.009372766	0.071702905	0.007353097	0.0026047062	0.0011001524	0.001086235	0.0009222821	0.004329255	0.00049854565	0.00047302258	0.010630873	0.0018857735	0.010630873	0.0005026634	0.00092601153	0.0027560059	0.00092601153	0.0014679632	0.003695949	0.0034114183	0.00022024992	0.00041863823	0.00071126083	0.0019301167	0.0006767535	0.0009859297	0.011072203	0.00042197775	0.0077756857	0.0039956206	0.0032119593	0.0009656483	0.018157043	0.00039050946	0.0012516308	0.001163694	0.00043854967	0.007037489	0.0021507496	0.0007806424	0.0026265776	0.0019986387	0.004462758	0.0013619284	0.00010877911	0.015471475	-20.925886154174805
s03e19a	275.0	5.0	0.87364733	0.87364733	0.09472308	0.03128686	0.00041506623	0.0012949341	0.07396362	0.0007550853	0.0010795647	0.006157388	0.00018253484	0.00040750223	0.005102098	0.009081286	0.0026460837	0.0010854614	0.0014804727	0.0004551404	0.0016362502	0.063971415	0.02905274	0.0077335876	0.0022811226	0.004642666	0.0011687184	0.037910353	0.04801694	0.0065733166	0.002467902	0.00085651415	0.0003419169	0.0009674587	0.0012069443	0.000236259	0.0001456998	0.0069481074	0.0013839573	0.0069481074	0.0019421921	0.001316786	0.0014694092	0.0019421921	0.0018832522	0.00565792	0.00987728	0.0008871361	0.00036087752	0.00043990434	0.005620921	0.004145779	0.004250145	0.0152425	0.00016863023	0.009411318	0.0011024205	0.004834565	0.00030854627	0.0038258394	0.0023913863	0.0007066658	0.0009052925	0.00036553564	0.00703189	0.0006403829	0.0009345948	0.0013654876	0.000952566	0.0047513065	0.0035087047	0.0007616219	0.00703189	-25.50380516052246
s03e19a	280.0	5.0	0.85622925	0.85622925	0.011524531	0.26482624	0.0012580197	0.0021780243	0.013024001	0.010350568	0.006343374	0.025572484	0.0017003419	0.00076929736	0.010970095	0.0027428623	0.003109721	0.00090878754	0.0013074036	0.00032977146	0.00039135903	0.0033579331	0.014126053	0.014126053	0.002299571	0.0018712851	0.00185533	0.0018712851	0.09584108	0.00754966	0.0021715725	0.0013966816	0.0008648822	0.0010693759	0.0020265703	0.00049802766	0.00049443543	0.0011269131	0.00061059906	0.00084258494	0.0009852505	0.0005829922	0.00020706608	0.0009852505	0.0005361596	0.0017307582	0.0038236661	0.00025294285	0.00043102645	0.0010694758	0.0018090449	0.00092773803	0.00093941344	0.001371014	0.0011955155	0.0019456152	0.00074319413	0.002978341	0.0013877929	0.006357649	0.0002468892	0.00066939415	0.0015725805	0.00028718574	0.0011270124	0.00034639327	0.0003720658	0.0026808134	0.0006418931	0.004045441	0.0018055299	0.00042276672	0.00935906	-20.333459854125977
s03e19a	285.0	5.0	0.8607026	0.8607026	0.05009603	0.018923135	0.0013106638	0.0039769737	0.17769149	0.0014895925	0.0017181964	0.0028026884	0.00011167801	0.00028985974	0.0022377232	0.014740063	0.007221125	0.00031206018	0.004874032	0.00034004624	0.009391272	0.04825467	0.0036127213	0.0036127213	0.000687781	0.011288925	0.0020418474	0.011288925	0.07043992	0.018365903	0.00846572	0.0017064787	0.0006418276	0.0019249364	0.0066732257	0.00028899303	0.00062022835	0.0008156283	0.00046565296	0.00045292638	0.003156394	0.0005578984	7.087922e-05	0.003156394	0.0013488259	0.00311143	0.001602018	0.00033353717	0.0007711951	0.0008624257	0.002363875	0.0019500166	0.0011069624	0.0071132206	0.0010656259	0.003866907	0.002099745	0.003823808	0.00095902756	0.0079699345	0.00038881987	0.0015648685	0.0003072239	0.00018359961	0.013236653	0.0021996757	0.00036719796	0.0013771259	0.0014907354	0.0057503935	0.006725871	0.00015654617	0.013236653	-20.09149932861328
s03e19a	290.0	5.0	0.75718194	0.75718194	0.018648712	0.03289188	0.00046755173	0.0011574301	0.042216897	0.00092197466	0.0014806603	0.0031562964	0.0010914744	0.00089080544	0.005405023	0.009371977	0.0011839438	0.0011572046	0.00084640883	0.00086504576	0.002838046	0.024570813	0.029293377	0.0119976085	0.004610605	0.005601871	0.0066989087	0.0066989087	0.05465855	0.005191466	0.0022332626	0.0009709108	0.00032491874	0.0007496068	0.0024992847	0.00038737734	0.00035300705	0.010875083	0.010875083	0.005363533	0.010561107	0.019396635	0.0019647118	0.022871716	0.0021843289	0.034877162	0.07162337	0.019182326	0.0056899283	0.0014687489	0.05574523	0.0033618785	0.006395653	0.0062928116	0.0004021232	0.00079416565	0.0012749843	0.0080451425	0.0010740325	0.004438048	0.0017147672	0.0015190989	0.0010085491	0.0016783222	0.0046258327	0.0015377839	0.0048275543	0.002448803	0.0026854477	0.006662964	0.0019234399	0.0001907817	0.017732453	-20.849346160888672
s03e19a	295.0	5.0	0.86453944	0.86453944	0.11889359	0.007734927	0.00030291567	0.0042609065	0.40262958	0.0018625418	0.0027842857	0.0010758204	9.808257e-05	0.00043252532	0.0028811852	0.0014093722	0.0033818556	0.0012336164	0.0032873563	0.00019142017	0.003503545	0.06251595	0.0028427392	0.0026697854	0.0017868852	0.008554322	0.00068529375	0.01162605	0.021568019	0.009211059	0.0041614436	0.00092725246	0.00046686034	0.0013264973	0.002018328	0.00050919456	0.00027377572	0.0011087968	0.0011087968	0.0010872005	0.002946629	0.0015509423	0.00028908177	0.002946629	0.0010468983	0.00452849	0.0036766413	0.00093282264	0.0010818889	0.0009729188	0.00205768	0.0020820769	0.002264319	0.003184071	0.000115589646	0.00147149	0.0011819049	0.004926249	9.5985466e-05	0.00037083105	0.00057435187	0.0011789774	0.0002673347	0.00021762843	0.0021855016	0.00066396303	0.0007063225	0.0075998968	0.0011807475	0.0017694008	0.005519865	0.000110110035	0.0075998968	-21.645496368408203
s03e19a	300.0	5.0	0.87154096	0.87154096	0.0030312901	0.06756764	0.0003221704	0.0016224433	0.0060140137	0.0008756875	0.0022623818	0.018062185	0.0002628947	0.00033912424	0.0044610933	0.0061341315	0.00089975673	0.00015502924	0.0007930083	0.00025814076	0.00026427917	0.004437176	0.027331615	0.023632247	0.0032331715	0.002530702	0.0038988318	0.005844406	0.18956904	0.005216524	0.00097143825	0.0013629872	0.0005023391	0.0010788256	0.0014268319	0.0058070174	0.0006605466	0.005058652	0.0018646864	0.0035212527	0.0025203452	0.0013894003	0.0005065478	0.0025203452	0.0017900774	0.0055377977	0.009594896	0.00051068806	0.00035208347	0.00090700807	0.002579758	0.004090134	0.00203687	0.019770462	0.01142376	0.0032995387	0.00950011	0.004498243	0.0008575227	0.006243129	0.0015761198	0.0011773508	0.0004717105	0.0003638862	0.0047355397	0.0026558645	0.0003146347	0.0035385299	0.021462282	0.012373705	0.037885692	0.00010488027	0.037885692	-24.058439254760746
s03e19a	305.0	5.0	0.85872096	0.85872096	0.03963882	0.111420736	0.002215524	0.007371235	0.009865811	0.0036576826	0.0013531864	0.01951052	0.0012179589	0.0002919067	0.0015674849	0.0044085374	0.001385984	0.00042734007	0.0006750028	0.0005050703	0.00078037306	0.006131234	0.009985669	0.009985669	0.0017067223	0.0051839454	0.0028247463	0.0051839454	0.09159865	0.0059667677	0.0014835396	0.00039060108	0.00019342921	0.00029676605	0.0029346698	0.00055388856	0.0003680754	0.0025913096	0.00076608727	0.0011226295	0.0014133494	0.0010533319	0.000120262564	0.0014133494	0.00070589344	0.0015434098	0.0033630978	0.0005025817	0.00061156583	0.00083069305	0.00232661	0.00052726176	0.00085599854	0.004733787	0.00051722757	0.0037713677	0.00047728437	0.0016227708	0.00037105082	0.0023442595	0.00020440399	0.000866738	0.00038316613	0.00018122049	0.0013743947	0.0011832837	0.0005001723	0.0013853175	0.00034200703	0.01953744	0.012594072	5.7558707e-05	0.02280218	-21.836181640625
s03e19a	310.0	5.0	0.7214685	0.7214685	0.018168347	0.04815928	0.00024092822	0.003600285	0.18148905	0.0016317843	0.0071913432	0.0035190198	0.003707591	0.00057389605	0.0072671524	0.00475587	0.0020879155	0.0009493551	0.0015777684	0.0009655627	0.006552841	0.015047391	0.014020788	0.0020248669	0.0013651638	0.002435327	0.0004972125	0.002435327	0.13284278	0.009880136	0.003483709	0.0015157013	0.00040302236	0.00092386256	0.0024400803	0.0006129786	0.00051294535	0.0055842344	0.004726673	0.0055842344	0.007831983	0.008773684	0.0019313617	0.010141367	0.0018763632	0.0062877983	0.008334194	0.0039508445	0.00077864825	0.0011900342	0.012496477	0.0013259541	0.0027376984	0.011539881	0.00046194237	0.0010789001	0.0018783147	0.0025877773	0.001562418	0.0111540705	0.000657372	0.0013274393	0.0012603435	0.0005845552	0.0031852787	0.0009649833	0.0020364278	0.004334417	0.0018043745	0.009801927	0.0040168716	0.00017469985	0.030220248	-21.40884017944336
s03e19a	315.0	5.0	0.74106634	0.74106634	0.01761442	0.16834864	0.00052500505	0.0039197057	0.0698183	0.0022153512	0.0032748855	0.012487083	0.00037802442	0.00059541047	0.0017215974	0.0037003201	0.001348036	0.00079366524	0.0023706667	0.0013260941	0.006123254	0.11331685	0.0036441025	0.0036441025	0.0013458976	0.0026820058	0.000644036	0.0026820058	0.040473975	0.006638493	0.0019509447	0.0007230244	0.00037129977	0.0009136712	0.0033453195	0.0005748251	0.00044267462	0.002157227	0.002157227	0.0016294259	0.002538899	0.0022508553	0.00051144947	0.0027180598	0.0019347104	0.0040775007	0.007148479	0.0015606738	0.0006788996	0.0017092744	0.006449807	0.0020420135	0.00234054	0.0055677253	0.00061230187	0.0009430512	0.0013485131	0.0014266145	0.00167051	0.004836501	0.00029133118	0.0010312677	0.00025680533	0.00024068163	0.0016915995	0.0008761424	0.002106097	0.0015142082	0.002882858	0.007386791	0.007292522	0.00017614316	0.0114024775	-22.1035099029541
s03e19a	320.0	5.0	0.8691056	0.8691056	0.011770164	0.4793409	0.0008294358	0.0010045355	0.002596418	0.002339243	0.0026781019	0.065583214	0.00056310854	0.0003233967	0.00368841	0.0038439056	0.0007129255	0.000317049	0.00060664874	0.00087583024	0.00022974229	0.0022370557	0.009469369	0.009469369	0.0037365044	0.003128017	0.0018775798	0.003128017	0.095480345	0.0046729674	0.0008135181	0.0008008101	0.0011587716	0.00068355835	0.001760918	0.0011074793	0.0005098899	0.0034784223	0.0009168255	0.0032415974	0.0013026604	0.001049797	0.00089582044	0.0013026604	0.0011318092	0.0026011928	0.0045573227	0.00024186845	0.00020660598	0.000977019	0.001412637	0.0011074793	0.0011053619	0.00074481854	0.000970238	0.0019802067	0.0009309142	0.0051099462	0.00083543366	0.01841822	0.00013858736	0.0009058698	0.0014536973	0.00019959206	0.0020864804	0.00079545326	0.00022171764	0.0004214025	0.0010804124	0.009245553	0.0009027047	0.00019664541	0.00616521	-21.5035400390625
s03e19a	325.0	5.0	0.91641307	0.91641307	0.029692072	0.27342075	0.0004536365	0.005115032	0.018930404	0.0015994125	0.0015788656	0.010615648	9.1833754e-05	0.00014248469	0.0010195816	0.018333524	0.0014394397	0.0001342823	0.0010139177	0.0011598864	0.0011431866	0.025692493	0.008014336	0.0053873695	0.0007587879	0.003326327	0.0009391695	0.003326327	0.24824798	0.011125428	0.0018137246	0.00081685017	0.00026579632	0.002330925	0.0037220905	0.0003304106	0.0011791162	0.00095260964	0.00022852542	0.0005654336	0.0005045374	0.00025580783	6.697597e-05	0.0005045374	0.0007985721	0.001346706	0.0015936133	0.00013491068	0.0001119533	0.0009097544	0.00053096405	0.0006594408	0.0013668265	0.003045522	0.0003384247	0.008521223	0.0013299	0.0036687667	0.00064572773	0.0024951443	0.00012343636	0.000640317	0.00030266104	0.00020570708	0.0036502453	0.00095190917	0.00025898535	0.00070842035	0.0013095676	0.008203204	0.0100903055	5.6351575e-05	0.014354885	-21.591108322143555
s03e19a	330.0	5.0	0.8835905	0.8835905	0.018135179	0.56122947	0.0007055992	0.00079384976	0.010215673	0.0018549212	0.0045350445	0.01725572	6.370314e-05	0.00017437848	0.0035288685	0.002870689	0.0008972445	0.00019064441	0.0017965512	0.00090928556	0.00032108923	0.0013396121	0.0077587073	0.0077587073	0.0012238573	0.004729808	0.0015089802	0.004729808	0.039736077	0.004646519	0.0013955727	0.0011343089	0.0004339232	0.000680212	0.0021593918	0.000729269	0.0005342428	0.0026786635	0.0006716966	0.0018014677	0.0004911864	0.00042514797	0.000468569	0.0004911864	0.0014764548	0.0013531212	0.002461939	0.00022964898	0.00014408087	0.00064197014	0.0015020953	0.0005860268	0.0012961728	0.0026907492	0.00041832085	0.002618047	0.001422905	0.0018172538	0.00074351724	0.01943146	0.00014276417	0.0006322122	0.00024833213	0.00020724897	0.0026679654	0.000596141	0.00034345026	0.0003262208	0.0013394922	0.016574755	0.0014193781	0.00019298561	0.005558772	-21.08280372619629
s03e19a	335.0	5.0	0.9236339	0.9236339	0.04475074	0.106880754	0.0009990181	0.0029843536	0.116526365	0.0029432534	0.002850194	0.005872511	0.00014583157	0.00020267752	0.003244233	0.0017842123	0.0061539663	0.00037315564	0.0022216379	0.0005826959	0.0018187334	0.024709305	0.003098586	0.003098586	0.0010220181	0.0013502217	0.0006805566	0.0043482035	0.042956885	0.0058999276	0.0025370135	0.000616665	0.00023796607	0.00042078877	0.0012051585	0.000855599	0.00018986418	0.0015882954	0.0005092419	0.0010064456	0.002049836	0.0012959173	0.00016789974	0.002049836	0.0008387983	0.0021321347	0.0040079798	0.0003644071	0.00013317978	0.00068522384	0.0012515223	0.0006408881	0.0017710514	0.0057788957	0.00095718086	0.00067607994	0.0011099592	0.006872221	0.004908789	0.18072894	0.0006870231	0.0011324638	0.0005079132	0.000202779	0.0031755206	0.0054575587	0.0002210445	0.0010880413	0.003202666	0.016254684	0.0029984755	0.0002594648	0.009408056	-21.46196174621582
s03e19a	340.0	5.0	0.8473579	0.8473579	0.07213904	0.021762423	0.0011851032	0.0026282445	0.2771177	0.002449135	0.0014057431	0.0030070264	0.0002140979	0.0005075524	0.0019340421	0.004529541	0.0014767478	0.0015667113	0.0018651339	0.00055634126	0.0066419938	0.14559054	0.0037881723	0.002571192	0.0022538258	0.0074283415	0.0010981691	0.0074283415	0.086654745	0.011089854	0.0045722234	0.0009731019	0.00047558267	0.0011144505	0.0060729845	0.0006809537	0.00050005934	0.0018901376	0.0018901376	0.0011569639	0.003771536	0.0030446535	0.0006036513	0.003771536	0.0011306454	0.008111938	0.0057469434	0.001247984	0.0010588645	0.0011205791	0.006956265	0.0009303081	0.0025298186	0.0046948837	0.0002225222	0.0006775693	0.0008508583	0.003844026	0.00028671024	0.0031083066	0.0006457581	0.0012225372	0.0004898478	0.0006460617	0.001780592	0.00092498114	0.0021430189	0.0021750438	0.0010985056	0.0033101407	0.0022656475	0.00051804614	0.0055227033	-24.466121673583984
s03e19a	345.0	5.0	0.8939808	0.8939808	0.0307044	0.09456632	0.00022384962	0.005049109	0.32254916	0.0013469348	0.0019384965	0.0012717339	0.0003562467	0.00029052238	0.0016196929	0.003744003	0.0037183652	0.0008252642	0.0011804934	0.00085691095	0.004433462	0.14537644	0.0026854516	0.0026854516	0.0014545863	0.0033207275	0.00052721956	0.0033207275	0.061119825	0.0056882906	0.0026673249	0.0009386874	0.00020549125	0.0007603485	0.0022804118	0.000426593	0.00035165343	0.0013057558	0.0010182414	0.0013057558	0.002710254	0.002666541	0.00030054472	0.0034655044	0.00063668523	0.0051439335	0.0061719953	0.0014371632	0.0005889199	0.0016463122	0.0032630512	0.0005983727	0.002371702	0.006596021	0.00047371341	0.00078333094	0.0008275581	0.0019446524	0.00052013266	0.0034942927	0.00039569702	0.00081314694	0.00026904736	0.00027170972	0.0008965168	0.0006111291	0.00061902544	0.0015329871	0.0015398748	0.0041577537	0.004976222	6.940605e-05	0.012269194	-21.305030822753903
s03e19a	350.0	5.0	0.8900085	0.8900085	0.33310547	0.017896581	0.00055095623	0.0014436658	0.0074894545	0.0028492254	0.001511546	0.0013254636	0.00049231347	0.0002134833	0.0035655368	0.0035459758	0.0011289201	0.00011145118	0.001114261	0.0002319428	0.0003479107	0.0027456642	0.0021414594	0.0012550905	0.00057735253	0.0013570479	0.0005487357	0.008950009	0.014017829	0.005982156	0.00321585	0.0007911545	0.000519923	0.0008093787	0.0017457437	0.00023885533	0.0001642788	0.0015931717	0.0004310725	0.00020359502	0.00031541372	0.00015327962	5.912374e-05	0.00031541372	0.0008138291	0.001784021	0.0021639995	8.598597e-05	0.00022299965	0.0004013196	0.00034619286	0.00032455247	0.0008553222	0.00651727	0.0008495087	0.001985563	0.0009145593	0.016774751	0.00038000915	0.0022771605	0.00092220824	0.0008816809	0.009333484	0.00010160193	0.005323515	0.0015757446	0.0009096053	0.00048095625	0.00037804316	0.0024161877	0.0026216118	0.00023034676	0.06211176	-21.775314331054688
s03e19a	355.0	5.0	0.82450706	0.82450706	0.07281994	0.037332214	0.00035138216	0.006322915	0.17519097	0.0012869047	0.0019299082	0.0005238239	0.001993165	0.0002688299	0.003357092	0.014171913	0.0028754221	0.00020105054	0.0014450357	0.0006246679	0.011981792	0.028368555	0.0026969826	0.0026969826	0.0006936236	0.0016135421	0.0010091019	0.0016135421	0.028888104	0.0066409926	0.002194853	0.0010026285	0.00020424092	0.0005659566	0.0018942378	0.00039573247	0.00030184034	0.000523472	0.000282616	0.00025754512	0.0010418579	0.00055595004	5.2117506e-05	0.0010418579	0.0006512254	0.0026893304	0.001887236	0.000612088	0.00042822416	0.0018661355	0.0008994597	0.00042823088	0.00041303114	0.013033984	0.000459644	0.0018621517	0.0006316322	0.002203804	0.00021197346	0.0045343963	0.00032999602	0.0012283559	0.0008750311	0.00011167651	0.0016121739	0.0007023361	0.00034366673	0.0023584869	0.0007442931	0.010000645	0.0060769576	0.00016447659	0.019402457	-21.24027633666992
s03e19a	360.0	5.0	0.7120833	0.7120833	0.13863401	0.0071510924	0.0002674076	0.0035581717	0.044051208	0.0011235548	0.0013777267	0.0038227253	0.00063267327	0.0007704716	0.00244	0.0069367755	0.0022457296	0.000885102	0.0037555047	0.0002481882	0.02097735	0.021514505	0.012924944	0.0032247964	0.0017442219	0.006893188	0.0013146326	0.006893188	0.033477094	0.0047564274	0.0018891357	0.0009512858	0.0005458702	0.0007260795	0.0020375028	0.00041602843	0.00039049235	0.0042654327	0.0042654327	0.0038689922	0.0050593955	0.0071034473	0.0012280869	0.008443775	0.0047329403	0.008252418	0.0363591	0.005732382	0.0010038203	0.0010757395	0.010660353	0.0071614254	0.0078786	0.013236972	0.00033113337	0.0018913335	0.0020541276	0.0026552053	0.0012234983	0.0012063214	0.0037631213	0.001720322	0.0011626214	0.00057771744	0.008611643	0.0029334172	0.0020767357	0.0075229323	0.002860346	0.0058752676	0.0042059626	0.0003437069	0.008611643	-23.024045944213867
s03e19a	365.0	5.0	0.68255615	0.68255615	0.0032676794	0.002001718	0.0001554972	0.00027479688	0.000462108	0.000272962	0.0010942854	0.0012527609	0.0002803478	7.4275995e-05	0.0011150892	0.027793974	0.0007189315	7.359969e-05	0.0002978772	3.2347558e-05	0.00034495446	0.000274739	0.0030755773	0.001825851	0.00041987558	0.0030958196	0.0004648968	0.0030958196	0.054339577	0.0027294334	0.0013891674	0.0003055114	0.00038245248	0.00023788237	0.0027247195	0.00015175263	0.00015129852	0.012451935	0.0013063119	0.012451935	0.0007203278	0.00031371694	0.002130866	0.0007203278	0.008338353	0.0022760083	0.0032398168	0.00010811222	0.0004523357	0.00019740043	0.00086391147	0.0034396383	0.00057093304	0.18560278	0.0013187319	0.08043176	0.014666183	0.0005415525	0.00019468927	0.0002521562	0.00014453236	0.0004091082	0.0022358468	0.00012793143	0.0021627026	0.009234687	0.004560367	0.20294134	0.0043790964	0.008312099	0.005154867	0.00019241785	0.20294134	-22.35918426513672
s03e19a	370.0	5.0	0.8541697	0.8541697	0.024745539	0.0012729615	0.0006681344	0.0025927667	0.042468157	0.00055616174	0.0020583146	0.0149497045	0.00035358637	0.00025565422	0.003321607	0.004900241	0.0009755345	0.00010633209	0.0037206074	0.00014985584	0.0015044564	0.12997691	0.002459647	0.002459647	0.0011155934	0.0025976992	0.0023679908	0.011265149	0.015876235	0.00998596	0.0037641851	0.0011472557	0.00028778025	0.0010246651	0.0012703369	0.0002110824	0.00014043365	0.0020518212	0.0012650315	0.0020518212	0.039968647	0.0020639924	0.00021311114	0.039968647	0.0017589126	0.023880143	0.0020769017	0.00034303468	0.00010582541	0.00023936304	0.0007798698	0.0036824606	0.0005728201	0.01928324	0.00028590174	0.006171004	0.0031015703	0.00072738255	0.0003982666	0.0023972166	0.00036610654	0.00090513256	0.00046982936	0.00033389256	0.0020326355	0.003601349	0.0003280806	0.00809885	0.0016900684	0.06797879	0.002893448	0.0005216701	0.012864063	-24.78302764892578
s03e19a	375.0	5.0	0.8161013	0.8161013	0.03694973	0.041197017	0.0027381838	0.0043952004	0.11459762	0.0033992718	0.003483457	0.0042587365	0.0010562611	0.00040847747	0.009390736	0.017969467	0.0021542646	0.0005572575	0.002247181	0.00066000136	0.002238444	0.01526024	0.01539103	0.01539103	0.0027532564	0.040805653	0.013240522	0.040805653	0.073056184	0.013184663	0.005713533	0.0014462824	0.001061081	0.0017345696	0.005245884	0.0008480585	0.0009775478	0.0015306328	0.00093957724	0.001051029	0.0012917509	0.0009153093	0.00036478337	0.0012917509	0.001373919	0.0061406903	0.00482738	0.0003373237	0.0007310859	0.0014484884	0.0030813506	0.0010973953	0.0026489971	0.010203028	0.0016816652	0.0030546512	0.001068549	0.01778324	0.0013064792	0.036437273	0.00093473855	0.0018719317	0.0056601604	0.00096906757	0.013109199	0.0034488463	0.0019003394	0.0023339875	0.00239015	0.003924665	0.0047639795	0.00032372275	0.013109199	-21.160858154296875
s03e19a	380.0	5.0	0.887399	0.887399	0.03600771	0.051861268	0.0014094911	0.0012788908	0.0061157746	0.0036926528	0.0021458503	0.011032029	0.00043818986	0.00067654304	0.006284227	0.019584673	0.0013841235	0.00039242694	0.0022495312	0.0003709831	0.00040664402	0.0013690672	0.021470547	0.021470547	0.004051574	0.009952343	0.003273709	0.009952343	0.012754635	0.0033062415	0.0016580635	0.0013110165	0.0006332455	0.0010039323	0.0013042134	0.00037834927	0.00030256814	0.005021312	0.00045902625	0.0011184771	0.00065269804	0.00016785093	0.00018481116	0.00065269804	0.0036765728	0.0012766211	0.0020397322	0.00013835603	0.00053507497	0.00042946957	0.0014568522	0.0015478057	0.0012873134	0.005565281	0.00031802442	0.0060716923	0.00086865533	0.003287239	0.00080745824	0.02419189	0.0006192479	0.0010000956	0.0057656616	0.00049181393	0.0024096991	0.0035022185	0.001101674	0.00068659044	0.0005949649	0.012554671	0.0009605437	0.0012021094	0.0074912696	-23.041772842407227
s03e19a	385.0	5.0	0.81356835	0.81356835	0.06656895	0.012283321	0.0007627633	0.0028119711	0.10366809	0.001215953	0.001342881	0.00068562885	0.0005178538	0.00044943776	0.0009854382	0.014985813	0.0035589968	0.00045630135	0.0018274898	0.0007929818	0.007134651	0.020709187	0.013632385	0.013632385	0.0018935464	0.014136921	0.0023552466	0.014136921	0.03947912	0.011235838	0.004887887	0.0012544218	0.0004012689	0.0010483654	0.00514821	0.00022108792	0.00027921572	0.0025102478	0.002021728	0.0015267921	0.0050555086	0.0026943013	0.00038153006	0.0050555086	0.0016026162	0.010159045	0.015470443	0.0032381557	0.0012492156	0.0024237703	0.008413559	0.0016299466	0.0049597574	0.008925756	0.00022911033	0.0013214697	0.0026296158	0.006356465	0.00039010524	0.0018578856	0.0012445102	0.0013527387	0.00044580997	0.0005144216	0.0029911506	0.0014430508	0.003131452	0.0020785807	0.00061146414	0.006595618	0.0065186503	0.0001480382	0.028003633	-20.09457397460937
s03e19a	390.0	5.0	0.7749836	0.7749836	0.0421413	0.006709679	0.00059225905	0.0011637815	0.03920651	0.0021901513	0.003013065	0.0024128156	0.001746826	0.00017363616	0.008498757	0.015682349	0.001661533	0.0008181203	0.005442712	0.00029570045	0.0023054718	0.007913317	0.009873238	0.0033702925	0.004536267	0.0011833824	0.000717122	0.007662636	0.024220567	0.0075681107	0.003325393	0.00089134707	0.00016987807	0.0005168309	0.0018985062	0.00022107191	0.00010248654	0.008189018	0.0028086782	0.008189018	0.001762982	0.0031961377	0.0035984244	0.0031961377	0.0024143232	0.004412327	0.007977746	0.0014872915	0.00075351907	0.00023192799	0.020518765	0.002542707	0.00662743	0.04177892	0.00014028924	0.0025952908	0.0010243021	0.0019225558	0.00094793015	0.015976872	0.001913202	0.0008182115	0.0005780325	0.0008753447	0.003799147	0.006047958	0.001601472	0.0054472876	0.0013993956	0.0063034357	0.001698491	0.0020349913	0.017692605	-25.104463577270508
s03e19a	395.0	5.0	0.78618985	0.78618985	0.025632547	0.007878786	0.0005919526	0.0054947673	0.23981401	0.0009022133	0.0026436385	0.0014500085	0.0022270551	0.0005638803	0.001285895	0.0053230072	0.0054060947	0.0007033133	0.0031149834	0.0011440188	0.007826927	0.042561904	0.0037025993	0.0030243522	0.00317681	0.0042544818	0.00048522124	0.0042544818	0.08940851	0.014263526	0.010803232	0.0025621378	0.0013499131	0.0024107173	0.002835799	0.00046352082	0.0005785225	0.0025785042	0.0023907993	0.0025785042	0.00874185	0.0040020472	0.00062223437	0.00874185	0.0027263178	0.0115258405	0.0103401	0.0017302089	0.0017810039	0.002222343	0.003191268	0.0011745604	0.005248888	0.009728968	0.00044039043	0.0023206552	0.0009797082	0.0024306655	0.00067628484	0.017903069	0.00033880596	0.0015185254	0.00039712168	0.0005364919	0.0024427918	0.001630722	0.0016953786	0.008075559	0.0016400621	0.017388077	0.0066671944	0.00038900267	0.009325643	-20.99395751953125
s03e19a	400.0	5.0	0.7292869	0.7292869	0.011179975	0.004217394	0.00046142197	0.0070987367	0.012322508	0.0018144051	0.02650318	0.004835519	0.0002657426	0.00011966235	0.00075477094	0.0181034	0.0012264602	0.0001651599	0.008270702	0.0012992306	0.017318742	0.02077105	0.022439338	0.006091973	0.0007078045	0.008698119	0.0019962045	0.008698119	0.7045454	0.036712512	0.010056108	0.0033535045	0.0003136272	0.0019495692	0.015135945	0.0006169495	0.0063140835	0.0013723745	0.0011837094	0.0012293813	0.0035395052	0.002368757	0.00025997838	0.0035395052	0.0009089157	0.0057277204	0.0019873627	0.0001286066	0.00017054382	7.925669e-05	0.0014437725	0.0018633876	0.0005354859	0.014642773	0.00021459516	0.020029739	0.0013013261	0.0007049734	0.0035136063	0.0006758087	0.00017034213	0.0007312148	0.00024748145	0.00026494067	0.0010652224	0.0009858866	0.0009258347	0.008903318	0.00080620503	0.007482776	0.016601304	0.00013116217	0.06826967	-22.515369415283203
s03e19a	405.0	5.0	0.8885025	0.8885025	0.0008719325	0.0040116417	0.00042889966	0.00011267462	0.00044842437	0.00044567784	0.0007585566	0.027017523	0.0001596094	0.00011339592	0.003806649	0.055708386	0.000342086	0.00023703539	0.00014944344	4.185351e-05	0.00012950358	0.0001269188	0.007095091	0.007095091	0.003077733	0.0055662734	0.002137192	0.0055662734	0.011622017	0.0016384015	0.0009779101	0.00069369434	0.00034538767	0.0003670515	0.0013486248	0.00041130977	9.723819e-05	0.02584597	0.0026321895	0.02584597	0.0010597566	0.000950026	0.0054420694	0.0010597566	0.006454133	0.0026411102	0.011651249	0.00015965551	0.0005955807	0.00023792092	0.0031880597	0.0032711553	0.0010546754	0.51788044	0.0035672667	0.120288774	0.0028123867	0.00042098295	0.00032987617	0.00023525444	0.00021626055	0.0009048114	0.0013909917	0.00017052627	0.0013132447	0.0013074646	0.001018159	0.11824536	0.0018235607	0.0028840415	0.00045793387	0.0008938679	0.11824536	-23.148094177246094
s03e19a	410.0	5.0	0.79937536	0.79937536	0.030723447	0.0069150473	0.00036393304	0.0029094464	0.096707374	0.0010626662	0.0013351757	0.009936644	0.00030232477	0.0003925283	0.003347161	0.042864844	0.0021911394	0.001074074	0.0030769329	0.00042287275	0.00510479	0.047799196	0.030960718	0.011352554	0.004549872	0.0077268286	0.000727972	0.0077268286	0.056427065	0.004410894	0.0012175146	0.00095015997	0.00045133667	0.00096990535	0.0021308488	0.00051494164	0.00021813845	0.008645846	0.0042362316	0.008645846	0.009569192	0.0029919355	0.0018019978	0.009569192	0.006397899	0.017024381	0.0049232673	0.0005773795	0.00031709013	0.00030268065	0.0042778067	0.01309089	0.002283331	0.01910389	0.000113096474	0.008722069	0.00078507885	0.0014906	0.00017511511	0.0009838687	0.0012209488	0.0008856285	0.0004424784	0.00082217675	0.0076223104	0.0005645181	0.0029192315	0.005913653	0.0012881462	0.008217407	0.008040726	0.00038044286	0.012818233	-26.317148208618164
s03e19a	415.0	5.0	0.7743702	0.7743702	0.0077809775	0.038243413	0.00020691827	0.00046517228	0.001159025	0.0010526077	0.0016682635	0.014794037	0.00019694245	6.516859e-05	0.0050070714	0.054936796	0.0010246241	0.00048829144	0.002269233	0.00033786666	0.00041174344	0.002456836	0.27273524	0.031223133	0.002178618	0.0044808807	0.0018570714	0.005228951	0.024691861	0.0017562003	0.000625406	0.0008328279	0.00022342276	0.00051447016	0.00072194176	0.00036401322	0.00040289332	0.0073434766	0.003103092	0.0037152416	0.00062845723	0.00078159064	0.0007749482	0.00078159064	0.004503484	0.0031141483	0.007096966	0.00042450707	0.0005291669	0.00063784013	0.004452045	0.0039153593	0.0012007928	0.00495708	0.0011314664	0.003347729	0.0006601262	0.0002223379	0.00020393151	0.008072302	0.00018268684	0.0010401683	0.00033578105	0.00040629317	0.002103486	0.00054669427	0.00178212	0.0014907148	0.0007411858	0.00899758	0.0026336021	0.00091265584	0.0066347993	-24.776203155517575
s03e19a	420.0	5.0	0.8510376	0.8510376	0.032624338	0.1831545	0.00034492207	0.0006547871	0.0008968829	0.0008225952	0.002171559	0.010125517	0.00013424979	0.00011832334	0.0014057135	0.015461151	0.0059221634	0.000175562	0.0044478984	0.00058007345	0.00033678772	0.001565107	0.0145967975	0.0032886174	0.001621935	0.001497903	0.0007063056	0.0033667355	0.01612305	0.0021933329	0.0007393499	0.00059739995	0.00018093335	0.00044820216	0.0005057556	0.00042591116	0.00020140072	0.0070091565	0.0012929197	0.0070091565	0.00070944655	0.0004923628	0.00093764596	0.00070944655	0.006658654	0.0014046697	0.0040374063	0.00030502363	0.00015567122	0.00043178088	0.0009982269	0.0016702422	0.0012326151	0.0014241332	0.0002649614	0.0021692312	0.0008470571	0.0009670652	0.00039124093	0.010403875	0.0003769211	0.00062196376	0.0010508623	0.00011278738	0.0013459028	0.0006738966	0.00046416218	0.00033728767	0.00049201486	0.04047327	0.0012087598	0.00027749498	0.00856088	-24.76551055908203
s03e19a	425.0	5.0	0.8798477	0.8798477	0.018821388	0.049351502	0.00025401806	0.00023910482	0.00079016906	0.0005312324	0.0012700411	0.0030572487	0.00018339629	0.0001403018	0.0052271625	0.0069362237	0.0017236999	9.634787e-05	0.0007552857	0.00011732139	9.569757e-05	0.0012313725	0.032214396	0.004290803	0.0008421462	0.0054644938	0.0029688326	0.012005309	0.013775586	0.001554726	0.0006415738	0.00031246207	0.00017237043	0.00030757705	0.0012338426	0.00022916298	0.00010469802	0.009911765	0.0009488053	0.0017633816	0.0008533457	0.00054844527	0.00033813398	0.0008533457	0.00297415	0.0026193822	0.0059312433	0.00029887058	0.00040492363	0.00033995876	0.0010079354	0.003455986	0.00097549544	0.0030875541	0.0003257658	0.0009060372	0.00084309845	0.0032366493	0.0005996244	0.090383805	0.0030651358	0.0006578988	0.0013576219	0.00024472954	0.0052600186	0.0039057862	0.00049562193	0.00031478828	0.002135203	0.032479517	0.0003999071	0.00047703533	0.006305237	-24.512481689453125
s03e19a	430.0	5.0	0.81972784	0.81972784	0.004491211	0.0044498136	0.00047678602	0.0004625941	0.0014185401	0.004816703	0.0016005582	0.0064232196	0.002407007	0.000318649	0.012271663	0.033292048	0.0019641528	0.0046518324	0.0025768406	0.0003001959	0.0002722104	0.00036519306	0.041466065	0.041466065	0.0111007355	0.0042185974	0.0018351768	0.0042185974	0.039484076	0.00392735	0.001288836	0.0005895192	0.00024517492	0.0005124	0.005184049	0.00018624795	0.0001659834	0.0060697505	0.0025449016	0.0031662981	0.00057659415	0.0009627655	0.0016134751	0.0009627655	0.015328117	0.0017893482	0.00403971	0.00031253477	0.00062652817	0.00053454994	0.0017218374	0.0029067611	0.0011786114	0.025621507	0.0002832008	0.031316336	0.000688866	0.00062666583	0.0002558371	0.0067065563	0.00026189702	0.00080892374	0.00057640596	0.0002589325	0.0018220778	0.0009769575	0.016341025	0.038374215	0.0015212615	0.008400667	0.0041345805	0.0017487444	0.038374215	-26.35430335998535
s03e19a	435.0	5.0	0.8107142	0.8107142	0.015510396	0.1659483	0.0010168697	0.0018712245	0.0018912822	0.042542934	0.013832404	0.0053232573	0.0070364964	0.00050851627	0.108453415	0.006779582	0.0051208884	0.0013847833	0.0008223009	0.0009926907	0.00021312945	0.0015682456	0.0058023725	0.004506974	0.0036912956	0.0015145022	0.002043987	0.005383452	0.041925754	0.0037244642	0.0006516867	0.0008998694	0.00022494272	0.0007003516	0.0025008044	0.00016211458	0.00038898172	0.018184626	0.0035113064	0.018184626	0.0011217298	0.0019689484	0.0044072066	0.0019689484	0.0050125	0.0023082835	0.0082039805	0.0003441812	0.00022040431	0.0007103623	0.0052536656	0.0017093192	0.0015680545	0.01092814	0.0015040139	0.002376787	0.0006458108	0.0021292141	0.0008094257	0.027756516	0.0024430754	0.0008660358	0.00068582856	0.0003571548	0.004004922	0.0012534013	0.0045687826	0.0021290518	0.0018860983	0.010212683	0.001342567	0.00056933024	0.008417645	-22.331844329833984
s03e19a	440.0	5.0	0.86721337	0.86721337	0.044332154	0.06644722	0.00096013834	0.00062290515	0.0014827704	0.0028662644	0.0015950623	0.010339612	0.00044521264	0.00031353932	0.009644505	0.002052368	0.0014490644	0.00082242355	0.00090487604	0.00045597545	0.000111136425	0.0036347122	0.03471924	0.03471924	0.016131964	0.003374338	0.0049408213	0.0049408213	0.024419794	0.002777818	0.0008916028	0.00072428514	0.00038559226	0.00076803967	0.00072715554	0.00062495907	0.00024245279	0.016454402	0.0022115654	0.003005813	0.0025256276	0.0018347576	0.00092253165	0.0025256276	0.0008846451	0.002775094	0.0049215998	0.00043092007	0.00021106027	0.00039850397	0.0023419554	0.0020632707	0.00065385015	0.00053584314	0.0004225729	0.0011825215	0.00035665088	0.006050266	0.00016817468	0.014625439	9.087264e-05	0.00091049535	0.0033688068	0.00014736051	0.0036656777	0.00041391424	0.0004046383	0.00033138634	0.000902595	0.0024051883	0.0013847649	0.0052659204	0.009175473	-27.65808486938477
s03e19a	445.0	5.0	0.8981348	0.8981348	0.008823261	0.004317098	0.0010841773	0.00073799415	0.039085463	0.0019140237	0.0010815905	0.0040380126	0.0006936745	0.000351723	0.012599042	0.0014318022	0.0034206714	0.00018368401	0.00051954004	0.0003031826	0.00088127394	0.0046470705	0.61006904	0.61006904	0.002040734	0.0005219857	0.0005136078	0.003224073	0.03815517	0.0026098792	0.00073963817	0.00068932906	0.0002353287	0.00066788774	0.0009815902	0.00016446153	0.00022632818	0.0025495843	0.0005275712	0.0020852913	0.0020679857	0.0007844073	0.00030581155	0.0020679857	0.00036810435	0.001132562	0.0010573182	7.8777906e-05	6.8692156e-05	0.000109356224	0.00046310632	0.0009155505	0.00041230986	0.001031113	0.0011945935	0.00043055502	0.00015007562	0.0014428075	0.00011521418	0.012178904	0.00031215273	0.0002890531	0.0004917153	9.261699e-05	0.000987464	0.00029243287	0.00020905942	0.0008704698	0.0009852186	0.0022078783	0.0012913524	0.00031905572	0.0012913524	-21.17201805114746
s03e19a	450.0	5.0	0.83246446	0.83246446	0.0323748	0.016224442	0.0057558347	0.002217741	0.15054147	0.0079340525	0.0034918264	0.025035389	0.0005200038	0.00056287996	0.009474394	0.0069968477	0.011698664	0.0039270665	0.002471927	0.00081163313	0.004431766	0.021029634	0.034250878	0.034250878	0.0054033776	0.005269483	0.002787998	0.005269483	0.047729887	0.008731502	0.0015698151	0.0008611705	0.00036571512	0.00093450793	0.0055235154	0.00054306036	0.00029306114	0.0030170411	0.0010931528	0.0030170411	0.0057250303	0.00090442086	0.0005417681	0.0057250303	0.0016323801	0.0028538583	0.0034904163	0.00057950924	0.0013179723	0.0005163621	0.0027484975	0.003014243	0.0009964824	0.0040473007	0.00084934477	0.005036221	0.0007805509	0.0019080554	0.00023657366	0.0011647375	0.00082524336	0.00065927557	0.0008822675	0.00022131382	0.0022244789	0.0008719948	0.00074122084	0.005286592	0.001017439	0.005477653	0.0078025623	0.00029349118	0.011349942	-22.51133728027344
s03e19a	455.0	5.0	0.8981795	0.8981795	0.02404616	0.2342762	0.00033883197	0.006168361	0.056420337	0.0039477837	0.0046528154	0.027587367	0.00110736	0.00020232343	0.0035494214	0.0023097533	0.008327398	0.0022514232	0.0017108675	0.0008583721	0.0010559779	0.012330891	0.0055923695	0.004499484	0.0024053403	0.0012548711	0.00037802948	0.0016426038	0.053520948	0.0046185576	0.001493507	0.00083131425	0.00040863032	0.0006896977	0.0011963448	0.0005008362	0.0004791956	0.0019238036	0.0006850809	0.0019238036	0.0015498298	0.00074588676	0.00052787125	0.0015498298	0.001132096	0.0012257362	0.004758137	0.0005037556	0.00032158583	0.00085459923	0.0026436585	0.0009101489	0.0019120642	0.0054963157	0.001814633	0.002212321	0.00093105645	0.0031090868	0.002148933	0.015800295	0.00024914058	0.0007630661	0.00040042438	0.00037738457	0.0019766807	0.0005333313	0.0011160175	0.0033358384	0.0024690668	0.011018859	0.006853845	0.00024945886	0.006853845	-21.114803314208984
s03e19a	460.0	5.0	0.79533446	0.79533446	0.07366833	0.11540179	0.00038276383	0.003315051	0.10265747	0.0024210785	0.003924344	0.0075581027	0.0009031843	0.0003732695	0.002639415	0.0009803995	0.00040242614	0.0011606921	0.001243798	0.0002550402	0.002689782	0.013057265	0.0062762164	0.0037245632	0.0022394815	0.0033292496	0.0012437939	0.0033292496	0.0153302485	0.001425298	0.00091371045	0.0004425383	0.00017064386	0.00032453795	0.00094087486	0.00016375362	0.00036813732	0.00075910176	0.00075910176	0.0006847692	0.00074240664	0.0013802246	0.0002986806	0.001651162	0.0009921002	0.0021368414	0.035661764	0.0048944736	0.0016306621	0.0021096717	0.014797567	0.00076335453	0.004522711	0.005246443	0.00096045306	0.0008952206	0.0016378844	0.002910401	0.0010145304	0.0015833391	0.00048264198	0.0013578959	0.0013033076	0.0010023409	0.0015869561	0.00046341677	0.000801773	0.0016156151	0.0009715409	0.0029395013	0.0026923222	0.00018644732	0.002979916	-20.43401336669922
s03e19a	465.0	5.0	0.87891275	0.87891275	0.09242532	0.16190201	0.00065557135	0.004410262	0.020209963	0.009581845	0.0034874901	0.036554668	0.0004416468	0.00049172936	0.0009966239	0.0057448484	0.0014364845	0.00068326044	0.0015757424	0.00037459485	0.0013170338	0.014257834	0.016256722	0.016256722	0.0011235591	0.0020719634	0.0016617323	0.0066730864	0.026360137	0.0019401171	0.0007586158	0.00090649363	0.00072870427	0.000902432	0.0011576584	0.0006276018	0.0009589636	0.0043237805	0.0020019694	0.0043237805	0.0031392302	0.0013337668	0.0013171824	0.0031392302	0.0019902675	0.0048870356	0.011531209	0.0006689605	0.0003615923	0.0013114773	0.0031085636	0.0033485324	0.001792714	0.005289642	0.0015133778	0.0038980984	0.0007767033	0.0039876355	0.0005822243	0.0070762574	0.00090022275	0.0015235012	0.0041761776	0.0002873194	0.002007928	0.0007437925	0.000981041	0.0010098096	0.00060987496	0.0042907577	0.0028910679	0.0011823514	0.0054687792	-20.765453338623047
s03e19a	470.0	5.0	0.852237	0.852237	0.005338595	0.0117846215	0.00019411318	0.00037513554	0.00242639	0.0006029254	0.0010102638	0.009365012	0.00041880345	3.9616898e-05	0.008528458	0.051572613	0.0016134237	0.0003225853	0.00055059325	0.00034717316	0.0007879373	0.00047989475	0.008045459	0.0036661306	0.00088458945	0.0022625087	0.0005542551	0.0022625087	0.02021462	0.0009428275	0.00039123758	0.00019569001	0.00028722628	0.00013441374	0.0010925251	0.000112828464	0.00010230474	0.0033672221	0.0018200513	0.0021299832	0.0006044095	0.0006582402	0.00046753412	0.0006582402	0.015532268	0.0032519242	0.0067465547	0.00012453942	0.00029216285	0.00017196806	0.0011511885	0.004951497	0.00043199497	0.08142885	0.00021349532	0.017264964	0.0013669411	0.0016569328	0.0010912986	0.0019780349	0.00070896465	0.0005662366	0.0009384906	0.00013453286	0.0012082619	0.0012031719	0.001046275	0.09506699	0.0034334948	0.0068672886	0.0009471763	0.00011676637	0.09506699	-22.123899459838867
s03e19a	475.0	5.0	0.77088565	0.77088565	0.033606313	0.01037215	0.000121373145	0.0044117845	0.13312721	0.0014204016	0.0019765322	0.0027604157	0.00050891924	0.0002201802	0.00053972984	0.0037561131	0.0019408413	0.00040425733	0.003295035	0.0005001118	0.0024024611	0.08261014	0.002327553	0.0014195964	0.000891381	0.0013414519	0.00045004976	0.0024579254	0.016149858	0.0026708574	0.0015922004	0.00038875057	0.00043365714	0.00038826076	0.0027674483	0.00019050759	0.00022680192	0.0008597661	0.0008597661	0.000575266	0.0021473712	0.0013022827	0.00014601008	0.0021473712	0.0017356334	0.0040297327	0.00881235	0.0007192118	0.00053111085	0.0003327841	0.0034338129	0.002659411	0.0068561854	0.02581099	0.00042679047	0.0068608075	0.0007311441	0.0013938891	0.0008715272	0.002253828	0.0009704405	0.00083962624	0.0006350232	0.00018719368	0.0037115775	0.0010737062	0.0011287158	0.005688884	0.0008052799	0.003345491	0.0030983787	0.00040758812	0.0182808	-20.592973709106445
s03e19a	480.0	5.0	0.7441638	0.7441638	0.03507097	0.07321155	0.00044013106	0.00469124	0.06250268	0.002398753	0.003511435	0.0026140308	0.001684386	0.0007305281	0.0017042933	0.007455998	0.0017104686	0.0007826314	0.0015089257	0.0031189779	0.004844435	0.025412861	0.008054121	0.005099944	0.002853283	0.003491045	0.0013730426	0.003491045	0.05809474	0.007969806	0.004498811	0.0010563608	0.00068831805	0.001591213	0.0058335555	0.00043515925	0.00077725895	0.0042170417	0.004102471	0.003421452	0.0071204845	0.006434139	0.0010729101	0.0071204845	0.0016117478	0.015330695	0.015761465	0.0022476965	0.0017407002	0.0029553892	0.017446449	0.0016209655	0.004647326	0.003785645	0.000811702	0.0012151281	0.0016214226	0.014833949	0.0014048865	0.009318496	0.0005485922	0.0018847183	0.0018490877	0.0011562989	0.0030379624	0.0013921612	0.0028336367	0.0042775706	0.0013700806	0.008184661	0.0023167855	0.00057300023	0.0047754943	-20.677490234375
s03e19a	485.0	5.0	0.8638306	0.8638306	0.14538944	0.087286524	0.0001338155	0.008290344	0.3450452	0.0018778641	0.00275938	0.0010892453	0.00033097272	0.0010107837	0.0018019258	0.001222925	0.015418354	0.00049928465	0.003133151	0.00043835322	0.013032088	0.016649934	0.0018606252	0.001566809	0.0010726321	0.000547184	8.773026e-05	0.0016772721	0.043929644	0.0060474565	0.0030281863	0.0015790609	0.00035955163	0.0011722272	0.0018622484	0.00027905125	0.00048560277	0.0007176077	0.00059456495	0.0007176077	0.0017169701	0.0010463822	0.00024228598	0.0017169701	0.00029035652	0.003232514	0.0044777673	0.00074293814	0.0003585209	0.00057766406	0.002307413	0.00044279784	0.0017558626	0.0042747646	0.00037588354	0.0012390174	0.0011475125	0.0017890705	0.00065920205	0.0003215947	0.0006287031	0.0012170951	0.00049700524	0.00037593427	0.002194809	0.00046660984	0.0004470215	0.002876222	0.00096380396	0.002528166	0.004427968	0.00015016623	0.004427968	-21.723451614379883
s03e19a	490.0	5.0	0.93025666	0.93025666	0.01537006	0.1444754	0.00079163903	0.00049704954	0.0012168967	0.0029739633	0.0017062763	0.025366759	0.00014908763	0.00024340616	0.0028829856	0.0021459176	0.00072213064	0.0004822773	0.0011025277	0.00025471192	6.946637e-05	0.0016600215	0.013328483	0.013328483	0.001220035	0.0012822541	0.0025012637	0.0025012637	0.02285559	0.004167584	0.0024215518	0.00060464285	0.00036806802	0.0006929744	0.0010399647	0.0009097154	0.00014190817	0.007077745	0.0035493488	0.0035497572	0.0014880358	0.0020784875	0.0010827127	0.0020784875	0.0016011862	0.006283343	0.009344933	0.00050593715	0.00014999966	0.00051874283	0.001606167	0.0017034367	0.0012972541	0.0013833097	0.00074251316	0.0010927338	0.0005188868	0.004813424	0.00059945614	0.021161243	0.00017970797	0.00059179467	0.0028760934	8.722042e-05	0.0028228946	0.0006612388	0.00041682992	0.00031670884	0.0010273326	0.004337336	0.0012695682	0.0006776222	0.0033221154	-21.3497314453125
s03e19a	495.0	5.0	0.87703156	0.87703156	0.027638547	0.031199893	0.0005495986	0.009661502	0.1683306	0.0024172647	0.003469111	0.006682448	0.0011159898	0.00041554566	0.0024668996	0.0034370827	0.0072531304	0.0016887407	0.004677447	0.000292106	0.0026804924	0.049875338	0.0033971337	0.003342214	0.0010891323	0.0014327249	0.00083793263	0.0017055902	0.01695552	0.004566634	0.0031301053	0.0006899149	0.00015190247	0.0005664668	0.0015076905	0.0003860415	0.00024770712	0.0012077488	0.0011932276	0.0012077488	0.0028517381	0.0015543959	0.00026768362	0.0028517381	0.0017109482	0.002229168	0.0042348215	0.0008719898	0.0007833966	0.00077792775	0.0015087957	0.002281333	0.0012051321	0.004536106	0.00045672804	0.0014223197	0.0005507439	0.0032534872	0.0005861497	0.00620769	0.00042697217	0.00071311713	0.0004406071	0.00012050339	0.0014484242	0.00037481633	0.0010453993	0.0075161178	0.0017077812	0.007421109	0.009554534	0.00038975323	0.009554534	-22.69906616210937
s03e19a	500.0	5.0	0.67730886	0.67730886	0.0015109134	0.04046991	0.0025727528	0.00092190877	0.009298568	0.0023022583	0.04943813	0.19849357	0.00012118776	5.2629886e-05	0.0015871555	0.002293181	0.004190989	0.00023095615	0.08250403	0.001150574	0.00089867157	0.0016010245	0.009714315	0.009714315	0.001002671	0.007614372	0.001776023	0.007614372	0.071803465	0.002197619	0.0012339744	0.0002786243	8.388566e-05	0.00028992083	0.0026224235	0.00047881226	0.0009316559	0.00096426695	0.0009218657	0.00086154405	0.0010621632	0.00060901116	0.00034805565	0.0010621632	0.00092505035	0.0017816485	0.0035282415	0.000112406	0.00012276995	0.0003029919	0.0023100742	0.0011624541	0.0012117265	0.018027212	0.00018102654	0.006344186	0.0038895388	0.00084469345	0.0031451525	0.0010862278	0.0005455137	0.00046005496	0.0003661273	0.00022490883	0.0016059972	0.0004291665	0.002671443	0.0034956876	0.00039114978	0.014077142	0.0011577334	0.00059147493	0.020547653	-20.834014892578125
s03e19a	505.0	5.0	0.81581974	0.81581974	0.039497476	0.04724261	0.00022401233	0.00408112	0.43190646	0.00175305	0.0011792526	0.0009492985	0.00026967115	0.00065433665	0.004782066	0.0019559024	0.0016657297	0.00224988	0.0013663163	0.0008876218	0.0026602787	0.0382044	0.0060252207	0.0016761777	0.0027655568	0.009144205	0.0005918702	0.009144205	0.035964157	0.0038013908	0.0020643568	0.00060124596	0.00016195298	0.0005707888	0.0022710867	0.00024012971	0.00028979618	0.0026137277	0.0026137277	0.0010817173	0.0027493134	0.0050480384	0.0003170363	0.0050480384	0.00067960646	0.008858561	0.008141473	0.0017943052	0.0012305693	0.0006041449	0.0057995976	0.00123177	0.0025322551	0.003343258	0.00012815597	0.0007279845	0.0007139576	0.0022764672	0.00027965612	0.0014289464	0.0004530337	0.0013189738	0.00023776447	0.00056696136	0.0013485111	0.00050741184	0.001276029	0.0057341517	0.0015377444	0.0029832984	0.0012600014	0.00018060242	0.0057341517	-22.821754455566406
s03e19a	510.0	5.0	0.8387448	0.8387448	0.01381918	0.051777113	0.015722752	0.005567672	0.19144656	0.061813403	0.0028525137	0.043006744	0.0047145216	0.00035616875	0.0030922105	0.014540491	0.002044889	0.00066284806	0.0009806869	0.0008116196	0.0007392886	0.010268394	0.06365573	0.0065012504	0.0010717722	0.004621946	0.007872679	0.007872679	0.07936	0.0054042134	0.0011214488	0.00082789134	0.00015543123	0.00092003524	0.002105559	0.0005082684	0.0006295089	0.003607946	0.0014126523	0.0015042028	0.0021874427	0.001019547	0.00072481256	0.0021874427	0.0011830707	0.0049432083	0.010271961	0.00032828868	0.0015498926	0.00064552313	0.002822076	0.005392779	0.0015505893	0.002629442	0.0009490069	0.0014159272	0.0004191949	0.004910126	0.00014757917	0.0012089141	0.0013420351	0.00080524833	0.0018734452	0.00024390098	0.0019349498	0.0009576598	0.0009777909	0.0017027298	0.0012500106	0.0040118913	0.0037590065	0.00085010054	0.012521174	-19.962554931640625
s03e19a	515.0	5.0	0.85926294	0.85926294	0.0057141343	0.053809416	0.0002962798	0.004570123	0.44753617	0.0012465304	0.003199384	0.007630246	0.0004946704	0.00026628206	0.0008179087	0.000820749	0.0046809316	0.002564991	0.0019613414	0.0005432529	0.0014893188	0.021893429	0.005036082	0.0027629961	0.0015085714	0.0065217023	0.0007613066	0.0065217023	0.09561979	0.0034247034	0.0019375548	0.00072227657	0.0005707192	0.0007045248	0.0011618774	0.00082364073	0.0010543916	0.0012329057	0.0006298057	0.0012329057	0.003966484	0.0010736504	0.000280783	0.003966484	0.0005641021	0.003007827	0.013543892	0.0009048751	0.0018063242	0.0016771387	0.0048268875	0.001316855	0.004803535	0.0029713942	0.002119123	0.002087563	0.0007144755	0.0038792696	0.00094387017	0.0033924682	0.00025775022	0.0026026878	0.001152991	0.0003795526	0.0011058463	0.0006310305	0.00038557444	0.002820882	0.00065196434	0.0021176452	0.0025090063	0.00030076085	0.002820882	-21.874086380004883
s03e19a	520.0	5.0	0.7730001	0.7730001	0.03294773	0.009539375	0.014810156	0.010439903	0.105380476	0.06254041	0.039391086	0.0022611765	0.011721124	0.00062949664	0.021108283	0.030509809	0.0017370699	0.00045979742	0.0017214614	0.0007686265	0.0022454571	0.07474316	0.0053324583	0.0053324583	0.0012754009	0.003415584	0.0022449882	0.003415584	0.23240428	0.03944346	0.004487865	0.0013002012	0.00092835876	0.0014351705	0.029494567	0.00070871203	0.00095555437	0.0016633342	0.0013323937	0.00069528015	0.0018245911	0.0022098254	0.00053288415	0.0022098254	0.0014073959	0.011626258	0.0044063567	0.00039688853	0.0013016596	0.00095596636	0.0024005305	0.0010632332	0.0012917657	0.0034627866	0.000884565	0.0009495997	0.0006279923	0.01715158	0.00020302644	0.0040464858	0.0014146658	0.00082808034	0.0034288478	0.00037384746	0.004168443	0.001120989	0.0019271089	0.0035922523	0.0011800067	0.0032702226	0.0013540346	0.0011436255	0.010533857	-19.225027084350582
s03e19a	525.0	5.0	0.42157704	0.42157704	0.013861308	0.0068144314	0.0002905099	0.0046890005	0.3078543	0.0010635721	0.0023809208	0.0038645086	0.00014909786	0.00028743225	0.0011380992	0.0031914376	0.0021273599	0.0019485487	0.0018977418	0.000708477	0.010740805	0.16563864	0.003815476	0.003815476	0.0019750465	0.009031791	0.0016038785	0.009031791	0.06487559	0.020472493	0.0063325213	0.0013813627	0.0004767785	0.0017505367	0.0047150473	0.0006059108	0.00063175533	0.0016015391	0.0016015391	0.0010830233	0.0053193755	0.0044490425	0.00034471974	0.0053193755	0.000615225	0.007188984	0.0073458054	0.0014765137	0.0018400626	0.0011877443	0.01294596	0.0015059364	0.0029514972	0.0038159294	0.0005497584	0.00044901937	0.0008022885	0.0013319916	0.00018915784	0.00084202865	0.00038497575	0.0014972435	0.00024854817	0.0005683085	0.0017846089	0.00034158412	0.001294823	0.002030783	0.0012425832	0.0036988861	0.0016858837	0.00031453453	0.0023528535	-21.155492782592773
s03e19a	530.0	5.0	0.4406525	0.4406525	0.034351673	0.0056836265	0.00016248228	0.008948647	0.07212149	0.0005695796	0.0035271922	0.023605052	0.0001206118	0.0003710878	0.00087353407	0.020311989	0.0004153437	0.00045640857	0.007652389	0.0009576634	0.12307086	0.18132025	0.002153494	0.0014241359	0.0012454	0.0034675023	0.000597809	0.0034675023	0.07795627	0.017433342	0.0053464216	0.0013967673	0.00050143874	0.0011832832	0.010257854	0.0005677168	0.000632336	0.004050631	0.004050631	0.001060408	0.0018936078	0.0029121505	0.00050697674	0.003263135	0.0017468635	0.011670603	0.0050232513	0.0011837865	0.00056133914	0.0010799561	0.012500696	0.001543922	0.0020785094	0.014303566	0.00010728908	0.00096732413	0.0025565675	0.00033946356	8.381042e-05	0.000455584	0.00050708355	0.0007271476	0.00031246743	0.00028871957	0.0015767487	0.00035934843	0.0031626534	0.005880567	0.00027319608	0.0040861345	0.0011433783	0.00018232818	0.006492759	-20.467300415039062
s03e19a	535.0	5.0	0.3891618	0.3891618	0.006245088	0.0018764195	0.00015726822	0.0012367142	0.008179496	0.00020770023	0.001181736	0.001687492	0.0001275795	0.00043635583	0.0006171498	0.0037314547	0.00030247122	0.00015079643	0.015565509	0.00025102065	0.027299594	0.0094673615	0.00743589	0.002685195	0.00038887418	0.6438899	0.0033316794	0.6438899	0.025085408	0.007791668	0.0017627102	0.00040247318	0.00025968906	0.0002867633	0.0066168844	0.00054784445	0.00029990554	0.0008459464	0.00058731483	0.00059483876	0.00044269508	0.00020384988	0.00010286408	0.00044269508	0.0019390178	0.0006684516	0.0012514008	5.3978903e-05	0.0003250563	0.0003217462	0.0003896438	0.0011642317	0.00024628144	0.005925893	9.181152e-05	0.0017421491	0.0007220422	0.00014377387	0.0002254432	0.00020181804	0.00016788133	0.0027364448	0.0001460066	0.00054416765	0.001504771	0.00043486131	0.00046563163	0.0017453198	0.000377447	0.000947885	0.0015692188	0.00011413718	0.005817124	-22.181270599365234
s03e19a	540.0	5.0	0.8795705	0.8795705	0.09560586	0.0702176	0.0003995702	0.0024170212	0.17840296	0.0023811052	0.00499663	0.0046368563	0.00013270111	0.00022298243	0.0010499005	0.0021301403	0.0010253193	0.00079928	0.0028782522	0.00037988185	0.020234404	0.14475754	0.00333998	0.00333998	0.0015418475	0.0025421192	0.0002461906	0.0025421192	0.12900868	0.02043074	0.00556536	0.0010080064	0.00027673272	0.0008883465	0.0048574912	0.00026933276	0.00044676018	0.000518201	0.00025979825	0.0002995955	0.0016983786	0.00050380646	6.239899e-05	0.0016983786	0.0002555443	0.0014673258	0.0021193256	0.0006238962	0.00031331342	0.00046058372	0.0014188773	0.00061722304	0.0006403893	0.002850518	7.953531e-05	0.0006132498	0.00038206147	0.0013878339	0.00012461771	0.0010234923	0.00022799787	0.0009882023	0.00033514912	8.7527784e-05	0.0006126212	0.0004813243	0.00023991732	0.0021120561	0.0008392015	0.0022255525	0.0037182854	0.00010496391	0.0037182854	-20.89962387084961
s03e19a	545.0	5.0	0.91608554	0.91608554	0.054085474	0.02774563	0.00061448774	0.0030477	0.12623711	0.0019188904	0.0019272914	0.009871076	0.00017007564	0.00020650927	0.0030931218	0.03606262	0.0015986034	0.0006378723	0.0059167934	0.00024872975	0.0026309881	0.044603772	0.028497383	0.028497383	0.000985097	0.00215155	0.0003044002	0.004194381	0.06266743	0.007787445	0.0033299206	0.0007383515	0.00026561774	0.00059501507	0.0027140356	0.00024645176	0.00021637997	0.0015780915	0.00015582537	0.00029622726	0.00044307442	0.00013167321	5.1923143e-05	0.00044307442	0.000976096	0.0004919338	0.0009968281	8.949609e-05	0.00024637	0.0001666577	0.0005060869	0.00091125	0.0006668955	0.013537446	0.00013526349	0.0042088795	0.0010521404	0.0010187023	0.0003567449	0.018333962	0.00041850054	0.00075542723	0.00042543985	0.0001620058	0.0017267647	0.0010838092	0.00026579102	0.004888949	0.000592545	0.004823265	0.008763873	0.0002260961	0.015943427	-23.986303329467773
s03e19a	550.0	5.0	0.18005115	0.18005115	0.008252902	0.0037499354	0.0005465593	0.0014861553	0.054134894	0.0009073832	0.0025778373	0.012822898	0.000335827	2.637743e-05	0.0015853432	0.07281588	0.0043723136	0.00036074183	0.005281111	0.00018128597	0.004883621	0.0051266733	0.0059309737	0.0059309737	0.00026098173	0.005711269	0.00011836802	0.005711269	0.012906007	0.0019174133	0.0013330766	0.00029446877	0.00014862914	0.00022076859	0.00093282934	0.00014317561	0.00011684801	0.0010015153	0.00013317165	0.0001303653	0.00019814793	0.00012306239	4.3274158e-05	0.00019814793	0.002714438	0.00060382043	0.0020396556	3.5059744e-05	0.00022004356	6.676177e-05	0.0007477115	0.0014765882	0.0011016311	0.17001979	0.00022273319	0.014632065	0.0006459514	0.00069895637	0.0005693636	0.004559809	0.0016602965	0.00082903047	0.0003025742	0.00016774116	0.00616384	0.0012372956	0.00023943608	0.014230952	0.00035994692	0.0012594734	0.003733403	0.0011874163	0.05014898	-25.65244674682617
s03e19a	555.0	5.0	0.05064073	0.05064073	0.0011073997	0.00034764645	0.00017255264	0.021983843	0.0014721587	0.00035999066	0.02614844	0.023389427	0.0002463463	0.00012254971	0.00017879289	0.0010042049	0.00021947888	2.4300934e-05	0.0027951791	0.009574427	0.056268252	0.07269438	0.00085077924	0.00085077924	4.860762e-05	0.005476375	0.0013981102	0.005476375	0.8711109	0.45588323	0.45588323	0.000633997	0.0003131008	0.00076191005	0.025741765	0.00012659778	0.008168547	0.00012462484	0.00012462484	7.5457094e-05	0.00014801646	0.00018058141	5.8137324e-05	0.00018058141	8.660686e-05	0.00017419866	0.0039002819	7.881872e-05	7.694876e-05	0.00047336315	6.220406e-05	0.00063655694	8.122214e-05	0.0012214275	1.7190014e-05	0.0017591529	0.00033784428	0.0002698077	7.392135e-05	4.9406342e-05	7.9003985e-05	0.00020660461	0.0002992033	0.00011295334	0.00013347562	7.0146554e-05	0.0005225136	0.011809575	0.00046682803	0.00032976957	0.00035414638	1.5763864e-05	0.011809575	-20.580615997314453
s03e19a	560.0	5.0	0.91374743	0.91374743	0.02566837	0.06884209	0.0037685311	0.0048438855	0.06137131	0.0033294174	0.002411074	0.19340667	0.000120626406	0.0002703866	0.0018242943	0.0029378529	0.0020722186	0.000545729	0.0030746858	0.00028629234	0.002940821	0.089056596	0.008852311	0.0019096707	0.0018252105	0.002432258	0.0020468028	0.0048694224	0.17178297	0.011711131	0.002834176	0.0017099296	0.00033407024	0.0015463253	0.0020877896	0.00039387247	0.00063198025	0.0014919945	0.0002198915	0.0014919945	0.004311627	0.00047257508	0.00013843455	0.004311627	0.00073159294	0.00092851755	0.0012846286	0.0003670067	0.00013333785	0.00045084904	0.00061208045	0.0010066609	0.0006974901	0.004541716	0.00074535393	0.0027215728	0.00067145284	0.00423521	0.0008384055	0.0028405357	0.0001690983	0.0006829658	0.0007391745	0.0002744628	0.0015642473	0.0007833615	0.00013285658	0.00061164395	0.0012047879	0.0035972719	0.0045365277	0.0002124372	0.0045365277	-23.106388092041016
s03e19a	565.0	5.0	0.90612423	0.90612423	0.013813313	0.25526512	0.0006258484	0.002466576	0.17371947	0.0033801186	0.0016110874	0.016867807	7.9250945e-05	0.00048691238	0.001636004	0.0013304619	0.0045889514	0.0012522021	0.00087141333	0.0007147687	0.0024405466	0.050961178	0.004251449	0.0016368516	0.0011934146	0.0021347245	0.0006898459	0.0022193443	0.053150974	0.0048421733	0.0018223138	0.00071307225	0.0004047411	0.0008621899	0.0019774514	0.00040824956	0.00060933636	0.0017175963	0.0010946816	0.0017175963	0.0077201556	0.0021145057	0.00020085111	0.0077201556	0.0008762301	0.003566543	0.0077308873	0.0007808685	0.0005893422	0.0012282238	0.0025484276	0.0014994299	0.0025793605	0.001932832	0.0005614988	0.0006608111	0.00047453213	0.004179798	0.002125594	0.016164843	0.0002932196	0.00077849394	0.00030266913	0.0001849335	0.0037760374	0.00051145186	0.0005253597	0.0009834873	0.001254082	0.004204972	0.0026500972	0.000119246935	0.0037760374	-21.93617248535156
s03e19a	570.0	5.0	0.86986667	0.86986667	0.02187623	0.017035061	0.0004817266	0.0018683191	0.5054176	0.0006026154	0.0015403705	0.0020455683	0.00025024256	0.00018447737	0.0024447239	0.00095953664	0.0067068296	0.0031709007	0.0019885197	0.0017292663	0.0015874382	0.020282803	0.02444332	0.0019597851	0.00077491126	0.0015011135	0.0003244764	0.0015011135	0.032962777	0.0075200843	0.0058203074	0.0010594154	0.0004294088	0.0012060325	0.0027834438	0.00025801233	0.00024635612	0.0006969436	0.0006969436	0.00051525264	0.00207163	0.0011899768	0.00013588698	0.00207163	0.0007911165	0.002307616	0.0058605247	0.00030496984	0.00035667705	0.00033639208	0.0015232764	0.00060561753	0.003356347	0.007193934	8.0394304e-05	0.0012692363	0.0008534587	0.0035774594	0.0009128194	0.00259363	0.0011416989	0.00059730717	0.0002591281	0.00019140795	0.0011023391	0.00076110935	0.00070675067	0.0018459107	0.0007812883	0.0026332864	0.0016215298	5.688952e-05	0.004430561	-21.2309627532959
s03e19a	575.0	5.0	0.82019264	0.82019264	0.015235954	0.029328244	0.00015663188	0.0035778605	0.22165126	0.0007783374	0.0018414679	0.0040583373	0.00037670234	0.00028649875	0.0015297979	0.004847829	0.0008191879	0.0019501983	0.0027470132	0.004417611	0.012114621	0.031188363	0.018179381	0.0037154336	0.00066299754	0.0061528957	0.0015922535	0.0061528957	0.1310548	0.008260695	0.002825747	0.0006340992	0.0003542254	0.0007752839	0.0043755616	0.0003737304	0.00070764974	0.0059308247	0.004470879	0.0059308247	0.016435437	0.0076359315	0.0009786843	0.016435437	0.0008537918	0.01201533	0.016198305	0.0013504557	0.0018043804	0.0005171531	0.003937436	0.003210593	0.0034714376	0.008038064	0.00020922693	0.0009338604	0.00056793005	0.0012601406	0.0007687818	0.0014507849	0.00054486206	0.0021822324	0.00023799083	0.00022274296	0.0011458549	0.00030965725	0.0016614753	0.0035190731	0.00040812895	0.015783494	0.0017422562	4.588298e-05	0.021788498	-21.83649253845215
s03e19a	580.0	5.0	0.8012952	0.8012952	0.073688544	0.008413777	0.00032828024	0.004636152	0.40573505	0.00062772	0.0012495058	0.0011860987	7.197006e-05	0.00023743823	0.0015186744	0.0012745532	0.0071577583	0.0015986521	0.0021901932	0.00018624477	0.008592754	0.039738905	0.0024772922	0.0024772922	0.002264295	0.0045400695	0.0004323771	0.0045400695	0.044914253	0.011225935	0.005763153	0.00069855986	0.00034177693	0.00086324126	0.004103355	0.00038231633	0.00033313996	0.000543095	0.0005006586	0.00041489018	0.0012664371	0.00073935447	0.00012713586	0.0012664371	0.00097486685	0.0027022413	0.0042857616	0.00089917565	0.00089129526	0.0007235338	0.0052076457	0.001951683	0.001944818	0.003860711	6.736452e-05	0.0006503081	0.0012063277	0.0016315007	0.00022371714	0.0012917245	0.0006706026	0.0010663017	0.0002478132	0.00026770247	0.0053734574	0.0010883072	0.00079870445	0.0024756643	0.0010909791	0.0013698974	0.0021896733	0.00010266574	0.0053734574	-22.64046669006348
s03e19a	585.0	5.0	0.8042897	0.8042897	0.05902107	0.014071887	0.0008000154	0.0066298726	0.5406913	0.0022866423	0.0033756513	0.0023006508	0.00022318726	0.0011138057	0.0045917816	0.0009396161	0.008654097	0.0019391573	0.0030295239	0.00033135223	0.017361764	0.03754788	0.0027274275	0.0027274275	0.0024306031	0.002942586	0.0011440761	0.002942586	0.03410838	0.012033604	0.0056539564	0.0015420193	0.00033142298	0.0013755602	0.0023223625	0.00032909622	0.00033025662	0.0009262074	0.00068944064	0.0009262074	0.0019887052	0.0018984085	0.00025510587	0.0022061602	0.00086005044	0.002927969	0.006972186	0.002183481	0.0014535111	0.0012188242	0.012095541	0.00085741316	0.002820686	0.004077129	0.0003719775	0.0005332309	0.0009780881	0.0077041294	0.0013257432	0.007624381	0.00068326364	0.0015144303	0.00042005893	0.00065494905	0.003411219	0.0017267804	0.00065304205	0.0026434097	0.0022257746	0.0033003606	0.002650706	0.00024788952	0.0036352663	-20.342044830322266
s03e19a	590.0	5.0	0.8317535	0.8317535	0.021031426	0.00845504	0.0012934881	0.002606048	0.03580384	0.0014521462	0.0016230089	0.015743671	0.00058211194	0.0004510502	0.008389029	0.018038098	0.0015563999	0.00038386424	0.003027118	0.00024684376	0.0013050771	0.034304198	0.02510087	0.011832335	0.0027086046	0.005733929	0.004324027	0.021057228	0.023965755	0.006120602	0.0025366673	0.00069960183	0.00026420812	0.0008835453	0.0019568782	0.00025294308	0.00022796483	0.0033139782	0.001995043	0.0012723876	0.0022748022	0.0014612498	0.00031677226	0.0022748022	0.0034410362	0.0064900094	0.0051372247	0.00045458318	0.00046976662	0.000550824	0.0015271186	0.0043942574	0.0010088504	0.045156486	0.000354247	0.0042203264	0.0011519218	0.0019414953	0.00041245864	0.018020133	0.0009292278	0.0012380949	0.0006721488	0.0003825258	0.0035046071	0.0016741881	0.00062360434	0.0076146745	0.000840768	0.009576697	0.006643422	0.00016714835	0.017047122	-20.59697914123535
s03e19a	595.0	5.0	0.78770006	0.78770006	0.028770246	0.0065206676	0.00078570005	0.0026434648	0.2218049	0.001218415	0.002240008	0.013518432	0.00029118345	0.0004135875	0.0023500659	0.011992239	0.0023504246	0.00067694543	0.0028453222	0.0011882824	0.0022304878	0.16361356	0.0051987306	0.004555575	0.003389118	0.006213986	0.00070010405	0.006213986	0.12268966	0.013741055	0.0033501128	0.0011805148	0.00040892087	0.00128041	0.004590696	0.00019042603	0.00095015997	0.0030144292	0.0014549826	0.0012383969	0.005633745	0.0020272725	0.00018009788	0.005633745	0.0015392256	0.0028563493	0.00252206	0.0004016156	0.00021403647	0.0002448843	0.0016383561	0.0023044585	0.0008284671	0.004960993	0.00026831523	0.0027755904	0.00086037576	0.0011487593	0.00055058824	0.0052832677	0.00076928164	0.00055754307	0.00016734704	0.00016430511	0.0017983306	0.0010235348	0.0007877369	0.0074364217	0.0007572543	0.00249716	0.0074248402	0.00039155252	0.018897532	-21.97220802307129
s03e19a	600.0	5.0	0.77213925	0.77213925	0.0069965264	0.020535758	0.0004044792	0.0006145317	0.0012704264	0.00069460925	0.0009092149	0.014979986	0.00035868923	0.00020797945	0.0029538723	0.01439783	0.000741225	0.00024458027	0.00022308897	0.00032968252	0.000103586375	0.0016072026	0.1668063	0.017786637	0.00242074	0.0034141478	0.0014366324	0.009912935	0.037408568	0.0015589079	0.0006019243	0.0005790256	0.0004948855	0.00052374747	0.00056407385	0.00083579315	0.00016221926	0.026733782	0.00925264	0.026733782	0.0029706853	0.0035498429	0.004861635	0.0035498429	0.0073925937	0.013025442	0.005319093	0.00022302772	6.894488e-05	0.00022554684	0.0017948912	0.004732846	0.000731342	0.0069602053	0.00033922156	0.0014162867	0.008436057	0.0011880209	9.7111704e-05	0.0005802759	0.00025298263	0.00023881684	0.00047079817	0.00014728942	0.0011865371	0.00071060396	0.0008558754	0.0032962472	0.0046484447	0.027293384	0.0021882963	0.00030968944	0.017125443	-22.28170585632324
s03e19a	605.0	5.0	0.47145423	0.47145423	0.03491491	0.006156081	0.00011618726	0.011893132	0.03495276	0.00046246534	0.0048990045	0.020854259	0.00024298762	0.0005528427	0.004036417	0.040724553	0.00047209128	0.00039473968	0.007785492	0.0012086637	0.13939732	0.1966936	0.0071247607	0.0071247607	0.0020560895	0.0038958183	0.0013227692	0.0038958183	0.08772875	0.024917606	0.0097320685	0.0019378555	0.00075045513	0.001960746	0.009482842	0.0006707934	0.0009227901	0.0075653386	0.0075653386	0.0017647125	0.009162685	0.008856935	0.00066835125	0.009473477	0.0030264102	0.025388325	0.0141668245	0.0039314036	0.00095013727	0.00372468	0.008113435	0.0043345983	0.0020098821	0.016624354	0.00034607062	0.0010421546	0.0022368876	0.00033176914	0.00026219682	0.0010319813	0.00064537243	0.0024762766	0.00055296277	0.00032941828	0.002865801	0.0006127304	0.0065480745	0.00679126	0.0011500919	0.0132485675	0.0020484263	0.00025735682	0.018309036	-21.09009552001953
s03e19a	610.0	5.0	0.8369813	0.8369813	0.011393117	0.038617887	0.00022935795	0.0023498859	0.11428801	0.00096617744	0.0017395382	0.023903633	8.4176056e-05	0.0005066241	0.0007404506	0.0057595368	0.002932115	0.00151867	0.0021543896	0.0004028864	0.0052489606	0.3648771	0.0050455076	0.0050455076	0.0016528197	0.00387372	0.0011867287	0.00387372	0.12883678	0.008724233	0.0024294446	0.00074063544	0.0003591938	0.00077559205	0.0029174471	0.0006541596	0.0005460495	0.0011503702	0.0011503702	0.0010651677	0.009304126	0.0021737185	0.00019349248	0.009304126	0.0008762518	0.00506183	0.003951115	0.0008058994	0.0010918545	0.0011864485	0.0031514275	0.0020288937	0.0014697815	0.0015997256	0.00038239526	0.0007166956	0.00037735183	0.0020570573	0.0002263174	0.0017133566	0.00020365522	0.0029189747	0.00024837806	0.00042052672	0.00075633015	0.00026677453	0.0006516551	0.00133542	0.000885718	0.006064304	0.0024967683	0.00019015514	0.005653646	-21.718917846679688
s03e19a	615.0	5.0	0.88152826	0.88152826	0.012741541	0.2186227	0.00044173287	0.0027425888	0.015394217	0.0018910421	0.0033052517	0.025081933	0.00046425287	0.00023461784	0.0015702059	0.0058159796	0.0017734068	0.00021647985	0.0018958695	0.0011736663	0.0012502	0.009219344	0.011399048	0.011399048	0.0015776663	0.0039281226	0.0014430713	0.004332555	0.2923507	0.009341904	0.0016539603	0.0012652207	0.0007303662	0.0016219367	0.0029972969	0.0004890686	0.001831205	0.0028238825	0.00060934183	0.0027053657	0.0027451015	0.0008417243	0.00042599195	0.0027451015	0.0011447994	0.0030405137	0.005293874	0.0003291163	0.00029916564	0.00091943453	0.0019013127	0.0018126225	0.002086691	0.0058845263	0.0018648676	0.0034435533	0.0021354011	0.009891495	0.002205112	0.0060119675	0.0005196386	0.001055028	0.0015216157	0.00015439768	0.0053848536	0.0008247387	0.00045395058	0.0014811461	0.0014445452	0.009977031	0.013506203	0.00018377983	0.013506203	-21.46280288696289
s03e19a	620.0	5.0	0.8957026	0.8957026	0.027843637	0.30824876	0.00040078032	0.0015577726	0.007374285	0.0014290675	0.0020361275	0.0066112233	0.00028615535	0.00013947413	0.003544325	0.006450116	0.0009026354	0.00020322924	0.0010891997	0.0015463231	0.00033560023	0.0047745015	0.019721203	0.019721203	0.0014226929	0.0059641125	0.0027644522	0.0059641125	0.10364995	0.0059078224	0.0014957899	0.0006383206	0.00050680037	0.00088571204	0.0021172997	0.00033526446	0.0005411609	0.00377463	0.0012672752	0.00377463	0.00095249625	0.000841418	0.0010257482	0.00095249625	0.0010954192	0.004068644	0.0052695135	0.00020374688	0.00019452896	0.0006259722	0.0018795362	0.00080837787	0.0018229887	0.0019143369	0.00029652083	0.0032812639	0.0006999339	0.005751803	0.00079989573	0.01585027	0.00017143271	0.0005301807	0.0007753326	0.00015600615	0.0034602848	0.0007438279	0.00032870178	0.0010907052	0.0010402199	0.0051469207	0.0021162753	0.00010335431	0.011868226	-20.568748474121094
s03e19a	625.0	5.0	0.8941345	0.8941345	0.017858371	0.03423901	0.0051611923	0.002316131	0.16404273	0.0040526036	0.0009875044	0.020480605	0.00033231836	0.00022261325	0.0026345341	0.003241716	0.0031667678	0.0020343454	0.0012403842	0.0014256991	0.002208519	0.029019024	0.01150747	0.01150747	0.004672588	0.0021835682	0.0016511328	0.0021835682	0.37823883	0.024151778	0.0091985725	0.0013852885	0.00045584858	0.0011955963	0.005889427	0.0005646532	0.00067989505	0.0016837415	0.00038179389	0.0006289449	0.0037817194	0.00076737144	9.906323e-05	0.0037817194	0.00071529613	0.0025488737	0.0039436496	0.0002642822	0.0012674714	0.0006830469	0.0014683204	0.0014535658	0.001362184	0.0071100555	0.0006978632	0.0019084158	0.00040569756	0.006917543	0.0010754229	0.02355135	0.00062710047	0.0011234457	0.00033868628	0.00016099437	0.0010863789	0.0006832608	0.0008907375	0.001953375	0.0010357132	0.0056102625	0.0057421937	0.00019607268	0.019661915	-21.371824264526367
s03e19a	630.0	5.0	0.8793115	0.8793115	0.008429972	0.19625057	0.00030349175	0.0019012702	0.0008082681	0.0015429696	0.0025422014	0.06953163	0.0009906014	0.00015838169	0.00093997427	0.01062423	0.0009323157	0.000120954435	0.0007288682	0.00028225465	0.00026519742	0.005671626	0.01680026	0.006519463	0.0007120329	0.0023396604	0.0025932812	0.0025932812	0.25834084	0.0079154875	0.0011268159	0.0015687997	0.001300003	0.0015110796	0.001498132	0.0004997872	0.0011200663	0.019701347	0.0011361722	0.019701347	0.010911838	0.002028332	0.0021139283	0.010911838	0.0023241509	0.0074733375	0.005801707	0.00018390358	0.00020491467	0.0009504415	0.0010603807	0.001011539	0.00077320257	0.0010820543	0.0012611558	0.0014900621	0.00038537415	0.0023256638	0.0006937984	0.0021410692	4.9080114e-05	0.0009295842	0.00068209553	0.00015897494	0.0019571045	0.00033143943	0.0005156745	0.00028727308	0.0006068025	0.013907486	0.0016552655	0.0003965799	0.0027240135	-21.038476943969727
s03e19a	635.0	5.0	0.88169163	0.88169163	0.017663898	0.08798225	0.0006061046	0.012561144	0.13696589	0.0018486197	0.0035124845	0.010538917	4.915445e-05	0.0002720747	0.00059000315	0.0032955143	0.0023597572	0.00032562698	0.0037259385	0.00081599836	0.007392436	0.06749238	0.0018209681	0.001540466	0.00063659245	0.0018469223	0.00048438	0.0018469223	0.24840768	0.016609112	0.003520873	0.0018388709	0.0005100286	0.0011974616	0.004579106	0.0002888038	0.0007199277	0.001263909	0.0003676144	0.0007970257	0.0020768691	0.000799776	8.14511e-05	0.0020768691	0.00049296295	0.0012740616	0.0025251855	0.0006476275	0.0004472355	0.0008798308	0.0014658022	0.00081598747	0.00085578236	0.011218741	0.00035681922	0.0038525593	0.00062178884	0.003324339	0.0005085558	0.002216472	0.00028486457	0.00093684765	0.00024453455	0.00018007967	0.00045775357	0.0007165287	0.00023722259	0.0016460363	0.0005328577	0.007951517	0.013759846	7.5441196e-05	0.030818934	-19.973487854003903
s03e19a	640.0	5.0	0.79590523	0.79590523	0.002674214	0.012429461	0.0028285969	0.0045594564	0.015585556	0.004252747	0.014418809	0.11937667	0.001644228	0.00013915836	0.0018368633	0.0420159	0.00094147027	0.0014924258	0.001591595	0.00017449523	0.0025881517	0.0023527439	0.090887375	0.0048486367	0.0014471309	0.007974841	0.0015423778	0.007974841	0.6939387	0.008895134	0.005864705	0.0010766869	0.0007291978	0.000642752	0.0030962818	0.0023241465	0.0020505465	0.0009953097	0.0004888118	0.00065416493	0.0010242634	0.00037771554	0.00013362932	0.0010242634	0.0015499945	0.001696747	0.0031911922	0.00010227079	0.00014666955	0.00046181315	0.0017540306	0.003429912	0.0005067004	0.0046573267	0.00069041055	0.012557201	0.00041120822	0.0012253416	0.00032702636	0.0015452846	4.8977578e-05	0.0009935267	0.0007436331	0.00011717247	0.00044919061	0.00060692	0.0010880993	0.017520692	0.0036430468	0.0110009	0.0046018115	0.00019623204	0.017520692	-21.894834518432617
s03e19a	645.0	5.0	0.8126671	0.8126671	0.0038930986	0.015680185	0.012188671	0.00079943007	0.0020003363	0.0014240063	0.0023498435	0.1354724	0.0020151418	0.0003715023	0.0074118315	0.0071985433	0.011869814	0.0005251447	0.0020974083	0.00012606701	0.0009236997	0.00019029825	0.042297453	0.038683765	0.003009103	0.004919069	0.0055120755	0.0055120755	0.023980163	0.005349281	0.0014725274	0.0014088281	0.00040475072	0.0010718063	0.0005229506	0.0003213434	0.00030639203	0.009359585	0.0008637436	0.007314343	0.006982874	0.00061958114	0.0009188627	0.006982874	0.0011450365	0.0025551575	0.0017396169	8.9491914e-05	0.00022526486	0.0004148285	0.0006746099	0.0009137279	0.0003282915	0.0065271268	0.0005105469	0.0023318145	0.0007499819	0.0012539804	0.0005214581	0.0014267123	0.000117096526	0.000793607	0.006288543	0.00017239756	0.002157771	0.00027437016	0.00015809035	0.0018301785	0.00029295665	0.010656532	0.0011823266	0.00026242592	0.0053696157	-21.41171646118164
s03e19a	650.0	5.0	0.8506898	0.8506898	0.010152134	0.0027700737	0.00031515342	0.0015149551	0.0010380568	0.0006026128	0.0023835169	0.0031436682	0.00068815076	7.8602396e-05	0.0026451263	0.049484197	0.026940528	0.0004313008	0.0025603347	4.5723074e-05	0.0040462743	0.00084961107	0.0021323632	0.0021323632	0.00050855946	0.000994322	0.00037738492	0.000994322	0.017572602	0.004358546	0.0013203298	0.0014480561	0.00066692947	0.00087533385	0.0010630753	0.0001280735	0.00021355844	0.0025864253	0.00017795134	0.0025726415	0.00023979614	8.76682e-05	0.00035866702	0.00023979614	0.054538194	0.0002736001	0.0008730415	6.698203e-05	0.00026665704	0.000288302	0.00042432197	0.0005657549	0.00041177074	0.008870391	0.0011315246	0.004990129	0.0008416457	0.001223123	0.0008918007	0.01537961	0.00042904707	0.0013672078	0.0012045916	0.00024733332	0.0019574342	0.000994297	0.0009628027	0.0018087917	0.0003820808	0.011140919	0.0060194493	0.0001867131	0.13092884	-21.26093292236328
s03e19a	655.0	5.0	0.81017196	0.81017196	0.0008472286	0.0008739841	0.00035737857	0.00045603458	0.00055547594	0.002025126	0.0021335313	0.010146184	0.0011108589	9.65294e-05	0.0014530537	0.13079472	0.07085892	0.00023611894	0.0009116803	7.5886885e-05	0.00049928535	0.0004270721	0.014970357	0.01224199	0.0008885674	0.00088342157	0.00038081026	0.00088342157	0.021580085	0.0028277577	0.00064753613	0.0005575521	0.00022840823	0.00040248065	0.0006661145	0.000825355	0.00013508239	0.0022571525	0.00026584778	0.001263664	0.00016141677	5.0953735e-05	0.000120776254	0.00016141677	0.02889466	0.00022733666	0.0003405852	3.501454e-05	0.00010892609	9.83842e-05	0.0004251056	0.0009087195	0.0006909101	0.0024504892	0.0044391146	0.0010980002	0.0017173444	0.0010255738	0.0015264541	0.036784127	0.00042674714	0.0010631218	0.009935021	0.00011291339	0.0008529282	0.0013129514	0.00065020367	0.003273622	0.0045602983	0.024834337	0.01097425	0.000641141	0.19949423	-27.237207412719727
s03e19a	660.0	5.0	0.7871522	0.7871522	0.0820637	0.013662103	0.00028988766	0.005258352	0.3062911	0.000703564	0.001895671	0.0011411856	0.0018087839	0.0007123852	0.0014909414	0.0024718493	0.0019564135	0.0011324292	0.0015205867	0.00073153817	0.009202299	0.091929555	0.0052023646	0.0018501398	0.0012325647	0.0016912572	0.00062317326	0.004049737	0.04809139	0.011602621	0.0056956476	0.0008554286	0.0005360883	0.0010784607	0.0029141742	0.00028234022	0.0005602193	0.00085141585	0.0005166703	0.00085141585	0.0031598255	0.00088998966	0.00013092239	0.0031598255	0.0006464525	0.0027344492	0.0034585358	0.0007780575	0.00037767322	0.0006275471	0.0010912716	0.0011446739	0.0012360894	0.0040267347	0.0004005317	0.00063252926	0.00049647444	0.0030451978	0.00037773047	0.0012755819	0.000405419	0.0013310772	0.00085233396	0.00030493553	0.0022526307	0.0005706803	0.0005875321	0.0041150674	0.0020078248	0.0023044606	0.0067350552	0.000118890406	0.0067350552	-22.47445106506348
s03e19a	665.0	5.0	0.78005236	0.78005236	0.044795517	0.027677052	0.00021424124	0.0052634683	0.21361691	0.0009321136	0.0052030827	0.0019789322	0.0015050268	0.0013660125	0.004532664	0.0031838529	0.00088680815	0.0015074393	0.0037780437	0.00065798307	0.019576449	0.010951021	0.0060690427	0.0060690427	0.0034380108	0.021170845	0.0015833601	0.021170845	0.1152985	0.016268156	0.0064917468	0.0013851566	0.00047790149	0.0010308498	0.0045376197	0.00056523096	0.000778954	0.001602832	0.00072920753	0.001602832	0.0025257284	0.0015290712	0.00034054345	0.0025257284	0.0010726195	0.002432331	0.003916501	0.0008776915	0.00096815306	0.0010360477	0.0052422495	0.0013979052	0.0020802547	0.0040470413	0.00027257373	0.0011397239	0.00060026743	0.003060843	0.0007013675	0.0018348868	0.00084256043	0.0006698421	0.0004298075	0.0005879547	0.0022700755	0.00081634754	0.00075585494	0.005934973	0.0012287498	0.0050107976	0.0029202476	0.00030702451	0.005934973	-21.29412841796875
s03e19a	670.0	5.0	0.8700407	0.8700407	0.026923595	0.1414251	0.0007682882	0.00026726487	0.0023934813	0.00092952925	0.0014356613	0.019713908	0.00018419613	0.0005547265	0.004501915	0.008748084	0.0015420832	0.0009447113	0.00375795	0.0012814355	0.0003363879	0.0013180169	0.0072341776	0.006635566	0.0037763729	0.001970692	0.00094402925	0.002523183	0.02601984	0.0053484305	0.001492231	0.0010723078	0.0007283446	0.00095545105	0.001767845	0.0013698387	0.00016494303	0.005639127	0.0016487404	0.0024764284	0.0010664063	0.0007970667	0.0007538473	0.0010664063	0.0035187155	0.0022607173	0.0019662075	0.00016777699	0.0002606997	0.00024296052	0.0017244517	0.0016032662	0.0010301827	0.003852259	0.0002944699	0.0052798362	0.0027068276	0.0028267496	0.0007479353	0.05334505	0.00040231607	0.0007857914	0.005718137	0.0005362087	0.00497634	0.0015569541	0.00083603535	0.001288696	0.001816996	0.021623302	0.0015601834	0.0004939731	0.014439496	-24.55897521972656
s03e19a	675.0	5.0	0.8196903	0.8196903	0.01230566	0.055935174	0.0008605156	0.00030468157	0.0008956549	0.0012556968	0.002537542	0.013207296	0.00067153794	0.0004891721	0.006146671	0.0034825571	0.0035697813	0.00023634867	0.0047482816	0.0003978257	0.00035997422	0.0003583507	0.0041273106	0.0041273106	0.0031436847	0.0032610807	0.0018802368	0.0032610807	0.038722537	0.01353714	0.004704272	0.002277919	0.00074496184	0.0022549145	0.0023819902	0.0009692111	0.00021692304	0.008678467	0.00089825597	0.008551152	0.002479487	0.00060863374	0.0014802832	0.002479487	0.002666394	0.001459337	0.0018380247	0.00011057848	0.00011027964	0.00030419076	0.00107388	0.0015173315	0.0008835112	0.0017740814	0.0004458189	0.0027141452	0.005108933	0.00237506	0.002469687	0.030478027	0.00076026586	0.00063851953	0.0034111023	0.00045319952	0.02361483	0.002843698	0.0006050576	0.00072258327	0.0025781633	0.027125489	0.0011269652	0.0008570387	0.02361483	-23.166868209838867
s03e19a	680.0	5.0	0.7402824	0.7402824	0.057456043	0.0062103854	0.0010165374	0.0019382808	0.07913998	0.0018184581	0.0031059314	0.002764523	0.0026974343	0.0004204253	0.0066999234	0.009233523	0.005460085	0.0012808206	0.0016909111	0.0024525719	0.005138906	0.045730043	0.015979143	0.007126866	0.001772081	0.00310763	0.0014347715	0.00310763	0.04229126	0.009064622	0.0027534948	0.0006976165	0.0003724516	0.00063149614	0.0017388866	0.00028470898	0.00023990315	0.0024793586	0.0018777782	0.0024793586	0.012021467	0.002741673	0.00042736856	0.012021467	0.001654206	0.009799152	0.0024630774	0.0007851342	0.00023977898	0.0003755288	0.002038857	0.0023887588	0.00089795695	0.0049382476	0.00010324556	0.0021336195	0.00071088615	0.0013956253	0.00018930002	0.001114958	0.0005133817	0.0008759621	0.00022580118	0.00033631656	0.0047086426	0.0007949921	0.000350115	0.0022799943	0.0016318022	0.013415336	0.0025976372	0.000111902074	0.015676932	-22.662185668945312
s03e19a	685.0	5.0	0.6983482	0.6983482	0.012230003	0.060997453	0.0005391822	0.0016209595	0.0044539645	0.00066554494	0.0019158791	0.0044055325	0.00035565876	0.00055365317	0.0021993993	0.004512658	0.0012889341	0.0001943393	0.0015509748	0.0004580814	0.001620603	0.0031114465	0.0060181655	0.002460686	0.0017900824	0.0047079567	0.0015091958	0.0047079567	0.038946416	0.006671816	0.0022307541	0.0009148407	0.0006324334	0.001193181	0.005937091	0.00022360134	0.00029847334	0.008486415	0.0034542836	0.008486415	0.006922688	0.0028793006	0.0011074687	0.006922688	0.0034626469	0.007887226	0.009766429	0.00093476754	0.0004797982	0.0013356718	0.002672481	0.0018881218	0.0033863634	0.009460385	0.0009321114	0.014900274	0.004821304	0.00699986	0.002753089	0.010582824	0.0005952079	0.0012574069	0.0033775368	0.0004141868	0.00503565	0.0033897862	0.0010010379	0.0024624048	0.0010094017	0.015720434	0.003747405	0.00024153476	0.04340952	-22.675580978393555
s03e19a	690.0	5.0	0.5881572	0.5881572	0.0074330117	0.013736713	0.002289124	0.0034501706	0.032347176	0.005485777	0.006729179	0.0013299747	0.0071782954	0.00093074027	0.009769436	0.0020710633	0.0019317488	0.0009316928	0.00236751	0.0005673397	0.00039514477	0.001769426	0.024096804	0.00883502	0.0024085143	0.005435603	0.002009772	0.0064539765	0.057462618	0.003894007	0.0022826164	0.0006464774	0.0003030988	0.0005401586	0.0011045303	0.00038087412	0.00083899806	0.0011614714	0.00090873905	0.0008105233	0.0007056493	0.0008151536	0.00054391194	0.0008151536	0.0008268814	0.004833523	0.008178873	0.00015669492	0.0013871117	0.00060335157	0.0015947949	0.0007168158	0.0030086867	0.012056937	0.0021539326	0.016138421	0.014292046	0.0047637015	0.0007026815	0.016484726	0.00040598944	0.000789102	0.006398559	0.00059294247	0.0017401733	0.0020220948	0.0021888618	0.057121016	0.008518187	0.004213559	0.007352324	0.06866622	0.057121016	-25.945446014404297
