episode_id	onset	duration	talking	speech	man_speaking	woman_speaking	baby	shout	laughter	cry	singing	kids	groan	whistling	breathing	walking	mouth_sounds	fart	hands	heartbeat	cheering	crowd	mammal	dog_bark	cat	rooster	duck	bird	music	musical_instrument	guitar	piano	organ	electronic_instrument	percussion	bell	ambient_music	weather	wind	rain	river	wave	thunder	river_sea	fire	boat	car	traffic	car_honk	emergency_vehicle	train	cycling	engine	door	doorbell	knock	dishes	radio_tv	dryer_vacuum	zipper	keys	alarm	telephone	whistle	mechanisms	tools	boom	bang	glass	water	beep	silence	sudden_noise	db
s03e18a	0.0	5.0	0.6257503	0.6257503	0.03229272	0.005643921	0.0004901476	0.004602585	0.044348963	0.0026745151	0.011547069	0.0012314715	0.0052518738	0.00021369287	0.0017613757	0.006394262	0.00870312	0.00499539	0.002168834	0.00062183244	0.0027261425	0.10467252	0.00733882	0.002933303	0.0018526202	0.002354151	0.0007803166	0.002354151	0.11133099	0.008014351	0.003196074	0.00058150775	0.00037904963	0.00077553437	0.002491278	0.001741035	0.00122135	0.0026403717	0.0024537363	0.0015117826	0.002409463	0.0017342624	0.0007835635	0.002409463	0.0033795533	0.01041362	0.012873069	0.0010352466	0.0032423062	0.00083819305	0.0018141185	0.0039737322	0.0018171179	0.0028706274	0.0013075891	0.0013506956	0.0015252787	0.0025889985	0.00015871413	0.0009095476	0.00030521068	0.0011624597	0.0031208035	0.00050830696	0.0012894786	0.0005382062	0.0027594313	0.007632936	0.0021190483	0.0019924869	0.0021997918	0.077380866	0.015699089	-23.27628326416016
s03e18a	5.0	5.0	0.8235354	0.8235354	0.025189145	0.006568218	0.0002296271	0.0019178687	0.04465729	0.0029386126	0.0035732107	0.0021577228	0.0003569393	0.00028792708	0.0025330454	0.0073353373	0.0024339862	0.0014206086	0.0014986042	0.0003561424	0.00086399337	0.0640634	0.011092259	0.010642082	0.0016306039	0.015500569	0.0021593156	0.08253872	0.09423599	0.012161764	0.0032058903	0.00087723084	0.0006769129	0.0012140092	0.005594056	0.0004724638	0.00054461777	0.002738163	0.002738163	0.00108174	0.011910094	0.0034471683	0.00026910327	0.011910094	0.0033110594	0.031834554	0.005698119	0.0006210834	0.00041973952	0.00056537485	0.0013409435	0.008288317	0.0013722896	0.0034516465	0.00023382639	0.0031646355	0.00048078276	0.0022063514	8.6549975e-05	0.0008080247	0.0048336377	0.00051392615	0.00020217552	0.00034792794	0.003727454	0.001174151	0.0009790988	0.0040148343	0.0063795554	0.006785431	0.0014941399	0.0002999499	0.012476809	-21.837345123291016
s03e18a	10.0	5.0	0.85721433	0.85721433	0.0516919	0.0054356675	0.0003057381	0.0022012722	0.074045345	0.0009710584	0.0010793883	0.00063734245	0.0006473967	0.000244643	0.013256337	0.009615141	0.0009782903	0.0002868869	0.0016915873	0.0006723112	0.0015544484	0.017854808	0.049720094	0.0026387349	0.000822625	0.0009079488	0.0005637146	0.009665277	0.038111024	0.005983069	0.003306565	0.0009419467	0.00021972028	0.0011501806	0.0034387396	0.00025271098	0.0003442347	0.0042452742	0.0042452742	0.0028461246	0.0024937964	0.005817168	0.0013850379	0.0059952782	0.0025102645	0.017937275	0.02134613	0.0016681603	0.0004702496	0.00038293444	0.0033725004	0.0026872554	0.007640044	0.01231076	0.00031311097	0.0011065861	0.0011212438	0.001877613	0.00015811807	0.0020770915	0.0010887929	0.0006351522	0.00023184376	0.00030020738	0.0015283856	0.0017676834	0.0018271757	0.003161481	0.004244077	0.005004853	0.0050179227	0.00020444492	0.0064108972	-21.723865509033203
s03e18a	15.0	5.0	0.79243237	0.79243237	0.02943915	0.002325552	0.0013971904	0.0031790002	0.19388084	0.0020100742	0.0024005899	0.0024849277	0.0009945527	0.0005306615	0.0029528725	0.005808295	0.0017516203	0.0016912137	0.0013086624	0.0006296938	0.013795571	0.046050772	0.005268436	0.005268436	0.0030133834	0.006583613	0.0069149365	0.0069149365	0.030370232	0.0063353484	0.0023518363	0.0007693619	0.00023628176	0.0008628971	0.0048368727	0.0005439713	0.00033773528	0.017458746	0.017458746	0.01486691	0.025140576	0.020816496	0.004853685	0.025140576	0.003129924	0.04649073	0.0154049685	0.0020418824	0.0027779539	0.00031050036	0.007128175	0.0048258775	0.0038752952	0.004050406	0.00013036653	0.00058782415	0.00071346137	0.0011308618	0.00025031393	0.00034884014	0.002239817	0.00056702027	0.00015879769	0.0007636204	0.0030478565	0.0008367805	0.0018754489	0.004304106	0.0004926703	0.022969702	0.003321288	0.00027897864	0.02126979	-20.23965072631836
s03e18a	20.0	5.0	0.8208458	0.8208458	0.21947567	0.006741496	0.0005906775	0.0021733276	0.095547	0.0008315162	0.0021932162	0.0020908238	0.00028786666	0.00015485518	0.0018398952	0.010000886	0.00078347465	0.00024883886	0.0044660643	0.0005447169	0.017994862	0.029182168	0.012157582	0.0043697637	0.0007113625	0.0025425062	0.0005368594	0.004197978	0.017854674	0.008149274	0.0035888965	0.001800261	0.0006078783	0.0012024129	0.0028748687	0.00023964711	0.00017942906	0.011160289	0.0027006613	0.011160289	0.009317673	0.0039835055	0.0021909487	0.009317673	0.001511399	0.007201349	0.0037979542	0.001964682	0.000304413	0.00023024886	0.0047749006	0.002773511	0.00087289966	0.013015099	4.3056403e-05	0.0029868034	0.0008621205	0.0012831991	8.784905e-05	0.0004138965	0.0009058201	0.001185167	0.00056042895	0.00019508805	0.003037204	0.0021821517	0.0010592862	0.0023059128	0.0006184755	0.0041936585	0.0066989874	0.000106021165	0.008699147	-19.76666259765625
s03e18a	25.0	5.0	0.7770542	0.7770542	0.022888044	0.0031135355	0.00048011576	0.00046605794	0.00088931026	0.00030673048	0.0010243558	0.0013726498	0.00020368453	0.0004210909	0.0036670645	0.017258396	0.0007935185	4.7010228e-05	0.0010012654	0.00036009605	0.00024429662	0.002364198	0.022533165	0.0020410982	0.0010703218	0.0019947335	0.00419996	0.06095307	0.03566131	0.00725563	0.0051505286	0.0008620009	0.00081511156	0.001275492	0.00413053	0.0012818866	0.0004088349	0.014245615	0.00463125	0.0034546265	0.008878393	0.0029300523	0.00057497626	0.008878393	0.008663928	0.013967908	0.0029713716	0.0002944233	0.00037307257	0.0004744211	0.0014089744	0.0038589763	0.0016595576	0.0076401383	0.0006091537	0.0070522362	0.0026640338	0.0030553017	0.00025278374	0.013247052	0.00038282803	0.00088551623	0.0011208395	0.00032032482	0.039511897	0.0056484235	0.0011957455	0.0007470659	0.0032264139	0.018230485	0.0022859832	0.00044717646	0.039511897	-20.43387985229492
s03e18a	30.0	5.0	0.8401528	0.8401528	0.056837693	0.0007754183	0.0005366632	0.0015440499	0.011784627	0.001567347	0.0005726446	0.0026936017	0.00236725	0.00027628432	0.003973555	0.008727273	0.002793816	0.000110990484	0.0010418876	0.00042101828	0.0010392576	0.041108593	0.12138395	0.0795135	0.0016561821	0.0012784159	0.0011806419	0.00336544	0.0402909	0.007920305	0.0025578071	0.0005609682	0.00027749178	0.0006035929	0.0015915715	0.00027764184	0.000293828	0.0019926718	0.001838226	0.0017481919	0.005801638	0.001567735	0.00051420176	0.005801638	0.0011664819	0.0076982477	0.0014719218	0.00025614095	9.6944415e-05	0.00022725757	0.0004438588	0.0021221037	0.00050058775	0.0031752505	0.00011778007	0.0007037564	0.00060181756	0.001248754	5.332102e-05	0.00029895638	0.0009540133	0.00037611922	0.00014566715	0.0003462021	0.0028737998	0.0009848047	0.0008421599	0.0019003032	0.001181829	0.01061994	0.0028302313	0.0001671061	0.017720645	-23.06617927551269
s03e18a	35.0	5.0	0.31341317	0.31341317	0.019412111	0.0020071026	0.00019804556	0.00073245063	0.0027966576	0.018986793	0.0016484461	0.0010181386	0.0066001494	0.00011651434	0.074047714	0.009295924	0.0026114401	7.9535916e-05	0.0007085182	0.0008583316	0.0020982	0.0049943635	0.0398693	0.001982314	0.006032676	0.00033023016	0.00011867872	0.0012720738	0.13199852	0.008608183	0.002601257	0.0006306764	0.0001662238	0.00063326873	0.0062507424	0.00038317288	0.00072827074	0.0049621533	0.0020913074	0.0039566793	0.0031947782	0.0035211085	0.0011570532	0.0035211085	0.0019079283	0.004322551	0.0026872326	0.00031729878	0.00015086618	0.00041875997	0.0018400153	0.00045561139	0.0022044878	0.008260437	0.00011906377	0.0031718928	0.0013916211	0.0012614965	0.00038164356	0.0003633101	9.142658e-05	0.0009687445	5.367887e-05	0.0011093208	0.0037741726	0.0011699582	0.0004507023	0.002112437	0.0016738294	0.008477448	0.0066827494	0.00021385062	0.010688346	-28.188875198364254
s03e18a	40.0	5.0	0.8852745	0.8852745	0.048794974	0.0039809863	0.0013980742	0.001882442	0.082403	0.0015165588	0.0023966762	0.0017713313	0.003056429	0.0004883275	0.004220086	0.025673123	0.0020232785	0.00083743583	0.0010764654	0.0017188984	0.0026135012	0.074315466	0.054122176	0.01011242	0.0022214942	0.0031523681	0.0013524211	0.004769375	0.10998317	0.008516342	0.0036387502	0.0006950731	0.0004374184	0.0009847985	0.0047603026	0.0010224973	0.00046116955	0.0013742861	0.00086016185	0.0010340445	0.0019804856	0.00085354777	0.00054964423	0.0019804856	0.0039635804	0.0041309088	0.004513247	0.00083439425	0.00044031718	0.0006001665	0.0046827826	0.0028646227	0.0024476	0.0101553155	0.00016038638	0.00062819256	0.0011504753	0.04029041	0.000441874	0.0011359331	0.0007325972	0.00092904764	0.0006511069	0.00070058793	0.0067205373	0.0033167908	0.004461864	0.0022380105	0.009074788	0.009815256	0.0035161164	0.00036698574	0.015276329	-23.326902389526367
s03e18a	45.0	5.0	0.73798335	0.73798335	0.029535092	0.004841964	0.00043699416	0.003696269	0.15300281	0.00074543065	0.0034146134	0.002484462	0.00036059006	0.00049173733	0.0012379722	0.008422347	0.0027280038	0.0008322356	0.0020118514	0.000533541	0.025758835	0.061051764	0.006056942	0.005444754	0.0025168448	0.0078021344	0.0029392554	0.0078021344	0.03244844	0.012750152	0.0055006435	0.001289496	0.0004478304	0.0010583764	0.0043639834	0.0005452917	0.00035803005	0.0055561103	0.004433437	0.0055561103	0.014517578	0.0073318616	0.002608249	0.014517578	0.0014678554	0.02210531	0.012440119	0.0035216862	0.0017825799	0.001078603	0.02813261	0.002814055	0.0038295065	0.0018671829	0.00016372614	0.0006356821	0.0009054651	0.0014715861	0.00026892655	0.0013988466	0.0004753373	0.001636353	0.0006062106	0.0009043166	0.00154498	0.00088826095	0.0011120903	0.001582483	0.0011616052	0.0073695257	0.0016524051	0.00056668936	0.010967338	-19.255783081054688
s03e18a	50.0	5.0	0.48182678	0.48182678	0.037650563	0.0052805296	0.00023467446	0.0027753015	0.07353709	0.0039234776	0.003678668	0.0021633839	0.00039210607	0.0006384392	0.015080539	0.038689546	0.001494527	0.00056721864	0.0019175393	0.00029983092	0.012277704	0.17242046	0.015712652	0.003481182	0.0011841615	0.0009874456	0.0002995892	0.007105506	0.039604455	0.0062131817	0.0017646117	0.00038813255	0.000102286	0.00034298137	0.0016473643	0.00014457025	0.00013874895	0.008694087	0.006429175	0.008694087	0.005443246	0.0045477217	0.0026270521	0.005443246	0.006396889	0.010668342	0.0063309046	0.0021467153	0.00036069765	0.00070765516	0.0065709883	0.006000865	0.0025080757	0.017187508	4.764483e-05	0.0016817453	0.0014940326	0.0011273479	8.562782e-05	0.0008930082	0.0012264153	0.00068922056	0.00010900247	0.00044041392	0.0060475306	0.0004338868	0.0025194222	0.0033486374	0.0014411083	0.009447889	0.0009745372	0.00021907307	0.0060475306	-21.836589813232425
s03e18a	55.0	5.0	0.58667296	0.58667296	0.044812918	0.0122035965	0.0001503664	0.0025215298	0.072529994	0.0014115854	0.0037837713	0.0060782596	0.00016951335	0.00015976181	0.002978838	0.018690685	0.0043497565	0.0010991168	0.0017644706	0.00049804617	0.0022706308	0.14499164	0.010510444	0.00341232	0.0021315191	0.0023701028	0.00048121306	0.006789186	0.02793708	0.0028662127	0.0010697881	0.00046790103	0.00022073953	0.00044955921	0.0010224208	0.00022783574	0.00021420224	0.0045467205	0.0045467205	0.0018681759	0.0027055612	0.0023394122	0.00063970854	0.0027055612	0.007727662	0.028746167	0.014547304	0.00091597764	0.0002595138	0.00022697888	0.003152028	0.017027248	0.0016654378	0.018579429	0.00015841416	0.0075946953	0.00087078137	0.000953629	0.0001467525	0.0007374802	0.0072502946	0.0008178717	0.0006202606	0.00030735251	0.006524205	0.0005511603	0.0012168052	0.008597569	0.0019195646	0.010111194	0.0023489045	0.00039880915	0.01465035	-27.125986099243164
s03e18a	60.0	5.0	0.8607115	0.8607115	0.022605035	0.030693373	0.00051115337	0.004044104	0.059729666	0.0032055767	0.0019144336	0.006607961	0.0027465143	0.00075243233	0.005061379	0.0052477354	0.0036104666	0.0014465041	0.0013718434	0.0025835077	0.0017689192	0.028073188	0.01217368	0.0030006375	0.0025686484	0.0022207163	0.0020467308	0.0022207163	0.065275334	0.0058198604	0.0022233096	0.00088678487	0.0003737199	0.0012936539	0.0039300933	0.00045740398	0.00050080585	0.007251153	0.0037438623	0.007251153	0.009179263	0.0061150095	0.0027732158	0.009179263	0.001958585	0.010234246	0.012604453	0.0022910414	0.00084234285	0.0013747357	0.0049124025	0.0028856117	0.0036512685	0.0037795894	0.0008046516	0.0014097005	0.0008169802	0.008138338	0.0011545373	0.007281835	0.00041019634	0.0010649718	0.0006192951	0.00047170828	0.0025375434	0.0018488351	0.0018871839	0.0015186389	0.005329927	0.009419408	0.0053413254	0.0004792751	0.0053413254	-19.305591583251957
s03e18a	65.0	5.0	0.8550916	0.8550916	0.008257044	0.031171339	0.0015933819	0.0009888597	0.0013134754	0.0013992131	0.0022799813	0.061719716	0.00021241997	0.00011956232	0.015397051	0.025140576	0.011596892	0.0003098622	0.0032718487	0.00017271347	0.0008408344	0.001977874	0.031409524	0.031409524	0.002513127	0.0037921923	0.001435092	0.0037921923	0.0467305	0.0068280343	0.0014722527	0.00089054485	0.00079258706	0.0007359304	0.0012584842	0.00022504997	0.0001767057	0.0022087356	0.00028002565	0.0010736167	0.0011245464	0.00017339428	0.00015735552	0.0011245464	0.0069413823	0.0010512046	0.0007546537	3.6286187e-05	0.0002082914	0.00019847769	0.0004840283	0.004375198	0.0003902118	0.0097206365	0.0004967999	0.009990888	0.0037807995	0.0018667483	0.0025095649	0.009412713	0.0005678883	0.00047248724	0.0011254621	0.00011397503	0.005956747	0.0011636518	0.00041323	0.0020401895	0.0016850324	0.03867333	0.002738835	0.00052761566	0.036215745	-23.909427642822266
s03e18a	70.0	5.0	0.4861756	0.4861756	0.017514858	0.0028878173	0.0011001942	0.010935084	0.11617559	0.0016980221	0.0020383962	0.0034642876	0.00029678643	0.0009806887	0.0011060248	0.009564936	0.0018544605	0.00044991312	0.004331173	0.0002565567	0.008229487	0.13390692	0.011351671	0.0032607273	0.0006874013	0.0071747797	0.00095752336	0.011607484	0.022425704	0.0063868924	0.0028647466	0.0007998043	0.00062244525	0.0011447252	0.0026070531	0.00024973252	0.0003346284	0.0012437737	0.0012437737	0.00074820226	0.00092774956	0.0006974163	0.00037882547	0.00092774956	0.006925888	0.005373442	0.011468554	0.00029708992	0.0005952079	0.00036738266	0.0032205489	0.009407834	0.0032765716	0.0072320173	0.0001721267	0.0016188478	0.0015937089	0.00092293264	0.00012464695	0.0012970731	0.004197153	0.0014981977	0.00041748828	0.00065114844	0.0030745482	0.0008103013	0.0035231423	0.008378472	0.0020457027	0.0024569505	0.0014971087	0.0010872466	0.011642076	-22.26636505126953
s03e18a	75.0	5.0	0.81837285	0.81837285	0.08413635	0.0058766208	0.00085584034	0.0066218073	0.284638	0.003389395	0.0036253987	0.0009322824	0.00016540608	0.0004831234	0.0011150552	0.006028606	0.0012099827	0.00033969892	0.0024023866	0.0002033781	0.014018949	0.15743652	0.0027997445	0.0017689123	0.0017799761	0.006877342	0.0028883351	0.006877342	0.037065636	0.014111643	0.00698262	0.0014504547	0.00031875624	0.0015355174	0.0034262205	0.00031497743	0.00085546076	0.003968721	0.003968721	0.0010266355	0.012491599	0.009052457	0.00020645534	0.012491599	0.0006838053	0.032543924	0.016045017	0.0029668796	0.0007660599	0.00089034333	0.0038182647	0.0017569611	0.003462775	0.005316432	0.00055501633	0.00087919063	0.0004602471	0.003326354	0.0003902179	0.0016818654	0.0006258824	0.0010127622	0.0007631258	0.00032721317	0.004216032	0.004934226	0.00069360144	0.001585399	0.00077343837	0.011960061	0.0023799231	0.00010678476	0.009584267	-18.59004211425781
s03e18a	80.0	5.0	0.8556881	0.8556881	0.015462861	0.16010049	0.00057332806	0.0050534946	0.13477664	0.0042091757	0.0030890252	0.009374723	0.0003236925	0.00045576078	0.0019927751	0.008179956	0.0029906454	0.0011243075	0.0011462998	0.00093670667	0.0076898527	0.06811632	0.0052285413	0.0052285413	0.0010189732	0.010708832	0.0026390585	0.010708832	0.08129493	0.0081395125	0.0020738207	0.0010326962	0.00039689196	0.0012430352	0.0034955733	0.0006162311	0.00070765446	0.0019218515	0.0009947967	0.0019218515	0.009601505	0.0023376567	0.000453656	0.009601505	0.0011455553	0.005567097	0.011017613	0.0017172922	0.0017095462	0.0012881652	0.00586684	0.002083983	0.0025141598	0.0038269444	0.0018365523	0.0012733138	0.00064436044	0.0064276005	0.0038495518	0.008055317	0.00033841826	0.0011446871	0.0009085507	0.00021722045	0.0030741098	0.0006142067	0.000796039	0.001199673	0.0016708552	0.013361508	0.003911632	0.00043031172	0.01520804	-21.295085906982425
s03e18a	85.0	5.0	0.8346275	0.8346275	0.06334693	0.08671379	0.0005477332	0.000737488	0.123569205	0.0051343376	0.0019030654	0.005729271	0.0005645009	0.0007444655	0.014700506	0.0022654803	0.036319338	0.00072474114	0.00057635515	0.0006395659	0.0014548828	0.16506858	0.029947322	0.005575334	0.011325932	0.0032201495	0.002211457	0.008569092	0.07513444	0.011084646	0.0029062845	0.00085720327	0.00028835892	0.0014848242	0.0038496177	9.804647e-05	0.0007660234	0.0013983153	0.0009852556	0.0013983153	0.003876921	0.001361953	0.00022280775	0.003876921	0.0011295753	0.0052405787	0.0035892888	0.00058214326	0.00042458315	0.00057765795	0.0024061368	0.000832037	0.0019659766	0.0016971938	0.000121700425	0.0009816904	0.0030582484	0.0034716951	0.00076766324	0.005211622	0.0002431167	0.00051715516	0.0002940065	0.0005681274	0.004326594	0.0021429576	0.00027850663	0.0011082139	0.0035262755	0.0070850947	0.0016248279	5.0683466e-05	0.004326594	-24.886350631713867
s03e18a	90.0	5.0	0.8568835	0.8568835	0.024089528	0.023795558	0.0003849952	0.0005068533	0.0019377688	0.00106651	0.0023790244	0.0044171284	0.00027500867	0.00041268932	0.0027298527	0.015820619	0.0019831134	0.00022414094	0.00046816582	0.00035801283	0.00036271143	0.0019480295	0.020885186	0.008482997	0.001078019	0.0037690895	0.0057635573	0.009964246	0.0996907	0.012631656	0.0045256834	0.0009233007	0.0004998701	0.0010168105	0.0029711556	0.00081740145	0.00036090816	0.015878612	0.004696734	0.015380643	0.01174393	0.0043582316	0.0021520292	0.01174393	0.0026760206	0.025669217	0.011840762	0.00047576518	0.00042485644	0.0008814566	0.0021054398	0.0037610948	0.0017938217	0.005526381	0.0006435224	0.0027013123	0.000594242	0.00537972	0.0006787152	0.025594076	0.00031751272	0.0010008181	0.0013308516	0.00044309764	0.0125127565	0.0018115161	0.00054044643	0.00075516524	0.0017584288	0.030822173	0.002238757	0.0008661361	0.0125127565	-21.151836395263672
s03e18a	95.0	5.0	0.8129693	0.8129693	0.040061392	0.18923722	0.00040052325	0.0038447166	0.05228281	0.0016026755	0.003461454	0.0122187985	0.0006061687	0.00045383614	0.003496555	0.013072679	0.0023795066	0.0007018245	0.0042559486	0.0011087202	0.030327013	0.050142977	0.006617574	0.006617574	0.0014051026	0.0056377905	0.001445203	0.0056377905	0.038289987	0.011551767	0.0036596397	0.0023209134	0.00070318725	0.001353809	0.00594938	0.00050476927	0.00036464533	0.0028361871	0.001522015	0.0028361871	0.0035701036	0.001484738	0.00081107335	0.0035701036	0.0010497746	0.004899051	0.0046358663	0.00084080634	0.0010920495	0.0007008928	0.01032803	0.0013208016	0.001249563	0.010628957	0.00063383573	0.003159013	0.0010106305	0.002185175	0.0004944328	0.0038703503	0.0004032228	0.0011299067	0.0010178011	0.00029696332	0.0013457688	0.0010087976	0.0011244821	0.0017343566	0.0009577546	0.004542352	0.0049902755	0.00035031448	0.005261012	-20.84428977966309
s03e18a	100.0	5.0	0.80191714	0.80191714	0.021737112	0.30510077	0.0009580275	0.0018950305	0.0023586687	0.003478034	0.0040145866	0.007165672	0.00033697885	0.00043735714	0.0011766658	0.016256562	0.0019393989	0.00011629189	0.00078979786	0.0004980379	0.00047551582	0.005198738	0.010689022	0.005729771	0.0011937324	0.009693034	0.0035700088	0.009693034	0.107299685	0.009710145	0.002609733	0.001072028	0.0013284005	0.0012174196	0.004300417	0.00093416125	0.0012589828	0.0026523531	0.0011115855	0.0016269053	0.001560971	0.00090294506	0.0005172187	0.001560971	0.0013559795	0.0074655283	0.005681746	0.00025133436	0.0005273236	0.001790628	0.0013676592	0.0009340891	0.0019052713	0.0013936157	0.0016507714	0.0030829227	0.0021078356	0.020614024	0.0008702625	0.013723623	0.00043225262	0.00113605	0.0063589206	0.00020448	0.008546039	0.0019139816	0.0013195052	0.00055614323	0.0013839746	0.00944118	0.0030521208	0.00027977183	0.031516753	-20.93820571899414
s03e18a	105.0	5.0	0.7978303	0.7978303	0.03746761	0.028615661	0.00029569087	0.006007205	0.1311467	0.0016845496	0.0011576496	0.0010624354	0.001987498	0.00030400723	0.00531086	0.0044759847	0.001169908	0.00022104304	0.0014379956	0.0011383888	0.009581641	0.04784087	0.004667647	0.00263315	0.0006813402	0.0016818102	0.00027720383	0.0016818102	0.04552211	0.004405907	0.001462545	0.0011895201	0.00062540034	0.001143844	0.0038761643	0.00022844569	0.00045977967	0.0015574183	0.0004547761	0.0015559412	0.0016389927	0.0009191946	0.00052568654	0.0016389927	0.0013821765	0.0010865942	0.0071377996	0.0010938024	0.0002669562	0.0010529576	0.00073642394	0.0005515863	0.0017022986	0.013557703	0.00032280252	0.00035340962	0.00056904	0.0034521942	0.00408667	0.0013296809	0.00022050037	0.0008148017	0.0005909999	0.00013824222	0.0014778276	0.0013328646	0.0012681583	0.0036905415	0.0028468394	0.0060727713	0.004814603	0.00013760188	0.0356361	-19.914051055908203
s03e18a	110.0	5.0	0.90755963	0.90755963	0.07407108	0.02070176	0.0005333862	0.008234976	0.18162054	0.0019496277	0.003193374	0.0007982449	0.00075927685	0.00028914819	0.004885278	0.0033888042	0.0039709173	0.00010899997	0.0025844884	0.0011207755	0.0037267278	0.04853896	0.002396651	0.002396651	0.00064956234	0.0016556759	0.0005046865	0.0016556759	0.15361218	0.011536065	0.003941545	0.0015018507	0.000364164	0.0015797009	0.002815151	0.0005365747	0.0006364629	0.00077008404	0.00014495551	0.00057574786	0.0005451298	0.00031328862	0.00018661842	0.0005451298	0.0010615056	0.0010759814	0.0020164398	9.650391e-05	0.00022179353	0.0008272486	0.00064350985	0.00037363102	0.0013319554	0.0070272107	0.0017071642	0.0009443432	0.0014689588	0.0067031933	0.0007147439	0.009590945	0.00051102304	0.0024664	0.00049063726	0.00022768744	0.0040459884	0.0024116074	0.0006407043	0.0013408988	0.008695365	0.009671395	0.01053398	7.216035e-05	0.01053398	-21.224403381347656
s03e18a	115.0	5.0	0.8451953	0.8451953	0.008873569	0.39340854	0.0004860918	0.002439443	0.0042579253	0.0021848266	0.0012115551	0.011485845	0.00018683725	0.00042474183	0.00059009145	0.01701614	0.0029650948	0.00014331151	0.0010736049	0.0006040469	0.0009780816	0.014668355	0.01328871	0.008939315	0.0015210256	0.0056673256	0.0022060638	0.0056673256	0.08926955	0.005004233	0.0014219554	0.00074592594	0.0005039289	0.0008181881	0.0028430072	0.0008280058	0.00080681255	0.0025567063	0.0017362555	0.0025567063	0.002699336	0.001793774	0.0013313891	0.002699336	0.0013560698	0.009239038	0.024731336	0.0015075526	0.0006183662	0.0025007129	0.0040501966	0.0032660163	0.0039289584	0.0020292741	0.0013035503	0.0009405983	0.0010198506	0.010354672	0.003326833	0.01207499	0.00025242512	0.0012633601	0.002251361	0.00017857668	0.008665526	0.00081667583	0.002554692	0.00081491744	0.001009436	0.0041195666	0.002561832	0.00011508526	0.008665526	-21.70980262756348
s03e18a	120.0	5.0	0.888639	0.888639	0.019076848	0.13307936	0.00044243858	0.0040141707	0.18971339	0.0017525511	0.0019300964	0.0043229926	0.00018936518	0.0005300003	0.0023040923	0.0024606325	0.00480553	0.00066340296	0.0018626322	0.0008199911	0.0039678575	0.04592127	0.0041287183	0.0017689293	0.00078697683	0.0023465569	0.0006516659	0.0023465569	0.056302205	0.0067795333	0.002631814	0.0016295896	0.00032688706	0.0021948072	0.0033134758	0.00030670824	0.0007782076	0.0005933769	0.00039746103	0.0005422943	0.0022032335	0.0006544352	0.00016973494	0.0022032335	0.00076728436	0.0020546361	0.0029651707	0.00020769725	0.00030461504	0.00066225516	0.00254775	0.00066167436	0.0018200635	0.0059212036	0.0006496558	0.0010100242	0.0008956489	0.0057080993	0.0022998683	0.009892234	0.000540079	0.00089901884	0.0006497855	0.0002786182	0.0019190665	0.00094274624	0.00045746897	0.0013966497	0.0013185781	0.0035331133	0.0048970333	0.00023715317	0.0048970333	-22.72431945800781
s03e18a	125.0	5.0	0.8145725	0.8145725	0.008757251	0.0057078227	0.0024905542	0.009473941	0.06635762	0.0028494583	0.0057700123	0.0008600659	0.0004300132	0.00025844882	0.0019174077	0.0034488824	0.0035323796	0.00041922566	0.002876047	0.0006691967	0.004645694	0.017228127	0.007871801	0.007871801	0.0009343668	0.005693266	0.0029025893	0.0068943766	0.036082756	0.009003859	0.0050892513	0.00064732454	0.0002203562	0.0006420589	0.0028265775	0.00038778325	0.0004695258	0.0016880496	0.0010261735	0.0008362206	0.0085713165	0.0016498443	0.00024116725	0.0085713165	0.0020908436	0.012593721	0.09231284	0.00075670355	0.0024656116	0.00235038	0.0017300722	0.004096603	0.041151594	0.029022552	0.00195038	0.006550526	0.00319091	0.0021167023	0.0010804058	0.033462495	0.00045236936	0.0023474502	0.0009560707	0.00024649876	0.005531019	0.004404027	0.0029724014	0.007387473	0.0031911284	0.015269846	0.008245888	0.0008382561	0.008245888	-18.28072738647461
s03e18a	130.0	5.0	0.06330213	0.06330213	0.0014178345	0.004460219	0.000843725	0.00055626006	0.0012057051	0.0026003974	0.01047129	0.0027358995	0.0063803536	4.5577282e-05	0.0034250305	0.0016875981	0.0028750927	0.0003884529	0.0060520065	0.00034968587	0.0011594351	0.0036983644	0.004923085	0.0019644042	0.0026194195	0.0031538308	0.0009381742	0.0039249333	0.17126955	0.031621266	0.0112818545	0.0019657968	0.00082288217	0.002664836	0.0052901288	0.0011403543	0.0012504227	0.0059050643	0.0043103513	0.0052909744	0.0007630876	0.00077132526	0.0036621355	0.0010870503	0.0006901158	0.0076939682	0.020707596	0.0001866524	0.00041312503	0.0016220162	0.0018816834	0.00070168404	0.0031082372	0.002775176	0.0063690846	0.0023541264	0.00524668	0.000767499	0.0015932742	0.00036701336	3.4963552e-05	0.0016188294	0.0014984787	0.0016797914	0.0047709118	0.0039911936	0.0026593504	0.0031461348	0.002265406	0.0030836437	0.0035849428	0.5564652	0.015939865	-inf
s03e18a	135.0	5.0	0.672977	0.672977	0.0093327565	0.0018539125	0.00019886754	0.006037201	0.0004505704	0.00055319717	0.0133955525	0.0019561548	0.000477024	0.00019848262	0.0020655508	0.0042841197	0.0002220538	0.00018318972	0.0006000155	0.00069141795	0.00041140095	0.001094581	0.004325953	0.004325953	0.0011427853	0.0029557324	0.0038435734	0.0038435734	0.8097742	0.030034093	0.030034093	0.0013136957	0.00030008404	0.0011438989	0.013480693	0.006082882	0.012877693	0.0034220389	0.0024215921	0.0034220389	0.007948116	0.008192097	0.0015341626	0.008192097	0.0013006359	0.010553641	0.00896385	0.000656855	0.00029629844	0.0003137959	0.0015473777	0.010640175	0.0014564729	0.0006786207	0.0002511001	0.0014994035	0.0015076023	0.0026519694	0.00027191316	0.000709498	0.0008451105	0.0004491058	0.00073106855	0.00031938075	0.0013735422	0.0021694924	0.0010394477	0.0010263749	0.0028649808	0.012462336	0.0011998095	0.0034766507	0.0048276572	-21.895946502685547
s03e18a	140.0	5.0	0.8073243	0.8073243	0.009341543	0.024081632	0.0013250855	0.001872568	0.08897559	0.0013506062	0.0021307566	0.008801444	6.1701416e-05	8.230998e-05	0.0024557072	0.0030122774	0.0010134721	0.00038947206	0.0013962766	0.00078897196	0.0008404564	0.02996105	0.013592248	0.0042616995	0.0024585195	0.00955332	0.0017671031	0.00955332	0.021987468	0.0027571635	0.00070030586	0.0003866282	0.00029000596	0.000430856	0.00176232	0.0023889292	0.00031469826	0.0055854367	0.00204385	0.003454577	0.004187146	0.0016335486	0.0005552481	0.004187146	0.0010655767	0.0038409054	0.0071209706	0.0010905114	0.00032087593	0.00022644321	0.003180117	0.0027345105	0.004143396	0.009470541	0.0010083627	0.0012360871	0.009102831	0.005677793	0.0014837373	0.0073190257	0.0023316836	0.0015614935	0.00048475433	0.000108404776	0.0036982324	0.0035633082	0.00026218782	0.0018390565	0.079070866	0.008911013	0.017172033	8.993626e-05	0.079070866	-22.28758811950684
s03e18a	145.0	5.0	0.3186957	0.3186957	0.017695365	0.0040309345	0.0004018787	0.008393996	0.0626122	0.0005919007	0.0026971225	0.0121853715	0.00021007929	0.0004611021	0.0007732368	0.064084195	0.0005827117	0.00070554204	0.0050532236	0.00083993917	0.0685953	0.15109439	0.011284318	0.0038419235	0.002675836	0.012047188	0.0044435044	0.012047188	0.056572154	0.01192271	0.0040145544	0.0007744495	0.0004577547	0.0006922932	0.007515573	0.0008004203	0.00045766722	0.002592234	0.002592234	0.0010583381	0.001508364	0.0018574232	0.0005165142	0.002334574	0.0012684822	0.0059846854	0.0060332445	0.0024533584	0.0009818438	0.0015048139	0.025351	0.0022656992	0.0029135742	0.012661522	0.00022558834	0.0020025917	0.0037369377	0.000630704	0.00022221774	0.00046773406	0.00033190232	0.0014680261	0.00045183775	0.00086302863	0.003031453	0.00072569936	0.0021282264	0.0024515255	0.00025351578	0.0022044342	0.001855633	0.00031619988	0.033218868	-18.06754875183105
s03e18a	150.0	5.0	0.8754583	0.8754583	0.015714783	0.0094533	0.0023633703	0.0051316493	0.09361183	0.018227952	0.0017583349	0.02590808	0.00030768852	0.00022391538	0.0032469342	0.0108966725	0.0056866617	0.0036183558	0.0021710766	0.002352785	0.00168917	0.22596863	0.012125173	0.012125173	0.0004780992	0.0018064738	0.00071735744	0.0018064738	0.022166185	0.0027711855	0.0011407693	0.0002607994	0.00011782175	0.00033876038	0.001801713	0.00030363357	0.00018762506	0.005748025	0.0053075156	0.0027075203	0.0034673458	0.0026969595	0.0018339246	0.0034673458	0.0029845338	0.018666571	0.0037717314	0.00041543003	0.0004205658	0.0003629274	0.0018451405	0.0073940917	0.0006475349	0.009133437	0.00031698856	0.008442353	0.00057063246	0.00082700903	6.9748676e-05	0.00029089514	0.00018367718	0.000634506	0.0005331399	0.00016269374	0.001304262	0.0012774179	0.0055365846	0.005006632	0.00089630624	0.005040062	0.0014163642	0.0004992069	0.0056946944	-19.666696548461918
s03e18a	155.0	5.0	0.84682435	0.84682435	0.040770683	0.02615027	0.0273093	0.0123725105	0.01743683	0.13929887	0.00412268	0.02365936	0.015178019	0.00041052714	0.0059303525	0.01664767	0.00147938	0.00056084385	0.0013858117	0.00075988093	0.0012469621	0.032753706	0.013644759	0.013644759	0.00096722646	0.007978078	0.0032927932	0.007978078	0.06648095	0.006231129	0.0018318049	0.0009011509	0.0006656572	0.0008507156	0.0030571248	0.00064265763	0.0007269616	0.0028844252	0.0019294489	0.0028844252	0.0044524274	0.0022016368	0.0011392208	0.0044524274	0.0023524035	0.008162882	0.0075124907	0.00029837148	0.00084900367	0.0025803335	0.0009107561	0.0034148085	0.0012894413	0.0023537031	0.0010761598	0.0018570836	0.00042096328	0.01262955	0.0003488017	0.0027221488	0.0009583534	0.0021460156	0.002428288	0.00028550322	0.0029185654	0.0010799895	0.0010946598	0.0017849597	0.000964442	0.005808978	0.0016245742	0.0007037893	0.0109514445	-17.820556640625
s03e18a	160.0	5.0	0.7837173	0.7837173	0.024931945	0.0053888215	0.00036435827	0.00082610926	0.0017651796	0.0011211652	0.0040665343	0.0007312664	0.0004983582	0.00025461212	0.006798671	0.0097791655	0.0023659281	5.5920427e-05	0.0050433916	0.00043728482	0.00031925534	0.00153259	0.007840926	0.003532328	0.0009938026	0.007377438	0.002282068	0.007377438	0.050420076	0.01573787	0.0087410165	0.00135372	0.00084691786	0.001568203	0.0043445453	0.00042963788	0.0003895983	0.002622805	0.001251576	0.00069175573	0.0015101719	0.0005696024	0.00021846482	0.0015101719	0.0038574042	0.006936792	0.0033493598	0.00011719862	0.0004386893	0.00074943213	0.0005770043	0.001315575	0.0016032984	0.0040845787	0.0011521594	0.0040724482	0.0034815725	0.00897952	0.00022409392	0.009643015	0.0006900645	0.00086964865	0.0005859115	0.00016776804	0.009476126	0.004111932	0.0011769426	0.0009438935	0.0016939049	0.022706894	0.0011953698	0.00039072303	0.009527119	-18.269397735595703
s03e18a	165.0	5.0	0.8838815	0.8838815	0.04132619	0.002365863	0.00079523795	0.0010892345	0.01577654	0.0012392121	0.003990411	0.0010865332	0.00015997674	0.00022409137	0.001813419	0.011762314	0.0008303389	9.7171265e-05	0.0009651957	0.00023032371	0.0004810331	0.014938678	0.0073124077	0.0036600672	0.0012299493	0.0035950302	0.0020098668	0.3341229	0.06127169	0.015026557	0.006236863	0.0010459776	0.00032054694	0.0012329463	0.0038735287	0.00028086948	0.00026440038	0.0030679258	0.0005972634	0.00061665557	0.001955785	0.00047694807	0.0001035291	0.001955785	0.0030104367	0.0032165744	0.002517763	0.00022924121	0.000609057	0.00044680422	0.00073078746	0.0023604757	0.0016700481	0.009559147	0.00027465544	0.0028051601	0.0013831846	0.02280694	0.00027947433	0.009402	0.0007826721	0.00028113872	0.00037922835	0.00021741919	0.014453924	0.0020799688	0.00054361345	0.0014881507	0.0010958001	0.024760991	0.002765546	0.0003045886	0.014453924	-19.556358337402344
s03e18a	170.0	5.0	0.8118595	0.8118595	0.016016172	0.00895683	0.00082727155	0.0011424104	0.18412855	0.0006073997	0.0019654564	0.0039205025	0.00049183203	0.00010258333	0.0016445896	0.0028427083	0.0016283543	0.0027915637	0.00081576157	0.0005443852	0.0021302365	0.018089581	0.0043367697	0.0039392468	0.000945661	0.012599285	0.001290394	0.012599285	0.061999694	0.014699607	0.005963906	0.0007288786	0.00019944443	0.00091598684	0.002390398	0.00023497155	0.00020879666	0.0015954329	0.0015954329	0.0010805622	0.0030757794	0.003125101	0.00048356922	0.003125101	0.001290015	0.016109426	0.023906855	0.0020842617	0.004030816	0.00092913874	0.0063031786	0.0030050343	0.0023883542	0.008090817	0.00022041104	0.0011100607	0.00035492645	0.0016191764	0.00015509088	0.0017791435	0.000907429	0.0013342059	0.00036567054	0.00036811645	0.0027295775	0.00059343094	0.0007967174	0.0018372673	0.00088992395	0.0036613387	0.0015136387	0.00028112184	0.005367057	-22.908138275146484
s03e18a	175.0	5.0	0.78256005	0.78256005	0.028631236	0.03373651	0.00043062275	0.002441881	0.25867784	0.002495614	0.0035659773	0.0066876416	0.0007574633	0.00032207675	0.0028931967	0.0019793843	0.0032606574	0.002871512	0.0050457134	0.00052594644	0.0052116886	0.017916976	0.011247689	0.011247689	0.0023647961	0.003967769	0.0010831016	0.003967769	0.039417505	0.0070076794	0.0034426406	0.00094014	0.0002796084	0.00078020204	0.0020746288	0.000331266	0.0002453482	0.00074904657	0.00058519683	0.00074904657	0.0018025939	0.0017481386	0.00028925488	0.0018025939	0.0009890076	0.003691555	0.017266719	0.0014653095	0.0029477403	0.0007540068	0.034259725	0.0010451315	0.0059550786	0.008651872	0.0006931861	0.0015500165	0.0007202338	0.003887271	0.0012967879	0.010226439	0.0005390517	0.0008631002	0.0006697688	0.0010632626	0.0014069162	0.0012631099	0.0012392994	0.011665511	0.003847797	0.0042335973	0.0027356017	0.00033158637	0.0124387955	-20.386741638183597
s03e18a	180.0	5.0	0.92980206	0.92980206	0.11242738	0.064363085	0.0016388631	0.0023894396	0.0065879365	0.006654212	0.0036088475	0.00912643	9.838832e-05	0.00057847815	0.01814516	0.009399194	0.00039825484	0.00067563937	0.0010019596	0.00028369477	0.0005607594	0.008589752	0.012860859	0.0076808995	0.010314222	0.004762653	0.0019571017	0.009208426	0.04212504	0.011482629	0.004971384	0.0009997688	0.0002950277	0.0008590602	0.0026435605	0.00036964583	0.00017475315	0.0042115785	0.0006902579	0.00041904868	0.00072649063	0.0004040934	0.00016196625	0.00072649063	0.0008426362	0.0029801386	0.0036582644	0.00024342355	0.00029276792	0.0009477947	0.0006042384	0.0022340915	0.0010703737	0.005552339	0.00021677418	0.0034824675	0.00034800987	0.00595664	0.00030879493	0.0028576534	0.000380253	0.00074401544	0.00051049533	0.00042434625	0.0015822909	0.001860203	0.000416818	0.00063222426	0.0009949883	0.0033989989	0.0016395671	0.000695091	0.0034250664	-21.556468963623047
s03e18a	185.0	5.0	0.94612265	0.94612265	0.02624794	0.0756282	0.000928208	0.003828213	0.14767472	0.010310563	0.0023166179	0.03296916	0.00024202645	0.00050950167	0.0033807517	0.0021088698	0.008395084	0.00287134	0.001144051	0.00036256155	0.00072766887	0.06603203	0.009519517	0.009519517	0.0016281954	0.0007078568	0.00043864333	0.0017730016	0.047247738	0.004150881	0.0017128525	0.0003470805	0.00022917149	0.00047261248	0.0015190447	0.0003042215	0.00034749834	0.0010209993	0.00063840084	0.00060888525	0.003588784	0.00063577294	0.00012080781	0.003588784	0.0012742754	0.002257465	0.0024376868	0.0001200111	0.0006273058	0.00096449704	0.00058901985	0.0021724447	0.000742006	0.00182136	0.0004064923	0.00085422304	0.0008251467	0.0025898016	0.00022371096	0.002473449	0.0003729508	0.0005073509	0.00029198686	0.000112723515	0.0012401899	0.00042675203	0.00075404847	0.0022883944	0.002057588	0.0028299596	0.0016465166	0.0003205506	0.0022883944	-18.53189849853516
s03e18a	190.0	5.0	0.8579436	0.8579436	0.03385932	0.01374055	0.0006446599	0.0065249284	0.11755961	0.008791416	0.002880273	0.005870629	0.0007832119	0.00084531785	0.0015003419	0.0060280226	0.0017102348	0.0015568592	0.001179056	0.0009315224	0.0048657684	0.13741149	0.019888688	0.019888688	0.0018307868	0.0021136638	0.0011894238	0.0021136638	0.046147782	0.006700095	0.0027078628	0.0006768239	0.00032431865	0.0008958282	0.0034296464	0.0008838232	0.0007398049	0.0062283836	0.006135547	0.003826468	0.022895595	0.0124259675	0.0015259571	0.022895595	0.0025623913	0.036987558	0.008982813	0.0011657587	0.0013703222	0.0011005271	0.004021334	0.004663168	0.0040504	0.0034501413	0.00052217825	0.00034601765	0.0007396212	0.0013262219	0.00024317374	0.0010499326	0.00054733217	0.0009561245	0.000339759	0.00050462806	0.0020904883	0.0007641038	0.005421464	0.0030725775	0.0013648364	0.013840356	0.0012432211	0.00039980037	0.005421464	-17.80490493774414
s03e18a	195.0	5.0	0.85819036	0.85819036	0.019456392	0.17539911	0.008075089	0.0011624674	0.012679435	0.0120692225	0.001300086	0.061665807	0.003030672	0.00087855244	0.019164346	0.002266771	0.0029333222	0.0009734009	0.0012477065	0.00023615337	0.00021420774	0.002071418	0.012290097	0.012290097	0.0021528935	0.002288832	0.0023261064	0.0024208252	0.02864883	0.0027693757	0.0010564382	0.00073889986	0.0004712676	0.0007317631	0.0009925332	0.00074051484	0.00022490992	0.0029538611	0.00078362133	0.0014388799	0.0011857486	0.0007143639	0.0003344185	0.0011857486	0.0013631695	0.0019430871	0.0061105397	0.00020190273	0.00031231286	0.0008256185	0.0010940769	0.0016153421	0.001079933	0.0020680143	0.0010439999	0.001290981	0.00072726747	0.0046797167	0.00091713865	0.010322159	0.00023986517	0.0011529295	0.006336117	0.00027167992	0.0024678644	0.0005135128	0.00094485626	0.001018892	0.0011436843	0.0054854904	0.001582761	0.000739091	0.0052093775	-19.717458724975582
s03e18a	200.0	5.0	0.8301502	0.8301502	0.05574843	0.034406275	0.00039482923	0.0042495197	0.081528805	0.0025262882	0.0023048073	0.0060051666	0.0009019124	0.00060917664	0.0031515681	0.0035983487	0.0031144384	0.00093733915	0.004784627	0.00082976476	0.020482952	0.032442514	0.0065428778	0.0065428778	0.0015222947	0.0013364899	0.0015993525	0.0018016264	0.04912346	0.007946485	0.0024768712	0.0013360865	0.00036317555	0.0008682229	0.002364706	0.00046050735	0.0004489864	0.0033894577	0.002165929	0.0033894577	0.011385397	0.007928353	0.0007079553	0.011385397	0.0010075624	0.008188452	0.017156925	0.0027308888	0.0011036183	0.0012091796	0.0062977755	0.0014615239	0.0014544991	0.0058338842	0.0010763586	0.00081770215	0.00077538955	0.0055202944	0.0009949451	0.009101411	0.00057091535	0.0014003696	0.0013953302	0.00028330286	0.0016414993	0.0011224669	0.0005763991	0.0025044957	0.00185316	0.017186178	0.0057057696	0.00032773547	0.0057057696	-18.4057674407959
s03e18a	205.0	5.0	0.88682324	0.88682324	0.053469993	0.015364201	0.0003983264	0.004754146	0.05532326	0.0019091761	0.0018808956	0.0026518523	0.0004408909	0.00042583788	0.0028337326	0.018000204	0.001022812	0.00013489202	0.0017772212	0.00032990196	0.001432229	0.15456533	0.0048678606	0.00217224	0.0048678606	0.0041719377	0.0011276535	0.0074452185	0.04037106	0.0046037887	0.0031273332	0.00066917157	0.00025835176	0.0008143624	0.0031045293	0.00031698978	0.0002404438	0.0015726883	0.0015726883	0.0003795743	0.0023567686	0.0022326368	0.00011946362	0.0023567686	0.0015868926	0.010274191	0.00864665	0.0008022667	0.0005179684	0.00085515884	0.0011363226	0.0016606664	0.0014671233	0.009582823	0.00028350228	0.0014541834	0.00062734174	0.00489893	0.00061371253	0.0035631284	0.0022580589	0.00093990896	0.0011232937	0.0003444666	0.003946419	0.0013847372	0.0007668045	0.0034150742	0.0013596573	0.005795945	0.0029913466	0.00060968194	0.012360467	-19.96705818176269
s03e18a	210.0	5.0	0.83622336	0.83622336	0.062305223	0.012546958	0.00040195687	0.0055731665	0.203077	0.004009688	0.0044549266	0.0022677428	0.0005236506	0.00059889077	0.0006708912	0.0067204293	0.0007417267	0.0006484582	0.0014038259	0.0005020323	0.0057452894	0.07236384	0.003372762	0.0020336448	0.0020246087	0.007041179	0.002276802	0.007041179	0.018053632	0.00555419	0.003050399	0.0007144711	0.0006221327	0.0007095267	0.004941766	0.0004524506	0.0004237819	0.007729918	0.007729918	0.005543439	0.016693491	0.014761255	0.0021037993	0.016693491	0.0026438423	0.04343318	0.030888876	0.004080883	0.0020742884	0.0006340031	0.011739509	0.0042225597	0.0056720213	0.002370811	0.00044687346	0.0011533415	0.00076082617	0.0011997364	0.00017891977	0.0002842731	0.00059467036	0.0015705178	0.0008646057	0.00072906684	0.0009458885	0.0007262068	0.0017036053	0.003526961	0.00073548517	0.009774457	0.001032086	0.00039570662	0.0049012224	-20.23385238647461
s03e18a	215.0	5.0	0.8357833	0.8357833	0.018942062	0.03274691	0.000633057	0.004222419	0.23348038	0.004372185	0.0028899082	0.003970876	0.0006316855	0.00036204295	0.002707134	0.0061238753	0.0016425217	0.0004994581	0.0017421725	0.002916629	0.008013897	0.040700372	0.0070532546	0.0019179453	0.00095497275	0.0069804476	0.0047120517	0.0069804476	0.19835864	0.015922971	0.0037792802	0.0022521708	0.0009450003	0.0019456429	0.005739717	0.0013878047	0.0014436644	0.0061024535	0.004400435	0.0061024535	0.061068185	0.019571932	0.0012936125	0.061068185	0.0005464757	0.017383318	0.012801988	0.0023135783	0.004270817	0.002052459	0.0038711445	0.001486754	0.0017609131	0.0040576817	0.0016139079	0.0008274694	0.0003329212	0.003794802	0.0014103699	0.02126988	0.00022918875	0.0033346335	0.00044539289	0.00035968915	0.00208668	0.00095829734	0.00087731105	0.0036350074	0.0010391576	0.040790603	0.0031731834	0.0004077789	0.027204782	-20.200828552246094
s03e18a	220.0	5.0	0.866315	0.866315	0.0025101833	0.08454394	0.0023428516	0.0009918894	0.0061888243	0.005414886	0.00094150833	0.069047704	0.002764008	0.0002541392	0.0018671037	0.0039846255	0.0015430019	0.00036501052	0.00050299405	0.00038986007	0.00040151915	0.0015511136	0.08843168	0.08843168	0.0024194322	0.007839278	0.005342298	0.007839278	0.29693425	0.007802847	0.00091913453	0.0011713967	0.00055126986	0.0011278872	0.0015036229	0.004909339	0.0010873284	0.003238996	0.0006355176	0.0029944968	0.007840636	0.0012869524	0.0005314187	0.007840636	0.00037628887	0.005103611	0.0038844435	0.000191347	0.0009853359	0.000753262	0.0008522929	0.001238359	0.0007276467	0.0031676304	0.006661471	0.001194734	0.00059425336	0.0016087154	0.00073135627	0.018848864	0.00013899246	0.001311318	0.00078803266	0.00017542546	0.0041166097	0.0004370812	0.0008180427	0.001255277	0.0016279442	0.023835517	0.0108724525	0.00028325588	0.0108724525	-22.68914031982422
s03e18a	225.0	5.0	0.8404392	0.8404392	0.029515596	0.0063184286	0.00084511336	0.0020534173	0.042731863	0.0009436318	0.0012753621	0.00065052754	0.0011351185	0.00064233557	0.012540975	0.009443451	0.0021196594	0.00022665448	0.00087749923	0.0020466382	0.0018089991	0.013214587	0.05684227	0.0032525454	0.0015135594	0.001549459	0.0020031293	0.004089116	0.08803817	0.011618222	0.0060648327	0.0012911335	0.0006144514	0.0012425688	0.0041838884	0.0006183547	0.00060730247	0.0049655875	0.0049655875	0.001671261	0.007180481	0.009902663	0.00051757327	0.01083249	0.0020962278	0.040654134	0.033675503	0.0047304276	0.0010450498	0.003066838	0.0031047359	0.0028630253	0.009484736	0.0068521122	0.00073425786	0.00147814	0.001153326	0.0075610187	0.0023320531	0.022629127	0.0005934734	0.002299584	0.0004860612	0.0005097771	0.009268889	0.009461122	0.0020530636	0.0015621018	0.002744838	0.015441781	0.0021285708	0.00018541746	0.009461122	-19.80235290527344
s03e18a	230.0	5.0	0.9076986	0.9076986	0.0036562802	0.0024756053	0.00034417448	0.0003855103	0.017158413	0.0011805317	0.0006718865	0.001427903	0.00037854406	0.00016243827	0.0010246466	0.00054521376	0.0014999491	3.150095e-05	0.0007931511	0.0004870995	0.00040740843	0.002588078	0.010803855	0.0026321772	0.00040065043	0.015786488	0.0009100938	0.015786488	0.017223436	0.0019924128	0.001370313	0.00060097245	0.00028971827	0.00045406978	0.0017268108	0.0001918256	0.00022631373	0.007673169	0.007673169	0.0018435874	0.027193239	0.017961003	0.0010065952	0.027193239	0.0008169949	0.07153897	0.10876076	0.00038983216	0.00033306054	0.00014783959	0.0037271476	0.00094126124	0.1669341	0.0054731094	0.0010146642	0.0010124492	0.0008673981	0.00050522364	0.0021741323	0.00037981485	0.0014769693	0.00030403273	0.00030783258	0.00010620451	0.008582511	0.0026663267	0.00034045498	0.00078840036	0.00080384384	0.05989079	0.00067634997	0.00057404704	0.008582511	-18.61606979370117
s03e18a	235.0	5.0	0.8103663	0.8103663	0.045715846	0.0078035183	0.00034389322	0.005946242	0.040898792	0.0024957992	0.0025551526	0.0013352889	0.00016200333	0.0005708144	0.0007827952	0.039831337	0.0011225973	0.00023710479	0.0022665185	0.00223782	0.004645619	0.23518214	0.009651858	0.0064883125	0.0011736015	0.0048793103	0.001503696	0.0048793103	0.032790948	0.006588086	0.0023566745	0.00048347263	0.00030336014	0.0005242814	0.004529328	0.00048771763	0.0002933267	0.025194226	0.025194226	0.0037995782	0.018292345	0.024156617	0.0010504528	0.024156617	0.0033022494	0.075383864	0.01627185	0.0037498483	0.0006957166	0.0012249063	0.0030797045	0.0066593545	0.0023589716	0.011296027	0.00019208754	0.0012136094	0.0010279543	0.0005161982	5.0696373e-05	0.0006410433	0.00038655818	0.001179087	0.00028370615	0.00033634205	0.0019232038	0.00031671638	0.0020633866	0.003075374	0.0010866445	0.016043374	0.0016786458	0.00013376446	0.053391665	-19.747119903564453
s03e18a	240.0	5.0	0.82378966	0.82378966	0.03602098	0.016614862	0.00021574195	0.008271821	0.2921251	0.0017427083	0.003313547	0.0010661697	0.00041550447	0.00087492436	0.0010042767	0.0045328382	0.00091758615	0.000905667	0.0021784492	0.0003748885	0.017624276	0.14986782	0.0035636043	0.0035636043	0.0012524883	0.0038357892	0.0010045455	0.0038357892	0.064609155	0.01334979	0.0048883553	0.0011790397	0.0006034626	0.0013186082	0.0047247666	0.000817805	0.0006960326	0.00093500176	0.0009238722	0.00085912895	0.006886631	0.0023522256	0.00021065677	0.006886631	0.00062292	0.006128596	0.0038205106	0.0007302601	0.0016311405	0.0012442471	0.00294536	0.001873786	0.0014710452	0.008296925	0.00037465486	0.0007021132	0.00078973727	0.0018541489	0.00033225183	0.0010491457	0.0003846588	0.0015215244	0.00037180822	0.00046168707	0.0023438078	0.0003780918	0.0012064931	0.0046209763	0.00093261735	0.003134739	0.0038405182	0.00026377395	0.009929127	-20.498735427856445
s03e18a	245.0	5.0	0.8533663	0.8533663	0.0044030217	0.4229794	0.000698972	0.0004298267	0.00050836796	0.0015560486	0.0026645786	0.020952843	0.00019472826	0.00029205478	0.004550775	0.0024716284	0.00027927881	0.00013598251	0.0004887345	0.00038188486	0.00027335683	0.00052188645	0.0045089023	0.004311446	0.004151557	0.0031528731	0.0021201053	0.0031528731	0.07065722	0.0032659199	0.00046556088	0.0004157862	0.00033945905	0.0005148518	0.001812834	0.00048664722	0.00049161195	0.006005457	0.0010417803	0.006005457	0.0015173373	0.0007647638	0.0007150545	0.0015173373	0.0017377894	0.0037447675	0.0072618085	0.00016675943	0.00015229173	0.0005742687	0.002110535	0.0013287119	0.0021660218	0.0007331717	0.00035177212	0.0011726281	0.00081314344	0.007032623	0.0013159534	0.026342403	5.8789446e-05	0.0005854434	0.00081923197	0.00040686486	0.006492968	0.00083992997	0.0004445969	0.00021164911	0.0012909995	0.027339032	0.00069450494	0.00022624253	0.006492968	-19.49220085144043
s03e18a	250.0	5.0	0.81711876	0.81711876	0.02243941	0.03672333	0.0004515133	0.0060086404	0.28962213	0.0014394945	0.0018964506	0.0017718803	0.00030366224	0.00029249283	0.0017960834	0.002072534	0.0038872212	0.00078048016	0.0024806373	0.0003789098	0.009144235	0.21079072	0.0045979777	0.0045979777	0.0009479058	0.002330313	0.0010097283	0.002330313	0.037734654	0.0070921923	0.0021130394	0.00071290846	0.00022476028	0.0006625105	0.0026814588	0.0003641661	0.00032393515	0.0006729192	0.0006729192	0.0006712484	0.002521953	0.0013382585	0.00012781998	0.002521953	0.0005121441	0.0024240448	0.003795339	0.0008433806	0.00038983513	0.0008298462	0.0029205421	0.001059418	0.0009798201	0.0067795333	0.00025890413	0.00051463913	0.00039742654	0.003376192	0.0016880736	0.0042247795	0.00029346655	0.0011138273	0.0002835182	0.00014239382	0.0014021598	0.0005229568	0.0003503818	0.004301491	0.001959757	0.0025866502	0.0066426825	0.00012080632	0.01211243	-18.77014923095703
s03e18a	255.0	5.0	0.84871215	0.84871215	0.011863988	0.056295887	0.0008930098	0.0010187193	0.019657452	0.0016859439	0.0012402431	0.024092223	0.0001429617	0.0003083845	0.0036649464	0.027091702	0.0023915581	0.0005676694	0.0018497945	0.0010206763	0.0010677014	0.036004316	0.020452784	0.0074529285	0.001659631	0.0047094654	0.0017927736	0.0047094654	0.028175486	0.004963234	0.0009911427	0.00053475634	0.00032365794	0.00048196112	0.003136468	0.00018562214	0.00013668126	0.0028170028	0.00230811	0.0028170028	0.0028089853	0.0009818788	0.0005186524	0.0028089853	0.004593635	0.012842415	0.0030878126	0.00036513686	0.0002996955	0.0004310396	0.0016814859	0.0041511273	0.00076628185	0.015722204	0.00038594805	0.02848334	0.0013173793	0.0011694117	0.00073424424	0.004108829	0.00030753954	0.00044045004	0.00078883476	0.00032769426	0.0017100362	0.0009831903	0.008151806	0.0031161134	0.0010420891	0.010902241	0.005673498	0.00028590503	0.05349394	-22.7976131439209
s03e18a	260.0	5.0	0.83599734	0.83599734	0.027901616	0.009260682	0.0003884903	0.00082781166	0.0019892468	0.00032701014	0.0019464745	0.001377718	0.00023375574	0.00026909378	0.011324122	0.021248855	0.0009607235	6.1001698e-05	0.0016681562	0.0008436956	0.0004267337	0.0033341807	0.03308378	0.006562303	0.0021055208	0.006850512	0.0032510124	0.006850512	0.06442485	0.0126669295	0.0050253035	0.0010670959	0.00052152266	0.0018323595	0.010654933	0.0004471464	0.0004862603	0.00822709	0.0048055206	0.00746118	0.0029052028	0.0026159163	0.0018992434	0.0029052028	0.0034255937	0.012995451	0.003972832	0.00026187504	0.0006142936	0.0009909978	0.0014493342	0.003213057	0.0028249263	0.014666803	0.001303024	0.009635354	0.004099215	0.0041915523	0.0003977072	0.005246598	0.00031854602	0.0012342229	0.0003882604	0.00048794528	0.011581319	0.0045048585	0.0024790154	0.0046405797	0.004589387	0.015349775	0.0051467502	0.00023672823	0.014665838	-18.49069595336914
s03e18a	265.0	5.0	0.8525092	0.8525092	0.05596181	0.020968053	0.00016535941	0.0053752265	0.11051629	0.005455142	0.0072868625	0.00061416574	0.00072045997	0.00036855115	0.0018379014	0.0025247678	0.001671635	0.0011572295	0.0010799031	0.0008136046	0.0032862176	0.14285734	0.004844334	0.0036606274	0.004844334	0.0004698271	0.0003733129	0.00073198834	0.07189708	0.007889752	0.0023317449	0.000880344	0.00045199756	0.0012244579	0.0068147182	0.0003971137	0.00056274905	0.0009034399	0.0009034399	0.00059087935	0.0017293962	0.0011905109	0.00034571034	0.0017293962	0.0011242266	0.0040982044	0.005721131	0.0012393915	0.001565487	0.0005162984	0.0047483174	0.0011323192	0.0028179367	0.021117995	0.00013029085	0.0010276028	0.00137045	0.0025145116	7.682573e-05	0.0002925355	0.00039896238	0.0004630291	0.00015791963	0.00034245074	0.0009865618	0.0010261192	0.004229081	0.01670096	0.005205522	0.0026498793	0.0057864124	0.0002871589	0.01670096	-17.890913009643555
s03e18a	270.0	5.0	0.90844995	0.90844995	0.016774539	0.30119437	0.00081921794	0.00057171006	0.0035615494	0.0018969093	0.0022216835	0.019720972	7.4905205e-05	0.0002750063	0.0039298804	0.0021944374	0.0006445948	0.00020185884	0.0005615264	0.0007627052	0.00018439048	0.0016651502	0.008544791	0.008544791	0.0025769656	0.0035685096	0.0020930814	0.0035685096	0.10044302	0.008553662	0.0028443686	0.0008023233	0.0005764873	0.00075653347	0.0030720471	0.00085656357	0.00037971436	0.0033588186	0.000714812	0.0009175696	0.00063170685	0.0004910736	0.00035595964	0.00063170685	0.00063987926	0.0026455338	0.0033628165	0.00014961569	0.00021695324	0.00047206675	0.0012315835	0.00089163973	0.0012903638	0.0021017273	0.0004980709	0.0014276882	0.00131722	0.009889422	0.0018390452	0.059767153	0.00014489706	0.0004125505	0.00044145866	0.0002496418	0.0044179442	0.0011674495	0.00037131197	0.00042671378	0.0016288636	0.010697713	0.0006142875	0.00027008876	0.0044179442	-22.49413681030273
s03e18a	275.0	5.0	0.7271629	0.7271629	0.14309801	0.020886859	0.00042302033	0.0064206854	0.108885325	0.0011261909	0.0029486513	0.006623865	4.5191617e-05	0.00034555746	0.0012946887	0.014096207	0.00050173904	0.00049917214	0.0093120225	0.00031536655	0.057362754	0.11637287	0.0023581008	0.0023581008	0.0022444928	0.00803519	0.0007954252	0.00803519	0.032402363	0.015804203	0.005218358	0.001186201	0.0005185352	0.0009939768	0.0059197275	0.0005542247	0.00033615803	0.00071863766	0.00071863766	0.00029911543	0.0012361306	0.00095614634	8.0954596e-05	0.0012361306	0.0008663945	0.0030447245	0.0039853407	0.0024101636	0.0014488644	0.0015554768	0.0059299814	0.00118314	0.000924191	0.011038321	0.00022030997	0.0011284621	0.0014500528	0.00086341525	0.00020964988	0.0006661621	0.0005955211	0.0019917246	0.00031411916	0.00046804533	0.00135234	0.0009268174	0.0006096988	0.0017941822	0.0010687307	0.0021587876	0.0033844295	0.00012032818	0.027037054	-17.970970153808594
s03e18a	280.0	5.0	0.75189006	0.75189006	0.07956436	0.010871089	0.00025214994	0.0064827204	0.032620158	0.0007108251	0.0034795713	0.023817727	5.048424e-05	0.0005514914	0.0005096236	0.14361964	0.00080066593	0.00011711663	0.009462762	0.00031672907	0.07685633	0.37753695	0.007810714	0.007810714	0.0011441174	0.002605405	0.0010915264	0.002605405	0.036961764	0.014297524	0.005202002	0.00096576917	0.00051690894	0.0010696083	0.005609212	0.00088534417	0.0004890416	0.0014103759	0.0014103759	0.00034325058	0.0010581879	0.0005834383	0.00017209847	0.0010581879	0.001929303	0.008315688	0.0025136445	0.0005446424	0.00026152498	0.0010905203	0.0019206519	0.0023080902	0.000679204	0.009954298	9.453281e-05	0.0012520159	0.0012032888	0.00056320033	3.8053757e-05	0.0002010776	0.0001768984	0.0009800199	0.0002081685	0.00013497849	0.0017568041	0.00038272858	0.0012746243	0.0015817033	0.00045025055	0.002568034	0.0014778889	0.00016005029	0.0074295397	-20.10137367248535
s03e18a	285.0	5.0	0.71330583	0.71330583	0.080716714	0.007185867	0.0005076789	0.0037249278	0.13322721	0.0009251857	0.003824473	0.0007754904	0.0005008641	0.00057308597	0.001445735	0.0021247286	0.0011527758	0.0004735464	0.0038406698	0.0006695246	0.056413446	0.014405918	0.0035350984	0.0035350984	0.0014621196	0.005597431	0.0014327836	0.005597431	0.045167714	0.018532353	0.007418384	0.001552422	0.00034023597	0.0009792569	0.0070139007	0.00071276654	0.00035688744	0.002896694	0.002795852	0.0024932625	0.0067563397	0.005089872	0.00075258326	0.0067563397	0.0010366688	0.0073231636	0.026649835	0.0057803886	0.0016694074	0.0018251038	0.021550732	0.0010756309	0.003550172	0.009087557	0.00044217755	0.00068232435	0.0013735507	0.003243692	0.003074528	0.0021770122	0.0011183087	0.0069123046	0.00027962786	0.0006002477	0.0031854603	0.0041930215	0.0009078762	0.0018465399	0.0028327396	0.0043158247	0.0022073898	0.00029628092	0.030211667	-18.39077377319336
s03e18a	290.0	5.0	0.86958915	0.86958915	0.04800937	0.0639108	0.001490282	0.0040714834	0.12169316	0.006567845	0.0076695755	0.011982915	0.00079603447	0.00057688466	0.004194981	0.034803286	0.0033971241	0.0009669874	0.00611379	0.00048576016	0.0069745695	0.022897327	0.02952763	0.02952763	0.0039868536	0.016470408	0.005434402	0.016497387	0.0911937	0.009343705	0.0019438585	0.00074680505	0.00041861623	0.00077735895	0.0027253998	0.0006973183	0.0008266435	0.0023472738	0.000947941	0.0015573842	0.005605899	0.00080771063	0.0002677405	0.005605899	0.0020556687	0.007789977	0.0010800821	0.00022271558	0.0006184048	0.0005778606	0.0011888773	0.0035456	0.0006226126	0.009439883	0.0006492705	0.003010279	0.0016744838	0.006037181	0.0006749957	0.0064212875	0.0008805483	0.00087721157	0.0011635621	0.00017033222	0.0021637073	0.00076718564	0.00037091397	0.0087805865	0.0016982694	0.015499973	0.014657835	0.00032113667	0.016107718	-19.756011962890625
s03e18a	295.0	5.0	0.8921564	0.8921564	0.009224463	0.27078134	0.00062190386	0.0011965134	0.002767251	0.0013097255	0.0012494964	0.032690667	4.8082602e-05	0.000162071	0.0021314574	0.009894779	0.00088234065	0.0001722454	0.00080170576	0.00012375032	0.00026511098	0.033306964	0.06866672	0.06866672	0.0025487477	0.006844445	0.009758266	0.009758266	0.035569023	0.0025762538	0.00088949205	0.00074873434	0.00029082916	0.00061711186	0.00036803435	0.00026122146	0.0002054319	0.0050278627	0.0023746465	0.0040332554	0.0036421814	0.0016419784	0.0007687335	0.0036421814	0.003662337	0.009483285	0.007907669	0.0005908965	0.00029162184	0.00040608156	0.0015363379	0.0046806717	0.0009646542	0.0011100807	0.00030425572	0.001000961	0.0003279749	0.00097178447	0.00034048033	0.020483369	0.00022672147	0.00041644744	0.00053864135	0.00029627074	0.0009718756	0.00020984508	0.0009445601	0.00058838585	0.00070795196	0.013957062	0.0011077642	0.0003505913	0.0045751	-22.167648315429688
s03e18a	300.0	5.0	0.85655177	0.85655177	0.0074063293	0.06707655	0.0006199805	0.0026864388	0.46621534	0.0023232002	0.0027735531	0.008168022	0.00031735413	0.0006873761	0.0047623115	0.0012682484	0.0019177529	0.0035991182	0.0013029588	0.00053851353	0.002287122	0.015456802	0.004588494	0.0031229714	0.0014334208	0.0020304325	0.0010104525	0.0020732344	0.09540098	0.00827827	0.0031782496	0.0015266896	0.000949057	0.0016996816	0.0039637117	0.00068607106	0.00096108194	0.002079833	0.0013307603	0.002079833	0.009936203	0.0036581047	0.0005364945	0.009936203	0.00045102186	0.0035619435	0.0046074437	0.00059801585	0.0014722707	0.00081227924	0.0060644653	0.0005389277	0.0027792065	0.0016598665	0.000654361	0.0008619127	0.0005372477	0.003882632	0.0019514126	0.013797187	0.00042118083	0.002255629	0.00039039334	0.0004647665	0.0012644497	0.00049848907	0.0007870099	0.0016534106	0.000924567	0.006882125	0.0012036156	0.00030702245	0.0027830217	-18.55055427551269
s03e18a	305.0	5.0	0.88161784	0.88161784	0.01058636	0.033921927	0.00013220828	0.0011680028	0.13544491	0.00026770707	0.0020264601	0.008091828	0.00036911303	0.00019523097	0.0009918833	0.0015888982	0.0017979394	0.003136462	0.0017774657	0.0015711864	0.003119749	0.0394092	0.10449792	0.0056600454	0.0033540574	0.0030453485	0.0014181195	0.0030453485	0.03718973	0.0039782375	0.0016147924	0.00093315024	0.00039532903	0.00085674477	0.0024847456	0.00045918464	0.00042974562	0.00076358626	0.0007436058	0.00076358626	0.005847271	0.0012477654	0.00023482059	0.005847271	0.0006095059	0.0027602029	0.0089766225	0.001487067	0.0011048033	0.00032683404	0.0043965527	0.0017631339	0.0039620386	0.0029383807	0.00032219558	0.0012423499	0.0007449232	0.0027582664	0.000386741	0.00046142197	0.0002644594	0.0009514681	0.0005857565	0.00027053436	0.0011174349	0.00018614462	0.00058821036	0.002508739	0.0016142182	0.0073443386	0.0030665116	0.00015974078	0.009084235	-19.94977569580078
s03e18a	310.0	5.0	0.85623145	0.85623145	0.04365161	0.25426698	0.0022054804	0.004718571	0.012285693	0.0039448375	0.0023283062	0.027799748	0.0008520363	0.0005013494	0.010731841	0.005040823	0.003459384	0.00045342252	0.0007543022	0.0006000975	0.0006836528	0.008316907	0.008506178	0.008506178	0.002158261	0.0045698173	0.0022248651	0.0045698173	0.027449042	0.004535744	0.0010816024	0.0006409608	0.0005954587	0.00049131404	0.0016021531	0.0004134747	0.00022758673	0.0024490233	0.00064637826	0.0013881226	0.0008990922	0.00046407015	0.00032730895	0.0008990922	0.0011436826	0.001692927	0.004009596	0.00031237153	0.00040054237	0.0008427334	0.0014544112	0.0010325359	0.0011676847	0.0035517055	0.000738934	0.0034334587	0.0005391858	0.0038848862	0.00080117263	0.005719723	0.00038634049	0.00094758434	0.0010692425	0.00033369206	0.0031799027	0.00052655383	0.00028509062	0.00077428645	0.001161692	0.0044709346	0.002776999	0.00033796864	0.007213424	-21.07978630065918
s03e18a	315.0	5.0	0.91295105	0.91295105	0.054554597	0.0064581735	0.0028652125	0.00089061947	0.14081486	0.011490197	0.0027963812	0.0034835697	0.0014378553	0.00030601106	0.025603503	0.0058909175	0.013542783	0.0019659381	0.00051153527	0.00033674567	0.00022869892	0.008251599	0.017397774	0.017397774	0.0054236553	0.007952844	0.0023550023	0.03160012	0.04472347	0.013340328	0.004736769	0.001213603	0.0003623618	0.0014900678	0.0019572424	0.00028086733	0.00039432276	0.004936142	0.0033972885	0.0015848608	0.0046941866	0.0020683017	0.00058294	0.0046941866	0.0022291583	0.007571305	0.008073133	0.00022578654	0.0010557637	0.00019666641	0.002206723	0.003167942	0.0020352257	0.0025090827	0.00015965977	0.00075025426	0.00033066745	0.003712967	0.00010344838	0.0019045387	0.0011094074	0.0002600488	0.0006350414	0.00029975033	0.0017132292	0.00065755245	0.00067660265	0.00683725	0.00076169334	0.002659277	0.00093331735	0.00030784518	0.00683725	-20.32954406738281
s03e18a	320.0	5.0	0.8277728	0.8277728	0.051308483	0.0068566888	0.0006885254	0.0062885997	0.027226578	0.001478908	0.0037300703	0.001854759	0.0007309264	0.000606117	0.0011129009	0.029175185	0.0023641034	0.0001576995	0.0013157417	0.0007205787	0.0049478053	0.049859215	0.008283212	0.00715953	0.0013764938	0.006150715	0.0021862814	0.006150715	0.071494386	0.022082517	0.009818362	0.0011489234	0.0006887715	0.0019799098	0.00872274	0.00069482444	0.0003816432	0.004929504	0.004929504	0.0013198283	0.0070139673	0.0048823836	0.00048893626	0.0070139673	0.0033436695	0.025667131	0.015415385	0.0020979673	0.0010788256	0.0024514825	0.002986964	0.003653865	0.0033277974	0.006901115	0.00055407704	0.0012433182	0.0007601275	0.0054732338	0.00027122494	0.002375313	0.0005506358	0.0017522406	0.0005905703	0.00029701882	0.0073010395	0.0013240138	0.0015361608	0.0020727876	0.0010875158	0.009270168	0.003827735	0.0005193794	0.030498216	-18.50053596496582
s03e18a	325.0	5.0	0.830173	0.830173	0.038371243	0.011575289	0.0022282922	0.0030683707	0.39122605	0.0030444132	0.0019871613	0.0039681518	0.0008415402	0.0006729811	0.0016598532	0.0017016828	0.0027200254	0.0021294218	0.00095020747	0.00039480854	0.0041412595	0.06475807	0.0038591672	0.0038591672	0.0022434422	0.0019039334	0.001211408	0.0020168743	0.058816034	0.012801855	0.0054468024	0.0014502447	0.0005859221	0.0019083696	0.0043359506	0.000643539	0.000550535	0.00323382	0.00323382	0.0023784507	0.0086218305	0.0071355053	0.00091414066	0.0086218305	0.0015001391	0.013788631	0.0055184704	0.0012012613	0.0020438733	0.0007933711	0.0067611923	0.0010720525	0.0019011436	0.0015341516	0.00047325934	0.00038326165	0.00033728222	0.002522361	0.00029099474	0.0018093289	0.0004195039	0.001088176	0.00040890544	0.00053842884	0.001760437	0.000752513	0.0014751119	0.0022693456	0.0013516999	0.0037719626	0.001027523	0.00028103904	0.0022693456	-19.319202423095703
s03e18a	330.0	5.0	0.9331388	0.9331388	0.015162822	0.39805707	0.0019994664	0.004143937	0.06517837	0.020306895	0.0018355086	0.042073756	0.00039224347	0.0007557469	0.0035643086	0.006936522	0.0035032872	0.00125521	0.0018429408	0.0015944914	0.00066006207	0.012544483	0.008275006	0.008275006	0.0016843764	0.005062947	0.0013007239	0.0060437056	0.1526654	0.0066426103	0.0011425323	0.0007831775	0.0004475799	0.0020019305	0.0038574114	0.0007373253	0.0011604374	0.0029120424	0.00077046466	0.0017822575	0.0033887331	0.00084046234	0.00038307955	0.0033887331	0.0017631709	0.0017013378	0.0015666232	0.00019930357	0.000458338	0.0011606977	0.0018039648	0.0013604292	0.0011706165	0.002420155	0.00085140974	0.0019869297	0.0008343167	0.0057516918	0.0041131275	0.008667762	0.00024021305	0.0007178977	0.00027290528	0.0001728123	0.0014522956	0.00085013214	0.0005266028	0.0013467015	0.0010482696	0.018876843	0.005890114	0.00023450087	0.005890114	-20.80544662475586
s03e18a	335.0	5.0	0.88120323	0.88120323	0.01437497	0.1929288	0.0010462462	0.004489874	0.1499482	0.005951749	0.0022536134	0.0059003807	0.00031855726	0.00052529183	0.0015882729	0.0021902712	0.0023970455	0.00038575495	0.0011078328	0.0024858094	0.005105829	0.039022956	0.0044998364	0.0015197616	0.0011837161	0.0047331266	0.0009856964	0.0047331266	0.18513513	0.0106934095	0.0019669498	0.0016602933	0.000347173	0.0035171742	0.0031839255	0.000535562	0.0016917692	0.0041211415	0.0009832043	0.0040076375	0.014195035	0.0034811143	0.00072039507	0.014195035	0.00067024515	0.0030900151	0.007027593	0.00096756016	0.0012571256	0.0016244266	0.003772253	0.00079752645	0.0026005174	0.002847623	0.0022667884	0.0005946692	0.00060053414	0.007735154	0.004954538	0.013712114	0.00018388519	0.0021856388	0.001037824	0.00033727934	0.0016581985	0.0006557788	0.00062891975	0.0015739294	0.002487016	0.006725888	0.007751861	0.00020541075	0.007751861	-18.927234649658203
s03e18a	340.0	5.0	0.63784456	0.63784456	0.005117583	0.003848124	0.0055300198	0.0016099097	0.09183156	0.01479223	0.008867733	0.0046030483	0.02343836	0.00015122842	0.035645746	0.00037394903	0.012372575	0.008710824	0.0003251316	0.00019541125	0.000675791	0.00068634277	0.4866032	0.4866032	0.008079765	0.0063170698	0.0018646208	0.0063170698	0.0322743	0.0073000854	0.0014843647	0.0010822337	0.00044341243	0.001035581	0.0016604214	0.00023230044	0.00022184303	0.0015441991	0.0009238392	0.0015441991	0.003433968	0.0009963504	0.0005399918	0.003433968	0.0003123876	0.003017202	0.026092922	0.0005703244	0.002537862	0.00023189947	0.011222798	0.0011578326	0.0043432955	0.0007582382	0.00028102298	0.00036166934	0.0005366504	0.0009693391	0.0023360692	0.00022296183	5.0194918e-05	0.0003722113	0.0006111574	0.0014393588	0.0007024103	0.00045632198	0.0015514918	0.0030513273	0.00046157636	0.003988742	0.00068471895	8.9193636e-05	0.004497812	-18.280033111572266
s03e18a	345.0	5.0	0.68955463	0.68955463	0.08917306	0.018130824	0.00029866095	0.007871134	0.022469252	0.0013584554	0.008969545	0.0024154268	0.001393469	0.00054968847	0.004800078	0.031181138	0.0010899948	0.00031761415	0.005201269	0.0003529638	0.019202838	0.040331203	0.020501664	0.005524243	0.0040046023	0.010174142	0.0029570197	0.010174142	0.046803508	0.006987048	0.00424258	0.00074078655	0.00025274663	0.00089941	0.0041148877	0.00061125145	0.00074543874	0.0058768243	0.0045026224	0.0058768243	0.004523965	0.0051052934	0.002142511	0.0051052934	0.0040231547	0.012542528	0.019559693	0.007784086	0.0027830547	0.0036733816	0.024251543	0.00884058	0.003006732	0.0060469117	0.00019830972	0.0023500044	0.0016375367	0.0030116905	0.00019103054	0.000696375	0.0012267575	0.0024231214	0.0004979757	0.00082308846	0.0024068125	0.001209861	0.002863894	0.00598813	0.0051687267	0.007153178	0.0069584525	0.0014109516	0.022832364	-20.76719093322754
s03e18a	350.0	5.0	0.77446556	0.77446556	0.02829094	0.036131814	0.0013276696	0.0031879053	0.012024254	0.0069907475	0.005253663	0.005708732	0.00080207095	0.0004038192	0.0013795123	0.0066398485	0.004876401	0.00032602245	0.0016391269	0.00046656688	0.00084379374	0.06309542	0.004633134	0.0023702844	0.0016304338	0.0020438335	0.0008195337	0.0020438335	0.023050075	0.0021932204	0.00062261964	0.00033592223	0.00020084095	0.0005231208	0.001000299	0.0011036751	0.00021889036	0.015198424	0.015198424	0.008091498	0.0033709623	0.0071665337	0.0027106765	0.0071665337	0.0070996913	0.012095918	0.024959482	0.004201851	0.0013411683	0.0011437999	0.00537384	0.0058983	0.0024645706	0.0076315636	0.000707285	0.002330355	0.0013854264	0.012858831	5.6509303e-05	0.0009695765	0.0008610565	0.0034275185	0.001321432	0.00045540926	0.00479478	0.00085999834	0.0029763961	0.0030247304	0.009830098	0.01733113	0.012748087	0.00037385745	0.09523452	-27.902374267578125
s03e18a	355.0	5.0	0.79289615	0.79289615	0.018802589	0.012372516	0.00030754335	0.000373778	0.00021562495	0.00054799486	0.0025984305	0.002350635	0.0017252875	0.00013901804	0.001784942	0.0027215856	0.0013467221	0.00019257901	0.0010663281	0.0003070292	0.00016386952	0.0022273997	0.0047757416	0.0020074265	0.0020438675	0.001881344	0.0011512679	0.0027790412	0.018624132	0.0034725778	0.0015833428	0.0006064331	0.00025925363	0.001479063	0.0010006331	0.0007165119	0.00022055734	0.019102393	0.006608718	0.019102393	0.004470349	0.0045788493	0.005580812	0.0045788493	0.006738763	0.008063323	0.014752999	0.0032569885	0.00084921083	0.0006659136	0.0045431047	0.0073803714	0.0021644083	0.0024938746	0.00047733376	0.0020551924	0.0038639582	0.0033410392	0.00013797238	0.0017993083	0.00043622087	0.0011060011	0.0010294801	0.00022926265	0.025155492	0.0040049907	0.0019157386	0.0005727166	0.011324768	0.035025243	0.0053899256	0.00064352	0.025155492	-23.82193374633789
s03e18a	360.0	5.0	0.520159	0.520159	0.024422742	0.013370022	0.00038748907	0.0013451383	0.0006220562	0.002276777	0.007975622	0.00095657463	0.00036287587	0.00045597545	0.0042423303	0.0015518337	0.0005565709	0.00010081422	0.00036815595	0.00031444724	0.00026854197	0.0019071765	0.005574586	0.0022789163	0.0029296333	0.0028799467	0.0010485381	0.019491738	0.015683152	0.002545219	0.0013053791	0.0003488476	7.788901e-05	0.0005322691	0.00075222115	0.0005640798	0.0005798999	0.00481244	0.0016236904	0.0016407483	0.0007449956	0.0009034631	0.0004874232	0.0009034631	0.002687501	0.0032734352	0.007348129	0.0006522658	0.0007529677	0.0003401552	0.0023935451	0.0011945616	0.0015750666	0.011678614	0.00012526356	0.0015581851	0.006399426	0.0010834334	0.000115195944	0.00033349328	0.0022264991	0.00095477264	0.00011171741	0.0015492256	0.0014919604	0.0069455476	0.0023137652	0.00057035976	0.0026092054	0.01426252	0.004010213	0.00058371475	0.007447354	-24.733936309814453
s03e18a	365.0	5.0	0.72953564	0.72953564	0.03394215	0.011452158	0.00040643147	0.0074296636	0.09109977	0.003742107	0.008052666	0.0051200986	0.00018933485	0.00051836076	0.0010410423	0.008826572	0.0005019964	0.0004725012	0.0015551791	0.0011822027	0.02520691	0.1424169	0.0057749767	0.0057749767	0.0013909672	0.001936516	0.00042259044	0.001936516	0.11771127	0.012675042	0.0022148117	0.00049319747	0.00030984567	0.0007837502	0.0037817983	0.00094864704	0.0009705533	0.0013660294	0.0013660294	0.00030618793	0.0012922751	0.0012347408	0.0001374094	0.0014152208	0.0012861493	0.005367579	0.0066037835	0.0018611487	0.0015114631	0.0011934526	0.0032302868	0.0016105213	0.0010021027	0.030900337	0.00020547383	0.0011637184	0.0027230254	0.0008127856	7.927143e-05	0.0011628197	0.0013151002	0.0011416271	0.0004042843	0.00022405504	0.0010030556	0.00052316394	0.0021513945	0.003540215	0.0007088529	0.0030427957	0.0023651922	0.00021727949	0.10197935	-21.40548515319824
s03e18a	370.0	5.0	0.8043036	0.8043036	0.031840947	0.039020017	0.00028387335	0.007519412	0.04947301	0.0019695575	0.014972635	0.007757313	0.00066639803	0.00020973705	0.0024275468	0.020695586	0.00076868874	0.00044112024	0.0052460926	0.00056868186	0.017492626	0.071642905	0.006164921	0.006164921	0.0007224066	0.0016645439	0.000768573	0.0016645439	0.64308435	0.022532078	0.0060646003	0.0011249953	0.0005544181	0.0022822863	0.033144776	0.0012944248	0.005113346	0.00035356748	0.00032970106	0.00015918641	0.00071775645	0.00059312757	4.6206776e-05	0.00071775645	0.0006683739	0.0015438462	0.010259617	0.0018402603	0.0008082273	0.0014769589	0.0020466782	0.0014557518	0.0018012502	0.020310044	0.00075819663	0.0036327627	0.0007933492	0.0016314727	0.0008370293	0.0022940943	0.00046343534	0.0010874807	0.0005574942	0.00010519819	0.0010192537	0.00054630067	0.0013162205	0.0031829346	0.0009730593	0.008292532	0.010025622	0.0007425358	0.1777543	-20.665990829467773
s03e18a	375.0	5.0	0.7777975	0.7777975	0.0032644332	0.16916165	0.0005633453	0.0005402363	0.0026946752	0.0007446922	0.0036664843	0.01851813	0.00010959895	0.00013302367	0.0037273867	0.004712537	0.0020519032	0.00015874652	0.0025960589	0.00028363906	0.00033168218	0.0016127779	0.007762372	0.0027941612	0.00058031874	0.0012363166	0.0009211633	0.0026652098	0.08570499	0.007635573	0.0029446082	0.0008929826	0.00032819388	0.0007681934	0.0013347955	0.0007261248	0.00041119376	0.0017786284	0.0017786284	0.0013837076	0.0016210706	0.0006866849	0.00033520375	0.0016210706	0.0013438405	0.010864414	0.0066553215	0.00038267314	0.00029562492	0.0010861281	0.0014078437	0.0020701124	0.00086510926	0.014226109	0.00084142835	0.010867955	0.010617316	0.0022421991	0.0023550426	0.0070617055	0.00071223965	0.0011703048	0.0013202935	0.00013099969	0.0046767993	0.002976675	0.0011999814	0.0045651603	0.002340087	0.013071511	0.0037068757	0.0003206747	0.0798636	-21.508506774902344
s03e18a	380.0	5.0	0.82898426	0.82898426	0.0065888916	0.34300458	0.00081228267	0.0009423399	0.0022232833	0.003980302	0.002673062	0.0048628924	0.00015289322	0.00030815852	0.00057633815	0.009144127	0.0013884465	3.7817994e-05	0.0006384703	0.0009989652	0.00019386958	0.001460308	0.006792849	0.004261103	0.0010268345	0.0025970095	0.0016086164	0.006831819	0.09926073	0.0051169298	0.001218314	0.0008623193	0.0012213908	0.0008383344	0.0018012852	0.00074882177	0.00092667306	0.002238999	0.00095363666	0.001884669	0.00292364	0.0009649925	0.00043152846	0.00292364	0.00088138354	0.008091924	0.0058040507	0.00015452906	0.00036808258	0.0017169088	0.0015141836	0.00090331765	0.0024953245	0.0015213868	0.002544955	0.0019818367	0.0029600353	0.01083247	0.0019337614	0.010669928	0.00017633659	0.0011552057	0.0019691705	0.0001816424	0.0073505496	0.0009583091	0.0006304991	0.00024794438	0.0009055384	0.010729832	0.0018730655	0.00018353344	0.009526233	-21.887836456298828
s03e18a	385.0	5.0	0.8134424	0.8134424	0.015639625	0.080115534	0.00024091054	0.0016850437	0.13946211	0.00066689803	0.0022826174	0.0035404437	0.00021354723	0.00027894805	0.0010132635	0.002048817	0.0012973772	0.00089016394	0.000656436	0.0013902447	0.0035017342	0.052926656	0.0073017864	0.00661632	0.0011649311	0.007500564	0.000513175	0.008579821	0.07715926	0.011411462	0.0037839548	0.001128159	0.00040745636	0.00086795905	0.0034493478	0.0011133787	0.00039464224	0.0011055988	0.0007732755	0.0009993988	0.0025123358	0.0016775762	0.00034191282	0.0025123358	0.00040769804	0.0034174984	0.0036464774	0.0010526824	0.0013906287	0.00053273863	0.010015434	0.0005940003	0.0024308122	0.005500688	0.0004352997	0.001568209	0.0012840623	0.0036030759	0.00040127058	0.0017276561	0.0008541751	0.000773106	0.0002687141	0.00041723563	0.001380709	0.00056447455	0.0003551495	0.0012569681	0.0028329256	0.0036981937	0.0029026815	0.0001668455	0.020425448	-20.10153579711914
s03e18a	390.0	5.0	0.85616565	0.85616565	0.018988213	0.043277904	0.00080711977	0.0025507985	0.025807872	0.0008217945	0.0025036014	0.0042698197	6.418536e-05	0.0002225031	0.0022845024	0.026364833	0.0015766196	0.00011120533	0.0014158606	0.0015609249	0.0037428222	0.117740534	0.008247862	0.005309978	0.0005749231	0.00580832	0.001819834	0.00580832	0.23175493	0.022493888	0.00422666	0.0008123341	0.00021994792	0.0024046586	0.010572085	0.006490729	0.0022321779	0.001054361	0.00028355065	0.00039310462	0.0022641777	0.0003968749	9.437393e-05	0.0022641777	0.00060894387	0.0031707757	0.002634935	0.0002795532	0.00025658312	0.00074638595	0.0030801804	0.006490729	0.0015991096	0.006615142	0.008118033	0.001455706	0.025221491	0.016125789	0.0004791248	0.005433062	0.0018710243	0.001444669	0.0008431258	0.00012117782	0.006459856	0.00455008	0.00095691363	0.001357265	0.0861211	0.0067864247	0.014439022	0.00012035823	0.0861211	-21.21772766113281
s03e18a	395.0	5.0	0.9183885	0.9183885	0.09707915	0.047317117	0.000602202	0.0011340664	0.046009995	0.0014537112	0.003741775	0.0018465056	0.0001292672	0.0001942704	0.0010359619	0.0023999985	0.000576412	0.00019796305	0.0023920336	0.00027742618	0.00092052016	0.02420004	0.003551763	0.0019390972	0.0005281684	0.0009120292	0.0002979931	0.015517955	0.08796932	0.024422484	0.016190654	0.0013168318	0.0005944649	0.0010498641	0.0024534296	0.00038457484	0.0003112496	0.0008384319	0.00025913576	0.00047107984	0.0004908833	0.0002076418	8.941326e-05	0.0004908833	0.00058800407	0.0015646524	0.0017421889	0.00015144359	7.384434e-05	0.00016935373	0.00068044214	0.0007122179	0.0010266551	0.00664969	0.00062365393	0.0023727426	0.012583207	0.012835024	0.00030988024	0.0028336733	0.0005688596	0.00075280346	0.0011912953	0.00026017628	0.0041369963	0.0011426139	0.00012353326	0.0012232	0.0054523195	0.0028519197	0.0042029084	0.000113568625	0.0054523195	-21.209491729736328
s03e18a	400.0	5.0	0.83319646	0.83319646	0.00851631	0.29167598	0.0011597511	0.0015100763	0.0060631316	0.0032906982	0.0018110815	0.0055167796	0.000114637405	0.00025281508	0.001214516	0.0031072015	0.0007315086	7.375736e-05	0.0006537043	0.00045887116	0.00021798565	0.004899557	0.012189251	0.012189251	0.0020400973	0.008751864	0.00389671	0.016389037	0.08456757	0.008864214	0.0018397927	0.0007354042	0.0004441718	0.0005406018	0.0018280691	0.0017898713	0.0004249095	0.0016082521	0.00046666607	0.0006574183	0.0009916457	0.0005344205	0.00021386449	0.0009916457	0.00031782044	0.0026500481	0.0023755548	0.00026598317	0.00026503945	0.0009333649	0.0010382392	0.00030472426	0.0010195262	0.0034641146	0.000535277	0.002975358	0.001973731	0.007433525	0.00087258493	0.0059590857	0.00015494115	0.0009676375	0.00022084522	0.00037313093	0.004374124	0.00046313723	0.00015178056	0.00040969637	0.0014579577	0.004546479	0.0025664712	0.0001486103	0.006330475	-20.31498146057129
s03e18a	405.0	5.0	0.71018815	0.71018815	0.0085389195	0.0025707604	0.00046493002	0.0011466837	0.016189659	0.0007906021	0.0017007281	0.0013215124	0.00055215857	9.2348186e-05	0.0008700324	0.004596287	0.0011612335	0.00028843863	0.0016702024	0.00044318504	0.0020726623	0.008246812	0.0059590237	0.0034471324	0.0007555244	0.0026618328	0.00040165047	0.0026618328	0.07006446	0.009608812	0.0022173359	0.00075862015	0.00025968655	0.00046239616	0.0026845273	0.0003251561	0.00020200902	0.00084019016	0.00084019016	0.00034387896	0.0006872293	0.00078516226	7.105761e-05	0.000804012	0.002396691	0.0024391715	0.010116182	0.0026582829	0.0026432965	0.00066255877	0.027022017	0.00092990225	0.0016147639	0.04432571	0.000115684474	0.0052219164	0.00059690996	0.0009862422	0.00071881025	0.00017564456	0.0002746154	0.0014139264	0.00029615583	0.0003179753	0.0017629594	0.0010214457	0.0013622313	0.004626252	0.0008473493	0.010826953	0.0073923976	0.00023215765	0.39329663	-19.653553009033203
s03e18a	410.0	5.0	0.8832383	0.8832383	0.023189288	0.0018039064	0.0005729364	0.0021096335	0.2768717	0.00057959044	0.0022010806	0.0006546211	0.00088996714	0.00027439266	0.00064073206	0.00476306	0.006847697	0.00071837334	0.0015755256	0.0023389282	0.0033348822	0.012172637	0.01923809	0.0010388508	0.0016890864	0.0015020602	0.00038427726	0.0015020602	0.07975279	0.011833031	0.008682374	0.0012160416	0.0010653107	0.0013604331	0.004244889	0.00041636365	0.00044858127	0.003130473	0.0015974195	0.002783534	0.011701477	0.002532113	0.00066803634	0.011701477	0.0040383097	0.008874852	0.0039954153	0.00047971797	0.00058753794	0.00035944214	0.0022781747	0.00089009944	0.0028809507	0.006312462	0.00019654736	0.00090083026	0.00083942316	0.0025099898	0.00027358287	0.00051459763	0.0005342746	0.0007623466	0.00017930506	0.00037223432	0.0020010255	0.0011078559	0.00091525534	0.0018910439	0.0014727231	0.01754069	0.002669736	0.00010577195	0.008530793	-19.965835571289062
s03e18a	415.0	5.0	0.8994152	0.8994152	0.035601556	0.004305048	0.00050299364	0.0005311835	0.00537091	0.0019368605	0.0004796926	0.0054269177	0.00066410546	0.00030275655	0.0060873437	0.072057344	0.010148014	0.00074327807	0.0008673088	0.00020125078	0.000517558	0.017890397	0.06738497	0.026876613	0.0012125763	0.008021606	0.0066931965	0.1375433	0.017011827	0.002604203	0.0008006438	0.00041289057	0.00018253656	0.0004374361	0.00086486357	0.00025758613	0.00017179089	0.004993165	0.0013266375	0.0016607952	0.0029969993	0.000571903	0.00019081918	0.0029969993	0.01748132	0.0068313368	0.0018314857	0.00016179537	0.0002787093	0.000121373145	0.00036923127	0.026187131	0.0005080911	0.0054124366	0.00020814093	0.003834024	0.0011023239	0.0020030607	8.138875e-05	0.018537795	0.0026273746	0.00035609608	0.0015376792	0.00039368047	0.0037971782	0.0007554862	0.0015953325	0.000988176	0.0007991757	0.023006827	0.0028054535	0.0005536624	0.017857099	-26.558517456054688
s03e18a	420.0	5.0	0.8642397	0.8642397	0.038704477	0.02396405	0.002838563	0.0019557897	0.01565003	0.0037459794	0.001105514	0.04130786	0.00020543367	0.00042629786	0.002850732	0.021829758	0.002092926	0.00025581784	0.0011409161	0.000386985	0.0011450414	0.042916846	0.08729669	0.02263171	0.0019394986	0.006838749	0.0009863267	0.06398996	0.030209515	0.0043833856	0.0018859754	0.00079241226	0.0004904021	0.0006964085	0.0019477357	0.0002997132	0.00030692676	0.0050351243	0.0009402314	0.0050351243	0.00154241	0.0004884269	0.0009758887	0.00154241	0.003926548	0.0029891587	0.005967605	0.00037730325	0.00025174159	0.0004432024	0.0017505799	0.006670893	0.0023973226	0.016645337	0.00013287787	0.002923996	0.0032583058	0.0030311358	0.00013963474	0.009157911	0.0066407667	0.0005835938	0.0018165516	0.0003119314	0.0076059843	0.0014929367	0.00076243526	0.0015088804	0.0025812415	0.013788217	0.0023864668	0.00023629054	0.0076059843	-20.5567626953125
s03e18a	425.0	5.0	0.7555988	0.7555988	0.13362585	0.015384377	0.00063139026	0.014924313	0.022129545	0.0030957137	0.025223296	0.0022576465	0.0011041142	0.00031928485	0.00056337833	0.03214536	0.0009463378	0.0002903169	0.00298555	0.00075100677	0.011690013	0.08712043	0.008064341	0.0056941085	0.0008240356	0.0033794313	0.00086131506	0.0033794313	0.087474294	0.015353536	0.005594295	0.0010945158	0.00046314189	0.0009114602	0.0082162805	0.002709165	0.000968433	0.0041699456	0.0041699456	0.0019520741	0.0014465585	0.0037659935	0.0020114293	0.0037659935	0.0027754346	0.011052983	0.0106048705	0.0014711693	0.0007601369	0.0011312282	0.0082323635	0.001907111	0.0017163188	0.014730516	0.0004601881	0.0020783292	0.0017946075	0.0011674445	7.410443e-05	0.0002718455	0.0006015417	0.000732153	0.00022948964	0.00034409537	0.0014442111	0.000672062	0.005706962	0.0051132976	0.0011711078	0.002633408	0.0048105903	0.00052597903	0.018770404	-18.77363395690918
s03e18a	430.0	5.0	0.7559488	0.7559488	0.042755928	0.004706793	0.0008105603	0.00521294	0.04822323	0.0022783775	0.004050908	0.0014551412	0.00040410765	0.0005300569	0.0008890116	0.012271911	0.00052060065	0.00030390176	0.001813868	0.0010279563	0.0033390073	0.20853524	0.008162445	0.007351816	0.002179348	0.005013361	0.0031381575	0.005013361	0.07370255	0.013335872	0.004362672	0.0008902759	0.00044181035	0.0009561919	0.0077074175	0.0007651851	0.0005172172	0.010719395	0.010719395	0.00076314545	0.011582242	0.017070029	0.000318119	0.017448485	0.0025570323	0.037607074	0.018304229	0.006364846	0.0011422221	0.0014988997	0.005447375	0.002830965	0.0024183805	0.013438764	0.0001754196	0.0004744957	0.0011174856	0.0029017404	0.0003787435	0.0016822016	0.0006523249	0.00092150824	0.0002917211	0.0003052168	0.0022023532	0.0006530343	0.0027056823	0.0052562105	0.0008902954	0.006501679	0.0014705333	0.00035399076	0.0986918	-18.49082565307617
s03e18a	435.0	5.0	0.7324824	0.7324824	0.011418903	0.1313434	0.0007878604	0.0015356971	0.028613359	0.0015983431	0.0019812323	0.021534309	0.0010717155	0.00027739126	0.0019161033	0.008228743	0.0049618497	0.002401298	0.001757438	0.00062503264	0.003978922	0.016872687	0.016141297	0.016141297	0.0018303599	0.0029283143	0.0026992026	0.0029283143	0.053753324	0.005451389	0.0014087214	0.0010598475	0.00019731873	0.0007658066	0.0016734512	0.00058501726	0.00035490617	0.006471048	0.006281777	0.006471048	0.0034709824	0.009468086	0.00394097	0.010668257	0.0020076567	0.013442387	0.05106956	0.0114337485	0.0038599647	0.0023312534	0.053323478	0.003404416	0.004784168	0.0067197485	0.00085919566	0.001044282	0.0010532938	0.003180728	0.0013691827	0.03407875	0.0004240434	0.0018676372	0.0031581603	0.00047058007	0.0028390393	0.0012480814	0.0035091166	0.002013493	0.0013917596	0.003920372	0.002836197	0.00034181148	0.019963609	-20.43865203857422
s03e18a	440.0	5.0	0.8938621	0.8938621	0.005975573	0.083121166	0.00039353844	0.004710328	0.117242016	0.0036110173	0.0016058045	0.004822462	0.00062986574	0.00014132333	0.0020904734	0.002517654	0.032170493	0.00086581055	0.00047295092	0.00018153974	0.0017811838	0.032358844	0.042487342	0.042487342	0.0014010139	0.0007270413	0.00076315773	0.0018564528	0.04465218	0.0039007433	0.0013234775	0.00069084624	0.00036725486	0.00087536086	0.0013080873	0.00023288325	0.0004832561	0.00058340776	0.0003254839	0.00050027005	0.002483271	0.00051945983	0.00013739393	0.002483271	0.0003703631	0.002827985	0.0018592629	0.0001140545	0.00018549491	0.0003974171	0.0010009258	0.00064729643	0.0010595865	0.008557833	0.00031091983	0.0008826126	0.00048276802	0.003526088	0.0009631876	0.68753076	0.00015029573	0.00061064906	0.00029864043	0.000110168854	0.0012940019	0.0010027293	0.0003783188	0.0015382372	0.00046954234	0.010999323	0.0046429564	0.00014522584	0.0046429564	-21.651870727539062
s03e18a	445.0	5.0	0.8863532	0.8863532	0.027009245	0.078944474	0.0010476895	0.0051357844	0.07340208	0.0055384864	0.0031813479	0.013327279	0.00555157	0.0006301695	0.0066322223	0.0020565288	0.0017044863	0.002181812	0.00070796744	0.0006072281	0.00234867	0.007964557	0.014374572	0.0038547795	0.0013213003	0.00072935317	0.0013575042	0.0013575042	0.17122807	0.024967913	0.013992543	0.0017869378	0.0003949126	0.0012733956	0.0036142422	0.00036264173	0.00080695015	0.0013439289	0.0007004564	0.0013439289	0.0020543819	0.0014131597	0.0004098063	0.0020543819	0.0008373436	0.004062948	0.008110242	0.0008856226	0.001135112	0.001389258	0.0019140135	0.00092523935	0.00095272943	0.0029023795	0.0020262066	0.00048647376	0.00019700988	0.009012385	0.0008046949	0.007432631	0.00017748552	0.0011122306	0.0022381202	0.00017717642	0.0016761554	0.0002764403	0.0005206465	0.0008282484	0.0012518622	0.0024717622	0.0022706816	0.00019313581	0.0029749903	-19.892967224121094
s03e18a	450.0	5.0	0.8315795	0.8315795	0.0128118275	0.27396458	0.0011715629	0.003960137	0.16961361	0.0047619496	0.0032486275	0.012960909	0.00030411073	0.0005131742	0.0016691468	0.0017329364	0.0012913886	0.0011531931	0.0009893535	0.00084146525	0.004331292	0.013004292	0.0035378337	0.0035378337	0.0012461637	0.012665289	0.0011938461	0.012665289	0.0982335	0.011944586	0.003648496	0.0011252279	0.0005416599	0.0008518951	0.003995104	0.00063032936	0.00075119536	0.0012445416	0.00063551916	0.0012445416	0.0021856825	0.0011443911	0.00041494853	0.0021856825	0.0005025122	0.002339214	0.014307607	0.0010843007	0.0018380091	0.0037097123	0.0061225872	0.00076686335	0.002384853	0.002658814	0.00074966426	0.00067732396	0.00065225526	0.005837448	0.0023017807	0.0055559175	0.00020221542	0.0021286833	0.0011557708	0.00036580162	0.001917345	0.0004011941	0.00062354223	0.0009831013	0.00042239027	0.0017095894	0.0017199952	0.0001666075	0.0019629193	-19.37723922729492
s03e18a	455.0	5.0	0.6909385	0.6909385	0.03955566	0.063181296	0.0004172911	0.01564848	0.17534171	0.0019554966	0.003186139	0.0040925276	0.0014539243	0.00049594254	0.0034567118	0.0072112833	0.0014017371	0.0011019186	0.010184395	0.0006966939	0.07404744	0.050746787	0.0031099794	0.0015492036	0.0007952183	0.001081826	0.0006840993	0.0010899237	0.036863226	0.011136313	0.0044627963	0.0008279158	0.00024609602	0.00058572134	0.0056468057	0.0005499937	0.00032363573	0.0011413591	0.0007474362	0.0010825291	0.0019077047	0.0009942245	0.0001890437	0.0019077047	0.0008452865	0.0018776674	0.004833574	0.0009469363	0.00070325896	0.001138018	0.0029017818	0.0018171119	0.001501837	0.017028652	0.00060255453	0.0020729464	0.000810143	0.0015713951	0.001495723	0.0011307941	0.00034267938	0.0017830092	0.00039263684	0.00021679443	0.0026142248	0.0004927034	0.0006836098	0.003495279	0.0017492414	0.0025160236	0.013340969	0.00013791701	0.019595828	-19.362428665161133
s03e18a	460.0	5.0	0.88090366	0.88090366	0.0023600177	0.39613304	0.00026582624	0.00037933845	0.0010232935	0.0014773661	0.0027580105	0.010124078	0.0001465422	0.00027269174	0.00028050633	0.0024860885	0.000809415	7.7761506e-05	0.00050535443	0.00021126584	0.00014010635	0.0005662868	0.003935983	0.0025147768	0.0004034954	0.00220051	0.0013053867	0.00220051	0.08742342	0.0057185492	0.0019933518	0.00077801483	0.0005032063	0.0006708244	0.0012941892	0.0008300573	0.0007173889	0.00093361444	0.00026174323	0.0008298019	0.0005843959	0.0002336791	0.00016940267	0.0005843959	0.0004115443	0.0018118455	0.0033688594	6.5408785e-05	0.00010458206	0.0007105007	0.0007729219	0.0002898531	0.00091229676	0.00037238005	0.0011621497	0.00052293437	0.0009917675	0.013287566	0.0020331019	0.02845348	9.135459e-05	0.00059450517	0.0019389063	8.6444896e-05	0.0038429892	0.0004830682	0.00029031248	0.00012692026	0.00027276535	0.0073060454	0.0005409793	0.00043214322	0.0038429892	-20.55278587341309
s03e18a	465.0	5.0	0.84542435	0.84542435	0.009947778	0.07798811	0.00037163333	0.0038912669	0.09444527	0.0018066441	0.003140799	0.029543184	0.00039720576	0.0005658347	0.0010385677	0.0017833725	0.0021375013	0.0021720582	0.002915054	0.001182509	0.008611484	0.058210764	0.010431276	0.002713408	0.001134857	0.0024076183	0.00078046083	0.0024076183	0.059632488	0.007481102	0.0031380279	0.001173948	0.0005714178	0.0010962381	0.0026317877	0.0012970706	0.0012117957	0.0016041572	0.0009494224	0.0016041572	0.009306631	0.0021250502	0.00038078558	0.009306631	0.000498586	0.0044396543	0.0070799235	0.0005991866	0.0008327203	0.0011933288	0.006309421	0.0011490237	0.0029942764	0.0023145028	0.0012244532	0.00100086	0.00058656436	0.0025639054	0.00066086964	0.0022646303	0.00013401815	0.0026835266	0.0017038357	0.0004336931	0.0028964076	0.00036231743	0.0005388488	0.0010025353	0.00070985063	0.00534856	0.0017107715	0.00039209484	0.0028964076	-19.5617790222168
s03e18a	470.0	5.0	0.8651707	0.8651707	0.02323048	0.05996571	0.00024125165	0.004002146	0.37579912	0.003047654	0.0032984351	0.0053205844	0.00015231583	0.0002025819	0.0010370945	0.0012975563	0.0012246865	0.001199905	0.0019566584	0.00067749346	0.0067094793	0.06319006	0.0026757836	0.0012906785	0.0011742595	0.0022654773	0.0005033579	0.0022654773	0.039462794	0.0041745654	0.0020617908	0.0007499429	0.00027740106	0.0007829295	0.0019391185	0.0006192901	0.0005560407	0.0010097327	0.0005133704	0.0010097327	0.0020001298	0.0008466988	0.0003395181	0.0020001298	0.0005384673	0.0029763398	0.014164147	0.0012747559	0.0010582795	0.0009400894	0.004666963	0.0010627623	0.005878758	0.004508273	0.0008235015	0.0016424357	0.0012641943	0.0035796885	0.00049446203	0.000532616	0.00028064116	0.0018241188	0.00059300155	0.0002934545	0.0013177809	0.00047580604	0.0005030128	0.0016700355	0.0010021043	0.0017486837	0.003339658	0.00024630656	0.0055416487	-20.137157440185547
s03e18a	475.0	5.0	0.8591395	0.8591395	0.028603526	0.15182775	0.006546288	0.0019445932	0.051781654	0.0024499472	0.0046176133	0.04478839	0.00030479342	0.00038301494	0.012975307	0.009748166	0.0020881728	0.0015135573	0.0077203675	0.00024846	0.004296254	0.00861067	0.018054325	0.018054325	0.0030563066	0.008038266	0.0023920098	0.008038266	0.022519888	0.0050977524	0.0018346222	0.00083201565	0.00039633352	0.0006199474	0.0015669799	0.00035128318	0.00017011668	0.0019157095	0.0011348817	0.0012719859	0.0020591863	0.0012968705	0.00034657097	0.0020591863	0.0019457123	0.0053179604	0.0060569276	0.0005023846	0.0013318032	0.00032467998	0.020860232	0.0045390413	0.0013888585	0.010586949	0.00036311208	0.0083118435	0.000990347	0.002692226	0.0001943812	0.005239115	0.0006648558	0.0006744119	0.0019292369	0.0008488039	0.0022138655	0.0004244221	0.0007313326	0.0036080726	0.000893908	0.009219239	0.0056757582	0.00040754012	0.0113919685	-24.19902610778809
s03e18a	480.0	5.0	0.8518085	0.8518085	0.08405489	0.022021787	0.0004053191	0.0016940451	0.30558896	0.0014228263	0.0009586101	0.0013795826	0.0005805696	0.0003482389	0.0020049107	0.0033561077	0.007723919	0.0011716902	0.0019211987	0.001570511	0.0037944752	0.0044522076	0.009696857	0.001510054	0.0017674277	0.0034210014	0.00065440434	0.0034210014	0.026752522	0.005815591	0.0033850665	0.0009053507	0.00061294646	0.00085555046	0.0024167567	0.0003657976	0.00020292251	0.0025852998	0.0020394467	0.0025852998	0.011263428	0.00408766	0.00087812735	0.011263428	0.0017055577	0.011131909	0.011161925	0.0010077078	0.000908946	0.00067888113	0.006436108	0.0022380212	0.005603257	0.012536766	0.00011081726	0.0030281574	0.001823079	0.004936111	0.00043098044	0.002614517	0.0013517418	0.0008916707	0.0012029238	0.00042867527	0.0034782174	0.0008977353	0.0007981939	0.0033956699	0.0016298193	0.0075735776	0.0018954708	0.00028320565	0.0034782174	-21.556964874267575
s03e18a	485.0	5.0	0.8664922	0.8664922	0.09865156	0.01258079	0.00047354956	0.006669939	0.154248	0.001999651	0.0073639224	0.0014733212	0.0005582152	0.0009895038	0.0014684749	0.016856812	0.002319196	0.0005894554	0.005346141	0.00087466766	0.023841064	0.067009576	0.005958487	0.002645885	0.00090282806	0.0028279324	0.0005580556	0.0032775325	0.033600822	0.0070388587	0.002676574	0.0015626156	0.00035880844	0.0013326146	0.0065241433	0.0002880539	0.00032034164	0.0011843945	0.00053049816	0.0011484731	0.0013466593	0.0006472995	0.0005829536	0.0013466593	0.0015720265	0.0017095372	0.0026982864	0.0004610485	0.0004189624	0.000452505	0.003394	0.0007909924	0.0015618838	0.013905262	0.00020679597	0.0010940874	0.0014304754	0.004339857	0.0002611724	0.00018388011	0.00067411055	0.0008007636	0.00040938187	0.0003706533	0.0012344633	0.0017629771	0.0017695044	0.0021024705	0.0011407929	0.0018615669	0.008426202	0.00030430677	0.010572493	-20.65553474426269
s03e18a	490.0	5.0	0.9003711	0.9003711	0.024848366	0.21899351	0.0005772862	0.0035997133	0.09737183	0.0019070095	0.0027378558	0.010244849	0.0004172744	0.00033640442	0.0014146522	0.0029227228	0.0025304924	0.0011273823	0.0019106806	0.00069733395	0.0015887128	0.017787028	0.0036252283	0.0030965349	0.0013334462	0.0025637737	0.0007185171	0.0025637737	0.057240605	0.0069262036	0.0021435798	0.0018206249	0.0009471425	0.0015890123	0.003266114	0.00045822992	0.00040996162	0.003967264	0.0010374206	0.003967264	0.0015968372	0.0009516721	0.0013042631	0.0015968372	0.0014859175	0.002218904	0.0025854204	0.0001847407	0.00033239505	0.0006127336	0.0016481251	0.0013554088	0.001839581	0.004319794	0.0014987868	0.0023490319	0.00093359797	0.005126073	0.00062933826	0.022918941	0.00079570565	0.0004679726	0.0011051955	0.000218785	0.0030237413	0.00063497364	0.0008978722	0.0018452826	0.0020896164	0.0045230975	0.004568932	0.0002984227	0.004568932	-21.09795379638672
s03e18a	495.0	5.0	0.9156232	0.9156232	0.04775624	0.0792628	0.00067627616	0.0034375335	0.049738806	0.002992426	0.0047085085	0.011600029	0.0005581641	0.00044214597	0.0038879153	0.009478605	0.0022057658	0.0006904079	0.003203502	0.00010706016	0.0012158493	0.02712813	0.018578334	0.0064259316	0.0012949377	0.0033883916	0.0015813103	0.0037692187	0.01723571	0.0037026345	0.001392563	0.00066756224	0.00035368314	0.00044751677	0.0009660937	0.00042934925	0.00020952358	0.0030260633	0.001077166	0.0012475145	0.0017602753	0.0007221341	0.00042691355	0.0017602753	0.0022930282	0.003079491	0.0067666774	0.0003424439	0.00031815298	0.0008660371	0.0020460763	0.0048822775	0.0017105124	0.007095259	0.0010453017	0.0062516904	0.0005074967	0.0028657166	0.0003534664	0.0058123195	0.0013386861	0.00085885107	0.0015546839	0.00014058812	0.0037185752	0.0005943757	0.00061178155	0.0029395504	0.0013930796	0.0056150556	0.011107914	0.0022321735	0.020212417	-23.67393684387207
s03e18a	500.0	5.0	0.81960756	0.81960756	0.020579731	0.13282654	0.00057708786	0.0047823293	0.011595191	0.0024851118	0.03921757	0.006927611	0.0024850694	0.00032936552	0.0029526043	0.007016525	0.0013271588	0.0006168531	0.0022226148	0.0008022044	0.0017688703	0.014594959	0.011284557	0.0041963793	0.001317877	0.00280835	0.0022541927	0.00280835	0.06870157	0.010259888	0.0027492766	0.0011017665	0.0006329263	0.0008243537	0.0076858834	0.00073400675	0.0014298488	0.014575494	0.0057761185	0.014575494	0.008220649	0.0067652287	0.007028422	0.008220649	0.002979582	0.012742224	0.010635137	0.0012768338	0.0011522389	0.00032566366	0.01855459	0.0023656355	0.0022494935	0.007438931	0.00066425453	0.003271376	0.0010089547	0.013948232	0.00040826356	0.0034581905	0.0015623851	0.0006563719	0.004537006	0.0008322634	0.0028695986	0.0011249953	0.0025275887	0.0022799745	0.0020876226	0.016196823	0.0026354527	0.00042471712	0.01103817	-18.807392120361328
s03e18a	505.0	5.0	0.81785303	0.81785303	0.008627009	0.01841287	0.000511906	0.00427176	0.028674807	0.0023761017	0.0023279286	0.013938811	0.0002272515	0.00029187943	0.00041995762	0.0036938742	0.0013010448	0.0022028177	0.0013483532	0.0007768895	0.011867845	0.41835177	0.0052728686	0.0052728686	0.0009367968	0.0015626098	0.00069060666	0.0015626098	0.052038036	0.00791608	0.0023349694	0.0008428813	0.00021576932	0.00084772526	0.0039753877	0.0007670325	0.00065861177	0.0020826557	0.0020826557	0.0011545715	0.0047122645	0.0023890226	0.00080718054	0.0047122645	0.0012419866	0.0071544647	0.01063293	0.0018160647	0.00045660223	0.00116894	0.0092541315	0.0026800055	0.0025150508	0.009076666	0.000201331	0.00025478698	0.0009517645	0.00090951734	0.00034708346	0.0008576869	0.0001942891	0.0005727109	0.00035500244	0.00022501544	0.0012514736	0.0004752541	0.0071651153	0.0033583639	0.0011117846	0.013286384	0.00086586253	0.0003986588	0.0071651153	-18.53873062133789
s03e18a	510.0	5.0	0.84562844	0.84562844	0.005770863	0.14073144	0.0011935226	0.0017136927	0.089597635	0.0019733366	0.0039754706	0.060872383	0.0015140567	0.00017845105	0.0016321525	0.0021918798	0.001709609	0.0023338743	0.0041349125	0.0011794375	0.0013376704	0.0054673892	0.01976101	0.0066764974	0.0018281266	0.005818363	0.002315838	0.005818363	0.06712293	0.0040192856	0.0024459893	0.0006202121	0.00033772402	0.00053652667	0.0015987547	0.0011555975	0.0015895013	0.001382916	0.0004475528	0.001382916	0.0014501502	0.00038568178	0.0005420248	0.0014501502	0.00057604373	0.0018993331	0.012184499	0.00015774746	0.0007123618	0.000298067	0.005556998	0.0012655087	0.0066289403	0.010971978	0.0022385102	0.0030078187	0.000813441	0.0058929846	0.0028506157	0.0063193934	0.00086659845	0.0009954822	0.0049712756	0.0007770961	0.0033106708	0.0005863503	0.00056316867	0.0016705538	0.0010217825	0.0033472404	0.0018702656	0.0002992301	0.0033106708	-20.974157333374023
s03e18a	515.0	5.0	0.7706215	0.7706215	0.18977113	0.0040056203	0.00022258861	0.0028990186	0.24956594	0.0010687627	0.006355441	0.0008263159	0.0007110165	0.00039357672	0.0015977725	0.0017057509	0.000652792	0.0005861025	0.0016533107	0.0004936045	0.0037571536	0.02676978	0.005373636	0.0020241493	0.0014119617	0.001746274	0.00027346134	0.002989068	0.023847837	0.0064444863	0.0038454873	0.0019129178	0.00032260438	0.0017934693	0.0028330183	0.00017544137	0.00017217742	0.031075098	0.012430129	0.03000375	0.00755245	0.019521177	0.031075098	0.019521177	0.0018004616	0.016457682	0.007095232	0.0018053562	0.00044969103	0.0004092615	0.010254437	0.0019285493	0.003073562	0.0064543006	0.00013526258	0.0012099089	0.00071204384	0.0019088245	4.974925e-05	0.00049939746	0.0010595163	0.00047477667	0.00026275663	0.00024946075	0.0016964806	0.00029070466	0.0034321016	0.0028626607	0.0009635474	0.0043385886	0.0013023565	0.0006911508	0.005289012	-20.284788131713867
s03e18a	520.0	5.0	0.8500356	0.8500356	0.0077256807	0.0027211327	5.3440443e-05	0.00049518514	0.0014495958	0.00070272764	0.0024471288	0.0017041195	0.00013606437	4.0950035e-05	0.005221527	0.027192097	0.00037429787	0.00010883483	0.00026427084	7.259912e-05	0.00035282873	0.0009730987	0.0032035126	0.0030727203	0.0009991651	0.0008160629	0.00017161	0.0008653953	0.022568764	0.002103561	0.000850018	0.00023408627	0.00025683205	0.00027702234	0.0013850908	6.640367e-05	0.00020591	0.0012421618	0.00032687176	0.00024814988	0.00014881378	7.8239624e-05	9.554029e-05	0.00014881378	0.007455808	0.0016282869	0.006225911	2.7728795e-05	0.00016549283	0.00017678321	0.0009964516	0.004553779	0.00096423435	0.56356066	0.00013410751	0.13452028	0.0011227588	0.00032168333	0.00029925178	0.0007447862	0.0010526798	0.00037408224	0.00012317944	0.00022311855	0.0029785167	0.0030130597	0.0021978167	0.25150576	0.001164773	0.0027596452	0.0028122717	0.000290457	0.25150576	-24.214303970336918
s03e18a	525.0	5.0	0.82132906	0.82132906	0.037608046	0.002442277	0.00065430516	0.0008284477	0.001519988	0.0022744471	0.0032480748	0.0020505055	0.0018351575	0.00040212474	0.0039815702	0.010026777	0.0016497533	0.00031135438	0.0031443692	0.00018331764	0.0006495434	0.0020166642	0.005719762	0.0032490876	0.0012905052	0.008130583	0.0031941952	0.008130583	0.034649465	0.009766946	0.0043216255	0.0011766282	0.0005621963	0.0016974274	0.0026583981	0.00042179055	0.00021255552	0.005172857	0.00087162806	0.0023550314	0.0023014871	0.00034075632	0.0004224805	0.0023014871	0.0036292784	0.0027064055	0.002846536	0.00016749439	0.0006367787	0.00083223206	0.0006908502	0.0016371493	0.0010382689	0.011360274	0.0008004447	0.008624259	0.0009947077	0.020360872	0.000436547	0.004691055	0.0005652937	0.0011245378	0.0017082877	0.00029307036	0.020559376	0.0034600939	0.0011535925	0.0016471501	0.0010228559	0.007073497	0.0028996111	0.0008950957	0.03902991	-22.359249114990234
s03e18a	530.0	5.0	0.94739354	0.94739354	0.029382985	0.0023506796	0.0015949415	0.00060502876	0.09515868	0.0014513265	0.0022762192	0.000554272	0.00057820417	0.00023568775	0.029700425	0.001498784	0.0019429141	0.0003884605	0.0010485422	0.0021843745	0.00014577205	0.0006866343	0.23217078	0.0010278441	0.0010016618	0.0013052404	0.00036552834	0.0032649236	0.036917426	0.009202267	0.009202267	0.0009895581	0.00025562008	0.00087502855	0.0012787861	0.00015610883	0.00031254787	0.0011880209	0.0006657144	0.00032516787	0.0009923611	0.0002463505	0.00011961819	0.0009923611	0.0035506645	0.0026876326	0.0036186015	9.306922e-05	0.00015314156	0.00020245714	0.0007066715	0.0004066458	0.0022486248	0.0054680244	0.00047364773	0.0011114638	0.0014459767	0.026452571	0.00032747939	0.0016847502	0.0012950833	0.0024585824	0.0007620292	0.0002266519	0.006932415	0.006841169	0.00032774266	0.00056197186	0.001107779	0.0028271365	0.0005856876	0.00014272089	0.013976092	-21.84070587158203
s03e18a	535.0	5.0	0.74940324	0.74940324	0.008088652	0.004065739	0.0003958819	0.004703238	0.004332382	0.0003306608	0.0065741506	0.003131516	0.00086113694	0.00023604374	0.0011572802	0.007467737	0.0008061758	0.00021903818	0.0027976658	0.0002708376	0.017713204	0.02274887	0.0017824253	0.0010212405	0.00012914804	0.0022146683	0.0006726191	0.0022146683	0.48646396	0.01368649	0.0017227944	0.0010290429	0.0001909739	0.0012365334	0.004688511	0.00026287438	0.0018613259	0.0026182588	0.00031112117	0.0026182588	0.0013092589	0.00047388911	0.0003660566	0.0013092589	0.0051859845	0.0010299325	0.0092052985	0.00033210617	0.00047812882	0.00037458414	0.00055872725	0.0010095922	0.0012688	0.023347637	0.00048662865	0.0047414517	0.0017911615	0.0015727527	0.0027273654	0.000118351556	0.000786327	0.0009800629	0.0006410185	0.00016127246	0.00060363	0.0024979776	0.0013326583	0.0015991111	0.0010915014	0.0060866973	0.011836054	6.5307824e-05	0.03132398	-19.883729934692383
s03e18a	540.0	5.0	0.5999403	0.5999403	0.0010424734	0.061983272	0.00048941653	0.0012793794	0.0036652896	0.0003270036	0.0035636942	0.029389732	0.00049443945	0.00013523601	0.00204047	0.0054414165	0.0016052336	0.00016770502	0.0012480696	0.00076173333	0.00016215694	0.0006712896	0.020984886	0.0187032	0.0018814516	0.0034744146	0.00093469716	0.0051887208	0.04875066	0.0039807535	0.0011659409	0.0012905692	0.0009486764	0.0008373429	0.0031877782	0.000549619	0.00066957885	0.002116642	0.002116642	0.0016676774	0.0010325286	0.00086201035	0.00080336595	0.0010325286	0.0011975226	0.005304254	0.0067239064	0.00013638637	0.00025838232	0.0009205706	0.0027848366	0.0011551413	0.0029124054	0.07381895	0.0014444243	0.015652932	0.0035128552	0.0016814634	0.005282276	0.0052344427	0.0008502736	0.0012451861	0.001312827	0.00018593762	0.012256679	0.00078110147	0.0007343863	0.03698017	0.00063093187	0.005172906	0.001508234	0.00017373553	0.0659955	-21.201534271240234
s03e18a	545.0	5.0	0.86848605	0.86848605	0.028111646	0.2832668	0.0008323232	0.0008193288	0.0020982109	0.0030810782	0.0029745884	0.012195753	0.00046223597	0.00022443093	0.00090815645	0.002765412	0.0012643303	0.00019834432	0.0013597698	0.0005183781	0.00021578578	0.0008298449	0.0048678285	0.0027907994	0.00082031265	0.0029201282	0.0025309029	0.0029201282	0.03903976	0.0044418173	0.0013827342	0.0011314821	0.00061496906	0.00091795786	0.0014327836	0.00093069597	0.00030504254	0.011781984	0.0018409191	0.011781984	0.0038625363	0.0016336023	0.0024028153	0.0038625363	0.0012815661	0.004375256	0.0030004065	0.0001242923	0.00018774066	0.00063398766	0.0010760122	0.00093069597	0.00090440107	0.0011201677	0.0008502934	0.0023095554	0.00047536808	0.0034085405	0.0006369605	0.023503209	0.00013282226	0.0006412055	0.0031501662	0.00015174033	0.0067615034	0.0010491448	0.0004924926	0.00023273364	0.00081928703	0.008034849	0.0019976213	0.00067845907	0.0067615034	-23.201866149902344
s03e18a	550.0	5.0	0.9178441	0.9178441	0.04999085	0.27327746	0.0020708602	0.0021732717	0.17434233	0.023433123	0.0030171734	0.015376997	0.0006555567	0.00038458107	0.05117175	0.0052409195	0.0024426454	0.0014991886	0.001504907	0.0017912536	0.0013922745	0.009115717	0.004010949	0.0012009392	0.004010949	0.0009492154	0.00059769786	0.0009492154	0.033000294	0.003110698	0.0009747359	0.0006247423	0.00014653745	0.00045943182	0.0012252207	0.00013472376	0.00020351584	0.0026079277	0.0010322965	0.0009536953	0.0013380088	0.0011622056	0.0002553765	0.0013380088	0.00075180765	0.0017389776	0.0035683552	0.00019132766	0.00032959168	0.000661017	0.0020969892	0.0010183806	0.0008827396	0.0063277613	0.0006326275	0.0033121298	0.00040508577	0.0036018603	0.0018439192	0.024144873	0.00054249226	0.00067033165	0.00027653703	0.00032447546	0.00092732266	0.0012075647	0.0010489639	0.0017483731	0.0012865535	0.012174466	0.0027465716	0.00022844372	0.0061745928	-24.38285446166992
s03e18a	555.0	5.0	0.7530236	0.7530236	0.018950965	0.0015461677	0.00017541843	0.0040475163	0.0032232471	0.0005080645	0.0015662728	0.0014146139	0.0011067283	0.00013860586	0.0024438342	0.026855154	0.00013935249	0.0002343176	0.0006768716	0.0006487061	0.01042605	0.031437397	0.005069742	0.0015485192	0.0009052861	0.0024509649	0.00070200744	0.0024509649	0.0551961	0.005950217	0.0020184931	0.00071205775	0.00017937807	0.00040983188	0.008520269	0.00033964743	0.00043400988	0.005632874	0.005632874	0.001798571	0.0010340031	0.0041637802	0.0024831812	0.0042171455	0.004515765	0.010761842	0.016279928	0.002845402	0.0013791654	0.00039012177	0.04673666	0.002455024	0.0026328708	0.36497176	0.00017331658	0.004117906	0.0025902179	0.00052348996	0.0005664272	0.0001236135	0.00045796004	0.0010965227	0.00069157477	0.00057403446	0.0028051706	0.0065400954	0.07027144	0.06324541	0.007572266	0.002577033	0.001278439	0.0007860805	0.07027144	-20.753381729125977
s03e18a	560.0	5.0	0.79665905	0.79665905	0.02411198	0.0017246258	0.00015581498	0.0032132159	0.1222812	0.0004037661	0.004779167	0.0014421351	0.00053271704	8.949575e-05	0.0011216108	0.010983803	0.004109084	0.0007671349	0.0032504254	0.00017243307	0.0038963917	0.04134363	0.0050376547	0.0050376547	0.0005888565	0.0022208833	0.0006399073	0.0022208833	0.034940347	0.01545636	0.009085471	0.0024253018	0.0010338854	0.0023739983	0.0041833683	0.00027445154	0.00028085316	0.0011506387	0.0011506387	0.000639444	0.002216724	0.0011374718	0.00025960733	0.002216724	0.0012134683	0.008948779	0.011387206	0.00041602406	0.000313142	0.0002555119	0.0036994077	0.0022193643	0.016711332	0.03349279	0.00039136197	0.006995933	0.00064577913	0.0007236345	0.00024349552	0.0005739026	0.0020175176	0.00080855197	0.00032707438	9.464295e-05	0.004434317	0.0022212912	0.0005111025	0.0042166673	0.0007886912	0.003379873	0.009911559	0.0007023882	0.019657189	-23.37851333618164
s03e18a	565.0	5.0	0.84899837	0.84899837	0.012572724	0.08914827	0.0017355697	0.0014986299	0.0066810655	0.00161817	0.0024074193	0.037474893	0.00063550344	0.00045330494	0.0028158848	0.005443551	0.004336432	0.000253553	0.0014778022	0.00015716343	0.0005951852	0.012057301	0.010085329	0.0074286857	0.0023078793	0.018229932	0.0068769255	0.018229932	0.0462315	0.0037873588	0.0007470463	0.0011566079	0.00075659214	0.0011657708	0.0015005606	0.00050666224	0.00027161906	0.022263926	0.001835397	0.020105073	0.010920622	0.0017121531	0.0017874618	0.010920622	0.0056069144	0.0047596614	0.006099863	0.0005565502	0.0006032188	0.0008291261	0.002678139	0.0039605205	0.00076051155	0.007448147	0.0020064102	0.0024377855	0.0010637753	0.0025558562	0.00095120753	0.025616676	0.00094778923	0.0010898059	0.008157618	0.00027336803	0.0076960474	0.0006027751	0.00071907195	0.0009707133	0.0009684353	0.011900233	0.0015273846	0.00079227256	0.0076960474	-22.774438858032227
s03e18a	570.0	5.0	0.7668735	0.7668735	0.014111085	0.05540491	0.0015143818	0.0005277485	0.0040895473	0.0014589409	0.002710269	0.004442382	0.0026702208	0.0005638301	0.012462164	0.002400592	0.0012704906	0.0003906419	0.0029490509	0.0004559463	0.0002778799	0.0012468332	0.007184599	0.007184599	0.0016779149	0.0061685564	0.0016219675	0.0061685564	0.053859293	0.011218836	0.0038743196	0.0010523986	0.001228301	0.0013623156	0.0049722567	0.00051747414	0.0005582176	0.0012718162	0.0005353382	0.0008372746	0.0009903272	0.0002948812	0.00022256208	0.0009903272	0.0008393803	0.0022003318	0.0012500642	8.636415e-05	0.0002311064	0.001006377	0.0008924719	0.0004318523	0.0006391655	0.0016586247	0.0006639482	0.0050103315	0.003565259	0.019799564	0.00075930107	0.019754805	0.0002840786	0.0013107948	0.006009096	0.00017545858	0.010699858	0.0015818531	0.00038650807	0.0023132875	0.0015909518	0.004008267	0.0019787333	0.0002985832	0.121764995	-20.759910583496094
s03e18a	575.0	5.0	0.4051405	0.4051405	0.04803397	0.0032928556	0.0014194902	0.007298593	0.3506032	0.00045057194	0.0014399044	0.009777383	0.0005295736	0.000788678	0.0013414609	0.017816067	0.001239871	0.00069606473	0.0074348547	0.00039621207	0.06908802	0.06821658	0.0058243866	0.0058243866	0.0010426695	0.2588862	0.117468156	0.2588862	0.032116074	0.017252065	0.005192291	0.0019131437	0.0007207714	0.0015003663	0.0048843627	0.0004193076	0.00043538396	0.0006789921	0.00048282882	0.0006789921	0.0012451683	0.000782041	0.00018836034	0.0012451683	0.000577989	0.0008318598	0.0013677902	0.0006677738	0.00035302504	0.0007310343	0.0069114002	0.00040850375	0.00028467886	0.0022435286	0.0003340218	0.00083757506	0.000535646	0.00035091132	0.00017615124	0.0003865206	0.00028814867	0.0015905587	0.0006695004	0.0007577351	0.0019799108	0.0019009146	0.00032690354	0.0011945935	0.00027649803	0.0017775487	0.0008249686	6.5824206e-05	0.0019799108	-20.210304260253903
s03e18a	580.0	5.0	0.86688125	0.86688125	0.035538122	0.043353528	0.0012194274	0.00310428	0.23773557	0.0017382081	0.0015866872	0.007842439	0.0002563892	0.00040357388	0.0074268575	0.009570137	0.01001497	0.0036252972	0.0042433073	0.0003303618	0.0016580605	0.021604465	0.005689933	0.005689933	0.0011079684	0.0049882825	0.0015737826	0.005239381	0.022617772	0.0062399847	0.0032421967	0.0013032263	0.0005887853	0.0013919339	0.00264161	0.00056972407	0.00027871277	0.0037650953	0.0019454391	0.002734006	0.0043221614	0.0017919622	0.0005000979	0.0043221614	0.0018825908	0.0042171697	0.0039192573	0.00044001147	0.00074735715	0.0005328689	0.0018288698	0.0034615642	0.0013957674	0.007480924	0.0002576215	0.0032791544	0.001273432	0.0019549886	0.0003769209	0.038550355	0.0038005367	0.00095112005	0.0015250681	0.00054213044	0.0031887493	0.0016126758	0.00064460275	0.004429726	0.0015902263	0.009198543	0.0074668145	0.00035228828	0.0074668145	-26.898197174072266
s03e18a	585.0	5.0	0.76092046	0.76092046	0.0017245789	0.21819776	0.001391242	0.00034448353	0.00067721814	0.0021948426	0.013912639	0.15000392	0.0004385969	0.000119543394	0.0012925232	0.0034463773	0.0013946287	0.00027546787	0.005871007	0.00047876048	0.0003528627	0.0005506738	0.010542896	0.010542896	0.0036018551	0.004859506	0.0025642784	0.004859506	0.033658173	0.0038393438	0.0009710898	0.00076815864	0.0004184557	0.00053394574	0.0011171317	0.0011633531	0.0004155514	0.0034847008	0.00086696015	0.0034847008	0.0010393204	0.00039055565	0.0008154997	0.0010393204	0.0017716627	0.0020947752	0.013741869	0.00036478057	0.00040493868	0.0006731979	0.0018163095	0.0012811352	0.0015634849	0.00062338146	0.00066641514	0.000891997	0.00040041484	0.0019393788	0.0006074489	0.010214029	0.000190207	0.0004286785	0.00080723665	0.00020596616	0.0024688742	0.0002502335	0.0003651292	0.00033080362	0.00061545544	0.0065747923	0.0005938242	0.00056206615	0.007043883	-21.444425582885746
s03e18a	590.0	5.0	0.9219517	0.9219517	0.083173014	0.22335096	0.00030537482	0.00035557162	0.0035991697	0.003837431	0.0016472097	0.0038015891	0.0008342878	0.0009987558	0.014331122	0.0021282337	0.0019181216	0.0004006554	0.00041939953	0.00038170998	0.00026972234	0.0019189178	0.0028870006	0.0028870006	0.0006485049	0.0014082219	0.00053133717	0.00223371	0.023064302	0.00459841	0.0011728276	0.00084488787	0.00045798885	0.0006426108	0.0020702996	0.00032494104	0.00014821929	0.0018979902	0.00039936614	0.0015338382	0.0004170211	0.00018340924	0.00026730384	0.0004170211	0.001061579	0.0011820733	0.0016483589	7.073796e-05	0.00019475797	0.00037740488	0.0005063564	0.00036343187	0.0008435646	0.0011728917	0.00021565826	0.0017009085	0.00041455455	0.007293841	0.0006360627	0.026696716	0.0004998158	0.00043953635	0.0034957344	0.00026728117	0.0028124123	0.001017453	0.00018667945	0.00040922695	0.00065792166	0.0056150393	0.0008340759	0.00013783773	0.010121718	-24.64563369750977
s03e18a	595.0	5.0	0.74740636	0.74740636	0.0019128998	0.012658244	0.0005677176	0.0006170445	0.00058912375	0.00053673814	0.00096043845	0.0040660864	0.00019553352	0.00034540135	0.001330351	0.007948786	0.028845768	4.7892918e-05	0.0007911583	9.277787e-05	0.0003200367	0.00031075565	0.0059293658	0.0054252734	0.0011292837	0.0035277691	0.0015063658	0.0035277691	0.021421123	0.0033071497	0.00095090934	0.00057229394	0.0003306353	0.00070897816	0.00081263995	0.00023695202	0.00028717643	0.0029426978	0.00034454526	0.0014008917	0.001179765	0.00013186934	0.00016464794	0.001179765	0.011606111	0.000892664	0.0005299256	5.1623992e-05	0.00021230012	0.000333159	0.00066500256	0.0015886712	0.00038056655	0.0013058218	0.0005600821	0.0011297873	0.020239957	0.0019564675	0.0008668226	0.012846388	0.0009508754	0.0006324005	0.0014757252	0.00015806999	0.0013107737	0.0024430556	0.00055480713	0.000601965	0.0029485098	0.07706754	0.0049315486	0.0002443516	0.08481857	-25.25739479064941
s03e18a	600.0	5.0	0.87315285	0.87315285	0.004156708	0.0010573585	0.00016130692	0.00031511497	0.0003392672	0.0001348883	0.0018417923	0.0108971605	0.00019598466	7.0990965e-05	0.0008129606	0.017305259	0.004988218	0.00029951066	0.0014400458	0.00010759942	0.00041403656	0.00037806155	0.0026074105	0.0026074105	0.0009843863	0.0020126107	0.0004610775	0.0020126107	0.018724151	0.00161102	0.0008365533	0.00029930516	0.00028484664	0.0005788297	0.001099177	5.7314744e-05	0.00017916612	0.0022538945	0.00044390935	0.00028613326	0.00063473795	0.00024215385	0.00013098994	0.00063473795	0.063354574	0.0009172641	0.002035673	7.9013465e-05	0.00023493728	0.00014979726	0.00055902026	0.001176803	0.0006389323	0.01073807	0.0016082658	0.008878586	0.0008918942	0.0011911336	0.00025407452	0.0024825423	0.0004967741	0.00065175624	0.0021052135	0.00030514173	0.0015553671	0.0024158957	0.0037997894	0.0044755894	0.0014454424	0.011950058	0.0042868685	0.0008001343	0.3183435	-29.606185913085938
s03e18a	605.0	5.0	0.7012555	0.7012555	0.0011717499	0.0018753454	0.0016532438	0.0011872347	0.0031862282	0.006699559	0.0014854245	0.011262505	0.0006557413	2.4100656e-05	0.0058501437	0.03666167	0.018820815	0.00033697142	0.0023724074	0.0001675142	0.00032788987	0.0010120359	0.10960952	0.10960952	0.0020267265	0.0027796132	0.0008249273	0.0037545327	0.025891896	0.0037153738	0.0006248048	0.00045386987	0.00025109437	0.00048725668	0.0011536826	0.00015903241	0.00024638526	0.00341232	0.0009102494	0.0023892305	0.0006346983	0.0001564283	0.00016353923	0.0006346983	0.06015751	0.00034421007	0.0006997025	0.00021896887	0.00019521907	0.00030423657	0.0006984999	0.0072183567	0.00024247593	0.0013303326	0.00029635156	0.00046310682	0.0014167554	0.0007673981	0.00046321139	0.0006934326	0.00018780798	0.00038459848	0.00014785524	6.017668e-05	0.00047653203	0.0010347901	0.00042089325	0.0020466822	0.0021277799	0.006433212	0.001138361	0.00031116416	0.18697448	-30.972023010253903
s03e18a	610.0	5.0	0.8790698	0.8790698	0.047853533	0.027111568	0.0004176055	0.0029011972	0.22815596	0.0061582983	0.0034090946	0.0022983646	0.00083627435	0.0021106205	0.06838754	0.0018399479	0.0026787503	0.0037053723	0.0014694498	0.00023217025	0.004117509	0.00784245	0.0044303797	0.0044303797	0.0014730449	0.0034511646	0.0013623	0.0034511646	0.027962575	0.010033187	0.004539328	0.0011725461	0.00042827887	0.0011226133	0.0020916774	0.00023760197	0.00022064339	0.0019343917	0.001639258	0.0019343917	0.0066112736	0.0027818612	0.00045293735	0.0066112736	0.00060472323	0.0044370834	0.009381966	0.0009470518	0.0013574427	0.00090023264	0.004594884	0.0010504654	0.0019848372	0.0050695855	0.00030341567	0.0009969732	0.0005577256	0.0033670045	0.00031753906	0.010396622	0.0010266849	0.0022750553	0.0010995583	0.0008706407	0.0019419038	0.001398515	0.00054471276	0.0026797517	0.00112493	0.0033737654	0.0010029285	0.00054616923	0.0034615805	-21.39683723449707
s03e18a	615.0	5.0	0.85042125	0.85042125	0.025732284	0.026711937	0.0006864131	0.0031593135	0.36314324	0.0007565223	0.001633498	0.011804245	9.0715155e-05	0.00035635402	0.0033807294	0.00094481354	0.0023458537	0.004069629	0.0024730715	0.00032121106	0.0060173557	0.016661718	0.009800715	0.009800715	0.0017429016	0.0037422066	0.0006758567	0.0037422066	0.03760584	0.0077115763	0.004087571	0.0010091402	0.00036668882	0.0011282256	0.0015931074	0.00033813607	0.00029368038	0.0005689028	0.0002602626	0.00052355503	0.0026626077	0.00044977246	9.6391705e-05	0.0026626077	0.00022158977	0.0005481521	0.0013797836	0.00024665674	0.00028920633	0.000361744	0.002458826	0.0004543965	0.0011938916	0.0025918002	0.0001960912	0.0006942125	0.0005004308	0.0014852957	0.0006373713	0.0008859323	0.00043148073	0.00057833036	0.00031292596	0.0003366176	0.0013449981	0.0004914768	0.0003673249	0.0021943466	0.00044149463	0.0028655205	0.0016467941	7.961255e-05	0.004453034	-22.30334854125977
s03e18a	620.0	5.0	0.85335475	0.85335475	0.023581177	0.23659356	0.00037131517	0.0051555396	0.0052570333	0.006824546	0.008679957	0.011819585	0.00070110086	0.00053157326	0.0044778995	0.0037808768	0.00089005794	0.00022838645	0.0013052343	0.0013132078	0.00045434106	0.0017870995	0.005270918	0.003419215	0.00082062895	0.0025581087	0.0011270033	0.0029963793	0.10616165	0.011692139	0.0038146225	0.0017722598	0.001064734	0.0015083798	0.0055798884	0.001083196	0.0012679495	0.0023340497	0.00079916883	0.0014501149	0.0012441712	0.0006582315	0.00044819765	0.0012441712	0.0008043373	0.0022562859	0.0028612807	0.00011798365	0.00015978771	0.00078496366	0.001154236	0.001083196	0.0012143066	0.0019383397	0.0015705962	0.002875395	0.0011898329	0.009683085	0.00122503	0.009734238	0.0007229462	0.0020462165	0.0037128632	0.0001943812	0.00491265	0.00087230274	0.0003635218	0.00062776846	0.00087997626	0.0059999605	0.0033746632	0.00068497803	0.0064416784	-20.55803680419922
s03e18a	625.0	5.0	0.84395134	0.84395134	0.06646893	0.089228794	0.00043987436	0.008448834	0.16747847	0.0022851774	0.003408586	0.004485769	0.00069207954	0.000701428	0.0017521532	0.0011641202	0.0026274743	0.0009232254	0.007610986	0.0005045326	0.041967224	0.02551607	0.027590547	0.027590547	0.00074959145	0.0022165247	0.0003626677	0.0022165247	0.020719523	0.005764828	0.0027340283	0.0010150007	0.00022029568	0.0006262187	0.0024714957	0.0003241474	0.0002753408	0.0006035808	0.00015311557	0.0002691174	0.00073257	0.0002522216	6.0642844e-05	0.00073257	0.0004904393	0.00039524105	0.0013774439	0.00025855014	0.0005063093	0.0009842344	0.0014498761	0.00048596255	0.00049762	0.003696251	0.0020579875	0.0008955534	0.00042193133	0.0017082877	0.0024040479	0.031166572	0.0001948657	0.0010899875	0.00059175066	0.0003109803	0.0013270545	0.001649498	0.0001603347	0.0011904003	0.0014895202	0.0031619547	0.009292959	0.00019264476	0.009292959	-19.83904838562012
s03e18a	630.0	5.0	0.8527295	0.8527295	0.010899043	0.075316355	0.0007743923	0.0022684713	0.12045342	0.0018807066	0.0018061814	0.013058156	0.0005597336	0.0005036156	0.0025939876	0.00435649	0.003253668	0.0014311315	0.0019266944	0.00043014236	0.0053258915	0.01566123	0.014989987	0.0061661126	0.0012346555	0.005666315	0.0011736494	0.005666315	0.05825586	0.0048771207	0.0014656654	0.000865953	0.0004937514	0.00093967037	0.0027928676	0.0005265009	0.00048017458	0.0020389538	0.0012797718	0.0020389538	0.006622497	0.0016593521	0.0003538939	0.006622497	0.0008135984	0.007902954	0.0049260245	0.0004798012	0.0014685504	0.0013759413	0.0046007964	0.0016162536	0.0026242225	0.008242472	0.0011231194	0.0054214075	0.0015507031	0.0038833695	0.0018120713	0.0061634984	0.0009510684	0.002045138	0.000959939	0.0002981261	0.003590442	0.0010155645	0.00045869118	0.001433466	0.0011293052	0.014913324	0.009134653	0.00035921522	0.009257826	-21.427345275878903
s03e18a	635.0	5.0	0.901642	0.901642	0.030493658	0.11410446	0.0006500822	0.003659537	0.15834697	0.0037683053	0.004912482	0.016857158	0.0047165533	0.00055069063	0.007997764	0.0028847463	0.005784364	0.0048375614	0.0025838262	0.0002930103	0.0026784546	0.033041768	0.063390136	0.063390136	0.00088498567	0.0023085668	0.0013718904	0.0023085668	0.036110587	0.0046709273	0.0022826619	0.0006649433	0.0002291608	0.00063758425	0.00079723384	0.0004119818	0.00034004528	0.00072406215	0.00021104336	0.0006058935	0.0007682816	0.00023948446	0.00016899838	0.0007682816	0.00056515983	0.0007278645	0.0022098855	0.0002734353	0.00028628687	0.00055403827	0.0015084789	0.0013007722	0.0005990541	0.009237838	0.0017361391	0.0031940965	0.00049208547	0.0037353102	0.0006456142	0.0088816	0.00022973704	0.0008217812	0.0012620486	0.000103877785	0.0014379217	0.00047532484	0.00057958823	0.003819542	0.0015695035	0.0018165074	0.005503545	0.00019575923	0.005503545	-22.376510620117188
s03e18a	640.0	5.0	0.8494016	0.8494016	0.011961177	0.09959922	0.00026726408	0.0012454155	0.053851087	0.0035951072	0.0018389436	0.011550743	0.0009284986	0.0005563556	0.007223474	0.0018497524	0.0007905983	0.0010972322	0.00045011044	0.00091213174	0.003827766	0.017905636	0.004934737	0.002351467	0.001485994	0.00083702494	0.0007207542	0.0012598598	0.07815395	0.0027958173	0.000547002	0.0007036626	0.00024144932	0.00061360875	0.0008505661	0.00025145925	0.00021130027	0.001701417	0.00053408573	0.001701417	0.003475394	0.001197225	0.00040401463	0.003475394	0.0010433075	0.0018839048	0.010526926	0.0017531066	0.0006195466	0.001953531	0.0037404685	0.00072235434	0.001392683	0.0025872851	0.00026715378	0.0004147516	0.00032511703	0.0040144324	0.00093848706	0.0023606678	0.00024542282	0.001360551	0.00039528625	0.00020279545	0.0006204173	0.00026655794	0.00083855813	0.0013767056	0.0012016904	0.0053138533	0.0007015681	0.00029205618	0.008255834	-21.81461524963379
s03e18a	645.0	5.0	0.86321807	0.86321807	0.025069408	0.15647002	0.0005084368	0.0039369157	0.12636237	0.0047023566	0.0048542977	0.0058612693	0.003787877	0.0006473455	0.006565011	0.0026517678	0.0027542675	0.0016381168	0.0018169647	0.00031883284	0.0020892802	0.036151815	0.027986726	0.027986726	0.0007015641	0.0005155752	0.0003564714	0.00071058806	0.039372504	0.007592805	0.0026691773	0.0026699302	0.0003274294	0.0018037125	0.0022949402	0.0003253009	0.00032453175	0.00187471	0.00069264596	0.00187471	0.0005051864	0.0006687361	0.0011277647	0.00067748025	0.0007963926	0.0011528488	0.0037445077	0.0005800458	0.00073857774	0.0013330805	0.0018904652	0.0006471167	0.0013812082	0.0054248124	0.0011118625	0.0012419441	0.0005833713	0.0035056218	0.00063474313	0.019153567	0.00065213966	0.0011501061	0.0008498058	0.00031491407	0.0013036956	0.00047855175	0.0013759074	0.002274234	0.0034290156	0.0024205581	0.004802053	0.0005252393	0.004802053	-22.566850662231445
s03e18a	650.0	5.0	0.28135645	0.28135645	0.009227858	0.0046685426	0.00021801743	0.005717877	0.08629465	0.001028016	0.0030034776	0.08812105	8.217298e-05	0.0004864455	0.0016039128	0.016574327	0.0013347167	0.0010877335	0.008172555	0.0012953497	0.13062131	0.18273316	0.0077743097	0.0030733647	0.00080117956	0.017387588	0.0043095574	0.017387588	0.050800163	0.016599061	0.004861688	0.002260331	0.0011208385	0.0026971572	0.00379327	0.00073206756	0.0005938431	0.0011843059	0.0011843059	0.00068680407	0.0015213435	0.0007901615	0.0002281825	0.0015213435	0.0009665908	0.0032085353	0.0036861645	0.00052251015	0.0005926187	0.0023626024	0.006298736	0.0016631442	0.0014662698	0.0027672602	8.3371924e-05	0.0012897458	0.0011522861	0.00032709746	5.6953188e-05	0.00051261566	0.0005840412	0.0016242339	0.00026126552	0.00031105088	0.002239897	0.00024228712	0.0010025329	0.0028905182	0.00050466775	0.0028622523	0.0002449095	0.00013924489	0.0028905182	-18.81133460998535
s03e18a	655.0	5.0	0.4553151	0.4553151	0.032484893	0.010702105	0.0002777144	0.0057478887	0.19317526	0.00056319014	0.0025565615	0.013442937	0.000119658696	0.00046607305	0.0011100443	0.018375536	0.0007809318	0.0007087654	0.013092596	0.00030650626	0.090901606	0.21548623	0.0063554076	0.0063554076	0.00228476	0.022415334	0.0027078344	0.022415334	0.060516167	0.019603506	0.006597902	0.002716491	0.001115757	0.0026734308	0.008249741	0.0013124289	0.0006170736	0.001021153	0.001021153	0.00031576637	0.0010922067	0.0009996307	0.00020519464	0.0010922067	0.00057199923	0.003780383	0.0019051778	0.00064719067	0.00046880823	0.0011491315	0.019898811	0.0009074022	0.0010619325	0.0057970136	0.000218246	0.0005125377	0.0010690276	0.0010475707	0.00013980674	0.00026728347	0.00041697815	0.00081845286	0.0009968042	0.00060566026	0.002172393	0.00053180894	0.0006911386	0.0010856858	0.0004638685	0.0014565795	0.0036472257	0.00024824453	0.0050645736	-22.704620361328125
s03e18a	660.0	5.0	0.81428903	0.81428903	0.09826759	0.020560589	0.00029838516	0.0030969386	0.3623744	0.001498199	0.0015486298	0.0019586438	0.0004262304	0.0005132628	0.0036426624	0.0041017225	0.002765187	0.0014952209	0.0021003664	0.000692742	0.008070416	0.14147703	0.0039492766	0.0021928072	0.0027042287	0.0014992238	0.00053402514	0.0014992238	0.019898864	0.003981773	0.0021764506	0.00050656445	0.0002501951	0.00063278904	0.0018313219	0.0002884645	0.00019361188	0.0008476586	0.0008476586	0.0005844794	0.0030128218	0.0019159218	0.00019565494	0.0030128218	0.00048612145	0.0035370588	0.0034753063	0.0008415952	0.0002791806	0.0006733278	0.0037357628	0.00092335395	0.0015188863	0.0038843711	9.197363e-05	0.00048822438	0.0006070108	0.0016531966	0.00032029857	0.0019203924	0.00039204684	0.0007443456	0.00038782114	0.00027504642	0.0014214274	0.0005461151	0.00059939385	0.0026511727	0.0010748386	0.0021461034	0.00265442	0.00014197855	0.0070854435	-22.22900390625
s03e18a	665.0	5.0	0.8738017	0.8738017	0.08751948	0.021558799	0.00020137517	0.00034547513	0.0012307175	0.00048262082	0.00094327045	0.0010389033	0.0005952618	0.0001776406	0.0040630386	0.0040032146	0.0015276028	0.00027325103	0.00056060706	0.0007377593	0.0002696228	0.0010489757	0.0031191292	0.0031191292	0.0010215441	0.0027460651	0.0017509792	0.0027460651	0.020059291	0.0059013036	0.002535263	0.00072682684	0.00038829554	0.00081630785	0.0015529963	0.000515055	0.00015253457	0.0058067725	0.0017100037	0.0034949286	0.0015145584	0.00088944886	0.00080853654	0.0015145584	0.00247371	0.0048001143	0.0037304282	0.00014525285	0.00015301078	0.0004385229	0.0016299031	0.0014968015	0.0016141598	0.0039237123	0.00023287682	0.0029678785	0.00084545487	0.0059249243	0.00058415195	0.012554783	0.0005003359	0.00062339514	0.00261224	0.0002373907	0.011013098	0.002051089	0.00055092	0.00072812673	0.00095008936	0.0066465945	0.0008230057	0.00020558534	0.026254848	-22.693378448486328
s03e18a	670.0	5.0	0.94238067	0.94238067	0.20249361	0.023749208	0.0008126307	0.0012079271	0.0033778625	0.0017925176	0.0019307872	0.0020838154	0.00018503898	0.00035111158	0.0086931	0.0027905924	0.0016138832	0.0001609078	0.00046059952	0.0001817039	0.0005574623	0.0039832667	0.0067137424	0.0030646026	0.001584913	0.0025237158	0.0011666102	0.005225695	0.011363418	0.003557252	0.002500243	0.00041523835	0.00010263648	0.00031424017	0.00060391426	0.00024759592	7.788782e-05	0.004897693	0.0005676535	0.0011899248	0.0007523825	0.00032049528	0.0002554605	0.0007523825	0.0014381421	0.0013425791	0.0015837589	0.00023354321	0.00017605486	0.0002983598	0.00052742765	0.0014091877	0.00046991667	0.0039337273	0.00019579228	0.00072350696	0.000450057	0.0018209596	0.00015512313	0.003693683	0.0008313056	0.00046130698	0.0021225307	0.00028690524	0.0021215938	0.002921585	0.00023472906	0.0002557483	0.00071731914	0.010375694	0.00084235735	0.00097112125	0.0035661976	-21.48088264465332
s03e18a	675.0	5.0	0.7371114	0.7371114	0.022324765	0.004334139	0.00041479527	0.002742187	0.19864202	0.000470773	0.001289057	0.0026320394	0.00015716178	0.0003810441	0.00084447174	0.0025572025	0.001082932	0.001865869	0.0016511738	0.00049569824	0.006168165	0.047810808	0.0039319694	0.0034122586	0.0039319694	0.012981416	0.001813363	0.012981416	0.053629354	0.010165757	0.004611345	0.0011080323	0.00053217984	0.0011575266	0.0037336762	0.0005451667	0.0004209677	0.0048292545	0.0048292545	0.0029313008	0.014630222	0.00951496	0.0014777627	0.014630222	0.0012333209	0.018418709	0.016331516	0.0042794864	0.001388093	0.0011053071	0.021490877	0.0022152797	0.007666455	0.0030025952	0.0001240458	0.0012339214	0.0021591976	0.00085105374	0.00035632463	0.0006674	0.00047747165	0.001817778	0.00022429271	0.0010461366	0.0012676066	0.00083033653	0.0025112866	0.005321892	0.0006011314	0.0061914055	0.001901044	0.00023724952	0.007917757	-19.711013793945312
s03e18a	680.0	5.0	0.58476526	0.58476526	0.011389444	0.003921767	0.00015978618	0.0019422892	0.0020382283	0.00025293924	0.0031447832	0.00059365726	6.129594e-05	0.00011738876	0.0005102409	0.003706742	0.00014558091	8.456594e-05	0.0013862256	6.7201676e-05	0.0023784926	0.007514986	0.0021211598	0.0004525701	0.0004954448	0.0019450948	0.0007077931	0.0019450948	0.010288058	0.005778638	0.0017515885	0.0008521857	0.00024709335	0.0007681433	0.0048430096	0.0004893818	0.00016308638	0.0004353275	0.0004353275	0.0001885102	0.0006723445	0.00021849232	8.026868e-05	0.0006723445	0.0029863364	0.002509196	0.0028762084	0.00020764617	0.00024523103	0.00023718234	0.00074759184	0.0016729014	0.0005566412	0.020633623	0.00013254659	0.010526538	0.028500233	0.0071054823	0.00034108525	0.00041931838	0.00054722495	0.00033392024	0.002312821	0.00019312568	0.0021100785	0.012508245	0.004973986	0.0047400096	0.0029200644	0.0108277295	0.0026737002	0.00041466815	0.1768339	-21.46539878845215
s03e18a	685.0	5.0	0.7757602	0.7757602	0.028000642	0.01149827	0.0007729477	0.005697068	0.0999353	0.001634394	0.0031163592	0.0010697204	0.00022075426	7.35712e-05	0.0012233747	0.0059622726	0.00066082645	0.00012035926	0.0031380397	0.0011819532	0.0059811347	0.023761543	0.015302358	0.0034204586	0.00022411764	0.0023284536	0.00041688237	0.0023284536	0.028748477	0.011192239	0.0070567187	0.0016895013	0.0007928549	0.0009369334	0.0038862946	0.00016553294	0.00029019598	0.00051686633	0.0004840952	0.00024334653	0.00052012695	0.00034880353	7.794354e-05	0.00052012695	0.00220683	0.0013924475	0.007358922	0.00032693005	0.00041542365	0.0010344007	0.0013250717	0.0010721934	0.0033648002	0.023253987	0.00014491501	0.0051078084	0.0013076706	0.0016644987	0.001038778	0.001333017	0.0008557041	0.0026613998	0.00024632277	8.29082e-05	0.005471786	0.0022325537	0.0005906451	0.0022253615	0.0006330705	0.005668427	0.008776309	0.00012088502	0.04349278	-20.871109008789062
s03e18a	690.0	5.0	0.8291203	0.8291203	0.030009456	0.004037993	0.0037062247	0.015976677	0.14132506	0.0061471546	0.004905792	0.0018492391	0.00043905957	0.00046270524	0.007900699	0.061567817	0.002486686	0.0009493546	0.00948174	0.0005834386	0.009546667	0.04074711	0.022424567	0.0070339213	0.0016000218	0.023982463	0.0070588705	0.023982463	0.046609286	0.011309989	0.007484416	0.0014466185	0.00044257485	0.0015014067	0.0077351867	0.0011165481	0.00061636005	0.0060886103	0.0047773574	0.00061600184	0.0036885992	0.0038157934	0.00040141962	0.0041442676	0.0014732581	0.025148487	0.011854825	0.00045859654	0.0012810786	0.00099632	0.0018642269	0.009164218	0.003452337	0.018101709	0.0011688275	0.003739724	0.0012844016	0.0019659034	0.0001249087	0.002607682	0.0013199087	0.0033637772	0.0005109783	0.00044847693	0.0019374487	0.0015611018	0.0047562695	0.06601477	0.006722072	0.00408086	0.011654048	0.03049169	0.06601477	-25.9639835357666
