episode_id	onset	duration	talking	speech	man_speaking	woman_speaking	baby	shout	laughter	cry	singing	kids	groan	whistling	breathing	walking	mouth_sounds	fart	hands	heartbeat	cheering	crowd	mammal	dog_bark	cat	rooster	duck	bird	music	musical_instrument	guitar	piano	organ	electronic_instrument	percussion	bell	ambient_music	weather	wind	rain	river	wave	thunder	river_sea	fire	boat	car	traffic	car_honk	emergency_vehicle	train	cycling	engine	door	doorbell	knock	dishes	radio_tv	dryer_vacuum	zipper	keys	alarm	telephone	whistle	mechanisms	tools	boom	bang	glass	water	beep	silence	sudden_noise	db
s02e19b	0.0	5.0	0.679006	0.679006	0.011964164	0.0035096533	0.00023192799	0.0077050985	0.010792816	0.0018634693	0.0049503483	0.008558893	0.0015051385	0.0009029227	0.0010079185	0.010959623	0.00039054092	0.0009316755	0.0027243516	0.002097558	0.03621536	0.044849467	0.02665143	0.001222698	0.0011528878	0.0011899123	0.0004128658	0.0024718354	0.0368059	0.0040424867	0.0018928366	0.0010067136	0.00046946827	0.00085392443	0.0024783858	0.00062657177	0.00029740276	0.013067734	0.013067734	0.011082727	0.027635017	0.018933043	0.0020096544	0.027635017	0.003971072	0.017607244	0.051836245	0.0069930353	0.0006055353	0.0009550019	0.011354678	0.0059225005	0.003398183	0.0022882551	7.284711e-05	0.0006383942	0.00028921684	0.00034801618	0.0004041766	0.0002259071	0.0003512013	0.0041459915	0.00036889315	0.0016024443	0.00085836306	0.00079062016	0.0011338438	0.0012816907	0.0009552777	0.016049948	0.00031098266	0.0008420335	0.02398162	-21.288469314575195
s02e19b	5.0	5.0	0.90291005	0.90291005	0.037017513	0.019586038	0.00012149982	0.004008035	0.055868436	0.0026608836	0.0025889198	0.0033401977	0.0005622178	0.00026153945	0.0007831734	0.0057947636	0.0026153105	0.0006072411	0.002283909	0.000539328	0.0059338757	0.033534583	0.018790575	0.018790575	0.0013188405	0.0010648917	0.0011190046	0.0018901016	0.14557528	0.010357555	0.003905549	0.0012665783	0.00059871306	0.0011460978	0.00140197	0.00082265754	0.0008086236	0.0021274458	0.0010621668	0.0021274458	0.015615286	0.0021518674	0.00045530443	0.015615286	0.00053651	0.013367557	0.013408364	0.0011261436	0.0046665445	0.00046998725	0.008049166	0.0030883	0.0017303671	0.0018682354	0.00052963593	0.0012129535	0.00044966955	0.0026149312	0.00012018735	0.0005612463	0.00067218527	0.0045707845	0.0009478696	0.0006480523	0.00134833	0.00022416744	0.0006272153	0.0038435864	0.0011935971	0.02231323	0.0015944366	0.00029473254	0.004015353	-20.30895233154297
s02e19b	10.0	5.0	0.03496593	0.03496593	0.0014249552	0.0011895938	0.00070577743	0.005228219	0.023357946	0.0014415056	0.022202512	0.0011923278	0.0011258546	0.00010652908	0.0010249893	0.0014090644	0.0013758707	0.00093250134	0.00091081864	0.0024651964	0.006059202	0.009544819	0.0074582854	0.001483389	0.0009603817	0.0012078615	0.0007731536	0.0012078615	0.7233337	0.20237945	0.18348801	0.0036797326	0.003275225	0.0022351576	0.055051208	0.00090890785	0.004273588	0.0015923339	0.0015923339	0.000860311	0.005584224	0.0075329645	0.0005120619	0.0075329645	0.00028207037	0.0086835185	0.018363155	0.0009270479	0.0011524579	0.0009331937	0.004007529	0.0013095338	0.001960231	0.002679437	0.0004134199	0.0004876479	0.00028726406	0.0013141129	0.0043404154	0.0009106537	0.00034062285	0.0013398681	0.00034509	0.00015640444	0.0007374908	0.0010914744	0.0011566266	0.0046200664	0.00074134197	0.0023418241	0.0021705148	0.0005005601	0.008571219	-20.419891357421875
s02e19b	15.0	5.0	0.3321141	0.3321141	0.0050521977	0.0014825701	0.0018490182	0.0013852727	0.031478208	0.0014107204	0.02809085	0.002570895	0.0028087236	0.00016207037	0.0017196399	0.0012463571	0.004288265	0.0008539179	0.0021705332	0.00021744653	0.005103468	0.0022213832	0.004841286	0.004101857	0.0015928085	0.00093294575	0.0019288044	0.0019288044	0.7373922	0.13198675	0.11835315	0.0025147102	0.0016616675	0.0017519555	0.023901552	0.00060012675	0.003799618	0.00022401554	0.00020458667	0.00012713247	0.0006435089	0.000769858	5.268567e-05	0.000769858	0.0006191906	0.0017877376	0.0035418267	0.00012593303	0.00040421996	0.000115211755	0.0015469335	0.0009860069	0.0007863041	0.004909956	0.000496192	0.0035609573	0.001758022	0.0021793977	0.0023125107	0.002048051	0.0004588099	0.0004551881	0.0011246364	0.0001693602	0.0034355542	0.0022517198	0.0014220366	0.004906032	0.0013663975	0.001412351	0.0069805104	0.00034990095	0.0069805104	-22.656417846679688
s02e19b	20.0	5.0	0.91004825	0.91004825	0.05008532	0.013073294	0.00064593786	0.00094223657	0.009374687	0.0014865701	0.0030077184	0.000399496	0.00015536959	0.00010244648	0.020618219	0.0043892222	0.00039589586	5.403241e-05	0.0011428087	0.0006593217	0.00038311954	0.004425837	0.0032667615	0.0014166556	0.0013282773	0.0022097384	0.00097328966	0.006793415	0.04830364	0.009663223	0.005552112	0.00068391906	0.00036314284	0.00081109506	0.004678087	0.00050771085	0.00030424877	0.0012299435	0.0003301263	0.00027298386	0.0005936553	0.000231024	7.113802e-05	0.0005936553	0.0013287378	0.0027721713	0.0034615495	0.00012175289	0.00035403398	0.00026386802	0.0007523954	0.0006197518	0.003053636	0.011053984	0.0006614509	0.0045930045	0.0029251568	0.032232173	0.0016463373	0.02887778	0.0015099512	0.0009328315	0.0022384247	0.00016866079	0.01047992	0.014349886	0.0012111375	0.0007485175	0.0011291305	0.0057049687	0.0014633761	0.0003350152	0.014349886	-20.86610984802246
s02e19b	25.0	5.0	0.8982282	0.8982282	0.07147801	0.017269187	0.00074906764	0.004678189	0.28163046	0.0026624836	0.002048245	0.0012479704	0.00022639228	0.0002341673	0.006067182	0.0051165028	0.002375207	0.00016015716	0.0019048686	0.0017698151	0.00718566	0.03983273	0.0023560466	0.0011476869	0.0005579987	0.0012139006	0.00028293792	0.0026859334	0.0510774	0.0081262505	0.0029666116	0.001345112	0.00033909065	0.0009772535	0.0023118176	0.00016061809	0.00025574246	0.0006894696	0.0001752531	0.00038735295	0.0008116927	0.0002847972	0.00010686912	0.0008116927	0.0013557832	0.0012131828	0.0022375048	0.00020508218	0.00013835919	0.00039727805	0.0005127068	0.0003696388	0.00088725187	0.015493884	0.00066922005	0.0006831028	0.000609325	0.013296891	0.0018919468	0.0024262434	0.00018513657	0.0006797347	0.00027559293	0.00020286583	0.0018559864	0.0016609083	0.00095535454	0.0009447613	0.0015987083	0.007185177	0.0023787788	0.00014829788	0.012672704	-20.40451431274414
s02e19b	30.0	5.0	0.6883811	0.6883811	0.15652233	0.045033984	0.0004169843	0.007016093	0.04558171	0.0037836402	0.005169609	0.0033137233	0.000809415	0.0007924485	0.0024280618	0.009721404	0.0072153574	0.00026140906	0.0146160405	0.00018360837	0.0056629414	0.011864916	0.005342602	0.005342602	0.0022344666	0.001158569	0.00055826496	0.0047881114	0.030197874	0.0033979425	0.0012976663	0.00029373975	0.00016744681	0.00018477345	0.0011836191	0.0003223855	0.00019008662	0.0008634301	0.000389141	0.00043690085	0.0004907587	0.00035655196	0.00017953396	0.0004907587	0.00084527355	0.0010721883	0.003291701	0.00031100403	0.0005558674	0.0007574582	0.0021197905	0.00085852254	0.001244378	0.00647084	0.00014298856	0.009591756	0.0017054147	0.0019371262	0.0002483037	0.00012726638	0.00020362511	0.00093309773	0.0014161363	0.00062147604	0.002004701	0.0010444287	0.0004452426	0.014125833	0.00037649806	0.0012694891	0.019071434	0.00027697426	0.025536988	-21.20494079589844
s02e19b	35.0	5.0	0.7036228	0.7036228	0.111454904	0.021478586	0.00016099836	0.010821046	0.07506126	0.008360461	0.011714222	0.0020032073	0.0048190965	0.001184474	0.0018624887	0.0040540243	0.0007105725	0.000692445	0.0025655765	0.0012803674	0.0057715853	0.052367248	0.0036480955	0.002344401	0.0019864351	0.0011088279	0.0010423458	0.0016793964	0.022220325	0.002884697	0.001542711	0.0002726478	0.00013457327	0.000344785	0.0018709315	0.00031690605	0.00039237738	0.0028446568	0.0028446568	0.0009801931	0.0036549724	0.004269019	0.00046876847	0.004269019	0.00137572	0.007564591	0.006607219	0.0018408238	0.00047516922	0.0011811587	0.0060856645	0.001531219	0.0011549592	0.0052805073	0.0009945798	0.00315411	0.00053891586	0.004779607	0.00017275826	0.0012140585	0.00024351293	0.0012366634	0.0012214559	0.00040596217	0.0024053818	0.00078092434	0.0011782051	0.0119962115	0.0015644536	0.0033571764	0.0044229636	0.00054104225	0.0119962115	-20.365459442138672
s02e19b	40.0	5.0	0.7851057	0.7851057	0.032649532	0.0067526256	0.00042360582	0.00648378	0.27919254	0.0014447254	0.0023907186	0.0027168917	8.733894e-05	0.00023442844	0.000773064	0.001130823	0.004640522	0.0010643014	0.0013276006	0.0005969794	0.0030949237	0.362964	0.004375065	0.004375065	0.001543861	0.006129775	0.00085110316	0.006129775	0.04406133	0.008435355	0.003475863	0.00080106506	0.00030044588	0.0011853792	0.0028889163	0.00067132	0.0007060825	0.00037806603	0.00027472668	0.00021483713	0.0022966333	0.00052735396	8.3385596e-05	0.0022966333	0.00033898186	0.0017314876	0.0028906802	0.0002502297	0.00017446929	0.00056733086	0.001470833	0.0011815554	0.0021147744	0.0019137667	5.890224e-05	0.00030100983	0.0010714428	0.0032466426	0.00028078008	0.0008488937	0.00056224084	0.00085382187	0.00017487367	0.00016993203	0.0025968158	0.0010208917	0.000754566	0.0011133045	0.00077519455	0.0011938387	0.0020278224	0.0001853139	0.0025968158	-22.121971130371094
s02e19b	45.0	5.0	0.7117221	0.7117221	0.051191352	0.00694942	0.00092176505	0.0038780351	0.4671827	0.0016722311	0.0024107988	0.0014594453	0.0003520063	0.000596189	0.004312652	0.0017175742	0.0023657966	0.0027559667	0.0017489226	0.00047605985	0.0059566116	0.047444284	0.005280392	0.005280392	0.0022179931	0.0071006087	0.0015528663	0.0071006087	0.05739784	0.018827325	0.00750669	0.0009571982	0.0005882832	0.0014016671	0.0050403015	0.00060509884	0.00072792516	0.00074077945	0.00074077945	0.00034813033	0.0024144885	0.0015891229	0.00012089955	0.0024144885	0.00055123545	0.004767001	0.0056357966	0.0009507866	0.00064978085	0.000716144	0.009175737	0.00096797367	0.0031496694	0.003464136	0.000105938896	0.0007410188	0.0010730992	0.00246707	0.00023038698	0.00074728805	0.00050112436	0.00053496304	0.00033066995	0.00048053218	0.0039589126	0.0005512828	0.0007904386	0.0054954267	0.000715015	0.0012755005	0.0010868178	0.000110538735	0.0054954267	-20.93492889404297
s02e19b	50.0	5.0	0.72869074	0.72869074	0.1028802	0.055031307	0.0046875076	0.013972033	0.12360719	0.015333782	0.008068858	0.008109353	0.0050833346	0.0013531375	0.014265335	0.010901654	0.0021138166	0.0017211639	0.0031093645	0.0025287732	0.017619256	0.042028144	0.007238124	0.005938082	0.0050423555	0.012108579	0.00325893	0.012108579	0.026547536	0.005177119	0.0018700048	0.00089015544	0.00062569336	0.00078040914	0.004048704	0.0004451486	0.00037095675	0.0015936292	0.00072118675	0.0007342929	0.005756509	0.0011177538	0.00016221215	0.005756509	0.0010042518	0.0030801527	0.0023787539	0.0003258972	0.00025444033	0.00081670546	0.0046521747	0.0015255547	0.0014846291	0.004738386	0.00015600199	0.0013937956	0.0008185882	0.012380549	0.0040994794	0.006390261	0.0005155388	0.001129408	0.0010049337	0.0006837538	0.0023934222	0.0027449904	0.0008943928	0.0034258591	0.0019684255	0.0058098785	0.00269691	0.00056828524	0.008914682	-23.256759643554688
s02e19b	55.0	5.0	0.7051705	0.7051705	0.10477357	0.05151589	0.0009810579	0.018536283	0.07204839	0.0129887005	0.007283773	0.013334035	0.0002893779	0.00094598136	0.0007638766	0.023647202	0.001075678	0.000601344	0.005337106	0.001979535	0.064306855	0.09202613	0.008116842	0.0017298877	0.0011945047	0.0028562406	0.00066469744	0.0028562406	0.022555178	0.0037958762	0.0018490561	0.00058053696	0.0006205515	0.00054916897	0.0035191735	0.00058308727	0.0005233076	0.0010046001	0.0010046001	0.0006838614	0.001596834	0.0007631945	0.00017580256	0.001596834	0.0010254806	0.0033493203	0.0031128842	0.00066618656	0.00040450037	0.00086588855	0.004166359	0.001643027	0.0009623694	0.019085359	0.000859794	0.017710166	0.0019062319	0.0009334219	0.0003361553	0.00034401586	0.00038367033	0.0011904706	0.0009232013	0.00036392055	0.0020276043	0.00071554433	0.0010045321	0.005972778	0.00057230954	0.0022207026	0.001616276	0.0002695691	0.039310493	-19.11794853210449
s02e19b	60.0	5.0	0.86497635	0.86497635	0.060734984	0.17897235	0.0009330187	0.006895643	0.08488604	0.0025771116	0.0035392009	0.013658042	4.489467e-05	0.00045390017	0.0011695303	0.010162322	0.0006755222	0.00038957509	0.026497258	0.00035935	0.06982931	0.061464738	0.002899633	0.002899633	0.00041601076	0.0026016529	0.00028339148	0.0026016529	0.022945851	0.006439832	0.0022520593	0.0012197632	0.00032650115	0.000847254	0.006531036	0.00030745304	0.00038342318	0.00034278067	0.00014276063	0.00026361758	0.0006049777	0.00017776055	6.844708e-05	0.0006049777	0.00075849297	0.0004435589	0.00068969897	0.00016492984	9.603508e-05	0.00027739658	0.00078470004	0.00066870044	0.0007289515	0.016967118	0.0002053982	0.0029926195	0.0009979255	0.0011606539	0.0016085415	0.00189816	0.00055740704	0.0005258306	0.0002748713	0.000110083274	0.0006623334	0.0002682999	0.0011438521	0.0018508664	0.0008592779	0.0012932601	0.021506866	8.8813744e-05	0.021506866	-20.26036262512207
s02e19b	65.0	5.0	0.76750475	0.76750475	0.0053984215	0.010121416	0.004413123	0.0005532847	0.0036881263	0.0033412965	0.0014380066	0.013829393	0.0030264175	0.00019519373	0.004693093	0.10586977	0.013425703	0.0010474669	0.001062612	0.00012349298	0.0004297632	0.0008314308	0.034459647	0.0071031977	0.0016589185	0.004595678	0.0024676179	0.004595678	0.039054144	0.0030417817	0.00095245213	0.0004891964	0.00023389842	0.00037213005	0.00039219862	0.00013084352	0.00018866375	0.002514106	0.00042946302	0.00060526666	0.0008328656	0.00011448229	7.628362e-05	0.0008328656	0.006205581	0.0019476254	0.0013846871	4.446451e-05	0.00011188052	0.0002737937	0.00035542014	0.0030161093	0.0008821766	0.006861854	0.0008838919	0.0046466645	0.0014128212	0.0018211944	0.0005036168	0.14914952	0.0005630823	0.0006310254	0.002018451	0.00014534457	0.003744172	0.00216303	0.0005123673	0.0016102255	0.0005557948	0.015331343	0.0036229228	0.00033913556	0.045417164	-26.45683479309082
s02e19b	70.0	5.0	0.067199945	0.067199945	0.0013051914	0.0006462643	0.000104820276	0.00036162935	0.0010249502	0.00029322156	0.0010173415	0.0017615552	0.0001772021	1.7760944e-05	0.00048427426	0.018772876	0.0002754537	1.9871042e-05	0.0002126141	4.9753668e-05	0.0002659512	0.00067802693	0.0015290218	0.0012607626	0.00025880316	0.0025326768	0.00031859797	0.004117491	0.021350458	0.0017101608	0.0009147392	0.00019359341	0.00026978352	0.00020929238	0.0004350479	0.00053293695	0.0001545174	0.001250512	0.001250512	0.0009335598	0.00031514894	0.0005049136	0.00033980128	0.0005049136	0.0022384375	0.0029342347	0.0067218114	3.9034236e-05	0.00010529865	9.859251e-05	0.0012825063	0.0061244555	0.0034405456	0.48414668	0.0009706435	0.01117352	0.0010021925	0.0002687925	0.00047209868	0.0001618247	0.0033799259	0.00041608553	0.00055032095	7.143863e-05	0.013479273	0.0071389284	0.03246793	0.43873876	0.010109566	0.0012658499	0.0013218846	0.00068038667	0.43873876	-27.50603675842285
s02e19b	75.0	5.0	0.8827295	0.8827295	0.11486546	0.081169255	0.00032075512	0.01547914	0.056052666	0.0015961136	0.0022962333	0.0010489059	0.00026888784	0.00046436198	0.00077368604	0.034466136	0.0008741906	6.813586e-05	0.002724454	0.00035710697	0.009555355	0.030835362	0.0031760293	0.0031760293	0.0005254521	0.001741267	0.00053724664	0.004989712	0.021640044	0.0036040395	0.0012582828	0.00045555446	0.00012289634	0.00031265576	0.0020403555	0.0001377204	0.00017877856	0.0006988308	0.000121053556	0.00022119968	0.0005258722	0.00014672619	3.839495e-05	0.0005258722	0.0005464439	0.000648592	0.00095962983	0.0001399037	9.515877e-05	0.00064560154	0.0006295363	0.00046168087	0.0002602018	0.007238915	0.00013542571	0.0016898143	0.0008990197	0.0024183183	0.00019840013	0.00074515	0.00022850408	0.00083811115	0.0004777505	0.00018419964	0.0009777863	0.00031177202	0.0001744663	0.0015787948	0.00019089051	0.003010123	0.0070098103	0.00014106564	0.01063601	-19.20941162109375
s02e19b	80.0	5.0	0.8341737	0.8341737	0.012496435	0.0014496323	0.00012675588	0.0039920257	0.026957808	0.0022185894	0.0030425526	0.003987308	0.0013907201	6.9442656e-05	0.0051515526	0.0036870367	0.00059273676	0.00038676648	0.003672216	7.903555e-05	0.0042862515	0.0075451913	0.009434921	0.009434921	0.00038341805	0.0050547197	0.0020772526	0.0050547197	0.0315088	0.0035277724	0.001106272	0.00043827968	0.00032457878	0.00033615952	0.0010617013	9.185338e-05	0.0001186062	0.001078492	0.001078492	0.0005309203	0.02225348	0.0028033734	0.00012261365	0.02225348	0.0007700297	0.080322206	0.0021701718	0.00013197325	0.0005082413	0.0001042017	0.00077681546	0.003640346	0.00023721151	0.015609079	9.414626e-05	0.010272407	0.00014832956	0.00018064513	0.00022427604	0.00027599392	4.529754e-05	0.00039529963	0.00018395444	0.00015510256	0.00037768148	0.0014419174	0.0009724861	0.039257728	0.0398945	0.33012742	0.0027674432	0.00029741638	0.0398945	-23.18012046813965
s02e19b	85.0	5.0	0.30187705	0.30187705	0.02833535	0.004350504	0.0004197137	0.0110350475	0.084774025	0.00086394115	0.0039352914	0.050964754	0.00014905636	0.00069850223	0.0018955527	0.08621111	0.0008803382	0.0005072506	0.008433261	0.00079597306	0.14938815	0.21855035	0.0130224265	0.0030287537	0.0010042939	0.10062311	0.025829472	0.10062311	0.08139757	0.017245429	0.004967616	0.0012223485	0.0009026655	0.0014914519	0.006450348	0.000780565	0.0007517339	0.0009772191	0.0009772191	0.00042058225	0.00061703596	0.000817692	0.0002121797	0.00090253097	0.0014780759	0.0035195497	0.0025922402	0.0004423873	0.00033905977	0.0019456558	0.005870434	0.0023037943	0.00074708264	0.009199573	0.00014897068	0.0027980637	0.0014538752	0.00040168414	0.00019294476	0.00030372245	0.00055383606	0.0011396898	0.0006167932	0.00034894905	0.002377178	0.0006029492	0.0017698136	0.0031480303	0.0005269297	0.0014198938	0.00081378646	0.00013199389	0.006433767	-20.46920585632324
s02e19b	90.0	5.0	0.8125918	0.8125918	0.022377133	0.005646255	0.00068747427	0.0020584331	0.109824546	0.002049407	0.0048299097	0.0017868708	0.00048442386	0.00049937697	0.00067461893	0.0035397408	0.0007782128	0.00082526536	0.0024695224	0.00067159167	0.0029993353	0.024887951	0.0020076528	0.0018466384	0.0018419088	0.003267471	0.0010386641	0.003267471	0.7692187	0.028906392	0.010454237	0.0008215878	0.00015875531	0.0038337384	0.0049682525	0.0003246676	0.0031088977	0.00095471035	0.00095471035	0.00061538274	0.0037678045	0.004438792	0.00015172514	0.004438792	0.0009060554	0.01456283	0.0727079	0.0025469917	0.0009178656	0.00084335124	0.005143631	0.0021199873	0.007071083	0.0030736905	0.00021827099	0.0011275467	0.0006887006	0.003388424	0.0020656066	0.0012049496	0.00064226147	0.00073307386	0.00040627772	0.00030722067	0.0031810575	0.0012569849	0.000496005	0.0040737498	0.001107655	0.0060848715	0.0021686812	0.0003424064	0.0040737498	-19.536001205444336
s02e19b	95.0	5.0	0.81985587	0.81985587	0.023350999	0.019984256	0.0006054897	0.0016525642	0.018189752	0.00071130216	0.020035543	0.0036332256	7.544019e-05	0.0002281094	0.0017534372	0.002535561	0.0006684692	0.00026727148	0.0031506873	0.0001529819	0.0012953375	0.0034835548	0.0026573576	0.0026573576	0.0011872676	0.0022077512	0.0010881968	0.0022077512	0.667029	0.11241499	0.05576973	0.0064108246	0.0021165875	0.004600678	0.041772842	0.0024360293	0.004348526	0.00081530656	0.00027997678	0.00031044648	0.0008514832	0.0006642548	5.312688e-05	0.0008514832	0.00050867966	0.001793197	0.0020811409	0.00012471697	0.00015424802	0.00030867895	0.00047555027	0.0010306009	0.00050864526	0.005493678	0.0019565355	0.0037557313	0.003593968	0.0040489733	0.00082750135	0.006450027	0.00060247415	0.00078499387	0.0009516449	0.00023455969	0.0033613162	0.0022374026	0.00040704664	0.0013394679	0.0014606494	0.003665857	0.005373955	0.00023276427	0.005373955	-19.873693466186523
s02e19b	100.0	5.0	0.86361706	0.86361706	0.09434427	0.033498023	0.00047096153	0.0038521602	0.08453352	0.0025398834	0.0031824668	0.0006662313	0.00042898062	0.00025878663	0.019261876	0.0033111998	0.0014887091	0.00056738005	0.0016060591	0.0013117241	0.0016544815	0.01478984	0.0034666045	0.0014113514	0.0023774235	0.0005077764	0.00043794766	0.0013575468	0.05026264	0.014920108	0.0060283057	0.0012178835	0.0004478319	0.0015626283	0.005233365	0.0003082728	0.0002451941	0.0032165423	0.002726419	0.0010512557	0.0022940976	0.004425505	0.000394347	0.0046075988	0.0028118265	0.007606658	0.0050300146	0.0010831372	0.00063331856	0.00069875456	0.0057315943	0.0010644337	0.0029683472	0.0070921127	0.00016040611	0.0029958223	0.0012124446	0.01562867	0.0006722077	0.0034050175	0.00057906396	0.0010066925	0.00040923926	0.0005750404	0.0037873643	0.0026093705	0.0009380553	0.003093438	0.0042151897	0.021862471	0.002605685	0.00016354935	0.0071212095	-21.636302947998047
s02e19b	105.0	5.0	0.7942129	0.7942129	0.0696673	0.005954907	0.0006355397	0.0074183	0.097200595	0.00095019164	0.001844222	0.0026451303	0.000442594	0.00029789965	0.0017495438	0.003047538	0.0029655402	0.00021705794	0.0044124946	0.00012684597	0.0037470045	0.17778678	0.0024851274	0.0019321762	0.0019463578	0.0012447638	0.0006190537	0.0019457642	0.021540545	0.012533077	0.008272998	0.0015277338	0.00052628515	0.0019669994	0.0032609135	0.0006089462	0.00023994065	0.0015427646	0.0010320344	0.00090670824	0.0038820934	0.0016829682	0.00018147814	0.0038820934	0.0016907179	0.004364518	0.005141113	0.0010409025	0.00022798308	0.0014991886	0.0012610904	0.0016326179	0.0034738039	0.006691653	0.000338588	0.0014714404	0.000612606	0.003454298	0.0011226529	0.004201384	0.0014480616	0.0007310796	0.0005727469	0.00016553262	0.006396119	0.003642332	0.00044361406	0.0015805531	0.0026533094	0.006020482	0.0049821706	0.0003184109	0.006396119	-24.234031677246094
s02e19b	110.0	5.0	0.85846657	0.85846657	0.010411587	0.004500866	0.0007884849	0.0005168767	0.003635593	0.0016002512	0.00054815365	0.0024937037	0.0010932772	0.00020143355	0.035233214	0.009718476	0.0019853483	0.00032348183	0.0042373	0.0001908361	0.00042832235	0.0011762427	0.0073303315	0.0038582766	0.0019438457	0.0055679684	0.0028485467	0.0055679684	0.00689794	0.0023854612	0.0014719393	0.0007342677	0.00033027015	0.00093584944	0.00074062805	0.00015586877	0.00021399565	0.0027076749	0.00050844357	0.0009117589	0.0007260743	0.0002578982	0.00016996378	0.0007260743	0.012622156	0.00093596085	0.0025482785	7.9426776e-05	0.00034016866	0.00027788998	0.0012413143	0.0018628059	0.0017315948	0.012671814	0.0003164167	0.0036851242	0.004342081	0.006434827	0.0010204737	0.38085893	0.011148733	0.00077681476	0.0039941217	0.00022615625	0.012622394	0.014733487	0.0015926105	0.00078574684	0.0016979075	0.033566635	0.001512262	0.00043414766	0.100143515	-24.638864517211918
s02e19b	115.0	5.0	0.8981123	0.8981123	0.06377524	0.022063427	0.00052673405	0.0048996275	0.396848	0.0025158562	0.0031735424	0.0003156815	0.00019058389	7.88988e-05	0.0016942145	0.0026893343	0.0019755212	0.000430702	0.002241573	0.00092850206	0.0033240702	0.030701872	0.0013802279	0.0012002485	0.0010780016	0.0009012475	0.00023353142	0.0019133094	0.04081439	0.012859861	0.0063733165	0.0012790528	0.00043263208	0.0011224049	0.004224595	0.00015308491	0.00031797407	0.0007013358	0.00029996017	0.00031280902	0.0012988818	0.00061464123	6.110259e-05	0.0012988818	0.0009686624	0.002575532	0.0058345287	0.0004046882	0.00044327613	0.0003553456	0.0011845846	0.0009012213	0.0047499537	0.011333378	0.00014824614	0.0019671444	0.0010502267	0.0055989204	0.00046515474	0.0049742036	0.0014999333	0.00044466913	0.00016355123	0.00014484442	0.0017351139	0.0016351802	0.0005856923	0.0025503216	0.0014168452	0.0028660547	0.004387441	9.076378e-05	0.0053227725	-21.8990535736084
s02e19b	120.0	5.0	0.832285	0.832285	0.096175596	0.025780767	0.0009756358	0.0054272315	0.52218497	0.007247687	0.0057085427	0.0014450446	0.0034696993	0.00081582065	0.022233527	0.0021423663	0.009127828	0.0033096343	0.0034646974	0.0007396804	0.006353231	0.03069783	0.01189993	0.0011123408	0.001641168	0.0015486984	0.0008555052	0.0024958432	0.037228763	0.011817959	0.004272839	0.002207711	0.0007751103	0.002061769	0.0067637865	0.0002648755	0.00045386876	0.00086519826	0.00044207898	0.0005244489	0.003257558	0.0009070284	9.634502e-05	0.003257558	0.001374218	0.002373079	0.0017086676	0.0003776761	0.00035608353	0.00079574017	0.0009123281	0.0007755495	0.0011228133	0.006974497	0.0008955602	0.0027926257	0.0030049072	0.012485507	0.0009852495	0.0052657602	0.0008539415	0.0009572862	0.0009431882	0.00055376004	0.0035883766	0.0042698416	0.00090496737	0.005217833	0.0074098427	0.0055928915	0.0054790378	0.00019920497	0.0074098427	-21.739805221557617
s02e19b	125.0	5.0	0.7627994	0.7627994	0.0466992	0.01808145	0.0013973782	0.0018524994	0.014737675	0.0019022196	0.0016733155	0.0017103993	0.0014543841	0.0006560754	0.008631691	0.0074492544	0.0011412764	0.00018487003	0.0028032346	0.0007452857	0.0013917065	0.0027039049	0.05802054	0.05802054	0.0020774177	0.023001285	0.0024714048	0.023001285	0.05047543	0.015124086	0.007632171	0.0017158868	0.0007099254	0.0021060468	0.0026526735	0.00057874696	0.00037297103	0.0015086929	0.0005189288	0.000914795	0.0011133724	0.00034447564	0.00019257203	0.0011133724	0.0015917866	0.0026755393	0.002075484	0.00019647543	0.001031764	0.0017163474	0.0008715666	0.0032295312	0.0011821509	0.00298347	0.00077167776	0.0027764789	0.005572638	0.025878495	0.00045422628	0.0050535235	0.0006920525	0.007074047	0.002790035	0.00036943745	0.012111996	0.004586521	0.00086710806	0.0021635569	0.0014336715	0.0049482277	0.0032431693	0.00025811294	0.01568703	-23.884408950805664
s02e19b	130.0	5.0	0.8401634	0.8401634	0.032114875	0.014851797	0.0003881216	0.0033813207	0.31705332	0.0005406876	0.0020232103	0.0017199273	0.00038927735	0.00036920558	0.0027886583	0.003619628	0.0039043357	0.0002393854	0.0041383915	0.0018216062	0.027573759	0.018596686	0.006266128	0.0016569739	0.0009398212	0.002665013	0.0006086062	0.002665013	0.036514875	0.0137198735	0.00975581	0.0022978222	0.00060078	0.0015868942	0.002535314	0.00045135344	0.000275636	0.0010273042	0.0010126531	0.00086140685	0.010529822	0.0021943958	0.00015497084	0.010529822	0.0012615564	0.0051246015	0.0029067295	0.0006250952	0.00042699435	0.00049798307	0.0014745817	0.00045196913	0.0018587002	0.011152929	0.00027706643	0.0014153766	0.0008427648	0.0028866834	0.0025220816	0.015239968	0.00034531608	0.0016188218	0.0002925871	0.00029494558	0.0023219152	0.0037957553	0.0006530981	0.00088415557	0.00086871197	0.0146574825	0.0060595637	0.00020474357	0.0238414	-21.72127723693848
s02e19b	135.0	5.0	0.8465269	0.8465269	0.04803386	0.013725876	0.0002946297	0.0007877316	0.0016166985	0.0010167912	0.0027713769	0.0016625617	0.001986925	0.0002890396	0.0029834714	0.004094394	0.0014798131	8.64533e-05	0.00080635253	0.00027436938	0.00032599882	0.0012354855	0.007881038	0.007881038	0.0021028607	0.0026968597	0.0015383492	0.007468571	0.03949055	0.007885219	0.0024835085	0.0010696999	0.0006208426	0.0011816365	0.0013210337	0.00050247944	0.0003219877	0.0028431288	0.00060418487	0.0017390985	0.001310866	0.0004966834	0.00039141852	0.001310866	0.0012205017	0.0028074177	0.0025877503	0.00013736171	0.00024247085	0.0008685737	0.0007911274	0.00088036334	0.0009936156	0.0025716727	0.0007735334	0.0034186936	0.00089596765	0.017868577	0.0004739745	0.010703811	0.00035025657	0.00091960846	0.0027022902	0.00014123254	0.027004153	0.0016395891	0.0004326154	0.0009250786	0.00078705145	0.0043415907	0.003063229	0.0002992335	0.027004153	-22.923315048217773
s02e19b	140.0	5.0	0.78836364	0.78836364	0.024537189	0.003869211	0.00037255598	0.0027766149	0.012839966	0.0011320388	0.0024299868	0.0038462947	0.0013914176	0.00036157624	0.0078055416	0.015779998	0.006061669	0.000445912	0.0018853096	0.00034858382	0.0030772127	0.006579276	0.008694214	0.007846856	0.000987999	0.0021307303	0.0012933403	0.034003913	0.017473567	0.007816891	0.0029146133	0.0006032642	0.00027722813	0.00053115515	0.002489267	0.00016676373	0.00020935145	0.0031614103	0.0015573959	0.0031614103	0.0030403924	0.00096897164	0.0005618449	0.0030403924	0.02713086	0.005576815	0.009140335	0.00018924389	0.00026536512	0.0001759471	0.0010165108	0.01082197	0.002665372	0.0077179126	0.0002678263	0.0012225797	0.0013359109	0.0027309645	0.000428004	0.009976961	0.0024058921	0.00042438044	0.00053859694	0.00021409157	0.011272789	0.0023204144	0.00065104663	0.0011807228	0.00072440243	0.01216389	0.0019960601	0.001039827	0.014522274	-26.625701904296875
s02e19b	145.0	5.0	0.82888466	0.82888466	0.015613462	0.011299053	0.0008120215	0.0005924843	0.0025135835	0.0015166316	0.00465221	0.0020098037	0.00016508812	0.00030354413	0.06172778	0.002326143	0.0026266698	0.00024382216	0.0027411021	0.0002547814	0.00024266302	0.00097168394	0.0023336755	0.0023336755	0.0005208431	0.0015786956	0.0009770525	0.0015786956	0.026709046	0.020270783	0.012502769	0.0013938899	0.0004691482	0.001484993	0.0039286953	0.0010470863	0.00021297038	0.0007652818	0.0004931333	0.00024136601	0.00039482623	0.00018426956	0.00011552386	0.00039482623	0.0017740476	0.0017710236	0.0010429859	5.2601838e-05	0.00019403787	0.00033527787	0.00031694505	0.0007048666	0.00069305336	0.005539815	0.002143392	0.005944506	0.019056078	0.002905805	0.00024657656	0.014325822	0.0005344758	0.0011844853	0.0041884165	0.00016311686	0.00901526	0.007481661	0.00090574764	0.0012028763	0.005379118	0.005500701	0.001558749	0.000613476	0.010952447	-20.740442276000977
s02e19b	150.0	5.0	0.8058526	0.8058526	0.028526915	0.0056833522	0.00047338975	0.0033963234	0.23549838	0.0007849106	0.0028985154	0.001354975	0.00019711848	0.0003282871	0.002156408	0.006098903	0.019161949	0.0009906646	0.0047847494	0.00019285407	0.0047750073	0.092427455	0.006573678	0.0025528981	0.0010679141	0.0029032074	0.0008032053	0.0029032074	0.03359106	0.014942046	0.010692677	0.001386726	0.00045930833	0.0014568848	0.0029391155	0.00031266292	0.0002888889	0.00053524715	0.00053524715	0.00034008647	0.0030035716	0.00078924786	8.69866e-05	0.0030035716	0.0018571024	0.0048270435	0.0017542737	0.0002331961	0.00060977286	0.0003450541	0.0035307757	0.0026421705	0.0018163873	0.004917295	0.000217921	0.0022344007	0.001122585	0.003049709	0.00014132171	0.0034178735	0.0013271859	0.0012686477	0.0003088447	0.00034097338	0.0045118164	0.0010302622	0.0005565884	0.0035892394	0.0013887811	0.004717926	0.0044153943	0.00023972162	0.0045118164	-24.22018051147461
s02e19b	155.0	5.0	0.80454856	0.80454856	0.03802438	0.005371804	0.00021156116	0.0022707668	0.25661415	0.0014044202	0.029115805	0.002549777	0.0018534273	0.00040361026	0.0031147716	0.007567469	0.0013701343	0.0019441823	0.0025432499	0.0056176228	0.0060208244	0.052309472	0.018387487	0.0032565813	0.0022200497	0.0018887132	0.00059562334	0.0018887132	0.4575178	0.04069639	0.01842831	0.0023792551	0.0011348418	0.0023041605	0.0073612533	0.00042764161	0.0022571394	0.00094478694	0.00094478694	0.00066044246	0.0021371555	0.0016714472	0.00038273534	0.0021371555	0.0013394463	0.007646334	0.01163176	0.00085450883	0.0013374112	0.0003583471	0.013012073	0.0018737244	0.0071725375	0.010801653	0.00019849189	0.0030917635	0.0011935261	0.0044357358	0.00034172577	0.001212886	0.001767586	0.00074878824	0.00073801307	0.0006042781	0.0040617846	0.0013154647	0.00077659445	0.0039139646	0.0011482462	0.0029881785	0.0018673979	0.00042330287	0.016284013	-21.38578414916992
s02e19b	160.0	5.0	0.7282377	0.7282377	0.003473104	0.01893625	0.00055823196	0.0017980686	0.0013429757	0.000606913	0.021435501	0.008899078	0.00016420284	0.00043010668	0.0021098866	0.0045136223	0.002296432	0.0001102953	0.0010280365	0.0005295471	0.00072497013	0.00041626286	0.00976363	0.0024835924	0.0008844445	0.0046267463	0.0016289862	0.0046267463	0.81821567	0.0773421	0.059375644	0.0010190101	0.00015854048	0.0020351657	0.030424634	0.0010347255	0.019813221	0.00032612347	0.00023623512	0.00032612347	0.0014990703	0.00052229647	9.2882416e-05	0.0014990703	0.0004278082	0.0037803324	0.0038680052	5.410274e-05	0.00019673225	0.0002390998	0.0005487116	0.0054136277	0.0013771614	0.00097064534	0.00068451406	0.0014856261	0.002669604	0.0039961254	0.002442141	0.0023696532	0.00023695495	0.0002921684	0.001484533	0.0003604933	0.0012031931	0.0026404823	0.00058106286	0.0012744269	0.0008181051	0.0061981454	0.0026662848	0.0002970381	0.0074122944	-23.014413833618164
s02e19b	165.0	5.0	0.85789526	0.85789526	0.0066926572	0.16090551	0.0004852009	0.00044081087	0.0011006356	0.002082401	0.0017668204	0.041209687	0.00046912872	0.0002887892	0.0026256633	0.0032861675	0.0016690872	0.0005157148	0.0014693736	0.00015849757	0.00020459096	0.0004569148	0.017418867	0.017418867	0.0006761128	0.0020821383	0.002772729	0.002772729	0.02703913	0.0037964876	0.0009872547	0.0008676374	0.0006836056	0.000704412	0.0010597667	0.0009562064	0.00031695442	0.002466021	0.0006430442	0.002466021	0.0010145559	0.00041114984	0.0005857956	0.0010145559	0.00067936035	0.0017216859	0.0032250492	0.00014344262	0.00023261739	0.00040150824	0.00095269264	0.00058004697	0.00071458414	0.0017627312	0.0012597585	0.001392687	0.00038642777	0.0024386947	0.0011033614	0.02265153	7.0975126e-05	0.0018853697	0.0074553667	0.00011923624	0.0017831951	0.00032790485	0.00021093796	0.0022388243	0.00040620952	0.0029763055	0.001047466	0.0006430108	0.0050968626	-23.23940658569336
s02e19b	170.0	5.0	0.92128426	0.92128426	0.047372155	0.15591241	0.0002745078	0.0074334126	0.1530911	0.0036618952	0.0018866165	0.006656106	0.00049141404	0.0002687843	0.00067432225	0.00082444795	0.003930453	0.00074125046	0.0024904714	0.0010337624	0.0036115786	0.0062645483	0.0040467894	0.0016068195	0.00061632774	0.0015772773	0.0005257036	0.0015772773	0.029901842	0.003713849	0.0019036407	0.0008534652	0.00033203556	0.0006427648	0.0019622552	0.00033263757	0.0006911452	0.0007662059	0.00028891285	0.0007662059	0.0010782182	0.00041639863	0.00023966514	0.0010782182	0.00047210278	0.0011310035	0.0061041513	0.00029089377	0.0003329796	0.00077932526	0.0022197952	0.001058447	0.001827014	0.0070558325	0.0010081985	0.0018731145	0.00062614074	0.009250682	0.0028049946	0.0044016046	0.00063423027	0.0016846987	0.0033413311	0.00025768657	0.001782361	0.00082897913	0.00045824214	0.0015050023	0.0013175274	0.0025698985	0.0036062219	0.000222602	0.0036062219	-23.06102752685547
s02e19b	175.0	5.0	0.77414405	0.77414405	0.009083085	0.0062565263	0.0021435237	0.0037107416	0.005790416	0.0016455849	0.0016850572	0.032028478	0.0008496284	0.00028041063	0.009382905	0.055941824	0.01096057	0.000120042125	0.018378831	5.578163e-05	0.0011539657	0.0015441101	0.030458758	0.017178247	0.0022508297	0.008555519	0.0024346577	0.008555519	0.015429435	0.0029803892	0.0014051727	0.0006001038	0.00022077406	0.00041119155	0.00047610633	0.0005307068	0.00013007026	0.00064748246	0.0006188753	0.0004491307	0.0036878686	0.0002485773	7.553139e-05	0.0036878686	0.0052429554	0.0060601262	0.0012786692	2.9603072e-05	0.00020843346	0.00017059522	0.00028903875	0.005498852	0.0011619704	0.06437615	0.00073367666	0.0107558435	0.010388138	0.00031081162	0.0005823658	0.0020207546	0.00030664654	0.00046978457	0.0004839579	0.00013541034	0.0023306645	0.014750842	0.010411772	0.025409164	0.001962075	0.007931414	0.04538619	0.00020651499	0.14671944	-28.08694839477539
s02e19b	180.0	5.0	0.79549754	0.79549754	0.00292542	0.18119784	0.00049214857	0.00023964344	0.00094410573	0.0012044848	0.0018728542	0.04064635	0.000153758	0.00030257678	0.0038611034	0.009292621	0.0036417698	0.00016369336	0.0030465384	0.0005455199	0.00020422105	0.0005566823	0.013635418	0.013072821	0.0022694988	0.0022078026	0.0017354897	0.0031696772	0.0346812	0.004388083	0.0010688534	0.0011122148	0.0013660945	0.001185312	0.0012490591	0.001388559	0.0003767408	0.0019008379	0.0010200134	0.0013157347	0.0011544274	0.0004899813	0.00026154966	0.0011544274	0.0016642277	0.0036132296	0.004959804	0.00010976514	0.00021428558	0.00052977505	0.0011398417	0.0016364106	0.0018776569	0.0021596937	0.0006547752	0.004105008	0.0023179364	0.00394886	0.0014588353	0.059570365	0.0002830283	0.0014355396	0.0047863643	0.00010961661	0.017443188	0.00043329885	0.00023685422	0.0004956588	0.00088376936	0.009102047	0.00083222176	0.00045082284	0.026920205	-23.25288963317871
s02e19b	185.0	5.0	0.84134144	0.84134144	0.0070961835	0.020869479	0.00033571318	0.0011430733	0.12023313	0.00040702277	0.0014051474	0.0120650055	7.877175e-05	0.00033262995	0.0034918562	0.0019222149	0.0022861094	0.0038109606	0.0011721156	9.972517e-05	0.00026143598	0.0017576488	0.008483253	0.0058680642	0.0017039168	0.028774736	0.0009416129	0.028774736	0.01975787	0.0069920425	0.0024208643	0.0013991292	0.0004267321	0.0011266147	0.002289931	0.00016958045	0.00017369147	0.0047533247	0.0016515055	0.0047533247	0.010995309	0.004724426	0.0007604206	0.010995309	0.0006066695	0.004215446	0.007949617	0.00022794765	0.00046177994	0.0003841813	0.002915578	0.0009390269	0.0030880768	0.008415596	0.0001004624	0.00090857275	0.00091333006	0.0070994967	0.0007410464	0.01809878	0.0008229668	0.0005745222	0.0017603867	0.00015006676	0.004640403	0.0008833101	0.0003225472	0.0021519104	0.00070440996	0.02079337	0.00071142963	0.00032991735	0.004640403	-26.325777053833008
s02e19b	190.0	5.0	0.8162119	0.8162119	0.021413138	0.046082035	0.0002474069	0.0043057287	0.069965295	0.0011160622	0.0036671497	0.012919178	0.00031856334	0.00068585627	0.00054268696	0.0059300517	0.000934792	0.0013821693	0.0041346983	0.00076048693	0.015794883	0.035964098	0.0062730317	0.00354786	0.000968493	0.0033690291	0.00074155146	0.0033690291	0.026060274	0.004995885	0.0017209657	0.0005428549	0.00043783538	0.00045203915	0.0024746351	0.0005701728	0.0002753954	0.0012428334	0.0012428334	0.0008183979	0.0030465717	0.0014151211	0.00023899453	0.0030465717	0.00070616027	0.0033287196	0.0061053433	0.0010963666	0.0011975899	0.0007360714	0.0072881184	0.002286466	0.0020703124	0.013078802	0.00032584064	0.0020987	0.00093533687	0.0011735121	0.00032466667	0.0006440449	0.000187789	0.0017443283	0.00065372273	0.00033018546	0.0011822011	0.00041981615	0.00102162	0.0034265835	0.00049490243	0.005661226	0.0058468776	0.00020918324	0.036374666	-21.143035888671875
s02e19b	195.0	5.0	0.78775436	0.78775436	0.0075924024	0.15472052	0.0018248265	0.0040396773	0.01837472	0.008379205	0.016353162	0.09099089	0.0010346984	0.0007390491	0.0016959258	0.0015495946	0.0024875838	0.00090504636	0.009223159	0.0010715226	0.00074427004	0.0043082912	0.010055995	0.0038545595	0.0012909491	0.002180684	0.002036048	0.0022912007	0.07750135	0.0040334873	0.0020475374	0.0011759872	0.00087813986	0.0008916202	0.0012421759	0.0013385739	0.0030594408	0.0023859118	0.0009979451	0.0023859118	0.0034757785	0.0009651263	0.0008073524	0.0034757785	0.0011584719	0.0034619144	0.013913404	0.0004189292	0.00075179833	0.0007509606	0.0021903755	0.0013774262	0.0024096728	0.0017318239	0.004559177	0.0006810708	0.000917455	0.004251053	0.0014415069	0.002316338	0.00030156883	0.0033048103	0.0025715798	0.00043998254	0.0020460668	0.0005333511	0.0011962161	0.001805401	0.0007922919	0.002887823	0.0029833424	0.0026293546	0.0029833424	-21.64750862121582
s02e19b	200.0	5.0	0.8749375	0.8749375	0.005090981	0.021240417	0.0014351739	0.0016444746	0.05985456	0.0011350764	0.0018309122	0.24870981	0.001415225	0.00023132288	0.0016722899	0.0014962943	0.0008801386	0.001804268	0.0006558901	0.00038716488	0.001464771	0.017133454	0.012726871	0.0025922167	0.0030276722	0.0006962515	0.0008954074	0.001934204	0.033384215	0.0028165341	0.0012990333	0.0003797857	0.00018822246	0.00036234816	0.00079487584	0.00031001822	0.0003249466	0.003486839	0.0014126854	0.003486839	0.015465245	0.0024624097	0.0008040473	0.015465245	0.001018158	0.00599323	0.029143276	0.001109623	0.0012392594	0.0008203088	0.006878104	0.002047474	0.004692166	0.0017713313	0.0009858918	0.0019096815	0.00033050418	0.0010328818	0.0010152976	0.0008736315	0.00024294686	0.00055704796	0.00067112525	0.0005987578	0.0010173217	0.0003101335	0.00054192846	0.00048858754	0.0005211654	0.04804136	0.00078594865	0.00041172403	0.001599721	-21.379379272460938
s02e19b	205.0	5.0	0.8979933	0.8979933	0.01428482	0.08848039	0.00042816292	0.0061460184	0.044063207	0.006295854	0.0034128306	0.027080106	0.00059913687	0.0005030574	0.0008929745	0.005399041	0.0022358575	0.00079314475	0.0011410618	0.0011764455	0.0025877208	0.14493982	0.009063774	0.0046999515	0.0009733499	0.0017974593	0.0009489078	0.0017974593	0.076930895	0.007595838	0.0038711282	0.0015524094	0.00080560986	0.0016783567	0.0027178817	0.0008518257	0.0011920388	0.0013176159	0.0010368432	0.0013176159	0.00849568	0.0018954038	0.00037301762	0.00849568	0.00121384	0.0075150863	0.010924898	0.00057765306	0.00060092285	0.0017915069	0.003664142	0.0028969916	0.002227847	0.0022707582	0.0022075411	0.00041751054	0.00043202398	0.005129814	0.0008516021	0.004788893	0.00027291413	0.0013301825	0.0010375323	0.00022154013	0.0020692241	0.00059638964	0.00087578304	0.00076993473	0.0015309345	0.004897006	0.0025897818	0.0008302796	0.0025897818	-20.58709144592285
s02e19b	210.0	5.0	0.5451869	0.5451869	0.021982256	0.0936016	0.0001906324	0.0054925373	0.040868588	0.0006432441	0.011098705	0.010300496	0.00012689871	0.00043902607	0.0013134273	0.0020624402	0.0010899086	0.0010070642	0.039030205	0.00031795044	0.09017385	0.08265264	0.0012188886	0.0012188886	0.00037823277	0.0018652545	0.00031731147	0.0018652545	0.023618558	0.010210162	0.0039801695	0.00093898166	0.00029801615	0.0005661886	0.005066128	0.0003689004	0.0001828632	0.00017977995	0.00011796373	8.147969e-05	0.00016721322	0.0002151684	3.2993023e-05	0.0002151684	0.00045169046	0.0002172451	0.000418966	9.467345e-05	0.0001595213	0.00023760514	0.0010107249	0.00024738212	0.0001477525	0.007370447	0.00059385586	0.0017559353	0.00040236555	0.0006417383	0.0017378266	0.0026637397	0.00026173552	0.0010331785	0.00051290257	0.00011204238	0.0007123536	0.00022475942	0.0002272957	0.0024118791	0.0004658856	0.0016580739	0.002583493	0.0002654423	0.0027810757	-20.41529083251953
s02e19b	215.0	5.0	0.8336487	0.8336487	0.018813359	0.017312722	0.0025778862	0.009244356	0.27673712	0.005319363	0.0013499567	0.02330145	0.003062904	0.0005119367	0.0016776546	0.004001616	0.004886171	0.001705672	0.0017382534	0.0012551862	0.0026225357	0.0321697	0.00615289	0.0014858511	0.0009076098	0.0011101316	0.0014645297	0.0014645297	0.054169968	0.0068671945	0.0033554616	0.00070242706	0.0002838977	0.00076958956	0.0040498464	0.0010674553	0.00055340416	0.0012208713	0.0012208713	0.000689038	0.008446989	0.0019949765	0.00022511717	0.008446989	0.0008501662	0.010107982	0.005660617	0.00026644612	0.0007657606	0.00033788505	0.0031113545	0.0019170028	0.0008475665	0.0055417223	0.0006090733	0.0013550732	0.0005473765	0.0017688854	0.0004976974	0.0016769159	0.00035383657	0.00072839495	0.0010291655	0.0002494027	0.0032900556	0.0009876329	0.002070947	0.0038723953	0.0012273198	0.007144825	0.0018272889	0.0003982602	0.0038723953	-20.964487075805664
s02e19b	220.0	5.0	0.76403236	0.76403236	0.0033738757	0.04850507	0.0010955516	0.000547106	0.0013723151	0.00067679485	0.0024539558	0.026883503	9.3032926e-05	0.00011390516	0.008542747	0.045675922	0.00161669	0.00015064956	0.003231861	3.177269e-05	0.000879101	0.00032980167	0.0084758205	0.0066460534	0.00048690752	0.0026160295	0.00078339694	0.0026160295	0.020370828	0.002294475	0.0005390728	0.0005462799	0.00081743335	0.00042273325	0.0008618995	0.0002151288	0.00019969104	0.0014662656	0.00039914387	0.0011565319	0.001366682	0.00021775818	0.00013199943	0.001366682	0.0074843448	0.0017088798	0.0032633939	6.0406608e-05	0.00017806336	0.00040118743	0.0005034805	0.001871825	0.00084858557	0.008850182	0.00022354316	0.0130742295	0.0054484787	0.0017384314	0.0019839695	0.004704714	7.577603e-05	0.00036604196	0.0009657527	9.178998e-05	0.0025720177	0.006385458	0.0024002267	0.0027780898	0.0008785148	0.011728671	0.009867124	0.00025951775	0.2095915	-22.33940887451172
s02e19b	225.0	5.0	0.8183401	0.8183401	0.012669041	0.07582995	0.00218671	0.0026104283	0.0142303705	0.0064891824	0.004392714	0.07284623	0.00089644163	0.000575178	0.0043008826	0.003940214	0.005983497	0.0033636047	0.002964611	0.0002825344	0.0005799397	0.0029496232	0.0127423145	0.0127423145	0.0012445042	0.002184545	0.002276032	0.002276032	0.043544125	0.0064196326	0.0025067388	0.0011313355	0.00069046643	0.00084661326	0.0022319802	0.009982953	0.0008404299	0.002037122	0.001090725	0.0010055897	0.0016120748	0.000662063	0.00038936475	0.0016120748	0.000629969	0.001799764	0.0037290973	0.00023680793	0.0008197611	0.00091270986	0.0015995931	0.0018632457	0.00072778226	0.0020187236	0.005961278	0.0011350525	0.0010057468	0.0028803125	0.00065290893	0.013029784	0.00056120026	0.0021116724	0.003357558	0.00023201646	0.0026920277	0.00058766396	0.0004379007	0.00087236625	0.004200538	0.0037046208	0.010747079	0.00073703233	0.010747079	-21.89818382263184
s02e19b	230.0	5.0	0.81360245	0.81360245	0.11161481	0.015555823	0.00037881048	0.0037309316	0.03911265	0.0014774898	0.0023916902	0.0020430856	0.00068016956	0.00037886176	0.0039072707	0.031757794	0.0112726195	0.00095837447	0.0025753153	0.00019153008	0.0047310963	0.18000965	0.009344195	0.00695697	0.0013319509	0.0018721892	0.00074741663	0.0024255845	0.02024087	0.0062718694	0.0024324928	0.0007719554	0.00038145774	0.0006658933	0.0021875135	0.000459221	0.00017397292	0.0025200692	0.0019269583	0.00095096417	0.0037445505	0.002584437	0.00023595509	0.0037445505	0.002611471	0.008074589	0.004806839	0.000665748	0.0002463559	0.0006260465	0.0026521576	0.004155954	0.00090600445	0.004373642	9.5567346e-05	0.001765772	0.0004979902	0.0022746592	0.00012791264	0.028539658	0.0020319142	0.0008616627	0.001252409	0.00023021987	0.0031902213	0.0018231155	0.0006610706	0.0012562583	0.001009573	0.01971788	0.0044345143	0.0010359125	0.009801835	-25.70091438293457
s02e19b	235.0	5.0	0.7311874	0.7311874	0.019423516	0.05536421	0.0013598565	0.010463732	0.047822017	0.0075258804	0.008549863	0.0138114365	0.034612115	0.0006794834	0.0028669757	0.0034874952	0.0069661206	0.0021652253	0.0012788785	0.0004650497	0.0017014204	0.019818116	0.01046554	0.008745227	0.0019360433	0.0018745959	0.0010599252	0.0018745959	0.07499455	0.01811312	0.005836811	0.0018394602	0.0009206315	0.0013627841	0.0015804162	0.00082444004	0.000808822	0.0017585041	0.0017585041	0.0017043469	0.0027215884	0.0014534564	0.0004578079	0.0027215884	0.002605276	0.0065471935	0.010595853	0.0004889167	0.0015792594	0.00087346125	0.0038134416	0.0032823496	0.0015761529	0.0028476596	0.0026128872	0.0011019649	0.00073822204	0.0069200103	0.00031158718	0.008973288	0.0005999045	0.0009268783	0.0029826092	0.0007260325	0.015646337	0.0007790925	0.0012734891	0.006877733	0.002229887	0.006571218	0.0063701198	0.00091457885	0.015646337	-24.91469383239746
s02e19b	240.0	5.0	0.7771978	0.7771978	0.0022473938	0.15216464	0.00048443401	0.0006848195	0.0004687019	0.0010806296	0.0034064143	0.31463844	0.00020793067	8.527248e-05	0.00062290725	0.0019247148	0.0010102002	0.00023317964	0.0012457578	0.00043068474	0.00039224533	0.00093347963	0.015156872	0.0036626225	0.002584899	0.0052758656	0.0020844957	0.0052758656	0.21800889	0.0059581595	0.0012799742	0.0008121755	0.00105592	0.00074165186	0.0013845275	0.0024428975	0.0013134123	0.0020388674	0.0005339213	0.0019295077	0.0032523863	0.0006969546	0.0004558998	0.0032523863	0.00080296036	0.0041035987	0.0124492375	0.0002970245	0.0004427649	0.0024075406	0.0016771116	0.0008225913	0.0022932072	0.0004981879	0.0019939807	0.0007731536	0.00031926262	0.004252123	0.002666102	0.0023762714	2.4589866e-05	0.001426897	0.0014141735	0.00021257802	0.004101982	0.00035037863	0.00022648447	0.0003404561	0.0003975645	0.0022072468	0.0009010079	0.0005695688	0.004101982	-21.109827041625977
s02e19b	245.0	5.0	0.81681544	0.81681544	0.06574441	0.09691013	0.0006097575	0.013353232	0.119195506	0.0043185633	0.004170906	0.0046715457	0.0077506104	0.00052012695	0.004481038	0.003726827	0.0010962465	0.0014399772	0.0017029503	0.0053179576	0.008195956	0.008031155	0.069664866	0.0019564312	0.0021250239	0.002872031	0.0010957416	0.002872031	0.0565705	0.0037091235	0.0014695486	0.001267568	0.00076368154	0.00078948186	0.0014702994	0.00046901	0.0012993105	0.0016713827	0.00041724794	0.0016713827	0.0021603392	0.00073041074	0.0003026766	0.0021603392	0.0006017731	0.0014837768	0.007825438	0.0007153715	0.00055493304	0.00060176593	0.0075704134	0.00037628348	0.0023653316	0.0042545726	0.00064766547	0.0017449652	0.000792384	0.008408866	0.002267046	0.00081484986	0.00023123731	0.0012086821	0.0054494846	0.00049700047	0.0021882588	0.0009960685	0.00034918968	0.002537192	0.001613241	0.0023514435	0.00094642845	0.00035571403	0.002943059	-19.726655960083008
s02e19b	250.0	5.0	0.77550864	0.77550864	0.020648979	0.045748327	0.00045133042	0.011881823	0.1264865	0.00080245093	0.0065089026	0.014869745	0.0002650268	0.00016906865	0.0018591533	0.00621141	0.0023179553	0.0014263449	0.018514624	0.0003593661	0.01820045	0.08220147	0.00795995	0.00795995	0.00087742065	0.0031343338	0.00078901177	0.0031343338	0.04139221	0.0068853614	0.0023842314	0.0005708585	0.00035414402	0.00034886622	0.0018906621	0.00054936664	0.00036410688	0.0003843615	0.00024378636	0.0003843615	0.00035743887	0.00020184941	0.00010955162	0.00035743887	0.0013511659	0.0007518514	0.001313039	8.587608e-05	0.00024414342	0.00022405804	0.0016428548	0.0025633932	0.00063077017	0.028311929	0.0010887246	0.005779942	0.00072225794	0.0011303917	0.0005708715	0.019273963	0.00045007525	0.0010773486	0.0003942354	0.00016007546	0.001389569	0.0009913316	0.0016265422	0.006232576	0.001032619	0.0034588214	0.015543779	0.0002635688	0.06986991	-23.006027221679688
s02e19b	255.0	5.0	0.8700447	0.8700447	0.009487425	0.026798889	0.0006482148	0.0017591806	0.0982489	0.0012640384	0.0015893332	0.006892764	0.0017487544	0.00033572887	0.0007650287	0.007847308	0.0031435548	0.0018280449	0.00043375633	0.0011391742	0.0031546	0.1528161	0.019941686	0.009832038	0.0025506674	0.0030057402	0.0025846113	0.0030057402	0.050427586	0.0036998	0.0013657087	0.00074455736	0.00016026822	0.0005460641	0.0019413586	0.0005687187	0.00025111975	0.0036668605	0.0035095634	0.0036668605	0.008389842	0.0048634047	0.0016844935	0.008389842	0.00094106933	0.016041396	0.019358415	0.0036341092	0.0012306256	0.00040286046	0.019848967	0.0026644394	0.0030372115	0.0035563158	0.0003662088	0.00068780064	0.0009289627	0.0011548772	0.00029578645	0.0011219836	0.00040759353	0.001137034	0.0008306776	0.00087914034	0.00096363964	0.00057229016	0.0032944994	0.0023924375	0.0017517554	0.0066808155	0.0022037441	0.00031816878	0.008755431	-22.852508544921875
s02e19b	260.0	5.0	0.785974	0.785974	0.015002461	0.26902205	0.0011019496	0.0049178344	0.016448732	0.007684651	0.0055893976	0.020543627	0.0026176835	0.0006454902	0.00081845984	0.006144912	0.0017853973	0.0004426805	0.00078637793	0.0007339193	0.00079257163	0.006206993	0.0069509237	0.00550632	0.0017809498	0.004458496	0.0021006125	0.004458496	0.06152711	0.003864986	0.0010397092	0.00083481375	0.00074334507	0.0008453365	0.0016280388	0.0006326329	0.0009855706	0.001969313	0.0009500567	0.001969313	0.0022686028	0.001269873	0.00041129842	0.0022686028	0.0010228188	0.005448665	0.0098523265	0.00041588055	0.0006675851	0.0020216298	0.0031045675	0.00087805366	0.0019350916	0.0031227996	0.0031653019	0.0016515896	0.0009980805	0.016021071	0.0009323779	0.004407583	0.00031758143	0.0022524698	0.011362084	0.0002856862	0.0032091804	0.0005352813	0.00051148946	0.00083714497	0.00037621858	0.004906607	0.0035540673	0.0005499062	0.010312703	-20.8022403717041
s02e19b	265.0	5.0	0.83966017	0.83966017	0.012077949	0.043401502	0.0009017474	0.0051267827	0.32045868	0.0015791558	0.0025768615	0.015697917	0.00027051216	0.0006069535	0.002269745	0.0025006665	0.0012890765	0.0027384495	0.0017775638	0.00055791624	0.0033534563	0.17126659	0.006600131	0.006600131	0.0027060322	0.012349267	0.0026440157	0.012349267	0.07519139	0.0054333326	0.0025780958	0.0008387778	0.00029697522	0.00093753525	0.002533761	0.00095665205	0.00072631304	0.0006624726	0.0005359036	0.0006385731	0.004314596	0.00096328894	0.00016102032	0.004314596	0.0005825243	0.0027626099	0.003932375	0.00026211308	0.00066531036	0.0006317315	0.0027497134	0.0013155488	0.0012017367	0.003175086	0.0006236602	0.0009772242	0.00072976644	0.0023283672	0.00044565194	0.0016134721	0.0005468355	0.0013878557	0.0005906381	0.0006407077	0.0009076228	0.0003470289	0.0010569955	0.0031916213	0.0006267584	0.0028748836	0.0022044636	0.00028711784	0.0032590448	-23.0118465423584
s02e19b	270.0	5.0	0.8552688	0.8552688	0.024477337	0.086587936	0.00045058137	0.005510646	0.06426989	0.0018474769	0.0065361895	0.099025495	0.00058823894	0.00055755	0.0016314937	0.0011653479	0.0007545387	0.0019245801	0.0055065523	0.00025616758	0.005725915	0.021601709	0.006893299	0.002325739	0.004727205	0.00055118685	0.0012098138	0.0025743993	0.025656035	0.0029217226	0.0018641666	0.0006350877	0.00014813931	0.00053051056	0.001189144	0.00040109525	0.0012475223	0.00060815184	0.000250801	0.00060815184	0.0026259578	0.0004405989	0.000109595705	0.0026259578	0.00032377092	0.0008033499	0.0024149928	0.00018156103	0.00046781832	0.00021723268	0.002848502	0.0004552254	0.0007451671	0.005176468	0.0033319707	0.003580323	0.0006489856	0.0010449034	0.000499651	0.0010475597	0.0001823327	0.0005573465	0.00093221007	0.0004725719	0.0015323573	0.0003241749	0.00017069708	0.0020107946	0.00054745766	0.0015714607	0.0032650013	0.0003600123	0.0032650013	-20.22245216369629
s02e19b	275.0	5.0	0.8204914	0.8204914	0.014165938	0.044116978	0.00023729724	0.0056826402	0.098786026	0.0011382933	0.004172338	0.10887497	0.00045344586	0.0001763751	0.0019727545	0.0016519221	0.00095817907	0.002759119	0.0047741574	0.0007796584	0.0029827936	0.0061808317	0.009661321	0.009661321	0.00082739175	0.004980686	0.0014022919	0.004980686	0.023646068	0.0020821383	0.001646135	0.00067551766	0.00029101194	0.0007829466	0.0008829133	0.00073248765	0.0014991594	0.000537175	0.0003624532	0.0005116294	0.004908824	0.0005876046	0.00013118982	0.004908824	0.00041910796	0.0011398493	0.0059201596	0.00023351426	0.0005035645	0.00044157883	0.0014511924	0.0011100634	0.00332299	0.0032459234	0.0038629633	0.001749049	0.0005530234	0.00086557225	0.0011316992	0.0012390693	0.00018262971	0.0009072406	0.0005837031	9.589324e-05	0.0030220714	0.00040015843	0.00053020037	0.0022721177	0.0005312617	0.013052564	0.0028068747	0.00042732502	0.0036389937	-22.61579132080078
s02e19b	280.0	5.0	0.8138116	0.8138116	0.016031614	0.005273729	0.0004842355	0.004122778	0.09876679	0.0014126968	0.0014944416	0.025372751	0.00022082374	0.00031445356	0.0005082459	0.0016077759	0.0007196396	0.0015836549	0.00126119	0.0005424217	0.0035970567	0.0822199	0.002488856	0.0011453666	0.002488856	0.0013733584	0.0010274255	0.0013733584	0.017148348	0.0034830484	0.0020219889	0.00049196143	0.00019662722	0.0007351905	0.002160627	0.000353569	0.00023916706	0.004023084	0.004023084	0.0012317032	0.014241786	0.008847869	0.0005598059	0.014241786	0.0010964558	0.016604347	0.013843155	0.0014875769	0.0018919485	0.0008537308	0.01690178	0.0018144638	0.0020618986	0.0014305877	0.00030881437	0.00023698815	0.00039290605	0.0004300788	0.00022074037	0.00039536596	0.00014856114	0.0011726873	0.00041012032	0.00076274987	0.00077368534	0.00025808785	0.002930997	0.0016005436	0.00025495075	0.010567901	0.0003482699	0.0004668416	0.003880985	-22.96357727050781
s02e19b	285.0	5.0	0.5442318	0.5442318	0.00891434	0.0019709545	0.00047654743	0.0012542349	0.005117355	0.0008624643	0.00089924684	0.008426505	0.0011235564	8.624958e-05	0.0022827587	0.01661099	0.0009694522	0.00030065305	0.0003355455	5.9445763e-05	0.0006080603	0.00085981074	0.0077172522	0.0077172522	0.0011408911	0.0041518826	0.0013452607	0.0041518826	0.017780457	0.002362472	0.0011194001	0.00027156027	0.0006408035	0.00028289636	0.0020865262	0.00032468958	0.00011241244	0.0008876421	0.000650213	0.00034367346	6.1560015e-05	0.00014324635	0.00034857832	0.00014324635	0.0014281669	0.0007754642	0.0008692461	5.20054e-05	0.0006117792	0.00015544666	0.0013786842	0.0012157601	0.0006286252	0.32938865	0.00038212852	0.02626469	0.00056368636	0.00028561594	0.0002194023	0.00020527664	1.6443906e-05	0.00023734588	0.0006809348	0.00010341031	0.0008219566	0.0058503905	0.052073617	0.20852394	0.0017142702	0.0060489182	0.0005271278	0.0011130436	0.20852394	-27.252124786376957
s02e19b	290.0	5.0	0.036416367	0.036416367	0.0017092476	0.00088645285	0.0011618038	0.01368958	0.012646526	0.0024605363	0.01852561	0.006350769	0.0019232954	3.4065855e-05	0.00035067654	0.0024254587	0.00071489037	0.00034554608	0.00096844917	0.0011053865	0.031756938	0.04567264	0.0032034153	0.0018247545	0.00096306147	0.005021986	0.0006033406	0.005021986	0.7216412	0.25512803	0.20153102	0.0008627405	0.00026688902	0.001219927	0.03684587	0.0004169529	0.0072004725	0.0060026483	0.0060026483	0.0019216221	0.014201155	0.020381926	0.00089546124	0.020381926	0.00046521286	0.012700578	0.06222907	0.0077933944	0.0030152176	0.0023088611	0.008333749	0.0012480445	0.0063535175	0.0032049166	0.0004898774	0.0010393141	0.001877035	0.0010285166	0.00740796	0.00039804686	0.00019094585	0.0023729007	0.0003009688	0.00016170547	0.0011860089	0.0008673617	0.0016020569	0.02700687	0.0008378624	0.0060176062	0.0018502031	0.0003023216	0.02700687	-19.53204345703125
s02e19b	295.0	5.0	0.8283367	0.8283367	0.0073143053	0.0015679126	0.00021582405	0.00083814433	0.0074403044	0.00035746067	0.0045844973	0.00046273854	0.00017893665	0.0002064199	0.0018082845	0.0014165059	0.0009161828	0.000119576915	0.0011361609	0.0005918584	0.0017199364	0.0012575471	0.0027041119	0.0012466118	0.0013249473	0.0014029017	0.00060817675	0.0014029017	0.6880108	0.09269724	0.0466065	0.004532167	0.00053291844	0.0027147154	0.0050380086	0.00016262752	0.0022517347	0.023237986	0.016154502	0.023237986	0.010463294	0.055751935	0.0069937143	0.057588425	0.0013471376	0.050570887	0.0516961	0.0017497804	0.0007510884	0.00025776692	0.00910299	0.0030320194	0.013252862	0.0069193947	0.0002163777	0.0013300215	0.00054434687	0.0023202798	0.0013040184	0.002974942	0.0009411213	0.0006962887	0.00016527712	0.0004414355	0.0020413673	0.0038095796	0.0010144294	0.0008843619	0.0008206786	0.0066090906	0.00085281243	0.00013127479	0.0044291453	-23.95382308959961
s02e19b	300.0	5.0	0.50710255	0.50710255	0.001755494	0.0004044169	0.00020174013	0.0014669794	0.001387948	0.0006441787	0.00044340186	0.0026720604	0.00077194505	5.8457037e-05	0.00081388565	0.07609793	0.00044191632	6.925122e-05	0.0007071293	0.00052310136	0.002200623	0.0088961385	0.1244688	0.006856887	0.0009468492	0.0019896198	0.0007291888	0.0045637586	0.052914187	0.0028926448	0.000660259	0.00027269433	0.00012362424	0.00015727752	0.0023522412	0.00019609531	0.00019428613	0.013530259	0.013530259	0.010937224	0.0009313276	0.0033202418	0.0022200034	0.0033202418	0.024832934	0.006559487	0.0030578268	0.0003171905	0.00062496564	0.00032756277	0.006593184	0.007088262	0.001004525	0.04599131	0.00012994777	0.010726831	0.0003994476	0.0002660027	0.000120411954	0.00010175678	0.00011123333	0.0007113788	0.00010831148	0.00037169535	0.0018818446	0.0007436143	0.006931722	0.032191273	0.001401559	0.00812079	0.0009042452	0.00013340564	0.04076662	-29.764291763305664
s02e19b	305.0	5.0	0.87623006	0.87623006	0.006744012	0.0026086657	0.00054762856	0.00034046473	0.0027397783	0.00056420505	0.001476033	0.0043536364	0.0003672148	0.00050360814	0.022297837	0.029155683	0.0019416155	0.00017785262	0.0004386389	0.00023176993	0.00012543375	0.0007040566	0.09846714	0.035318498	0.004594952	0.00465927	0.005319797	0.07305144	0.022402627	0.0037066578	0.0012425854	0.0005879284	0.0004546781	0.000523248	0.0017584597	0.00023668376	0.0001844355	0.008483495	0.0024825165	0.0022332666	0.0030442136	0.0010345288	0.0003897534	0.0030442136	0.0059541613	0.011920182	0.0030610557	5.319933e-05	0.00031303606	0.00035782874	0.00093520136	0.011341299	0.0009711787	0.008237391	0.00037192396	0.004527712	0.0007031058	0.0010417859	0.00024860265	0.0047169277	0.00044945703	0.0006953418	0.00032243773	0.0006509679	0.0018014446	0.0007720003	0.00045267926	0.0010296862	0.0005353089	0.016952412	0.0003954106	0.0006295168	0.006260483	-24.24588966369629
s02e19b	310.0	5.0	0.8455179	0.8455179	0.0230582	0.0057120784	0.00025421334	0.00021334332	0.00076128705	0.00020660106	0.00087723497	0.0013146388	0.00018627742	0.00014374193	0.00992661	0.015056843	0.0017539281	3.709918e-05	0.002002605	0.0003773957	0.00029294327	0.0007810106	0.007977214	0.0014640696	0.000861615	0.0013005938	0.00095493224	0.00938596	0.027131876	0.0068100984	0.002676509	0.00094489	0.0005834086	0.0011968424	0.0036389246	0.00036155488	0.00031464698	0.032001976	0.0032580227	0.022119394	0.0063194497	0.0021022873	0.0027428807	0.0063194497	0.010697895	0.0074881967	0.0021005564	0.00010795996	0.00022403838	0.0003329818	0.0011796397	0.004205903	0.0013088301	0.011820326	0.0005159535	0.00649426	0.0029811007	0.0022005653	0.0003127777	0.029903427	0.00030740234	0.0005608444	0.0012404462	0.00012607986	0.012184831	0.0036796958	0.0013510874	0.0012177593	0.0016324447	0.037035577	0.0012372985	0.00038632832	0.022406554	-23.561399459838867
s02e19b	315.0	5.0	0.85392743	0.85392743	0.007756751	0.0057901638	0.00064847554	0.00030665065	0.0009960723	0.0009351296	0.0016987311	0.002368365	0.00054407347	0.0006803893	0.0030861048	0.022491433	0.0019143971	0.0001977099	0.00061796734	0.0005696404	0.00014348749	0.0004164504	0.040041596	0.01605742	0.009730915	0.015239487	0.010291949	0.015239487	0.048523273	0.0063951616	0.0019224938	0.00085008645	0.0005329006	0.001001312	0.0023311258	0.0014399688	0.00024010178	0.011929807	0.0020182377	0.00656786	0.0034153278	0.0008781365	0.00094751164	0.0034153278	0.0054606698	0.005054573	0.001315332	5.423902e-05	0.00029543389	0.0004033802	0.0011617866	0.003804892	0.00107551	0.006013467	0.0012025452	0.0037329348	0.004514119	0.0026447389	0.00019394391	0.029739015	0.0004904659	0.002163733	0.0011700217	0.0006760393	0.007927502	0.0025995306	0.0005780182	0.0013598073	0.0061512985	0.011210131	0.004749377	0.0006207151	0.007927502	-21.839588165283203
s02e19b	320.0	5.0	0.87502366	0.87502366	0.011520942	0.114911884	0.00048236715	0.00040624788	0.0014646706	0.0009349278	0.002821142	0.0022131726	0.00028396051	0.000428405	0.0033873145	0.0018227068	0.0008561115	9.348728e-05	0.0003970982	0.0007220694	0.00022251434	0.0006914852	0.003283468	0.002763712	0.0010386984	0.0047874455	0.0018017818	0.0047874455	0.05301075	0.007326165	0.0025083045	0.00065262365	0.0003045735	0.00082950544	0.002787424	0.00038087124	0.0003118612	0.0023081815	0.0004095794	0.0014654748	0.00042661533	0.00022922919	0.00030947517	0.00042661533	0.0006178298	0.0016992043	0.002009748	3.9747152e-05	0.00014015887	0.0002994804	0.0006441084	0.00035559028	0.0010072908	0.00102044	0.0005686759	0.0013152005	0.0007314183	0.009195449	0.0012047482	0.012867581	5.4825137e-05	0.0003432794	0.0005354375	0.00017839407	0.0024861193	0.0010986761	0.00030717617	0.0002990208	0.0007104791	0.0037359651	0.0007332433	0.00034190746	0.0052030236	-20.35444641113281
s02e19b	325.0	5.0	0.8106175	0.8106175	0.015122175	0.0638645	0.00088808115	0.00035502444	0.0013106433	0.0021066223	0.0022317022	0.0055940454	0.0011265568	0.00069220253	0.004717765	0.009346968	0.0031990195	0.0003162677	0.003005457	0.0008619817	0.0004917969	0.0006738532	0.013193953	0.008989629	0.0020761914	0.0061960607	0.0049151983	0.0061960607	0.06145306	0.0075133466	0.0014925416	0.001388715	0.0009274513	0.0015129866	0.0021643941	0.0012394966	0.0004015243	0.013288103	0.0023475294	0.008961949	0.009738974	0.0019844736	0.0007505929	0.009738974	0.0047840867	0.0069621503	0.0031644774	0.00014498302	0.00040959872	0.0010265993	0.0012796292	0.0015926325	0.0012791685	0.0033511033	0.001843404	0.0086635025	0.0012581305	0.009950192	0.0010611275	0.043684367	0.00054307637	0.0013855274	0.0049232724	0.00025748028	0.015818732	0.001968698	0.00080817105	0.0016554679	0.0012824477	0.029482082	0.0033074345	0.0004159158	0.032086812	-21.53083038330078
s02e19b	330.0	5.0	0.92142105	0.92142105	0.018186545	0.012688703	0.0005834022	0.0005176831	0.005459834	0.01342818	0.0024065285	0.0021227004	0.00080625573	0.0006508962	0.11109946	0.019454697	0.0024467923	0.00035164773	0.00081268954	0.0002965172	0.00046637972	0.0026538041	0.028204659	0.005918782	0.0018150184	0.0036120897	0.0022210227	0.006148113	0.049488258	0.0054571494	0.0017237392	0.0010661504	0.00048647166	0.0009842962	0.0012605211	0.00044803877	0.00027026032	0.006521409	0.0025891108	0.0033984093	0.0023752057	0.0012933267	0.0006615086	0.0023752057	0.0047294307	0.007196486	0.006011161	0.0002193979	0.00030296127	0.00065543485	0.002421112	0.0038097568	0.0023495192	0.012598353	0.0008161134	0.004976661	0.0006055904	0.006413641	0.00022518304	0.006292779	0.0010378902	0.0009476999	0.0009494211	0.00021312536	0.0059368634	0.001969415	0.0009866153	0.0010526708	0.0011004154	0.0062103113	0.0014253075	0.0003734964	0.037041306	-21.79889869689941
s02e19b	335.0	5.0	0.7938405	0.7938405	0.02396838	0.11391262	0.00090499455	0.0004524584	0.0028716172	0.0025044302	0.003101361	0.002550534	0.00061421667	0.0005437658	0.0033106378	0.0043130433	0.0007789366	0.00025069344	0.0031290893	0.0010210683	0.0003054299	0.00229983	0.008762361	0.008762361	0.0016753242	0.0057425066	0.0013601001	0.0057425066	0.07660403	0.006799045	0.0015484279	0.00088382995	0.0009947882	0.0013737013	0.012181337	0.0008282299	0.0009122021	0.0022165447	0.0010507101	0.0012865217	0.0014204694	0.000583169	0.00050878973	0.0014204694	0.001019112	0.0039619296	0.004053331	0.00015942214	0.00038030252	0.00067828485	0.00239184	0.000863069	0.0019497622	0.0056987996	0.00027291308	0.005084213	0.0046813204	0.053737503	0.001052715	0.019379754	0.0006968895	0.0008164222	0.0073437854	0.00031226405	0.0040514665	0.009360095	0.0024864126	0.0047016623	0.0015787882	0.006894824	0.0023795858	0.0003031138	0.15936843	-20.43350982666016
s02e19b	340.0	5.0	0.8306673	0.8306673	0.059767667	0.025610266	0.0003570353	0.0028255845	0.24246673	0.0037229396	0.0029791894	0.009525607	0.00013500269	0.00030860218	0.001551833	0.004149322	0.0046912176	0.0014915826	0.004014253	0.0006869118	0.0022402785	0.35459638	0.006379501	0.0019112508	0.0024610478	0.0015817756	0.00061344146	0.0020918767	0.02370484	0.004777811	0.0023991126	0.0005994624	0.00041570433	0.00081026455	0.0024082405	0.00024655118	0.00027065794	0.0011613098	0.0011613098	0.00026268174	0.0039526126	0.0012750225	8.398235e-05	0.0039526126	0.0008603332	0.013250643	0.0092453	0.0010794259	0.00022195494	0.00054020283	0.0015579448	0.003041776	0.0018021702	0.017525757	0.00036212907	0.018069709	0.0006512266	0.0037897127	0.00051549904	0.00054789975	0.0010316746	0.00078716513	0.0007954627	0.00022156359	0.0047126	0.0017880514	0.00046520264	0.0071790023	0.0026417233	0.002241765	0.0051727565	0.00031181987	0.022942489	-20.65828514099121
s02e19b	345.0	5.0	0.909126	0.909126	0.013169545	0.025152294	0.0014658343	0.0011623922	0.047711905	0.0072353254	0.0009134728	0.00577271	0.0030054916	0.0009517246	0.013842698	0.011067462	0.0073083867	0.0034021905	0.000703086	0.002091372	0.00051522197	0.0031736556	0.26247463	0.007873659	0.005147827	0.006093564	0.0026766108	0.0063625216	0.03527262	0.0036772562	0.0013790184	0.00067221024	0.00044936704	0.0005194482	0.0020974772	0.00040230976	0.00025862016	0.005587601	0.0036002505	0.0037278382	0.007877646	0.0025713057	0.00062535354	0.007877646	0.0015390005	0.008185874	0.01648478	0.000499174	0.0018131085	0.00041942374	0.0029614263	0.0063990625	0.0036004984	0.0024269337	0.00039949772	0.0015970211	0.0004438395	0.00421755	0.00036592857	0.001627932	0.0003777465	0.0010011032	0.0011763542	0.00045859301	0.0016428087	0.0005781394	0.00040938443	0.0017008277	0.0008828906	0.008180319	0.00089089706	0.0004069025	0.006302301	-20.99967193603516
s02e19b	350.0	5.0	0.7380574	0.7380574	0.09890202	0.012926672	0.0009308614	0.0037889045	0.07364877	0.0055762962	0.0045898184	0.0011741382	0.0011680307	0.0010393981	0.050087143	0.014769164	0.0009341434	0.00059435645	0.004200614	0.00039905217	0.043843966	0.016765717	0.007679587	0.007679587	0.0046870518	0.0030606147	0.0006725367	0.0030606147	0.053008527	0.02191451	0.004246853	0.0014151076	0.0002357698	0.0009664288	0.0031252229	0.00036525435	0.00032230435	0.002448202	0.002448202	0.0010915482	0.0048929406	0.0048031816	0.00025237026	0.0048929406	0.0011921678	0.0101429615	0.012698677	0.0030672785	0.0019166049	0.0014143168	0.009885594	0.002739002	0.0012241482	0.027738351	0.00025636842	0.0011196411	0.0009418202	0.004160641	0.00011512181	0.0010648683	0.00022852999	0.0016458983	0.00063141406	0.000640523	0.0024127548	0.0013362849	0.0008590332	0.0033880312	0.0012242758	0.007805845	0.0075304084	0.00061131554	0.047934227	-22.663061141967773
s02e19b	355.0	5.0	0.72259974	0.72259974	0.0042147716	0.0010160732	0.00017494705	0.00027212917	0.00055833755	0.00076047966	0.0008394435	0.0025919827	0.00055197754	0.00022187222	0.0068129175	0.2454471	0.002041484	0.00031110545	0.00070532155	0.0001491846	0.00066733925	0.00047747025	0.043422174	0.0075674797	0.0010480369	0.0027512908	0.0012854658	0.008131321	0.016657962	0.0020978553	0.00061555253	0.00045149503	0.00021465572	0.00029405244	0.0010669688	0.00024958779	0.00017327562	0.0165262	0.009907279	0.0060119447	0.002387734	0.0016772936	0.0010679201	0.002387734	0.013061463	0.0153855905	0.0064211297	7.981788e-05	0.0004917814	0.00027720173	0.002120098	0.010188304	0.00081933226	0.053328343	0.00044854108	0.0103601795	0.0021003284	0.0017629192	0.00040642722	0.002078993	0.0004624184	0.00054938305	0.00043744573	0.00061042677	0.0033693863	0.0034865472	0.0033265168	0.019974297	0.00069982355	0.0063457796	0.0005450122	0.001108274	0.05156186	-25.15073013305664
s02e19b	360.0	5.0	0.7933704	0.7933704	0.028760495	0.0070442036	0.000445824	0.002796998	0.10939542	0.00053551455	0.0015461647	0.0030501615	0.00033343546	0.000417347	0.0032819004	0.01587882	0.0026731128	0.00032364437	0.0018535904	0.000747817	0.0054386505	0.054067194	0.0073781223	0.0037611807	0.0012347584	0.008104299	0.0035837747	0.009295102	0.03410274	0.012435415	0.0033779894	0.001385466	0.0005511215	0.0013813955	0.0060224654	0.0003525537	0.0002407707	0.020502187	0.006718316	0.015863337	0.06931224	0.007315645	0.0010277996	0.06931224	0.005303341	0.026296621	0.0026607823	0.0004947034	0.00028712768	0.0005029517	0.0018778489	0.0049002017	0.0012267459	0.005111432	0.00014760831	0.0031699333	0.0010195101	0.0016509803	0.00048507305	0.008379934	0.00042341484	0.0007401797	0.00016489634	0.00030743223	0.0022850458	0.0029352251	0.00059511716	0.0017362002	0.002053822	0.0416135	0.0027373494	0.0005074951	0.026979387	-21.802452087402344
s02e19b	365.0	5.0	0.8061372	0.8061372	0.03548783	0.021260208	0.0021679117	0.0028023683	0.04774027	0.003109613	0.0027101303	0.0022228993	0.0016513695	0.00049422175	0.005258537	0.044610377	0.0049492046	0.00019172906	0.0050106696	0.0013208651	0.0037009884	0.0071386076	0.024464337	0.00850699	0.0013443641	0.0051819175	0.001356234	0.008055889	0.041551977	0.010248147	0.0024990398	0.00088107376	0.00065276923	0.000850855	0.0051210024	0.00037118455	0.00042274737	0.0037730597	0.001821158	0.0019551506	0.0038126318	0.0014399312	0.00039067183	0.0038126318	0.0043074116	0.007579802	0.0021140107	0.00013321839	0.00025628018	0.0005495043	0.0010851527	0.0021320223	0.00094503356	0.016357122	0.0004874627	0.010697451	0.0038838864	0.007731831	0.00021351915	0.010032738	0.0011881125	0.0011135918	0.0009584274	0.00036687677	0.0076677753	0.00090659683	0.0004260746	0.0044624447	0.0013922852	0.01593659	0.006271816	0.000189933	0.051581603	-20.720338821411133
s02e19b	370.0	5.0	0.83096266	0.83096266	0.033916753	0.043098662	0.00015314505	0.0023014063	0.28098503	0.00072289765	0.0017808429	0.001687798	0.00015134181	0.00035480672	0.002319483	0.008492364	0.004733147	0.00043376358	0.0019591174	0.0007260619	0.0044020414	0.05597481	0.02386527	0.001813856	0.0015858262	0.015265392	0.0020924748	0.015265392	0.027287599	0.005431717	0.0019755203	0.0012835078	0.00075710716	0.0010566858	0.0018324404	0.00038538888	0.00031745824	0.0014195652	0.0014195652	0.00092657155	0.003991031	0.0019999023	0.000116984585	0.003991031	0.0011927004	0.004869515	0.0030711682	0.00056781905	0.00042551264	0.0008857382	0.0018835793	0.001557869	0.0015223288	0.0049113724	0.00049006124	0.0013234571	0.000808597	0.0025939692	0.0010839729	0.0037557886	0.0011406715	0.0009795738	0.0002773146	0.00047706763	0.0012591783	0.00068999286	0.00024824406	0.0030359947	0.0009866859	0.00808254	0.0033216842	0.00012465812	0.024928221	-21.66204833984375
s02e19b	375.0	5.0	0.8569163	0.8569163	0.007677393	0.0015102914	0.00018098409	0.0005113354	0.006277567	0.00043255993	0.0012931629	0.0031620224	0.00017992279	0.00019222146	0.010798642	0.027287295	0.0054673296	0.00012610079	0.00073920406	3.1386582e-05	0.0006441848	0.0077525945	0.021350827	0.009908893	0.0006900599	0.011276819	0.003604555	0.041214045	0.016345395	0.004861213	0.001923299	0.00086261274	0.00034977723	0.0008184365	0.0017067369	0.00010877756	0.00014240971	0.006997978	0.00095757213	0.0064591067	0.0049225013	0.00038342847	0.00047939274	0.0049225013	0.022678008	0.010866926	0.0026697794	0.000111186346	0.00054874725	0.00023955732	0.0006645711	0.008757251	0.0010773927	0.0135222105	0.00028792268	0.0061287154	0.0024716684	0.0015560988	0.0003862212	0.0034563295	0.0025353236	0.00039789247	0.0005330378	0.00019931536	0.0072437664	0.0018370923	0.00020627491	0.00045718363	0.0008907163	0.016916586	0.0015476348	0.0004642352	0.02716845	-24.165285110473636
s02e19b	380.0	5.0	0.84388006	0.84388006	0.0036122254	0.0019985912	0.0011272556	0.00031972135	0.0014395192	0.0015131457	0.0007195868	0.009101403	0.00054363103	0.00013676574	0.00537253	0.100395985	0.120035626	0.0016800737	0.0010600626	0.00066706905	0.00019313987	0.00024526962	0.06607614	0.06607614	0.009825402	0.00560041	0.00343505	0.007840369	0.023962263	0.00460983	0.0010904517	0.0007119831	0.00049207115	0.00070254557	0.0013947118	0.00016252985	0.00016711887	0.0040745125	0.0020633885	0.0007829511	0.0019128433	0.0006361621	0.00024161192	0.0019128433	0.026833871	0.012240785	0.0018603003	5.9245427e-05	0.00017567286	0.00024350295	0.00092336803	0.00671999	0.000823346	0.013877065	0.00049946265	0.005606763	0.0032852618	0.0007840501	0.0004641051	0.025628462	0.0011634346	0.0005045177	0.00070188503	0.00019923669	0.0036448662	0.0010607182	0.00044975616	0.0023468875	0.00038961894	0.046119396	0.003210485	0.00025593076	0.015745532	-25.320011138916016
s02e19b	385.0	5.0	0.8359865	0.8359865	0.017641852	0.0032191072	0.00032578228	0.00071792444	0.0024334406	0.0005831656	0.004252323	0.008941242	6.1896775e-05	0.00034273788	0.009553198	0.010711176	0.0031185243	0.00067532965	0.00626837	0.00021763197	0.0004799773	0.001384813	0.016108526	0.016108526	0.0009405306	0.00322244	0.00078515627	0.086912364	0.09974619	0.017497553	0.005352407	0.00074331457	0.0002939936	0.0008193206	0.0029862043	0.00091418595	0.00038430328	0.0039327294	0.0006788956	0.0034958208	0.0015556738	0.00044946346	0.0005043456	0.0015556738	0.0077555072	0.0017744361	0.0016106915	7.359983e-05	0.0003181524	0.0002358847	0.000779891	0.0031156912	0.001502694	0.058384296	0.00029023335	0.012948453	0.011994427	0.0033072	0.000663989	0.003732433	0.0005748486	0.00080077385	0.0009929163	0.0008165754	0.015067065	0.0043046987	0.0023213485	0.0061224154	0.0017908717	0.02054917	0.008665563	0.0002922559	0.021473808	-25.3525447845459
s02e19b	390.0	5.0	0.7722502	0.7722502	0.027598472	0.0057613114	0.0003539545	0.0015162713	0.23663819	0.005700907	0.0016915415	0.0013407532	0.00087814615	0.00018119732	0.01804157	0.019381404	0.0023197478	0.0023237097	0.0018424252	0.0010255578	0.0013904433	0.00785625	0.03539587	0.0027226408	0.002042232	0.0022539524	0.00085740007	0.0022539524	0.02798751	0.0067132297	0.0041467277	0.0015668947	0.00046546682	0.0012516499	0.0015134203	9.91654e-05	0.00018472008	0.0010166484	0.0010166484	0.00051605946	0.0026738094	0.0016038816	0.00010430002	0.0026738094	0.0043331557	0.0073342086	0.015123362	0.00029070664	0.0006808667	0.0003195248	0.0053722574	0.0016826462	0.0046532857	0.02161845	0.0002009624	0.0024730326	0.0008903552	0.0037079786	0.0009498373	0.012306204	0.0025976694	0.00045521717	0.00053040136	0.0003465069	0.0034887814	0.0022385484	0.00064774696	0.008951088	0.001767304	0.0042065782	0.0014783201	0.0003256767	0.008951088	-23.394906997680664
s02e19b	395.0	5.0	0.39295822	0.39295822	0.026388228	0.0022166385	0.0013916435	0.014563679	0.18255995	0.002644579	0.026723962	0.0026023323	0.000788083	0.00011883805	0.0013528656	0.008488232	0.0017743532	0.00065114227	0.003411407	0.0020003554	0.033208586	0.038188405	0.0027801793	0.0027801793	0.0014505887	0.004946263	0.0013672868	0.004946263	0.71588725	0.08887679	0.054005172	0.0010623417	0.00020973226	0.0010841949	0.014923066	0.000250552	0.004459937	0.0008295741	0.0008295741	0.00042036898	0.003433227	0.0016379631	0.00020848097	0.003433227	0.0007581215	0.0052169026	0.020817773	0.0007344105	0.0005410848	0.0006065403	0.0037424378	0.0047197756	0.002069108	0.020390963	0.00012966247	0.0020890804	0.0006905783	0.0026075246	0.0024540399	0.0008727288	0.0005567693	0.00051931426	0.00014912686	0.00019829912	0.0020034476	0.0016018045	0.0025085816	0.027738765	0.00077513396	0.0031962807	0.0046362863	8.856096e-05	0.027738765	-20.93481063842773
s02e19b	400.0	5.0	0.029596755	0.029596755	0.0005283009	0.00018468504	0.00092795683	0.0014969412	0.0005172956	0.00054146943	0.040041015	0.0007493257	0.0002775135	0.00061335554	0.00060327974	0.0023519818	0.0003855024	0.00020227327	0.00036273996	0.00071103824	0.0011661507	0.0014680554	0.006435047	0.0029236178	0.0030324878	0.009599913	0.010690903	0.010690903	0.8444684	0.2919133	0.2885504	0.003033223	0.00048715496	0.0022079013	0.021608252	0.0025944987	0.014164534	0.009805135	0.0015480666	0.008012831	0.0073389835	0.002366536	0.0031979885	0.0073389835	0.00059489487	0.003629592	0.002938892	0.0002570258	0.000595989	0.00022523459	0.0016535682	0.0023178216	0.0003871359	0.00022416594	0.0004667744	0.0015681008	0.0005117313	0.00056964724	8.14605e-05	0.00040569654	0.0005029073	0.00034007643	0.0011265214	0.0010714786	0.0007447958	0.0004577442	0.00086153497	0.0006888066	0.00095819734	0.010257922	0.0008223428	0.00027033093	0.01169851	-21.60600852966309
s02e19b	405.0	5.0	0.638185	0.638185	0.0042010327	0.019653833	0.0019613097	0.0017542486	0.0012319109	0.00075670175	0.010067465	0.03583977	0.00019999058	0.0002922871	0.0017541016	0.006413039	0.0030794793	5.767068e-05	0.0012088047	9.5644566e-05	0.0006911893	0.0011132434	0.03045528	0.025939098	0.005015231	0.0038928417	0.0040443726	0.0050456556	0.4511684	0.026815347	0.0033166523	0.0010672539	0.00010806213	0.0005981196	0.0052758907	0.0068800654	0.00087063113	0.014184796	0.0011784834	0.013013371	0.008670574	0.0014972555	0.0007147327	0.008670574	0.0009308525	0.006633297	0.0013772433	0.00015226501	0.0001868563	0.0002668122	0.0007953778	0.0036815123	0.000284291	0.0021775775	0.0017476693	0.0008317722	0.0563467	0.00018536672	0.00010097653	0.0005156413	0.00010412463	0.0016338076	0.00015956814	0.00033152665	0.0013938413	0.0013709102	0.0003606564	0.0012726397	0.056306325	0.010291021	0.00883555	0.00025493302	0.056306325	-26.61356735229492
s02e19b	410.0	5.0	0.89644	0.89644	0.05314662	0.089768745	0.00050511677	0.005626396	0.0979242	0.004004228	0.0020060847	0.005465743	9.628807e-05	0.0006890091	0.0010023061	0.012748344	0.0027248247	0.000595179	0.0018836404	0.00096989056	0.0062721134	0.05206601	0.0060784123	0.004371708	0.0013400523	0.002931471	0.0012394624	0.0041223	0.051679503	0.008872927	0.003798434	0.0011250114	0.0004629708	0.0012817468	0.005179172	0.00049520255	0.0003093663	0.002828375	0.0023061123	0.0015737287	0.015393024	0.004111622	0.0002595633	0.015393024	0.0008998789	0.0094198575	0.004479137	0.0005908633	0.0004586197	0.0014232817	0.001292932	0.0021422543	0.0011190355	0.0033065088	0.00049618445	0.0014343016	0.00044238102	0.003470148	0.00038588035	0.004477245	0.00042145356	0.0011946355	0.00027258985	0.00038771445	0.0012839179	0.00054484385	0.0006288832	0.0013968499	0.001675648	0.011741142	0.0040524225	0.00023202332	0.012104399	-23.95621490478516
s02e19b	415.0	5.0	0.8684129	0.8684129	0.012974746	0.2723718	0.0006231855	0.0015978037	0.005558458	0.0011965004	0.0019976462	0.017608916	0.000106699474	0.00023518738	0.0055919215	0.0041082064	0.00282489	0.00039042273	0.001407329	0.00046515034	0.00038285283	0.0024462673	0.015449382	0.015449382	0.0012600422	0.002754165	0.0017097155	0.007240773	0.06933118	0.006047975	0.0017311604	0.0011026012	0.0007679036	0.00095801114	0.0014804398	0.0021756059	0.00036848508	0.0036222187	0.00081868964	0.00090998237	0.0030084061	0.0008381854	0.00013887521	0.0030084061	0.00066354015	0.0035270983	0.0054875645	0.0002612678	0.00028015755	0.00077940885	0.0013195894	0.0018036112	0.0010498156	0.0042990367	0.0009834695	0.004300131	0.0022147484	0.0039173495	0.0011885846	0.06784992	0.00069189584	0.0010002871	0.000924272	0.00023859789	0.007365163	0.0008983886	0.00017075698	0.0003989871	0.0023157827	0.009869776	0.004708777	0.00022652184	0.010411227	-21.791976928710938
s02e19b	420.0	5.0	0.7848806	0.7848806	0.0065639196	0.018057559	0.00010611623	0.0009118658	0.052519422	0.00013546884	0.008571251	0.02063629	0.00011252311	7.0370865e-05	0.0064590205	0.010391271	0.0006950688	0.0015319014	0.0015295445	0.0002470995	0.00094427087	0.01734581	0.014731617	0.001602214	0.004771428	0.0024657347	0.0005872899	0.0024657347	0.37388685	0.011211834	0.0027426758	0.00045235577	0.0006894614	0.0009841537	0.0020969133	0.00037548118	0.0030484002	0.0006094339	0.00056999753	0.00023915316	0.0012255757	0.00029860172	6.5163746e-05	0.0012255757	0.00047339336	0.008762059	0.0052405093	0.00010554816	0.00012981106	0.00048439592	0.0028868197	0.003603543	0.0018813064	0.12749246	0.0009605327	0.32480302	0.020154499	0.0016347116	0.0014360605	0.0011419207	0.00024296516	0.00071432174	0.00039562082	0.00027860785	0.030042008	0.008693338	0.00015833291	0.004700449	0.002057394	0.0047860006	0.020271244	0.0002490304	0.03197231	-23.119775772094727
s02e19b	425.0	5.0	0.8201944	0.8201944	0.047297068	0.049852792	0.00040123885	0.00964762	0.1520185	0.0028468352	0.0044981	0.004206486	0.000108312815	0.00080307445	0.0004173482	0.004447071	0.0012604179	0.00042419095	0.001730288	0.00047920496	0.012517506	0.47786883	0.0026713312	0.0025640784	0.0016940121	0.0016833567	0.00041614403	0.001980086	0.054611746	0.0073996685	0.0034199953	0.0013741618	0.00060980517	0.0014995427	0.0024944725	0.0006927833	0.0007562757	0.00075563206	0.0004010624	0.000715634	0.0036349453	0.0007346201	0.00016632686	0.0036349453	0.0005868451	0.0029474697	0.0064703193	0.00062916044	0.0003126197	0.0011780076	0.003078951	0.0013225538	0.0026608023	0.0037490965	0.00023068482	0.0005789401	0.0010677039	0.0056410045	0.00066406745	0.0012912934	0.00060382567	0.0013717631	0.0005026979	0.00026999967	0.0013105558	0.0007975347	0.0004933975	0.0011197051	0.0017384677	0.0032501903	0.0033338699	0.00016973558	0.0043989453	-21.55559539794922
s02e19b	430.0	5.0	0.82266974	0.82266974	0.027918926	0.017254353	0.0012834698	0.0033772718	0.031382263	0.005965696	0.0042536333	0.007588247	0.00485112	0.0002363347	0.0026657914	0.009192252	0.0016725105	0.0021639667	0.0020952318	0.0018506311	0.0032957664	0.023131238	0.018988594	0.01790214	0.0012254216	0.0072545796	0.0029846132	0.0072545796	0.052988112	0.007269595	0.0033979542	0.0010075773	0.00025217424	0.0006310732	0.0031601696	0.00054460607	0.00058585533	0.008615805	0.0065186475	0.008615805	0.0039010805	0.0066665085	0.007109887	0.0066665085	0.0018691951	0.020153133	0.016432801	0.002239115	0.0014504457	0.0006938689	0.037220832	0.0026831946	0.004678602	0.024888849	0.00065396295	0.0050471425	0.00083757465	0.0066211927	0.00037090672	0.001157396	0.00039443083	0.0008931111	0.0018029794	0.00065649644	0.003055245	0.0032535628	0.006152534	0.0044915667	0.0019147833	0.0067145946	0.004789927	0.00037509977	0.015763603	-22.3281307220459
s02e19b	435.0	5.0	0.8229268	0.8229268	0.03311209	0.13461179	0.0002454673	0.0037185275	0.1330189	0.0030170297	0.006507731	0.008487759	0.0027635717	0.0004104121	0.0047555137	0.002424911	0.0026266125	0.0012299358	0.0036873624	0.0020667226	0.01708229	0.01091432	0.009044321	0.009044321	0.0024695317	0.0013676625	0.0003136939	0.0013676625	0.043761205	0.0066162106	0.0030850293	0.0014898465	0.00042397526	0.00083564984	0.0014451321	0.0003157387	0.00033497118	0.0017979891	0.0005430081	0.0017979891	0.002392572	0.0007338067	0.0007127692	0.002392572	0.00060775754	0.0019930862	0.005570585	0.000634282	0.00043522858	0.0009283459	0.008203829	0.00053231505	0.0025477018	0.009020714	0.001425801	0.004224609	0.00072084763	0.008459482	0.0021743847	0.007263734	0.00034581815	0.002169123	0.0016854818	0.00020778856	0.001821126	0.0003917745	0.00042552644	0.0054917946	0.0013075019	0.0029099165	0.003940654	0.0006965615	0.0054917946	-21.58356094360352
s02e19b	440.0	5.0	0.5933425	0.5933425	0.028175542	0.0139666265	0.00025610873	0.0033014053	0.07339927	0.0008476974	0.0028496643	0.001952063	0.00037074197	0.00013244778	0.0020288639	0.02179602	0.00015121126	0.00024300731	0.007598761	0.0022408415	0.10874005	0.028004294	0.03254927	0.0038843786	0.0011596307	0.004974154	0.0012048136	0.004974154	0.023540342	0.0056707766	0.001990111	0.0019279345	0.0005942754	0.00095861097	0.002230684	0.0003167173	0.00020117444	0.005245762	0.005200933	0.005245762	0.0037958296	0.0058375057	0.00096269906	0.007435485	0.00080675486	0.005531856	0.009951568	0.0027802875	0.0015425656	0.0006349909	0.07782506	0.0024567635	0.003769523	0.053017195	0.000111165995	0.0030113468	0.001845144	0.00071113475	0.0013326445	0.00045588287	0.00025874938	0.002003895	0.00026295386	0.0008358976	0.005892085	0.0011517154	0.00077438896	0.004218347	0.00077692245	0.012467329	0.0048486805	9.0661975e-05	0.47191742	-20.5795955657959
s02e19b	445.0	5.0	0.7700226	0.7700226	0.025021693	0.1041532	0.0001231785	0.0030978497	0.015887564	0.00027391643	0.004952996	0.004138914	0.0001959501	0.000820871	0.0010930878	0.00622718	0.00041117962	0.0006337243	0.011579299	0.00022868541	0.1987375	0.037339937	0.001596188	0.001596188	0.0009622126	0.002762904	0.000506459	0.002762904	0.049575597	0.015354595	0.004284905	0.0012567174	0.00031130927	0.00068490166	0.010480127	0.00051608874	0.00038586603	0.0007161614	0.00017816051	0.00062276685	0.00065550953	0.00021209597	4.0864914e-05	0.00065550953	0.0004255451	0.000503866	0.0005239128	0.00016763373	0.00035599442	0.0004661017	0.0019489839	0.00018002474	0.0003603318	0.0024303903	0.0005874226	0.0018697787	0.00041712922	0.0010584096	0.0006883498	0.00029093315	9.008646e-05	0.00050717493	0.00060660363	0.0005017682	0.00089678256	0.0002967972	0.00014055368	0.001066199	0.00023435873	0.0024677035	0.0031464505	0.0003957255	0.007923974	-21.11444091796875
s02e19b	450.0	5.0	0.77022403	0.77022403	0.028216809	0.009386554	0.00078495615	0.0022688133	0.0046739853	0.0006939645	0.0017902794	0.0012767075	0.00043039664	0.00024358864	0.00558913	0.022230675	0.0012477956	9.662177e-05	0.0018357324	0.000252824	0.0013980063	0.0044755554	0.0076165125	0.0024380952	0.0010302602	0.0058275517	0.0022814937	0.0058275517	0.036215644	0.007340853	0.0028491777	0.0007316826	0.000592392	0.0006532413	0.0028803344	0.00045546092	0.00028670533	0.0023760973	0.0009091244	0.00076206366	0.0021066864	0.0005636866	0.00015465952	0.0021066864	0.005881749	0.006181889	0.0034898543	0.00010387184	0.00056963175	0.0005015219	0.00066152186	0.001956354	0.0012863961	0.021837503	0.0007917314	0.029023841	0.0031742787	0.010004612	0.0011451468	0.0063656364	0.00071164867	0.0013676871	0.0011483895	0.00023994433	0.007380825	0.0065454384	0.0059832395	0.003167534	0.0014841881	0.010237271	0.003634776	0.0003808607	0.32905108	-21.31483459472656
s02e19b	455.0	5.0	0.8001463	0.8001463	0.012016796	0.0034417016	0.00036364276	0.0023999847	0.029932246	0.0006724272	0.0013243651	0.0016870768	0.00049844297	0.000530186	0.00066306256	0.00481754	0.00056827336	0.0007367202	0.0019517434	0.00070955884	0.0027122109	0.15093875	0.0030329376	0.0021220066	0.002313927	0.0031679661	0.00063710404	0.0031679661	0.03701119	0.0033335579	0.001252715	0.00030176295	0.00019559245	0.0002922152	0.005485072	0.0005702986	0.00023458048	0.010444317	0.010444317	0.0027307824	0.021725524	0.018186292	0.0010347585	0.021725524	0.004540522	0.033439856	0.016291745	0.004250904	0.0011254465	0.0011221141	0.027919786	0.004671748	0.005980171	0.028345931	0.00023330106	0.0022521976	0.0007585515	0.0008010238	0.00042123464	0.00017046562	0.0003067109	0.0009825455	0.00045993176	0.00047878007	0.002953319	0.005564444	0.00594005	0.006846008	0.002487778	0.016733127	0.0018803558	0.00043006195	0.009667376	-20.12619972229004
s02e19b	460.0	5.0	0.84829986	0.84829986	0.0098506985	0.096792445	0.0009157368	0.0013324763	0.039613616	0.0015926325	0.0019154067	0.010012672	8.408436e-05	0.00030124324	0.003137054	0.009198908	0.0024832226	0.0002449833	0.0048528304	0.0018644984	0.0008347855	0.0023525043	0.022300964	0.005456474	0.0017070529	0.006214834	0.0022082387	0.0068782154	0.10434641	0.009301045	0.0026133982	0.0013274336	0.00092352903	0.0014817112	0.0033049781	0.00032422345	0.0010191213	0.004187681	0.0020908008	0.0034370667	0.0021717688	0.0010907572	0.0005206562	0.0021717688	0.0019020241	0.0044829315	0.00145633	0.000104707804	0.00024399866	0.0003858267	0.00089179777	0.0023080134	0.0010435341	0.015434396	0.002166397	0.015302582	0.005419315	0.0072381822	0.0014456875	0.0055079837	0.0004842752	0.0011466247	0.0012323351	0.00029470722	0.0038691778	0.0011115057	0.00035178958	0.004205188	0.0010900057	0.013129875	0.0070390524	7.921709e-05	0.028186427	-20.81702041625977
s02e19b	465.0	5.0	0.88309586	0.88309586	0.026927717	0.11683012	0.0009603094	0.002695316	0.34682032	0.0024264478	0.0032725206	0.0017158393	0.00012432206	0.00023930939	0.0027280387	0.0013779412	0.0038076583	0.00026184958	0.0020637675	0.0008563362	0.0028185009	0.060933027	0.0034199792	0.0011082623	0.00063657935	0.0022757114	0.0006473396	0.0022757114	0.05017524	0.010546896	0.003575298	0.0013830918	0.00035749783	0.0012085785	0.0019574733	0.0001574789	0.0004012027	0.0013500879	0.00049545	0.00059887365	0.0037038624	0.0013826578	7.911405e-05	0.0037038624	0.00059160095	0.0029824956	0.0034217574	0.00030674713	0.00036492563	0.0006053134	0.0011666218	0.0005107796	0.0017801047	0.006538915	0.0007522362	0.0007146356	0.00081784435	0.009597891	0.0020337831	0.056916144	0.0002967072	0.00071533705	0.00034311513	0.0001331168	0.0030290703	0.0017203743	0.00029208625	0.0013787131	0.001913396	0.0056464444	0.0069355797	0.000104643914	0.0069355797	-20.966609954833984
s02e19b	470.0	5.0	0.78083086	0.78083086	0.023703571	0.031812362	0.0004880983	0.003943642	0.0038384537	0.00081312674	0.0009866871	0.0034935556	8.182555e-05	0.00011617641	0.0004905052	0.016939662	0.0006880124	8.694696e-05	0.00057242875	0.00025951973	0.0004997389	0.015529177	0.009047134	0.008175315	0.0012862184	0.0068497276	0.0015378513	0.007241144	0.085455455	0.007340516	0.0014811187	0.00076104834	0.0001889644	0.001012505	0.0024740256	0.002675079	0.0004190922	0.0023394679	0.0012473358	0.00090192014	0.0011822004	0.0007826236	0.00011443568	0.0011822004	0.0011548745	0.005538654	0.0029568328	0.00051487907	0.00031656423	0.0007060324	0.0023790356	0.00063479634	0.0014738601	0.0042643044	0.00038114472	0.0033817866	0.0019292231	0.0022776437	0.00030299163	0.000562615	0.00023881547	0.00060262973	0.00037568202	0.00023448748	0.005388816	0.0020366905	0.0019513597	0.0009588521	0.0024660856	0.0071298494	0.011611216	0.00010131334	0.023870151	-21.67423439025879
s02e19b	475.0	5.0	0.9146025	0.9146025	0.034039333	0.021540524	0.0007965448	0.0021893461	0.22474603	0.0022526125	0.0020339582	0.003093131	0.00027710738	0.00037219393	0.0060685743	0.005548138	0.009048891	0.00049351	0.0022520316	0.0003301263	0.0020463879	0.05053071	0.0109533975	0.007290151	0.0008870139	0.0048741708	0.0009192282	0.008507923	0.058740027	0.016233707	0.004255971	0.0012815978	0.0003815192	0.0014404593	0.004419675	0.00029983782	0.00027762464	0.0017935128	0.00043971295	0.0014980142	0.005789777	0.00044141212	0.00013725251	0.005789777	0.0015018113	0.0014664466	0.000541108	9.5840216e-05	0.00019104364	0.00035023852	0.0004140798	0.0014949227	0.00059334526	0.0033874805	0.0002204022	0.0012776307	0.001136077	0.0039651394	0.00029033076	0.013389365	0.0009978457	0.00044472254	0.00031102388	0.00026748638	0.0020354192	0.0014588255	0.00022346323	0.0027324955	0.0018487605	0.0070796087	0.0058451346	0.00023867344	0.0058451346	-22.49828720092773
s02e19b	480.0	5.0	0.8234674	0.8234674	0.07703369	0.011986026	0.0003235071	0.0025740466	0.14452042	0.00085470104	0.0008790934	0.0016299286	0.00025675027	0.00020421814	0.0028759253	0.007383537	0.00076064706	0.000602258	0.0015706023	0.0005226845	0.0077534895	0.06265953	0.005956854	0.005956854	0.0014511399	0.0082276035	0.0021371169	0.0082276035	0.054793358	0.012552519	0.004606372	0.0009739093	0.00023866295	0.0009902682	0.0036897457	0.00017893956	0.00021414833	0.00728896	0.0023327887	0.00728896	0.017042466	0.007811578	0.001852906	0.017042466	0.000992598	0.01057412	0.005592963	0.0011745879	0.00028601897	0.0010015478	0.0030886552	0.0015775895	0.0016062228	0.004515707	0.000110434856	0.00055937574	0.00046681982	0.002412461	0.0005729003	0.002289504	0.0004876581	0.0005699353	0.0001221273	0.00020159436	0.0016437529	0.0016164867	0.0017367607	0.0014663	0.0011515565	0.013030432	0.0028919862	0.0001327825	0.011210334	-23.401487350463867
s02e19b	485.0	5.0	0.80379575	0.80379575	0.018098416	0.0044590905	0.0017154523	0.0008662826	0.4759159	0.0010232535	0.0028567933	0.0017407474	0.0004512812	0.00032541598	0.0018651818	0.0012386893	0.008214611	0.004318373	0.0014639699	0.00018216623	0.0023743324	0.019415863	0.004657771	0.0041240584	0.004657771	0.014135227	0.0017996364	0.014135227	0.07045806	0.013279716	0.005969393	0.0013763288	0.0003844524	0.0018252062	0.0033299238	0.00046544176	0.0005179558	0.0010548653	0.0010548653	0.0009313369	0.0018861541	0.0015310425	0.00039119137	0.0018861541	0.00086622563	0.005117146	0.0038809134	0.0005720423	0.0029042608	0.00031775044	0.024900889	0.00077749975	0.0031506377	0.0026512987	0.00016010707	0.00084567035	0.00081450905	0.0034522929	0.00023434708	0.002009885	0.0004807145	0.0009113143	0.00044916043	0.0019459856	0.0010966596	0.00084871735	0.0011548845	0.003327529	0.0014340715	0.0029821922	0.0014151575	0.00018581656	0.00970585	-21.789325714111328
s02e19b	490.0	5.0	0.85105133	0.85105133	0.03429581	0.011430704	0.0010243694	0.0021469246	0.019426703	0.003136131	0.0025729572	0.0037653851	0.0018957162	0.00070680486	0.045652367	0.025670856	0.0031440717	0.0002091338	0.001981719	0.00016119283	0.0012380229	0.0071992455	0.020782983	0.007168868	0.00080567354	0.0028737723	0.000763794	0.00904837	0.027886778	0.0065612216	0.00262182	0.00035735522	0.00012815218	0.0004884029	0.0016440918	0.00025804626	0.00018653	0.0016219065	0.000535251	0.00054158375	0.00077133556	0.0002319353	8.036671e-05	0.00077133556	0.002697442	0.0010383283	0.00079654437	9.3839e-05	0.0004409491	0.00023133679	0.00059281534	0.0036494217	0.0006242989	0.05047649	0.00013834811	0.00842551	0.010442494	0.0015330776	0.00027078803	0.0043438645	0.002422605	0.0010839207	0.00069853617	0.0007638752	0.008816558	0.006338186	0.0016682016	0.0073105283	0.002546369	0.0066414773	0.01179969	0.00021474661	0.018749956	-23.547704696655277
s02e19b	495.0	5.0	0.8352869	0.8352869	0.03429071	0.012672155	0.00037878123	0.0015318526	0.40543544	0.0029397642	0.0035186282	0.0027514633	0.0001395622	0.00021946004	0.013104019	0.0030061102	0.0041867383	0.003429071	0.0020664858	0.00037833085	0.005182362	0.038047377	0.0066368673	0.0066368673	0.0032064314	0.0052106483	0.00059777335	0.0052106483	0.034212098	0.008536183	0.0025554977	0.0010579067	0.00040748337	0.0014646733	0.0014111229	0.0006158072	0.00032306727	0.0006451688	0.0006451688	0.0005874346	0.0043903915	0.0007274567	0.00013306807	0.0043903915	0.0007150961	0.013705145	0.0059550367	0.00031446374	0.00095101946	0.00036183608	0.004960724	0.0030811864	0.004109931	0.009508105	0.000108033695	0.0070271837	0.00056460797	0.007676267	0.00022091136	0.0010472285	0.0013469517	0.0006757745	0.00022672105	0.0002918605	0.013515533	0.00070660416	0.0004097866	0.0070652165	0.0013113094	0.0034515925	0.0030181704	0.00049713743	0.013515533	-21.603404998779297
s02e19b	500.0	5.0	0.9015537	0.9015537	0.08717957	0.010193099	0.000886948	0.0032139183	0.34320173	0.0025220502	0.0014085766	0.0014162004	0.00014735236	0.0001942691	0.0027764628	0.0040626316	0.0035843416	0.001957928	0.0028221433	0.00020269144	0.0033997467	0.026122183	0.007929989	0.007929989	0.0022372536	0.009040164	0.0013949821	0.009040164	0.053246073	0.00922319	0.0036053755	0.0005644987	0.00025704247	0.00075757015	0.0032313815	0.0003499253	0.0002738971	0.0016260667	0.000804263	0.0011256492	0.0030603558	0.00096191827	0.00022630057	0.0030603558	0.0011746392	0.0059458218	0.00830754	0.00048668755	0.0007404894	0.000717593	0.0014919931	0.0024951512	0.0030090513	0.0099963695	0.00020690267	0.0034571027	0.0012389012	0.0053463536	0.0002582631	0.0015179717	0.0023773138	0.0011010551	0.0002122157	0.00027726332	0.0016009932	0.0010491841	0.0011072916	0.0057422398	0.0016913482	0.00288762	0.0051179305	0.0002541295	0.018868336	-23.55024528503418
s02e19b	505.0	5.0	0.76786786	0.76786786	0.039562	0.0146274315	0.0001678034	0.0035338707	0.15705957	0.0007847632	0.004203467	0.0011928866	0.0017723189	0.00030656997	0.0027311966	0.004928145	0.005738925	0.001624227	0.003414831	0.0006364796	0.0149677545	0.060662664	0.01033569	0.01033569	0.0034947344	0.005257891	0.0023634264	0.005257891	0.078523435	0.009316573	0.004264078	0.0012308025	0.0005153875	0.00093047915	0.0028741988	0.00035898926	0.00039533505	0.004433178	0.0038652213	0.004433178	0.0054304344	0.0068041733	0.0016443572	0.007308079	0.0011725639	0.011287031	0.015230488	0.004394785	0.0017935289	0.0015211804	0.019416448	0.0014020322	0.0047118617	0.005638721	0.00018020302	0.0017656847	0.0010993043	0.004500208	0.0005546179	0.0077293594	0.00068643864	0.0027162097	0.0005492514	0.0012028546	0.001973021	0.0014541681	0.0015092352	0.004015534	0.0015748896	0.0053570494	0.0034551453	0.0003593981	0.012905399	-21.27761459350586
s02e19b	510.0	5.0	0.7777102	0.7777102	0.020802766	0.16247715	0.00082995405	0.0064282613	0.004214681	0.0034729424	0.0076081445	0.006310022	0.000726021	0.00034465778	0.0012010765	0.016246049	0.0020087594	0.00017948878	0.0011477093	0.0008395111	0.00059298653	0.002793064	0.019307772	0.004931881	0.0008623177	0.0058850064	0.0043321685	0.0058850064	0.07336483	0.008593163	0.0031167532	0.0012368631	0.0011352624	0.0010179243	0.0031372164	0.0012913346	0.0008574042	0.0033340568	0.0014959886	0.002287998	0.0028567703	0.0013299405	0.00042601206	0.0028567703	0.0009733453	0.009049327	0.0052652983	0.00030428387	0.0007104127	0.0018164762	0.0015766001	0.0011174775	0.0012220832	0.0030626522	0.00082113466	0.0057811756	0.00067730393	0.007781737	0.0008456007	0.008169374	0.0002422079	0.0014979485	0.0029562116	0.00029661926	0.007258777	0.0008603373	0.0010160543	0.0010241878	0.00060446654	0.017688397	0.0025126128	0.0007642713	0.019732354	-20.35742950439453
s02e19b	515.0	5.0	0.8892398	0.8892398	0.04942661	0.094054334	0.0011817501	0.0057047005	0.18788399	0.0063381405	0.0021306775	0.002399308	9.22804e-05	0.00030779824	0.0010183739	0.012429467	0.0028699082	0.00037368928	0.0016571633	0.0011708523	0.0040715258	0.25500074	0.004414619	0.004414619	0.000719257	0.0021854464	0.0008683726	0.00291836	0.056507982	0.007944309	0.0027883996	0.0012797816	0.00039774057	0.0014873063	0.003888451	0.00055579265	0.00059665943	0.0007896508	0.000353673	0.00025622474	0.0015491977	0.0005511327	6.4844004e-05	0.0015491977	0.000395947	0.0032130266	0.0022222467	0.0003307418	0.0002959986	0.0006696743	0.0010481317	0.00072462164	0.0009430323	0.008443658	0.00037153982	0.0015664973	0.0009238027	0.005522405	0.0002469391	0.0016673456	0.0004760628	0.0005796537	0.0003409063	0.00021856566	0.0014204064	0.0006079178	0.00034269065	0.001753619	0.0006871894	0.003699561	0.004364694	0.00016851065	0.02565519	-21.204002380371094
s02e19b	520.0	5.0	0.73350847	0.73350847	0.022213379	0.005902423	0.00020687938	0.0026051893	0.08243603	0.00052125927	0.002960255	0.0030906997	0.00014609475	0.00044239027	0.0022755372	0.014715486	0.0009365215	0.002184307	0.0040637064	0.00095774827	0.012094698	0.024595613	0.0077264267	0.0077264267	0.0014845689	0.008323745	0.0012718944	0.008323745	0.14649205	0.01384546	0.00217394	0.0010896387	0.00043017307	0.0010258206	0.009959746	0.010187553	0.0005183766	0.0087472815	0.0087472815	0.0077819424	0.010927443	0.0054848664	0.0013296303	0.010927443	0.0046433927	0.01681442	0.012431417	0.0036557817	0.0017815806	0.001685026	0.013481079	0.019014003	0.0040034214	0.01281421	0.0026610608	0.0024210012	0.0014644754	0.0010063838	0.00013280998	0.00020555241	0.0031202293	0.0022254167	0.0006239884	0.00055686804	0.0064251404	0.0005568394	0.001278198	0.0066496083	0.009433754	0.0062957373	0.013266376	0.00014518057	0.0379551	-26.322633743286133
s02e19b	525.0	5.0	0.81117344	0.81117344	0.019160995	0.058556437	0.00018393832	0.009942913	0.23835726	0.0013129896	0.015044086	0.0041006906	7.367033e-05	0.00026410888	0.00058273727	0.0027905286	0.0008565819	0.0007401172	0.0074207755	0.00092153635	0.045159034	0.06784766	0.0010478182	0.0010251923	0.0007709732	0.00436618	0.0001971134	0.00436618	0.6920933	0.064837605	0.011579938	0.002455184	0.0004917495	0.0019217636	0.016905852	0.0005749823	0.0028393313	0.0004029125	0.00014736585	0.00035419737	0.0014702925	0.00060822	5.6069515e-05	0.0014702925	0.0003498706	0.0007539795	0.002906464	0.00034449864	0.0007669872	0.0006032875	0.0021414522	0.0005029663	0.0013193004	0.0056379884	0.0009382376	0.0015302132	0.0004899748	0.0046693403	0.0072904923	0.0039448463	0.00059344905	0.0014895365	0.0002735771	0.0002540779	0.00059964444	0.00033079291	0.00035460416	0.005516408	0.000442131	0.0017427233	0.0049393843	0.00016438801	0.010747931	-19.28023338317871
s02e19b	530.0	5.0	0.14714892	0.14714892	0.0038694537	0.0023897386	0.0013828921	0.0026399347	0.02212223	0.0032843142	0.011509749	0.008105242	0.0004787404	0.00032540297	0.0022413277	0.015708411	0.0022744364	0.0016872798	0.002991984	0.0002563369	0.0088189505	0.014001705	0.014591145	0.014591145	0.007684767	0.048976656	0.013294494	0.048976656	0.7674845	0.1569038	0.13155127	0.0050668037	0.0048874184	0.0050010555	0.009382059	0.0045395326	0.019847691	0.00073322444	0.00073322444	0.00032931683	0.0020027347	0.0012880112	0.00015442669	0.0020027347	0.00032723596	0.0072743734	0.004040886	0.00013329972	0.0005058795	0.00028294275	0.002692769	0.0032766792	0.0005443912	0.0012158226	0.00036287846	0.002364245	0.00043836972	0.002314481	0.000536541	0.0007192029	0.000668833	0.00051089545	0.0016675299	0.0004627068	0.0018819369	0.00052678806	0.0006565343	0.002778029	0.00051395653	0.0025295191	0.0045034476	0.00018649621	0.004885086	-21.141721725463867
s02e19b	535.0	5.0	0.6722659	0.6722659	0.00083881384	0.00044559542	9.42931e-06	0.00024097922	0.00040647175	4.714837e-05	0.0034403054	0.00043863538	0.00014316264	1.45561335e-05	0.00033505197	0.0013501883	0.00024213562	1.597524e-05	3.6987443e-05	0.00030845334	3.0237863e-05	0.00021043833	0.005105962	0.0031277568	0.00062326447	0.0011841333	0.00020658156	0.0031091399	0.42716542	0.0099741155	0.0043012705	0.00096732547	0.00066994433	0.0013059095	0.0027175224	0.0003858833	0.0010385084	0.001148348	0.001148348	0.00028678353	0.0007073308	0.00069295894	0.00010338369	0.0007073308	0.001138628	0.019057143	0.0755991	0.00012501594	0.00021538598	0.00010584115	0.0009809597	0.010039442	0.011659608	0.05141313	0.00082670606	0.004502644	0.002046536	0.00018271767	0.00013395325	0.00067817693	0.14715421	0.0004229969	9.7349155e-05	3.8254497e-05	0.067251824	0.0045316597	0.0008671134	0.010264212	0.0031145199	0.0043284143	0.0015361432	0.00042985173	0.067251824	-25.9006404876709
s02e19b	540.0	5.0	0.27917448	0.27917448	0.002352521	0.0014358896	4.6901234e-05	0.00025365167	0.0024887815	0.00015003457	0.0017983544	0.0012987185	0.00011279738	5.610578e-05	0.0005697037	0.00072548987	0.0001163305	7.885563e-05	0.00050713867	3.602476e-05	0.00031967563	0.001394407	0.007779859	0.0023508742	0.0007011824	0.001729756	0.00047112675	0.013146648	0.043878637	0.0053152544	0.0013394674	0.0002769307	0.00010319546	0.000567693	0.021157164	0.00011129178	0.00016081362	0.00034164402	0.00022396194	0.00033488753	9.7774035e-05	7.038107e-05	0.00012689919	9.7774035e-05	0.00094034156	0.0015024937	0.006160908	6.17624e-05	0.000113668735	0.0002550699	0.00072215125	0.0020637007	0.0031435098	0.06311097	0.0006397966	0.069038786	0.0009688626	0.00022822298	0.0001617007	0.00032615953	0.014340925	0.00034563127	8.5543026e-05	0.00010145815	0.0073155416	0.0027374795	0.00095066655	0.12736173	0.0014412887	0.00034224318	0.00047405038	0.0011059664	0.12736173	-25.64040756225586
s02e19b	545.0	5.0	0.7956158	0.7956158	0.045798387	0.00472116	0.00027751614	0.0044758995	0.2165524	0.0033151691	0.0019147124	0.002717136	0.0014621677	6.8246794e-05	0.002602679	0.004218155	0.0030887376	0.00066148024	0.00096390815	0.00031422637	0.0005063892	0.011551369	0.014315618	0.0016183378	0.0010418246	0.003492263	0.00033575483	0.014003218	0.013892976	0.0029921245	0.0023157992	0.0002817234	0.00010812871	0.0002605377	0.001722463	0.00014016488	9.7166165e-05	0.0020389277	0.001214273	0.0016246568	0.0018073217	0.0013379725	0.00063808914	0.0018073217	0.0032254236	0.008043864	0.06550985	0.00048100855	0.00055416237	9.299301e-05	0.0045374967	0.0034580985	0.011431404	0.14435422	0.0001346001	0.016997863	0.0012932073	0.0012219748	0.0005238166	0.0016150337	0.099890314	0.0007136246	0.0002836872	0.00019942143	0.006467334	0.0021739781	0.0017160273	0.010784043	0.0018633398	0.0036629238	0.0025512157	0.0004052194	0.010784043	-23.52311134338379
s02e19b	550.0	5.0	0.7487716	0.7487716	0.011575497	0.031432264	0.0004209051	0.004698232	0.00432067	0.0007714406	0.0010677116	0.002480458	0.00033994933	0.0003664791	0.0020033878	0.01054903	0.001518686	0.00021234504	0.0009706066	0.00055198785	0.0038188526	0.004200233	0.019789904	0.019789904	0.0012875274	0.0040952438	0.0015219026	0.0040952438	0.034036625	0.007018565	0.0016097832	0.0007306753	0.00027663223	0.0007752868	0.0019000788	0.00061221316	0.00025947124	0.0012796883	0.00046643213	0.0006220947	0.001898291	0.00043267434	7.8463774e-05	0.001898291	0.0021940868	0.0034255546	0.005301045	0.00051207724	0.0005880458	0.00089962257	0.0016894604	0.0023491168	0.0015075763	0.009594823	0.0002838122	0.0022746194	0.003108611	0.004893554	0.0005055792	0.006347713	0.004942341	0.0016259692	0.001521539	0.00039684863	0.00804286	0.0019107544	0.0012543346	0.0023391652	0.001718114	0.02091337	0.00929483	6.8988484e-05	0.03468203	-22.311670303344727
s02e19b	555.0	5.0	0.8755505	0.8755505	0.041153394	0.047717623	0.00034139754	0.004306583	0.3603972	0.0013376946	0.0023694818	0.0031018078	0.0005381782	0.0007574492	0.004456767	0.0032396568	0.0032797952	0.005931412	0.001155073	0.0004961714	0.0050964663	0.25365394	0.007371148	0.006729612	0.0027480766	0.0030191834	0.0005988925	0.003080321	0.07351763	0.007610132	0.0030742737	0.0008732836	0.00028594045	0.0009977724	0.0021686605	0.0003615347	0.00056689867	0.0005603691	0.0005352543	0.0005603691	0.0038399529	0.0008205562	0.00014830679	0.0038399529	0.000615767	0.0029267387	0.0022338247	0.00030681267	0.00021115284	0.00046242744	0.0021829512	0.00092889584	0.0019448244	0.003026518	0.00025780944	0.0011180978	0.0004955995	0.0029718068	0.00094157876	0.0029058836	0.0010606778	0.0003012131	0.00042152446	0.00023617815	0.0019380574	0.00065788557	0.0006602851	0.0019544722	0.0013678448	0.0029149347	0.0026417759	0.00017425431	0.0032981513	-21.74361801147461
s02e19b	560.0	5.0	0.6320209	0.6320209	0.0041538347	0.0013736495	9.297032e-05	0.00046261394	0.0013487398	0.00022289636	0.0026370585	0.0012708488	0.00044925397	0.00022233196	0.0030649668	0.0012941123	0.0002827087	2.2938179e-05	0.00031835446	0.00010895861	0.00025598373	0.000689673	0.0026581592	0.0026581592	0.0007689899	0.0007284002	0.00018688195	0.009505702	0.01927322	0.002678564	0.0010086905	0.00025915675	0.00014182132	0.0002981298	0.0025955131	0.00010070987	0.00017476165	0.0003745024	0.00018170098	0.00028774622	9.127126e-05	4.302426e-05	5.8772122e-05	9.127126e-05	0.003991641	0.00085762725	0.0035310928	2.0145615e-05	0.00030259494	0.0001847139	0.00023609372	0.0017083869	0.001084979	0.124011524	0.0013904162	0.015243783	0.0025849605	0.0007122932	0.00035058495	0.0006879859	0.0035309184	0.0002692968	0.0004498659	0.00015687612	0.02248612	0.0012255347	0.00011037348	0.06444162	0.0003263278	0.0008655133	0.0005925992	0.00067196717	0.06444162	-23.66631317138672
s02e19b	565.0	5.0	0.7813054	0.7813054	0.18431439	0.0053794677	0.00055427937	0.0032449688	0.05135657	0.0009990509	0.0011521665	0.002675107	0.0003147388	0.00027048663	0.0017576999	0.06490651	0.005832272	0.00010851079	0.0041561667	0.0002198146	0.04263015	0.027676215	0.008814646	0.0029954752	0.00092520594	0.003198463	0.00040212608	0.01595043	0.03284694	0.009110902	0.0024859821	0.000908102	0.0004378235	0.0006794633	0.002615329	0.0004026015	0.0002323545	0.0057512037	0.0052796206	0.0054124007	0.007906589	0.004018369	0.0004422701	0.007906589	0.004487498	0.017913964	0.0019892352	0.00027702865	0.0004470177	0.00032880643	0.0022680892	0.0053351475	0.00036226356	0.027968073	0.00017135819	0.005022434	0.0020003992	0.0020001745	0.00014675656	0.0013300894	0.0013077895	0.0010416454	0.0013997369	0.0002858674	0.0075919926	0.007979192	0.00053055683	0.0021725812	0.0009475613	0.012003567	0.003247178	0.00033444338	0.016427876	-23.814510345458984
s02e19b	570.0	5.0	0.70370144	0.70370144	0.057599723	0.04063083	0.00027575876	0.0036364722	0.003419906	0.00022582443	0.005469383	0.0018450351	0.00011103293	0.0006630234	0.0008573679	0.0046138405	0.00036992697	0.00015093654	0.011564465	0.00041692567	0.5560022	0.029195694	0.00086960685	0.00086960685	0.0004214841	0.0009216505	0.000117133815	0.0009216505	0.050857686	0.048361894	0.009876666	0.00378396	0.00074228394	0.001959302	0.0120086465	0.00036646062	0.0005217862	0.00061837735	0.00023006671	0.0003929945	0.00071629795	0.00028219572	3.650885e-05	0.00071629795	0.0004468562	0.0005929883	0.0002914965	6.489894e-05	0.00012411158	0.0003058524	0.0005997942	0.0001443928	0.00016430981	0.0015378834	8.9450274e-05	0.0013222244	0.00044390935	0.0010326726	0.00026642048	0.00026107306	6.478436e-05	0.00051882496	0.00074821577	0.000402318	0.00082833087	0.0011050913	0.0001350838	0.00051082607	0.00012958485	0.0021262658	0.0015034826	6.277003e-05	0.0026661074	-21.18634033203125
s02e19b	575.0	5.0	0.7838582	0.7838582	0.041171286	0.00716403	0.0003844858	0.0021299173	0.24753053	0.000668378	0.0043971874	0.0022532523	0.0004155445	0.0005029795	0.0028046586	0.0022700194	0.0027025214	0.0025862542	0.0015199237	0.00014605199	0.0085298205	0.007452209	0.007964014	0.006140833	0.0012300091	0.009400806	0.0018009996	0.009400806	0.04629948	0.01748472	0.007184041	0.0028133618	0.00032585496	0.0024465653	0.0022752937	0.00019990023	0.00030650335	0.0026190993	0.00070525904	0.0026190993	0.00482903	0.0010735625	0.00038796736	0.00482903	0.00047659944	0.0021845263	0.0038536317	0.00047402421	0.0013102082	0.00038455392	0.0048231944	0.0010254224	0.002037465	0.0055360803	0.00030357364	0.0016258531	0.0008372994	0.0022912812	0.00012896862	0.00066762615	0.00083105214	0.0009605473	0.00042310037	0.00039147263	0.0013883983	0.0005601264	0.00022508475	0.0015425017	0.0003267378	0.004122954	0.0032713388	0.00017227726	0.0034915842	-23.112716674804688
s02e19b	580.0	5.0	0.79959166	0.79959166	0.002820745	0.006039333	0.000823261	0.0016701833	0.033686943	0.0020000318	0.0025619392	0.0116113955	0.00034070906	4.6450958e-05	0.089937285	0.0027885654	0.0007311615	0.0010172543	0.00034888985	0.000105746934	0.00023220036	0.0030786814	0.46385142	0.46385142	0.0016638023	0.024104128	0.0023060301	0.024104128	0.02932933	0.002426959	0.0009445542	0.0002168759	0.00016183226	0.00028939667	0.005831432	0.001990222	0.00024945385	0.0018328732	0.00020835298	0.00022157034	0.0003033717	8.27695e-05	7.5775955e-05	0.0003033717	0.003615352	0.0006831976	0.005853967	8.732811e-05	0.00018311848	0.00018933341	0.0006773343	0.009656508	0.001283682	0.0052809604	0.000406292	0.00048466033	0.0071223658	0.0005669408	6.006357e-05	0.0149770165	0.54648954	0.00076084206	0.00038655192	7.179348e-05	0.0056925127	0.003452588	0.00034387977	0.0032315352	0.014263164	0.0077443495	0.0017288949	0.00016495246	0.014263164	-25.97011947631836
s02e19b	585.0	5.0	0.86103714	0.86103714	0.057415023	0.012074978	0.0006866781	0.001865038	0.345785	0.0014025257	0.0012099342	0.001399251	0.00045271788	0.00040279998	0.0019738607	0.005887417	0.0047942	0.001437654	0.002283569	0.0003268266	0.0050946386	0.07525601	0.0073516215	0.0073516215	0.0019402003	0.0063896766	0.0016645652	0.0063896766	0.045159046	0.009930192	0.00710233	0.0009719191	0.0003070728	0.0011050901	0.0019798798	0.00043121385	0.0002887614	0.0015506558	0.0015506558	0.0008227222	0.0043103555	0.0019010793	0.00014824953	0.0043103555	0.0015940352	0.009314293	0.009867189	0.0011903861	0.0009684114	0.0025752613	0.0031921584	0.0028897733	0.003371198	0.004975608	0.00032385922	0.0009186246	0.00080510566	0.003865658	0.0003265223	0.006048001	0.0005919842	0.0011138837	0.00022852629	0.0003512969	0.002059892	0.0013823543	0.0011877776	0.004844803	0.0019720672	0.005440751	0.0036340076	0.00018121582	0.010550624	-22.263599395751957
s02e19b	590.0	5.0	0.84623814	0.84623814	0.092792735	0.015724685	0.0008193455	0.006177318	0.3767153	0.004964002	0.0044361274	0.001286703	0.00028729855	0.0003315431	0.002739765	0.004331498	0.011042366	0.0014589423	0.0026186148	0.00050681684	0.0027129385	0.07965241	0.015095035	0.015095035	0.0016532345	0.024234246	0.002247949	0.024234246	0.05767859	0.015105041	0.0053988923	0.0007805769	0.0005200246	0.000941717	0.003410624	0.00089822087	0.00056764536	0.00064117525	0.0005844209	0.00032395462	0.0021825784	0.0006016977	0.0001103033	0.0021825784	0.0006717101	0.0036150564	0.0039614704	0.00049824064	0.00066547777	0.00090632605	0.0017579575	0.0027033878	0.002558761	0.007515203	0.00014644944	0.0019992914	0.001529629	0.004726603	0.00022175124	0.00049860764	0.00068463804	0.0012465459	0.00019317964	0.00018004791	0.0024364372	0.0007807896	0.0008075213	0.011361088	0.0020920269	0.0016246963	0.0044730934	9.2555005e-05	0.012866582	-24.336042404174805
s02e19b	595.0	5.0	0.8835726	0.8835726	0.050391488	0.011048314	0.001022175	0.0018961023	0.30237934	0.0045275358	0.0017758294	0.0020594	0.0024149318	0.00022465915	0.005188642	0.003121069	0.0077179093	0.001597129	0.0006676491	0.00068854506	0.0008563746	0.007941393	0.014848777	0.0035588138	0.001095583	0.0007384018	0.0003402496	0.0009569753	0.027461074	0.009524073	0.003654797	0.0010010207	0.00043780054	0.0008776196	0.0015796609	0.0003155822	0.00036176454	0.0009430485	0.00031721892	0.00054114976	0.0011634723	0.00035669134	0.000110868416	0.0011634723	0.00044489512	0.0011540811	0.0013348056	0.00017056787	9.304269e-05	0.00020977786	0.00067305897	0.00051653513	0.001214166	0.0063404506	0.00017749058	0.00071657577	0.00054129446	0.006557322	0.0003042479	0.035552923	0.0041389414	0.0004978639	0.0009360897	0.00026554684	0.006205849	0.0075328755	0.0002671543	0.001771575	0.003085707	0.0027847572	0.0014334202	0.00014819541	0.0075328755	-21.97507667541504
s02e19b	600.0	5.0	0.8863817	0.8863817	0.05142521	0.017293077	0.0011984492	0.0030392292	0.03185621	0.0015201457	0.001598633	0.0041459603	0.00018309578	0.00027536365	0.012339215	0.046005275	0.0011864547	8.28562e-05	0.007838726	0.00047027157	0.0020200096	0.043860994	0.07006422	0.07006422	0.0013203463	0.017412568	0.0048972215	0.029241249	0.034939017	0.006553114	0.002549782	0.0007294081	0.0003530769	0.0011151917	0.00319133	0.00036549766	0.00029385375	0.001995831	0.0005760317	0.0008852636	0.0024626802	0.00046046654	0.00013104704	0.0024626802	0.0019688415	0.0030890738	0.001490043	0.00013189689	0.00034913508	0.0004952618	0.0004937852	0.0027493984	0.0017965117	0.01808467	0.0008160322	0.009362473	0.0023583993	0.0058019985	0.0008421214	0.008219809	0.0009112466	0.0006297001	0.0008431339	0.00014263696	0.010311181	0.003925677	0.0007443371	0.010678685	0.0027010518	0.0079191355	0.016072752	0.00030381978	0.053816743	-22.872493743896484
s02e19b	605.0	5.0	0.5921081	0.5921081	0.027187336	0.0054518622	0.00016956509	0.005392216	0.16544063	0.0006542861	0.0026066317	0.0021252383	4.5153574e-05	0.0006258299	0.0005900909	0.011720251	0.0011882824	0.0004993896	0.0013212481	0.000473383	0.010959402	0.31754595	0.00482351	0.0025785544	0.0015464887	0.009165434	0.0020077608	0.009165434	0.054376367	0.010946106	0.004844212	0.00113142	0.000540768	0.0013685373	0.0035466263	0.00071577687	0.00042594527	0.0009484889	0.0009484889	0.0002891162	0.0015683187	0.0014654358	0.00011328514	0.0017087986	0.00054441066	0.007346863	0.0039969985	0.0008376741	0.00046670568	0.0010302804	0.0057275197	0.0011246128	0.0023630497	0.0056456174	0.00032088265	0.000282386	0.0023069945	0.0019350052	6.662656e-05	0.0002390346	0.00032572265	0.00078927045	0.000604929	0.00048092945	0.0023571409	0.0005041098	0.0006970688	0.0012577352	0.00054719445	0.0014897911	0.0020569281	0.00011596323	0.011250553	-22.102638244628903
s02e19b	610.0	5.0	0.83651656	0.83651656	0.010400901	0.0018822638	0.0005300614	0.0011381947	0.031848356	0.0008017967	0.0021469798	0.0018554529	0.001399455	4.415225e-05	0.006105401	0.019378304	0.0004227883	0.00030526306	0.0017884754	0.00031447003	0.00077517825	0.0012629012	0.0028262306	0.0028262306	0.00058348925	0.005917183	0.0016214565	0.005917183	0.033346213	0.008587766	0.003456142	0.00060895865	0.00024787817	0.0004184846	0.006075918	0.0006290061	0.00022578891	0.00086846703	0.00049698487	0.00046198556	0.00040086303	0.00035372394	0.00019882261	0.00040086303	0.0028051294	0.0021645105	0.009654876	7.17529e-05	0.00063680176	6.816439e-05	0.0012890429	0.00093664863	0.0038779615	0.33477286	0.0006282284	0.018655067	0.0009302235	0.0005959186	0.00073012087	0.005750887	0.0010360794	0.00094929937	0.0003880861	0.00020387514	0.0023189466	0.009535258	0.010230972	0.09441255	0.0045578396	0.001319641	0.0020003477	0.0004435553	0.09441255	-21.8621826171875
s02e19b	615.0	5.0	0.74624443	0.74624443	0.039233815	0.011179454	0.00066650537	0.005896282	0.01842533	0.0027651715	0.002416174	0.002625868	0.0007139773	0.0013533429	0.0035388595	0.009569907	0.00034384127	0.00017132191	0.005748859	0.00060454686	0.0066664144	0.017614404	0.0070721414	0.0048958394	0.0009361629	0.0047725807	0.00040972562	0.086789854	0.037789404	0.005522876	0.0022706718	0.0014431318	0.0004590991	0.001151393	0.0058798585	0.00017885478	0.0005400705	0.0020670788	0.00053038617	0.0020670788	0.0006533263	0.0003323513	0.0003311192	0.0006533263	0.005008022	0.0007673981	0.0021782077	0.00049257424	0.0005671803	0.0010114812	0.0026187007	0.0034793993	0.0013819936	0.015938625	0.00028554435	0.005270388	0.004017121	0.0029986552	0.0032842625	0.0014582457	0.0008810548	0.0020833316	0.0007374113	0.001279798	0.0122906575	0.0024067345	0.0009343588	0.0025855654	0.00084825495	0.0068241227	0.005796566	0.00035393948	0.029026328	-21.84312438964844
s02e19b	620.0	5.0	0.88033247	0.88033247	0.041512627	0.007270593	0.000452766	0.00066092506	0.001355319	0.00060596276	0.0021372896	0.0012776795	0.0005721522	0.00044564618	0.015155376	0.0049781916	0.006514332	0.00015452066	0.0020492228	0.00035564997	0.00049958384	0.0010425196	0.012911724	0.012911724	0.0016921945	0.0047685127	0.002350417	0.0047685127	0.036667198	0.010421741	0.0046813227	0.0008254018	0.0006320441	0.00103873	0.0026717035	0.00054617965	0.00021637976	0.00518352	0.000961119	0.0038903225	0.0024026667	0.0004227244	0.0008424488	0.0024026667	0.0032012507	0.0030623102	0.0020279083	0.00018759392	0.00033916484	0.0005445952	0.0008458537	0.0020354388	0.0008881413	0.004453535	0.000260825	0.0029230092	0.003698436	0.0085486295	0.0002382067	0.005667323	0.0008839777	0.0012278255	0.0081051	0.00015700242	0.037521277	0.0019211731	0.0004791467	0.0011425323	0.0019657444	0.012913955	0.0011629842	0.00045149503	0.037521277	-24.61980628967285
s02e19b	625.0	5.0	0.8590078	0.8590078	0.16463132	0.026054524	0.0008348599	0.004637235	0.26597863	0.0025288924	0.0049894303	0.0022806104	0.0033817964	0.000547916	0.009033084	0.002878983	0.006990092	0.0018966257	0.00240976	0.0011256257	0.0045807995	0.09037135	0.009990458	0.0063471324	0.0039677746	0.0032033483	0.0015843728	0.0070785363	0.028521886	0.0059944345	0.0028754428	0.001232304	0.000355809	0.0015304143	0.0014228731	0.00039851046	0.00017013095	0.0031798026	0.0008883711	0.0026677726	0.0039316462	0.0016614033	0.0006637232	0.0039316462	0.0011379605	0.0021871119	0.001888744	0.00043806998	0.0002476833	0.0004026268	0.0013150139	0.0014012067	0.00094926235	0.0036271492	0.00012894181	0.00070349226	0.0005255906	0.012833218	0.00041999028	0.014243962	0.0009199178	0.00059421256	0.0010358553	0.00058011385	0.0013707659	0.003161696	0.0005269884	0.0044007394	0.0019431442	0.0106372945	0.0044589383	0.00051257975	0.0060300687	-24.904483795166016
s02e19b	630.0	5.0	0.86425656	0.86425656	0.006033211	0.0019128607	0.00045894462	0.00018601351	0.0010787967	0.00039129614	0.0015240968	0.0028986877	0.00012759543	0.00021370429	0.0046484866	0.05327708	0.0022244004	0.00020294846	0.0037667537	8.551644e-05	0.00010358717	0.00053265155	0.008941588	0.0066617075	0.0024035906	0.0011818244	0.00075108657	0.008262023	0.01974247	0.0051358915	0.0018843551	0.00078188186	0.0003635218	0.00078991643	0.0007853774	0.0001761027	9.6557844e-05	0.006459513	0.00044823464	0.0009836714	0.0011523596	0.00017519812	0.00011902426	0.0011523596	0.008353195	0.001966889	0.002684287	3.8832e-05	5.8623118e-05	5.9143422e-05	0.0005015363	0.0028172948	0.0007433178	0.01545911	0.00033334357	0.0052603604	0.0023022734	0.0027428025	0.00034973337	0.057554185	0.00048488722	0.00020063423	0.0028842168	0.00013807873	0.005440875	0.0028556676	0.00017341148	0.00048839755	0.00076163246	0.035894003	0.00049549463	0.0013003151	0.015403668	-25.01562118530273
s02e19b	635.0	5.0	0.18433702	0.18433702	0.011784627	0.008727211	0.0006677318	0.0011630257	0.004578269	0.00022158155	0.017260838	0.007823791	6.2868035e-05	0.000120835924	0.0013302003	0.0020434512	0.00074388576	0.0003918641	0.050573472	0.00016289244	0.63001144	0.010202008	0.0016540627	0.0016540627	0.0014206154	0.0007359069	0.00022893476	0.0012245306	0.09761765	0.044540126	0.00768042	0.001927573	0.0002164136	0.0007088856	0.0145010725	0.00017848374	0.00032477782	0.0002029018	0.0001460052	0.00013018008	0.0009311009	0.00018059726	1.990894e-05	0.0009311009	0.0010779123	0.0006894837	0.00037352665	3.6542464e-05	0.00021605568	7.402491e-05	0.0003178901	0.00026247546	0.000102612685	0.0048136776	0.00017264529	0.06249146	0.0008134767	0.0002708789	0.0004823099	0.00041188733	4.1745086e-05	0.00018321557	0.0001321832	0.0003968999	0.0006682491	0.0017330344	0.00071002933	0.009227313	0.0004686123	0.002573054	0.007890849	0.00032212617	0.009227313	-23.29599380493164
s02e19b	640.0	5.0	0.44342402	0.44342402	0.021441637	0.01044072	0.00023348977	0.0032358246	0.00231774	0.00024870413	0.008638704	0.004070126	0.00010140602	0.00031057023	0.00032206907	0.00705057	0.0001578099	6.2884465e-05	0.021255674	0.00033835083	0.71365124	0.057161443	0.00146382	0.00146382	0.0008156252	0.0027705608	0.00035510177	0.0027705608	0.10716158	0.049094956	0.007134955	0.002841015	0.0008363772	0.0019042069	0.012310013	0.0007107743	0.0011775554	0.001674212	0.00042848734	0.0010681786	0.0015092647	0.00043554045	8.8370565e-05	0.0015092647	0.00044205412	0.0010829758	0.00041115767	5.0160943e-05	0.00012548796	0.00026906378	0.0009805523	0.00017625405	0.00029175088	0.0019440314	8.285477e-05	0.0019444375	0.0013330303	0.0005868389	0.0002421197	9.1041344e-05	6.110801e-05	0.0004460378	0.00024625493	0.00039705657	0.00060294144	0.00095400703	0.00027060581	0.0018197594	0.00014064752	0.004067676	0.0022777664	6.0395778e-05	0.0048436467	-19.55584526062012
s02e19b	645.0	5.0	0.83746326	0.83746326	0.14807677	0.038473886	0.0009348691	0.0014325938	0.02090909	0.0035553477	0.0022898123	0.0064440044	0.00032617507	0.00023808477	0.014914594	0.035227954	0.0022543266	0.0009482879	0.015396207	0.00015697892	0.08178174	0.016571887	0.008858773	0.0061710947	0.008858773	0.0014599264	0.00046141606	0.002041408	0.01814817	0.0069821235	0.0015323682	0.00096868083	0.00040715278	0.00061185326	0.0033664638	0.0002326236	0.00014057364	0.00093064766	0.00033223318	0.00048176633	0.0010668474	0.00020941494	6.790999e-05	0.0010668474	0.010199417	0.004564239	0.0019527095	8.0627164e-05	0.0002465855	0.0001965695	0.0034944606	0.0018043546	0.0010232808	0.04431451	0.00023434285	0.017784595	0.003957324	0.0027306397	0.00045374504	0.0025575662	0.00029196567	0.0005883948	0.0011441387	0.00061305804	0.019124707	0.011491325	0.0008623016	0.005656005	0.0007464429	0.009383251	0.010003927	0.00028377972	0.019124707	-24.44647216796875
s02e19b	650.0	5.0	0.6502687	0.6502687	0.02340492	0.0059895464	0.0005993565	0.0038883053	0.22070877	0.00059065747	0.002512	0.0041640787	0.00035798145	0.00028242666	0.005093051	0.005087878	0.009824839	0.0014207913	0.012683656	0.0014558993	0.0051712035	0.017086664	0.012036563	0.007386921	0.0019864407	0.016950252	0.0013728066	0.016950252	0.04604479	0.012088404	0.0034227513	0.0024754733	0.0010104625	0.002300467	0.008347588	0.00039991608	0.00054278556	0.00074482633	0.0005457979	0.00050425495	0.003150663	0.00056633406	0.00012296597	0.003150663	0.0011537985	0.0026517475	0.0052313996	0.00034613727	0.00060034124	0.00072508276	0.0050049527	0.002471205	0.0043875454	0.02122634	0.00040157425	0.009522161	0.0038606082	0.007020423	0.005840249	0.0028002372	0.0023773434	0.0019030274	0.00040836204	0.0007090356	0.012421937	0.005604323	0.00090242905	0.0120168915	0.003550332	0.012925692	0.034573197	8.855227e-05	0.039712857	-21.519702911376957
s02e19b	655.0	5.0	0.5670514	0.5670514	0.008581736	0.0047091655	9.101635e-05	0.0023168956	0.006561793	0.0010038893	0.02401944	0.0023094434	0.0016035143	0.00028528474	0.004004696	0.01521207	0.00066589774	9.3626004e-05	0.0038762821	0.00020516725	0.062320977	0.00611812	0.005939982	0.0033889408	0.00025270638	0.00791505	0.0010164948	0.00791505	0.6508624	0.038970094	0.0127626	0.000667714	0.0001466188	0.00063407683	0.0110412	0.00019503599	0.0028059764	0.0003867086	0.0002765204	0.00032494258	0.00087621046	0.00040506473	3.8482667e-05	0.00087621046	0.0015248815	0.0032956803	0.0057992325	0.00019133842	0.001312052	0.00042268515	0.0005896838	0.004809294	0.008932111	0.0013475136	0.00016070603	0.0062089786	0.0011585982	0.001530404	0.0030593711	0.0024499227	0.0006963544	0.00058873754	0.00026301004	0.0002267671	0.003112791	0.0051175468	0.00059081067	0.005582736	0.0070446334	0.0064110677	0.006093027	0.00024463903	0.015599419	-20.712862014770508
s02e19b	660.0	5.0	0.83642864	0.83642864	0.05134234	0.0371404	0.0004811803	0.003387564	0.24933699	0.0031090751	0.0055624293	0.0007472449	0.00056074845	0.0009959185	0.0012252838	0.0015029	0.0014350939	0.0003212509	0.00245027	0.0005537566	0.022970429	0.021094626	0.0020531241	0.0020531241	0.00093555433	0.0027104137	0.0005687298	0.0027104137	0.08591721	0.014542063	0.003088934	0.0013082692	0.00032297274	0.0007266662	0.0030172765	0.00010788206	0.00062980544	0.0010078604	0.0005728818	0.00040068442	0.0016577407	0.0012193588	8.31845e-05	0.0016577407	0.00028502484	0.0023758712	0.0021251382	0.0004137182	0.0006382391	0.00024134942	0.0021242767	0.0002435041	0.0005300766	0.01260046	0.00030388407	0.0017319913	0.00050707144	0.0021737786	0.0003062933	0.00045810672	0.00039192406	0.00055498484	0.0018283068	0.000444592	0.00082377216	0.0011305312	0.00015025561	0.0031367156	0.00012740357	0.005630086	0.0060266545	0.00018450551	0.019281296	-21.996551513671875
s02e19b	665.0	5.0	0.32495806	0.28698748	0.02076075	0.0052500106	0.0009821535	0.012897585	0.44413835	0.0016262742	0.0023242922	0.006339426	0.00026972336	0.0011473978	0.0014909968	0.002184444	0.0012096537	0.002725886	0.0028423623	0.0003563131	0.0116558615	0.053209316	0.0037431617	0.0037431617	0.0014741578	0.06366306	0.0035400235	0.06366306	0.064387985	0.01790467	0.004286441	0.0015184387	0.00064147875	0.0019644746	0.005970768	0.0015455878	0.0013551759	0.000848829	0.000848829	0.0005485326	0.0022874682	0.0015204969	0.00026086604	0.0022874682	0.0005748059	0.005607175	0.0055677914	0.0007198618	0.00068120746	0.0019418779	0.012380403	0.0011419605	0.0013782431	0.002841165	0.00021988103	0.0005076266	0.001095453	0.0012084508	0.00026819375	0.0004726949	0.00048257943	0.0009439591	0.00032654096	0.0005267112	0.0041757473	0.0006828155	0.00090570835	0.0019317038	0.0010260595	0.0020479904	0.0009783598	0.0002445497	0.0041757473	-21.69703483581543
s02e19b	670.0	5.0	0.79806894	0.79806894	0.047568936	0.027415646	0.00048034097	0.006051341	0.29044154	0.00067132805	0.001795332	0.0020702279	0.00018253256	0.00057615526	0.0014543495	0.010310811	0.0019248631	0.0003220672	0.006672233	0.00053323165	0.023801845	0.084955536	0.006789588	0.006789588	0.0008411374	0.011695914	0.0008155739	0.012240053	0.050592147	0.014548372	0.0057522617	0.0012603236	0.00048256863	0.0010158162	0.0063503515	0.0006698039	0.00042231058	0.0005511782	0.00038639296	0.00038873224	0.0026630305	0.00040621147	5.7543224e-05	0.0026630305	0.0008066461	0.0016284086	0.001100014	0.00024887253	0.00022977077	0.00080862705	0.0010574169	0.0017217433	0.00097651454	0.0044990527	0.00015262594	0.0013349634	0.0018672176	0.001626042	0.0002630464	0.0011279313	0.0010169103	0.0013202858	0.00029734778	0.00029978037	0.00380732	0.0010739844	0.0003300605	0.0019711796	0.001541681	0.0030978837	0.01687055	4.5732493e-05	0.01687055	-19.51760482788086
s02e19b	675.0	5.0	0.76666474	0.76666474	0.016212262	0.043284312	0.0008537312	0.00065034156	0.005384979	0.0023002962	0.0019396787	0.004558943	0.00048755173	0.0005841979	0.007187735	0.013187274	0.0032386007	0.0004784092	0.0027245148	0.0008254097	0.0004445113	0.0026821576	0.014414756	0.0054232795	0.0024084891	0.008766959	0.0032377571	0.008766959	0.029280711	0.0054997257	0.0014345215	0.0007563788	0.00071055215	0.0007980992	0.0034195292	0.0005200464	0.00023024029	0.0049162083	0.0014886877	0.0015493158	0.0018630845	0.000633592	0.00031198314	0.0018630845	0.004712528	0.0034432719	0.0012640601	7.180554e-05	0.00033022228	0.00034968034	0.0008031379	0.003289777	0.0008872346	0.0076919557	0.0006415689	0.018483276	0.009848749	0.014926017	0.00051621423	0.017916951	0.00096551765	0.0019377957	0.0048284614	0.00038517473	0.005678509	0.0040960116	0.002669811	0.0022908824	0.0022364769	0.01405465	0.008115488	0.00021459002	0.10879315	-20.93878173828125
s02e19b	680.0	5.0	0.7522777	0.7522777	0.046523094	0.0048747654	0.0008986262	0.0013043873	0.026135221	0.0008334463	0.0017432957	0.001604727	0.0015243973	0.0004219122	0.010855891	0.0050746216	0.0006710287	0.00050228834	0.0019526706	0.0005111178	0.0017515369	0.0030153883	0.0078049283	0.0048173545	0.005062267	0.0139975315	0.005438184	0.0139975315	0.050838955	0.018135186	0.0098914765	0.0018929905	0.0006976966	0.0019286952	0.0058581918	0.0007840396	0.00033746992	0.002971962	0.00087176723	0.001210337	0.0028849535	0.00055692776	0.00024426775	0.0028849535	0.0020175406	0.003747827	0.0049143964	0.00023363273	0.0006026493	0.00078346865	0.0036199891	0.0026336533	0.0023566587	0.017684544	0.00094076997	0.008413574	0.0031252229	0.008964156	0.00042618043	0.0030116546	0.0013085857	0.0013364288	0.0019802586	0.00046230468	0.010849088	0.0033448376	0.00075158203	0.0035246222	0.004036603	0.004845851	0.0036368214	0.0002951574	0.0119558135	-22.317901611328125
s02e19b	685.0	5.0	0.7707445	0.7707445	0.05102727	0.008600829	0.00021813782	0.002973135	0.21434838	0.0006812893	0.0028708198	0.00061694597	0.0009451458	0.0006358978	0.002757836	0.0032999432	0.0042844857	0.00083678693	0.0029026733	0.0011437845	0.01469844	0.06992404	0.02936578	0.0042033195	0.0039767795	0.004597659	0.001629972	0.004597659	0.07333314	0.011570336	0.0060479892	0.0011146034	0.00045698756	0.0011972899	0.0030414215	0.00051503885	0.0004233648	0.0035259791	0.0035259791	0.0025853664	0.007918042	0.008826001	0.0009874363	0.009707312	0.00094170804	0.013963442	0.021751838	0.0050048623	0.001618861	0.0013959921	0.017904226	0.0014421804	0.0073293503	0.0033671262	0.0001398957	0.0010473941	0.0013908029	0.0047750636	0.0010875262	0.0022615788	0.0006279941	0.0016377277	0.0005745534	0.0014208955	0.001978936	0.001525283	0.00096792425	0.0035279565	0.0024913233	0.0032866546	0.002169503	0.00028035796	0.013540547	-21.672195434570312
s02e19b	690.0	5.0	0.78059036	0.78059036	0.10154774	0.02307349	0.0004424443	0.003555248	0.05991178	0.002073056	0.0025729511	0.0010262468	0.0016684858	0.00033803613	0.010237735	0.01604084	0.00072213233	0.00032332764	0.0032610374	0.0011089372	0.027943648	0.02263364	0.0037362403	0.0027373794	0.0012571878	0.0013101477	0.00044114966	0.00132793	0.052540023	0.011139065	0.003845257	0.0014954366	0.00040980842	0.0009307847	0.005138921	0.00022987551	0.00029446627	0.003098028	0.001991683	0.003098028	0.0021208175	0.0032012248	0.0008742352	0.004075569	0.0016173058	0.004060207	0.011092928	0.0028130836	0.0014953683	0.001226292	0.009839747	0.00092722685	0.002646094	0.06647732	0.0002955866	0.0024503283	0.0017269184	0.009215407	0.0015897041	0.0005246551	0.0002892389	0.0017401874	0.0005042319	0.0004854144	0.0029646717	0.0014858029	0.0044519496	0.0037497198	0.0014696829	0.007482518	0.008372263	0.00013666197	0.06673367	-20.884353637695312
s02e19b	695.0	5.0	0.82138324	0.82138324	0.1656144	0.009713801	0.00022929718	0.003514675	0.12588371	0.0008612625	0.0014817591	0.00088288257	0.00012612183	0.00037852966	0.0005224399	0.004940388	0.0016661619	0.00046110034	0.0021941701	0.00029419322	0.009065188	0.05219402	0.003737598	0.003737598	0.0017150032	0.003446949	0.000570661	0.003446949	0.015118922	0.005887657	0.002120977	0.0009099841	0.00045692705	0.0008906925	0.005070678	0.0005077941	0.00018022345	0.00086105324	0.00086105324	0.0003576243	0.0017709538	0.0014378367	0.000111821435	0.0017709538	0.00091589	0.003847276	0.0047068913	0.0012266933	0.0006925948	0.00088787085	0.0025541538	0.0011960559	0.0020080828	0.009562601	0.00016363358	0.0017948381	0.0024074295	0.0009546853	5.3084135e-05	0.00035675187	0.0003901843	0.0011708959	0.00036573884	0.00032178365	0.0010944199	0.000863977	0.0012771526	0.0030143461	0.0007656293	0.0018991983	0.0058065387	0.00035928303	0.012521279	-21.44079971313477
s02e19b	700.0	5.0	0.716936	0.716936	0.0044377493	0.0005998468	0.00045421722	0.0054864143	0.018598653	0.023945285	0.016743518	0.0016599172	0.0083021205	3.063516e-05	0.007822218	0.0019328238	0.00026515924	0.0005887656	0.004391542	0.0007696189	0.006711726	0.010631756	0.005455012	0.00032726122	0.00048019286	0.0058145076	0.0003646361	0.0058145076	0.6316619	0.12479238	0.020651553	0.0017335964	0.00025284494	0.002259802	0.045147013	0.00030082968	0.002382455	0.00013951576	0.00013951576	0.00010622618	0.0011258589	0.0002262682	3.721839e-05	0.0011258589	0.0007611862	0.0011345748	0.004130836	0.00016465138	0.0015741858	0.00064533675	0.00040573545	0.00018032572	0.0014249878	0.008827828	0.00036033246	0.0029097588	0.0014891727	0.0062094815	0.0027951407	0.00036695006	8.053395e-05	0.00064242986	0.0010266531	4.2593165e-05	0.002987045	0.0027187387	0.0006630847	0.0042415205	0.0029480387	0.0035753862	0.013518025	0.009438702	0.01595198	-20.86354255676269
s02e19b	705.0	5.0	0.06330213	0.06330213	0.0014178345	0.004460219	0.000843725	0.00055626006	0.0012057051	0.0026003974	0.01047129	0.0027358995	0.0063803536	4.5577282e-05	0.0034250305	0.0016875981	0.0028750927	0.0003884529	0.0060520065	0.00034968587	0.0011594351	0.0036983644	0.004923085	0.0019644042	0.0026194195	0.0031538308	0.0009381742	0.0039249333	0.17126955	0.031621266	0.0112818545	0.0019657968	0.00082288217	0.002664836	0.0052901288	0.0011403543	0.0012504227	0.0059050643	0.0043103513	0.0052909744	0.0007630876	0.00077132526	0.00212859	0.0010870503	0.0006901158	0.0076939682	0.020707596	0.0001866524	0.00041312503	0.0016220162	0.0018816834	0.00070168404	0.0031082372	0.002775176	0.0063690846	0.0023541264	0.00524668	0.000767499	0.0015932742	0.00036701336	3.4963552e-05	0.0016188294	0.0014984787	0.0016797914	0.0047709118	0.0039911936	0.0026593504	0.0031461348	0.002265406	0.0030836437	0.0035849428	0.5564652	0.015939865	-inf
