episode_id	onset	duration	talking	speech	man_speaking	woman_speaking	baby	shout	laughter	cry	singing	kids	groan	whistling	breathing	walking	mouth_sounds	fart	hands	heartbeat	cheering	crowd	mammal	dog_bark	cat	rooster	duck	bird	music	musical_instrument	guitar	piano	organ	electronic_instrument	percussion	bell	ambient_music	weather	wind	rain	river	wave	thunder	river_sea	fire	boat	car	traffic	car_honk	emergency_vehicle	train	cycling	engine	door	doorbell	knock	dishes	radio_tv	dryer_vacuum	zipper	keys	alarm	telephone	whistle	mechanisms	tools	boom	bang	glass	water	beep	silence	sudden_noise	db
s02e22a	0.0	5.0	0.04589772	0.04589772	0.0015223491	0.0023180256	0.00010821072	0.0013371545	0.00065592694	0.00057684095	0.03723971	0.003506105	0.0005532388	5.298395e-05	0.0006164778	0.0042368206	0.00010429027	0.00035845817	0.0016666505	0.00021662623	0.0016152529	0.0024252997	0.001770159	0.0012968262	0.0011183658	0.00094204274	0.0007261518	0.0017306159	0.7022353	0.021695137	0.013543834	0.004491594	0.00062169466	0.0024405317	0.018073054	0.0074563543	0.0088364445	0.005900246	0.005900246	0.0041968958	0.0034408155	0.01136921	0.0014359046	0.01136921	0.0014871478	0.007955271	0.06622241	0.008325159	0.0010551035	0.0015762728	0.017986093	0.009197952	0.0015936929	0.0012017253	0.002222049	0.0017375413	0.0005955978	0.0007672946	0.00045254553	0.00014774631	0.0004982017	0.0020311368	0.0010644064	0.00024352106	0.0016016383	0.0008455443	0.0015805817	0.0008651492	0.0031887116	0.0052523226	0.0019229796	0.047854956	0.0050276243	-22.867504119873047
s02e22a	5.0	5.0	0.8166494	0.8166494	0.00949893	0.15052503	0.00076331996	0.0035979284	0.0013136857	0.0060004015	0.008580966	0.0133829545	0.000786427	0.00021342958	0.011340337	0.003186469	0.001692305	0.0003306192	0.0012665283	0.0012639198	0.0016042343	0.003362246	0.0033597061	0.0033597061	0.0018869387	0.003966311	0.0011902081	0.003966311	0.684779	0.09253912	0.009347537	0.0044639194	0.0007996564	0.0031036837	0.06962593	0.0023963477	0.005028421	0.0028282795	0.0014178177	0.002202892	0.0022374217	0.0036193118	0.0007980798	0.0036193118	0.0009395365	0.004628119	0.04255356	0.0020995513	0.0011308144	0.003514433	0.0071590156	0.0013962421	0.0053123413	0.0050804415	0.0010170067	0.0052107694	0.00094088016	0.006832356	0.0022191321	0.0032680319	0.0006524903	0.0019076157	0.000316319	0.00025493713	0.0029025257	0.003653224	0.0019861101	0.0053598913	0.0033694152	0.029631663	0.0042685745	0.00026302808	0.007302737	-21.3759880065918
s02e22a	10.0	5.0	0.88396114	0.88396114	0.004762958	0.0936219	0.00075046055	0.00058718916	0.023252552	0.0009407475	0.0036921918	0.005096628	0.0014592411	0.00020567198	0.0072151925	0.0021329212	0.0019327318	0.0010888723	0.0009021891	0.00047075553	0.00029310613	0.0017721502	0.047845375	0.009524339	0.002577663	0.010363188	0.0017904285	0.010363188	0.15331028	0.007051314	0.001791079	0.00048441024	0.0008680835	0.00041595113	0.0016267969	0.00038892424	0.0006997471	0.0007588334	0.00057729386	0.00039910388	0.000530208	0.0006862999	0.00017267246	0.0006862999	0.00083092664	0.0023512535	0.011944857	0.00024301172	0.00022592134	0.00025898288	0.0048426557	0.00052017777	0.002948619	0.013035603	0.00046775056	0.0015541503	0.0035697832	0.010949462	0.001129231	0.014986397	0.0006431521	0.00026466395	0.0006166374	0.0004977192	0.0030204887	0.00085120375	0.00037435247	0.002968988	0.002087561	0.0050533484	0.0010545618	0.00019450374	0.004920974	-20.97296524047852
s02e22a	15.0	5.0	0.75196946	0.75196946	0.011183503	0.00970888	0.00023581204	0.0018288142	0.006710722	0.00050655194	0.0021539961	0.004533955	0.0012814904	0.0007119787	0.0020366034	0.0059287786	0.0029282141	0.0003803335	0.0016947541	0.0011389907	0.0012076999	0.0073185717	0.037017632	0.037017632	0.0016068117	0.00089106936	0.001910074	0.001910074	0.254939	0.009672418	0.0025045946	0.0013136857	0.00084699655	0.0012273419	0.0035164356	0.003901861	0.00085443066	0.0049307086	0.0040566856	0.0049307086	0.004239928	0.00448893	0.0011488994	0.00448893	0.0019889078	0.014315847	0.009349409	0.0014506301	0.0011690224	0.0004420149	0.005290415	0.0069604293	0.0033155757	0.010917347	0.022128956	0.0030722837	0.010178936	0.0018382872	0.00055600115	0.018360931	0.0044086003	0.0020706712	0.0010259418	0.0005867925	0.00609212	0.004211794	0.0053134346	0.02599058	0.061643694	0.023783544	0.032787442	0.00021055898	0.061643694	-22.5795955657959
s02e22a	20.0	5.0	0.9151611	0.9151611	0.0325575	0.20509791	0.00080650393	0.0033569357	0.07568461	0.0024230499	0.002224392	0.005996978	7.1217706e-05	0.0006070605	0.0034828119	0.016214497	0.0047947415	0.0003739635	0.0015511299	0.00043861865	0.003048851	0.09072315	0.0075035854	0.005429188	0.0015270095	0.009689731	0.0020202815	0.009689731	0.08118506	0.009171932	0.0029828332	0.0011434685	0.0006496366	0.0016857827	0.0059861806	0.0004144909	0.0006919723	0.002387114	0.0010624775	0.002387114	0.0058002663	0.0012920881	0.0003618611	0.0058002663	0.0015432113	0.0058673187	0.0042136107	0.00045280097	0.0005256873	0.0009368561	0.0027828931	0.0015651919	0.0024221153	0.0073106256	0.0006796761	0.003160721	0.0015148052	0.0108207865	0.0015694353	0.008191915	0.0007930291	0.00095349265	0.0003781913	0.0002787901	0.004192297	0.0010730788	0.0005993633	0.001221186	0.0028821854	0.0075072297	0.0068718432	0.00022278671	0.0074422415	-22.35494613647461
s02e22a	25.0	5.0	0.85336643	0.85336643	0.12274426	0.03596367	0.0007012192	0.015735477	0.12528975	0.0019116658	0.0024138647	0.0009558093	0.00034439078	0.00070863974	0.0011550841	0.02509653	0.002560196	0.00048345694	0.002388894	0.00090425246	0.040028226	0.041551236	0.0066308468	0.00399644	0.001223764	0.0043043573	0.0015420928	0.0043043573	0.05138115	0.013549844	0.0035335887	0.0012622164	0.00032060652	0.001088132	0.008271203	0.00060225424	0.00047247417	0.0013383559	0.0008262037	0.0007943015	0.002089856	0.0011635576	0.0002212697	0.002089856	0.0006886967	0.005114544	0.0031944958	0.0007076861	0.0009753095	0.0014064292	0.00343981	0.001020267	0.0014216818	0.016520714	0.00018385572	0.0020552247	0.0020694025	0.006016306	0.0003536902	0.00033222872	0.0003122813	0.0013510584	0.0005417523	0.0007264217	0.0025468692	0.0016873796	0.0010927292	0.0028435355	0.00062474294	0.009908603	0.0115132	0.00016863104	0.07744069	-22.75476455688477
s02e22a	30.0	5.0	0.7953668	0.7953668	0.0056048436	0.4335068	0.0004746276	0.0006804379	0.001745905	0.0017467552	0.002199661	0.019341405	0.00030323202	0.00024832526	0.00052774494	0.0034023034	0.0018301874	0.00013181465	0.0007857573	0.00048977026	0.00016288404	0.0007549472	0.00907718	0.007638052	0.0012419511	0.0034877886	0.002678702	0.0034877886	0.16948178	0.008872542	0.0019267576	0.00095782406	0.0009953987	0.00090988434	0.0025888383	0.0030328094	0.000887429	0.00149378	0.0008285081	0.0011296081	0.00094861904	0.0006325455	0.00028846724	0.00094861904	0.00073230825	0.004529582	0.012874906	0.00027434062	0.0005441593	0.0023132677	0.002313008	0.0009149196	0.0019639174	0.001056013	0.0019203813	0.0010347753	0.0025216509	0.010738956	0.0044045583	0.02703352	0.00014436623	0.0015775679	0.004020045	0.000220327	0.009465475	0.00051906804	0.00038688228	0.00038427324	0.0010890026	0.00825316	0.0012058304	9.572212e-05	0.009465475	-24.18958282470703
s02e22a	35.0	5.0	0.896139	0.896139	0.009267782	0.027629515	0.00026846904	0.000899686	0.085296504	0.00061016704	0.0012038081	0.012236589	0.0003603402	0.00026208584	0.0024210531	0.0057293936	0.002868904	0.00081958884	0.0012250481	0.0002707196	0.0012393857	0.03689684	0.032983284	0.032983284	0.0022998431	0.00783212	0.0037216803	0.00783212	0.2130624	0.0077201338	0.0015857447	0.0009664131	0.00041836294	0.000908205	0.002071418	0.0009603579	0.00072565855	0.0021167365	0.0011269829	0.0019715072	0.008358197	0.0018475236	0.0003390292	0.008358197	0.0010892531	0.0050014583	0.0027819183	0.0006880984	0.0004140328	0.0003459817	0.0034420532	0.0023255376	0.001494574	0.0031211018	0.0006461038	0.003103275	0.0010891353	0.0011074191	0.00041790417	0.0046899687	0.0004997691	0.000949261	0.00018947788	0.0002899211	0.0012438406	0.00040568536	0.0005245806	0.003502944	0.0034317821	0.010738911	0.008208129	0.000150678	0.016876372	-22.602584838867188
s02e22a	40.0	5.0	0.90441173	0.90441173	0.026665434	0.04830774	0.000479033	0.0038308874	0.07245108	0.0010536611	0.00071737554	0.005702181	0.00015119267	0.0001725528	0.005701748	0.01731157	0.0014818523	0.00078886485	0.00057532167	0.0009602595	0.00097489153	0.045983963	0.037620597	0.014209081	0.0019338321	0.0061690947	0.0008755816	0.009124425	0.11764374	0.0066487235	0.0012990402	0.000709141	0.00037827043	0.0011443993	0.0020796212	0.00035534374	0.0005065937	0.0016163898	0.0004772737	0.001146278	0.0009781907	0.00037386423	0.00020915653	0.0009781907	0.0008595584	0.0019244179	0.002037754	0.0002218185	0.00019860017	0.0005327772	0.0018851659	0.0017329999	0.0019546954	0.009938014	0.00019830915	0.0030562489	0.0009154018	0.005725017	0.00023875148	0.0033952936	0.00077986903	0.0005855997	0.00031920723	0.00027063137	0.006079055	0.00086452084	0.00047315608	0.0019142767	0.0010496681	0.005861397	0.004807019	8.1560924e-05	0.021132277	-22.135162353515625
s02e22a	45.0	5.0	0.86541003	0.86541003	0.018400911	0.23783748	0.00060424104	0.002558049	0.22084638	0.0019606918	0.0018959707	0.0073833764	0.00016809277	0.00039808347	0.0018673385	0.00570297	0.0078113973	0.0006714848	0.0012834821	0.0007041959	0.0038996707	0.21248823	0.007265653	0.0062660594	0.0012739792	0.0030194793	0.0008229445	0.0030194793	0.087313145	0.00941484	0.002336016	0.001158254	0.00029150175	0.0024994465	0.0036678237	0.000605694	0.00081732316	0.001150449	0.0008393616	0.001150449	0.0029617103	0.0010855575	0.0003303706	0.0029617103	0.0010688565	0.004760714	0.00466042	0.00085399597	0.0005268086	0.000799789	0.01215721	0.0012107274	0.003304008	0.0032500853	0.00043407382	0.00092578254	0.0009958565	0.004164911	0.00070643553	0.0029108354	0.00051503687	0.00073114235	0.00059202453	0.00037336771	0.0016976681	0.00052188896	0.00100123	0.000954779	0.0032241605	0.0030997926	0.0054405443	8.835034e-05	0.0054405443	-22.96611976623535
s02e22a	50.0	5.0	0.764165	0.764165	0.021678025	0.07109058	0.00040258578	0.002933632	0.09072178	0.0011370959	0.0072596297	0.012393528	0.000517821	0.00041847982	0.002691668	0.0034641642	0.0015652769	0.0017914643	0.005226062	0.00088887266	0.0072177174	0.013274524	0.017081074	0.014731354	0.0017970975	0.004189511	0.0011826623	0.004189511	0.052464366	0.008491624	0.0043938635	0.0013956771	0.00020633117	0.0007812053	0.0015308005	0.0015735549	0.00027391018	0.001825234	0.0009883812	0.0012656817	0.0021006505	0.0010689207	0.00043304058	0.0021006505	0.0011347012	0.0037270589	0.0072198976	0.0012792416	0.0021431963	0.0004841665	0.050805878	0.0022492025	0.0033867417	0.022657877	0.00069477275	0.0031801958	0.0020103173	0.0032186513	0.00072111556	0.0025692729	0.0009946342	0.0018207376	0.0006164341	0.0010939289	0.0036840213	0.00080806017	0.00096447364	0.0065783192	0.006594746	0.0029062775	0.006556536	0.00021799831	0.02263074	-21.928884506225582
s02e22a	55.0	5.0	0.727509	0.727509	0.08456467	0.010794991	0.001439221	0.012896158	0.13387693	0.0022825815	0.0046458333	0.0019555208	0.0046136873	0.00032315167	0.009413301	0.008685498	0.0024056998	0.0013118102	0.013395502	0.00094726204	0.08935775	0.02701545	0.008982665	0.008982665	0.0022641367	0.009043189	0.0026594172	0.009043189	0.041282274	0.010525699	0.005212233	0.0012020756	0.0002860738	0.00080647244	0.006386109	0.0009478922	0.00055512716	0.0031395021	0.0015636606	0.0011773322	0.0021026966	0.0030893763	0.0005688529	0.0042582024	0.000945157	0.0041493913	0.033363234	0.0021894493	0.0030207785	0.0021643415	0.011332742	0.001496716	0.0038739261	0.07208147	0.0018210271	0.0027368015	0.0018281789	0.009528077	0.0009530908	0.003756629	0.00055092055	0.0026150555	0.00070994167	0.001228425	0.0011264441	0.001836082	0.008397737	0.012556256	0.0048952512	0.0052635027	0.015010771	0.011536422	0.031960938	-21.494932174682617
s02e22a	60.0	5.0	0.04313944	0.04313944	0.009158751	0.0024497095	0.0002964106	0.0015589346	0.001534693	0.0037626654	0.018727573	0.0011949405	0.004770054	0.000102435144	0.0022604214	0.0013511304	0.0017181704	0.0014385668	0.0035574057	0.00045960833	0.0033981656	0.008382221	0.0019050266	0.0011202177	0.0018456262	0.0016140415	0.0006331876	0.0053863456	0.2665606	0.029877715	0.015155169	0.0030685267	0.0022507869	0.004384661	0.003805987	0.0023551122	0.0048359665	0.0067492207	0.0067492207	0.001281651	0.0020362292	0.001922577	0.0011048492	0.0020362292	0.0030404604	0.006358302	0.08134541	0.007773943	0.0021959518	0.00620517	0.012799915	0.0029413886	0.0040990044	0.00554285	0.0022549778	0.0014542373	0.003193896	0.003775835	0.0012717479	0.0008789896	0.0001113455	0.0054550692	0.008356015	0.0021354752	0.0017653955	0.0015656421	0.005939301	0.0021957576	0.0043318206	0.0030392667	0.0028841181	0.44973367	0.015087855	-34.43598175048828
s02e22a	65.0	5.0	0.75886345	0.75886345	0.037409443	0.056351963	0.00013637454	0.0062717358	0.0013384082	0.00081365695	0.0005723409	0.007926759	0.00021970143	0.00017329809	0.0005332728	0.007920252	0.0005380413	0.000303407	0.00038327556	0.0003218867	0.00043687047	0.006427378	0.014233561	0.014233561	0.0014245441	0.0029929525	0.002454877	0.007952585	0.031144943	0.0016169517	0.00054344663	0.00028403415	0.00016736571	0.00024218367	0.0010373574	0.00056092563	0.000208611	0.0044150925	0.0043253987	0.0013650417	0.0009140204	0.0017105319	0.0006010068	0.0017105319	0.0015205787	0.008237847	0.05881404	0.00749764	0.0006665873	0.0032306183	0.006325118	0.004619823	0.002689654	0.0021514497	0.00039815123	0.00073901034	0.0012811	0.0010540979	0.000197242	0.0015593078	0.00073322165	0.0016240065	0.0004085871	0.00021319509	0.003613844	0.00052822457	0.0059994543	0.0008284883	0.0008218971	0.005596147	0.00095049635	0.00097499456	0.010670633	-23.87557029724121
s02e22a	70.0	5.0	0.8330625	0.8330625	0.010233406	0.013071991	0.0012045285	0.0006198274	0.003951958	0.00078499655	0.0023238114	0.0075953784	0.0010018989	0.00030492188	0.0045158206	0.01822714	0.0036811277	6.815262e-05	0.00073520455	0.0009967491	0.0002919345	0.001473397	0.03130922	0.015570222	0.0024034327	0.009013701	0.0068903426	0.022770094	0.120008424	0.014202758	0.004831849	0.0010036587	0.0010150722	0.0010682615	0.0036622118	0.0011888428	0.00053395436	0.0061998526	0.0053190757	0.0031454528	0.0045119724	0.002907462	0.0010367963	0.0045119724	0.003376452	0.026066229	0.009005156	0.00045446103	0.0019607963	0.0013253279	0.0018759784	0.0022621793	0.0018509085	0.036286045	0.0024834198	0.0053942576	0.0016950422	0.003337405	0.0010536726	0.029468292	0.00058958546	0.0025291014	0.0007632043	0.00023506634	0.014718218	0.002497139	0.0017914327	0.0024480287	0.0022058487	0.027239533	0.0028097455	0.0005547617	0.014718218	-22.757970809936523
s02e22a	75.0	5.0	0.7363116	0.7363116	0.07594263	0.009797541	0.00041716444	0.0063213157	0.0442531	0.0007596561	0.0046212133	0.0016159528	0.00038817213	0.00017198251	0.004442091	0.029157214	0.0012805996	0.0002711603	0.0039889463	0.001178791	0.0085445	0.035401765	0.019231874	0.0037359437	0.0022788057	0.0039834827	0.0011872952	0.0039834827	0.059750617	0.012382869	0.0068834545	0.0007876679	0.00021195447	0.0008552167	0.006057887	0.0002802751	0.00028161946	0.04282917	0.04282917	0.01823413	0.009710669	0.039189287	0.0051284395	0.041572984	0.003509785	0.06551733	0.017170021	0.0022093137	0.0013483032	0.0006263428	0.015184506	0.008968871	0.0036887538	0.025533801	0.00021401953	0.0034713652	0.000861029	0.00179402	0.00043152474	0.004129444	0.0006008862	0.0010395695	0.00030900317	0.001402153	0.005414639	0.001790074	0.003042074	0.0037104385	0.0012609096	0.014185149	0.0062684203	0.00013938252	0.053420927	-24.473892211914062
s02e22a	80.0	5.0	0.80020934	0.80020934	0.059481874	0.0082122795	0.00096787635	0.0042468123	0.15482667	0.0010248574	0.0026950955	0.0018660413	0.00023891339	0.0005242075	0.00097144104	0.016221771	0.0022097488	0.0005859299	0.0031691003	0.0014854543	0.011872617	0.034270614	0.013905471	0.0064256154	0.0036378098	0.02091833	0.0030444146	0.02091833	0.09446712	0.014209142	0.009734197	0.0014877787	0.0006045166	0.0013315084	0.0061482876	0.00046161798	0.00042773926	0.0040922128	0.0040922128	0.0019928017	0.004770688	0.0051473947	0.0010163825	0.0064160023	0.0019733112	0.020184677	0.029992504	0.004897833	0.0030986553	0.0012473227	0.060794283	0.0028723846	0.007818167	0.0071300077	0.00022333607	0.0017413202	0.0025954454	0.0040427633	0.0003130104	0.00060632994	0.000545496	0.0011766931	0.00037769752	0.0031871083	0.002857792	0.0016825492	0.0025304228	0.0024725196	0.0013491792	0.003996281	0.0012866535	0.00016594888	0.027272593	-22.149730682373047
s02e22a	85.0	5.0	0.6469381	0.6469381	0.037329167	0.024637248	0.000830331	0.006596443	0.029774947	0.0012543172	0.0045675035	0.0043157493	0.00048915815	0.00038118617	0.004600617	0.012391041	0.0006150582	0.0005599204	0.015130033	0.0008111074	0.15331583	0.06182704	0.0021769179	0.0020217118	0.0021769179	0.0028472834	0.001689027	0.0028472834	0.057746865	0.030739356	0.010379978	0.0019251875	0.000572408	0.0014423596	0.023028724	0.0011380645	0.00052189216	0.0033683614	0.0033683614	0.0016225816	0.01013519	0.010760259	0.0005976569	0.012131661	0.0020007286	0.011025071	0.017727023	0.003963057	0.0029203976	0.0025047543	0.009239771	0.0016756671	0.0028622495	0.01727291	0.000560916	0.0015619968	0.0010357794	0.0021144412	0.0071488554	0.0023555008	0.00067274447	0.0029339779	0.00047026508	0.00073834654	0.003149774	0.0023337512	0.0034112758	0.0030590773	0.0012786904	0.0065114256	0.0052780258	0.00044297896	0.011943799	-21.25392723083496
s02e22a	90.0	5.0	0.8534745	0.8534745	0.10413837	0.059714194	0.000683704	0.0009078852	0.005942032	0.0018265288	0.0010630945	0.0058105174	0.00030632425	0.00041168617	0.0040613045	0.010892794	0.00091835373	0.00026270878	0.0007537798	0.0005253642	0.0006127391	0.004662491	0.01185935	0.011357906	0.0035044607	0.0076644314	0.004516322	0.077947356	0.045155276	0.004271835	0.0015997271	0.0005557084	0.00032180847	0.00058442954	0.0018847605	0.00056058436	0.00025761928	0.01300237	0.002338808	0.01300237	0.005177011	0.0025304612	0.0019636687	0.005177011	0.004390902	0.012781141	0.00826043	0.000399744	0.00021036813	0.0006688155	0.0027983165	0.00361347	0.00289259	0.0034999393	0.0005616174	0.0020635142	0.0009597762	0.006445091	0.0007831152	0.014021461	0.0003123465	0.0007714329	0.0012204441	0.00049082766	0.0068387683	0.0032520292	0.00082010013	0.00073689927	0.0012483972	0.014738651	0.0032067942	0.00029970633	0.007954308	-23.3242301940918
s02e22a	95.0	5.0	0.82787067	0.82787067	0.02480606	0.036660235	0.0004047191	0.0019400452	0.3127029	0.0009058033	0.0028845172	0.0049704877	0.000463647	0.00023203173	0.003972313	0.0022235657	0.0034878699	0.0013888896	0.0028026404	0.0026152097	0.002006606	0.04585384	0.0106452275	0.0023031663	0.0011906639	0.006048184	0.0014399675	0.006048184	0.039348472	0.0056165284	0.0019859644	0.0013339148	0.0008669907	0.0013291516	0.0025304588	0.0003865339	0.00043891306	0.0014357358	0.0008791319	0.0013157437	0.0056955526	0.0019473605	0.00036689913	0.0056955526	0.0006203697	0.003536432	0.007822067	0.0012319449	0.0005809108	0.00033956653	0.0060813087	0.001030545	0.006805262	0.010163161	0.00052749447	0.002533713	0.0017778617	0.00882855	0.0010895069	0.002671443	0.0018088691	0.0016035899	0.0012218842	0.00029177425	0.0027214305	0.0028483828	0.00030326354	0.0040098783	0.008019069	0.004434531	0.008471309	0.00024139821	0.008471309	-23.339155197143555
s02e22a	100.0	5.0	0.8230808	0.8230808	0.072072856	0.06432127	0.0011853471	0.0029971374	0.17189586	0.0049053244	0.008289207	0.0035146151	0.0010259178	0.0010546062	0.024139188	0.006374555	0.0027581877	0.0028627382	0.011369918	0.0005111227	0.11198306	0.0109653985	0.01396572	0.01396572	0.0015195395	0.0065166466	0.0053229346	0.0065166466	0.033834033	0.021802302	0.009227741	0.0027404584	0.00030046594	0.0013845605	0.003872892	0.00036556667	0.00029863731	0.0016683246	0.001045484	0.0016397123	0.0038578364	0.0010728575	0.00032957783	0.0038578364	0.0015684814	0.0028199162	0.005533939	0.0010349118	0.000983775	0.00063353736	0.003644212	0.001983503	0.0012592995	0.009180941	0.00032779423	0.0026748562	0.00058947393	0.0022195166	0.0016405947	0.0034629528	0.00041800376	0.0020155485	0.0005424579	0.0006865518	0.0013618785	0.0007918409	0.000655048	0.004575647	0.0009842808	0.0049329996	0.0052508605	0.00014298488	0.010649053	-20.421119689941406
s02e22a	105.0	5.0	0.74273	0.74273	0.0039059864	0.020911813	8.54685e-05	0.0018394347	0.011494775	0.00020003121	0.00094038364	0.004419658	0.00059742416	8.6486936e-05	0.0015717766	0.009441698	0.0009871832	0.00014800363	0.0006076933	0.00047405268	0.0018576257	0.007215801	0.018811775	0.0030537783	0.00047601692	0.0013974219	0.00043555768	0.0013974219	0.13631216	0.0049973503	0.00075310096	0.00031794378	0.00016215617	0.000347316	0.0018365434	0.00014845494	0.00023692762	0.0017725198	0.0017725198	0.0007829731	0.0010168712	0.0016667782	0.00018352242	0.0016667782	0.0011516684	0.008910192	0.004936212	0.00020187115	0.00034196043	0.0005085485	0.002281333	0.00094815146	0.0011203036	0.03409116	0.00023632705	0.012630325	0.00057458517	0.002150144	0.00048850814	0.0008053896	0.000109499815	0.00094085466	0.00036505295	0.0002134129	0.0020670707	0.0012933976	0.00088741456	0.0059096515	0.00054104946	0.04392641	0.005357274	8.09915e-05	0.19362086	-22.19378471374512
s02e22a	110.0	5.0	0.8653669	0.8653669	0.0482154	0.031002449	0.00016555913	0.0021331953	0.08048777	0.0016145518	0.0022275331	0.0010842769	0.00034938776	0.00026835667	0.0021734992	0.0030769755	0.003739047	0.00034552798	0.0019813597	0.0015330294	0.009543377	0.010333008	0.0072468496	0.0025514704	0.0011832832	0.0011469633	0.00054778333	0.003211106	0.053732518	0.005654801	0.0029322444	0.0012492988	0.00031556172	0.00084173464	0.0039507416	0.00028755725	0.0004274503	0.01097808	0.007973415	0.01097808	0.027961215	0.036136672	0.0023601805	0.036136672	0.0014324097	0.035299346	0.056389447	0.0051335534	0.0011300779	0.0016758292	0.009123538	0.0019770833	0.00883285	0.0062984824	0.0004971616	0.000688914	0.0006449027	0.0056154523	0.0013677771	0.005660966	0.0006564251	0.001637037	0.0002578156	0.00040923574	0.0012164523	0.0015430299	0.0022134485	0.0029568833	0.002230472	0.04309526	0.0031152677	0.0003377723	0.0047863987	-20.95991897583008
s02e22a	115.0	5.0	0.6692232	0.6692232	0.0067546503	0.04315438	0.00021277046	0.0018276646	0.0009959039	0.0001904847	0.0007032211	0.0058424915	0.00035800837	0.00024125558	0.0022378508	0.030727953	0.0028483584	0.00015814869	0.0003088647	0.00037270342	0.00031378603	0.0047296686	0.096099935	0.009239471	0.0022799724	0.0063753617	0.005135614	0.0063753617	0.0651173	0.0042773415	0.0005915203	0.000686612	0.0004907643	0.0006997135	0.0020341508	0.00031573206	0.00042392494	0.005766266	0.0049432437	0.0053028027	0.0020850135	0.0024907698	0.0011065366	0.0024907698	0.0023686094	0.016633663	0.006763332	0.00031244598	0.00040564997	0.0010320575	0.0029421607	0.0019724672	0.0017850439	0.0032581293	0.0006017597	0.0054717287	0.00076948875	0.0034364506	0.0005897861	0.011683464	0.00013896317	0.00090327073	0.0006695779	0.00024928743	0.0033009066	0.0017105418	0.0033354594	0.0032074905	0.00048271535	0.022270529	0.0035216743	7.070747e-05	0.045495823	-21.53787612915039
s02e22a	120.0	5.0	0.8631731	0.8631731	0.013485849	0.07509681	0.0002366946	0.00187952	0.16526392	0.0007005371	0.0008160127	0.003244995	0.00015360692	9.548382e-05	0.0018859081	0.004145273	0.0030292575	0.00034013527	0.0017331862	0.0011930617	0.004135853	0.01638534	0.014106543	0.0047031175	0.0009458871	0.0037008442	0.0006498434	0.0037008442	0.04577446	0.0036535366	0.001036697	0.00062538456	0.00014637697	0.00041674727	0.002090373	0.00019476132	0.0001898908	0.0031674707	0.0019397425	0.0031674707	0.0025640407	0.0037446609	0.00067953457	0.003989509	0.000923214	0.0073646507	0.0129437605	0.001212946	0.0008531493	0.00055571826	0.012028956	0.0009368396	0.0050665536	0.011750513	0.0007099295	0.0017294942	0.0012454167	0.0035002022	0.0018907918	0.003397066	0.00048203327	0.000971124	0.00020137403	0.0003568898	0.001889322	0.0005963865	0.000750344	0.0026860368	0.0015675492	0.008499444	0.004639115	0.00010573261	0.015777161	-23.17730712890625
s02e22a	125.0	5.0	0.8414888	0.8414888	0.0032342658	0.19448073	0.00035015555	0.0015007092	0.0023051691	0.0007826027	0.0011971268	0.014476275	0.00022982818	0.00016892103	0.0016651809	0.0065205623	0.0008829743	0.00028366962	0.0009037309	0.0009100136	0.00036326717	0.0015609405	0.01517955	0.0142928455	0.00094176224	0.004274434	0.0013935268	0.004274434	0.10813587	0.0050915554	0.00091993663	0.0007673955	0.0005145393	0.00077009836	0.0030467354	0.004903246	0.00066998386	0.004653904	0.0015325828	0.004653904	0.0016355001	0.0010948871	0.0009489115	0.0016355001	0.0010987128	0.003006346	0.009068787	0.00040973304	0.00026855376	0.0013663722	0.0036683066	0.0012265473	0.0024121695	0.014995544	0.00036046974	0.0071612834	0.0025246115	0.0054356134	0.001647518	0.010885906	0.00040462997	0.00096065894	0.00030160072	0.00013843442	0.004266885	0.003700531	0.0009794702	0.0028882485	0.0021307657	0.007724617	0.0061420323	8.661818e-05	0.01833198	-22.74238967895508
s02e22a	130.0	5.0	0.82473224	0.82473224	0.012191991	0.40922275	0.00066346145	0.0029337744	0.0043640165	0.0026044336	0.008441376	0.008219075	0.0033520206	0.00036394483	0.0015737024	0.0037206197	0.00082849344	0.0003315665	0.00044297808	0.00072566065	0.0005600223	0.0032915478	0.0061667557	0.0034428008	0.0009812233	0.0012109996	0.0012483365	0.0012483365	0.038522013	0.0044636247	0.000933128	0.0012618232	0.00056260586	0.00061557454	0.0014574842	0.00070817495	0.00058719364	0.002583724	0.0016139223	0.0014652928	0.0010358144	0.0012139914	0.00036091538	0.0012139914	0.00082539907	0.0040623476	0.0049191625	0.00035403666	0.0004126671	0.0010396418	0.0030539744	0.0009174966	0.0013044806	0.0010304368	0.0013242478	0.001304667	0.0006203345	0.007433789	0.0007687038	0.0077141235	0.00021672767	0.000693981	0.005563157	0.0003531597	0.001501268	0.0008176157	0.00074824685	0.00056247745	0.0008188004	0.004683863	0.002678833	0.00022715553	0.012720954	-21.956764221191406
s02e22a	135.0	5.0	0.86435807	0.86435807	0.011153507	0.49282432	0.00081344997	0.0013403025	0.0070829447	0.0051171365	0.0041611055	0.01681286	0.0003424374	0.00029933226	0.0032361231	0.0020541365	0.0012523369	0.0003860025	0.0013879773	0.0013633474	0.0003192937	0.0014270757	0.0052474192	0.0052474192	0.0012310388	0.0052702706	0.0024972456	0.0052702706	0.060068056	0.0049713133	0.0017354732	0.0011439273	0.0005664577	0.00083652185	0.0024514615	0.0011461033	0.00073065405	0.0019733855	0.00060751144	0.0009039488	0.0010639406	0.0006414433	0.00027519854	0.0010639406	0.00050148607	0.0017991763	0.005361592	0.00020302471	0.00035250347	0.0008699504	0.0017051542	0.0011461033	0.0014911211	0.0014147399	0.0008663016	0.0019392902	0.00081137335	0.010726744	0.005202453	0.03131476	0.00024513423	0.00069425645	0.0016825396	0.0003595993	0.0019765848	0.0007731974	0.00057606	0.0004089142	0.00071958883	0.007978852	0.001829353	0.00042153127	0.00529038	-22.266372680664062
s02e22a	140.0	5.0	0.83356035	0.83356035	0.020626146	0.059254438	0.00017677278	0.0017063275	0.098746784	0.0011801033	0.002592207	0.006666764	0.0016122368	0.00029850495	0.0033869266	0.005173318	0.0018667592	0.0013216811	0.002091178	0.00074347004	0.015144782	0.026725575	0.024956975	0.008501397	0.002702038	0.0011632894	0.0008921483	0.0019133833	0.042149503	0.004872085	0.0020405157	0.0012032407	0.00030818937	0.0008529039	0.0023219504	0.00024090895	0.00029008396	0.0021182369	0.0021182369	0.0019326307	0.0143313715	0.005432065	0.0003979008	0.0143313715	0.0010048308	0.0075248866	0.009217841	0.0010709827	0.0007375652	0.00091366697	0.0036551966	0.001362901	0.0021223216	0.0057532378	0.00045966904	0.0011339546	0.00040688584	0.0021083863	0.0013753597	0.055940755	0.00036663044	0.0011148995	0.00014128559	0.00026879917	0.0013253512	0.0010408221	0.0012238323	0.002829221	0.0016585207	0.044857852	0.0025716678	0.00047295765	0.0071565253	-22.893457412719727
s02e22a	145.0	5.0	0.8143632	0.8143632	0.0079384595	0.0353632	0.0003505724	0.0013492125	0.25704074	0.00071615796	0.0015741701	0.010602654	0.00014251105	0.00022419417	0.0016209872	0.002523549	0.0034268554	0.00283749	0.0009515528	0.0003814526	0.0023504111	0.11498906	0.0042063124	0.00280197	0.0017347727	0.003327899	0.0010960262	0.003327899	0.046823755	0.0038495774	0.0014872893	0.00045888076	0.00021199688	0.0006105065	0.00213297	0.0005382477	0.0006217083	0.0015566903	0.0015566903	0.0015295475	0.00518294	0.0018794484	0.00029893813	0.00518294	0.0006399939	0.005045498	0.0052992045	0.00075298856	0.0012107342	0.0005840988	0.0061345473	0.0018194278	0.0042967517	0.0020993373	0.00056507316	0.004520393	0.0008902827	0.0016195502	0.00036232916	0.0011570675	0.00043459653	0.00057106634	0.00022123216	0.0002276067	0.0019557814	0.0005267484	0.000562083	0.0011981342	0.00063591567	0.0045326706	0.0022978997	0.0001544638	0.002666546	-25.49837875366211
s02e22a	150.0	5.0	0.86208546	0.86208546	0.04134473	0.18114343	0.00065636565	0.0010886312	0.0033412643	0.0021224744	0.0019302352	0.011895681	0.0003267191	0.00032686678	0.0072289677	0.01701087	0.0020362486	0.00035668522	0.0009440126	0.0006046751	0.0004932866	0.0067653405	0.035193194	0.019948525	0.0019148737	0.004984237	0.004951055	0.00804062	0.05511328	0.0051021194	0.0018385515	0.0012705547	0.0010927722	0.001040042	0.002533601	0.00056052534	0.00044284997	0.020990428	0.0114130005	0.010865998	0.008890032	0.008481505	0.0028137043	0.008890032	0.0029253422	0.024118485	0.015651919	0.0012345221	0.000791435	0.0015097534	0.004596145	0.0045316787	0.0020858233	0.0036444215	0.00043781844	0.0024572965	0.00070715894	0.0027471492	0.0008826387	0.046426564	0.0005181533	0.002026142	0.0015687967	0.0003668764	0.0023486477	0.0010320098	0.0011206443	0.00052669994	0.0015564887	0.016510298	0.0019943719	0.00058750156	0.011259096	-21.41761589050293
s02e22a	155.0	5.0	0.8173896	0.8173896	0.0056757745	0.086274676	0.00016458971	0.000716973	0.14501263	0.00045337022	0.0014317564	0.009279238	0.00013252358	0.00038324285	0.0025559708	0.0033098308	0.0032428547	0.00151486	0.0012581383	0.001037648	0.0016756783	0.0033329637	0.03680499	0.015037642	0.002248581	0.011069346	0.0019524142	0.011069346	0.2612775	0.012028548	0.0032467274	0.001260053	0.00023962723	0.0012399679	0.002906811	0.00091598456	0.0014038205	0.0019646073	0.0013290707	0.0019646073	0.0020731515	0.0015789904	0.00038537965	0.0020731515	0.0008263631	0.0037644156	0.006180325	0.0012116123	0.00071586255	0.0005862564	0.03242068	0.0014595718	0.0028978111	0.0051992834	0.00031376566	0.0015324645	0.0006703268	0.0023885726	0.00059802376	0.0016614444	0.0005931601	0.00066254457	0.00070972583	0.00039609027	0.00096416817	0.00025913972	0.00020591333	0.0023002897	0.0021002267	0.0030869246	0.0025095483	5.6849876e-05	0.010696795	-21.55918502807617
s02e22a	160.0	5.0	0.7331155	0.7331155	0.03425575	0.008933056	0.0009589947	0.0018990673	0.2904062	0.001543329	0.0011719598	0.0014087396	0.00011220082	0.00025859204	0.0036826672	0.0016598412	0.010643785	0.00058915664	0.0015048798	0.00036937493	0.002808024	0.064843535	0.0020983706	0.0019146904	0.0015950857	0.009103361	0.000749339	0.009103361	0.038477357	0.007305471	0.0024798068	0.0008453703	0.00014069822	0.0008558338	0.0034749135	0.00033364052	0.0003287776	0.0025215526	0.0025215526	0.0010264922	0.004169799	0.010413232	0.00026108648	0.010413232	0.0013216389	0.011844947	0.01962317	0.0076654246	0.0024445306	0.0022781207	0.009536925	0.0010632373	0.005047624	0.006837166	0.00027655548	0.00061953865	0.001515163	0.0030952105	0.0014956859	0.004216793	0.0008002007	0.0019713785	0.0002847288	0.0004040757	0.004036164	0.0025686752	0.0007806468	0.0034342422	0.0024143953	0.006906474	0.0025611655	0.00018417963	0.0057915696	-20.53217124938965
s02e22a	165.0	5.0	0.7789913	0.7789913	0.031844612	0.002658766	0.000396582	0.004261303	0.30641207	0.00073948025	0.0011640687	0.0013405137	0.0001094111	0.00042350567	0.0016961882	0.0017054116	0.011163409	0.00072141393	0.0029129384	0.0003879507	0.004831645	0.08477559	0.010604636	0.007108332	0.0007039808	0.011153498	0.00084618176	0.011153498	0.014962603	0.009810267	0.005808367	0.0007545646	0.0002809252	0.000834058	0.003358102	0.00035469187	0.00029511127	0.0011655727	0.0011655727	0.00056289765	0.0025123	0.0015128158	0.00025003916	0.0025123	0.00095580384	0.0049455846	0.005611388	0.00049812737	0.00024431478	0.0004697579	0.003041926	0.001876901	0.0038405731	0.0037952436	0.00014276485	0.0003110826	0.00089199404	0.0024938139	0.00026380314	0.00050425663	0.0006108191	0.00081972743	0.00012176682	0.00020345995	0.0029992568	0.0010943636	0.00070316583	0.0033273897	0.0015376726	0.0023335847	0.0026058287	0.00013739812	0.004837433	-21.28799057006836
s02e22a	170.0	5.0	0.7879137	0.7879137	0.021035992	0.0017167405	0.0001930756	0.0032388885	0.10793028	0.0006283862	0.006275238	0.0012193217	0.00016262643	9.4976196e-05	0.00021171915	0.006088766	0.00056762807	0.00029259713	0.0011558105	0.00036085033	0.005372433	0.092760846	0.0030938543	0.0030938543	0.0008788221	0.0012403684	0.000696524	0.0012403684	0.7323819	0.02930492	0.008569849	0.0007106202	0.00015494396	0.0012656299	0.0063147233	0.0007474771	0.0015955658	0.0006374503	0.0003844579	0.0003114663	0.0011340745	0.0009732248	7.396034e-05	0.001147394	0.00056517706	0.0051425574	0.022827039	0.0019175446	0.0006637403	0.00033117947	0.00379531	0.003882134	0.0020443138	0.013673159	0.0003283284	0.00058728375	0.0007871929	0.0025274446	0.00010028008	0.0011273855	0.0016648767	0.00061582925	7.534708e-05	6.0934253e-05	0.0009435729	0.0006735435	0.000741082	0.0038016166	0.0049521127	0.004214647	0.008846393	0.00011260394	0.11686474	-20.018695831298828
s02e22a	175.0	5.0	0.78548783	0.78548783	0.004793222	0.010057817	0.0010597011	0.0016560308	0.004746173	0.0007876476	0.021868233	0.08641363	0.00031236617	0.00017809919	0.0010376667	0.0067472896	0.0026190982	0.00043006503	0.0010631492	0.00014167481	0.0009626812	0.0005832348	0.018703436	0.014978578	0.0009674652	0.0153286345	0.015315628	0.0153286345	0.80452913	0.04220436	0.03706305	0.0032825056	0.0012085773	0.002252305	0.011238328	0.0035753255	0.011294462	0.0018409018	0.0012375725	0.0018409018	0.012801139	0.0029451416	0.00046933515	0.012801139	0.0005429273	0.025256647	0.015026748	0.00017674749	0.00034523002	0.00031212505	0.0023756905	0.0044942433	0.0011626369	0.0013725437	0.0008132442	0.0027710036	0.0007047578	0.0008343164	0.00044097792	0.0012482045	0.00017312598	0.0005561276	0.0006526669	0.00019674086	0.00076358335	0.0007488863	0.0008514561	0.0007158915	0.0009566858	0.03427901	0.0037746907	0.00033314186	0.006755629	-21.18142318725586
s02e22a	180.0	5.0	0.7815252	0.7815252	0.0009809331	0.02943031	0.0025342929	0.0004452082	0.0016410992	0.00078991085	0.0028741932	0.1902444	0.00037021431	0.00016473085	0.003816136	0.008275961	0.0011544472	0.00017563718	0.020455336	0.00020035857	0.0003737876	0.0005690753	0.012152687	0.0033372496	0.001202488	0.0022327981	0.0013565691	0.0022327981	0.08921742	0.0026459843	0.0009133266	0.00035874057	0.00038714294	0.00049932365	0.0015758242	0.00087591115	0.00089588447	0.0007119105	0.0007119105	0.00058569596	0.0014697872	0.00034726088	8.653924e-05	0.0014697872	0.0018254981	0.0017752824	0.0040800967	0.00016250691	0.000500634	0.00059467315	0.0018344433	0.001420729	0.0014103799	0.050062835	0.001599929	0.065752074	0.0050721066	0.0015072239	0.0033708757	0.005849869	0.00023153845	0.0014387654	0.00090012245	0.00021081751	0.0024537528	0.0023718805	0.0022507592	0.013513262	0.0010453605	0.017714115	0.0071559288	0.00024833684	0.13687395	-22.681379318237305
s02e22a	185.0	5.0	0.847189	0.847189	0.05019709	0.020793652	0.00011754614	0.005010584	0.21825643	0.00085306034	0.0025006784	0.0012365627	0.00015737668	0.00026011476	0.0012111472	0.0032070028	0.002837725	0.0009197504	0.0024767548	0.0005228153	0.0064371084	0.043357395	0.0072040665	0.0026041486	0.0016962141	0.0026805191	0.001087849	0.0026805191	0.033074953	0.005665192	0.0037298151	0.00078929117	0.00020981545	0.0006902204	0.0037860367	0.00035453148	0.0002729521	0.0027203409	0.0025697849	0.0027203409	0.005847113	0.0043152575	0.0007207199	0.005847113	0.0011580818	0.012813854	0.02710435	0.0027697338	0.0013387831	0.0008537222	0.007790511	0.003792711	0.005643434	0.0063142627	0.0003264249	0.0025763663	0.0011461709	0.0019562654	0.00026842116	0.0011587925	0.00074771367	0.0010003967	0.00021396873	0.0003918303	0.0015964328	0.0005228524	0.0014594814	0.0068985308	0.0025705392	0.005027083	0.0037318997	0.00029037034	0.0068985308	-24.411230087280277
s02e22a	190.0	5.0	0.91655415	0.91655415	0.16661873	0.2623778	0.0014244356	0.0015278748	0.0051751444	0.016784215	0.002634688	0.005058988	0.0007014056	0.00034791915	0.0026779096	0.0074498327	0.0011901293	0.0002172652	0.0009648716	0.00061833824	0.00016958432	0.003396107	0.008903234	0.0052446024	0.0013333928	0.0019533993	0.002411457	0.0072707785	0.041256	0.0033365295	0.0012900099	0.0006313391	0.00067208085	0.00061642966	0.0014157493	0.00047549297	0.0004196399	0.012049998	0.0040121297	0.011656169	0.0025717227	0.0035365496	0.0030443233	0.0035365496	0.0019742495	0.010493254	0.0070677595	0.00038742222	0.00014835362	0.00050140504	0.0020418125	0.0013738947	0.0013579463	0.0029213307	0.0005790659	0.0022508148	0.00070880895	0.024695324	0.0005342751	0.018382652	0.00044231565	0.0014322618	0.013737422	0.00021665102	0.01111001	0.0010071242	0.0007105037	0.00053826184	0.0015025738	0.010765188	0.002080632	0.0004975124	0.01111001	-22.55689239501953
s02e22a	195.0	5.0	0.1517519	0.1517519	0.0053605135	0.0049152332	0.00015555667	0.0005980643	0.0127444975	0.00017008976	0.009274588	0.0034788754	0.00038874926	0.00015363959	0.000570313	0.00225341	0.0015313108	0.0046082987	0.00056707434	0.0001570057	0.0037071807	0.009193064	0.010642189	0.00069234474	0.0026791454	0.0042499653	0.00072357035	0.0042499653	0.09135099	0.011640524	0.004968762	0.0009241716	0.0007578351	0.0006506156	0.0050358027	0.00032527948	0.0003329183	0.0016329515	0.00081259344	0.0016297837	0.0014072753	0.0010281168	0.0016329515	0.0014072753	0.00095291325	0.0041885898	0.004227858	0.00043438672	0.00034083333	0.0004159194	0.005088124	0.0017919767	0.0011999181	0.01765559	0.00022423948	0.20595095	0.0051829717	0.0016481935	0.0008419256	0.0005079734	0.00052764564	0.0008907782	0.0008324089	0.00022491162	0.0037957535	0.007759475	0.0033737877	0.0035138903	0.00263492	0.002394347	0.0015208647	0.0043058884	0.017506458	-22.366247177124023
s02e22a	200.0	5.0	0.9277494	0.9277494	0.0018507007	0.007143651	0.00021446547	0.00020236007	0.0058022924	0.00037673503	0.002239522	0.02780737	0.00012792436	7.3793795e-05	0.0123128835	0.029913623	0.00026236463	0.00010292088	0.00042160062	3.4996243e-05	0.00015229623	0.00032674219	0.2452345	0.031269547	0.0021868974	0.008437613	0.000862865	0.009099175	0.007214141	0.00047823825	0.00047823825	0.0003028452	0.00014323022	0.00017303324	0.00050182344	0.00051666977	0.00013428666	0.0011700495	0.0006583469	0.0002320992	0.00013633333	6.281404e-05	7.49683e-05	0.00013633333	0.003660504	0.0013009444	0.021163998	4.4310345e-05	0.0006306355	0.0001712112	0.001286333	0.012199349	0.0031541833	0.39326987	0.0021952416	0.013345217	0.00037333497	0.00028752655	0.00026480202	0.00044234452	0.0048273727	0.00044808915	0.00051979616	6.936867e-05	0.0015815829	0.0005317922	0.0002448159	0.05585345	0.00040361332	0.0059102396	0.0026761745	0.0007769199	0.05585345	-26.614351272583008
s02e22a	205.0	5.0	0.8605971	0.8605971	0.01882249	0.030569484	0.00014029095	0.0012683553	0.028189894	0.0013818705	0.00077756756	0.0031908765	0.12840739	0.00020261917	0.04754606	0.0011066188	0.1321142	0.3870752	0.00021362789	0.0008647865	0.0011257812	0.004313531	0.029141426	0.017262174	0.005822584	0.00046164257	0.00064784917	0.0011719045	0.12832026	0.0044659837	0.001843642	0.0005660688	0.00015001983	0.00035106408	0.0020605342	0.0004944253	0.00034849756	0.001491773	0.0009347105	0.001491773	0.0019921076	0.0013625311	0.0005704636	0.0019921076	0.0014922958	0.0013016918	0.007944715	0.003512159	0.0009268969	0.0015882477	0.005693174	0.0020957105	0.0016047019	0.0017861996	7.925744e-05	0.00082903716	0.0010869877	0.0013996956	0.0014218186	0.028609648	0.0006166432	0.001805133	0.0006497022	0.00020933109	0.0040167207	0.0054634213	0.0033955534	0.008145304	0.003643774	0.0028084966	0.0005576746	0.00047036997	0.008145304	-20.633434295654297
s02e22a	210.0	5.0	0.85672486	0.85672486	0.03546122	0.043266684	0.0032297324	0.0015167104	0.016902048	0.0057960576	0.0029015488	0.0049410695	0.0007401324	0.00035413067	0.021934409	0.013914831	0.0009292079	0.00021434567	0.0017264304	0.00078278134	0.0004706833	0.005955962	0.013378605	0.012771693	0.0011374328	0.0075274548	0.0034180507	0.0075274548	0.10703908	0.0076158894	0.0021838746	0.0012420778	0.0009536099	0.0016131527	0.010551087	0.0026086161	0.00050002884	0.003816745	0.0013215175	0.0006919654	0.0015092231	0.0009815543	0.00018742122	0.0015092231	0.001803151	0.0066911206	0.0051492946	0.0003316335	0.00059470633	0.0014420204	0.001158349	0.0025981462	0.0015060017	0.0052173287	0.0069066603	0.0057444945	0.0022266433	0.031034209	0.00069717714	0.024387272	0.0009189901	0.0022999132	0.008725857	0.00014900292	0.04872829	0.0028971776	0.0008393811	0.0015082763	0.0046062847	0.007976565	0.021250386	0.00019909863	0.056486867	-21.41147994995117
s02e22a	215.0	5.0	0.90468943	0.90468943	0.01821965	0.45940125	0.0013344664	0.0003699742	0.004851884	0.01274856	0.0031188237	0.022760546	0.00033028526	0.0006283305	0.008494885	0.0019649663	0.00335135	0.0012631827	0.0024399594	0.0007369603	0.00021189747	0.00052788534	0.0045485725	0.0045485725	0.00071440404	0.0023438078	0.0012661658	0.0023438078	0.03320646	0.0058713304	0.0021580749	0.000870812	0.00053438667	0.00071879727	0.0016619682	0.0008627664	0.00025172983	0.0018724184	0.0009074706	0.0007167253	0.0006922952	0.00052201404	0.00028807478	0.0006922952	0.00077247195	0.00264386	0.0050498038	0.00018110596	0.000305369	0.0006618674	0.002243327	0.0008627664	0.0014115605	0.0010127472	0.00030635056	0.0020834734	0.00080662535	0.009248122	0.0009773532	0.022294952	0.00014771025	0.0008380417	0.0041633905	0.00025743636	0.0028856515	0.00045312438	0.00027966677	0.0003288309	0.0010241098	0.0064716553	0.0006275809	0.00050064427	0.004483185	-24.67411422729492
s02e22a	220.0	5.0	0.8995589	0.8995589	0.028590446	0.27858096	0.003497886	0.0155993225	0.021724664	0.011194672	0.005444034	0.01707864	0.0012065265	0.0004925968	0.0012696801	0.0050534275	0.00072419056	0.00018846814	0.006388693	0.00045011088	0.0070720646	0.030498834	0.0037275122	0.002033254	0.00065313233	0.003217492	0.00072763494	0.003217492	0.070052736	0.0058584725	0.0018803674	0.0006680189	0.00033849198	0.00043842423	0.0025924006	0.00038286307	0.0004616382	0.00079451874	0.00041835377	0.00079451874	0.0019364625	0.00071088714	0.000128412	0.0019364625	0.00046547968	0.0018568098	0.004898135	0.00038266438	0.0008297022	0.00082620955	0.0012218946	0.0008730998	0.00056521746	0.0021195859	0.00088407635	0.0010893916	0.00043281607	0.0031335293	0.0012314217	0.0012695054	9.750737e-05	0.0012824587	0.0006190234	0.00033909176	0.0009284547	0.0002839838	0.00045943135	0.00192276	0.0007610858	0.0020740714	0.004610524	0.00016638509	0.0056432514	-20.549362182617188
s02e22a	225.0	5.0	0.8976585	0.8976585	0.0049019903	0.19655676	0.0007512097	0.0005986414	0.033435363	0.0018147125	0.0011468536	0.05273828	5.659143e-05	0.00022107527	0.002211964	0.0057467935	0.0033582537	0.000679127	0.0044730934	0.0017132349	0.0009085269	0.005249294	0.010965973	0.007753123	0.0010777398	0.0034778689	0.0016669417	0.0034778689	0.2245126	0.007020393	0.0014977376	0.0003614682	0.0002611445	0.00046803599	0.0077936044	0.00032682566	0.00076117896	0.0023236268	0.0016644439	0.0023236268	0.0034104653	0.0014366542	0.0006716877	0.0034104653	0.00072012463	0.006819406	0.0037611106	0.00016185756	0.0001887386	0.0003590858	0.0023454565	0.0010230342	0.0017251176	0.022038585	0.00030536175	0.018020462	0.002074393	0.0050026593	0.0066481875	0.007117728	0.00027679	0.0005750327	0.00017997668	0.00024463225	0.001722113	0.0012302446	0.0009086421	0.0052178283	0.0005696071	0.016603326	0.0019059733	0.00018301899	0.013527611	-24.082244873046875
s02e22a	230.0	5.0	0.89427775	0.89427775	0.011941199	0.2763496	0.0011001277	0.00028021284	0.0031511893	0.0027048278	0.0016687734	0.023029115	0.00019768275	0.0014591715	0.009964571	0.0030105582	0.0014444133	0.0004698307	0.00048924744	0.00036217307	0.00017480266	0.00096003595	0.0071377624	0.0071377624	0.0026673807	0.0035430538	0.0019594736	0.0038230345	0.044115912	0.0051453	0.0012361595	0.0009795551	0.0005382077	0.00093060336	0.0019594408	0.0007448405	0.00027240772	0.0045262678	0.0009993593	0.0029285175	0.001424768	0.00057409523	0.00043174016	0.001424768	0.0012332785	0.0026281094	0.0058558425	0.00016798383	0.0006283311	0.0006798289	0.0015100382	0.0007448405	0.0014232179	0.0021442745	0.00080626033	0.001596876	0.0011464844	0.009384976	0.0017196538	0.028098322	0.00022743401	0.0007253426	0.0023145424	0.0003384318	0.005716121	0.00088927976	0.0002603234	0.00039020064	0.0011011988	0.005380542	0.0011799769	0.0002639284	0.005716121	-23.32227897644043
s02e22a	235.0	5.0	0.84768057	0.84768057	0.15113194	0.038195	0.0020886976	0.012005043	0.18826431	0.0086330585	0.0031345945	0.0022784262	0.003929796	0.0007707492	0.001379923	0.015998244	0.0026064557	0.0002598089	0.008516592	0.0009134053	0.013509551	0.030380778	0.010282079	0.00226066	0.0011436468	0.003203849	0.0018995246	0.003203849	0.020865982	0.0043025776	0.0029641364	0.00069262384	0.00022274339	0.00051706395	0.0026472656	0.0013201853	0.00025756424	0.0026000622	0.002391507	0.0012406441	0.003041971	0.0037245138	0.00023968436	0.004021485	0.0013776919	0.0073059206	0.01026633	0.0012328975	0.0008546717	0.0015105846	0.0010605302	0.0014832201	0.0014742125	0.015343648	0.0026664194	0.0019431047	0.0016520103	0.0041696006	0.00022375853	0.0060501597	0.00034257994	0.0012186395	0.0013926697	0.00039909553	0.0018801814	0.00092485425	0.0012388014	0.007802633	0.00095501373	0.015794855	0.019928683	0.00058112544	0.076074906	-20.24471664428711
s02e22a	240.0	5.0	0.79091865	0.79091865	0.056487482	0.019503789	0.0003733613	0.0015255503	0.05227516	0.00051887636	0.001916076	0.0015319758	5.509542e-05	0.0001625548	0.003168475	0.0042157862	0.0021511898	0.00021758508	0.002444075	0.0010269573	0.0019522746	0.008990118	0.0035304215	0.0021967022	0.0029977243	0.0015436102	0.00037724842	0.0021210567	0.07263913	0.009972533	0.0030114627	0.0011835222	0.00033506218	0.0007721261	0.0040092724	0.00073519227	0.00027149814	0.0068911193	0.0033504106	0.0015204592	0.003829052	0.0070840446	0.00031155482	0.008014578	0.0016676608	0.003647983	0.008573947	0.003009253	0.0002907565	0.0016028206	0.011477672	0.00095908414	0.0020299233	0.043469444	0.00035648773	0.0035901777	0.0044881203	0.007027131	0.011554005	0.02632514	0.0008981062	0.0028391907	0.00034855853	0.0005824241	0.006908547	0.008774646	0.00044260878	0.001219583	0.0026960648	0.014587465	0.0027727026	0.00013850453	0.02326638	-22.26329040527344
s02e22a	245.0	5.0	0.7477448	0.7477448	0.008291951	0.003731568	9.055656e-05	0.0017899999	0.04584439	0.00028349416	0.018685663	0.0012852993	0.00067288394	5.6593322e-05	0.00059044757	0.0054339534	0.0014978261	0.0019634417	0.0009226939	0.0011351926	0.0056898147	0.018231569	0.007759663	0.00285711	0.0021365434	0.00097626017	0.00020055848	0.00097626017	0.16441742	0.015889682	0.0009166429	0.001321033	0.0003145903	0.0041571576	0.010916461	0.00030509665	0.0006870329	0.0011068033	0.000703081	0.0011068033	0.0017967871	0.000459955	0.00076247664	0.0017967871	0.0011710196	0.0031798996	0.0022915406	0.00030918524	0.00018763114	0.000151759	0.01188465	0.003994793	0.0021615382	0.044599667	0.0002990316	0.24595419	0.0067036794	0.0005303399	0.0007778551	0.00014840737	0.0005949028	0.00015206478	7.178212e-05	0.00026729086	0.0094412025	0.0044775764	0.0076231617	0.01686674	0.017315092	0.0016165621	0.03635972	0.00038637142	0.03635972	-22.132572174072266
s02e22a	250.0	5.0	0.8905869	0.8905869	0.040877886	0.21234597	0.0005429928	0.003175228	0.09821223	0.002317696	0.0017751305	0.011608408	3.987106e-05	0.00025672503	0.0019786835	0.014583045	0.0033255904	0.00045873164	0.004568828	0.00020141088	0.0069422466	0.265597	0.008780769	0.005771027	0.0011320254	0.0096620275	0.0007753585	0.0096620275	0.016921384	0.0031570466	0.0010210469	0.00053529354	0.000228149	0.00032770363	0.002318555	0.00035474246	0.0002667771	0.00035139942	0.00024300454	0.00028651324	0.0005588897	0.00019843248	6.0688257e-05	0.0005588897	0.0010538147	0.0010593478	0.0011684234	0.0001592491	0.00024998956	0.00079883006	0.0011993102	0.002262907	0.00071622693	0.0073881615	0.0002156527	0.0034649016	0.00071430777	0.001960717	0.00046876867	0.0034939542	0.00055316027	0.00097354746	0.00034256928	0.00019559392	0.0012399228	0.0004429154	0.00042616704	0.001300592	0.0007114137	0.0030955607	0.0068023396	0.00012538725	0.01635139	-24.13994789123535
s02e22a	255.0	5.0	0.8121156	0.8121156	0.018382007	0.008322793	0.00036683813	0.000989082	0.1674658	0.0014692274	0.004293126	0.0011549768	0.0008572527	0.00013647391	0.004455633	0.008467497	0.003459052	0.00068623223	0.00064803596	0.006324222	0.0009885253	0.009703192	0.010196131	0.0025905578	0.0015454612	0.0018706013	0.00058985583	0.0018706013	0.05510644	0.005668959	0.0013433031	0.0003038244	0.0002228343	0.0005090415	0.0043728203	0.00014192305	0.00038172872	0.0008873195	0.0008873195	0.00035561333	0.00072358456	0.00053652585	9.866586e-05	0.00072358456	0.0010023845	0.0032845454	0.0039017792	0.0002880962	0.0008422738	0.00062831107	0.0017855451	0.0015332003	0.0023402416	0.03123288	8.097992e-05	0.004931736	0.00083739194	0.0020204978	0.00019634077	0.0005143682	0.00016966829	0.00077591586	0.00016624568	0.0001613723	0.0016013485	0.0008857239	0.0017014471	0.005925806	0.00046787073	0.01474005	0.0030441512	0.00013150081	0.06767803	-22.437374114990234
s02e22a	260.0	5.0	0.82742196	0.82742196	0.05188155	0.030831888	0.000840295	0.0015584166	0.0037586943	0.0021250723	0.001130549	0.0041362103	0.00089009653	0.00037867474	0.0033001269	0.029093944	0.0061989506	0.00036257727	0.001590898	0.0005969617	0.00067864533	0.013856401	0.024573773	0.013896216	0.0019745277	0.004645615	0.0043741097	0.0051329737	0.034368847	0.0045400453	0.0017492522	0.00049712084	0.00037521424	0.00048207733	0.0016608008	0.00055002834	0.00033508998	0.0069247307	0.0069247307	0.004818715	0.0075005786	0.0057647927	0.0012272157	0.0075005786	0.0045185997	0.027209641	0.019070737	0.0019228029	0.001375521	0.0011854143	0.0063402345	0.004712175	0.0038854121	0.0074030277	0.00034523837	0.005489418	0.001095985	0.0085616205	0.0009134553	0.007841964	0.000906444	0.0015782462	0.004820302	0.00047820268	0.0082661435	0.0016818941	0.0024230417	0.0019316816	0.0014508056	0.012406737	0.0037192397	0.00048012947	0.02078839	-26.860763549804688
s02e22a	265.0	5.0	0.77758676	0.77758676	0.04788808	0.014839963	0.00019318554	0.0032808369	0.118703134	0.0005358255	0.002288612	0.001043387	0.00024473493	0.0006370522	0.0014344074	0.0041025137	0.0016257432	0.0008352168	0.0025794315	0.000466934	0.024473717	0.027974846	0.0038657095	0.0038657095	0.0023766896	0.007489908	0.001509453	0.007489908	0.03312351	0.006279473	0.00284817	0.0006647222	0.00025007897	0.0005399269	0.003090259	0.00038250317	0.00017943128	0.0037088138	0.0037088138	0.002171275	0.0075071766	0.009644955	0.000736677	0.01179367	0.0010431062	0.01479141	0.028283294	0.009480181	0.0020645887	0.0021091478	0.04402443	0.0019239071	0.004772599	0.006356631	0.000169733	0.0006156297	0.0012594435	0.0042428016	0.0018870276	0.0022940922	0.00037055116	0.0012231907	0.00043979136	0.0011914525	0.0012775394	0.0012752982	0.00198873	0.004037113	0.001566883	0.0046127504	0.0022189738	0.00033288024	0.027063012	-21.813457489013672
s02e22a	270.0	5.0	0.85897666	0.85897666	0.037322827	0.019521931	0.00039414817	0.0029411411	0.11766039	0.0012358839	0.0034335926	0.008434796	0.0007738321	2.3194996e-05	0.0037326545	0.011589521	0.0026332864	0.0007806472	0.0013889081	0.00085367257	0.0031762195	0.03382081	0.004801176	0.004801176	0.002800767	0.0043449434	0.00021734765	0.0043449434	0.068506874	0.002190564	0.0014507144	0.00032850754	0.00023954752	0.00028680047	0.0019582803	0.00036929606	0.0003445305	0.0006923054	0.0005101193	0.0006923054	0.0006926004	0.00045257917	0.00035805992	0.0006926004	0.0008723405	0.0043879785	0.011130145	0.00032905163	0.00058354926	0.00071912573	0.011645226	0.0039001005	0.0035934013	0.36713734	0.00081652956	0.041155003	0.000430886	0.0018517625	0.0020476934	0.0002705671	0.0010636223	0.0008161379	0.00030037056	0.00038610242	0.004527097	0.0018557053	0.00057847396	0.07752294	0.0010733238	0.0036300595	0.0011545676	0.0005738031	0.07752294	-22.73662376403809
s02e22a	275.0	5.0	0.79249746	0.79249746	0.005632791	0.13994958	0.0065746307	0.000999744	0.01662023	0.008578313	0.0041005327	0.06262501	0.0024544343	0.00052756135	0.003231873	0.0029747863	0.0015483247	0.0009938135	0.0018223624	0.00063300686	0.00028684834	0.00066594407	0.031555917	0.023115642	0.0014170631	0.006342043	0.004136627	0.006342043	0.21693756	0.007966252	0.0015669581	0.0015096702	0.0010852762	0.00138812	0.0022163487	0.0008667074	0.001375517	0.0021674393	0.00094858697	0.0019859578	0.0012685559	0.0007086455	0.00095260557	0.0012685559	0.0008938769	0.0035605018	0.0064316792	0.00015113126	0.00036751316	0.0008646041	0.0027333964	0.0016907644	0.0009520738	0.003740721	0.0013533378	0.0027352895	0.0017196939	0.0076020663	0.0038043063	0.029618887	0.00043967334	0.0010296048	0.005625433	0.00020025657	0.0036873624	0.00041999388	0.0007672595	0.006738648	0.0004728285	0.0028060046	0.002254877	0.00035597288	0.006738648	-24.97492218017578
s02e22a	280.0	5.0	0.7971997	0.7971997	0.029024998	0.25177518	0.00046848727	0.00080056064	0.0024979298	0.0009509605	0.0032444473	0.0046400307	0.000991864	0.00028093375	0.0018228707	0.0030455366	0.0012137954	0.00022115455	0.00046412987	0.0008734167	0.00024946098	0.001540796	0.0047374326	0.0047374326	0.001829198	0.0059199943	0.0012445778	0.0059199943	0.051327698	0.0052583124	0.001592243	0.0005566879	0.00066529005	0.0005190203	0.0013462476	0.0006227473	0.00045050966	0.001469412	0.0006120845	0.001469412	0.0005273168	0.0004593729	0.0003777715	0.0005273168	0.00041170753	0.0029045038	0.0042865467	0.0001439238	0.00025768782	0.0022246926	0.0009715581	0.0006227473	0.0014118864	0.0007824096	0.00037866586	0.0018290571	0.00063373905	0.008595094	0.00081735704	0.01576222	0.00011334025	0.0014031951	0.0019208888	0.00013315311	0.003650743	0.0025604325	0.00025723616	0.0005194024	0.0006026111	0.004178893	0.0008270567	0.00011444103	0.027458662	-23.052759170532227
s02e22a	285.0	5.0	0.8024221	0.8024221	0.03924192	0.084206834	0.00032769892	0.0037803974	0.08511692	0.0010023114	0.005214127	0.0071929637	0.00021802948	0.00042928863	0.0029841848	0.009939482	0.0052066403	0.0011192968	0.011382402	0.00045000922	0.06503531	0.059751842	0.0077897157	0.006474612	0.0011936983	0.0022501186	0.00061625434	0.0022501186	0.021666594	0.010263975	0.003779837	0.0013459232	0.00024881394	0.0006829964	0.0036041099	0.00040189672	0.00025101873	0.0014442963	0.00075200223	0.0014442963	0.0024483083	0.0013920611	0.00023433816	0.0024483083	0.001312535	0.0015865209	0.002538125	0.0011127956	0.00059776794	0.0006803815	0.0032966295	0.0013419413	0.0007712392	0.008707515	0.0005803912	0.0014840022	0.0007930929	0.0017170372	0.0010801685	0.0074098604	0.0005523894	0.0016625205	0.0005184119	0.00030242684	0.0010156933	0.00095400156	0.0005658045	0.0025119353	0.0010937778	0.003413955	0.00605996	0.0005158795	0.012605841	-21.337825775146484
s02e22a	290.0	5.0	0.8870186	0.8870186	0.09420026	0.08602132	0.0004395185	0.006033259	0.16045076	0.008104475	0.002684226	0.00272718	0.003498742	0.0005000994	0.0077004186	0.005146608	0.0049304958	0.000880944	0.003222264	0.0025150736	0.014771634	0.024855133	0.0046521747	0.00093926577	0.0007264041	0.00040668243	0.00040051123	0.0018510831	0.03670106	0.003708627	0.0013705479	0.0006106482	0.0002157033	0.00035480366	0.0013551003	8.292276e-05	0.00017650986	0.0011360055	0.00076751766	0.0007417306	0.0032469695	0.0012422996	0.00013010301	0.0032469695	0.0006358557	0.0027055882	0.0038998965	0.00035340642	0.00048281497	0.0006278615	0.001407278	0.00079812773	0.00087682763	0.018958999	0.00031492967	0.00342731	0.0005688442	0.0027303384	0.0013153213	0.0030643751	0.00016170886	0.00092963467	0.00027831367	0.00013083602	0.001378849	0.0003453039	0.000544888	0.006649155	0.00039904646	0.015333927	0.0030975111	0.00018543284	0.020656964	-23.36470413208008
s02e22a	295.0	5.0	0.81918174	0.81918174	0.015069732	0.05269769	0.0010708873	0.001827267	0.11091067	0.004050935	0.0043176264	0.009441733	0.0011175739	0.0007369126	0.006139794	0.007625402	0.000772196	0.0004914332	0.0058873114	0.0005823769	0.007182949	0.013645189	0.050971974	0.050971974	0.006294467	0.010046942	0.0028946837	0.010046942	0.08002404	0.005492045	0.001524769	0.0005775132	0.00020956634	0.0004586551	0.0020234855	0.00024774633	0.00033867094	0.0008573474	0.0003187198	0.0006203505	0.0015941346	0.00037190627	0.00010483457	0.0015941346	0.00069109973	0.0014171731	0.0014310272	0.00016212973	0.0005184161	0.00027180402	0.0010586693	0.00049862213	0.0005864864	0.016060878	0.0006061644	0.010794064	0.0005530669	0.0011148348	0.0005677184	0.004333308	0.00016933953	0.0010219499	0.00068914867	0.0004845296	0.00077738677	0.00068622147	0.00038378523	0.0138513325	0.00024435067	0.0071245586	0.014453291	0.00012311192	0.02850366	-24.05231094360352
s02e22a	300.0	5.0	0.8155401	0.8155401	0.07807719	0.011622373	0.0005864498	0.001875124	0.10705966	0.001201667	0.0015306795	0.0015841556	9.071577e-05	0.0014441573	0.0026756309	0.007004223	0.0033020407	0.0005292421	0.005029569	0.00065169786	0.0030143247	0.05538341	0.0085663255	0.0026795059	0.001259999	0.011916414	0.0010215995	0.2843285	0.020517824	0.0038545136	0.0019030818	0.00054444437	0.00023416553	0.0005027312	0.0027400362	0.0001823774	0.00015474537	0.0037809182	0.002135962	0.0007788579	0.0030279157	0.0024780275	0.00021269055	0.0030279157	0.0027408116	0.0075220633	0.003949963	0.00049920136	0.00045780925	0.000642461	0.0023702236	0.0055564344	0.0007484376	0.010696967	0.00012320622	0.0022812432	0.0006194778	0.0032452755	0.00026666798	0.0037996972	0.00039941506	0.0012677357	0.0005731663	0.0010335969	0.0015187546	0.0011508097	0.00060834637	0.004530012	0.0012691909	0.009067145	0.003597147	0.00022215651	0.005676014	-24.12256622314453
s02e22a	305.0	5.0	0.7259737	0.7259737	0.010052947	0.010257327	0.00044238355	0.00395779	0.034936447	0.0053443206	0.005028726	0.0072196075	0.0066490793	0.0002790635	0.00097268156	0.0041574026	0.00093856663	0.00036608698	0.002710241	0.0013945012	0.00884904	0.015667656	0.0043353597	0.0029307546	0.0009357085	0.0033360762	0.0005380995	0.0033360762	0.055985067	0.00463749	0.0011884527	0.00041041287	0.00032387156	0.00038510642	0.0057589086	0.00021206037	0.00026685238	0.0014939301	0.0012638698	0.0014939301	0.0014795806	0.0008857956	0.00077384314	0.0014795806	0.0027773594	0.001943727	0.004515467	0.00034258593	0.00035231598	0.0005074859	0.0027636373	0.0016081578	0.0011389724	0.10827502	0.00068174844	0.033197302	0.0043773544	0.0014332468	0.0014402145	0.00077982707	0.0004944658	0.0017769294	0.0008209164	0.00016793849	0.0028719886	0.0023983014	0.011699503	0.058186002	0.008156102	0.0028272737	0.008252113	0.0007838428	0.058186002	-21.44253921508789
s02e22a	310.0	5.0	0.7685255	0.7685255	0.0074948263	0.07185409	0.00083720323	0.0019225193	0.076465786	0.012718768	0.003989907	0.0134921	0.0018919864	0.000752267	0.018884806	0.0041264957	0.0038402283	0.0008379311	0.0027018893	0.0004564895	0.0006863127	0.010688099	0.014379531	0.009399931	0.0018857592	0.001976754	0.0011148168	0.001976754	0.051610984	0.003465781	0.001340411	0.00074292545	0.0004785296	0.00067824963	0.0014046804	0.0004065264	0.00034441098	0.0010182104	0.000895091	0.0009422999	0.0010124762	0.00061998254	0.00035256008	0.0010124762	0.0015016454	0.0032028807	0.007974007	0.00022368152	0.0006337681	0.0018736619	0.0024357755	0.0018995455	0.002658627	0.017545588	0.0011385997	0.010384197	0.0023117496	0.0024881125	0.0024981962	0.0048245974	0.0010182264	0.0014739695	0.0018390398	0.0004078248	0.0014602697	0.000777082	0.00064649404	0.013459497	0.0006119699	0.0036950484	0.0056471275	0.00045663485	0.022481943	-21.26418113708496
s02e22a	315.0	5.0	0.7133541	0.7133541	0.021743955	0.028747916	0.0002027216	0.016905298	0.08261061	0.002908987	0.011853925	0.0074167796	0.0025770857	0.00060075277	0.0023667442	0.009164408	0.0023449822	0.0017052492	0.0066623576	0.0027894115	0.090149865	0.10476436	0.005541126	0.0054152505	0.0007493728	0.0015276021	0.00049441255	0.0015276021	0.070047595	0.013092258	0.005557328	0.001465237	0.0012374299	0.0012330731	0.009436525	0.0009906655	0.00054654205	0.0016034892	0.0016034892	0.0009750936	0.0058917725	0.0031786438	0.0004814932	0.0058917725	0.0019108724	0.006090472	0.008088973	0.00062304473	0.000575084	0.0012480452	0.0033523939	0.0021137865	0.00096320955	0.0587113	0.0010962773	0.0020291158	0.0005841191	0.0015502129	0.00260829	0.008510405	0.00035562078	0.0014137216	0.00029887885	0.00024278197	0.0025138443	0.0010505399	0.003810148	0.006141447	0.0019813408	0.010611717	0.0053218864	0.0006670134	0.030796707	-20.7485294342041
s02e22a	320.0	5.0	0.89730746	0.89730746	0.015502607	0.029267857	0.0022628694	0.0043798843	0.4607917	0.013155634	0.0025955206	0.011322638	0.0011452793	0.00044748923	0.0017580789	0.003738845	0.0037177645	0.001502933	0.00192433	0.0010962386	0.0015390071	0.039664317	0.014084867	0.0028730265	0.0012047855	0.0020548892	0.0020027843	0.0024354754	0.07586983	0.0047605876	0.0023303428	0.00070728094	0.00023341543	0.0008253059	0.0025184876	0.00054342306	0.0009618303	0.0013795045	0.0009950034	0.0012720404	0.0055427845	0.0014798498	0.0003423274	0.0055427845	0.00083760853	0.007069065	0.013001103	0.00026819657	0.0009456731	0.00040709085	0.001568209	0.0022769244	0.0051093595	0.004643276	0.0019180933	0.0012014804	0.0006174527	0.0086736325	0.00072931836	0.008205532	0.00097591284	0.00078259304	0.0015238009	0.0003920044	0.0017557213	0.0015856172	0.0009209158	0.00366229	0.0011951466	0.0064629386	0.005802956	0.00025917307	0.005802956	-22.622318267822266
s02e22a	325.0	5.0	0.6680368	0.6680368	0.014161877	0.091650575	0.00018432896	0.0057517486	0.021044841	0.0016815468	0.0026450823	0.008529571	0.0019155691	0.0005637836	0.0016858187	0.0054696947	0.0018204222	0.0005690294	0.0029667614	0.0011329375	0.008834214	0.01856446	0.007085256	0.0066328165	0.00091971055	0.008113542	0.0025698754	0.008113542	0.060538746	0.005811757	0.0015161602	0.00103713	0.00060453045	0.0008469449	0.0021200248	0.00055049564	0.0008833791	0.004717469	0.0023346983	0.004717469	0.009312489	0.0034017959	0.0006577771	0.009312489	0.0015241245	0.009492862	0.03005913	0.0016529291	0.001721427	0.002776942	0.014102994	0.0034968937	0.0052204696	0.0034593393	0.00078075944	0.0012065403	0.001049818	0.008419492	0.0050567416	0.0071810177	0.00020263366	0.002737818	0.0043126238	0.00047665395	0.0053743594	0.0010902793	0.0010222353	0.0018435814	0.0007771842	0.0070716287	0.0036991425	0.0001708951	0.0062080724	-21.510242462158203
s02e22a	330.0	5.0	0.70590216	0.70590216	0.017400594	0.0075543053	0.00061699067	0.005694189	0.10687597	0.0018470066	0.0066103684	0.0062325643	0.0011281446	0.00021942762	0.000689625	0.01796197	0.0011607104	0.0020608658	0.0035227675	0.0019114781	0.011721594	0.11785927	0.011724378	0.0072544557	0.0015012481	0.001042392	0.0012410182	0.0012410182	0.0640347	0.0065121534	0.0015141114	0.0007059748	0.0003627052	0.00071535446	0.0047955834	0.0008015343	0.00041222398	0.0020140123	0.0018402603	0.00071571104	0.0024922024	0.0015227855	0.00035300103	0.0024922024	0.0010227398	0.01044795	0.0035107776	0.0005475897	0.0007184322	0.00029394566	0.011116912	0.006010486	0.00064125715	0.032171838	0.00023745274	0.002815811	0.0005759024	0.0007554182	0.00016386076	0.00053241325	0.00029634478	0.00045751888	0.00031189807	0.00021022436	0.0031722062	0.00048151612	0.0028088174	0.0071897497	0.00072724745	0.0036171798	0.006526675	0.0001757258	0.08523762	-22.747764587402344
s02e22a	335.0	5.0	0.8143215	0.8143215	0.007574108	0.009383415	0.00018848611	0.00078703463	0.008115876	0.00401016	0.00073368364	0.0051425523	0.003563132	8.875397e-05	0.008687695	0.013748998	0.0018846913	0.0004817512	0.0010006818	0.000711749	0.00024307382	0.0026188379	0.049745567	0.010128609	0.001319455	0.0069718887	0.0009934783	0.0069718887	0.050588194	0.001452004	0.0007064342	0.00039489815	0.00046054533	0.00024845527	0.0008467134	0.00017994236	0.00025731119	0.0035885999	0.0035440356	0.001128911	0.0007706702	0.0016114279	0.00093198573	0.0016114279	0.0025076747	0.010312421	0.016632829	0.00034130513	0.00033853197	0.00028621702	0.006865358	0.0025327394	0.002914181	0.18667369	0.0014067835	0.021665271	0.0013911354	0.0024140475	0.0007528734	0.0009498843	0.0003580565	0.0005171231	0.0008015946	0.00028550703	0.0072850487	0.0034987621	0.015393545	0.15653189	0.0023655028	0.012329722	0.002122036	0.0006350384	0.15653189	-23.90665435791016
s02e22a	340.0	5.0	0.74383974	0.74383974	0.09486005	0.009825545	0.00021548088	0.0031591288	0.0835689	0.0003410101	0.0023212181	0.0014926184	0.00025504266	0.0003355212	0.00072639994	0.01304128	0.00038273988	0.00038508364	0.0044540637	0.0009688414	0.11649079	0.026495134	0.021031922	0.0018998673	0.0012102737	0.0044946233	0.0008190216	0.0044946233	0.023984125	0.005522253	0.0023069608	0.0013550642	0.0003560448	0.0007298291	0.0034493855	0.0002347541	0.00017422492	0.002026879	0.0018938774	0.002026879	0.0036802115	0.0028911436	0.00032664873	0.0036802115	0.000713727	0.0042285826	0.010543707	0.00118443	0.0009560256	0.00073896453	0.007411098	0.002667642	0.0023951237	0.017818788	0.00021388632	0.0007513156	0.001501321	0.0008523043	0.00040731233	0.00040439516	0.0007532534	0.0013499331	0.0002449086	0.0005623802	0.0024437853	0.0007038121	0.0006338049	0.0032968302	0.0002754206	0.0050689266	0.0022495815	0.0001635545	0.07372577	-20.75819969177246
s02e22a	345.0	5.0	0.7395601	0.7395601	0.017407257	0.044753183	0.00044941631	0.0009698569	0.041747645	0.0018478595	0.0022393942	0.0031645526	0.0005766519	0.00025605914	0.0024001307	0.0016992349	0.0018378097	0.00053540687	0.00091426563	0.000925161	0.0018755803	0.007840933	0.006134681	0.006134681	0.005226488	0.004224529	0.0022309143	0.004224529	0.048984308	0.0034494167	0.00079093745	0.0004968158	0.00017491503	0.0005913732	0.0017467961	0.0003425871	0.00030622995	0.0074424385	0.0074424385	0.0034594957	0.009322463	0.019331882	0.00097121287	0.019331882	0.0015227558	0.021091009	0.042879015	0.0037023143	0.001007012	0.0008086918	0.047500294	0.0013277094	0.0060876985	0.0069371993	0.0004302764	0.0006803983	0.0013619992	0.010177725	0.0076343846	0.0049988586	0.0005300938	0.0009324485	0.0012185507	0.0021916733	0.0067205946	0.002487514	0.0008053404	0.0021173088	0.0020961042	0.0054351804	0.0015039106	0.00022546663	0.012665969	-21.75773811340332
s02e22a	350.0	5.0	0.8015692	0.8015692	0.0065454477	0.24323492	0.0004989935	0.0033066722	0.003862259	0.0036194941	0.0030335693	0.021434	0.0016544343	0.00014702955	0.0016913667	0.0036745404	0.0015873308	0.00023654052	0.0015914245	0.0031350849	0.0012603686	0.0019568047	0.013549244	0.00513996	0.0011659069	0.0018908295	0.0022992175	0.0022992175	0.19693637	0.005335449	0.00064449833	0.00063010684	0.000381389	0.00046906684	0.0023169927	0.00059866824	0.0013989792	0.007217543	0.0014213136	0.007217543	0.0046313223	0.002432139	0.0018061084	0.0046313223	0.0009055419	0.006364008	0.016940385	0.00057227816	0.0005773671	0.0012556668	0.0079757655	0.0012153527	0.004140082	0.004666509	0.00075634813	0.0033612205	0.0010170315	0.011014854	0.009074124	0.0059307823	0.00021807669	0.0010235923	0.0014823137	0.000556507	0.007427501	0.00072777085	0.0007594542	0.0010455751	0.00085840886	0.0062067285	0.0011178949	0.00026978969	0.007427501	-21.19269371032715
s02e22a	355.0	5.0	0.82655	0.82655	0.028709192	0.025634522	0.00010896651	0.0010521895	0.072509885	0.0008535551	0.008162736	0.0013460175	0.00021011375	0.00023214502	0.0013946453	0.0051344205	0.0008525025	0.00015223249	0.00077813567	0.00077963725	0.004899585	0.048104893	0.0059477924	0.0059477924	0.0035071264	0.0028811465	0.00077602564	0.0028811465	0.21755892	0.019107202	0.0023316946	0.00071915763	0.0001767298	0.0009899362	0.004267754	0.00018466145	0.00028992968	0.00066972437	0.0006581631	0.00046484955	0.005213731	0.001138943	0.00011762014	0.005213731	0.0011412585	0.00855653	0.008894571	0.0013300774	0.0005510206	0.00054868474	0.010067788	0.0014855497	0.0021485526	0.0059380457	7.696704e-05	0.0011144473	0.0007646774	0.0061581205	0.000535113	0.0009289073	0.00031743856	0.0004295805	0.0004050663	0.00037248622	0.0036936565	0.0006536202	0.0003539997	0.0020960413	0.0012120283	0.006762153	0.0022698045	6.355794e-05	0.011027317	-22.409229278564453
s02e22a	360.0	5.0	0.8610876	0.8610876	0.015015397	0.12471482	0.0002276755	0.0027948364	0.08853771	0.0016050853	0.002351146	0.012919415	0.0006112331	0.00019225279	0.0006550586	0.0022177368	0.0025224653	0.0016970986	0.0014757926	0.0009992231	0.01148925	0.033260047	0.0057252883	0.0053460365	0.00059821305	0.005126109	0.00086160476	0.005126109	0.06510444	0.005063776	0.0019445227	0.0012482272	0.00024434648	0.0010121439	0.0025857128	0.00041119097	0.0005610925	0.00087030686	0.0004958237	0.00087030686	0.0012326627	0.00081323914	0.00023999947	0.0012326627	0.00053971953	0.0030330098	0.013193077	0.0007218991	0.0008623481	0.00077610585	0.011903441	0.00096591597	0.0021644682	0.005214723	0.0011799796	0.0012932614	0.00059508823	0.002728411	0.0006026826	0.0021948614	0.00018393867	0.0008878904	0.0010350484	0.00021726976	0.000958154	0.00032491316	0.00041664636	0.001005948	0.0007383173	0.0018203373	0.0044992855	0.00029377727	0.0044992855	-22.37093162536621
s02e22a	365.0	5.0	0.8505193	0.8505193	0.019310804	0.18585877	0.002289698	0.001367264	0.009401171	0.010037569	0.0042007156	0.039244466	0.0009850918	0.00041414017	0.00358124	0.0037082694	0.0014141471	0.00057689706	0.0010054169	0.00081541145	0.0002538549	0.0027424162	0.012391905	0.012391905	0.004671107	0.0059973532	0.00360318	0.0059973532	0.12443129	0.008207496	0.0025659206	0.0007873846	0.0008953349	0.0008346221	0.001959203	0.001237895	0.0007215105	0.0022302163	0.00095536234	0.002016358	0.0017407268	0.000812794	0.0006090431	0.0017407268	0.0006699194	0.003405466	0.0032604577	0.00017657787	0.00022468143	0.0009321696	0.0010245562	0.00077805266	0.000912976	0.0016978541	0.0014932196	0.0014562163	0.0012990308	0.028689014	0.0011446549	0.04228404	0.00021357535	0.0018595337	0.010861827	0.00017227694	0.0052236854	0.0009281753	0.0004805686	0.0008377427	0.00092854764	0.0038935519	0.0011784419	0.00022692412	0.006504103	-20.90332794189453
s02e22a	370.0	5.0	0.5725551	0.5725551	0.011043747	0.0025939213	0.00067015854	0.010774194	0.035193656	0.0018865509	0.03753096	0.0024584772	0.0012267155	0.00016028578	0.0034858615	0.004044002	0.00069707516	0.00012715114	0.0014132693	0.0006274939	0.02015477	0.032224208	0.0027528533	0.001259032	0.0006039551	0.002378988	0.00045091868	0.002378988	0.59534156	0.030272527	0.012576911	0.00078304735	0.00041359532	0.0007919193	0.010424976	0.0001898622	0.0037219916	0.00046071308	0.00046071308	0.000133664	0.00038819044	0.00059570506	4.122749e-05	0.00059570506	0.0009491104	0.0022501638	0.015172024	0.00059524167	0.000346083	0.0003896163	0.0022339139	0.0008804476	0.0016740072	0.08212436	0.00027419967	0.0064163823	0.0015249767	0.0005135378	0.0014267381	0.00052652805	0.00080390286	0.00057646283	0.000603504	0.00012543664	0.002448321	0.0007362408	0.0010098736	0.015031689	0.0002651734	0.0033114152	0.0018666434	8.661751e-05	0.05396512	-20.674760818481445
s02e22a	375.0	5.0	0.678082	0.678082	0.0078007607	0.015980268	0.00055795134	0.0025573983	0.0045882156	0.0011930725	0.016847322	0.002798323	0.00020930893	0.00022499163	0.0048294924	0.09797122	0.00081018585	0.00013989516	0.0014968899	0.00029269423	0.0016081724	0.0028160466	0.06498259	0.003649994	0.00060098874	0.0041056145	0.001990596	0.0041056145	0.72157073	0.102271475	0.042036746	0.0014654337	0.00077760866	0.0011473114	0.10504267	0.00080853765	0.010560305	0.0030477233	0.0024494217	0.0011903521	0.0020947093	0.003562069	0.00045724073	0.003562069	0.0011631183	0.016748896	0.005832355	0.00012548293	0.00070122647	0.0006834529	0.0008556324	0.0060356217	0.0010533651	0.009790789	0.0012811164	0.012240901	0.0006679969	0.00439242	0.00048249224	0.016274147	0.00016400208	0.000862727	0.00092934683	0.00023746406	0.0024608758	0.0015462856	0.0027498414	0.0032056267	0.0008739978	0.014510028	0.004132492	0.00017522887	0.020901604	-21.783876419067383
s02e22a	380.0	5.0	0.8614577	0.8614577	0.015857814	0.0036494236	0.00031132324	0.0015521966	0.007796002	0.00040089074	0.0008224357	0.001910416	0.00024552393	0.00015133084	0.0011780524	0.13970251	0.00045439196	0.000120758064	0.00096544763	0.00015794628	0.0013704918	0.02010933	0.11669951	0.0110171605	0.001073336	0.0025179333	0.0010906045	0.007967896	0.10704409	0.0066706752	0.0013110477	0.0004999402	0.00017494339	0.0006771936	0.005147951	0.00019432134	0.00028251632	0.0021795367	0.0013400593	0.0015105589	0.0005874842	0.0005248317	0.00022007336	0.0005874842	0.0018027717	0.0029227813	0.0025569445	0.00047396973	0.00028919533	0.0005325038	0.003028912	0.0051659807	0.0008838835	0.044029165	0.0002450048	0.014530682	0.0010634358	0.0008804246	0.00013123012	0.0004458323	0.0003149174	0.0005491912	0.00016806713	0.0006889494	0.002845601	0.0007172201	0.0011639057	0.00897275	0.0005362986	0.024171468	0.0036017562	0.00016100972	0.24937701	-23.868553161621094
s02e22a	385.0	5.0	0.80639356	0.80639356	0.041562166	0.015903683	0.00032320592	0.0023088567	0.02732865	0.0004647882	0.0016841454	0.0016782081	7.675814e-05	0.00026851866	0.0007720091	0.056511283	0.0017584036	0.00016370024	0.0032256502	0.00041706802	0.009443606	0.22757597	0.019279178	0.0042247614	0.0015877148	0.002709201	0.0007503164	0.002709201	0.033635788	0.0068120915	0.0021279135	0.0006621229	0.00017796305	0.00046110782	0.0033884076	0.0005623815	0.00027907733	0.0018611513	0.0018611513	0.0007327578	0.0027825255	0.0012279863	0.0001590723	0.0027825255	0.0020307484	0.0076020514	0.005673651	0.0024415592	0.0007275496	0.00096417964	0.010595919	0.0037507247	0.0019281603	0.00929468	0.00018316823	0.0020393915	0.0013214885	0.0010858378	0.0001645202	0.0003046775	0.00032252813	0.0015354173	0.00039311775	0.00036442847	0.0019397765	0.0006333707	0.0016588365	0.0013876164	0.0013722406	0.006220252	0.010813924	0.00015951642	0.029353626	-20.559276580810547
s02e22a	390.0	5.0	0.8894715	0.8894715	0.014837544	0.10013163	0.00034329412	0.0020003135	0.015006104	0.0010683001	0.0021800033	0.012737997	0.0005484748	0.00013710406	0.0012388008	0.012969391	0.0010595749	0.00032649585	0.0014228359	0.0025546544	0.0034388439	0.065108694	0.021172	0.005191542	0.001795891	0.0027994753	0.00057880295	0.0027994753	0.06729632	0.0026521285	0.0009000191	0.00036953308	0.0002745994	0.00024484485	0.0019884943	0.0002915857	0.00038164612	0.0009478525	0.0009478525	0.0008360783	0.00082871143	0.00063947204	0.00028166646	0.00082871143	0.001785014	0.0039161495	0.0084855445	0.00031009832	0.00031541556	0.00030845628	0.003767081	0.0014583311	0.0022310247	0.09644644	0.0005511149	0.011318342	0.00090666075	0.0015650578	0.0010854965	0.0021187228	0.00028680486	0.0011201751	0.0003356079	0.00033048526	0.002376769	0.00074259174	0.003015289	0.032821383	0.00086393947	0.006447879	0.0023860387	0.00018422969	0.06703987	-24.3087215423584
s02e22a	395.0	5.0	0.7109838	0.7109838	0.0012997239	0.0010225466	7.6082084e-05	0.0013880195	0.001584701	0.00023291967	0.002725742	0.0007298837	0.0003509737	0.00012346414	0.026765939	0.0078883935	0.00018253188	0.0001047977	0.0010480554	8.623396e-05	0.001221168	0.0034371056	0.007892474	0.007892474	0.0047169095	0.055033278	0.06426297	0.06426297	0.123878926	0.0083809765	0.00093959825	0.00031907336	0.00010412422	0.00044241958	0.0014411412	0.00014835827	0.000475631	0.0012963099	0.00059332233	0.00095753657	0.0009425087	0.00050256634	0.0003195812	0.0009425087	0.002307785	0.0024646595	0.010466577	0.00044176428	0.0027225812	0.00030894481	0.039210327	0.0025731898	0.0038602578	0.020872753	0.0005013599	0.0047961776	0.00068674877	0.0014501543	0.008513867	0.0002100879	0.00062040903	0.017969634	0.0010102008	0.004237219	0.006847278	0.002154474	0.0039277957	0.012928874	0.00066628493	0.0009796806	0.0015313138	0.000112542424	0.090157926	-23.004114151000977
s02e22a	400.0	5.0	0.8001515	0.8001515	0.007893018	0.0006048443	0.00032529252	0.004236175	0.005581206	0.0008736332	0.0022943954	0.0016591327	0.0009550264	0.00021080606	0.0067089773	0.030624663	0.0006213647	0.00016771653	0.00037749286	0.00036684508	0.0013237384	0.005348423	0.020242332	0.0030144865	0.0027925621	0.0022314633	0.0004720872	0.022000225	0.091462485	0.0047853445	0.0006913929	0.00038010842	0.0002908222	0.00025559426	0.009829549	0.0001749047	0.00019007159	0.0022538067	0.002057727	0.0022538067	0.0007870084	0.00069092785	0.0010071511	0.0007870084	0.0018812903	0.004792758	0.0050836243	0.00035496402	0.0018990021	0.00021748718	0.0043848422	0.0052661626	0.001345016	0.18346965	0.0004224531	0.06264874	0.00042026842	0.0009438323	7.090024e-05	9.4681316e-05	0.00051605556	0.004198269	0.00038758587	0.0008972316	0.033765633	0.0069950954	0.01842453	0.085001685	0.0030003292	0.005689585	0.00052420894	0.00031237392	0.205755	-23.39539337158203
s02e22a	405.0	5.0	0.81001145	0.81001145	0.015578776	0.009029132	8.2518796e-05	0.0040620044	0.0023817634	0.00038205564	0.0048805005	0.008871821	0.00013769086	5.8845537e-05	0.000692219	0.025487227	0.00011956414	5.669309e-05	0.002407584	0.0006842734	0.02276779	0.05731248	0.0023019845	0.0013606638	0.0003077501	0.001419368	0.0006696111	0.001419368	0.049996376	0.0067508477	0.0027259637	0.00032024668	0.00016546492	0.00028691153	0.00922911	0.0002989655	0.00030748147	0.0012592743	0.0012592743	0.00047615357	0.0005038295	0.00052440737	0.00026748204	0.00052440737	0.0027162342	0.004928096	0.006176428	0.00031215837	0.00022841389	0.00018806997	0.005610542	0.0049284934	0.0012260445	0.42721826	0.00040812482	0.01845789	0.0004432387	0.00042116156	0.0011449276	3.5894725e-05	0.00015168825	0.0019991857	0.0002863535	8.3916624e-05	0.0028189512	0.0008691338	0.018182073	0.077912726	0.0010911459	0.0048925206	0.00070662407	0.0006637697	0.17617998	-24.825241088867188
s02e22a	410.0	5.0	0.826024	0.826024	0.008685041	0.008093776	0.00089063315	0.0006707007	0.0012775103	0.004387016	0.0048993207	0.008913203	0.0009795486	9.285115e-05	0.002276686	0.05492052	0.0030812	0.00021422388	0.0049625062	0.0020789525	0.00024230538	0.0020459313	0.023289897	0.013612842	0.00397014	0.0038476174	0.0015986894	0.0038476174	0.39286685	0.009779544	0.0022711277	0.00033061198	0.00046403738	0.0005062683	0.003983549	0.00012985736	0.00091428735	0.0011675891	0.00074846146	0.0003182285	0.00059486023	0.00048865203	0.00019029989	0.00059486023	0.0015243167	0.0036355257	0.0030205718	0.00018969663	0.0004920299	0.00010619793	0.0014346621	0.002154085	0.0008871969	0.029436601	0.00020123122	0.060685866	0.0028066891	0.006958808	0.00017834015	0.0013854159	0.00025887226	0.0009459471	0.0009330236	0.00022681014	0.0062455256	0.0030940573	0.0005072871	0.020546896	0.0006691282	0.016876673	0.004484147	0.00015469373	0.040561333	-25.580829620361328
s02e22a	415.0	5.0	0.68744934	0.68744934	0.0048256624	0.014530035	0.004278812	0.00064335996	0.0020306006	0.00089945376	0.020373877	0.018385585	0.0005125637	0.00014287556	0.001217285	0.005011661	0.00037477023	0.000188726	0.005282599	0.0005866323	0.00034762226	0.0014961582	0.014936663	0.010380841	0.0021905631	0.0054708826	0.0013942722	0.1659567	0.24373774	0.011154317	0.002372307	0.0006203682	0.00020258962	0.001181084	0.00235389	8.742635e-05	0.0010633558	0.0019152309	0.00046986272	0.00096640026	0.00086080877	0.00041096605	0.00022722832	0.00086080877	0.0025465155	0.0012691445	0.0014598081	0.00013144777	9.5442854e-05	0.00010827276	0.00065042276	0.002444746	0.00050519116	0.010644504	0.00013607279	0.0053825374	0.0025832325	0.002036647	0.00060774456	0.0069495123	0.0001885483	0.00019315809	0.00022632365	0.00015543569	0.005527959	0.0016025917	0.00094532093	0.0056292643	0.0006359457	0.0055636056	0.0053334627	0.00032778142	0.015911028	-26.111574172973636
s02e22a	420.0	5.0	0.8465196	0.8465196	0.018152257	0.04001533	0.00082095584	0.0023353493	0.058558922	0.0031286313	0.007554906	0.009062679	0.00058966974	0.00023249433	0.019151937	0.0011153393	0.00089695596	0.00036175692	0.0015801726	0.0007957106	0.0036408424	0.0027496137	0.0024591885	0.0005977642	0.00042594975	0.0005876799	0.0002772871	0.0018619834	0.012495811	0.0047699	0.002228327	0.0005996633	0.0001996998	0.00029921014	0.00075611577	0.000486496	0.00013620222	0.0017249098	0.0011780912	0.0017249098	0.007559008	0.0020658446	0.0004169378	0.007559008	0.0011395573	0.003225215	0.0035532773	0.00037427252	0.00017055456	0.000439361	0.0014706174	0.000559187	0.00087471807	0.0039261566	0.0002673882	0.00049585913	0.0010153479	0.0037138525	0.0060184365	0.09954913	0.00040830168	0.00050058775	0.00047682348	0.00016085488	0.0037331725	0.0032527556	0.00012752088	0.0008067307	0.0006244394	0.032655053	0.00042000046	0.00014081795	0.0081014475	-22.4136905670166
s02e22a	425.0	5.0	0.7309002	0.7309002	0.013830869	0.0014251432	0.0002140177	0.0021970188	0.019070238	0.0002588291	0.004604372	0.0018831562	0.0030816537	3.7635586e-05	0.0019978809	0.011850651	0.0015765281	0.00061063515	0.002424597	0.00065835536	0.002972191	0.015838789	0.025422983	0.006161095	0.0011715357	0.0024696272	0.00030446175	0.0024696272	0.15856723	0.014307715	0.004474077	0.0012646683	0.00036313335	0.0010147039	0.004198237	0.0002346626	0.0005067253	0.0023432216	0.0023432216	0.00045718582	0.0037622221	0.0024405944	0.00041069425	0.0037622221	0.0010070023	0.028774248	0.017870218	0.00088294403	0.0006968012	0.0006026252	0.0062875245	0.0024798738	0.0056556966	0.2313597	0.00027311663	0.0139302155	0.0010659229	0.0009851031	0.0018372053	0.0006535243	0.00060951523	0.0011949462	0.00011867838	0.00023675758	0.015446844	0.008071882	0.0029079819	0.034520075	0.0015203629	0.01722736	0.005074234	0.00040801612	0.1257442	-26.472225189208984
s02e22a	430.0	5.0	0.67161244	0.67161244	0.028694836	0.010687272	0.0049009854	0.08060517	0.15606329	0.044967435	0.010340691	0.0180078	0.0022685619	0.0007550458	0.0027921984	0.0011802342	0.0019043647	0.0012647972	0.0042269025	0.0013051702	0.037515987	0.106993765	0.0025243761	0.0025243761	0.0005360053	0.0009768063	7.790862e-05	0.0009768063	0.12386884	0.02497204	0.0054409136	0.0020783048	0.000998196	0.0023349894	0.0075560356	0.0003740425	0.0007332188	0.00040304448	0.00040304448	0.00020540057	0.00086040044	0.0005020957	0.00015074137	0.00086040044	0.00061133044	0.0019071057	0.003627756	0.00012473208	0.0010036229	0.00025658114	0.0022595322	0.0020694034	0.0007000853	0.0248354	0.00031184484	0.0006586152	0.00045934774	0.0006484378	0.00014497915	0.0006469884	0.00047233817	0.0019067135	7.933207e-05	0.000226747	0.0017043605	0.00021549052	0.004435601	0.0150905335	0.0017423567	0.0025193887	0.0010645549	0.00036648437	0.0150905335	-20.69839096069336
s02e22a	435.0	5.0	0.9088958	0.9088958	0.019660572	0.022292217	0.013764765	0.008194968	0.059647523	0.04057735	0.0131158745	0.074820824	0.00032017494	0.00073930126	0.0015629185	0.007564322	0.0011371488	0.0007905426	0.025949335	0.00020820007	0.0067025013	0.290349	0.0060384	0.0060384	0.0009584589	0.00091099396	0.00037905612	0.0027617298	0.03323649	0.0033122068	0.002136094	0.00031892466	0.00015100824	0.00045730395	0.0025196068	0.0002550368	0.0003603311	0.00058703276	0.0005507447	0.0005683416	0.0014260345	0.000761192	0.00018238486	0.0014260345	0.0014405786	0.0029301136	0.004956532	0.00017708977	0.00036513372	0.0003216723	0.0021473935	0.002874125	0.0012086648	0.008951896	0.00096258946	0.007606269	0.0008200985	0.00040379903	0.00022093642	0.00032715016	0.0004056337	0.0005193848	0.00093962334	0.00038040458	0.00094640406	0.0008947039	0.004420558	0.0084429355	0.0008691939	0.0023372876	0.0024394651	0.0024837884	0.0084429355	-21.235858917236328
s02e22a	440.0	5.0	0.91071075	0.91071075	0.008456567	0.0071306694	0.004329294	0.0072983336	0.07158252	0.026483208	0.0013774912	0.045657944	0.00094886223	0.00066150166	0.007773843	0.0020769078	0.004578282	0.0014325087	0.0010074218	0.0003942801	0.00027904488	0.034108326	0.18876283	0.18876283	0.0015737024	0.00058302336	0.0005956645	0.0011571699	0.046280354	0.0042160666	0.0017794364	0.00055847515	0.00028201766	0.00066492305	0.0009559259	0.00039629856	0.000758266	0.0011917952	0.0011358719	0.0010684127	0.006681107	0.0018174674	0.00036267473	0.006681107	0.00094862445	0.0080267005	0.0057801204	0.00024236267	0.00072058593	0.00047119684	0.0014848992	0.0042946218	0.0013559666	0.0012467562	0.0025887596	0.00041274558	0.00025082854	0.00052585796	0.00025643856	0.00056113634	0.0002677602	0.0007761099	0.00036801715	0.00048919825	0.0011299207	0.0004890155	0.0016590749	0.004429091	0.0012707048	0.013950265	0.0006414729	0.00048063847	0.004429091	-21.70234680175781
s02e22a	445.0	5.0	0.77914625	0.77914625	0.010084826	0.008828525	0.0066693574	0.0046214787	0.03822983	0.013196816	0.0011919326	0.05291436	0.0007539263	0.00055262324	0.0025488555	0.0021134336	0.0019836975	0.00083400914	0.0013861886	0.0012037806	0.0023991398	0.015180357	0.0081827	0.007521494	0.0025800243	0.010163199	0.0018371327	0.010163199	0.036647744	0.0073862006	0.002866488	0.0007925909	0.00042565344	0.00065976457	0.0018402289	0.0007480864	0.00024387121	0.00487657	0.00487657	0.003082042	0.033800866	0.012605498	0.0010300742	0.033800866	0.00075096916	0.013860429	0.024907459	0.0012885511	0.0023966692	0.0021120822	0.0067988453	0.0020427278	0.0025714305	0.0061545903	0.00043734335	0.0008489778	0.00040547657	0.0028598323	0.0010331032	0.0008076498	0.00024340127	0.0030347724	0.00041701054	0.00033509446	0.00091547205	0.0010480598	0.0014864227	0.0022011024	0.00075028394	0.054632146	0.000732806	0.00043205178	0.0022011024	-21.219959259033203
s02e22a	450.0	5.0	0.9037092	0.9037092	0.016335713	0.09995364	0.0007387551	0.00073975907	0.0146910045	0.0019742213	0.0010235533	0.040313944	0.0004558249	0.00013403744	0.0022902568	0.009213774	0.0023704185	0.00063878857	0.0011359092	0.00021819252	0.000441246	0.0074985516	0.024581855	0.024581855	0.0018276664	0.003511473	0.005457155	0.0073254136	0.10541294	0.004059143	0.00091921777	0.00088881387	0.0005937778	0.0008815024	0.0014498781	0.00027636942	0.00040721722	0.0058357627	0.00311117	0.0058357627	0.0038410805	0.003683192	0.0020072267	0.0038410805	0.0018787957	0.013094648	0.004833702	0.00027807656	0.00020867864	0.0003884857	0.002389827	0.0018750518	0.0008015743	0.0052495673	0.0010778649	0.002351315	0.00064182334	0.0035231155	0.0011152336	0.05130535	0.00023941368	0.00049796974	0.0015559774	0.0002648687	0.0019764653	0.0007707047	0.0019666464	0.002639036	0.00063661725	0.0065095345	0.0027668087	0.00029761947	0.0033146366	-22.90926742553711
s02e22a	455.0	5.0	0.8639759	0.8639759	0.0024804343	0.0026029376	8.8364664e-05	0.00048422973	0.0036982324	0.00037314018	0.0010088183	0.0024946267	0.00091048627	2.4041363e-05	0.0020055634	0.027280109	0.00019783813	5.660417e-05	0.00023077897	0.00019785757	0.00038689002	0.0019928433	0.15422262	0.009650868	0.0012169025	0.0033729542	0.0010226561	0.0033729542	0.13329369	0.0027678036	0.0011191043	0.00033203684	0.0002483823	0.00017917517	0.0016497162	0.00012149855	0.0001925522	0.0010495275	0.0010309584	0.0008701357	0.00015646558	0.00025761902	0.00031594827	0.00025761902	0.0018419536	0.0035455613	0.0042496487	2.074976e-05	0.00031219082	0.0001150766	0.0005805414	0.0021302497	0.0010621167	0.3550989	0.0006073719	0.020654336	0.00063200074	0.00031734112	0.0002871786	0.00028541344	0.00020952658	0.0003534231	0.00017031241	8.748865e-05	0.0022437368	0.0006839164	0.0056450875	0.30196792	0.0026104343	0.012697218	0.0013590188	0.0001144287	0.30196792	-23.833894729614254
s02e22a	460.0	5.0	0.4977902	0.4977902	0.016238527	0.008444445	0.0019053166	0.0869919	0.06642557	0.0045456714	0.008485693	0.05447483	0.0010303201	0.0004835595	0.0013815856	0.009854596	0.000987329	0.00038030595	0.00372176	0.0002988834	0.13629341	0.29609987	0.018867109	0.018867109	0.0009883784	0.027164064	0.0067777876	0.027164064	0.026348062	0.0069333436	0.0019118239	0.00084440096	0.001223306	0.00096084486	0.003235179	0.0009070989	0.0007768243	0.0008826442	0.0008826442	0.00060885097	0.00082084286	0.00080939877	0.0003622539	0.0008419224	0.0013939376	0.0028784876	0.00470533	0.0012506251	0.004457213	0.0021838893	0.012447942	0.0025853368	0.0009425949	0.012243167	0.0010829422	0.00056477054	0.0007529233	0.0004894613	0.00029260383	0.00041322943	0.00025691604	0.003060948	0.0006867036	0.0006086259	0.0013708508	0.0008675155	0.0021037122	0.015886199	0.002460129	0.0018180384	0.0012816912	0.00020420586	0.0214014	-20.073230743408203
s02e22a	465.0	5.0	0.85183114	0.85183114	0.06991392	0.07868215	0.0002525255	0.0076967147	0.08799918	0.0013612274	0.0033483761	0.0057514487	6.692215e-05	0.0007994774	0.0008911174	0.016032374	0.0007014852	0.0005837415	0.003973942	0.00015445732	0.019868439	0.27525356	0.005046676	0.005046676	0.00095753017	0.00535292	0.0008844487	0.00535292	0.045254227	0.007627084	0.0020536028	0.00046212363	0.00015164327	0.00040847374	0.002138367	0.0011547155	0.0004566738	0.0011812065	0.0011812065	0.0010377419	0.0020058746	0.0011271547	0.00022057207	0.0020058746	0.00095108926	0.004676384	0.0041825934	0.0014825227	0.000739457	0.0014271567	0.0044792406	0.0029445256	0.0012425097	0.00329857	0.0002405798	0.00048223432	0.0007797286	0.0010317434	6.89061e-05	0.00052080513	0.0006512961	0.00087439106	0.00031579108	0.00020319357	0.0011513744	0.00038373878	0.00062256394	0.0013093113	0.0013852253	0.0035419953	0.0017589519	0.00013493821	0.003450041	-19.32927894592285
s02e22a	470.0	5.0	0.199921	0.199921	0.012049476	0.0052829576	0.0034021095	0.0060979496	0.030327441	0.004328394	0.030830663	0.007095283	0.00031164096	0.00017968603	0.0023202156	0.02648695	0.0007452665	0.0006515246	0.004354118	0.00093485834	0.07158752	0.018279906	0.003581136	0.0034849208	0.0021815163	0.011988212	0.0023224906	0.011988212	0.76379406	0.32563522	0.26142907	0.0006003475	0.00027000275	0.0008632331	0.035435494	0.0012023081	0.011050316	0.00065455027	0.00065455027	0.00045007828	0.003694085	0.0022002554	0.00025017723	0.003694085	0.00052364916	0.005336068	0.0041799014	0.00041202302	0.00086780026	0.0005201589	0.003041176	0.0019831944	0.0007941479	0.0034835301	0.0007875905	0.0039113867	0.0008620022	0.003145749	0.0015039287	0.0005475294	0.0006195552	0.000772987	0.00046015056	0.0007988331	0.0017193304	0.0007968032	0.0033079484	0.002694951	0.0011509461	0.0019232862	0.0041049304	0.00021398139	0.013987098	-21.11779022216797
s02e22a	475.0	5.0	0.8227738	0.8227738	0.006163741	0.0163337	0.0012396821	0.016846636	0.0055927774	0.0068134144	0.024151884	0.024128154	0.0011750389	0.00015674633	0.0019063026	0.0063906033	0.0005515182	0.00054408464	0.000927036	0.0011842072	0.0015945885	0.009583782	0.0070660594	0.0066863424	0.0036825165	0.0044952547	0.001314623	0.0044952547	0.84764737	0.1758677	0.16856042	0.0011615526	0.00033329622	0.0010223999	0.027767662	0.0014866323	0.013850147	0.0016905166	0.0014416607	0.0011194241	0.005022405	0.0042206813	0.0006181785	0.005022405	0.00048050308	0.011049351	0.00921186	0.00027035104	0.0011512866	0.0006597872	0.0016246662	0.0016233117	0.0015965543	0.0017814923	0.0009488645	0.0028405006	0.0009157254	0.007393741	0.00055400503	0.004381823	0.00037744807	0.0006124723	0.00089578464	0.00019902253	0.0008391216	0.0021283368	0.0009836348	0.0015079705	0.00078654726	0.0071987207	0.0036725649	0.00033228417	0.0053874543	-21.860332489013672
s02e22a	480.0	5.0	0.89071417	0.89071417	0.013000039	0.02890424	0.0004983572	0.0024080009	0.058058172	0.0008754677	0.002418537	0.0039437055	0.00011830483	0.00019075224	0.0003418597	0.007269575	0.0017124334	0.00058297004	0.0011484775	0.001950927	0.0042550922	0.17518657	0.014702432	0.014702432	0.0011305624	0.0022374687	0.00040271535	0.0022374687	0.2378895	0.008083703	0.0011272061	0.00075995154	0.00020255099	0.00085699745	0.004017579	0.0009809635	0.0007039134	0.0008111877	0.00036459108	0.0004819145	0.0007344724	0.00050930795	0.00017903393	0.0008426881	0.0004295658	0.0013773363	0.0013922659	0.00037329903	0.00052377296	0.0002502693	0.025416145	0.00057312695	0.00081198744	0.013689516	0.00012219288	0.0007616118	0.0005309471	0.0022544821	0.00026148531	0.0003030497	0.00022029548	0.00066384475	0.00048025514	0.00035019362	0.0010662865	0.00074371917	0.0005875077	0.0016083845	0.0013505124	0.0019195462	0.008542642	6.570574e-05	0.022821257	-21.149986267089844
s02e22a	485.0	5.0	0.8313954	0.8313954	0.01616604	0.018617192	0.00027449263	0.0054222383	0.0059470986	0.0013890761	0.009110623	0.0011376126	0.00069453375	0.00023014964	0.0006781365	0.009868476	0.0009913131	0.00010771522	0.0004756237	0.01077164	0.0011257693	0.030675454	0.0064158076	0.0064158076	0.001968911	0.003745636	0.0030936322	0.003745636	0.77881944	0.017226076	0.0019258591	0.0008875977	0.0005711654	0.0056856344	0.010954673	0.0008374426	0.012456369	0.002668487	0.0009994669	0.0020914904	0.001400733	0.0014326579	0.00075781305	0.0014326579	0.0012479252	0.004940772	0.013143073	0.0006146348	0.00040861475	0.001081809	0.0032715208	0.0012762934	0.0029273748	0.0069170715	0.00036850374	0.0023772528	0.0010546976	0.02201847	0.0007360454	0.005262939	0.00055308535	0.001092075	0.00093894184	0.00022926395	0.0049439915	0.0020647165	0.0008228927	0.001943074	0.00071446877	0.008739814	0.007259509	6.739568e-05	0.015444696	-20.497133255004883
s02e22a	490.0	5.0	0.8353148	0.8353148	0.015533625	0.04607135	0.00021762408	0.0076183258	0.04665047	0.0011438456	0.005701505	0.00317996	0.00029979864	0.0001508495	0.00038163594	0.004684241	0.0014711461	0.00032256657	0.0023613307	0.0007569982	0.008072493	0.10692566	0.0057461285	0.0057461285	0.0006213404	0.00072434585	0.00036820243	0.00072434585	0.682093	0.01306584	0.0017309075	0.0012140626	0.0003000248	0.0048363223	0.008823257	0.0009521224	0.0054658153	0.00040909613	0.00017363153	0.00031746764	0.00032963973	0.0003627517	9.494594e-05	0.000504535	0.00081645255	0.00076265325	0.0046947235	0.0005686599	0.00038726747	0.0011698105	0.003044315	0.00043035272	0.0011972397	0.024155328	0.00020511424	0.0022653544	0.0011647036	0.0029587017	0.00091086066	0.0008512252	0.00019004584	0.00088946236	0.0003140946	0.00012341482	0.0007095879	0.0009967444	0.00084673305	0.0044024675	0.0008180579	0.0018369019	0.016990708	6.341077e-05	0.036121625	-20.491863250732425
s02e22a	495.0	5.0	0.8213481	0.8213481	0.004828219	0.08793465	0.0018427611	0.0043951897	0.003384766	0.00097159646	0.009967761	0.07046414	0.00041822914	7.9448284e-05	0.0011490942	0.007031264	0.00031547662	0.00024055318	0.005930063	0.0011258846	0.01045188	0.0045558284	0.007099984	0.007099984	0.0018258492	0.004439783	0.003166274	0.004439783	0.7535302	0.024174592	0.004082647	0.0016220318	0.0005209419	0.0015796466	0.0091005005	0.0025089514	0.006766715	0.0022081765	0.00035756137	0.0017825561	0.002098124	0.0010652306	0.00029729534	0.002098124	0.00050749455	0.002016791	0.0045194062	0.00022971032	0.00029869028	0.0009888833	0.001652461	0.000638875	0.0009238991	0.0056045195	0.00095498015	0.008339181	0.000994664	0.002713581	0.0021951182	0.001890844	5.3996147e-05	0.0012734466	0.001264027	0.00015010039	0.00082709576	0.0010797118	0.0003328374	0.0017533354	0.0002784562	0.009436156	0.018495822	3.6598893e-05	0.027891885	-21.37996482849121
s02e22a	500.0	5.0	0.9268291	0.9268291	0.0050693695	0.14293966	0.00028129667	0.0016950938	0.00085381255	0.0010818244	0.0028738517	0.06496214	0.0001426749	0.0001206929	0.00019203148	0.0065704775	0.00087690237	9.250154e-05	0.0004377609	0.0007651173	0.0010218979	0.007555028	0.0045632906	0.003983316	0.0019019173	0.0035625969	0.0017345969	0.0035625969	0.84940696	0.02277852	0.0033687009	0.00091400306	0.0006355764	0.0033383472	0.011899952	0.0012655593	0.009457015	0.0020768682	0.00068491994	0.0020768682	0.0029733952	0.0016175876	0.0004553693	0.0029733952	0.00056201953	0.006093428	0.012900007	0.00037214655	0.00013098533	0.00092107814	0.002973138	0.0010745535	0.0033539536	0.0016398465	0.0013032443	0.0012626131	0.0005434057	0.00640811	0.0015848677	0.0043714275	8.657853e-05	0.0007607993	0.0010522136	7.9447906e-05	0.0017659309	0.0008906666	0.00074202934	0.00037671725	0.0008735482	0.007441079	0.0016206779	9.820742e-05	0.002125661	-20.788562774658203
s02e22a	505.0	5.0	0.75864106	0.75864106	0.02770906	0.00445109	0.0002936563	0.008379557	0.08167877	0.0003061482	0.015554699	0.001575374	0.00018778292	0.00014838757	0.00074253685	0.0043460387	0.0029506497	0.00017489419	0.0039265743	0.0014414686	0.015875222	0.09258998	0.005791254	0.005791254	0.00066683476	0.0033063232	0.0003594718	0.0033063232	0.64415014	0.06761196	0.02182022	0.0023766265	0.0007091015	0.0043985527	0.02904194	0.0009022889	0.005331985	0.00063338614	0.00063338614	0.000524118	0.0009337136	0.0015159667	0.00025152948	0.0020452568	0.0014357297	0.0036129293	0.031063156	0.0012729822	0.0005799538	0.0014288824	0.0038512927	0.00054152776	0.0038072818	0.015254809	0.00029927463	0.00087903644	0.0013786567	0.003477064	0.0029955234	0.00054239045	0.00020361986	0.0026789466	0.0002480524	0.00032639655	0.0012721507	0.000923966	0.0020040656	0.0032562236	0.0012913985	0.004037903	0.010761076	7.565033e-05	0.053349648	-21.77539825439453
s02e22a	510.0	5.0	0.8751753	0.8751753	0.019500481	0.008375153	0.0001975974	0.0140900845	0.0027053826	0.0005332728	0.010857939	0.0023265402	0.00017086414	0.00016944064	0.00056040596	0.006354017	0.0008918275	8.233801e-05	0.0004322452	0.0016023414	0.000988272	0.00783411	0.0039858255	0.0039858255	0.0014135304	0.0036196453	0.0013770228	0.0036196453	0.8660763	0.01606491	0.0046408544	0.00039037326	0.00015950654	0.0014648958	0.0074033155	0.0040997947	0.0101252915	0.001524377	0.0011668624	0.0006654736	0.0009381674	0.0019713806	0.000108591325	0.0019713806	0.0005864548	0.0053974665	0.009094001	0.0008625149	0.0002524995	0.0009184333	0.001519705	0.0017854194	0.0016259134	0.003034475	0.0007282555	0.0017969239	0.00032880894	0.0033409407	0.0003370982	0.0005290101	0.00016987466	0.001074877	0.00039384677	0.0005179968	0.0017942043	0.0026074676	0.0018765704	0.0012286976	0.0005743314	0.009572989	0.0044338643	3.4318953e-05	0.02435284	-22.03900909423828
s02e22a	515.0	5.0	0.7561764	0.7561764	0.02142418	0.0040911906	0.0002858712	0.015586787	0.05283641	0.0006275794	0.007649569	0.0008130826	0.000601616	0.0001319569	0.0006134579	0.008391365	0.0005991577	0.000111031346	0.0009816922	0.0010570579	0.008348496	0.053247984	0.0018605783	0.0018605783	0.0013329465	0.0023140472	0.0005874842	0.0029013127	0.7278992	0.09867636	0.029736828	0.0009247952	0.0008240403	0.003553225	0.24257305	0.0006415487	0.012789815	0.00057025725	0.00057025725	0.00038768564	0.00124008	0.0013360853	0.00018476184	0.0013360853	0.0006243567	0.0041309106	0.0072947866	0.00044149588	0.0006790597	0.0006215258	0.0022688652	0.0013121613	0.0017485297	0.004362614	0.0002014516	0.0003624551	0.0004192193	0.0045264955	0.00019659816	0.00028377972	0.00031652712	0.00041582185	0.00031597205	0.00027077226	0.00096523255	0.0006930946	0.0018859459	0.011851015	0.00090775767	0.0038303996	0.0072840033	0.00010288095	0.013509925	-19.097829818725582
s02e22a	520.0	5.0	0.24551997	0.24551997	0.0029110778	0.0010321888	0.00029620298	0.011224893	0.00074513763	0.0015046442	0.030879801	0.00062009983	0.00043230166	0.00033120316	0.0024225265	0.0031306706	0.0012686888	0.000110968474	0.0005499864	0.00053034164	0.00081917376	0.0046804496	0.015604385	0.015604385	0.0031645633	0.004075627	0.0030435594	0.004075627	0.7994789	0.10981811	0.0484715	0.00104184	0.0007204678	0.0027941135	0.2035005	0.0008830837	0.014159561	0.0006829372	0.0006292435	0.0005967057	0.00090695574	0.0007650112	0.00028533154	0.00090695574	0.00066410546	0.0031572687	0.0028055762	0.00019898704	0.00042968435	0.0006931399	0.0022801221	0.0030018731	0.0006376839	0.0019408902	0.00021747018	0.0014431016	0.0003828176	0.002006396	0.00014513794	0.0011083464	0.00033757434	0.0009981813	0.0012250702	0.0004427995	0.0010614202	0.0015435289	0.0010613045	0.003047912	0.0005052246	0.001595546	0.0021303673	0.0003090544	0.028187478	-21.11045837402344
s02e22a	525.0	5.0	0.80534756	0.80534756	0.012933165	0.0027686935	6.6052016e-05	0.005001048	0.00091621245	0.00012982084	0.016055973	0.00036828002	0.00016066541	9.930385e-05	0.0012579346	0.0050944234	0.0003412537	2.0140735e-05	0.0009775497	0.0024153844	0.0032640425	0.018338658	0.0016491611	0.0015409038	0.0011230231	0.0023154744	0.0003002002	0.0023154744	0.8163233	0.030788438	0.0047847745	0.00039214458	0.00010092387	0.0042311694	0.077078395	0.0011131157	0.011331263	0.0043762885	0.0043762885	0.0025449465	0.001629042	0.0055136234	0.0009854002	0.005947107	0.0017048531	0.0050033624	0.05277353	0.0022106026	0.00053444295	0.0026462513	0.004387208	0.0026896452	0.003101597	0.008086839	0.00030829455	0.0006532905	0.0011695771	0.0076947226	0.000523446	0.00034921896	0.0003332162	0.003935854	0.0009229321	0.00012864142	0.0015049034	0.0027721215	0.0025700221	0.0012387702	0.003191556	0.026689272	0.00641568	0.00012787327	0.062122803	-20.78396224975586
s02e22a	530.0	5.0	0.8082918	0.8082918	0.0106422985	0.004956936	0.00023656465	0.01423324	0.018903762	0.00061583304	0.004276159	0.0007614205	0.0003332127	7.3404066e-05	0.00086610066	0.009429722	0.00071034837	5.2459818e-05	0.000688386	0.0005527697	0.001585944	0.032348257	0.007001557	0.007001557	0.0011236009	0.0012490323	0.0031523698	0.0031523698	0.6594911	0.01694804	0.0038183443	0.0007024773	0.0002480406	0.0019776141	0.0056711202	0.0009257857	0.0038820049	0.00096126285	0.00082650245	0.00059469504	0.0010123035	0.0019090236	0.00013152276	0.0019090236	0.00061241165	0.0052608517	0.007482036	0.00070575153	0.0006604421	0.0021152806	0.0028583708	0.0012884014	0.0017374866	0.029788692	0.0006545145	0.008363581	0.0009549209	0.006643743	0.00040528894	0.00321703	0.00025203073	0.0028269887	0.0005961021	0.00015014848	0.004412553	0.0013442194	0.00069073826	0.008957287	0.0005070734	0.016338212	0.018533966	5.6296467e-05	0.15163718	-20.966053009033203
s02e22a	535.0	5.0	0.77163404	0.77163404	0.02590269	0.0029222616	0.0012294054	0.0017766427	0.032092307	0.0011488086	0.0025067627	0.0045597935	0.00036415306	0.00026873127	0.0039218063	0.007918435	0.002802259	0.0028715378	0.0014885794	0.00090397376	0.0014193456	0.123964846	0.010103331	0.009368884	0.0029515785	0.036071755	0.0045613265	0.036071755	0.50149286	0.04324965	0.0105479155	0.00095437333	0.000791584	0.0013877889	0.023551874	0.00078686664	0.002713052	0.0061125327	0.0061125327	0.004697797	0.013255095	0.011149617	0.0015668209	0.013255095	0.002987724	0.028834978	0.008683551	0.0016371111	0.0009882692	0.00089927803	0.0025981278	0.004194429	0.0010531186	0.003978933	6.521565e-05	0.0017807024	0.0015436037	0.004978725	0.00034409424	0.0029928389	0.00036988835	0.00059660623	0.00035279142	0.00023476173	0.0059141517	0.002099649	0.0019990993	0.0036859054	0.003896094	0.014820227	0.0031015733	0.00010014476	0.012903584	-21.02985382080078
s02e22a	540.0	5.0	0.85850626	0.85850626	0.044264004	0.014731687	0.0003770656	0.0022977872	0.1347726	0.00058889977	0.0016261698	0.0009806205	0.00017986311	0.0004649249	0.0013315032	0.017430754	0.0021837333	0.00083980075	0.002057033	0.0021307557	0.011626575	0.11347859	0.012923672	0.004435226	0.0019055587	0.007687691	0.0009976104	0.007687691	0.15900075	0.01044655	0.0024248126	0.00080501515	0.00039312584	0.001021454	0.007982639	0.00045068018	0.0007130369	0.003271872	0.003271872	0.0022486483	0.0063668666	0.005210724	0.00065889425	0.0071704127	0.0018085737	0.014518295	0.010981815	0.004157235	0.0008509005	0.0011299849	0.011155065	0.0021377536	0.0024798056	0.009731301	0.000102780636	0.0013636149	0.0012180958	0.0039219554	0.000588355	0.0008564938	0.00045932515	0.0024720128	0.00044058208	0.0004114959	0.0046280157	0.001033557	0.0017828648	0.0020140412	0.0011136004	0.0057282145	0.0042186035	8.5846455e-05	0.027304914	-20.16548156738281
s02e22a	545.0	5.0	0.70029086	0.70029086	0.008889452	0.017107578	0.00047357188	0.0029072175	0.015004132	0.0010318127	0.0059754737	0.007261478	0.0004577344	5.975433e-05	0.0009905357	0.0043944055	0.00049695664	0.00064893055	0.0011165056	0.006397335	0.0067003937	0.03149853	0.0050376384	0.0050376384	0.0016175708	0.0014658301	0.00065020524	0.0014658301	0.50392836	0.007874978	0.0012229297	0.00027932596	0.00015560059	0.0015943318	0.0026742762	0.00063708465	0.0034722427	0.00093723286	0.00093723286	0.00082376716	0.0010217727	0.0010865057	0.00033455438	0.0010865057	0.00094889564	0.0026213536	0.010195918	0.0024772356	0.00051946874	0.00043634977	0.016838938	0.00267249	0.004061202	0.03511027	0.00016148173	0.0019105442	0.0013353709	0.0021174678	0.0012564493	0.00090245827	0.0003839316	0.000644757	0.00047177885	0.0003723025	0.006128073	0.0010204673	0.0015253731	0.0053798934	0.0006704553	0.0150636975	0.0037876503	7.749125e-05	0.15695044	-21.063720703125
s02e22a	550.0	5.0	0.73645973	0.73645973	0.015615948	0.03573203	0.000100293946	0.0018941838	0.001491084	0.00077951915	0.055875015	0.0025699635	7.812541e-05	0.00021959085	0.000743571	0.012010586	0.0010545318	0.00011567487	0.00089617557	0.0028598963	0.0006888522	0.0033881937	0.010588467	0.003993141	0.0017427729	0.0022034203	0.0013458983	0.0022034203	0.80508375	0.020347062	0.00629993	0.0012476988	0.0008428692	0.003116802	0.013647005	0.005234206	0.023816431	0.013697327	0.012571233	0.0075262687	0.0049911896	0.019742439	0.0039809914	0.019742439	0.0012694539	0.034281213	0.05661899	0.0019631344	0.0009876272	0.0013765837	0.011086109	0.004269112	0.0074532954	0.0037253192	0.0011174473	0.0025291857	0.0006328434	0.0036312065	0.0010589442	0.0057188473	0.0005802527	0.0013660847	0.001444277	0.00038156426	0.002502944	0.002857182	0.0010230235	0.00037878196	0.00087646046	0.012649284	0.005500944	0.000252338	0.011324971	-20.66928100585937
s02e22a	555.0	5.0	0.5652501	0.5652501	0.0027916646	0.024497287	0.00032183825	0.0025791542	0.0008216348	0.0004620313	0.052550785	0.0076389853	0.00022117353	0.00017983104	0.0010048092	0.0011686083	0.0008096448	9.779921e-05	0.0006776571	0.0002879364	0.00041220276	0.0015935769	0.004373852	0.0013834547	0.0015251625	0.003965109	0.0028565896	0.003965109	0.8167629	0.24340045	0.22317101	0.0101364525	0.00064519467	0.005899933	0.007435313	0.002486971	0.012634796	0.009438037	0.0020153911	0.008030175	0.0023382474	0.0032690444	0.0018406302	0.0032690444	0.00075186073	0.0072644213	0.012496259	0.0011205444	0.00052205287	0.00046521708	0.0018591993	0.0013407416	0.0017930911	0.0012633704	0.0021257773	0.0011073306	0.0006353708	0.003719485	0.000278189	0.0017307312	0.00028574833	0.00048252143	0.0004902785	0.00010618365	0.0009439875	0.0008747806	0.00047447556	0.00043945565	0.0024716542	0.0027132353	0.0017430095	0.00046464067	0.0028523973	-20.172203063964844
s02e22a	560.0	5.0	0.79320896	0.79320896	0.021589532	0.044632617	0.00057782594	0.0024468354	0.04372298	0.0012157786	0.0044253897	0.009841846	0.0018714329	0.0005308836	0.0028218022	0.010971316	0.0012944537	0.0024932981	0.0017108326	0.00234551	0.012689879	0.03320551	0.04414367	0.0057721627	0.0016957248	0.003885436	0.0010945945	0.003885436	0.29098824	0.0152320545	0.003897806	0.002704666	0.0005797623	0.0015128001	0.0033646757	0.0005769999	0.0014088309	0.02846211	0.007983416	0.02846211	0.012143326	0.0110812485	0.0075637205	0.012590496	0.0033552528	0.011507097	0.036335886	0.00888084	0.0015896359	0.0013217013	0.013031513	0.005647663	0.0024767902	0.00922421	0.0005205309	0.0011018998	0.0013814705	0.003193254	0.0013218177	0.0012530509	0.0004613083	0.0025049662	0.0010177299	0.0004760197	0.002724686	0.0005180629	0.0030823161	0.0041119284	0.0038501406	0.013327932	0.004607313	0.00043648062	0.009591149	-19.89925575256348
s02e22a	565.0	5.0	0.8683149	0.8683149	0.004773745	0.42027456	0.00058204617	0.00037466292	0.0021262497	0.0020053133	0.0021363036	0.034535557	0.00014374193	0.00031742858	0.0008392344	0.002614946	0.0014770777	0.00020328427	0.0008856631	0.00043621272	0.00014535773	0.00053520506	0.016086716	0.016086716	0.0014784012	0.0038862799	0.0018325085	0.0038862799	0.07713985	0.0064219055	0.0016258485	0.001130038	0.0014404284	0.0010808097	0.0020387114	0.0016143797	0.00045050238	0.0020055824	0.0009155266	0.0015366167	0.001162618	0.0005240856	0.00032043844	0.001162618	0.0010890263	0.0037150313	0.004489352	0.00010834712	0.00021522462	0.0008327191	0.0013356991	0.00061798113	0.0013711523	0.00072079955	0.0012800077	0.0009396922	0.0008631282	0.0074983705	0.0022243392	0.03017849	0.00012476396	0.0011088168	0.003724581	0.000138057	0.007925264	0.0003309033	0.00036429754	0.0004134968	0.00053718756	0.004378764	0.0012721277	0.00025300775	0.008127077	-21.65284919738769
s02e22a	570.0	5.0	0.89872277	0.89872277	0.023968415	0.4063422	0.00069717877	0.0015625607	0.093963444	0.008364262	0.0039013731	0.020634735	0.000325012	0.00015224612	0.0028435898	0.002906648	0.0021322414	0.00076495804	0.0012375796	0.0019143897	0.0011052523	0.018707188	0.007109227	0.0031524012	0.0032097113	0.004226316	0.0014335607	0.004226316	0.09556826	0.0058710547	0.0013695264	0.00089926773	0.00043905582	0.0007962533	0.0033792048	0.00046621883	0.0010301336	0.0016482476	0.001290681	0.0013382859	0.002795065	0.002310815	0.00033477513	0.002795065	0.00085598545	0.004546198	0.0068664537	0.000554128	0.0006183665	0.00064211705	0.0040403986	0.0009165975	0.0013368553	0.0039570117	0.0023419554	0.0017086327	0.00092768896	0.007439005	0.0013102563	0.03645318	0.00023292078	0.0006823533	0.0007878476	0.0007267707	0.0011444243	0.00038470977	0.00058564154	0.0014165909	0.0011714972	0.011351708	0.002917518	0.00046542598	0.003471956	-21.343753814697266
s02e22a	575.0	5.0	0.85439205	0.85439205	0.008377232	0.035470366	0.00020971685	0.0014755172	0.022251606	0.0007849079	0.0026313572	0.008785867	0.0008901542	0.00028580116	0.002328469	0.002105103	0.002460169	0.0018398409	0.0015195365	0.0012499951	0.0037780453	0.023005862	0.0071827723	0.0037115351	0.001102453	0.00237438	0.0010232126	0.00237438	0.56448925	0.016723951	0.0034741506	0.0009852913	0.00041893564	0.0009369231	0.0036629913	0.00065216416	0.0016073871	0.0020333496	0.0020333496	0.0012178122	0.005571058	0.008463344	0.000304496	0.008463344	0.00080650166	0.008573581	0.042858347	0.0036667	0.001439378	0.0010442238	0.009875313	0.0017662706	0.0023343973	0.0053808303	0.00079881557	0.0009366393	0.0005414743	0.009064164	0.0030111093	0.004042063	0.00023870257	0.0025159903	0.0004544987	0.00032557268	0.00094054226	0.00096824527	0.00085678924	0.0028534606	0.0012458777	0.007061431	0.002476247	0.00019206096	0.010343937	-21.27169609069824
s02e22a	580.0	5.0	0.5693701	0.5693701	0.0032657338	0.0026381488	0.00013210798	0.00202035	0.00057729305	0.00027308174	0.090141125	0.0033422601	0.00015588214	4.8901693e-05	0.00045680004	0.01587757	0.000978454	3.2884498e-05	0.00055467867	0.00039107352	0.0019709077	0.0048620435	0.0066038147	0.002623963	0.00034372509	0.0021772005	0.0006204392	0.0021772005	0.7565276	0.0411108	0.014752588	0.0006134304	0.00020293839	0.0012406441	0.016803876	0.0010053603	0.015052933	0.0025986778	0.0025986778	0.000765587	0.001425949	0.0017571285	0.00025421043	0.0017571285	0.0038263772	0.03097898	0.016193548	0.0002388148	0.00036425932	0.000554486	0.0016041053	0.006679743	0.0017148718	0.013837401	0.0005865496	0.015874261	0.00042900434	0.0015291818	0.00025891745	0.00055626436	0.00020180187	0.0009877321	0.0003464481	8.518738e-05	0.002193474	0.0008441676	0.01730089	0.0027740267	0.0003079133	0.01123889	0.0043460345	0.00043904744	0.044673655	-21.85970497131348
s02e22a	585.0	5.0	0.83656734	0.83656734	0.013362263	0.0033076452	0.00013325905	0.0017658805	0.029944673	0.00021119675	0.0015064289	0.0015351622	0.00011345119	6.905846e-05	0.00011049037	0.022254217	0.0005268021	0.00058421097	0.0007606137	0.00069087587	0.0017276914	0.032237556	0.019514289	0.004704948	0.0010352511	0.0016684263	0.0006159924	0.0016684263	0.7660852	0.024191564	0.009233043	0.0010341805	0.0004644538	0.002801132	0.0051356237	0.0005735625	0.0039460347	0.0013131214	0.0013131214	0.0007217058	0.0012297338	0.0022215385	0.00014827681	0.0025042207	0.0008472153	0.0075670285	0.009459477	0.0014088791	0.00061138574	0.0002961403	0.0060238442	0.0016281365	0.002344728	0.0068127695	0.00037688413	0.0023842677	0.00054814946	0.0010638463	0.00011368337	0.0004824359	0.00019807898	0.0010267739	0.00038601135	0.00022254807	0.0011792684	0.00066009857	0.0014532496	0.007573219	0.00087183114	0.009032325	0.0019948245	5.7037763e-05	0.07431972	-22.362567901611328
s02e22a	590.0	5.0	0.9206511	0.9206511	0.02565892	0.005425631	0.00029083274	0.003938304	0.009284166	0.00092113524	0.002635607	0.002053218	0.00013293009	0.00018524552	0.00057651947	0.020229045	0.00090818165	0.0002047631	0.0002935407	0.00037309606	0.00078532577	0.021948237	0.00868063	0.00868063	0.0015488658	0.004214643	0.0062405965	0.0062405965	0.83943236	0.011277989	0.0028196294	0.0003938601	0.00012541008	0.0019355208	0.0035144312	0.0027652436	0.0058485633	0.0014149898	0.0008187727	0.00042532003	0.001147389	0.0014180419	5.0066177e-05	0.0014180419	0.0006746369	0.006772801	0.0142479865	0.00079318136	0.00032260345	0.0011472469	0.0007813732	0.002482161	0.001481745	0.005234288	0.001016489	0.0025798131	0.00043872968	0.0027477762	0.00024044357	0.0047208085	0.00030227145	0.00077829993	0.00021547842	0.0004285396	0.003251374	0.0012133318	0.00071560126	0.0060108104	0.00090381654	0.015830183	0.0032879142	4.193093e-05	0.08539004	-22.134822845458984
s02e22a	595.0	5.0	0.89318615	0.89318615	0.010282127	0.0051634526	0.00022421555	0.003904469	0.004298806	0.00038987823	0.002440952	0.0025549254	4.824478e-05	0.000104673454	0.00019504435	0.02065703	0.0008435437	0.000104908475	0.0005575069	0.00041407088	0.0019430113	0.05043976	0.0065659382	0.0065659382	0.0014782322	0.0034703887	0.001994483	0.0034703887	0.8274464	0.05114747	0.014474935	0.000987368	0.00026653608	0.004628479	0.011647432	0.0014449484	0.007270917	0.0010543424	0.0010543424	0.0006726409	0.002901749	0.0030398679	7.576613e-05	0.0032806308	0.0004929425	0.010244985	0.0069028605	0.0010728402	0.00031083563	0.0007428755	0.002338856	0.0023502617	0.001911643	0.0035118302	0.00023546831	0.0030430618	0.0006293509	0.0011600588	0.00021804798	0.0009139103	0.00019587146	0.00051523943	0.00019054754	0.00025602742	0.0028415462	0.0011936381	0.001129783	0.0016671766	0.00045472864	0.01279067	0.003050434	2.850413e-05	0.04369687	-22.761245727539062
s02e22a	600.0	5.0	0.817557	0.817557	0.017864058	0.0061548906	0.00026164617	0.004341285	0.10825598	0.0012077845	0.004372131	0.0016887713	0.0006268489	0.00020985327	0.0007561997	0.003135022	0.0044125863	0.0011304612	0.0010236562	0.0016921463	0.0034025023	0.33763748	0.010472975	0.010472975	0.0026179475	0.0016647071	0.0016157713	0.0016647071	0.51531386	0.022738336	0.0044188863	0.0013296923	0.0005752142	0.0027764866	0.006897286	0.0018376277	0.0036175342	0.00074187905	0.00071313925	0.0004436382	0.0009634436	0.0012203848	0.00036256446	0.0016848705	0.00064594403	0.0065437956	0.010245962	0.0013305905	0.0010814669	0.00089565746	0.01588031	0.00070110156	0.0022566123	0.010923852	0.0002839597	0.00058195274	0.0011751559	0.0045567085	0.00021507221	0.00024282967	0.00033543105	0.0015143798	0.00059810415	0.00034728835	0.0011876707	0.0008293434	0.001347137	0.0038352096	0.0012347468	0.0017501268	0.0029187903	9.146809e-05	0.005661215	-20.640457153320312
s02e22a	605.0	5.0	0.88418734	0.88418734	0.016300522	0.29652226	0.0008082827	0.0048145344	0.16759479	0.0037026554	0.0049726553	0.0076824627	0.00018232194	0.00044733356	0.0011632683	0.0070681004	0.005074906	0.0005547482	0.002218596	0.0013962766	0.0038327074	0.06679125	0.004467994	0.004467994	0.0009155868	0.008689283	0.0013005455	0.008689283	0.09307467	0.010489729	0.0030231806	0.001255491	0.0005057718	0.0031794521	0.004941412	0.00058325205	0.0016750356	0.00063323526	0.00047939116	0.00049151946	0.0021341385	0.0005576791	0.00012195077	0.0021341385	0.0006700391	0.0028946414	0.0033395786	0.0002824684	0.0005368113	0.0013801339	0.0034794905	0.00074777845	0.0017456323	0.0032107334	0.0011328933	0.0013201004	0.0010618404	0.0062971395	0.0010212234	0.011355134	0.0004234282	0.0013953234	0.0012308616	0.00021818941	0.0027536782	0.00055268564	0.0003693968	0.0008631237	0.00090305257	0.0037862165	0.009017807	0.00025643784	0.009017807	-21.15830421447754
s02e22a	610.0	5.0	0.8366571	0.8366571	0.022937432	0.21929215	0.0005758656	0.0043657073	0.021573808	0.0005849086	0.007156633	0.032502335	0.00047924835	0.00046734052	0.002137776	0.0021057534	0.0007436589	0.0005901033	0.0027639184	0.00034232184	0.0084316945	0.0074588177	0.027049242	0.027049242	0.0019170447	0.0070031914	0.001733386	0.0070031914	0.026171923	0.005080384	0.0018548612	0.00094125187	0.00012619088	0.00054099737	0.0011581011	0.0008114274	0.00020341262	0.0015657851	0.00033747908	0.0015657851	0.0015976029	0.00028395237	0.0003031274	0.0015976029	0.0007290898	0.0010552	0.0051665003	0.0007823664	0.0006216117	0.0009858717	0.010577857	0.0012534836	0.00097048306	0.007027134	0.0010890088	0.0029243017	0.00077592355	0.00134289	0.00052820693	0.0017328084	0.00017967336	0.0014668088	0.0006988175	0.00035809443	0.0009214841	0.00033186312	0.00020449814	0.00080315326	0.0008812916	0.0024718519	0.003811071	0.00029761947	0.00576002	-21.99859619140625
s02e22a	615.0	5.0	0.76011413	0.76011413	0.016367098	0.03904926	9.412624e-05	0.0030095994	0.13111694	0.00064148084	0.0049877306	0.0041835015	0.0006434795	0.00024836598	0.0011035679	0.002430944	0.0036409046	0.0025139626	0.0070537655	0.0006519992	0.006987571	0.020578707	0.006937324	0.0046335957	0.00072480575	0.0010358751	0.0004119476	0.0010358751	0.031692788	0.0048012035	0.0028723734	0.0011543895	0.0003222589	0.0008967962	0.0031839046	0.00025544126	0.00026075068	0.0030310163	0.0030310163	0.0023737303	0.0030926515	0.0037704182	0.0008829936	0.003821785	0.0008489471	0.0054938863	0.009955807	0.0019939172	0.0014213528	0.0010691507	0.009830863	0.0010948767	0.008018272	0.009390203	0.0008837087	0.00358544	0.0015253847	0.0023936534	0.0009750563	0.0021343578	0.00033151588	0.000827818	0.0004069535	0.00029499733	0.0016879779	0.0010648764	0.0010282055	0.010354959	0.0011088907	0.0039833765	0.010717181	0.00036915968	0.013632616	-21.99095726013184
s02e22a	620.0	5.0	0.856014	0.856014	0.02402066	0.0041036084	0.0005563993	0.0021332004	0.00437945	0.0005237365	0.0011431038	0.002915417	0.0021702151	0.0010955594	0.0069078277	0.004847001	0.0031635992	0.0002041646	0.00048327819	0.00046978166	0.00073201733	0.0032758992	0.33476695	0.33476695	0.0074968697	0.0014325366	0.005491131	0.005491131	0.06791443	0.008123222	0.003399102	0.001323584	0.0008003661	0.0014899422	0.0024785236	0.00042498848	0.00026564355	0.0035257947	0.001997707	0.0035257947	0.002132225	0.0013766531	0.00083538	0.002132225	0.0029678985	0.0051426548	0.0036393688	0.00021569159	0.00056834484	0.0008897823	0.0018901341	0.0048742634	0.0006045789	0.0021419302	0.00082451745	0.0021925287	0.00057612173	0.0023018213	0.00017881642	0.036909837	0.0002798863	0.0010682619	0.00088139065	0.00023605274	0.007934765	0.0014523129	0.0009997926	0.003358525	0.0007441977	0.0063081924	0.0030675249	0.00028917272	0.007934765	-22.945819854736328
s02e22a	625.0	5.0	0.8043666	0.8043666	0.010428072	0.03241189	0.00013237883	0.0014161114	0.0015053033	0.0029848886	0.0009612244	0.010096824	0.0010367715	0.0003206102	0.006808444	0.01630637	0.0022741486	0.00022733386	0.0017884483	0.0007204781	0.00043927052	0.005591704	0.11244439	0.11244439	0.00199722	0.0012094612	0.0037186935	0.0039817384	0.102786325	0.003761552	0.0009392313	0.001150494	0.00076471677	0.0010860049	0.0019232286	0.00075704657	0.0007566683	0.025119862	0.0073295026	0.025119862	0.0029414278	0.0035480151	0.011370497	0.0035480151	0.005132964	0.011128271	0.011215076	0.00039033234	0.00047276472	0.0018907514	0.0041725244	0.0032611815	0.001405047	0.0046551186	0.0008188526	0.0020830866	0.00084654073	0.0014496634	0.00095133303	0.014973197	0.00031915825	0.0017989265	0.0019825406	0.00023108679	0.015133755	0.0024933196	0.0049260105	0.0057829656	0.0007203031	0.005941362	0.0055080075	0.00041747492	0.015133755	-21.94774627685547
s02e22a	630.0	5.0	0.8303216	0.8303216	0.09246292	0.08812613	0.0003127768	0.004760899	0.10824885	0.0009767611	0.0027689135	0.0027477762	3.0903706e-05	0.00048391364	0.0005961941	0.0072004795	0.003464875	0.00055905007	0.0030020473	0.00035213484	0.040109802	0.23233895	0.0037605495	0.0037605495	0.002755019	0.0035539675	0.0004407018	0.0035539675	0.043690085	0.008621431	0.004634454	0.0011796161	0.00055767485	0.0009618193	0.0034813043	0.00066853955	0.00042728952	0.00050629315	0.00050629315	0.00039524518	0.0021799784	0.00054803555	0.00012609946	0.0021799784	0.0007878217	0.0040971558	0.006262417	0.0011776631	0.0007406806	0.0011954597	0.0068222	0.0016387322	0.0034337917	0.003885665	0.00017166989	0.0014613674	0.002746846	0.0025371136	0.00012618378	0.0004418146	0.0003562044	0.0011939569	0.0003486945	0.0006244322	0.00327379	0.00043661857	0.0005446907	0.00094328576	0.0006885135	0.0048796716	0.0044254945	0.00010231468	0.0046282285	-24.377742767333984
s02e22a	635.0	5.0	0.844537	0.844537	0.0507679	0.0058865133	0.00096856686	0.0031357552	0.15240316	0.0012644641	0.00090224936	0.004219305	0.00030507715	0.0002603753	0.0047280574	0.006371478	0.004215884	0.0005253705	0.0022931919	0.0008575509	0.0035730598	0.17026867	0.018199276	0.011232771	0.001140338	0.0026369959	0.0009841388	0.003017829	0.019511351	0.0040258057	0.0017853072	0.0008066231	0.00018850983	0.0007533202	0.0037277122	0.00036958823	0.00024044815	0.0036104529	0.0036104529	0.0032050768	0.006994334	0.008942146	0.00070384465	0.009240309	0.0026276645	0.009778048	0.011986913	0.0030822575	0.0006794782	0.0006904563	0.0034345423	0.0033850796	0.0015502662	0.011432148	0.00017983635	0.0007925739	0.00074453466	0.0018994018	0.00014466445	0.0015906565	0.00048909755	0.001353296	0.00032944276	0.00020041512	0.0011695353	0.0006389651	0.0059632617	0.0044068634	0.0015700684	0.004025746	0.0048675793	0.00023678534	0.022158442	-21.688495635986328
s02e22a	640.0	5.0	0.8737116	0.8737116	0.05659585	0.041167136	0.00025827787	0.0018585125	0.25038737	0.0018045265	0.0030758888	0.0025543044	0.0005027918	0.00021597145	0.0024237472	0.008041384	0.008364333	0.0016003257	0.0017165713	0.0005362439	0.0031045144	0.4371447	0.014648877	0.014648877	0.001821601	0.0010101474	0.00024689673	0.0074009434	0.07833522	0.008921598	0.0025241193	0.000661098	0.00037548764	0.00070824416	0.0022028375	0.00023755328	0.00034136372	0.0012331089	0.0008363648	0.0011020992	0.0031568815	0.0011434349	0.00025668906	0.0031568815	0.0007578896	0.0034958771	0.0016126543	0.00036995043	0.00025464466	0.0003450408	0.00062687043	0.0016194754	0.000964583	0.004047276	0.00013432444	0.0007506322	0.00058774574	0.002060443	0.00022131698	0.013962012	0.0004858317	0.001271551	0.00010769817	0.00017096926	0.0016588223	0.0005411021	0.0005749914	0.004659942	0.0019418058	0.0036861557	0.006885248	8.3485684e-05	0.0100588	-25.564889907836918
s02e22a	645.0	5.0	0.91896534	0.91896534	0.031114608	0.22629032	0.00051425246	0.0025430408	0.08498661	0.0031451106	0.0018649403	0.0070035164	0.00015889903	0.00042751996	0.0040149526	0.0025654351	0.0025677604	0.0007918982	0.0010082552	0.0005792398	0.0023376157	0.44366673	0.005776291	0.005427813	0.0034307498	0.0020942728	0.0007919797	0.0028199996	0.047797795	0.0036178879	0.0011830104	0.0006642599	0.00023196427	0.0006182963	0.002003955	0.00024017642	0.00035294815	0.00081522734	0.0007271916	0.00081522734	0.0021137444	0.0011042956	0.00016315171	0.0021137444	0.0008676171	0.0047760652	0.004516112	0.0005042422	0.00020591097	0.00059468707	0.00239964	0.0011572785	0.0033511815	0.0033976051	0.00042145312	0.00089658645	0.00075149327	0.0060993223	0.00044860097	0.0063245306	0.0002227264	0.0008298137	0.00024421138	0.00032717013	0.0024331885	0.00042827864	0.0006106276	0.001693056	0.0037033625	0.009446823	0.003849226	0.00016149621	0.003849226	-24.96870422363281
s02e22a	650.0	5.0	0.91912514	0.91912514	0.03329202	0.029561304	0.00035351675	0.0025243137	0.2989139	0.0008269247	0.0013950027	0.0021005485	3.9550345e-05	0.00021456608	0.0009622932	0.0027492372	0.008158985	0.0005806734	0.0013830068	0.00047797165	0.0030500512	0.13443635	0.0019791722	0.00085987337	0.0019791722	0.0010177589	0.00035119947	0.0019001919	0.11478823	0.008234571	0.0048635295	0.00081283704	0.00023516227	0.00091915816	0.00211163	0.0002707733	0.00046889158	0.00071017374	0.0006923704	0.00071017374	0.0022770923	0.0014402514	0.0001119072	0.0022770923	0.0007243158	0.0048066517	0.0051091607	0.0005598409	0.00061493245	0.00040831923	0.0011928446	0.0012195645	0.0022846742	0.0051227566	0.00082189863	0.00080153544	0.00075816346	0.0031412875	0.00060549605	0.005371238	0.0005902636	0.0008592869	0.0003694993	0.00022621061	0.0012242864	0.0014364832	0.00048684023	0.0013803436	0.0011587375	0.0036891354	0.0041411673	0.00012825463	0.0045319907	-23.122817993164062
s02e22a	655.0	5.0	0.79771966	0.79771966	0.009017859	0.003497572	0.00019604727	0.0042120186	0.0012870046	0.0005224611	0.001076331	0.0013402975	0.0020184931	0.00011110442	0.0056645903	0.033346538	0.005217306	0.00016290718	0.0016609526	0.0012632435	0.0038876995	0.017042033	0.05081282	0.011335671	0.005441228	0.0031303256	0.0051109935	0.0051109935	0.4528711	0.0112087475	0.0013328043	0.0005212722	0.00019323934	0.00062446017	0.0018123682	0.00044467527	0.0011499056	0.0075267535	0.006783095	0.0036412922	0.0036067152	0.010525083	0.001193592	0.010525083	0.0046735196	0.034013834	0.039721668	0.0012616178	0.0015612667	0.003101082	0.0041460823	0.0039353734	0.002180045	0.01339525	0.00037250025	0.009994534	0.001003575	0.003115706	0.0002801987	0.0012130939	0.00027795037	0.0028051788	0.00025645594	0.00048695324	0.005504827	0.0016478866	0.0027351181	0.005254169	0.0010062616	0.015012464	0.0021926612	0.00012007074	0.022157298	-21.1984977722168
s02e22a	660.0	5.0	0.89589757	0.89589757	0.00915535	0.063218206	0.00011607198	0.0018614305	0.00053613406	0.0004913531	0.0010729628	0.0019954094	6.6362394e-05	9.562377e-05	0.000509904	0.0111311	0.0007723685	6.4065134e-05	0.0006018669	0.0007907272	0.00024448676	0.0043766	0.00843881	0.0038666644	0.00094622385	0.001121373	0.00091144023	0.0012249115	0.78206605	0.009788373	0.0017896038	0.00055517664	0.00030252227	0.000971323	0.0045402288	0.0006185513	0.0022068091	0.0038724947	0.0030155643	0.0038724947	0.0013516523	0.004384014	0.000926207	0.004384014	0.00067145826	0.0132674305	0.028558739	0.0017417993	0.0005989995	0.0010117538	0.008454668	0.002198009	0.004480691	0.0065461453	0.0007031169	0.009773667	0.0011904264	0.005795785	0.0002642046	0.0011967107	0.00013292274	0.0009423399	0.00033289168	0.00017538868	0.005937342	0.0045401556	0.0021885617	0.004588163	0.0021958987	0.009760681	0.0037967167	2.7843476e-05	0.014707364	-21.276599884033203
s02e22a	665.0	5.0	0.828707	0.828707	0.008722406	0.0042607994	0.00075328	0.004011996	0.053204577	0.0020427706	0.0019056122	0.00067028025	0.0012810669	0.0001278039	0.0012339466	0.011986908	0.0018236466	0.0010496496	0.001349187	0.0013968538	0.003964043	0.024097554	0.021582693	0.021582693	0.0017415954	0.0028682384	0.0018149492	0.0028682384	0.40010357	0.008491813	0.0018065993	0.0005293248	0.00017153475	0.0007296872	0.0013760489	0.0007842362	0.0013559012	0.0007246931	0.00047110338	0.00028148768	0.0011865586	0.00070303114	0.00011836396	0.0011865586	0.0005418652	0.0041603153	0.0077650025	0.00067350396	0.0011480865	0.0010156459	0.0031889023	0.0031348092	0.001878346	0.11374796	0.00064074947	0.00456289	0.0013739453	0.002336496	0.00011615547	0.0016838023	0.00022363757	0.00095517666	0.0010533616	0.00019156533	0.0035009074	0.0016077681	0.0025628642	0.04778318	0.001384811	0.0051544663	0.023645127	0.0006334281	0.04778318	-22.88817405700684
