episode_id	onset	duration	talking	speech	man_speaking	woman_speaking	baby	shout	laughter	cry	singing	kids	groan	whistling	breathing	walking	mouth_sounds	fart	hands	heartbeat	cheering	crowd	mammal	dog_bark	cat	rooster	duck	bird	music	musical_instrument	guitar	piano	organ	electronic_instrument	percussion	bell	ambient_music	weather	wind	rain	river	wave	thunder	river_sea	fire	boat	car	traffic	car_honk	emergency_vehicle	train	cycling	engine	door	doorbell	knock	dishes	radio_tv	dryer_vacuum	zipper	keys	alarm	telephone	whistle	mechanisms	tools	boom	bang	glass	water	beep	silence	sudden_noise	db
s02e11a	0.0	5.0	0.82650024	0.82650024	0.01101821	0.007179866	0.00031581696	0.0013073469	0.0013731028	0.0019069749	0.010317772	0.0028823935	0.0013844537	0.000120006865	0.0019059795	0.0011830786	0.00034978573	0.00035619503	0.00048288653	0.00018788822	0.0002328213	0.0009847386	0.0050761607	0.0050761607	0.0007468619	0.0010848287	0.00070346746	0.0021525864	0.7348225	0.05296816	0.03736654	0.0033457598	0.00035585868	0.0021745027	0.0014704437	0.0013692393	0.0018783871	0.009402183	0.000811789	0.009402183	0.0018995147	0.00079549645	0.0017002197	0.0018995147	0.0008299806	0.003950417	0.0059763575	0.0003714042	8.370778e-05	0.00015377956	0.0006002766	0.00674674	0.0009616334	0.0015165919	0.0008567403	0.00086131087	0.0004949308	0.007217533	0.00018769842	0.0014831983	0.00035232856	0.00074998685	0.00080983964	0.00021056761	0.0047803805	0.0010795266	0.000108223	0.0005282082	0.0027929393	0.0051305345	0.0011356204	0.02802805	0.00787008	-20.454444885253903
s02e11a	5.0	5.0	0.823797	0.823797	0.021842007	0.0022317288	0.0034905025	0.00072031067	0.06317451	0.0038483744	0.008755505	0.003143069	0.0007139522	0.00014565076	0.0057518473	0.0034131843	0.0030593665	0.0027785497	0.00079518376	7.23871e-05	0.00038944217	0.0012545593	0.03325759	0.03325759	0.002537244	0.0074261613	0.0037197184	0.0074261613	0.033338968	0.011460955	0.0035496745	0.0005931505	0.00028209324	0.00063970423	0.0013948878	0.0004596828	0.0007233077	0.0056117075	0.0038688986	0.0045631044	0.025411792	0.001844445	0.00066863064	0.025411792	0.0031485525	0.046060484	0.0057488154	0.00025824833	0.00060528633	0.00022279202	0.00084210094	0.0030537334	0.0011450207	0.0027456419	0.0001264887	0.0007378928	0.0017172676	0.0058059115	0.00010363449	0.0007874791	0.0007426384	0.00043597305	0.0012639632	9.0768895e-05	0.0034019577	0.0010033404	0.00033698976	0.003960667	0.00068207213	0.02625332	0.001034762	0.00039564344	0.0040897476	-18.87286758422852
s02e11a	10.0	5.0	0.71207714	0.71207714	0.012540833	0.05249342	0.001166404	0.002119361	0.20111714	0.004482693	0.002746137	0.055048134	0.0011331318	0.00022043625	0.007039532	0.0063646985	0.004261904	0.006646717	0.0029230204	0.004602166	0.0046184766	0.0047799745	0.006938418	0.0008420379	0.0010305783	0.0008636699	0.00070327136	0.0010093123	0.026352411	0.0022983612	0.0008052564	0.00036237788	0.00015040943	0.00042145475	0.001922685	9.029847e-05	0.000283615	0.005250402	0.0035492326	0.005250402	0.011517645	0.0030557446	0.001386483	0.011517645	0.0013089716	0.006862052	0.010590596	0.0005206396	0.00047357753	0.00038060625	0.006750659	0.0015428176	0.002565424	0.018294143	0.00018389484	0.0106405625	0.0004977871	0.0019871255	0.0061055436	0.0030383957	0.00016991387	0.0003734076	0.00062337227	0.00019792681	0.0015192473	0.0006852647	0.0007260048	0.0070346277	0.0008723888	0.023535585	0.0019142549	0.00018324457	0.008198069	-19.50602531433105
s02e11a	15.0	5.0	0.9209662	0.9209662	0.028603261	0.0065360502	0.0007275108	0.00032717982	0.0014434644	0.0009103284	0.001571591	0.0011812065	0.00016866947	0.00020655971	0.0044266484	0.0058377106	0.0012391366	8.371984e-05	0.0007339277	0.000113009686	0.00015661994	0.001228098	0.003774712	0.0013670484	0.0006536327	0.0018329273	0.0015746055	0.0053763073	0.018598365	0.010610616	0.0066662123	0.0016648608	0.0012793599	0.0017272752	0.0017337226	0.00037107966	0.00018393534	0.0048808507	0.0008205589	0.0009850397	0.0010453137	0.00030605803	0.00021369796	0.0010453137	0.005023256	0.002193234	0.0017039338	8.790628e-05	0.000293513	0.0002729305	0.00037152797	0.0009087053	0.00046805406	0.0074460288	0.0007074441	0.0018080754	0.0015453531	0.006979701	0.0003145165	0.036396053	0.00085289736	0.00091760495	0.0067793187	9.900581e-05	0.0054244627	0.0037607248	0.0006672343	0.00032398952	0.00063766475	0.012808275	0.0011045334	0.001027922	0.012790976	-19.49921989440918
s02e11a	20.0	5.0	0.77610296	0.77610296	0.019958263	0.010912611	0.000978881	0.002086268	0.048716433	0.011941369	0.0008592096	0.0023895928	0.004750121	0.0002957295	0.023786146	0.0046797344	0.0072950525	0.0021506893	0.0012245569	0.0001402523	0.0006121691	0.014986474	0.018257605	0.018257605	0.001413618	0.0007176091	0.0004314503	0.0020191695	0.014703911	0.0031124316	0.00091696356	0.00039132303	0.00020157457	0.00043647044	0.0021414775	0.00018300537	0.00013722647	0.0013286056	0.0011340842	0.0013286056	0.001146101	0.0007424063	0.00049740047	0.001146101	0.007385802	0.0026083903	0.010138683	0.0006963458	0.00047919402	0.00039292255	0.001980417	0.013971389	0.003629499	0.010254766	0.0003586494	0.0016496558	0.0011757195	0.004143071	0.001596337	0.0008366378	0.0073549002	0.0004892565	0.0007870665	0.00013383897	0.0052860053	0.0014837133	0.009554624	0.013885857	0.0027966935	0.008786979	0.0037329597	0.00043599115	0.02762947	-19.902952194213867
s02e11a	25.0	5.0	0.79490674	0.79490674	0.0024728747	0.07324931	0.0015081256	0.0003991113	0.0025135537	0.001207766	0.0035616322	0.03346373	0.00048425235	0.00025726558	0.00526607	0.015221244	0.0055914572	0.0003607984	0.0019623141	0.00040325505	0.00031897423	0.0007661924	0.0065072067	0.004660659	0.0017045025	0.0043598996	0.0020182761	0.0043598996	0.025120132	0.004379654	0.0010178152	0.00066818827	0.00041273498	0.00036203084	0.0011641585	0.0005190614	0.00017482549	0.0028979708	0.00068915857	0.00092687615	0.0008089947	0.00023223512	0.0001240497	0.0008089947	0.0030032261	0.0007952554	0.0019075704	0.00015085698	0.00025412612	0.00050456723	0.0013505592	0.0010324778	0.00067630067	0.008228958	0.0003510786	0.020072699	0.002394167	0.0008867414	0.00093078864	0.017717104	0.00028495854	0.0008581717	0.0005862388	0.0002428063	0.0043392247	0.0012653887	0.0001656403	0.0011879501	0.00069195183	0.012122488	0.0031780622	0.0001363813	0.0226201	-22.108156204223636
s02e11a	30.0	5.0	0.7425643	0.7425643	0.023446335	0.098275006	0.0011680495	0.0026509482	0.08401525	0.0014631747	0.0040117735	0.011604011	0.0020500382	0.0011554175	0.005202589	0.0016356278	0.0014387148	0.0010129788	0.001561695	0.00071845413	0.00604635	0.019982934	0.008579294	0.0077588283	0.0031079326	0.007541161	0.0024318348	0.007541161	0.06465058	0.015581462	0.0041729743	0.0018831948	0.00079777493	0.0021573603	0.005597084	0.00072953873	0.0006566944	0.006750435	0.00176544	0.006750435	0.03709723	0.004798987	0.00065081153	0.03709723	0.0010000379	0.004896132	0.0050417697	0.0012299645	0.001497684	0.0031828724	0.0062590055	0.0012629144	0.0019069567	0.0022247285	0.0022276244	0.0009382546	0.0007189055	0.0060080905	0.0025826697	0.06712681	0.00033268926	0.0021854143	0.0011697777	0.0005215384	0.008777072	0.0020868916	0.0004039209	0.00085332815	0.0033535967	0.02052088	0.002851166	0.00064141944	0.008777072	-23.526294708251957
s02e11a	35.0	5.0	0.8064284	0.8064284	0.040320873	0.029207995	0.0014647542	0.002330231	0.10510164	0.016307151	0.0032491372	0.0074674822	0.0015046885	0.0008443237	0.049288925	0.0045324853	0.015154886	0.0023332117	0.0011522087	0.00034662863	0.0019510104	0.061152924	0.009914442	0.005727848	0.0038055028	0.004318383	0.00364109	0.005391902	0.0322535	0.005861331	0.0020273784	0.0005753595	0.00019222347	0.0006727339	0.0030063891	0.00024587064	0.00020821158	0.0041516046	0.0041516046	0.0034623195	0.01306	0.0053658965	0.0011902613	0.01306	0.0013978359	0.008393456	0.0048080734	0.0011314319	0.0007219786	0.00070509675	0.0035359082	0.0018789629	0.0011342776	0.003007022	0.00022635925	0.0012857327	0.00062390213	0.0035122074	0.00061210175	0.0029390682	0.00085058674	0.0006394358	0.00048211592	0.0010927739	0.002760527	0.000421878	0.0006150444	0.0022303043	0.00068918907	0.018204568	0.0025776287	0.0002704219	0.011748669	-23.41322135925293
s02e11a	40.0	5.0	0.40898746	0.40898746	0.011350846	0.0076793623	0.00047070996	0.0034739494	0.2690573	0.0009899994	0.0032256197	0.0016919796	9.852427e-05	0.00044847268	0.0005878116	0.004097078	0.0028700037	0.0011779122	0.0009801548	0.0007371777	0.004889297	0.4193052	0.0055312053	0.0048552374	0.0015727049	0.003611491	0.0018207706	0.003611491	0.06663822	0.010314918	0.0048043965	0.00093761657	0.0003360185	0.0012140544	0.0041883313	0.0012540591	0.00087261567	0.0014825276	0.0014825276	0.00038859327	0.0018933051	0.0020244468	0.00025911824	0.0021977988	0.00042184445	0.00975143	0.004616465	0.0010560981	0.000627948	0.0005031816	0.022303814	0.0011180041	0.002854917	0.0026577055	0.00012934943	0.00024891453	0.0011250125	0.0022981982	0.00010631141	0.0006927813	0.00023003425	0.0007117226	0.00031120927	0.00045401914	0.001827762	0.0006060812	0.00082826655	0.0014501563	0.0011100322	0.0013943558	0.0016054743	0.000181488	0.0042861174	-20.298458099365234
s02e11a	45.0	5.0	0.7698867	0.7698867	0.03708031	0.00533328	0.0005787409	0.008079444	0.14081079	0.0006889008	0.008558675	0.0014365325	0.0011074793	0.0004775062	0.00080985506	0.013756992	0.002524412	0.00048282466	0.0020587211	0.00083702494	0.016071402	0.13270886	0.009039216	0.009039216	0.0019764558	0.009284842	0.0032372738	0.009284842	0.38708267	0.025144912	0.006874711	0.0018178333	0.0005146389	0.001984979	0.009980696	0.0010031735	0.001929268	0.0011356842	0.0011356842	0.000880207	0.0027406851	0.002823461	0.0008289491	0.00381695	0.0009342943	0.007323274	0.013237414	0.0025299834	0.0013270798	0.0013216044	0.022609292	0.0011419839	0.0018060902	0.0074740024	0.00035343622	0.00057222386	0.0013633306	0.006777277	0.00036163453	0.00063613965	0.00041708985	0.0013135481	0.0023337388	0.001162653	0.0013860355	0.00059358904	0.002453643	0.008306087	0.0010282887	0.0021965976	0.0048285415	0.0004144686	0.018208608	-18.974403381347656
s02e11a	50.0	5.0	0.86476463	0.86476463	0.005404226	0.3606439	0.0023384532	0.0003426485	0.004157801	0.0057776407	0.003935682	0.05529518	0.00031552505	0.00049560016	0.0075581213	0.0016372772	0.0045090565	0.00069136324	0.007214011	0.0006190184	0.00024827034	0.0004934773	0.004232152	0.004232152	0.0009580239	0.0014364407	0.0008576031	0.0015849567	0.031877987	0.006602864	0.0023656446	0.0011829789	0.0004682917	0.0008596006	0.0016747277	0.0013537792	0.00031732873	0.0018001761	0.0006025413	0.0017841314	0.0009349964	0.00032857704	0.00040083934	0.0009349964	0.0006672102	0.0013437074	0.0014717754	0.000106844665	0.00015269668	0.0007312922	0.0008896687	0.0005253289	0.0009482396	0.00075467787	0.0005689928	0.0019808959	0.0013525615	0.00456077	0.00120024	0.040501047	9.973497e-05	0.0004259733	0.0010468435	0.00015407897	0.0043927766	0.0005406309	0.00015737698	0.00030072613	0.000774987	0.008966973	0.0005245596	0.00038284116	0.0043927766	-21.450040817260746
s02e11a	55.0	5.0	0.7775477	0.7775477	0.015351763	0.040104337	0.00032049773	0.0065867696	0.15966904	0.0005205602	0.0021486252	0.00096780807	0.00097693	0.0010514826	0.0005163065	0.002624315	0.0013839753	0.00041985256	0.0023585677	0.0021362912	0.014782144	0.012010224	0.009125974	0.0010113462	0.0005788711	0.00313771	0.00043767304	0.00313771	0.074293494	0.007046078	0.003884508	0.0026844225	0.000922211	0.0013074807	0.00369072	0.00037809648	0.00062050275	0.00078318163	0.00046587494	0.0007079337	0.0010865016	0.00062876934	0.00014429013	0.0010865016	0.002610788	0.0017912673	0.0026712602	0.0006096459	0.0003580502	0.0014877128	0.00181347	0.00022085427	0.0012859881	0.010238952	0.00045525018	0.001720503	0.00087601633	0.0035038663	0.0023035575	0.001320723	0.00021782669	0.0013267961	0.0006382111	0.00053101016	0.0010032911	0.00065717875	0.00031516724	0.0014389586	0.00063417805	0.0051796488	0.0031528147	9.432562e-05	0.006406877	-18.195287704467773
s02e11a	60.0	5.0	0.79327947	0.79327947	0.0351989	0.019888172	0.0037950252	0.002133177	0.015619239	0.008624158	0.0041286675	0.0015072225	0.01418499	0.00048120413	0.008647047	0.0063432786	0.0018262108	0.0002853952	0.0005134492	0.0005727802	0.00025972768	0.0021940134	0.0659043	0.0659043	0.001401746	0.020413741	0.007421278	0.020413741	0.08276394	0.013252058	0.0048731253	0.0010464047	0.0008281075	0.0009645311	0.0032680442	0.0008358386	0.0007895616	0.0019141291	0.0006557663	0.0010867785	0.0010098857	0.00041280698	0.00030042324	0.0010098857	0.0013851316	0.003188916	0.002815412	0.00014442227	0.0007731362	0.0011398678	0.0010066321	0.0010308321	0.0008385601	0.0025587867	0.0013388533	0.0013938925	0.0010581575	0.21572025	0.00070182956	0.029505081	0.0023391787	0.0032353296	0.010280749	0.0003211088	0.014075294	0.001818441	0.00081703387	0.0018169492	0.0009738072	0.0033176783	0.0019651693	0.00029499142	0.034022942	-19.59799194335937
s02e11a	65.0	5.0	0.58676577	0.58676577	0.008766052	0.009681009	0.00076221547	0.0011648729	0.0025068102	0.0007219318	0.0066888514	0.002704877	0.0014014122	0.0011128655	0.004542635	0.012170893	0.0005736352	6.0035276e-05	0.056630414	0.00024961325	0.0020299503	0.0015875183	0.0056343647	0.0056343647	0.00094372354	0.006698756	0.0027076914	0.006698756	0.04825638	0.0063357176	0.0022695744	0.00074309856	0.0010629765	0.0008390077	0.0036438846	0.00044243204	0.0009137958	0.0007970413	0.00035144863	0.00057646283	0.00082606234	0.00027836516	0.00017755694	0.00082606234	0.0015734043	0.0011455991	0.0012349937	6.882788e-05	0.0003270694	0.0005161382	0.0008697899	0.00046993705	0.0008028617	0.0037408136	0.00010003653	0.02804271	0.0147612	0.0045880564	0.00048717306	0.0033815873	0.00086132484	0.0006908449	0.0020978993	0.0005038314	0.003527603	0.01908676	0.1345336	0.030856846	0.0012622885	0.004866498	0.046318676	0.00039655177	0.2789984	-19.117246627807617
s02e11a	70.0	5.0	0.7298203	0.7298203	0.010398226	0.045748048	0.00040889924	0.0018206544	0.01919082	0.00075783656	0.0031757848	0.058581747	9.549147e-05	0.00037033804	0.0013258101	0.00925069	0.0017191046	0.000523248	0.009143432	0.00024544552	0.0099903215	0.107114665	0.009511441	0.005084705	0.0013047813	0.006051648	0.0021486303	0.006051648	0.040392935	0.008995663	0.0022050857	0.00064535765	0.0002785077	0.0008336393	0.0047934446	0.0007459497	0.0005649673	0.0009546894	0.0009546894	0.00065957155	0.007116552	0.0012997505	0.00014529095	0.007116552	0.0014119295	0.004218159	0.0060191466	0.00051762955	0.00032197143	0.00041321208	0.0042177085	0.005612846	0.0020597372	0.005982536	0.000953947	0.0014163507	0.0009337839	0.002772638	0.0010105483	0.0014332052	0.0003461262	0.0011245759	0.0012825221	0.00021683535	0.0041641	0.0007423094	0.0017124066	0.0019069985	0.0025871142	0.007857561	0.0065452494	0.00028041514	0.0065452494	-20.440635681152344
s02e11a	75.0	5.0	0.78766376	0.78766376	0.010721539	0.02678167	0.00019255935	0.0033247275	0.31277433	0.0007633781	0.0024498224	0.008247584	0.00015156016	0.00036144047	0.0018434655	0.0023989347	0.0070415023	0.002815985	0.0024679652	0.0003633449	0.0019510373	0.04418715	0.009106427	0.003123564	0.0011684358	0.0050522313	0.00054693397	0.0050522313	0.034680422	0.012830741	0.008121884	0.0012551335	0.0004315486	0.001363824	0.0033711754	0.00055487826	0.0003731816	0.0022821005	0.0022821005	0.0009808401	0.00733046	0.004504769	0.0004404719	0.00733046	0.00089620467	0.015953064	0.029120967	0.0015869924	0.0016306932	0.0017388304	0.0038673643	0.0020324616	0.009264879	0.007235743	0.00024749065	0.002066102	0.0010122322	0.007905926	0.0007986189	0.0037360128	0.0007288744	0.0011652592	0.0006502951	0.00047024424	0.0041244854	0.00067816913	0.00063361257	0.0045934757	0.0012321222	0.009811596	0.0028562055	0.00036524964	0.0045934757	-20.33635139465332
s02e11a	80.0	5.0	0.06330213	0.06330213	0.0014178345	0.004460219	0.000843725	0.00055626006	0.0012057051	0.0026003974	0.01047129	0.0027358995	0.0063803536	4.5577282e-05	0.0034250305	0.0016875981	0.0028750927	0.0003884529	0.0060520065	0.00034968587	0.0011594351	0.0036983644	0.004923085	0.0019644042	0.0026194195	0.0031538308	0.0009381742	0.0039249333	0.17126955	0.031621266	0.0112818545	0.0019657968	0.00082288217	0.002664836	0.0052901288	0.0011403543	0.0012504227	0.0059050643	0.0043103513	0.0052909744	0.0007630876	0.00077132526	0.0036621355	0.0010870503	0.0006901158	0.0076939682	0.020707596	0.0001866524	0.00041312503	0.0016220162	0.0018816834	0.00070168404	0.0031082372	0.002775176	0.0063690846	0.0023541264	0.00524668	0.000767499	0.0015932742	0.00036701336	3.4963552e-05	0.0016188294	0.0014984787	0.0016797914	0.0047709118	0.0039911936	0.0026593504	0.0031461348	0.002265406	0.0030836437	0.0035849428	0.5564652	0.015939865	-inf
s02e11a	85.0	5.0	0.8410906	0.8410906	0.007634179	0.0037385693	9.18046e-05	0.001249807	0.0004569732	0.00029540854	0.0067726276	0.0018536804	0.000275166	0.00025423832	0.00059927563	0.0013066042	0.00025263193	0.0001541279	0.00028779972	0.00011127151	0.00010990643	0.0010637642	0.0036169	0.0028888555	0.00096412224	0.002554866	0.0021103865	0.010363451	0.5112903	0.0076364945	0.0034732213	0.00097423175	0.00021938326	0.00085764856	0.0012784523	0.00484204	0.0030690243	0.0047878567	0.0012196929	0.0033191466	0.0018063276	0.0014809931	0.000735261	0.0018063276	0.0009924471	0.0030841306	0.009344808	0.00022704466	0.00010003204	0.00038005042	0.0011398103	0.0055752518	0.001738842	0.006255133	0.001909147	0.0018430654	0.0012450638	0.0050403685	0.0005054477	0.004450513	0.0032442731	0.0012441985	0.0009203321	0.00023700173	0.007957311	0.003923895	0.00052438735	0.0007519832	0.005014893	0.010393915	0.005461408	0.014670635	0.015872793	-26.04703521728516
s02e11a	90.0	5.0	0.7310384	0.7310384	0.02596192	0.004373437	0.00081777544	0.0016036808	0.0053085857	0.00064783124	0.0020691562	0.0009846395	0.0015172138	0.0004571527	0.00693036	0.019103484	0.00247565	0.00017886485	0.001419937	0.0003008122	0.0006046918	0.003240841	0.0134812	0.00957933	0.001867925	0.01648274	0.0042987694	0.01648274	0.08626385	0.011971693	0.002176109	0.00096162787	0.00071287795	0.0012929406	0.0061336695	0.0002649874	0.00049438997	0.0034093796	0.0011533985	0.0013764068	0.0018050136	0.0005891726	0.00038380132	0.0018050136	0.0023730712	0.008307109	0.0033430816	0.000103392755	0.0007104167	0.0009683971	0.000972499	0.0014208278	0.0009935806	0.026916575	0.0007394584	0.012784054	0.0040687155	0.032009356	0.0008563803	0.004799937	0.001645466	0.00081146334	0.0030896214	0.0003730955	0.008395421	0.0071519087	0.0022279646	0.0071199485	0.0011246267	0.007871421	0.009789296	0.00026188852	0.13368924	-19.429670333862305
s02e11a	95.0	5.0	0.8529802	0.8529802	0.16805598	0.022924751	0.0005352354	0.0042951726	0.23011915	0.001733797	0.0021420992	0.0029139565	0.0001970557	0.00023402869	0.0014666099	0.008487177	0.00341543	0.0003524576	0.0021543682	0.00032320406	0.0076969946	0.039706804	0.0042473893	0.0042473893	0.0010424084	0.0043512187	0.000636392	0.0043512187	0.044016976	0.009759726	0.0033801186	0.0010160321	0.00028197063	0.0010288694	0.0024210624	0.00031276935	0.00017525993	0.0012412168	0.00071137404	0.00064835965	0.0017073471	0.0011011348	0.0002453868	0.0017073471	0.0011449609	0.0031782677	0.0020352334	0.0008942095	0.00045047424	0.0007394288	0.0107934335	0.0010211772	0.001106981	0.0056180195	0.00019188761	0.0010345761	0.0011051091	0.0042263865	0.0003798273	0.0012465756	0.0009807219	0.0009264136	0.0005178615	0.00028527714	0.0023599884	0.0012338086	0.00051126134	0.0011840216	0.003293826	0.0043965233	0.0039409045	0.00013691997	0.005654785	-20.090408325195312
s02e11a	100.0	5.0	0.74600047	0.74600047	0.11168926	0.0069032367	0.00053947116	0.007547548	0.0782639	0.0019588096	0.0024370467	0.0028164992	0.0057962276	0.00068680506	0.005180509	0.0040193065	0.0009993869	0.00062328344	0.0034371547	0.000605121	0.021396527	0.031815466	0.0122770155	0.0122770155	0.0030275586	0.009672852	0.0010806841	0.009672852	0.041269027	0.013022304	0.0049510296	0.0019899094	0.0005168831	0.001472899	0.009894326	0.00039661472	0.00036620637	0.0055980124	0.0038389592	0.0055980124	0.0029461165	0.0076082484	0.0041631632	0.0077969646	0.0027522473	0.0078510735	0.025036221	0.004278219	0.0010315595	0.0013462065	0.040987715	0.0012820264	0.0036922197	0.015348022	0.00025818654	0.0007482119	0.001826708	0.015926251	0.0022977293	0.00074949925	0.000916739	0.0019133367	0.0004571697	0.0014929922	0.0025167416	0.0015841856	0.0065280725	0.0051288577	0.0029974382	0.002795884	0.004350306	0.00055707747	0.020327833	-19.275388717651367
s02e11a	105.0	5.0	0.829603	0.829603	0.006568355	0.07853706	0.0039998847	0.0036150066	0.062012445	0.0013616547	0.0013822938	0.052571412	0.00028355687	0.0006418769	0.0033248952	0.0049734674	0.0076032104	0.00077866716	0.003145598	0.00012532329	0.0009629426	0.0049300697	0.009767177	0.009767177	0.0009126942	0.001822673	0.0016038731	0.001822673	0.04201963	0.003264486	0.0010212521	0.00055814866	0.0004232855	0.00046466573	0.0017401353	0.00021246253	0.0002936818	0.001226424	0.00036135467	0.00052398816	0.0009246472	0.00030388407	8.878961e-05	0.0009246472	0.00085156393	0.0009113394	0.002133831	0.00013074424	0.00048760837	0.0006506702	0.0011337461	0.0017269579	0.00070585543	0.011645973	0.0004911513	0.007078074	0.0018555588	0.0036718112	0.00097312836	0.019948492	0.00063203025	0.00084631	0.0011807004	0.00029558994	0.0014851105	0.0006945623	0.00062070566	0.002186269	0.00042233834	0.002952252	0.01836569	0.000141612	0.019158028	-20.40605735778809
s02e11a	110.0	5.0	0.8790484	0.8790484	0.005845068	0.08999321	0.0003869859	0.0017216236	0.14381135	0.0022381595	0.0017161464	0.011922357	0.00040480593	0.00037588697	0.0045116083	0.0009764917	0.0018711756	0.0035779544	0.0028611529	0.00057812093	0.0012878445	0.0042752237	0.0069583994	0.002814676	0.0008561914	0.0015605072	0.00050005456	0.0015605072	0.37405157	0.010094174	0.0017154751	0.0010780139	0.00016357665	0.0008144618	0.0041607125	0.00070440734	0.0010533228	0.00063561	0.00019031494	0.00063561	0.0006813675	0.0004512691	0.00012183477	0.0006813675	0.0007263211	0.0006808839	0.002534524	0.00042413292	0.0006670277	0.00056751934	0.00255533	0.0003157459	0.0011414227	0.0051021078	0.004983702	0.0021172531	0.00094618055	0.0063676424	0.0019756837	0.0030855911	9.236272e-05	0.0014634368	0.002550898	0.00030646712	0.0038687605	0.00028207924	0.00030039632	0.003547629	0.0033587022	0.0023394302	0.0052091233	0.00019385609	0.0052091233	-21.34203147888184
s02e11a	115.0	5.0	0.86553854	0.86553854	0.022368765	0.18970917	0.0007910769	0.0057146735	0.08532452	0.012088479	0.0033953486	0.009660331	0.00053815177	0.00052636844	0.003738177	0.0019689053	0.0018178532	0.0009816492	0.0016693972	0.0007516028	0.007149674	0.05167212	0.0060220207	0.0060220207	0.0021837177	0.0027919076	0.0004950374	0.0027919076	0.04977743	0.0063830623	0.0016668235	0.0007843543	0.00035950626	0.00066128356	0.0027349086	0.0006045437	0.00040879124	0.0034489904	0.00096678425	0.0034489904	0.0067329565	0.001907556	0.0012212582	0.0067329565	0.0008607809	0.0038749767	0.018133268	0.0019565923	0.0017287139	0.002753005	0.005308923	0.0020255155	0.0057148845	0.007131807	0.0010082244	0.0014702302	0.00086016103	0.008329798	0.0030701496	0.0025429295	0.00028369695	0.0018490966	0.00048230024	0.00059804576	0.0018882548	0.0009312463	0.0018456365	0.0022880547	0.0027426146	0.008483622	0.0053076013	0.0004981518	0.0053076013	-19.315372467041016
s02e11a	120.0	5.0	0.89405656	0.89405656	0.019612907	0.05154046	0.00096774497	0.00198965	0.0019905327	0.0073232083	0.0016686161	0.039869685	0.000595717	0.0004141098	0.0012734078	0.018567825	0.0049421648	0.00023520489	0.0006014019	0.0001912558	0.00018778506	0.0023653745	0.049714316	0.015097949	0.0012586891	0.0027444828	0.004904405	0.0117152985	0.07303196	0.0038629784	0.0007398951	0.00077222765	0.00056713866	0.00081553776	0.0011236207	0.00046602552	0.00042097393	0.012089947	0.0019277546	0.011780252	0.011974574	0.0012959444	0.0010518248	0.011974574	0.005106447	0.01853024	0.011143015	0.00025032493	0.00021859734	0.00148031	0.00079545396	0.0060728984	0.001541044	0.0026066443	0.00069365604	0.0024642374	0.00059182965	0.004942943	0.00035867144	0.004799128	0.00052609405	0.0006907316	0.0024194736	0.00015918823	0.0066949497	0.0005427959	0.0005136337	0.00067295256	0.000750556	0.022341212	0.0018385742	0.0005561915	0.0144306505	-19.837852478027344
s02e11a	125.0	5.0	0.85115385	0.85115385	0.03170429	0.028696511	0.0005185409	0.0033818125	0.16176032	0.0014524091	0.0033594093	0.00826526	0.012743719	0.00044214746	0.003463624	0.004102052	0.004755683	0.0012713234	0.0024165923	0.003074104	0.0034568745	0.02351533	0.016118906	0.005716516	0.0018935493	0.0016112791	0.0016017297	0.00315034	0.08690027	0.011720538	0.0029663045	0.0011688966	0.0009977102	0.0015257552	0.0033301741	0.00056752906	0.0008548207	0.00556211	0.0010300708	0.0052957525	0.016656071	0.0021487998	0.00049754843	0.016656071	0.0009612591	0.0034150418	0.0027154929	0.00025394687	0.00028382707	0.00071255496	0.0013583363	0.0012713319	0.0014494053	0.0032862097	0.00067813776	0.0024266865	0.0006471499	0.008077336	0.00070992135	0.009014352	0.00037025314	0.0010336633	0.00055611617	0.00037750116	0.004760854	0.0010481976	0.00042850492	0.0018621775	0.002043348	0.014732281	0.004503298	0.00013778779	0.0062098643	-19.6236572265625
s02e11a	130.0	5.0	0.85689586	0.85689586	0.030135222	0.036408488	0.000655334	0.00062310795	0.0019455891	0.0015756089	0.0030762136	0.011394589	0.00058433966	0.0004925343	0.0041768975	0.009511401	0.005707856	0.00049587805	0.00086543115	0.00016142923	0.000247544	0.0009550761	0.025031112	0.013175645	0.0019829755	0.0045968257	0.0048980513	0.0156215625	0.49757087	0.02557024	0.0071007404	0.0016619524	0.0013550867	0.0017147223	0.0017794797	0.0016328637	0.0006331607	0.0048036464	0.00155451	0.0044358326	0.0035611044	0.0013199263	0.0007868816	0.0035611044	0.0029819768	0.013838058	0.0069352547	0.000185186	0.0002942036	0.00074908364	0.0014404955	0.0031641165	0.0010001289	0.0031675475	0.001640475	0.0039259084	0.0014552687	0.024286168	0.0010458296	0.01067392	0.0008778479	0.00085183623	0.005998888	0.00020236644	0.014027606	0.0006306292	0.00043413648	0.001191613	0.0014392918	0.0068009836	0.0016509638	0.0007500917	0.01897785	-22.54104995727539
s02e11a	135.0	5.0	0.9307391	0.9307391	0.02888826	0.04242955	0.00081216655	0.00071203464	0.0045049037	0.0025273194	0.002996207	0.0077627143	0.00018297746	0.00020025561	0.007439463	0.013939828	0.0064237094	0.0003442191	0.0019572293	0.00012082141	0.00014306726	0.0006053079	0.013759974	0.013759974	0.0012302616	0.00326262	0.0019470712	0.005992653	0.025864765	0.006131147	0.0023718702	0.0014788694	0.00050389726	0.0013542467	0.00064253114	0.00021376357	0.0002721772	0.002384769	0.00024843775	0.0008709601	0.00055413385	0.00013178212	0.00012351418	0.00055413385	0.001212894	0.00089614745	0.0008580654	3.6456317e-05	0.00012154039	0.00020474826	0.00036144065	0.00072427606	0.0002904775	0.0062677967	0.0010002619	0.0014474783	0.0015036209	0.0067543625	0.0008735536	0.030941142	0.00044722485	0.0005333821	0.0049409736	0.00014930016	0.0064960388	0.0025751034	8.609264e-05	0.00037690494	0.00032835628	0.007491521	0.0023427554	0.0010405127	0.007786001	-24.932382583618164
s02e11a	140.0	5.0	0.9191834	0.9191834	0.09084477	0.0128763905	0.00040870183	0.0066079325	0.3754043	0.0022012868	0.005151176	0.0010240396	0.00019815436	0.0008931937	0.0010690321	0.0009871855	0.011274867	0.00083962065	0.0036222672	0.00075662386	0.009563274	0.014519434	0.0033327197	0.0010865616	0.0008511745	0.0018366772	0.0003087646	0.0031921265	0.023917532	0.005717969	0.005113984	0.0011852043	0.00022752878	0.0010071074	0.0020986581	0.00044184178	0.00034492652	0.001376941	0.0007677356	0.001376941	0.0047549247	0.001336299	0.00030135355	0.0047549247	0.0008932532	0.0031062313	0.0018884059	0.00024310929	0.0002879935	0.00038836163	0.00093513273	0.00054583355	0.0011160313	0.005681816	0.00033441343	0.001380588	0.00046382577	0.004071727	0.00019228361	0.004164658	0.00054865336	0.00078172324	0.00049093296	0.00033305355	0.0015190396	0.0014221185	0.00027468923	0.0028565149	0.001391199	0.0035398616	0.0022536884	0.0005439747	0.0028565149	-19.725645065307617
s02e11a	145.0	5.0	0.8515004	0.8515004	0.08871854	0.010450391	0.0010037768	0.0020408363	0.38849092	0.009626948	0.003580231	0.0039902837	6.355388e-05	0.0004036374	0.010374133	0.0017426361	0.0038787667	0.00039119547	0.002040934	0.00019310342	0.0018944571	0.21433225	0.010102954	0.002299631	0.010102954	0.00073291117	0.00024389678	0.001158121	0.02413811	0.0077439826	0.0038463697	0.0013487744	0.00019736936	0.0017663176	0.0032969678	0.00028345632	0.00022901248	0.0011167038	0.00061692955	0.0003129119	0.0020204394	0.0013503882	0.00011805106	0.0020204394	0.0006329987	0.0041190246	0.0031319107	0.0002705496	0.00022830829	0.0003188599	0.0018128055	0.0015486549	0.0019213422	0.0033888684	0.00027608077	0.00061458617	0.00041060188	0.0050623873	0.0003083522	0.004333639	0.0005843702	0.00065990136	0.000109708424	0.00029885492	0.0013449749	0.001676968	0.0005237285	0.0035214385	0.002648088	0.0030884438	0.0038417482	0.00037065186	0.0038417482	-21.677227020263672
s02e11a	150.0	5.0	0.7149146	0.7149146	0.04174154	0.032774955	0.0005216495	0.0022002922	0.15978885	0.0010765279	0.0033185584	0.0049091685	7.002058e-05	0.00068636204	0.002452782	0.0039260425	0.0017866248	0.0007450304	0.008102413	0.0011729504	0.029589998	0.013875009	0.011623135	0.007407101	0.0016845849	0.01920604	0.0009586447	0.01920604	0.030661017	0.0077675446	0.003010468	0.0015638884	0.00028903905	0.0010719927	0.0027596543	0.0005313815	0.00025400912	0.0032982498	0.0032982498	0.002760216	0.015342373	0.005636585	0.00065956777	0.015342373	0.00088489713	0.008897227	0.0094632935	0.0033081528	0.0016943016	0.0009791884	0.027546953	0.0016303982	0.0036436766	0.00803104	0.00018912701	0.002155774	0.0016882585	0.0016974725	0.0016099717	0.0011388725	0.0004886632	0.0021081686	0.0006600947	0.00066288316	0.0013247239	0.000452276	0.0006043467	0.0035346197	0.00093627704	0.017500732	0.0058455863	0.00027615868	0.01581402	-20.784313201904297
s02e11a	155.0	5.0	0.85111195	0.85111195	0.013621028	0.08091252	0.0008164268	0.0014082668	0.007535924	0.0026133	0.0021163488	0.002648176	0.00070598494	0.00025184648	0.0024582292	0.009194988	0.001029264	0.00021305507	0.0008156683	0.000832785	0.00027118178	0.00255783	0.0111662	0.0111662	0.002385284	0.0062205554	0.0016350945	0.0062205554	0.06020591	0.0076579927	0.002206198	0.0006967454	0.0006692507	0.000718615	0.0019674215	0.00026475886	0.00046405752	0.0023252722	0.0004291565	0.0010465268	0.00089006935	0.0002703639	0.00020826719	0.00089006935	0.0005878925	0.0018060146	0.0012991768	7.168369e-05	0.00015298015	0.0006738295	0.00054130895	0.0006891234	0.00054162764	0.0012707931	0.0003674799	0.0020276804	0.0012438265	0.021665089	0.0006789833	0.017858345	0.00027713325	0.001199478	0.002039377	8.7895554e-05	0.0046070786	0.0007697579	0.000438961	0.000637037	0.00041926542	0.006016945	0.0014526221	0.000115697054	0.050364032	-20.679466247558597
s02e11a	160.0	5.0	0.86419713	0.86419713	0.013834668	0.0048712	0.0008740949	0.0008219523	0.0033037753	0.0011613386	0.0019403804	0.0017730884	0.00036568605	0.00016927884	0.010321176	0.003307686	0.0021236774	0.00015811551	0.04789217	0.00023799944	0.00034340506	0.0012773478	0.006658736	0.0031299565	0.00057068386	0.003450279	0.00093148235	0.0045009665	0.040848687	0.006772583	0.0028936684	0.00063974207	0.00046244528	0.00076064415	0.0036037606	0.0013225336	0.0002394283	0.0020760223	0.00063842704	0.0005044095	0.0009499133	0.00034683043	0.00012866878	0.0009499133	0.0017623787	0.0019694273	0.0014979314	0.00010817822	0.00022704403	0.00050483376	0.00053854176	0.0013981847	0.00073611527	0.007004157	0.0016222163	0.0065774876	0.007832279	0.0067402637	0.00058864325	0.016277889	0.0008323598	0.0010556902	0.0027179567	0.00012677354	0.030739494	0.005923295	0.0006808936	0.0014869104	0.0032519489	0.011474156	0.008646773	0.00022781882	0.09441319	-19.35284996032715
s02e11a	165.0	5.0	0.7944752	0.7944752	0.07631362	0.035150457	0.00024345978	0.008058636	0.05722197	0.0013138596	0.004873172	0.0034890037	0.0014286232	0.00041132254	0.0043175775	0.0063068895	0.0017256917	0.0013549887	0.013997005	0.00035174194	0.17659667	0.030437585	0.012965729	0.012965729	0.0005595768	0.0025309657	0.00071384263	0.0025309657	0.039878666	0.019574774	0.009400789	0.0011454375	0.00016195606	0.0007080194	0.008662766	0.00062156934	0.0004016945	0.0011691148	0.00034341568	0.0011691148	0.0013134518	0.00069453113	0.00056816335	0.0013134518	0.0010203613	0.0016570638	0.001708831	0.00029633744	0.0008820695	0.0002825236	0.0021699797	0.0006683825	0.0008819577	0.020937555	0.0011355192	0.0023358637	0.0006993985	0.0018738911	0.0011687702	0.0052681263	0.0004088807	0.0023723522	0.0006335181	0.00021427988	0.001714378	0.0012404232	0.0016074023	0.003754832	0.0014121998	0.004281352	0.005936273	0.00063466537	0.009112276	-17.767343521118164
s02e11a	170.0	5.0	0.76949275	0.76949275	0.030068796	0.0045081316	0.00033380502	0.00892415	0.017477233	0.0010415779	0.0040111733	0.0037605604	0.00061402	0.00023081286	0.0032915226	0.0299699	0.0007698364	0.0003696548	0.0012749861	0.00027223767	0.0023259646	0.026924368	0.009042753	0.0037446553	0.0017316294	0.0028812096	0.0009271521	0.0028812096	0.11353029	0.008499212	0.002292472	0.0007809236	0.00074448256	0.00084827637	0.012632036	0.0003058582	0.0005439011	0.0032693057	0.0012064398	0.0032693057	0.0008293078	0.000772352	0.0010983753	0.0008293078	0.0075807422	0.005684096	0.003723123	0.0003364052	0.0006829847	0.00086752046	0.0014498733	0.0047867345	0.0014427045	0.09965647	0.0024805262	0.03283681	0.0033139845	0.013858955	0.0004909051	0.0019162319	0.0024741397	0.0010552458	0.0029302556	0.00020711032	0.007865491	0.0042391713	0.0067271744	0.033678297	0.0013887506	0.008342908	0.00829862	0.0006807162	0.06587518	-19.227649688720703
s02e11a	175.0	5.0	0.62768275	0.62768275	0.009954114	0.0021005264	0.00022914549	0.00080160337	0.0019787946	0.00096848054	0.0018699514	0.0007569762	0.0034596995	0.00065240974	0.073689826	0.0064956723	0.0018637211	0.00021613398	0.00096556044	0.0010119837	0.0007073753	0.0015795511	0.0069979047	0.0026867355	0.0039287047	0.0029740555	0.0013090831	0.0067714695	0.043332115	0.01756563	0.008416893	0.0015863843	0.0010598928	0.0015361184	0.0050227796	0.00038518518	0.00051229645	0.0043216012	0.0011099867	0.002704527	0.0013657848	0.0005646535	0.0006103715	0.0013657848	0.015902085	0.0030219594	0.0018300463	0.00012880468	0.000452637	0.0005901457	0.00103038	0.002988768	0.0010235669	0.024877816	0.0009489617	0.0097623905	0.013190793	0.02092357	0.0010758061	0.0229183	0.00090598763	0.0012896385	0.0026188951	0.00029195764	0.017062103	0.0040130024	0.0022864998	0.008148175	0.0012807448	0.02225579	0.0010958425	0.00021259808	0.05840429	-18.91201400756836
s02e11a	180.0	5.0	0.7717015	0.7717015	0.03325883	0.004389733	0.00076674134	0.007025248	0.20983098	0.0008148708	0.0061785914	0.0010344706	0.0004399553	0.00045856595	0.0034563965	0.0023704772	0.0037850782	0.00015095843	0.0022906577	0.0003925066	0.009543755	0.019823981	0.007907703	0.001827829	0.0011670147	0.0041388804	0.00082823454	0.004921338	0.04555839	0.02544725	0.020909358	0.0026782178	0.00065614644	0.0020225854	0.006214787	0.0002900032	0.00030819493	0.0009796895	0.00055926485	0.0003977616	0.0029566681	0.0009697996	0.00010716291	0.0029566681	0.0011075669	0.0040932624	0.0047394293	0.00039281845	0.00033228224	0.0010894275	0.0035603277	0.0012462575	0.0019215862	0.0146471355	0.0007077549	0.0016184689	0.0008168035	0.0071535236	0.001501268	0.010752374	0.0006311424	0.0013996036	0.00032526336	0.0004209793	0.01845094	0.008017362	0.0003713518	0.001327545	0.0013986042	0.0039247023	0.0020005438	0.00023154155	0.01845094	-19.638160705566406
s02e11a	185.0	5.0	0.8897968	0.8897968	0.0215311	0.022360753	0.00089069805	0.0034199238	0.10237677	0.0054646805	0.0014310387	0.019438626	0.00024294037	0.00039250325	0.0027920946	0.0031679934	0.004420269	0.002376876	0.00087777385	0.000393938	0.0030974597	0.105301246	0.006623319	0.006623319	0.0024342176	0.0059896405	0.0014709661	0.0059896405	0.10216503	0.006268783	0.0012333234	0.00038490127	0.00018713373	0.0005317374	0.0035066744	0.0004609606	0.0003792824	0.0008326553	0.0005946307	0.0008326553	0.0072052768	0.0011579617	0.0001991104	0.0072052768	0.0006226761	0.0046642018	0.008495013	0.0014740011	0.002401531	0.0011777439	0.003677041	0.0017793432	0.0030411396	0.0033914591	0.0002682876	0.0012833372	0.00056323793	0.0049154805	0.00029894724	0.0014126638	0.00030044903	0.0013999068	0.0003926913	0.00034493636	0.0016945096	0.00049012335	0.0015926615	0.00237005	0.0015383777	0.00866966	0.0026307104	0.00031849166	0.002906229	-21.328584671020508
s02e11a	190.0	5.0	0.7975915	0.7975915	0.036662728	0.005612282	0.000202867	0.006435059	0.18970813	0.00055066415	0.0018723613	0.0007279679	0.00041145136	0.0003364009	0.0025613238	0.0028219498	0.0054449113	0.00013039177	0.0025942137	0.00048409746	0.0035128118	0.042459063	0.0066726883	0.0028214708	0.0009045549	0.0029436229	0.0004001235	0.0029436229	0.02708194	0.010733451	0.006754062	0.0015776978	0.000403871	0.001518887	0.0018450402	0.00019185396	0.00024064173	0.0007919869	0.00071844936	0.0004556322	0.0038135846	0.0010181008	0.00013580163	0.0038135846	0.0013415713	0.0039776335	0.0029365427	0.00023570417	0.00012574033	0.00037961194	0.0007479	0.0014533091	0.0012496386	0.0056637255	0.00038988606	0.00048700086	0.00087037944	0.0024253225	0.0006574246	0.006387062	0.00094986847	0.0012673597	0.0001827215	0.00012942197	0.011926828	0.006847519	0.0002453241	0.00308872	0.0012701348	0.0040025488	0.002524261	0.00028938786	0.011926828	-21.033849716186523
s02e11a	195.0	5.0	0.9079574	0.9079574	0.06376989	0.012311016	0.00046363572	0.00067560456	0.003140445	0.0006610743	0.0031981543	0.0011709265	0.00023885189	0.00018310625	0.013228846	0.0041010412	0.000736325	9.2601804e-05	0.0015314113	0.00037357048	0.0003767307	0.002767359	0.003437341	0.003437341	0.0007312322	0.002013952	0.00083919277	0.003706661	0.054546237	0.016705839	0.0109992195	0.0013008942	0.00064099167	0.0013095583	0.0040155416	0.0007451941	0.0003070491	0.0021818203	0.0005992876	0.0003860007	0.000452621	0.0002297515	0.00010105109	0.000452621	0.0014889522	0.0023898762	0.001888334	9.608115e-05	0.00025034999	0.0005043879	0.00040643013	0.0007168073	0.0015399482	0.0045802537	0.00090118055	0.0030548107	0.0014105949	0.006796691	0.0004920529	0.019420661	0.00041649945	0.00079398823	0.0022119042	0.00016574551	0.0066667427	0.0069261217	0.00040495084	0.0005081437	0.0010254683	0.004783344	0.001329893	0.0004033164	0.013893733	-20.33696746826172
s02e11a	200.0	5.0	0.8856277	0.8856277	0.051525336	0.025683658	0.0003073487	0.00026808868	0.0011915858	0.00059207086	0.0014305407	0.0009689346	0.0004581574	0.00034376667	0.00833743	0.0021876832	0.00062865583	0.00014159823	0.00094983366	0.0004444534	0.0001710379	0.0010372832	0.0022367556	0.0016519694	0.0008493832	0.0032611303	0.0014184471	0.0032611303	0.032886636	0.011931493	0.005507378	0.0019169243	0.00081734074	0.002175906	0.0036271492	0.00061742304	0.0002377146	0.003575376	0.0011150015	0.0019912773	0.00095955393	0.0006050591	0.00046652736	0.00095955393	0.001502166	0.0036104186	0.0030397652	0.0001192492	0.00037648584	0.00065701	0.0008664506	0.0008206246	0.001128602	0.0027453338	0.0010710739	0.0028540713	0.0010912904	0.031642385	0.0012186796	0.04461675	0.00080078875	0.0010394735	0.008410862	0.00019255037	0.025592882	0.0042750468	0.0009705617	0.001016952	0.001393783	0.005270928	0.0009453952	0.000297645	0.025592882	-21.526058197021484
s02e11a	205.0	5.0	0.7788022	0.7788022	0.20667726	0.008300582	0.00030174656	0.008056709	0.23067893	0.0012366176	0.011685408	0.0018697992	0.00014242153	0.00053789566	0.0061439453	0.0015666068	0.0014036936	0.00084486936	0.008412922	0.00013591576	0.031149851	0.017115526	0.0023929647	0.0018352214	0.0020700109	0.001360628	0.00019591255	0.001360628	0.033244245	0.019577138	0.007213356	0.0036127882	0.00050098513	0.0024830846	0.003257442	0.0002818709	0.00038884341	0.0017781908	0.00082527404	0.0012057825	0.00092957536	0.0016251582	0.0013625881	0.0016251582	0.0009498861	0.0025981364	0.005407859	0.0005712613	0.00053252233	0.00071434176	0.010452561	0.00072423124	0.0052568465	0.011672837	0.00023642712	0.00085815374	0.0011008851	0.009688372	0.00046515343	0.00324632	0.0025236988	0.0008423537	0.0004298587	0.00039939373	0.0067939335	0.0017176503	0.0018869415	0.0032986386	0.001983501	0.0025252204	0.0027927388	0.0016777144	0.0073440676	-21.38545227050781
s02e11a	210.0	5.0	0.6099076	0.6099076	0.00997599	0.0038411277	0.00029991555	0.0028215137	0.009740197	0.004358908	0.010988135	0.0028922255	0.0068335435	0.00029753975	0.0011182033	0.006870877	0.00065732875	0.0017216629	0.001768712	0.00016131261	0.0030267774	0.012662869	0.0053580306	0.0053580306	0.0005424884	0.007412035	0.0013632664	0.007412035	0.0861984	0.0051284516	0.0013234805	0.0003522537	0.00042224053	0.00041446285	0.0017552208	0.00028694025	0.00062815094	0.0013668786	0.0013668786	0.0012395262	0.0013200765	0.00083231775	0.0005876234	0.0013200765	0.0106826555	0.0031506799	0.008226748	0.00028896876	0.0008923592	0.00067564676	0.0022044133	0.0019874678	0.0013875252	0.04863331	0.0002016159	0.025909187	0.0019405734	0.002138835	0.00030967494	0.00026985325	0.00034179387	0.0010267993	0.00039725986	0.0001396627	0.001357419	0.00080239016	0.042107902	0.045451656	0.012371019	0.0038640262	0.004451996	0.0005038129	0.045451656	-20.228775024414062
s02e11a	215.0	5.0	0.81478906	0.81478906	0.05193048	0.013382174	0.00052439584	0.0006711828	0.11150793	0.0010324848	0.0022262596	0.003709901	0.00026101706	0.00028583306	0.013732868	0.00879248	0.001697914	0.0017689108	0.0017119314	0.00042919331	0.0020377084	0.07661998	0.014775556	0.014775556	0.0131472545	0.024508787	0.0017063551	0.024508787	0.035027273	0.01712338	0.0052358303	0.0027919752	0.0005304984	0.0025350896	0.003065487	0.0003295964	0.00020062181	0.0023705347	0.0018302745	0.0023705347	0.0051360717	0.003011321	0.00068602624	0.0051360717	0.0014370838	0.008178718	0.0024873624	0.0006834786	0.0006199515	0.0002691333	0.03263318	0.0016794653	0.0025375045	0.010986456	7.494436e-05	0.0032552923	0.0027073245	0.0039945506	0.00023057991	0.0022315248	0.0009993326	0.00056219095	0.00067207316	0.0015011665	0.0070580714	0.001194317	0.0007414819	0.0030450008	0.0011789135	0.0077196257	0.0016591751	0.00023701572	0.019036824	-24.17210578918457
s02e11a	220.0	5.0	0.914488	0.914488	0.024121502	0.041977517	0.001065703	0.0008107438	0.018708741	0.0019281831	0.002224066	0.006065661	0.00030493294	0.000276464	0.006952056	0.0024764037	0.0030180656	0.00060255855	0.00075718865	0.0008050025	0.00020762855	0.002071083	0.013234655	0.007586584	0.0021603352	0.00698674	0.003613044	0.00698674	0.08312641	0.0104911495	0.0035467749	0.0006442389	0.0009059708	0.000778046	0.004146618	0.00039018763	0.0005307758	0.0016993952	0.0008003928	0.0015150735	0.0024468459	0.0005370818	0.0003801465	0.0024468459	0.002286786	0.004151232	0.0021866446	8.601722e-05	0.0003145396	0.00055713	0.00080869487	0.00082960265	0.001390219	0.0058231447	0.0006167978	0.0026685924	0.002910708	0.02053405	0.0008004134	0.08998921	0.0006011022	0.0010688942	0.0041882396	0.00012463827	0.0064726183	0.0016850724	0.00031958055	0.0020650702	0.0014525405	0.0071361028	0.0009870549	0.00032890364	0.0106726615	-23.12538146972656
s02e11a	225.0	5.0	0.9101766	0.9101766	0.14191365	0.011273342	8.5725624e-05	0.00022200088	0.00034516663	0.00022764163	0.0013966929	0.00034641125	9.491526e-05	0.00038474813	0.00332027	0.00073150964	0.00014834145	2.4184692e-05	0.00034092806	0.00044021246	0.00020223855	0.0009524703	0.0019489124	0.00048518338	0.0014117735	0.002866199	0.00045915335	0.002866199	0.016289895	0.0066199633	0.0042478372	0.001142035	0.000485432	0.001100577	0.0018064092	0.000800476	0.00016399802	0.0020641163	0.00072906824	0.00075225846	0.0007622648	0.00043345543	0.00027733308	0.0007622648	0.00072235055	0.0028184245	0.0017368657	0.00011766389	0.00013736053	0.00040865605	0.0012868035	0.00059718196	0.001764263	0.0012587287	0.00011492713	0.0016020098	0.0007079344	0.005515569	0.00026390728	0.0015313698	0.0001303208	0.0005339524	0.0005124215	0.00020142434	0.0039755427	0.0047793575	0.0006205403	0.00022021694	0.0005670427	0.0028125234	0.00030583082	0.00046274826	0.014655377	-23.105737686157227
s02e11a	230.0	5.0	0.8038715	0.8038715	0.33630663	0.007919615	0.00013798606	0.002523135	0.26132375	0.0005883999	0.003580044	0.0012703496	4.8623522e-05	0.00076043187	0.0037607658	0.0012558438	0.010884863	0.0014292254	0.007838597	0.00013421779	0.023362206	0.0052291416	0.0023022166	0.0023022166	0.001266047	0.002254273	0.00015655514	0.002254273	0.0124221	0.010804649	0.006019096	0.0020376386	0.0003671063	0.0017262173	0.0013596908	0.0002869777	0.00016657224	0.0007161368	0.0005746837	0.0007161368	0.0018152498	0.001046622	0.00036011887	0.0018152498	0.00040619905	0.0035712745	0.0024997485	0.0008153998	0.00022847007	0.00048433032	0.0041426267	0.0005764991	0.0012214768	0.009145674	0.00014205533	0.0018394837	0.0010075034	0.0019845078	5.8310725e-05	0.0006695365	0.0016939725	0.0009958151	0.0006593318	0.00016070511	0.0046624066	0.0011208844	0.000387149	0.0028864695	0.00056584924	0.009398328	0.0025514243	0.00046275376	0.0046624066	-18.57640838623047
s02e11a	235.0	5.0	0.7504685	0.7504685	0.102730975	0.007376631	0.001776876	0.003480509	0.26793173	0.006110053	0.0030936836	0.0022689288	0.0003110384	0.0018733722	0.022792503	0.0058599915	0.0036358868	0.00091896905	0.002913264	0.00022293015	0.007393371	0.10986909	0.0046000862	0.003680117	0.003284834	0.0051247864	0.0008284907	0.0060587768	0.045200195	0.01626107	0.0054417257	0.0011046723	0.00022167727	0.0011448876	0.0023756735	0.00054185925	0.0002407202	0.0010709086	0.0005951044	0.0005523036	0.0017913637	0.0010167834	0.00030682728	0.0017913637	0.0013570136	0.0027704674	0.002794766	0.0006562046	0.0005014959	0.0013608283	0.006706734	0.0015475376	0.002024839	0.0140079325	0.00041064963	0.0011470366	0.001794329	0.016473938	0.0009658911	0.004660588	0.000623621	0.0011328734	0.00042866034	0.0010376563	0.0050376165	0.0034962557	0.0022883967	0.00517786	0.0017066752	0.0058298726	0.0034828465	0.0002306371	0.00517786	-21.142980575561523
s02e11a	240.0	5.0	0.84164697	0.84164697	0.05487181	0.0065610227	0.00096030894	0.0007163143	0.0072414894	0.0024716894	0.003643227	0.0058772787	0.0002485619	0.00043671636	0.037720796	0.0039631715	0.0040685916	0.00021701615	0.0027188577	0.0006113042	0.0008337577	0.0028541705	0.01077843	0.00787646	0.0022923127	0.0070535415	0.0015205534	0.024021994	0.013787348	0.0073059932	0.0036878001	0.00051131076	0.00035898757	0.00054120424	0.0010726424	0.00079343043	0.00016167325	0.0029882267	0.0008121275	0.0007145055	0.0039312975	0.00053524843	0.0002635927	0.0039312975	0.0034109612	0.0051148618	0.001499679	0.000105616724	0.00030788482	0.00027331643	0.0007762997	0.0022571501	0.0009460372	0.0050550746	0.00046341808	0.0030847432	0.005546481	0.005302989	0.0002833474	0.013183359	0.00065518724	0.0010407175	0.0056493636	0.0005238513	0.010081669	0.00573757	0.0003060064	0.0006476766	0.0018214319	0.040801015	0.0018699691	0.0013124831	0.011420955	-22.85190773010254
s02e11a	245.0	5.0	0.72918296	0.72918296	0.13770713	0.02510742	0.00032573103	0.010251389	0.09344616	0.00092806824	0.0052813264	0.015609366	0.00015969921	0.0017165468	0.00090060546	0.018499587	0.0035424985	0.0012183413	0.007977535	0.0007250797	0.065990224	0.28155944	0.008445871	0.008445871	0.0022085905	0.010094021	0.001333857	0.010094021	0.06692404	0.01818426	0.0074422727	0.0012861848	0.0005639604	0.0011662518	0.0062120776	0.001736353	0.0007827168	0.00095338735	0.00095338735	0.0005786063	0.0021931662	0.00094738347	0.00038188053	0.0021931662	0.000754675	0.0058399467	0.002898985	0.00066154136	0.0005034877	0.0014298292	0.008382486	0.0016578528	0.0010211782	0.012321172	0.00052103004	0.0016253431	0.001760805	0.0022227746	7.187905e-05	0.00060475344	0.0008538015	0.0018993267	0.0010129783	0.0005098058	0.0024973787	0.0007371879	0.0013792168	0.0020450922	0.0021065723	0.010031787	0.0023313444	0.00040951514	0.004298147	-17.81357192993164
s02e11a	250.0	5.0	0.8264471	0.8264471	0.052548267	0.010873585	0.0024327105	0.014662449	0.021091383	0.008109487	0.0034203657	0.011382703	0.00047375046	0.0020364337	0.0012912627	0.16529468	0.00079105946	8.7461456e-05	0.0042708656	0.00084229396	0.044491783	0.23302665	0.005151843	0.0018506813	0.00081923476	0.0024537703	0.0008310351	0.0024537703	0.046788268	0.006344029	0.0024247414	0.0007180681	0.00064556004	0.0007953055	0.007853016	0.0006614049	0.00085793337	0.0010828777	0.0010828777	0.00041493447	0.0021661588	0.00083642895	0.00017703002	0.0021661588	0.0028476242	0.009232646	0.004983764	0.0003101285	0.00018561576	0.00073385355	0.00073053536	0.0029594006	0.0012529477	0.01883468	0.00063845015	0.0013616547	0.0013124588	0.0022344496	0.00028444824	0.00075814605	0.00042365873	0.000982429	0.00088638824	0.00016841524	0.001986112	0.0010251591	0.0058266595	0.0033123642	0.0014455181	0.003481746	0.0032908719	0.00067363336	0.040974885	-17.942527770996094
s02e11a	255.0	5.0	0.7627435	0.7627435	0.047180813	0.01286413	0.0011223818	0.013965162	0.2454132	0.002561056	0.026821552	0.0012560502	0.00052467186	0.00015840826	0.0003749232	0.0042700483	0.0009352294	0.00027168743	0.0024288048	0.007474218	0.010824881	0.040920902	0.005464349	0.0019306054	0.0009534427	0.0011730471	0.0005110489	0.0014748288	0.7267112	0.047911927	0.016034443	0.0027291726	0.0006891227	0.0031376043	0.051816665	0.0019384412	0.014342746	0.0006861384	0.0005191638	0.0001998842	0.0014523863	0.0014491396	7.9421094e-05	0.0014523863	0.00033576507	0.0042636427	0.008680006	0.00028200718	0.0005359529	0.00047800623	0.0018943029	0.0013526067	0.002157956	0.0059764707	0.0005230642	0.0008663057	0.00043489304	0.0035324974	0.00046678152	0.0005366356	0.00056950905	0.00059788587	0.00065029354	0.00011298264	0.0010428012	0.0008194666	0.0007981578	0.0049658087	0.0010283147	0.0020491495	0.011063027	0.00017869148	0.011063027	-19.087486267089844
s02e11a	260.0	5.0	0.7271561	0.7271561	0.03814306	0.01492359	0.0010357646	0.007196247	0.032692157	0.007933155	0.011718154	0.008622825	0.0053900196	0.00042394982	0.0047312626	0.010077088	0.004560099	0.00064772443	0.016200317	6.852284e-05	0.0013590268	0.026062803	0.0027904874	0.0021382743	0.0012830066	0.0031655878	0.0011825024	0.0031655878	0.028637838	0.007391152	0.0029286959	0.00046053567	0.00021635069	0.000329918	0.0019805233	0.00027477436	0.00020393424	0.00080351986	0.00038669843	0.00027624166	0.00090761064	0.00041281543	8.351969e-05	0.00090761064	0.0018608875	0.0021513933	0.0022033092	0.00019686509	0.0006961865	0.0008439634	0.0004584914	0.0016811001	0.0003849989	0.0069805766	0.00063568697	0.017534003	0.0012389808	0.0123359375	0.0004076586	0.0032853102	0.00044415696	0.00074917864	0.009927805	0.00016827046	0.0014857838	0.0023101666	0.0016391239	0.026995506	0.001231454	0.0071865954	0.021499602	0.0010870186	0.1410728	-18.78750991821289
s02e11a	265.0	5.0	0.810683	0.810683	0.07926104	0.024397653	0.00050996424	0.009135728	0.09542348	0.001777233	0.0037036515	0.0028827349	0.0015716405	0.0005799419	0.001009083	0.027775439	0.0007516229	0.0003132092	0.0081665395	0.0006978751	0.033889413	0.038673677	0.0073852567	0.0073852567	0.00045024176	0.0069075986	0.0014570215	0.0069075986	0.039904684	0.012639152	0.0046915384	0.0012194901	0.00059464143	0.00073030597	0.007689976	0.00028471602	0.00044248055	0.0010598061	0.00067494524	0.0008092063	0.0022882016	0.0011665485	0.00016754391	0.0022882016	0.000876874	0.0019598	0.00070777046	0.00018303294	0.00019854792	0.00029854648	0.0011203613	0.0009974693	0.00026278195	0.025616819	0.00014090863	0.0038966842	0.00039749115	0.0016850099	0.00036882653	0.0010287067	0.00038927255	0.00083225867	0.00044539137	0.00018328354	0.00074917503	0.0008651187	0.00089623575	0.005563682	0.0005514312	0.006110592	0.0051043592	0.0001473844	0.054635912	-18.704124450683597
s02e11a	270.0	5.0	0.6114163	0.6114163	0.0036824166	0.034112357	0.00020123544	0.00028706418	0.0012064334	0.00023947466	0.0036129325	0.0016657485	9.468917e-05	0.000115332004	0.002308804	0.005009127	0.00023941186	6.6325e-05	0.0031112572	0.00029027264	0.0004141177	0.00086271175	0.016502216	0.0009841757	0.001110897	0.004577565	0.0005865001	0.004577565	0.027513873	0.00558118	0.0017207044	0.0008826682	0.0008332665	0.001111792	0.0060987757	0.00042537862	0.00038359684	0.002036997	0.0018846081	0.0019704613	0.00062722276	0.0003660507	0.00064979633	0.00062722276	0.002962167	0.0060364627	0.003930569	0.00012363226	0.00034708233	0.00026523258	0.0023735487	0.00078289286	0.0011069799	0.04291303	0.0008690427	0.09753724	0.016080188	0.0043751276	0.0015072017	0.0011912567	0.00053964346	0.0008637547	0.007131203	0.00027915023	0.003951284	0.006692483	0.0041236863	0.0051866267	0.0010138163	0.006411803	0.004083072	0.00039987813	0.2012678	-19.519235610961918
s02e11a	275.0	5.0	0.7263537	0.7263537	0.0055225566	0.0119539555	0.0011244146	0.0013002552	0.093733035	0.0016900081	0.0045682425	0.005814152	0.0011867412	0.00047779054	0.0050353585	0.0047448054	0.00071574823	0.0010668671	0.0012609162	0.0020064588	0.0013647374	0.011232834	0.09721205	0.009940135	0.003921393	0.0055004666	0.0039026313	0.0055004666	0.07869628	0.0055827596	0.001905682	0.0009315042	0.0003876265	0.00087444554	0.0027680143	0.0003745854	0.0003857636	0.0015323019	0.0015115826	0.0010503698	0.0015754012	0.0012183941	0.00038820083	0.0015754012	0.0012392063	0.006928283	0.035484977	0.0015726606	0.0020888557	0.00075910613	0.036050756	0.0029007737	0.011352821	0.0092782285	0.00039562234	0.0035644765	0.0034683081	0.004311256	0.0005769845	0.001035151	0.004203563	0.00368848	0.0011289137	0.0019881243	0.0049731606	0.00033494306	0.00056797033	0.00702421	0.0017353261	0.0024074947	0.0038269989	0.0002817019	0.025748888	-20.844858169555664
s02e11a	280.0	5.0	0.8790385	0.8790385	0.005717693	0.014101324	0.001031446	0.0011014773	0.039976552	0.001072945	0.000584069	0.07190719	0.00022994894	8.440594e-05	0.0113215335	0.024619007	0.003840836	0.0005261698	0.004180731	0.00017762094	0.0013006409	0.008251883	0.048798934	0.048798934	0.009745846	0.014114363	0.0009737511	0.014114363	0.020734709	0.0012846953	0.0004586109	0.00014585437	0.0001128629	0.00019843607	0.0009406584	0.00036558096	0.00010245889	0.0012211348	0.0009020997	0.0003008744	0.0018391449	0.0008594904	0.00010588658	0.0018391449	0.001042378	0.0022423067	0.00598126	0.00037995045	0.0003884381	0.00014308607	0.0033780169	0.0037702161	0.0029912058	0.07290234	0.0008607218	0.03749195	0.0019267244	0.0003998141	0.0029905445	0.00091135676	0.0001631119	0.0012991478	0.00023648303	0.0002564706	0.001151772	0.0036629725	0.004136906	0.011260089	0.0014733535	0.009017202	0.019742051	0.00024424912	0.13443597	-23.460302352905277
s02e11a	285.0	5.0	0.8227324	0.8227324	0.016220493	0.048289876	0.023308625	0.00084208924	0.069472015	0.007998809	0.009941487	0.04571208	0.0006620611	0.0007237262	0.0057527195	0.005278739	0.0032638998	0.0035857535	0.0062818243	0.0016389146	0.0015947784	0.0023293777	0.0058987923	0.0044373935	0.0014254594	0.0022554682	0.0027401275	0.0055940985	0.057071894	0.014342961	0.0036304337	0.00070340914	0.00024950737	0.0010476056	0.0066543217	0.00024181056	0.00043414376	0.008755464	0.0051055965	0.008755464	0.006392399	0.0043888744	0.002080132	0.006392399	0.00439365	0.010105921	0.015520753	0.0010698355	0.0016445481	0.000424084	0.0030577977	0.0028218315	0.0014799781	0.0108971605	0.0002880539	0.005653702	0.0005936898	0.006200349	0.0008333796	0.00383771	0.0004329176	0.0018866603	0.0019126113	0.0006588107	0.0030153864	0.0005484499	0.0031443469	0.0054294425	0.00043905328	0.009359068	0.0012752904	0.00023993244	0.017537042	-22.17099380493164
s02e11a	290.0	5.0	0.7873599	0.7873599	0.0053181243	0.041311156	0.0008596743	0.0004323328	0.0052846465	0.0010511767	0.00066653173	0.006299008	0.00044669586	0.0013363499	0.0027035782	0.0065642525	0.0016609755	0.000106426334	0.0009951295	0.0011964114	0.00040039423	0.00035185544	0.028462987	0.028462987	0.0017666657	0.010915845	0.008388049	0.012645569	0.121724725	0.0062764003	0.0018496299	0.0014638172	0.00079389784	0.0015234693	0.0024817195	0.00016534899	0.00083854696	0.027752757	0.0036102694	0.022500306	0.016859064	0.004106435	0.0030573183	0.016859064	0.0017694714	0.01001731	0.0019180031	8.788005e-05	0.00012731056	0.00026729697	0.001978226	0.0009144373	0.00109533	0.006510309	0.0006710933	0.0020579796	0.004739438	0.0059400583	0.0037674732	0.09362806	0.00012204139	0.00035815962	0.00037825675	0.00035171813	0.0069771167	0.0024679347	0.0005507481	0.0013880499	0.000832334	0.032036692	0.0023514358	8.607449e-05	0.029715467	-21.44378471374512
s02e11a	295.0	5.0	0.7378487	0.7378487	0.052032024	0.015562105	0.0004453521	0.0061292266	0.108877465	0.00080891297	0.004708699	0.0012124897	0.00083535095	0.0003868179	0.0021571263	0.003718969	0.00097250735	0.00055640884	0.011144681	0.004270008	0.08152086	0.018614173	0.007232801	0.0012777573	0.00041959027	0.0033018477	0.00064729276	0.0033018477	0.12567638	0.02821096	0.012828912	0.00235358	0.000715531	0.00171076	0.014432516	0.00057071814	0.0015734873	0.006432313	0.0038295975	0.006432313	0.008372397	0.008322194	0.001758453	0.009672875	0.0008833294	0.005677723	0.010811353	0.002312482	0.00049319625	0.00047713492	0.003379958	0.00085652317	0.003274724	0.0129041	0.00020069125	0.0016141736	0.00060785376	0.005387472	0.0029793878	0.0015152323	0.00032696215	0.0021960533	0.0004997453	0.00037920396	0.0028696188	0.0023813557	0.0011972978	0.0013218252	0.002236845	0.0063459896	0.0058134575	0.00013149579	0.02456914	-18.52048110961914
s02e11a	300.0	5.0	0.8824629	0.8824629	0.011374496	0.30663046	0.0030455566	0.0005336267	0.015296928	0.003818798	0.0061494387	0.12966819	0.00010649536	0.00023201756	0.005862614	0.010115762	0.0036234788	0.00064891815	0.0057948623	0.000731173	0.0011637283	0.0060899723	0.028089708	0.009025984	0.0019980986	0.006839238	0.0040369174	0.009010634	0.039675303	0.0059991954	0.0016242554	0.0006947304	0.00039095833	0.00053230365	0.00168253	0.00032042197	0.00024749726	0.0019204308	0.0011665819	0.0019204308	0.0018702719	0.0009794805	0.00053385284	0.0018702719	0.0013692054	0.009721211	0.0030948368	0.00021654282	0.00042206867	0.00043024527	0.0014238504	0.0015807699	0.00073070807	0.0046143113	0.0002552341	0.010240402	0.00065899163	0.0034213592	0.0010983804	0.0030301246	0.00017205614	0.00038469254	0.00055780617	0.00017387657	0.0034710453	0.0002245829	0.00041726822	0.00084054965	0.0004373705	0.0131742805	0.0014991788	0.00023115422	0.009069489	-24.649147033691406
s02e11a	305.0	5.0	0.8331005	0.8331005	0.005259804	0.023918824	0.000862937	0.0007681059	0.00092561153	0.00043103856	0.0031420428	0.007108467	0.00015297372	0.0006506789	0.0060145385	0.0018474761	0.002528332	0.00012398088	0.004298286	9.295214e-05	0.00030394027	0.0004426383	0.0018136555	0.00088947214	0.00031769226	0.0003227139	0.0002154967	0.0014305245	0.02074721	0.0074549853	0.002893448	0.0005933141	0.00028837624	0.0005418724	0.003334662	0.00033416005	0.00013758535	0.00073367317	0.0006695582	0.00073367317	0.00085959566	0.00045081528	0.00017573434	0.00085959566	0.0022589497	0.001267763	0.0014784778	0.00011778581	0.000111671616	0.0003164749	0.00035761783	0.0005166289	0.00039678716	0.008317587	0.00037005096	0.014976819	0.019278642	0.0035810205	0.002196444	0.014708305	0.00020295271	0.0005851377	0.01013619	0.00020591237	0.03197263	0.0026700178	0.00035293956	0.0014817534	0.0019523556	0.009929919	0.009018873	0.00028009719	0.058547422	-23.89102935791016
s02e11a	310.0	5.0	0.8576793	0.8576793	0.0052841078	0.29573026	0.00058148167	0.00030218443	0.0012425393	0.0020892005	0.0032655909	0.01962266	0.00022561029	0.00032560466	0.0016143442	0.0011499844	0.00082622457	0.00021858107	0.0011043946	0.0004694578	0.00013569328	0.00048427936	0.0041644326	0.004004154	0.0009331533	0.0042904643	0.0015917548	0.0042904643	0.048238903	0.0057884455	0.001955989	0.0009231687	0.000615929	0.00080944423	0.0017298359	0.0007471627	0.0004053508	0.001198923	0.0003652284	0.00083975994	0.00076993654	0.00027076426	0.00029933226	0.00076993654	0.0005338124	0.0019584247	0.004098627	9.834311e-05	0.00011664619	0.00046119926	0.0008139303	0.0005629749	0.0010621935	0.0006237874	0.00064787816	0.00061917916	0.0011105457	0.014776714	0.0021861338	0.06569619	0.00013057704	0.0007200656	0.0028260774	0.0001977461	0.0057303985	0.0010752672	0.00040049272	0.00036079154	0.00066377514	0.0063750776	0.00061834586	0.00091044203	0.0057303985	-23.87024688720703
s02e11a	315.0	5.0	0.9129299	0.9129299	0.014517523	0.13514528	0.0004165044	0.00064915104	0.002438559	0.0009801581	0.003074047	0.00450379	7.6587414e-05	0.00041947392	0.002668846	0.001451766	0.0010050299	0.00012271799	0.00067440287	0.00022816184	0.00012818494	0.00090915954	0.0030780667	0.0030780667	0.00059343094	0.0023035004	0.0014950593	0.0023557183	0.022151742	0.008218368	0.004159887	0.0010511872	0.00085464685	0.0009050597	0.0028514317	0.00045745916	0.00017071693	0.0016147239	0.0003766203	0.00067128864	0.0005025951	0.00019397092	0.00014415536	0.0005025951	0.00073345297	0.0013829948	0.0011413976	6.383243e-05	0.00017732379	0.0004010727	0.00039595738	0.00045745916	0.000628182	0.0011676808	0.0003606423	0.0016148722	0.0010972196	0.0046250094	0.0012597325	0.060051784	0.00019874245	0.00053073536	0.0025898411	0.00019864393	0.002973132	0.0015270452	0.0001882221	0.00028738458	0.000507587	0.0054396465	0.0009472697	0.00028455837	0.008067129	-22.50675201416016
s02e11a	320.0	5.0	0.82436794	0.82436794	0.050199125	0.08833075	0.00037257443	0.003980937	0.059984535	0.0010442905	0.003944545	0.0011884238	0.00016737849	0.0002662176	0.0027429275	0.0030625546	0.0012103618	0.00021410546	0.0064468626	0.00027762886	0.088010766	0.03899926	0.001310894	0.001310894	0.00028664002	0.0008059132	0.00013490746	0.000874626	0.023581343	0.012538849	0.004092314	0.001773264	0.0001876884	0.0006009083	0.0033102052	0.0003007465	0.0002349095	0.00061188795	0.00017484183	0.0005336331	0.00087580597	0.00038156938	7.514832e-05	0.00087580597	0.0006806792	0.00055386825	0.0011485426	0.00024964823	0.00012392733	0.00038154062	0.00068710063	0.00032120832	0.00035874927	0.011239371	0.00039998983	0.0015281367	0.0006711029	0.0021973609	0.0034059952	0.0071173673	0.00021636326	0.0015697142	0.0003110301	0.0002062517	0.00092818856	0.0008143151	0.00033072542	0.0008086024	0.0010640834	0.0029486304	0.009783488	0.00015410161	0.01578359	-20.381202697753903
s02e11a	325.0	5.0	0.65080315	0.65080315	0.004812061	0.082270324	0.00070572493	0.0028195786	0.011775756	0.0015086383	0.00291669	0.010559473	0.00022254913	0.00029234283	0.03055045	0.0072064954	0.0027698472	0.00013881907	0.0025817857	0.00017738061	0.0018594841	0.0030460926	0.04035169	0.04035169	0.0012909976	0.0053113536	0.0020335817	0.0060103093	0.026996203	0.003013478	0.0007622965	0.00042738958	0.00047219367	0.0004295648	0.00095573196	0.00021992905	0.00027530195	0.0016617419	0.00094171334	0.0016617419	0.001266664	0.00031216463	0.00018571028	0.001266664	0.002362536	0.0031373613	0.0048310054	0.0003046165	0.0002842628	0.0013755221	0.0018227857	0.002680004	0.0009483881	0.011816066	0.00030710912	0.0072620558	0.0042647724	0.0028252124	0.003336504	0.005791701	0.0004105917	0.001833408	0.0014984978	0.00025769175	0.0037337954	0.000970454	0.0002218644	0.0027536482	0.0006058571	0.007729341	0.007349948	0.0001254334	0.08326162	-21.024097442626957
s02e11a	330.0	5.0	0.91481715	0.91481715	0.022682942	0.1807522	0.001305463	0.0020423487	0.14779192	0.006396941	0.0022954512	0.014054691	0.00017959678	0.00037839435	0.006406097	0.0025300665	0.003901062	0.001234411	0.003608203	0.00028590555	0.0006938914	0.017403873	0.00961638	0.00961638	0.0015396199	0.003749652	0.0015074033	0.003749652	0.048304405	0.0073514646	0.0031853514	0.0011022252	0.00042997897	0.001075968	0.0022120862	0.00026151424	0.00046486707	0.0006318622	0.00027085128	0.0005030945	0.0005204054	0.00018992176	0.0001275413	0.0005204054	0.0006825725	0.00086261553	0.0010746937	8.2901715e-05	0.0001684146	0.00034249094	0.0007005502	0.0005089234	0.00075361243	0.0037182556	0.0005006159	0.0021071637	0.001250762	0.00446425	0.0010302984	0.053942356	0.0005328567	0.00048699015	0.0013907651	0.00024614294	0.0017530116	0.00041187438	0.00046751383	0.0041108467	0.0012337398	0.0058904127	0.0033522584	0.00028077685	0.0041108467	-22.599275588989254
s02e11a	335.0	5.0	0.8727697	0.8727697	0.026076289	0.08082911	0.0005288175	0.0013047284	0.053850617	0.0012200269	0.0023741699	0.012186301	0.0011822017	0.00067821407	0.0064529954	0.0033723915	0.0033107698	0.0009981038	0.00094695843	0.00010788751	0.001760365	0.005750737	0.012911063	0.0120026395	0.0031716952	0.0048145805	0.0020886976	0.0050813	0.04195541	0.0051803365	0.0020183155	0.0012311109	0.00036536457	0.0009237903	0.0011329629	0.0002752261	0.00030678135	0.0025720114	0.0009300387	0.0025720114	0.0031826212	0.0011922868	0.00063636346	0.0031826212	0.0009077153	0.002981903	0.0069481367	0.00059516536	0.00044942103	0.00078585534	0.0058806143	0.0012859472	0.0020350958	0.0043518636	0.00040922326	0.0008256201	0.0006805913	0.005515966	0.0018248336	0.038558044	0.0010280625	0.0006996728	0.005008176	0.00057476346	0.0042335372	0.0015199498	0.00028016235	0.00081167876	0.0010074414	0.0054398966	0.0011161434	0.00063077826	0.0042335372	-24.296045303344727
s02e11a	340.0	5.0	0.80712575	0.80712575	0.012094983	0.05169459	0.00046299867	0.003274428	0.15720642	0.001670379	0.002171337	0.0061100153	0.00082482904	0.0012326305	0.006740097	0.0013312021	0.0031056849	0.0006915728	0.002020323	0.0012844561	0.0035491246	0.023420233	0.01963129	0.0025788967	0.0014175058	0.009667555	0.0006161286	0.009667555	0.03726272	0.0037546253	0.0013849139	0.0013779465	0.0005488725	0.00094262994	0.0018059837	0.00041818828	0.00052449683	0.0025061748	0.0015142665	0.0025061748	0.0038609402	0.0021324037	0.00063465483	0.0038609402	0.0022066673	0.0029246828	0.010129738	0.0016648425	0.00065296056	0.0020009342	0.004599438	0.000577281	0.0026358024	0.004394662	0.0010466888	0.00074004	0.0007932418	0.011751853	0.0045065316	0.0017037692	0.0001912237	0.0022853937	0.0015069197	0.0006533057	0.004160088	0.00079709414	0.00036198203	0.0008096811	0.002368747	0.0068695988	0.0016090538	0.0003381683	0.004160088	-21.29600143432617
s02e11a	345.0	5.0	0.39728397	0.39728397	0.017095258	0.0051043057	0.0006629551	0.019389637	0.12979503	0.0011473497	0.03575138	0.0054854676	0.00017149434	0.00032839947	0.0010377824	0.010322501	0.0015160152	0.00029433434	0.0053698523	0.0008853918	0.03938015	0.060835145	0.0027370956	0.0027370956	0.0009428451	0.007198639	0.00057472097	0.007198639	0.7299021	0.19383135	0.10632254	0.0035852117	0.00091299467	0.0028265344	0.10535105	0.0009075095	0.008932698	0.0004523583	0.0004523583	0.00032957157	0.0014613123	0.0011516168	0.00015453938	0.0014613123	0.00021937574	0.0028170496	0.0053462675	0.000844232	0.0014742061	0.0011200475	0.007757012	0.0006113062	0.001381918	0.0039175656	0.00056376023	0.0015741341	0.0011058494	0.0011090592	0.0005404753	0.00033863512	0.0005564945	0.0014595315	0.0011631686	0.00047091508	0.000660325	0.00047079052	0.0011515026	0.007473065	0.00069384446	0.0010631725	0.008310904	0.00018035322	0.01103024	-18.71230697631836
s02e11a	350.0	5.0	0.70052034	0.70052034	0.00046347728	0.030989945	0.0011994422	0.0032122096	0.0019688527	0.0010334788	0.011526281	0.05559728	5.3286964e-05	0.00010469422	0.00072323944	0.00063227967	0.0010272787	0.00021435344	0.0009753132	0.00012701348	0.0002681293	0.00033588317	0.0058888965	0.0027742642	0.0019366893	0.002491162	0.0005457129	0.002491162	0.81499195	0.21360159	0.16915832	0.002348938	0.000789128	0.0019079145	0.05287327	0.001328858	0.011337241	0.0008599938	0.00018925345	0.0008599938	0.00038863625	0.00024073721	0.0003512378	0.00038863625	0.0002889495	0.0007676969	0.0013819048	7.340596e-05	0.00013123637	0.0003042177	0.00033295454	0.00043159758	0.0005245846	0.00091310986	0.00175073	0.00259912	0.004356647	0.002590585	0.0008459556	0.003982374	0.0001445708	0.0006067765	0.001379377	7.9058766e-05	0.0011402229	0.0003780107	0.00015065329	0.0003819668	0.0010259892	0.004286331	0.0029021061	0.00017266769	0.0035222115	-21.78961181640625
s02e11a	355.0	5.0	0.8623039	0.8623039	0.044203162	0.012039365	0.00059711334	0.0025111206	0.07943335	0.0009187081	0.0023631433	0.0006078352	0.0014297658	0.0002964841	0.006811121	0.003722356	0.0031504403	0.00023304585	0.0026842488	0.0015193166	0.0023142628	0.0072393753	0.004498824	0.0040465514	0.003914303	0.0028222397	0.001057154	0.004611796	0.097192444	0.014967418	0.0075997566	0.0013131709	0.0005539208	0.0013067102	0.0039306083	0.00040606127	0.00044917266	0.0029098669	0.0021614353	0.002635958	0.0021583338	0.0044936505	0.0017405527	0.004548905	0.0028226853	0.012483967	0.036590867	0.0012852944	0.00071709015	0.0009830835	0.007483793	0.001583869	0.011193706	0.031063117	0.00076577306	0.0029930267	0.0013458438	0.006709822	0.002884439	0.02062939	0.0009204368	0.0013785897	0.00034473158	0.0014948922	0.008731709	0.01031179	0.0018235669	0.0033053772	0.0038445194	0.013860565	0.0035061745	0.00016498032	0.010937282	-18.97633552551269
s02e11a	360.0	5.0	0.74672484	0.74672484	0.04695032	0.012507362	0.00022000392	0.0031458833	0.035315596	0.00095658324	0.0019554081	0.0034421268	0.0002542783	0.00042308666	0.0006059772	0.008223764	0.0010966836	0.0012076285	0.0023011195	0.0005886893	0.0129696475	0.022950752	0.01323798	0.009432243	0.0033527233	0.012651916	0.003224591	0.012651916	0.031352974	0.0053996225	0.0021108184	0.0008595466	0.00050400605	0.0006865283	0.0020584988	0.00042454328	0.000276988	0.0049455496	0.0049455496	0.004303732	0.014694221	0.0064654406	0.001786067	0.014694221	0.0016620632	0.01981083	0.044825785	0.01448227	0.004846486	0.0017465599	0.09264097	0.006593659	0.008885895	0.005533094	0.000106656546	0.0019165102	0.0029560921	0.0016681777	0.00045348995	0.0012510362	0.0005100843	0.0021748513	0.00044793607	0.0021879766	0.0032133807	0.0006908469	0.0018341963	0.0023328487	0.0014019341	0.012017956	0.0014362506	0.00025874568	0.04591051	-19.22216415405273
s02e11a	365.0	5.0	0.87930506	0.87930506	0.12530474	0.012893523	0.0012845234	0.0058568753	0.3209347	0.0050520804	0.0020079566	0.0007149315	0.00023295564	0.00041440479	0.0028974158	0.013337341	0.0026919295	0.000180367	0.001562406	0.0010650438	0.006221882	0.060057193	0.002276699	0.002276699	0.0014635511	0.00258924	0.0013465815	0.002621603	0.05417402	0.009630577	0.003745467	0.0010105872	0.00031746336	0.00093511137	0.005970825	0.00027370366	0.00031436843	0.0014634165	0.0009614323	0.00040371876	0.0049198437	0.0020898092	8.9292356e-05	0.0049198437	0.0011712617	0.008266471	0.007443059	0.0010796238	0.00045786359	0.0012321303	0.0023861215	0.0015160787	0.0018219599	0.0076359813	0.00066004315	0.0011350596	0.0010651798	0.013757498	0.0006633429	0.0025999437	0.0005432397	0.001055905	0.00034032372	0.00022103691	0.004359802	0.002869177	0.0008042626	0.0025190269	0.002165188	0.009790725	0.0037059975	0.00018808684	0.012976791	-19.608774185180664
s02e11a	370.0	5.0	0.90398085	0.90398085	0.2225588	0.049158864	0.0006179123	0.010992032	0.03397407	0.0014883121	0.0030477843	0.0010747265	0.00010861959	0.0003252863	0.00048879295	0.022384511	0.0022313274	0.00013461987	0.0043689627	0.00032846557	0.015333256	0.028117921	0.0036308235	0.002283116	0.0008915815	0.0024483243	0.0006871396	0.011906543	0.01981885	0.0059568374	0.002536876	0.0005343665	0.00017725854	0.0005828036	0.0025299883	0.0003077472	0.00022990795	0.0018825612	0.0008915255	0.0016928423	0.0025280796	0.0012658059	0.0003691542	0.0025280796	0.0011405738	0.005037136	0.0030557576	0.00048261802	0.00044717325	0.0005721208	0.0020960106	0.0011152979	0.0012979308	0.01373449	0.00018195964	0.0058116694	0.001940204	0.001930985	0.00025548827	0.0017166972	0.00031717325	0.0013330271	0.00063419825	0.00046544176	0.003733882	0.0022300126	0.0011222878	0.0015510411	0.0008567574	0.007828301	0.0076034297	0.0002691374	0.02057722	-20.418392181396484
s02e11a	375.0	5.0	0.8025627	0.8025627	0.015388401	0.11629733	0.00045527617	0.00077068276	0.0028451222	0.0011165284	0.0039135707	0.009382117	0.00045578036	0.00015057718	0.0022420892	0.004877924	0.0009041728	0.00024746518	0.0013342376	0.00017810972	0.00038847033	0.0015362069	0.02911412	0.006096577	0.0017800548	0.0039228965	0.0015979976	0.0041724667	0.041458484	0.0024716894	0.0006360427	0.0004197467	0.0008073682	0.0004997101	0.0010318044	0.0005824005	0.00035688558	0.012138407	0.004473465	0.012138407	0.0061044437	0.0026327407	0.0025346868	0.0061044437	0.0034614753	0.020793676	0.011577134	0.00024690566	0.00029427093	0.0002590718	0.0027283903	0.0067243143	0.0020428582	0.029727554	0.001505246	0.012630556	0.007789826	0.00989976	0.00049498596	0.0075854426	0.0013452299	0.0019562943	0.00684183	0.00035153513	0.010344943	0.004062946	0.0012911101	0.006635044	0.003756998	0.008788404	0.005621209	0.00038340382	0.06847277	-20.67531394958496
s02e11a	380.0	5.0	0.81654596	0.81654596	0.015568541	0.23440221	0.00094822916	0.00195846	0.004805867	0.0018216599	0.002501743	0.005142398	0.0001755918	0.00019969563	0.0009172789	0.011462182	0.0012044848	0.0001268202	0.002163181	0.0006209337	0.00055759144	0.006730065	0.016834075	0.0064360686	0.0010917531	0.0048770467	0.005322323	0.005322323	0.04115923	0.0045976397	0.0013373137	0.00086650345	0.0005422245	0.00070331834	0.0023523755	0.00034236407	0.00034255558	0.0021909133	0.0010445009	0.00056384166	0.00084540003	0.0008186393	0.00014663347	0.00084540003	0.0011442052	0.0055150585	0.0076947627	0.00048429315	0.0006713626	0.0011813646	0.0013166267	0.0007625028	0.0014649719	0.004288949	0.0005800265	0.0068427958	0.0018985937	0.0020435543	0.00062519027	0.025585072	0.00043256095	0.00079272076	0.0016422215	0.00018765796	0.0022904999	0.000937729	0.0011487063	0.0014275067	0.0007412497	0.008168227	0.0047514304	0.000103444436	0.02093568	-20.91364288330078
s02e11a	385.0	5.0	0.73537934	0.73537934	0.011905269	0.21281086	0.0010254654	0.0028977506	0.14131014	0.002565059	0.0023200337	0.0060721724	0.00047608957	0.00041948972	0.0016305565	0.0010524001	0.0032291387	0.0005429053	0.0013240385	0.00048792598	0.0039626504	0.015641732	0.0054092235	0.0053575453	0.0009202834	0.004808475	0.00081839046	0.004808475	0.05799628	0.0076923887	0.0027081228	0.0017364854	0.0005178452	0.0011504468	0.0023042073	0.0006436126	0.0005368395	0.0006067615	0.0004808346	0.0004894571	0.0008501881	0.0007078578	0.00018057211	0.0009143314	0.00060353737	0.0021180725	0.017960137	0.0012323358	0.0008190208	0.0037246307	0.011159335	0.00047803135	0.0013259212	0.00475063	0.0013540572	0.0004320314	0.0010229241	0.0127080055	0.019050205	0.014336491	0.0002463855	0.0021362833	0.002288512	0.0005908157	0.0033582824	0.0011684602	0.0003239932	0.0009323224	0.0017151141	0.0037208158	0.0018156447	0.00017654974	0.0033582824	-20.00685691833496
s02e11a	390.0	5.0	0.8321982	0.8321982	0.028126933	0.0771239	0.00055562373	0.002636616	0.06978188	0.0010029514	0.0042056134	0.00609949	5.5253586e-05	0.00064936426	0.0014229226	0.0048257355	0.003452106	0.0012383484	0.0031247148	0.0004702357	0.010328245	0.18717046	0.0057738787	0.0057738787	0.0014076935	0.0038201045	0.00054892665	0.0038201045	0.022891333	0.008426979	0.0027034585	0.0006224885	0.00023376799	0.00049940485	0.0025689956	0.00046968067	0.00021310465	0.000850701	0.000416178	0.00034212854	0.002488772	0.00048267053	5.5816432e-05	0.002488772	0.00041409262	0.0015614162	0.0014604151	0.00034884212	0.00045321637	0.0005503986	0.0023206552	0.0021374158	0.0005284265	0.0054690824	8.87731e-05	0.0017256744	0.00065256737	0.002757465	0.00015769017	0.0014649502	0.0002472793	0.0010644788	0.00017057829	0.0003950367	0.0015788835	0.00024319644	0.0002864783	0.0013842928	0.0011261897	0.0020090349	0.007396577	0.00021282036	0.013274519	-20.56574249267578
s02e11a	395.0	5.0	0.8531012	0.8531012	0.017981485	0.18269299	0.0002994473	0.0056221634	0.08563327	0.0018627243	0.0031010187	0.008692364	0.00021266052	0.0006870633	0.003919687	0.009036098	0.0034189161	0.00053457613	0.002838578	0.00048694323	0.010505753	0.06675592	0.018693743	0.018693743	0.0015978713	0.0054280525	0.0017768228	0.0054280525	0.07002896	0.0070336214	0.0023374367	0.001262838	0.0002825201	0.0009038071	0.0018624132	0.00049094815	0.0004207322	0.001323282	0.0004376495	0.001323282	0.0028962188	0.00064074097	0.00026863802	0.0028962188	0.0006994804	0.0014970965	0.0052482104	0.00097150716	0.0005357116	0.0028023124	0.0036867002	0.0012822095	0.00196805	0.004766275	0.0006298045	0.0010934283	0.00069079094	0.005839731	0.0060597244	0.0108535765	0.00028808083	0.0016912064	0.000662389	0.00033975008	0.0018777739	0.0005713571	0.00040584416	0.0015458424	0.0019874545	0.0022055097	0.005492798	0.00037824322	0.0074320305	-19.210044860839844
s02e11a	400.0	5.0	0.8664201	0.8664201	0.12824397	0.012796891	0.002748997	0.006904172	0.12708884	0.0032148259	0.002081129	0.003652766	0.00018453383	0.0003998282	0.004462144	0.011080878	0.003175637	0.0004261126	0.007641454	0.00045118568	0.0070562772	0.110278204	0.003245245	0.003245245	0.00065794325	0.004175037	0.00056052534	0.004175037	0.034449305	0.015021138	0.008316015	0.0012662285	0.00040908382	0.0012451255	0.004442026	0.0003642522	0.00029200772	0.0006201965	0.00041984275	0.0003303813	0.00071554806	0.00041694834	0.00016885357	0.00071554806	0.0021157195	0.0025620281	0.001633061	0.00022711503	0.00019182872	0.00046948728	0.00089625077	0.0020353748	0.0013823839	0.008987785	0.00027438012	0.0032600395	0.002453985	0.0063180905	0.00048581063	0.0017290448	0.0009706897	0.0010254063	0.00014111448	0.00027213074	0.003603971	0.0031704667	0.0010880372	0.0026176437	0.0039486145	0.0033815533	0.0064908923	0.00012176496	0.0069611683	-22.02678680419922
s02e11a	405.0	5.0	0.8823228	0.8823228	0.051661395	0.085514165	0.0014997848	0.0026705156	0.09532693	0.0071927183	0.0011116395	0.0025072598	0.0011059833	0.0005162676	0.0025460736	0.009115519	0.0035010888	0.0009079298	0.001029334	0.0013939004	0.0014222255	0.026534557	0.017629327	0.0036735055	0.0013610616	0.0033363518	0.0007610371	0.0033363518	0.044035908	0.0051268605	0.0019676958	0.0007563784	0.00037252528	0.00066779356	0.0020245383	0.0006846119	0.000363084	0.0013514567	0.001336007	0.00095574924	0.0021489912	0.0013348764	0.00033141792	0.0021489912	0.0011531672	0.0047013457	0.0047436147	0.0007630829	0.00069959846	0.0009230426	0.0031140004	0.0015462568	0.0025889052	0.009635108	0.00032227547	0.0014996242	0.0012731822	0.0067499075	0.00047926046	0.0015038226	0.0005855946	0.0007702932	0.000512297	0.0004425822	0.001955317	0.0011637249	0.001122207	0.002381188	0.002931783	0.0029089595	0.003912329	0.00017627995	0.010326183	-21.412090301513672
s02e11a	410.0	5.0	0.6632668	0.6632668	0.065244846	0.031128567	0.0005163803	0.010351886	0.12857577	0.0016210289	0.01103049	0.0070896377	0.00028011855	0.00051676785	0.0016417658	0.0030239252	0.00113215	0.0006627593	0.01090314	0.00039068674	0.047918625	0.053607106	0.0061233765	0.0061233765	0.0007871328	0.004972915	0.00069356075	0.004972915	0.017292427	0.0076253987	0.003615572	0.0009552554	0.00014683313	0.00059931044	0.0020588397	0.00041090965	0.00019004857	0.0009097071	0.0009097071	0.00075500476	0.0031505302	0.0014832597	0.00032900556	0.0031505302	0.000629016	0.002883896	0.002169536	0.00052165345	0.00041274264	0.0003916662	0.0042937538	0.0014281791	0.0004922759	0.016948678	0.0007844447	0.0010454083	0.0007817005	0.0012431121	0.00034049718	0.0008810993	0.00053249265	0.0014795905	0.0005535769	0.0003278211	0.002273878	0.00037082803	0.0003020787	0.0055347187	0.0008481652	0.0030420464	0.010543547	0.00060544006	0.037058227	-18.38005828857422
s02e11a	415.0	5.0	0.71237874	0.71237874	0.019712139	0.0654722	0.0010098885	0.0077480916	0.048206996	0.0034189993	0.055478264	0.01158317	0.00035506167	0.00072959444	0.00066020107	0.001534199	0.0007934353	0.0023222598	0.054244846	0.00015456103	0.30601853	0.046821266	0.002597484	0.002597484	0.00028583797	0.00023659217	0.00010200917	0.00023659217	0.130191	0.037196003	0.009063038	0.0033036908	0.00054973434	0.0018377099	0.006803396	0.00095867447	0.001761567	0.0006424157	0.00017566314	0.00044698425	0.00076428475	0.0003334272	7.1439994e-05	0.00076428475	0.000214472	0.00046661898	0.0005103489	4.5958917e-05	0.0002655686	8.357721e-05	0.0008453469	0.0005280942	0.00020313353	0.0033307502	0.00032191712	0.0022590777	0.00036895543	0.0011217298	0.00032785142	0.0009661277	0.00042246154	0.00047966078	0.0003095501	0.0001938047	0.0007112469	0.00019545709	0.0004223138	0.0026156786	0.0004524871	0.0011295581	0.0018883303	0.00025749355	0.0035277267	-17.952285766601562
s02e11a	420.0	5.0	0.7051987	0.7051987	0.061603494	0.034792963	0.00019044382	0.0044507496	0.0030885644	0.00035678621	0.012276882	0.00089463225	7.1358285e-05	0.0002838593	9.761734e-05	0.0009426837	0.000109149536	4.544846e-05	0.020042477	0.00017635156	0.7619363	0.017427063	0.0003098551	0.0003098551	0.00017271248	0.00043089234	4.811659e-05	0.00043089234	0.05987821	0.03683696	0.005615095	0.0019698443	0.00021758818	0.0008301056	0.005739249	0.00031386293	0.00043794143	0.00051137386	0.00010822134	0.00030863922	0.000673494	0.00019216555	1.0212819e-05	0.000673494	6.4357584e-05	0.0003024346	0.00012518128	3.598641e-05	5.879393e-05	0.00010506726	0.00014248035	3.3082313e-05	3.0439174e-05	0.0010031865	0.00016859375	0.0002747445	0.00039094232	0.00051143096	2.2549444e-05	2.6417383e-05	2.0895315e-05	0.00017606458	0.0003913997	0.00022688194	0.0002471492	0.00059205416	5.0335602e-05	0.0002644425	2.976488e-05	0.0007522269	0.001541634	6.641127e-05	0.002483988	-18.0482120513916
s02e11a	425.0	5.0	0.8089693	0.8089693	0.007846715	0.06618312	0.0057529593	0.0024225162	0.03504383	0.046988048	0.006785502	0.025918275	0.042039346	0.00066407316	0.006023185	0.0043762033	0.0019144644	0.002097545	0.005352214	0.00069519866	0.0014861086	0.001161967	0.049852066	0.049852066	0.004198281	0.001116364	0.0012718533	0.002852229	0.12497737	0.008832983	0.0020021887	0.0015801296	0.0008627158	0.0020302306	0.0034567825	0.00066446344	0.0015641438	0.0018249578	0.00044361368	0.0013485342	0.0008124247	0.00027377415	0.00035661517	0.0008124247	0.0020762712	0.00083767524	0.0016897356	0.00011077943	0.00041541617	0.00031743827	0.0013726301	0.0026576677	0.0005498014	0.0036337848	0.0014611585	0.0031319372	0.001026546	0.0012832254	0.0007598468	0.0053529656	0.00037995478	0.0006839148	0.001053624	0.0002510879	0.001530692	0.00047474453	0.00095732225	0.010926681	0.001024525	0.0026997072	0.008901971	0.00022516266	0.010926681	-19.70929718017578
s02e11a	430.0	5.0	0.84295917	0.84295917	0.021593979	0.0413107	0.0004684502	0.0021047476	0.43735832	0.0029665837	0.0029015446	0.005676113	0.00044337055	0.0004543014	0.002705376	0.0035240361	0.0075437096	0.0019957132	0.004504256	0.00057542423	0.0051860954	0.03513973	0.008404759	0.008404759	0.0019775708	0.0013409243	0.00088230404	0.002026873	0.0590055	0.008519338	0.0027114141	0.0017483133	0.00024662074	0.0012229291	0.0041480632	0.00036685492	0.0009352477	0.00066531665	0.0006099915	0.000625544	0.0027999016	0.001590773	0.00020350341	0.0027999016	0.0006093999	0.00306622	0.0038107687	0.0007750678	0.0008520315	0.0008017092	0.0060968255	0.0006426233	0.0011269094	0.009269651	0.0006986979	0.0024223041	0.0006169342	0.007941051	0.002414392	0.008555718	0.00033233358	0.001450869	0.0009217418	0.00027031777	0.0013782012	0.0007649106	0.00060463016	0.00806544	0.0010867821	0.0036263722	0.005858153	0.00032741256	0.00806544	-19.78138542175293
s02e11a	435.0	5.0	0.83094895	0.83094895	0.008653508	0.064303756	0.0009356773	0.0043250783	0.011247859	0.014977988	0.008556773	0.025864895	0.0074483166	0.00040882945	0.0035245721	0.006189625	0.0024606055	0.0006027889	0.0025738128	0.00262628	0.0009239832	0.014264612	0.013754935	0.010806056	0.0011341188	0.0026808914	0.0018631641	0.0026808914	0.08159627	0.0043004616	0.0010866253	0.00055669266	0.0007548508	0.0006509822	0.0024385438	0.00036457475	0.0009439799	0.0015524345	0.0012100616	0.0015524345	0.0010829598	0.0007548415	0.0006515799	0.0010829598	0.0016451479	0.0028430438	0.0062963907	0.0002812859	0.00074313505	0.0011101379	0.0019385603	0.001892923	0.0016595046	0.016624462	0.00041400146	0.008465985	0.001041637	0.0013495595	0.00032477596	0.006003923	0.00045681593	0.0016519128	0.00079623517	0.0004300927	0.0043690437	0.0013556735	0.004150814	0.014079312	0.0012303899	0.005933088	0.0045062085	0.00041776395	0.024496682	-19.14202308654785
s02e11a	440.0	5.0	0.83555883	0.83555883	0.021017322	0.21929555	0.0027517816	0.0019966369	0.09805748	0.009119831	0.002126531	0.008017146	0.0014882428	0.0012560891	0.008163944	0.003186919	0.004213837	0.0010681226	0.00119008	0.0003470211	0.001515554	0.02557513	0.007566377	0.005668035	0.0014136039	0.0026117344	0.0014178272	0.0055240756	0.03355739	0.0042631347	0.0010132862	0.0012977045	0.00024969966	0.0011572626	0.002072047	0.00026089067	0.00029648156	0.0012470132	0.0006250562	0.0007639829	0.0012946331	0.00093674316	0.00033273906	0.0012946331	0.0010342642	0.0022773207	0.003998354	0.00061886	0.00035054985	0.0016320188	0.0021396636	0.001157547	0.0009375924	0.003102582	0.0010314053	0.0012291278	0.001798358	0.010185885	0.0011370991	0.012120993	0.000461354	0.0012516106	0.0032144564	0.0006242757	0.0032443625	0.0008799377	0.00061901985	0.0016719046	0.0034900995	0.005691455	0.01021438	0.00023014833	0.01021438	-19.53032493591309
s02e11a	445.0	5.0	0.8658634	0.8658634	0.00472511	0.28967997	0.002317493	0.0040209214	0.030645417	0.01205562	0.020765355	0.07320489	0.00013997762	0.00019327158	0.0023982911	0.0033116387	0.0020547388	0.0010339037	0.005721755	0.00063562876	0.0032491896	0.013073861	0.0094115315	0.009088923	0.00096546335	0.0029559387	0.0010178327	0.0029559387	0.19257705	0.008568998	0.0018233359	0.0009222114	0.00029749947	0.00089577347	0.0022815915	0.0010628904	0.0015155424	0.0011857202	0.00032308916	0.0011857202	0.0013395075	0.00036498878	0.00024496322	0.0013395075	0.0007767466	0.0011147318	0.0027076607	0.00015258593	0.00015382678	0.00049428723	0.0014835162	0.00082841655	0.0011795582	0.0035159595	0.0012827409	0.002459067	0.0047287685	0.010262174	0.0032004232	0.003577626	0.00020232014	0.00049199146	0.00058182765	0.00013930374	0.0042909863	0.0003921629	0.00036240276	0.0015598164	0.0011757733	0.0064657102	0.0027508643	0.00040036216	0.0042909863	-20.68619155883789
s02e11a	450.0	5.0	0.8867909	0.8867909	0.037587535	0.12739098	0.0026654303	0.006381599	0.021555545	0.031672496	0.0034516368	0.026604008	0.005052881	0.000494698	0.008555523	0.0026378816	0.005360079	0.0011044261	0.0010671563	0.0006248555	0.00085488835	0.007588968	0.013414351	0.012480176	0.0022146073	0.0016656646	0.0015212029	0.0018908612	0.11989405	0.0065492657	0.0018270975	0.0006570801	0.0007357302	0.0006678613	0.0016983196	0.0005706316	0.0005866709	0.0014865339	0.00056146405	0.0010311984	0.00186362	0.00072523137	0.00031067003	0.00186362	0.0007920642	0.001835023	0.0049594017	0.00024502535	0.00027936164	0.0014433688	0.0014773133	0.0012444024	0.0008760998	0.0031756249	0.00064973725	0.001967388	0.0006811717	0.0098213805	0.0009373874	0.012014106	0.00020148714	0.0013622404	0.0012573268	0.00022452573	0.002711294	0.0004548983	0.0006569874	0.0026033784	0.0012859912	0.002564459	0.0019363491	0.0005018457	0.0030592023	-20.21072006225586
s02e11a	455.0	5.0	0.86743855	0.86743855	0.09426212	0.1732131	0.0014657701	0.007543278	0.091731615	0.006753361	0.003461	0.005747638	0.0003360432	0.0007667994	0.0008613027	0.009261558	0.0020508694	0.0005124254	0.0020844026	0.00074028334	0.018138159	0.06883148	0.008498099	0.008498099	0.0019233074	0.006607501	0.001184491	0.006607501	0.06921006	0.013717937	0.004071955	0.001688974	0.00064882264	0.0014421687	0.0052019847	0.0006540374	0.0008858897	0.0007283842	0.00036677078	0.0007283842	0.001998712	0.00056709	0.0001959641	0.001998712	0.0007649026	0.0025845855	0.0033977635	0.00056788186	0.00062894076	0.00188406	0.0029715537	0.00079634093	0.00096503115	0.0047820327	0.0005954689	0.0011401958	0.0007255279	0.004615229	0.00061570125	0.0029022207	0.0003185758	0.0029627145	0.0013669215	0.00033400845	0.0018680522	0.00050541875	0.00034630197	0.0011259115	0.0006228351	0.0030070408	0.0050067296	0.00018688675	0.0062466115	-19.13200187683105
s02e11a	460.0	5.0	0.84778285	0.84778285	0.016738283	0.046404578	0.0042877863	0.010312548	0.034416623	0.014077816	0.026724733	0.015147294	0.006831081	0.0005402909	0.002969177	0.0034634743	0.0013625505	0.0024834697	0.003093019	0.00039856552	0.0049142423	0.019222604	0.01703725	0.014043416	0.0017882839	0.004297725	0.0035181036	0.004381361	0.05961593	0.008499087	0.002864071	0.0012268686	0.0003619158	0.0008047877	0.0022430238	0.00065851666	0.0015780757	0.0022661511	0.0009864575	0.0022661511	0.004587745	0.0015935472	0.00042593307	0.004587745	0.0012022651	0.004477621	0.0057004937	0.00049554446	0.0008244055	0.00051371113	0.005028168	0.0016826726	0.0013675627	0.004583157	0.0016282256	0.003405707	0.0008472694	0.008795473	0.0007706915	0.0041808183	0.00032946412	0.0012164627	0.0016308011	0.0005459251	0.0043873326	0.0008275814	0.00091348233	0.0037292747	0.0029193289	0.0082814805	0.0039298823	0.0008031303	0.004475789	-19.936418533325195
s02e11a	465.0	5.0	0.8375417	0.8375417	0.05347475	0.071141355	0.002800879	0.0041611926	0.0690571	0.020677665	0.053143695	0.002592012	0.002036208	0.00042020652	0.0020230976	0.002692828	0.0014718265	0.00043168478	0.0008210986	0.0011749291	0.00080454507	0.0062880814	0.006160523	0.0056535034	0.006160523	0.003093813	0.0017524968	0.0040859794	0.38672274	0.01924579	0.004873861	0.0024197372	0.0005803561	0.00202476	0.006995751	0.0015285122	0.0066636894	0.0017561677	0.0006246786	0.0010363518	0.0011771792	0.0009373459	0.00036257485	0.0011771792	0.0010391586	0.0025930505	0.003676725	0.00019099211	0.00029374677	0.0006018446	0.0020193434	0.0005049507	0.0014871137	0.0029435684	0.0022937232	0.001980629	0.0010654528	0.08123354	0.0012168887	0.005922049	0.0017877794	0.0012531888	0.005034819	0.00043080916	0.0036081653	0.001867214	0.0005467531	0.0015366803	0.0007244453	0.0057288287	0.0049442966	0.0008656823	0.0049442966	-20.44205093383789
s02e11a	470.0	5.0	0.84231275	0.84231275	0.011216222	0.028605461	0.001323853	0.0025283573	0.43379676	0.0064242026	0.000839724	0.007015501	0.0020883142	0.00033158352	0.0020930495	0.0018384063	0.0048928526	0.004139822	0.0016961357	0.0007059631	0.005452198	0.0097494405	0.005328726	0.0029508981	0.0019140334	0.0023184426	0.0010786406	0.0023184426	0.057404872	0.0041990466	0.0013778546	0.0010640348	0.0002602435	0.0010699853	0.0033072708	0.00045986118	0.00040732048	0.0024265805	0.0014641456	0.0024265805	0.0029275822	0.0043639336	0.00078275334	0.0043639336	0.0012008111	0.0041194684	0.03395791	0.002379142	0.0019247733	0.0012044894	0.03686946	0.0012836477	0.0032245098	0.0057226256	0.00051725813	0.00093891815	0.00054517196	0.009157028	0.0052872943	0.005745391	0.00041894522	0.0009327679	0.0013245858	0.0010990074	0.002430514	0.0010494667	0.0023108632	0.005570255	0.0021421246	0.0064663477	0.0021565414	0.0005203102	0.015472036	-19.02338409423828
s02e11a	475.0	5.0	0.8755629	0.8755629	0.0064057237	0.29177937	0.0004510092	0.0017998035	0.005803583	0.0019458493	0.0029256954	0.024413027	0.00030223082	0.00033899012	0.001971737	0.002466713	0.0016087345	0.00023792183	0.0021264884	0.00031412786	0.00017728796	0.00075897883	0.0064540743	0.0064540743	0.0006940554	0.0054267244	0.0017507618	0.0054267244	0.059193797	0.0052618952	0.0016115967	0.0008873301	0.0005791368	0.0009126133	0.0013645295	0.0005578657	0.0005394562	0.0010811383	0.00041309473	0.00045788585	0.00043491359	0.00025546172	0.00011590906	0.00043491359	0.0005161741	0.0011879485	0.0016807033	6.549855e-05	0.0002748278	0.0007235021	0.0005610513	0.00056055636	0.00058034307	0.001468263	0.0006356179	0.00259075	0.0035129485	0.003155302	0.0016894257	0.065952934	0.000119313234	0.0011804552	0.0021187246	0.00010975991	0.00363388	0.0012976137	0.00017037526	0.0006809141	0.00076711696	0.008902658	0.0059904642	0.00010434856	0.026505057	-20.949838638305664
s02e11a	480.0	5.0	0.7563352	0.7563352	0.0082390895	0.24033795	0.0004887988	0.0030922736	0.004020515	0.0008570444	0.0058148107	0.00947417	0.0003275921	0.00026161477	0.00064377673	0.0056923265	0.0014500762	0.00012944295	0.0040255208	0.0008854631	0.00066240254	0.004689697	0.006012486	0.006012486	0.001739915	0.008755273	0.0010794064	0.013847157	0.045269288	0.0056349575	0.0014948572	0.0015229393	0.0007833653	0.00089617603	0.0012292735	0.0006432606	0.00045223546	0.0046405024	0.001173872	0.0046405024	0.00091660843	0.0009749714	0.0014736594	0.0009749714	0.0013353131	0.0020119932	0.0026706997	0.00017740615	0.00033507112	0.00043558114	0.0010664206	0.0006828565	0.0007549472	0.0025984452	0.00034298596	0.005142696	0.0020954052	0.0014914363	0.00043876417	0.0060657933	0.00029974635	0.0008597943	0.0014484366	0.00026459157	0.0024534867	0.0004885121	0.0007020302	0.00148788	0.0009871513	0.0038096553	0.00530521	0.0001563609	0.008418054	-22.032989501953125
s02e11a	485.0	5.0	0.76003397	0.76003397	0.038180307	0.039803334	0.0012911089	0.0025196366	0.004802443	0.0020061561	0.002724235	0.004989021	0.010824283	0.00059155613	0.020360107	0.003606758	0.0020664858	0.00069857045	0.00070285494	0.0007628575	0.0005064136	0.002153705	0.071682006	0.071682006	0.0066068186	0.024639484	0.015289567	0.024639484	0.08392288	0.00623618	0.0023845308	0.0005727125	0.00044410193	0.00048564858	0.0017307674	0.0008415358	0.00054732454	0.0038629747	0.0007172624	0.0019661654	0.0008286664	0.00044073584	0.00057272176	0.0008286664	0.0012920339	0.0025578227	0.005059914	0.00015841688	0.00034930787	0.00071909395	0.0011654927	0.0010796017	0.00083891576	0.0045908466	0.00061469397	0.0013866264	0.0007582198	0.02362689	0.00047586905	0.033914268	0.0024080274	0.0013888221	0.0103331255	0.00029231387	0.0044739028	0.00280138	0.0005135645	0.0032842488	0.0011182209	0.0037683465	0.003137054	0.00019339121	0.01543626	-21.60468292236328
s02e11a	490.0	5.0	0.8113288	0.8113288	0.008505897	0.07316857	0.0030550098	0.00067779346	0.008461614	0.0035061098	0.0034608801	0.009836978	0.007915128	0.00037633625	0.0107746115	0.0034268133	0.0023831474	0.00069156557	0.001123267	0.000731898	0.00019049576	0.0013625259	0.047767635	0.047767635	0.002374468	0.0069196466	0.010124981	0.010124981	0.16947286	0.008880617	0.0013088643	0.0010101314	0.00061616214	0.0012710195	0.0022670545	0.0005640459	0.0012926384	0.0013725143	0.00039590284	0.0008599668	0.000798824	0.00032853978	0.00020347838	0.000798824	0.0008530721	0.0024240378	0.0032895552	0.00012902422	0.00039511485	0.0007407202	0.0019812898	0.0010493471	0.001221453	0.007769766	0.0014477995	0.005382175	0.0044099395	0.0075829444	0.0010454003	0.042841323	0.00052599027	0.0010470988	0.0031655668	0.00027576456	0.00613235	0.0025145784	0.0005605561	0.004949118	0.0028821114	0.0052739265	0.0059951274	0.00019937314	0.015456746	-23.62143325805664
s02e11a	495.0	5.0	0.85057336	0.85057336	0.04218093	0.10960526	0.0006628904	0.004459641	0.23763897	0.0068334267	0.0050438223	0.0067314007	0.00029638235	0.0010764669	0.011027332	0.0032207114	0.0025189333	0.0014060081	0.0025582218	0.0005061549	0.0038083598	0.054044504	0.011931308	0.0030353798	0.0014709515	0.002163771	0.00070313434	0.0024110866	0.029115986	0.0059050783	0.0028872355	0.0007819985	0.00017684493	0.00057805126	0.0013231164	0.00037580312	0.00025596275	0.0010128311	0.00048012854	0.0005603376	0.0017120105	0.0007451383	0.0001900076	0.0017120105	0.0006220888	0.0019663665	0.0045438726	0.00032432794	0.0011835267	0.00074870227	0.00211202	0.0021176694	0.0015672515	0.01133365	0.0010664485	0.0016456429	0.00064547424	0.0067809597	0.0005064681	0.0015656466	0.0005561345	0.001115815	0.0008713739	0.00061123515	0.0012044172	0.00039615994	0.0011272164	0.003258346	0.0017629376	0.0013949343	0.0050829756	0.000320495	0.0050829756	-20.91786193847656
s02e11a	500.0	5.0	0.88955265	0.88955265	0.013792108	0.50836647	0.0010182186	0.002351429	0.008939239	0.0022152227	0.0033944566	0.041634236	3.9240444e-05	0.00020357444	0.0019923428	0.0046099224	0.0014400526	0.00028379704	0.0030065833	0.00033019364	0.00074541534	0.009156946	0.006780131	0.006780131	0.00083928235	0.0024862045	0.0010193839	0.0024862045	0.04759915	0.010061967	0.0032703949	0.0013850069	0.0011421602	0.0010948891	0.0026766823	0.00084745756	0.00031313248	0.0011984942	0.00035354914	0.00050641503	0.0006466407	0.0002683137	0.00012645709	0.0006466407	0.0007234249	0.0013277277	0.0015281957	0.000115184615	0.00012443057	0.0008628305	0.00047175837	0.0006309084	0.00083971553	0.0020757478	0.00044882295	0.0041525885	0.002177412	0.005100663	0.0022102178	0.023823394	0.00014804442	0.0007096985	0.0008529335	0.00011950431	0.0046952986	0.00040399423	0.00025891844	0.00038146935	0.0009364835	0.01446205	0.0016967197	0.00022665448	0.0059011774	-22.58997917175293
s02e11a	505.0	5.0	0.7588629	0.7588629	0.019522227	0.042150114	0.00032282743	0.0050072996	0.334975	0.0025079004	0.0045749196	0.0027141438	0.0005098505	0.00039438572	0.002317266	0.002074225	0.0018369859	0.0014976178	0.0030593462	0.0012034882	0.013468946	0.051500883	0.0066073476	0.0038312913	0.0015523318	0.0034619954	0.00084529124	0.0034619954	0.063945696	0.008402062	0.003280938	0.0010570715	0.00048510171	0.00082964456	0.0054976395	0.0009826579	0.0006388808	0.001841885	0.0013191396	0.001841885	0.002603366	0.0028065795	0.0012226804	0.0028065795	0.00062637177	0.005454135	0.024952594	0.0017297042	0.0018657101	0.0007881059	0.018990252	0.0015638742	0.0046500755	0.0047204993	0.00048028052	0.00072137476	0.00093847944	0.0031380889	0.0016141913	0.0015026625	0.0005065111	0.0024387469	0.000424704	0.001075449	0.0015720805	0.00061138463	0.0017767949	0.0041189482	0.001630493	0.002848139	0.0020291756	0.00026518834	0.008361229	-19.09806251525879
s02e11a	510.0	5.0	0.8269967	0.8269967	0.07152556	0.006638084	0.00027363896	0.004054188	0.13862687	0.0006739043	0.0041602897	0.0011558854	0.00070194656	0.0004112245	0.0049797175	0.026841005	0.0009692624	0.00036714424	0.008548222	0.00012933044	0.028171076	0.124472946	0.007958206	0.007958206	0.0011766321	0.0024003033	0.00049065764	0.0024003033	0.06465727	0.01863003	0.006045877	0.0011016363	0.00022665772	0.00080026017	0.008887637	0.00026986664	0.0002295647	0.00036134574	0.0002504426	0.00022012624	0.0005075427	0.00032497727	4.8775015e-05	0.0005075427	0.00082803733	0.001233969	0.00082790473	0.0002920581	0.00037690243	0.00044460088	0.0014491058	0.00086651667	0.0005678231	0.019885885	0.00026784698	0.0043990687	0.0006102607	0.0014349697	0.00020983467	0.0020246473	0.00039718472	0.0015091376	0.00024369294	0.00035493984	0.0020328853	0.0018205644	0.00055380014	0.0017031506	0.0005395326	0.0036102678	0.023054421	0.00019739535	0.060188796	-22.21988296508789
s02e11a	515.0	5.0	0.7922728	0.7922728	0.020671105	0.01927203	0.0002998361	0.01477246	0.24383172	0.001055018	0.018780308	0.003908455	0.0003272291	0.0003976407	0.0010731028	0.0028248548	0.00076601026	0.0011084462	0.0029544202	0.0011540129	0.020052046	0.02133388	0.0038440097	0.0036580663	0.0013576522	0.006698245	0.00092327385	0.006698245	0.7675545	0.033508252	0.0177389	0.0011944501	0.000562393	0.0010088346	0.008309776	0.0040372396	0.0052431375	0.00057651364	0.0004963003	0.00057651364	0.0025413274	0.0018825444	0.00017172129	0.0025413274	0.0004977268	0.003910867	0.03556598	0.0009833504	0.0004774575	0.0011890783	0.006072432	0.0012162889	0.004281039	0.008360055	0.00021210748	0.00030227864	0.0003707388	0.008258384	0.010156591	0.0010563331	0.00035716585	0.00162115	0.00045874433	0.00050080725	0.0011741348	0.0010962914	0.0011175835	0.005968592	0.0006770445	0.0031207544	0.0049089706	9.02346e-05	0.023638476	-19.18640899658203
s02e11a	520.0	5.0	0.68166447	0.68166447	0.0035781446	0.028226154	0.0007753234	0.0029980852	0.006350369	0.00088814	0.0032389548	0.020160994	0.001691721	0.00018529287	0.0011240034	0.0022193803	0.00027078725	0.00027365854	0.00056986907	0.0006224678	0.00095167884	0.0013091355	0.009695667	0.005716001	0.002237902	0.00830041	0.0017299816	0.00830041	0.61483204	0.043901034	0.014488396	0.0010211987	0.00038913116	0.0012375396	0.017822025	0.0031079876	0.0016551008	0.0009877749	0.00051440985	0.0009877749	0.0006638314	0.0009126146	0.00072129397	0.0009126146	0.00047799078	0.001728569	0.0058894996	0.00039642537	0.002912357	0.0020778528	0.0037679297	0.00088561664	0.0015475899	0.0026541145	0.0064933123	0.0013315071	0.0034290792	0.009440721	0.0031132216	0.0031662455	0.00018004773	0.005368671	0.0032191793	0.0006148917	0.0037490411	0.002775597	0.00064938527	0.002234133	0.0022567648	0.0069145337	0.01998589	0.0002821395	0.01998589	-19.311359405517575
s02e11a	525.0	5.0	0.8307071	0.8307071	0.0088038035	0.09015611	0.00049834466	0.0011471355	0.074695855	0.0006919377	0.0011274269	0.0106121125	0.00055310543	0.00017292915	0.0053631174	0.0042944346	0.018507408	0.0020594392	0.0033591397	0.0004605043	0.011151199	0.0056246747	0.010767123	0.010767123	0.00064671156	0.0096405065	0.0006309337	0.0096405065	0.030301258	0.003606431	0.0014380408	0.0004278651	0.00017972013	0.000396017	0.00090826815	0.00016338227	0.0002488768	0.0016337174	0.00055753294	0.0012918618	0.0063319635	0.0005325119	0.00045928798	0.0063319635	0.0065146093	0.0039630514	0.003676468	0.00043654052	0.0005225248	0.00022793788	0.0043629766	0.0038493944	0.004631329	0.011113641	0.0002721318	0.00157977	0.0014389894	0.0012686647	0.0010317822	0.024995962	0.00283311	0.0011385287	0.00072354	0.0001556877	0.023056962	0.0010187402	0.0006188836	0.0023911952	0.003743606	0.034081083	0.0026445966	0.00013947506	0.023056962	-20.185583114624023
s02e11a	530.0	5.0	0.74984014	0.74984014	0.077936076	0.038518935	0.00025769812	0.008579878	0.051039256	0.00080005196	0.0055522863	0.011929672	9.738731e-05	0.0007994096	0.0007782744	0.036587626	0.003319653	0.0005185234	0.012172717	0.00036218346	0.07400163	0.19176257	0.0061581493	0.0061581493	0.0011552888	0.01269683	0.0032482322	0.01269683	0.028829196	0.009636774	0.004226541	0.000927233	0.00035194622	0.0008449064	0.005382326	0.0011252392	0.00054791337	0.00057932787	0.00057932787	0.0004022961	0.0013865347	0.00046063136	0.00014279548	0.0013865347	0.0006635234	0.002021906	0.0009936431	0.00033511137	0.0003419555	0.00093912927	0.0041365544	0.0011310213	0.0005117069	0.009517854	0.0004321041	0.00091383106	0.0011033025	0.0010199579	0.00019617274	0.00024269242	0.00040369126	0.0015367592	0.000486666	0.00024043623	0.0018362602	0.00042830233	0.0004953468	0.0016402182	0.00059384597	0.004380323	0.0033636363	0.00019604054	0.0060552084	-19.273334503173828
s02e11a	535.0	5.0	0.87184805	0.87184805	0.0030418888	0.36921892	0.001413515	0.0006391588	0.00210795	0.005158018	0.005047806	0.022407912	9.839583e-05	0.0003715154	0.0011742098	0.002395361	0.0013523219	0.0001332659	0.0026355756	0.00043673784	0.00022650778	0.00092309446	0.0046872897	0.0044272915	0.0008320426	0.005566574	0.0024541987	0.005566574	0.06989071	0.0069374815	0.0021109972	0.0010246377	0.00092573895	0.0010088393	0.0021550285	0.001542067	0.0007184952	0.0014223433	0.00041435895	0.0010748083	0.0011190217	0.00028574397	0.00022222579	0.0011190217	0.00073555426	0.0020735394	0.0024399362	0.00011427985	0.00028510828	0.0011188873	0.0007014905	0.00040304678	0.0008724585	0.00096961064	0.0015853046	0.0012883916	0.0025647834	0.018278075	0.0037372322	0.054988217	0.00015093914	0.0012739069	0.0035663838	9.284194e-05	0.007432843	0.0007642822	0.0003211731	0.0002607012	0.00078147	0.0077137877	0.0006631346	0.00052057236	0.007432843	-21.77723693847656
s02e11a	540.0	5.0	0.46222505	0.46222505	0.0019083713	0.12237345	0.0005394655	0.0004909704	0.000597396	0.0016081257	0.011139264	0.010650351	0.00038318313	0.00030358176	0.0031043005	0.0026410625	0.001168453	0.00016153594	0.006781457	0.00034787753	0.00073775573	0.0006142787	0.008998695	0.0033288938	0.001313057	0.0064740563	0.0018405934	0.0064740563	0.09668984	0.008925318	0.0021840378	0.0011754653	0.00069747056	0.0011158426	0.0019798696	0.00095925643	0.0008701987	0.0030890708	0.00087719364	0.0030890708	0.0011764416	0.00042881584	0.0008566594	0.0011764416	0.0013808622	0.0027985973	0.007236414	0.00019812904	0.000303396	0.0005906083	0.002028078	0.00089855853	0.0015447807	0.011566815	0.00088378193	0.010106512	0.009900354	0.004314051	0.0008946727	0.004769047	0.0002905124	0.00070957775	0.0017537576	0.00029674565	0.0047763735	0.0020883577	0.00024642778	0.002857232	0.0012596726	0.0061223777	0.0020470114	0.0010433666	0.017599525	-24.518253326416016
s02e11a	545.0	5.0	0.8283176	0.8283176	0.0018043135	0.01048172	0.00018063479	0.00024213447	0.0002656456	0.0002984483	0.0005509111	0.022952408	0.00029746827	0.00050251966	0.0053640823	0.00321155	0.010926047	6.298337e-05	0.0005369861	0.000111156136	7.0664806e-05	0.00029592807	0.08143821	0.01276367	0.0017552276	0.009780721	0.0022261771	0.079814084	0.022927966	0.0020427415	0.00072602305	0.00034020565	0.0004938725	0.0007671498	0.0004237423	0.0005456661	0.00021543322	0.0010994163	0.00041103188	0.0007302865	0.0015237812	0.00026923802	0.0001648553	0.0015237812	0.011742448	0.002433699	0.0012658306	4.2792784e-05	0.00018415645	0.0002483899	0.0004680061	0.0017140743	0.0012001472	0.0025491514	0.0004921889	0.00084740424	0.0031207043	0.00094036135	0.0009186709	0.012499636	0.00070520927	0.00050486164	0.0004394184	0.000573863	0.044355363	0.0020122784	0.00020007775	0.00076086784	0.0025569738	0.039867494	0.0005998111	0.0003086372	0.044355363	-24.66861343383789
s02e11a	550.0	5.0	0.83780533	0.83780533	0.004601624	0.08251948	0.0010637206	0.00034300704	0.0027658565	0.0023986744	0.0034984096	0.013829829	0.0006522403	0.00016616042	0.012782501	0.0044691204	0.0058045294	0.0003574099	0.010837587	0.00073418865	0.00028165142	0.0007587547	0.004240514	0.004240514	0.0010180455	0.0022377945	0.0021697795	0.0022377945	0.017265514	0.0029615401	0.001410783	0.0011200764	0.00039446636	0.00084651046	0.0010840885	0.00043034946	0.00028242852	0.001331502	0.0005175235	0.00093473546	0.0007053901	0.00021700082	0.00020862074	0.0007053901	0.0026263176	0.0012915276	0.0017579056	0.00012531911	0.00015310112	0.0003859648	0.0008961346	0.00085373316	0.00078935095	0.00360011	0.0020541952	0.005323449	0.0047026398	0.0017539631	0.0011448321	0.09789039	0.00035924948	0.00065258355	0.0032253682	0.00010085931	0.004549669	0.0034555227	0.0001594562	0.0006340013	0.0022073656	0.031844907	0.0032123178	0.0004936462	0.023423648	-21.97303009033203
s02e11a	555.0	5.0	0.79301953	0.79301953	0.0038112553	0.0064689154	0.0035655233	0.0007322814	0.002494775	0.0024913494	0.0011697921	0.034955252	0.0005196099	0.00019815624	0.011140614	0.21242286	0.00624162	0.0002915265	0.0021358796	0.00028503733	0.00072086754	0.00044312593	0.13887826	0.13887826	0.006338363	0.0024224494	0.001465939	0.0034437564	0.02963573	0.0036127146	0.0012268142	0.00048562014	0.000505109	0.00037089823	0.001996158	0.00039925973	0.00023400817	0.0041443952	0.001282576	0.002210773	0.00171373	0.00038913323	0.00030915637	0.00171373	0.006044791	0.0047348295	0.0006482197	5.3094012e-05	0.00017597698	0.00016703649	0.00060626783	0.0046737036	0.0002756234	0.01310878	0.00047168686	0.016285863	0.0015616652	0.00068224245	0.00048849883	0.0027887695	9.323755e-05	0.00035849866	0.0005199185	0.00024827648	0.0013430831	0.0010617959	0.0025372175	0.01390513	0.00039828563	0.0071755094	0.004127087	0.00048054496	0.060987238	-24.155078887939453
s02e11a	560.0	5.0	0.86551493	0.86551493	0.004435559	0.041612964	0.00796577	0.0009973072	0.006864808	0.0033848383	0.0016968086	0.07045934	0.00048377414	0.002103379	0.01665362	0.022570116	0.0052244063	0.0010291067	0.0018124873	0.00020474865	0.00044543977	0.0006532422	0.044832606	0.044832606	0.015975207	0.0038660069	0.0026448246	0.0053880597	0.023263477	0.0044290572	0.0014438693	0.0008297355	0.00069092325	0.00073648785	0.0007566903	0.0002937392	0.00018975884	0.004361121	0.0010157824	0.0030582282	0.0039134366	0.00033386328	0.00024872003	0.0039134366	0.004719003	0.0034851162	0.0022650333	9.276186e-05	0.00022082457	0.00032956025	0.0009000032	0.0066519175	0.00077280327	0.009366419	0.00037891613	0.004231499	0.0008798468	0.0011378255	0.000716144	0.020382632	0.00070923666	0.00040648127	0.0013526465	0.0004903056	0.003095515	0.000580147	0.00031274997	0.0033777358	0.00055565446	0.007994039	0.0011723991	0.00063452206	0.021091713	-24.593036651611328
s02e11a	565.0	5.0	0.8753738	0.8753738	0.023509135	0.041074526	0.0010945305	0.00069879886	0.0008880236	0.0018486558	0.0031472207	0.015880527	0.00047732148	0.0006737386	0.006247189	0.0062725623	0.011101594	0.00052146206	0.0010399638	0.00018350755	0.00032381198	0.0012977095	0.008868781	0.008868781	0.0014511931	0.0046631284	0.0040046293	0.0046631284	0.017361684	0.0034666357	0.0011541217	0.0007262476	0.00034216244	0.00076837605	0.001483714	0.00041728234	0.00022522149	0.0058862953	0.00073419954	0.005179037	0.002336963	0.00034462067	0.00078266056	0.002336963	0.002171116	0.0021014262	0.002016078	0.00011384489	0.00016215973	0.00040039368	0.0008372215	0.001754708	0.0009437631	0.0017243121	0.00050233095	0.002002931	0.00071249827	0.0029770855	0.0001479383	0.0133716455	0.00040257003	0.00088194595	0.0060241874	0.00029154457	0.015340061	0.0013352165	0.00025846585	0.00022713258	0.0009890868	0.0049582557	0.0012935601	0.0013365479	0.024875404	-22.95929908752441
s02e11a	570.0	5.0	0.8441406	0.8441406	0.012538525	0.03128	0.00037935365	0.00086944277	0.04392739	0.0013103061	0.0012655912	0.011062515	0.00022315705	0.00013622157	0.008081378	0.005815936	0.0025305022	0.0009936062	0.0015858052	0.00021797878	0.00060848845	0.011441044	0.010331438	0.010102716	0.0025510848	0.011040814	0.00055565254	0.011040814	0.031928163	0.0021713814	0.0006124297	0.0003072397	0.00018819894	0.00027904648	0.0011203453	0.00012712058	0.00013757407	0.0011373321	0.0011373321	0.000991435	0.0018937673	0.00093318353	0.00025115517	0.0018937673	0.0045184884	0.01157757	0.034253277	0.00036240328	0.00047225333	0.0003531491	0.0035420288	0.0053215963	0.0038217648	0.062021043	0.0004651521	0.006875366	0.0014483635	0.002644505	0.0010130493	0.0047996044	0.007337903	0.0007069821	0.00093386485	0.00036640526	0.013356725	0.00065343024	0.0004908038	0.004429995	0.0009607661	0.008088552	0.0018264862	0.0005427374	0.013356725	-25.25159072875977
s02e11a	575.0	5.0	0.8551176	0.8551176	0.008447109	0.032488856	0.00027918856	0.0066817147	0.039354645	0.0041743335	0.0043223784	0.003777977	0.0038275514	0.00034113045	0.0091562625	0.0030009286	0.00058785494	0.0003026994	0.0025619124	0.000716738	0.0030053358	0.001859708	0.008017574	0.005568253	0.0006954564	0.0010328597	0.00021844002	0.0010328597	0.054513734	0.0067591053	0.002937477	0.0016718092	0.00041851154	0.001026523	0.006465116	0.00035730872	0.0006034379	0.002751003	0.0011891763	0.002751003	0.001099186	0.00094511284	0.0011959369	0.001099186	0.00096017355	0.0023234421	0.022709405	0.00047402963	0.0006989221	0.0010830233	0.0034804924	0.0014641233	0.009007403	0.26084003	0.0046165083	0.022779675	0.0012144882	0.0044160928	0.009920234	0.0019535795	0.00065806904	0.0021857407	0.001365695	0.00021903797	0.0051225866	0.0017201131	0.002203066	0.09675779	0.002678289	0.002657028	0.0053630774	0.00046544397	0.09675779	-19.152870178222656
s02e11a	580.0	5.0	0.810227	0.810227	0.022041894	0.03004101	0.00033924228	0.003135827	0.091360606	0.0014465661	0.0023188894	0.015702162	5.9324688e-05	0.0005183509	0.0015757957	0.005798454	0.0011054197	0.0022414098	0.0052413023	0.0006205687	0.042649373	0.058449384	0.022922443	0.022922443	0.0014719652	0.0019381074	0.00058531703	0.0019381074	0.048616152	0.015611037	0.00463329	0.001344441	0.0004588383	0.0013655591	0.006061126	0.00042066182	0.00053689035	0.0017465865	0.0011636673	0.0017465865	0.0139860585	0.0020889959	0.000469019	0.0139860585	0.00047481465	0.004778022	0.0030048687	0.00072080607	0.00026799974	0.0005661943	0.0046345284	0.0012816467	0.0011079715	0.0030734495	7.608985e-05	0.000691765	0.00043840046	0.0014272504	0.00046605396	0.00170723	0.00017118084	0.0013240625	0.00014313821	0.0001786724	0.0012135596	0.0002350511	0.0009493962	0.00096565555	0.0006470023	0.013711295	0.002639081	0.00014846187	0.0049731205	-21.901273727416992
s02e11a	585.0	5.0	0.7237695	0.7237695	0.034663074	0.048972078	0.00033257762	0.0070684687	0.069552206	0.0018731306	0.01297035	0.01008185	0.00017280868	0.00044983914	0.0027069408	0.0033975341	0.0006485317	0.0007402332	0.011048549	0.0016586975	0.024200268	0.02885814	0.0033770313	0.00072272925	0.00057599327	0.0018863471	0.0003275968	0.0018863471	0.5061667	0.023557061	0.0056637847	0.000984332	0.00030717353	0.00059841893	0.009775997	0.00028343254	0.0015610392	0.001069812	0.0007430122	0.00075911806	0.0016566922	0.0009936099	0.00019308702	0.0016566922	0.0020332064	0.0025551794	0.013132884	0.00066584756	0.0003379045	0.0007815593	0.0030093433	0.0045224708	0.0012276658	0.041627176	0.0008571428	0.022584097	0.0011902455	0.0029535382	0.03422045	0.0006512986	0.0007796454	0.001222918	0.00046550142	0.00020492716	0.0018496598	0.0017775638	0.0011344872	0.026946565	0.000643554	0.0017163384	0.008543571	0.0001969695	0.026946565	-18.57082748413086
s02e11a	590.0	5.0	0.6517387	0.6517387	0.0019865448	0.03684918	0.0015710404	0.0071484963	0.0052515026	0.0017619544	0.031873707	0.030406473	0.00057918066	9.779193e-05	0.005621814	0.0023747617	0.00059720984	0.00019824885	0.0028759595	0.0006678429	0.0023407983	0.0030723463	0.0029509303	0.0029509303	0.0012815247	0.0033129044	0.0022727426	0.0033129044	0.7331567	0.037768606	0.029636607	0.0007917148	9.630295e-05	0.0014767866	0.0099179065	0.0005058665	0.009210188	0.00030643147	0.00021765189	0.00020114682	0.00016462377	0.00023306652	8.6103966e-05	0.00023306652	0.00039375422	0.00071887125	0.0031255765	0.00014742206	0.00077511475	0.00040968464	0.00069152535	0.00053512264	0.00044712506	0.017272651	0.0012588138	0.010359862	0.0016046851	0.0008460899	0.009616984	0.0014074792	0.00014274294	0.0006389752	0.00056243566	0.00010352604	0.0008944912	0.0009971424	0.00037608732	0.008002146	0.00023219263	0.0015287547	0.0056301667	4.4221106e-05	0.008002146	-20.12437629699707
s02e11a	595.0	5.0	0.8771717	0.8771717	0.009999957	0.10082991	0.0016873425	0.00078257394	0.033132475	0.014333082	0.0050044255	0.04106218	0.00046266557	0.0009211633	0.04013951	0.0099801775	0.0067330906	0.002216629	0.0064218896	0.0013636345	0.0012759732	0.0010682544	0.051948335	0.051948335	0.0020960085	0.0037255385	0.0034944273	0.0037255385	0.04906863	0.0038606578	0.0011137665	0.0006406249	0.00023331908	0.0005086775	0.0010216151	0.00079915865	0.00040642335	0.001185962	0.00036830318	0.00054470677	0.00047263183	0.00014178197	0.00015522195	0.00047263183	0.0014328223	0.0008140288	0.0030697873	7.2441304e-05	0.0005850842	0.00018486334	0.0013497743	0.0018096976	0.00065833156	0.00736434	0.00047675488	0.0065345024	0.00092863565	0.001114236	0.001676015	0.005997703	0.00040585132	0.0013415649	0.0016549802	0.0004624464	0.0013168292	0.0006563969	0.0005492064	0.004629773	0.000686005	0.0019559537	0.0027459136	0.00025862435	0.008331184	-21.576736450195312
s02e11a	600.0	5.0	0.87966496	0.87966496	0.046740677	0.38589752	0.0006465889	0.004973342	0.16159876	0.009292411	0.0024648518	0.004525219	0.0005566632	0.00052548293	0.001303145	0.0021745977	0.0021272465	0.00028820362	0.0005361519	0.0011651758	0.0010992226	0.019634979	0.0056605577	0.0056605577	0.0017486962	0.003237951	0.0010685882	0.003237951	0.046061594	0.0033318962	0.00092286145	0.00060899404	0.00024466653	0.00050116115	0.0008043009	0.00024260381	0.00032088664	0.0009867196	0.00024226704	0.0005903277	0.0008729409	0.00026824002	0.00024662382	0.0008729409	0.0005938185	0.0015526814	0.0074777454	0.00026316932	0.0006054467	0.00070049806	0.0023370318	0.00069668493	0.002167498	0.0023833876	0.00061890064	0.00041359517	0.00085886946	0.021149058	0.00096467265	0.0013483173	0.00026399738	0.00077658455	0.0014368827	0.0002329821	0.0007698511	0.0004180113	0.0002899678	0.0007803043	0.00043444763	0.0021070603	0.0028466878	0.00019596242	0.0028466878	-20.52604866027832
s02e11a	605.0	5.0	0.84127915	0.84127915	0.022862278	0.08171695	0.0002715854	0.0038648427	0.13669975	0.00108925	0.0034475946	0.012447655	0.0003607671	0.0005445687	0.00059421	0.0017025961	0.0033707686	0.0014593765	0.003224643	0.00057679066	0.02013861	0.036301818	0.004490422	0.0038225693	0.0014835706	0.001740615	0.00056589185	0.001740615	0.087031014	0.009218594	0.003676601	0.0013166893	0.00047917003	0.0010408727	0.0025341096	0.00065763044	0.0007061353	0.0020093187	0.00038894833	0.0020093187	0.003769197	0.0004711849	0.0006178758	0.003769197	0.0005829567	0.002133772	0.009012372	0.0004358515	0.000694236	0.0009290631	0.005256198	0.00096419384	0.0029799275	0.009327379	0.0011183578	0.004539429	0.0009883455	0.0077860155	0.001652616	0.0034010315	0.00048249477	0.001435323	0.0012359245	0.000403984	0.0015086167	0.0005408881	0.00127526	0.0039616697	0.0013764978	0.009449286	0.0029218753	0.00039046985	0.0039616697	-22.44182777404785
s02e11a	610.0	5.0	0.83443713	0.83443713	0.013327492	0.22946332	0.008292645	0.001266114	0.008602496	0.039118044	0.0125933895	0.08323696	0.0013158758	0.00044519972	0.0047197198	0.0021526406	0.04464925	0.00083699427	0.010971693	0.00024391679	0.00050708454	0.0009902762	0.015866285	0.004200967	0.0017775334	0.0044037867	0.0029388433	0.0044037867	0.034017667	0.004345548	0.0019146913	0.0009606292	0.0009572305	0.00084280974	0.0017514043	0.001227169	0.00080633716	0.0017089896	0.0006865243	0.0014587992	0.0019091534	0.00038333546	0.00042496013	0.0019091534	0.0012605536	0.0035208059	0.007338918	0.00021678639	0.00032882026	0.00092162157	0.0014751111	0.001227169	0.0015898033	0.0034456225	0.0012157272	0.0036382882	0.00071198784	0.02388885	0.0009989575	0.00828441	0.0001613249	0.0019591993	0.008863217	0.00020569416	0.00504782	0.0008424601	0.00047858388	0.0010842605	0.00040887872	0.0023571823	0.0008082469	0.00074027345	0.0064360932	-22.050342559814453
s02e11a	615.0	5.0	0.8626677	0.8626677	0.01736497	0.14422147	0.00041922246	0.0008509426	0.0031530755	0.00075539696	0.0018966031	0.0013622079	0.00013251662	0.00023713915	0.0026066306	0.0014907235	0.00036879416	4.207196e-05	0.00030930317	0.0007615827	0.00020294884	0.0009509347	0.0017369327	0.0014182944	0.00076122285	0.0035206354	0.00089461566	0.0035206354	0.07484252	0.0069104685	0.0022087544	0.0007800928	0.0005396805	0.0010391275	0.0022190118	0.0005069057	0.00042802969	0.0007708201	0.00025821337	0.0005115728	0.0003628162	0.00021288266	0.00015588512	0.0003628162	0.00029720264	0.001200755	0.0012366723	5.900051e-05	0.000105524516	0.00043534912	0.0007354074	0.00021943953	0.0008836249	0.00096241065	0.0006009469	0.0019927847	0.0009395643	0.005879767	0.001397253	0.010418948	8.6375185e-05	0.0007408783	0.00087643205	0.00013924928	0.006068732	0.0016887439	0.00028516699	0.00021685852	0.00034075696	0.0038264098	0.0011918339	8.263904e-05	0.0119930925	-22.226394653320312
s02e11a	620.0	5.0	0.7691639	0.7691639	0.009201028	0.039320476	0.016580297	0.00039447183	0.0054453975	0.0018692083	0.0044896035	0.02748813	0.0006619598	0.000769448	0.017687833	0.054673336	0.018487245	0.00051814516	0.0025078347	0.00037530047	0.0012531398	0.00068805175	0.038694866	0.038694866	0.002663707	0.049893726	0.027284497	0.049893726	0.029459953	0.00646492	0.0022196579	0.0013159291	0.00040889045	0.0012069185	0.0011235185	0.0002872309	0.0003043242	0.0044612414	0.0006100575	0.0017446803	0.0021224036	0.00022977867	0.00024596395	0.0021224036	0.007277549	0.0025172182	0.002508207	0.0001608541	0.00081739447	0.00041132057	0.0008683748	0.0048393593	0.00039956073	0.005952982	0.0005500941	0.003985049	0.0015268059	0.0026553113	0.00033736663	0.034090642	0.00077085715	0.0022082606	0.003627282	0.00056722027	0.0028786368	0.0008458896	0.0009298659	0.0028949552	0.00076214253	0.008544913	0.0034327589	0.00027803096	0.00968334	-26.97673797607422
s02e11a	625.0	5.0	0.8595745	0.8595745	0.009807525	0.079911426	0.0016261999	0.0012728979	0.024385734	0.0010577353	0.0021658125	0.05510597	0.0023402004	0.003988863	0.0014229293	0.004370919	0.0010596713	0.0013076083	0.00095660146	0.00048461597	0.0029103514	0.021420732	0.023487175	0.013228685	0.023487175	0.0034149447	0.0057470254	0.0062304353	0.048637636	0.0032779316	0.001330697	0.0008716584	0.00044993628	0.00097033055	0.0014404606	0.00037999373	0.00035499956	0.004837433	0.0023536338	0.004837433	0.006447522	0.0029527098	0.001155127	0.006447522	0.001462616	0.004976401	0.00964261	0.0011992359	0.0007687203	0.0004590656	0.007084018	0.0042756805	0.002078272	0.007444376	0.0007399201	0.001567829	0.0007154918	0.0012122542	0.0005862271	0.0046387627	0.0010989613	0.0016111196	0.0011080914	0.0014568951	0.0022955418	0.00049052434	0.0013958166	0.0010946618	0.0010306647	0.0058348747	0.002195626	0.00031854905	0.0034116488	-21.19359970092773
s02e11a	630.0	5.0	0.8102953	0.8102953	0.0022999463	0.18435849	0.0015693151	0.0003478049	0.0014471249	0.0031782163	0.0043242527	0.4247942	0.0007812221	9.894362e-05	0.0018846061	0.0025247447	0.0025391597	0.0009523782	0.0065778485	0.0005237745	0.00029170414	0.00043180684	0.03261546	0.008807453	0.0023872172	0.006696507	0.004697469	0.006696507	0.05226187	0.004986713	0.0012023087	0.00061020226	0.00037753588	0.0005687659	0.0013922063	0.0017372965	0.00079059193	0.003180666	0.00067737175	0.0027194046	0.0022473307	0.00046366843	0.0007020205	0.0022473307	0.00090802583	0.0024025661	0.005558471	0.00012886757	0.00028693612	0.00056362886	0.0010598338	0.000678688	0.0012628722	0.0011332683	0.000981394	0.0010836368	0.00062190567	0.0019780113	0.0010274197	0.003721507	7.9205165e-05	0.00037183886	0.0006443273	0.00011759603	0.0028682153	0.00012081173	0.00017694714	0.00024034157	0.00027938694	0.002508325	0.00063202035	0.0004417367	0.0028682153	-20.67633819580078
s02e11a	635.0	5.0	0.87592393	0.87592393	0.012986415	0.09452063	0.001188266	0.0005519999	0.0044949967	0.0067343763	0.0015108667	0.010078738	0.0008690038	0.0004846266	0.007019522	0.0016763341	0.0014090308	0.00020009663	0.0010261881	0.0011601588	0.0002683132	0.0014710166	0.48346844	0.48346844	0.004202898	0.0082741175	0.0022201564	0.0082741175	0.031955432	0.0029573345	0.0010299354	0.00041010545	0.00043259392	0.00041912057	0.0012677424	0.0006227817	0.00024590534	0.0021516052	0.0011205219	0.0013427018	0.0027372416	0.0012082873	0.00032969256	0.0027372416	0.00053644995	0.00417825	0.002945003	0.00013677278	0.00039884375	0.00059311994	0.0016308345	0.00084766344	0.0009376933	0.00084725604	0.00091657735	0.0012937585	0.0003356495	0.0057229837	0.0016531887	0.02074801	0.00026126852	0.00065563386	0.0041905693	0.000103473736	0.0023528691	0.0006889514	0.00031089492	0.00094136485	0.0007076609	0.007414442	0.0010417918	0.0002570942	0.008286867	-20.512104034423828
s02e11a	640.0	5.0	0.7839099	0.7839099	0.026517473	0.090561084	0.0007784142	0.013039101	0.054625213	0.0044339714	0.0062617525	0.011247052	0.00015573566	0.000489542	0.00081061287	0.020609371	0.0021082486	0.00036649415	0.0070259096	0.0017609801	0.013491668	0.27522162	0.00542417	0.0041783694	0.000834062	0.0035698356	0.0011676336	0.0035698356	0.041249096	0.005731741	0.0025987667	0.0009373048	0.00025569857	0.0007489966	0.0031466493	0.0009846705	0.00065409817	0.0022982233	0.0022982233	0.0013405682	0.0042603603	0.002849327	0.00056065357	0.0042603603	0.0012858227	0.008145023	0.011482217	0.0012549985	0.00040211843	0.001399533	0.005430589	0.003969435	0.0015014517	0.007872217	0.0009809915	0.0007065823	0.00076665875	0.0027119815	0.0009856476	0.0016136413	0.00024602984	0.0016575403	0.00058695587	0.0002526389	0.0016380005	0.000550504	0.00094958034	0.00271355	0.0021863584	0.0033799245	0.0065419166	0.00032519575	0.010384756	-20.461923599243164
s02e11a	645.0	5.0	0.92852145	0.92852145	0.013033261	0.3283946	0.0008390736	0.0044134245	0.11238268	0.013419262	0.0028832871	0.024838788	0.000276946	0.00025866355	0.0061065503	0.0006693763	0.003946865	0.0023070956	0.0007402498	0.00030703945	0.0013611822	0.046431676	0.004155709	0.0031639691	0.0009890774	0.001013701	0.0002313414	0.001013701	0.041459337	0.005006782	0.0017328233	0.0009430764	0.00017418871	0.00072919467	0.0013476426	0.00023503295	0.00033221638	0.0002644652	0.00017513098	0.0002627932	0.00053338235	0.00022853371	9.559269e-05	0.00053338235	0.00046093663	0.0006882584	0.003170598	0.00024921304	0.00047267688	0.0007310929	0.0009399855	0.0004837481	0.0010846137	0.002396748	0.0014662754	0.00044560968	0.00036721915	0.0035622348	0.0005666642	0.001703705	0.00016937152	0.0003503394	0.00017984031	6.89063e-05	0.00061343156	0.00011692391	0.00030012953	0.0006260548	0.0014177583	0.0022130946	0.0028185733	0.00033992084	0.0028185733	-20.6611328125
s02e11a	650.0	5.0	0.8077215	0.8077215	0.0022182032	0.25406018	0.0006653668	0.000270724	0.0007797576	0.0020221216	0.0032859521	0.15760125	0.00023982629	0.00022806811	0.00092597137	0.0016049562	0.00063591416	0.00029960836	0.0014053528	0.00032407045	0.00018200095	0.00041550287	0.013760713	0.0088005	0.0031011752	0.004879285	0.0031599053	0.004879285	0.09592686	0.0043871994	0.0009806075	0.00074487814	0.0008996629	0.0007020807	0.00083217106	0.001721899	0.0007792373	0.0015529741	0.00048520303	0.0015529741	0.0015445837	0.00037524055	0.00037479255	0.0015445837	0.0005883634	0.002587296	0.005055976	0.00015855077	0.00040222134	0.0010588766	0.0010323845	0.00061758904	0.00074286177	0.00027888105	0.0013728471	0.0004542765	0.000486999	0.005457155	0.001725106	0.0044627856	3.261295e-05	0.00085423206	0.002613459	0.00013134816	0.0018244375	0.00020560592	0.00021681553	0.0003160802	0.0003432504	0.0018259629	0.0012352291	0.0007434357	0.004134475	-20.930587768554688
s02e11a	655.0	5.0	0.81102765	0.81102765	0.008905001	0.1484671	0.00034725456	0.0019945712	0.0016734892	0.0012322577	0.002465383	0.0207745	0.0023022539	0.00026261687	0.0013255007	0.0023052634	0.0012153897	0.000529313	0.0011340107	0.00043423544	0.00022513173	0.0013875569	0.008552332	0.008552332	0.00089198595	0.0015947403	0.001817239	0.001817239	0.087653905	0.0052515278	0.0011826116	0.0013782562	0.0014757667	0.0012031295	0.0020042306	0.0010118643	0.00078728446	0.0018187248	0.00079086353	0.0017672771	0.0012212377	0.000565684	0.00043577133	0.0012212377	0.0009035458	0.0023437645	0.0044998215	0.00016688701	0.0005162612	0.00083027326	0.0013641987	0.0007297786	0.00077389437	0.0018338967	0.0017660619	0.0010973869	0.0006981226	0.015306024	0.001036183	0.02253559	0.00013453927	0.0017662637	0.018811448	0.00025639407	0.003912853	0.0007982274	0.00041526413	0.0021960062	0.00035061187	0.002349071	0.0019251022	0.00026634985	0.010574055	-20.101959228515625
s02e11a	660.0	5.0	0.7912553	0.7912553	0.0070578777	0.17488492	0.00082757504	0.0008022958	0.0015680441	0.00089528714	0.0031425806	0.019814666	0.0008081687	0.0003688703	0.0035703292	0.0010947112	0.000713729	0.00036954012	0.00080108794	0.0006039957	0.00046012824	0.0006317358	0.019555973	0.019555973	0.0025476594	0.002629596	0.0009079817	0.002629596	0.06495306	0.005855579	0.0012613744	0.00061770115	0.00060720026	0.000704731	0.0021651604	0.0005379928	0.00049181184	0.0013928893	0.0004575056	0.0013928893	0.0006970017	0.0003258329	0.0004637228	0.0006970017	0.00080764404	0.001150397	0.0026795364	0.00015343829	0.00029012683	0.00071408035	0.002225512	0.000534755	0.00095273805	0.0011269721	0.00058900303	0.0017767298	0.0014840849	0.005350392	0.001298374	0.0074521285	0.00010725113	0.0013827216	0.0022315036	0.00016120759	0.002587477	0.00067772367	0.00021027087	0.001383742	0.00068071357	0.0032960402	0.001038218	0.00024223792	0.020224318	-22.134307861328125
s02e11a	665.0	5.0	0.6162709	0.6162709	0.01598566	0.014380004	0.00019153082	0.0070214164	0.04486869	0.0006606927	0.011919677	0.010072907	0.0005172557	0.00019005564	0.0013888241	0.0019411867	0.00036933832	0.00078816793	0.0043439576	0.0017692551	0.057395145	0.091567956	0.009556763	0.0026632738	0.0007575199	0.0025977732	0.00022460603	0.0025977732	0.5214189	0.021131858	0.0048678378	0.0020333477	0.00051142945	0.0011875276	0.008207559	0.00053808047	0.0014505921	0.0014419737	0.0014419737	0.0008070182	0.0018780071	0.003055505	0.00037644134	0.0036318554	0.001312792	0.002678423	0.022191122	0.0053608594	0.00064469094	0.000978035	0.013869464	0.00051809946	0.0024325622	0.009778921	0.00051712384	0.0006413953	0.0008697543	0.0057418807	0.01149975	0.00040419877	0.00028103663	0.0014614522	0.0004328856	0.00034003673	0.00060175534	0.00034554792	0.00037730686	0.0016803592	0.001309446	0.0021568493	0.003884945	0.00032473664	0.12785664	-18.576032638549805
s02e11a	670.0	5.0	0.68457687	0.68457687	0.0014218037	0.0007053592	0.00021075661	0.00046057496	0.00061855506	0.00011798916	0.008218908	0.0029752827	6.2273146e-05	4.159666e-05	0.0005660305	0.0015412333	0.00032421632	0.0002887457	0.00028168983	0.00017693634	0.0015777887	0.0006828819	0.005145749	0.003098075	0.00060892064	0.007960805	0.0013413037	0.009602657	0.8861746	0.567882	0.5293843	0.0006575719	0.00025219106	0.00041718746	0.011279372	0.0025935622	0.0016695212	0.0006441235	0.0005608219	0.0005904734	0.0019918252	0.0011204574	0.0006441235	0.0019918252	0.00040444083	0.0049004876	0.004344275	0.00042038178	0.00085294567	0.00020128879	0.00055718824	0.0029927022	0.00055907434	0.00054148695	9.293522e-05	0.0005561329	0.00038660647	0.0026241776	0.0002704931	0.00016007807	0.0004805333	0.00048779577	0.000534674	0.00014026943	0.0006101142	0.0016525248	0.0011106299	0.0005313478	0.0007879148	0.0038444882	0.0016112577	0.00042989472	0.0024638814	-19.721778869628903
s02e11a	675.0	5.0	0.8864565	0.8864565	0.009132293	0.051182557	0.0008501063	0.0007146547	0.0019984238	0.0023175636	0.001959867	0.011664413	0.000435246	0.00071329414	0.0032383974	0.012269213	0.001841759	0.00018208008	0.0010702198	0.00063975423	0.00015430643	0.0024935366	0.016890991	0.0074163196	0.0010445013	0.0061346516	0.009460218	0.009460218	0.15090166	0.010481982	0.0025208367	0.0014943804	0.00074446585	0.0015053864	0.0033043863	0.0011683567	0.0007243769	0.008993177	0.0036083555	0.0057130833	0.008245869	0.0036942516	0.0009167503	0.008245869	0.0032094473	0.01192139	0.004905531	0.00025444297	0.00044864454	0.0009270493	0.0010470608	0.0034227169	0.00074262	0.0066726753	0.0040264786	0.005568676	0.0017493606	0.013283347	0.0008891171	0.048416674	0.0007796521	0.0010512037	0.0042179506	0.00031011368	0.019022824	0.0013749565	0.0012568664	0.0011421144	0.0020801013	0.014562981	0.0034090797	0.0005032646	0.019022824	-20.67986488342285
s02e11a	680.0	5.0	0.7713629	0.7713629	0.02656906	0.015322966	0.00048464505	0.021296723	0.026322935	0.0030470875	0.0028606728	0.0023859423	0.0007406799	0.0014255423	0.0033569436	0.004210279	0.00095149345	0.0005905511	0.0007672902	0.0014565844	0.0056280633	0.0774836	0.00923248	0.0013747357	0.00073033595	0.0005812437	0.00028625794	0.0012047522	0.050858445	0.009035641	0.003673769	0.00068968185	0.000210248	0.00046609374	0.0030518498	0.0005709602	0.00029157096	0.002321165	0.002321165	0.0012959192	0.0042237267	0.0034280138	0.00073513907	0.0042237267	0.0024825777	0.00970827	0.029424084	0.0021848257	0.0009675897	0.0015690641	0.0077779745	0.0031639722	0.0025308465	0.017633632	0.0007278929	0.00087424857	0.0006266721	0.0030843387	0.0007578521	0.00058648497	0.00014770348	0.00195339	0.0009464109	0.00051067513	0.0024662626	0.00056479714	0.0025844208	0.0022273923	0.004815805	0.0034087868	0.0035176454	0.00022452488	0.012868804	-19.906709671020508
s02e11a	685.0	5.0	0.77554846	0.77554846	0.008256525	0.13660203	0.00033581915	0.0010132635	0.047037516	0.0014196605	0.0012232885	0.0054837507	0.00033094402	0.0001539455	0.0033984964	0.0013972836	0.003762862	0.0012306378	0.000707037	0.0007380212	0.0014825156	0.007205864	0.011441324	0.003348402	0.003573165	0.0040857038	0.00089933624	0.0040857038	0.044395514	0.0034140488	0.0014025411	0.0006797224	0.00023111081	0.0005078575	0.0012969959	0.0003726224	0.000307773	0.0027569209	0.0027569209	0.0014401149	0.0017881256	0.0036350521	0.00075827795	0.0044777016	0.0020867703	0.006748776	0.053994957	0.0069501936	0.0020711569	0.0008478072	0.10979341	0.0013380718	0.007732958	0.0073306374	0.00041183238	0.0006114216	0.0016062625	0.0077346056	0.004090651	0.0041732574	0.00033733563	0.000734521	0.0005618278	0.0038464554	0.0024352681	0.0007728191	0.0011068576	0.0024713778	0.003033533	0.003741887	0.0010602473	0.00013657847	0.03707864	-20.32408905029297
s02e11a	690.0	5.0	0.7031093	0.7031093	0.08987929	0.00873059	0.00010638878	0.0074763764	0.1349901	0.0005874405	0.002218218	0.0014623209	0.00019081663	0.00067877537	0.00035189505	0.0055357395	0.00041155843	0.00061593903	0.0024053496	0.00073091174	0.0923398	0.029395439	0.0055772243	0.0023798258	0.0015392256	0.0053309184	0.00074437144	0.0053309184	0.037112735	0.013327003	0.006796946	0.001441537	0.00090067665	0.001304514	0.0077621993	0.00040472872	0.0005147444	0.003482729	0.003482729	0.001519755	0.006290796	0.0049220156	0.00055529387	0.006419344	0.0009989014	0.012100813	0.010617021	0.0044501284	0.0008611172	0.0010238844	0.019301396	0.00183991	0.0032815884	0.008400259	0.000116345574	0.0005984694	0.0018842976	0.0008644018	0.00012703468	0.00020523103	0.00022551889	0.0006488143	0.00034999286	0.00044402466	0.0023066446	0.0003752563	0.0012755668	0.0022994648	0.0005168225	0.004376644	0.001836859	0.00010120653	0.015146042	-19.886075973510746
s02e11a	695.0	5.0	0.88045186	0.88045186	0.025351899	0.38832638	0.000380642	0.0011701065	0.004577383	0.0047326954	0.004235441	0.016315805	0.0004902983	0.0005029922	0.0015071881	0.0048983605	0.0011776609	0.00033467557	0.0014786819	0.0005320893	0.00023365235	0.0029971574	0.010804476	0.010804476	0.0014168931	0.003384941	0.0032199458	0.0036024235	0.067909956	0.005858103	0.0014105545	0.0012015526	0.0015289607	0.0012005903	0.001759983	0.0013665747	0.0007742163	0.0041366974	0.0014135634	0.0019478061	0.0021206036	0.0014542373	0.0007118094	0.0021206036	0.0014929523	0.005093933	0.0088237785	0.00028732212	0.00031118374	0.0009479717	0.002828784	0.0015221026	0.0014884128	0.0014450819	0.0018539169	0.0018268924	0.0008182852	0.021489164	0.0015529654	0.028112102	0.0004930069	0.002056838	0.011304168	0.00031940022	0.0035325526	0.00055111013	0.00056122674	0.0005652644	0.0007970064	0.008140214	0.0031949135	0.0003156153	0.011862201	-21.869123458862305
s02e11a	700.0	5.0	0.75484544	0.75484544	0.009713511	0.23158531	0.00047172626	0.00033616507	0.003098184	0.0014754146	0.0024796592	0.0152092045	0.0002273603	0.00017658394	0.008889789	0.0118388925	0.0011660297	0.00017529771	0.001199072	0.00019418872	0.0003305272	0.0019335193	0.019735003	0.0039406107	0.0027587975	0.003967658	0.0022960214	0.006267803	0.054419655	0.004964579	0.0014418955	0.0012086073	0.001959869	0.001112698	0.0012362307	0.0009983273	0.00040699754	0.008432719	0.0046921973	0.008432719	0.0067834393	0.002044988	0.0015666606	0.0067834393	0.0032564187	0.035518456	0.024503754	0.00035379644	0.00053013524	0.0012890459	0.0038393438	0.009216561	0.0028766405	0.01907758	0.0011573358	0.025414962	0.0028708377	0.004373267	0.0015197174	0.016050467	0.00080580486	0.0015745215	0.0028618495	0.0002836323	0.013258364	0.0025130264	0.000983962	0.004806554	0.0021918246	0.011446346	0.0021179907	0.00074906944	0.04624603	-23.25852394104004
s02e11a	705.0	5.0	0.8776646	0.8776646	0.021686338	0.20825844	0.0044550514	0.0013930942	0.0013788063	0.0008471374	0.0031650597	0.10229328	0.00014130851	0.00022958287	0.0022601623	0.006097672	0.00032298412	0.00040750144	0.0009906108	0.00028466526	0.00016054643	0.0022780306	0.015150438	0.008189727	0.004911466	0.0054428983	0.0033133435	0.007536085	0.07957571	0.006079533	0.001616029	0.001183822	0.0008071013	0.00090549747	0.0015757431	0.0013142538	0.000499125	0.011574624	0.0027592226	0.0040918337	0.00241609	0.0018456997	0.0010463593	0.00241609	0.001038643	0.0052859527	0.00391421	0.00027175635	0.00055191474	0.000746206	0.0013939152	0.0021593445	0.0008294489	0.0034946147	0.0010227292	0.0034322827	0.0004359712	0.0027527604	0.0002979323	0.006583878	0.00019902443	0.0010469776	0.00039002215	0.0003870429	0.0018576265	0.00047606917	0.00037907457	0.00074348075	0.0018811774	0.005495982	0.0025925953	0.0009150953	0.0068366537	-22.63446617126465
s02e11a	710.0	5.0	0.864976	0.864976	0.044685736	0.14013407	0.00052334904	0.006325987	0.06628765	0.0024465758	0.004228466	0.004386131	0.00014893872	0.0005483653	0.00065238023	0.0055169943	0.0012624856	0.00058739266	0.0045270156	0.000516922	0.10840303	0.0094164135	0.0037817927	0.002304667	0.0005676226	0.0067469515	0.00056283706	0.0067469515	0.05179732	0.014920599	0.0067058546	0.00204238	0.00041121687	0.00089741754	0.0038360697	0.00035531275	0.0003846047	0.0012739063	0.0006620122	0.0011180349	0.002561313	0.00083565386	0.0002094433	0.002561313	0.0010464954	0.003396459	0.016541949	0.0018277881	0.0024028588	0.001726326	0.0054430966	0.001490336	0.0012849192	0.011545681	0.00062703417	0.002151024	0.0011313597	0.002962285	0.0007170519	0.0012217654	0.00034823985	0.0021614188	0.00038727414	0.00027911938	0.0013636369	0.00047046726	0.00046204784	0.0011346613	0.0006760651	0.004416103	0.005723985	0.0003698665	0.012537338	-19.58543968200684
s02e11a	715.0	5.0	0.86897576	0.86897576	0.029796215	0.003994668	0.0003372147	0.00045899578	0.00811119	0.00048203554	0.0020208566	0.0009800125	0.0002703572	0.0001132887	0.0050833374	0.0066645574	0.0004283566	6.220276e-05	0.0008406687	0.00042647263	0.00022605945	0.002361454	0.008179078	0.0033062038	0.00090550265	0.002625331	0.0010628772	0.00979275	0.16924632	0.022491608	0.008384148	0.0008653904	0.00040782714	0.0012289236	0.0030977805	0.00030040205	0.0003466896	0.004004869	0.0016641056	0.0018240164	0.0014698991	0.0010090725	0.00039655535	0.0014698991	0.0009587325	0.006637625	0.002784005	0.00024939512	0.00016637222	0.0004105011	0.0013176579	0.001460324	0.001853901	0.024466364	0.00052681967	0.008363483	0.0020386716	0.004409864	0.00043356	0.0037842817	0.00026433234	0.00073093997	0.00026967193	0.00015257894	0.008603452	0.00444261	0.0012109356	0.0023735613	0.0010061403	0.010299115	0.002704603	0.00015997369	0.013257496	-20.33753204345703
s02e11a	720.0	5.0	0.8448335	0.8448335	0.03232963	0.010885706	0.003026426	0.0009125168	0.0053946516	0.0028633508	0.006129052	0.0011726683	0.0028387723	0.00016061931	0.0061124717	0.004147935	0.00060291874	0.00032417645	0.003276134	0.00036864338	0.00044860953	0.0019495914	0.004466179	0.0042833714	0.0017840823	0.006247547	0.0023174535	0.006382709	0.102800995	0.015325131	0.004496531	0.001220171	0.00050985004	0.0014864354	0.0040511545	0.0008383236	0.00090332894	0.0028963126	0.0012141312	0.001032715	0.0009472846	0.00048221753	0.00036294074	0.0009472846	0.0006396006	0.0057778438	0.008240247	8.183633e-05	0.0005148972	0.00083416176	0.0011108657	0.0015037691	0.0031470158	0.004524193	0.003504406	0.006280601	0.001766052	0.008450044	0.0012556644	0.004898565	0.00026542306	0.00094612286	0.0014744301	0.000571524	0.005492863	0.0044236905	0.002045288	0.004135763	0.007055749	0.013047314	0.005781636	0.17915767	0.036747135	-28.634674072265625
