episode_id	onset	duration	talking	speech	man_speaking	woman_speaking	baby	shout	laughter	cry	singing	kids	groan	whistling	breathing	walking	mouth_sounds	fart	hands	heartbeat	cheering	crowd	mammal	dog_bark	cat	rooster	duck	bird	music	musical_instrument	guitar	piano	organ	electronic_instrument	percussion	bell	ambient_music	weather	wind	rain	river	wave	thunder	river_sea	fire	boat	car	traffic	car_honk	emergency_vehicle	train	cycling	engine	door	doorbell	knock	dishes	radio_tv	dryer_vacuum	zipper	keys	alarm	telephone	whistle	mechanisms	tools	boom	bang	glass	water	beep	silence	sudden_noise	db
s02e16a	0.0	5.0	0.7847927	0.7847927	0.0055257734	0.0014874316	0.00018286845	0.0007258778	0.00044156745	0.00037704295	0.01998559	0.0032823528	0.0005168979	5.3113814e-05	0.0013149738	0.0024611496	0.00025863913	0.0006325479	0.00038549321	7.254417e-05	0.00030460834	0.0002308943	0.0031990316	0.0031990316	0.0009007933	0.0020760046	0.0034323072	0.0034323072	0.7943437	0.10111382	0.10111382	0.005477141	0.0005538896	0.0037869648	0.023516968	0.0026154858	0.0032326905	0.002578102	0.0011385542	0.002578102	0.003380395	0.0034236636	0.0008759441	0.0034236636	0.0006278014	0.0053507574	0.008684159	0.00040316128	0.00086823164	0.00019755482	0.0029621527	0.006467199	0.00093691814	0.0014190888	0.0014481815	0.00077953766	0.00059107196	0.0022377167	0.00034005873	0.00053012616	0.0005255182	0.00082678883	0.002016263	0.00016281137	0.000991803	0.0012706484	0.0003413403	0.0005533754	0.0018030307	0.0069914693	0.0010359426	0.02124568	0.0042149476	-24.0284423828125
s02e16a	5.0	5.0	0.74874556	0.74874556	0.0071909144	0.0028367105	0.00071549794	0.0007950902	0.00068327965	0.0008252768	0.0016719461	0.0017966031	0.00020672203	0.00050960516	0.0056607835	0.006244848	0.0046483013	7.8398254e-05	0.0006607481	0.0002549899	0.0001527915	0.00071581	0.022569396	0.009412554	0.0011453917	0.005667927	0.002805755	0.0064527723	0.04026702	0.0068841586	0.0026647232	0.0005948815	0.00045421158	0.0011582176	0.0033194514	0.0014790328	0.00037698812	0.0032713076	0.00064992515	0.00042706073	0.0007571858	0.00023713667	0.00014333297	0.0007571858	0.0027785827	0.0019728304	0.0043678842	0.0001762591	0.00096156046	0.0006981239	0.00049253483	0.004301172	0.0012805277	0.013940272	0.0011427489	0.003723562	0.035115484	0.0032529691	0.00014280665	0.015610611	0.022888463	0.0018601171	0.0018574852	0.00060522	0.06719261	0.00630288	0.00049042713	0.00068561354	0.017082203	0.012568937	0.0052809305	0.00031134402	0.06719261	-23.377439498901367
s02e16a	10.0	5.0	0.8307705	0.8307705	0.022527233	0.0072996984	0.00021316989	0.0009512351	0.24483465	0.0004844802	0.0019960022	0.0016577106	0.0003417691	0.00011322747	0.0035200415	0.0028014411	0.0010822616	0.00080732664	0.0014931095	0.0017666136	0.00066004763	0.017206486	0.036836132	0.0015966517	0.0030559408	0.00845227	0.00072416256	0.00845227	0.046499174	0.0066401	0.003270669	0.0008368698	0.00044053863	0.0009382162	0.002139166	0.00024828123	0.00023123954	0.0069443085	0.004556795	0.0069443085	0.004103248	0.004434007	0.001897032	0.004434007	0.0013875795	0.023555221	0.034837157	0.001230063	0.001004013	0.00080122537	0.009761459	0.0018781394	0.008942234	0.030201778	0.00038113017	0.005166106	0.000773849	0.0025101807	0.00010791509	0.00025357187	0.0014411344	0.0006265258	0.00039748452	0.0004730812	0.002134954	0.00051470805	0.00038320283	0.0056510437	0.0014164572	0.003622563	0.0014443486	0.00032156467	0.0056510437	-23.34701538085937
s02e16a	15.0	5.0	0.83728945	0.83728945	0.0325735	0.013405003	0.00042040486	0.00186852	0.11666117	0.0032355941	0.0019468099	0.0035486054	0.0025372861	0.00029516304	0.0064504	0.0044244677	0.009810767	0.0017135832	0.003131851	0.0002082245	0.0015204883	0.03507096	0.018026706	0.018026706	0.0011923653	0.0029598214	0.0014616067	0.0029598214	0.04715321	0.006553964	0.0016890478	0.001426376	0.0006400101	0.0014453853	0.0034538058	0.0015310833	0.00027845328	0.00037569317	0.00033635632	0.00037569317	0.0013837148	0.00039892836	0.00010630928	0.0013837148	0.0007726258	0.0030537187	0.0019959137	0.00023003182	0.001546723	0.0003439883	0.0022950165	0.005486586	0.0012934709	0.010740891	0.007835589	0.0057528946	0.010317231	0.00069597823	0.0003171034	0.002046353	0.0023240834	0.0013287542	0.0005012156	0.00024460498	0.0027825679	0.008959802	0.0013034478	0.019581657	0.15590775	0.002854671	0.02240846	0.00037378937	0.15590775	-23.790903091430664
s02e16a	20.0	5.0	0.88102204	0.88102204	0.020895677	0.0060290485	0.00058647717	0.0028884052	0.2855115	0.0004617839	0.0027830547	0.0013048578	0.0006519271	0.00026230133	0.00049273367	0.0010169947	0.004354261	0.00080893765	0.0012178256	0.0009576	0.006279774	0.07388577	0.002317932	0.002317932	0.0021376356	0.0014825086	0.00039594152	0.0021218553	0.11434759	0.012396879	0.008712648	0.000984241	0.000446459	0.00096026	0.0033046266	0.0003255069	0.0003813359	0.0003662645	0.00019866684	0.000318241	0.0013608256	0.00037403428	6.930228e-05	0.0013608256	0.00059475057	0.001653103	0.0025979707	0.00043560768	0.0003494589	0.000276199	0.0037487547	0.00030147683	0.0012293566	0.0056542433	0.0005616698	0.0009300015	0.00044665753	0.0022133517	0.00029940502	0.0011373309	0.00031698128	0.0006661523	0.00047757584	0.00026748332	0.0011311743	0.0009302257	0.00030029955	0.0010527967	0.0013422109	0.003956621	0.001896234	0.00014129153	0.0055917753	-24.849395751953125
s02e16a	25.0	5.0	0.82611394	0.82611394	0.006124276	0.0064606094	0.00026132134	0.00045620327	0.033291377	0.00028529807	0.0012426494	0.00821574	0.00032945722	3.8955397e-05	0.0030936277	0.011575824	0.00024710444	0.0002962013	0.00047767465	3.5597983e-05	0.00017410901	0.001096622	0.013165022	0.0014228304	0.0004139904	0.009656317	0.0005434805	0.009656317	0.029990181	0.0022644256	0.0012372921	0.0001264905	0.00024294476	0.00020088539	0.0027282422	9.5975665e-05	0.00013990836	0.00033840662	0.00024755343	0.000115879564	0.00026592688	0.000108428976	5.7784302e-05	0.00026592688	0.0013074047	0.0015731594	0.0022625173	4.8389924e-05	0.00010320245	0.00011928309	0.0003221016	0.0032935834	0.0008704611	0.2687823	0.00025695082	0.043953493	0.0028268865	0.00034498965	0.00094874157	0.0011659431	0.0014474962	0.0002627649	0.00014642626	0.00010739011	0.0009786222	0.007169621	0.00086877693	0.28619966	0.0021788275	0.0029757186	0.009931921	0.000263555	0.28619966	-23.1331729888916
s02e16a	30.0	5.0	0.6283561	0.6283561	0.035733715	0.0052070776	0.002007944	0.003405398	0.23532836	0.0013165427	0.0087659815	0.0037729014	0.0002373803	0.00052568427	0.00061878626	0.0020256678	0.0027970618	0.0009988986	0.0013220834	0.0039172396	0.0076174033	0.060857616	0.001769848	0.0009561613	0.001769848	0.0006809699	0.00044067434	0.0008302151	0.1081528	0.00831983	0.0024069382	0.00063311966	0.00050261023	0.00063840055	0.0052515925	0.00019621839	0.00058156153	0.0008548728	0.00077918044	0.00023090486	0.0019549057	0.001212753	6.4381275e-05	0.0019549057	0.0003709334	0.0038999114	0.0024156177	0.00034112297	0.00054480386	0.00025066428	0.0027099033	0.00068241666	0.0004330261	0.023644354	0.0005521875	0.0013234824	0.00022025222	0.00066589523	0.00019484843	0.0005741376	0.00021513127	0.00055728806	0.00031143424	0.00033099734	0.0009039109	0.00035945434	0.00062832155	0.003759955	0.00022144278	0.0034051635	0.0026314212	0.00013138211	0.046863932	-22.91286277770996
s02e16a	35.0	5.0	0.7309281	0.7309281	0.08364221	0.013638208	0.00036111622	0.025034906	0.1703098	0.009066781	0.006775233	0.0026473084	0.0010492442	0.0006181679	0.00080041226	0.008365195	0.00037379024	0.00010779506	0.0011396593	0.0021456706	0.014258672	0.08215047	0.0020459313	0.00068747235	0.0009103943	0.0014617459	0.0004860798	0.0014617459	0.0946862	0.006108348	0.0021240474	0.0009966248	0.0004677755	0.00074096513	0.0035591116	0.0004009817	0.0010556877	0.00059287524	0.00050925236	0.00029305165	0.0015441448	0.0009752988	0.00012987618	0.0015441448	0.0004803222	0.003204245	0.0051882924	0.00042130472	0.00030942707	0.0022587315	0.0013728202	0.0007857958	0.0007049466	0.029126402	0.0012816954	0.0030970722	0.0009710167	0.0024047615	0.00038632168	0.00044306004	0.00057021354	0.001467238	0.0006925651	9.9071265e-05	0.0013300234	0.0005398734	0.000598204	0.0038068786	0.00044435938	0.0042365734	0.0029591743	0.00018757854	0.02526842	-21.816919326782227
s02e16a	40.0	5.0	0.8359276	0.8359276	0.030859392	0.03181842	0.00063472684	0.004660009	0.2749717	0.002108933	0.0014045674	0.00407876	0.00015743836	0.00044523325	0.000794157	0.00579717	0.0009580996	0.0005444597	0.003718439	0.0011833627	0.010364126	0.049782153	0.007166601	0.007166601	0.0011605909	0.0039774934	0.0025115495	0.0039774934	0.037370328	0.005309409	0.0021540239	0.0006740347	0.00034379357	0.0005582514	0.0028058763	0.00054183626	0.0003617145	0.001253754	0.0006970695	0.00087800605	0.006951605	0.0018814103	0.00013809612	0.006951605	0.00056163984	0.0038156393	0.00920689	0.0013222377	0.0010692597	0.0025988843	0.002138312	0.0013610434	0.0023063703	0.013186586	0.00065667916	0.0014048677	0.00053961924	0.0032633755	0.0008636601	0.0041427207	0.0004877546	0.0017152481	0.00033389608	0.00022052602	0.0016440785	0.00097162515	0.0007415384	0.0032674975	0.0008273622	0.008998967	0.0071576266	0.00011603326	0.040598962	-21.8088321685791
s02e16a	45.0	5.0	0.8342614	0.8342614	0.042388383	0.07742999	0.0019053746	0.0097175995	0.15159707	0.0055770157	0.005820412	0.0077251215	0.00033419608	0.00093986234	0.0016937049	0.003506878	0.0023879292	0.0009005891	0.0021265815	0.00083471235	0.006096308	0.06409098	0.01654679	0.005875674	0.0030318939	0.0048553273	0.00072502263	0.0048553273	0.047376838	0.007260402	0.00340339	0.001720937	0.00038137008	0.0013708965	0.002370615	0.0006285851	0.0005687149	0.0013152005	0.0007349223	0.0013152005	0.004611012	0.0015467714	0.00029329845	0.004611012	0.0015075749	0.0035269978	0.0045591574	0.0009554478	0.0006674357	0.0009404209	0.004816456	0.00083240855	0.0029322375	0.0035381198	0.00075976615	0.0020675599	0.0012651249	0.0039405976	0.0003955648	0.0015290203	0.00033480706	0.0010414728	0.00048313334	0.00045878522	0.0012769775	0.00032522305	0.00079863064	0.002594099	0.0017837604	0.0038057307	0.0042604976	0.00031661676	0.0042604976	-22.15896797180176
s02e16a	50.0	5.0	0.7895001	0.7895001	0.057074677	0.031433694	0.00017271905	0.00022823058	0.00077677803	0.0014500797	0.0017094486	0.0010205592	0.00038881783	0.00028043173	0.0056855404	0.0020536496	0.0010247525	0.0001430783	0.0011696573	0.0006536389	0.00023191317	0.0014475439	0.0032741665	0.0018990772	0.00103038	0.0013768957	0.00038040223	0.003080816	0.014839865	0.0063527105	0.0021754496	0.00082424015	0.0008503744	0.0010105723	0.001417356	0.00015941166	0.00017292242	0.0016619324	0.0013662277	0.0015685905	0.0009623427	0.00074667623	0.0005304592	0.0009623427	0.0034306797	0.004117996	0.004896002	0.00028876992	0.00023324548	0.00084613176	0.0016030152	0.0007058561	0.0015270836	0.0037270908	0.0002981892	0.0068967477	0.00076574716	0.0112629505	0.0008172776	0.008054433	0.00012421576	0.0012497077	0.005795085	0.00015246318	0.012096675	0.0013375609	0.0008987392	0.0011726147	0.00034788463	0.0034308003	0.00072718714	0.0002529607	0.0657947	-22.987775802612305
s02e16a	55.0	5.0	0.8833024	0.8833024	0.019886527	0.031617373	0.00043139476	0.0028599016	0.16849302	0.0010064422	0.0008013154	0.0016047247	0.00054039364	0.0004953216	0.0022749233	0.006614309	0.0026402108	0.0006811756	0.001470373	0.0010364485	0.0050774203	0.034659714	0.03187074	0.0013618694	0.001426609	0.0020021077	0.0009968831	0.0028505032	0.039831717	0.0055458024	0.0026945523	0.0010319026	0.00033641164	0.0008540432	0.0025409854	0.00024381727	0.00030346023	0.005539329	0.004021804	0.005539329	0.01674771	0.009780199	0.0007953342	0.01674771	0.0019326252	0.0112587195	0.007969478	0.0017663336	0.0006831022	0.0008830778	0.0039150226	0.0011537491	0.0036952468	0.0031254962	0.00027149246	0.0007569052	0.00069931283	0.0044364454	0.00057663646	0.002656496	0.00033412152	0.0023892883	0.0004339983	0.0003705374	0.0014370778	0.00061467115	0.0010377824	0.0009959717	0.0035886324	0.0091074	0.0030585304	0.00021488118	0.0036206462	-22.58422088623047
s02e16a	60.0	5.0	0.72115415	0.72115415	0.016875282	0.010288349	0.001754454	0.0028676004	0.22735739	0.0006047471	0.0011368034	0.0024459905	0.0008620995	0.0012426304	0.005904166	0.002865165	0.0023031346	0.0007562393	0.0034822095	0.0026566403	0.00423805	0.009403559	0.025620937	0.015577006	0.0025756485	0.074902065	0.008266706	0.074902065	0.04780449	0.008799797	0.0046886113	0.001093306	0.00051132444	0.0012407487	0.0035977573	0.0005064826	0.0006079464	0.0015526408	0.0010281589	0.001291093	0.0038967119	0.0013782589	0.0002887625	0.0038967119	0.0009827099	0.0021070454	0.0024165888	0.00046445738	0.0004963675	0.00060654496	0.0053732996	0.0009713906	0.0013378315	0.0046986556	0.00032378203	0.0017000141	0.001114599	0.002689227	0.0005333948	0.0045158574	0.00056860707	0.0015901007	0.00070287904	0.0006822938	0.004790734	0.0017439082	0.0007650207	0.0027105554	0.0016751137	0.0020238408	0.002181233	0.00014511151	0.004790734	-20.77422142028809
s02e16a	65.0	5.0	0.12905157	0.12905157	0.0067748153	0.0019042605	0.0016627975	0.0038018858	0.034872845	0.0016739531	0.012605741	0.0013779826	0.003587596	0.00031017134	0.004989234	0.008547983	0.0016981346	0.0024841323	0.012503628	0.0012182781	0.038927108	0.012183662	0.0061201965	0.0040792963	0.001427975	0.0123203425	0.0034870445	0.0123203425	0.18808098	0.052693665	0.019236516	0.0031323407	0.00041952988	0.0027998018	0.010052378	0.0012435942	0.0019008387	0.004528776	0.0037204854	0.0015003262	0.005482196	0.0035792447	0.00079019275	0.005482196	0.00075414404	0.012695939	0.032948397	0.0010690128	0.0074530523	0.0025563026	0.015165565	0.0030432933	0.0040405025	0.034242738	0.002375582	0.010719121	0.0024720835	0.0027232585	0.00043474944	0.0024461208	0.00011955262	0.0021475367	0.00328376	0.0015392855	0.0036708203	0.0012252103	0.0110616805	0.009742418	0.0026077305	0.005129741	0.009268486	0.061043646	0.0110616805	-27.531539916992188
s02e16a	70.0	5.0	0.62535125	0.62535125	0.0026063614	0.004528232	0.0034888012	0.0010425235	0.018318811	0.004774556	0.011568734	0.030244013	0.002223643	0.00024897838	0.0025430673	0.0035890008	0.0016979299	0.0002899142	0.0052069617	0.00019623653	0.0002185269	0.00093954685	0.02616736	0.0094044125	0.002706542	0.007969776	0.000934861	0.0111064585	0.34954798	0.004894469	0.0039365645	0.0013294067	0.000628191	0.0010271472	0.0030830826	0.0010103649	0.0033577015	0.0007863978	0.000539592	0.00058218045	0.0009782672	0.00024161053	0.00016372708	0.0009782672	0.0009809644	0.0017162681	0.0033551333	9.5732896e-05	0.00089132204	0.00022380461	0.0008558134	0.0145633845	0.0012376303	0.08815907	0.003952181	0.045085877	0.0032992533	0.0013187967	0.0005167545	0.0003578383	0.0017982997	0.00056801504	0.0016086372	0.00061154546	0.0034380502	0.0011528664	0.010811776	0.031494267	0.0024398735	0.0025268628	0.0065546166	0.1768845	0.031494267	-27.497560501098636
s02e16a	75.0	5.0	0.80232126	0.80232126	0.005899318	0.010361593	0.0006656966	0.0033267539	0.0331581	0.0036938284	0.0018411401	0.02416832	0.0024557237	0.00015506722	0.002245079	0.012702683	0.001165228	0.0011047013	0.001453554	0.00040243994	0.0010987311	0.0053178775	0.019431256	0.019431256	0.0011885302	0.0028423246	0.0016066466	0.0028423246	0.040348034	0.0048970496	0.0010366811	0.00064706424	0.00025140817	0.00049413415	0.00644798	0.0006809183	0.00019192204	0.006359291	0.0055298097	0.006359291	0.009994237	0.003812007	0.0049232724	0.009994237	0.001757192	0.013824744	0.0054711476	0.00046447155	0.0004296829	0.00029489526	0.003080831	0.0036032093	0.0007631011	0.054366823	0.0003455657	0.01589851	0.0005357106	0.0006900774	0.0003618211	0.0010197836	0.000105964566	0.00070825627	0.0003271034	0.00021264875	0.0017267048	0.00524037	0.016737081	0.038107965	0.0022939895	0.034644697	0.0033354706	0.00033123218	0.038107965	-23.52932929992676
s02e16a	80.0	5.0	0.8130036	0.8130036	0.10555349	0.017338555	0.0006893664	0.0054808697	0.0552257	0.0013080088	0.0021408054	0.0023411536	0.00030065794	0.00038461844	0.00415473	0.006895934	0.011272449	8.981301e-05	0.004141226	0.00024637117	0.0033067632	0.2648495	0.0066874386	0.0029539173	0.0006498781	0.0011129052	0.00023249236	0.0025835643	0.01832233	0.006649548	0.0026640706	0.00092645985	0.00029117565	0.0010216794	0.005670325	0.0007740297	0.00010861276	0.000683222	0.00038155736	0.00032199876	0.0015415965	0.00031262953	6.664486e-05	0.0015415965	0.0009205605	0.0027104074	0.0018295253	0.0001764873	0.00016491034	0.00016640428	0.0006676624	0.0041495645	0.0019664874	0.014429979	0.002642697	0.006694379	0.012895715	0.0021559831	0.0004991778	0.00029392465	0.00080714363	0.0017664924	0.00046509094	0.00018812396	0.009385982	0.0047258455	0.00059941673	0.0017085269	0.028311228	0.0020040406	0.0356352	0.0005113768	0.0356352	-23.024925231933597
s02e16a	85.0	5.0	0.7543836	0.7543836	0.008065409	0.005770354	0.0006108467	0.0020850513	0.016149987	0.002142821	0.0009502876	0.005847482	0.0006096587	6.5289074e-05	0.0020741068	0.0041637006	0.0016822673	9.789485e-05	0.0013647608	0.00094902853	0.0015007377	0.005988814	0.015756747	0.0020086677	0.00045582204	0.0016537547	0.0004943103	0.0016537547	0.029081764	0.002408505	0.0013596371	0.0002815636	0.00015703565	0.00023193064	0.004881383	0.00039559178	0.00016264194	0.0046513868	0.004640965	0.0046513868	0.004574166	0.0035519858	0.0015193087	0.004574166	0.0011318135	0.007917959	0.018122934	0.0011655249	0.00026198142	0.0002186161	0.0054675913	0.002831968	0.007008085	0.10514686	0.0016250778	0.006602626	0.000790587	0.0010896003	0.008044793	0.0004107338	0.00027831979	0.0011428518	0.00060803915	5.5696688e-05	0.0039040004	0.0042304904	0.010990031	0.017617276	0.0019762642	0.016756829	0.0033677518	0.00018793016	0.094363704	-21.595535278320312
s02e16a	90.0	5.0	0.5429991	0.5429991	0.0028525572	0.016720563	0.0005174537	0.00019742113	0.0023832992	0.00073456584	0.0019859322	0.004673098	0.00013968135	0.0003487103	0.008365559	0.0022687225	0.0006776636	0.00014193429	0.0020216117	0.00023657366	0.0002107309	0.00084053486	0.0062651774	0.0060923453	0.0010933336	0.006662058	0.0012368925	0.008952413	0.03454556	0.00608563	0.0013584198	0.0010838514	0.0007007862	0.0009798122	0.0035930956	0.00028838916	0.00032233293	0.00070330285	0.00049163913	0.0006728929	0.00041699805	0.0001930988	0.00017683786	0.00041699805	0.003511857	0.001906543	0.0024556397	0.00012174697	0.0006450219	0.0004386366	0.0012952911	0.0010628089	0.0017169473	0.0238292	0.0008712482	0.046145085	0.021257017	0.0034256328	0.0034028306	0.0042894357	0.0011770822	0.0008942615	0.0018454039	0.00046785758	0.011211971	0.0050886697	0.0022235	0.0050727036	0.0004411524	0.004417579	0.0026712269	0.00030035508	0.12856345	-23.36670684814453
s02e16a	95.0	5.0	0.75168777	0.75168777	0.0014696815	0.0065633846	0.00028147746	0.00037395724	0.0009897089	0.00020354224	0.0012956052	0.0066569415	0.00046809888	0.00013749223	0.005042796	0.0099609075	0.003798405	0.00024979014	0.0008028399	0.00019924865	0.0001289375	0.00030653374	0.005615998	0.0034828847	0.0010250659	0.0030459072	0.00077602896	0.0036583429	0.06408712	0.007590028	0.0032974852	0.0005015344	0.00017828627	0.0003272369	0.0018829942	0.00025888314	0.0003044739	0.0014622414	0.0013920055	0.0014352485	0.0020667235	0.0006725666	0.0005328562	0.0020667235	0.00287739	0.0051116096	0.005878791	0.00023569293	0.00026877454	0.0004410105	0.0020217483	0.0023536494	0.0010764576	0.1467109	0.0013685771	0.0048238076	0.0012647243	0.0013386696	0.002999344	0.013901359	0.00054887484	0.00054743676	0.00056025723	0.00023248879	0.02094122	0.003013174	0.0005263996	0.18620144	0.0017618571	0.008826889	0.0006288395	0.00015134123	0.18620144	-24.755258560180664
s02e16a	100.0	5.0	0.899597	0.899597	0.021216007	0.040820934	0.0005352933	0.0015053033	0.10119537	0.0018700067	0.0017860024	0.0025911592	0.0026678678	0.00034400192	0.005199853	0.0059133754	0.0052602882	0.00059124356	0.0011699415	0.0021604728	0.0014199641	0.0068322783	0.08001156	0.011658735	0.0026221192	0.006152572	0.0017125754	0.006152572	0.05250528	0.004190193	0.0015092733	0.0005225796	0.00029363867	0.00063889544	0.0013680761	0.00020603747	0.00025377018	0.0019544333	0.001193447	0.0019544333	0.0021702151	0.0012750002	0.0006536069	0.0021702151	0.0031151404	0.0052798362	0.009095303	0.00047270933	0.0009202715	0.00029328978	0.010631179	0.0018508654	0.010084734	0.016044458	0.0002287855	0.0015279768	0.0014005983	0.011914764	0.0012547611	0.0040117027	0.0012359363	0.0008153886	0.0004973865	0.0004876493	0.0032821046	0.0013076215	0.0011101707	0.0035848524	0.0035672975	0.009337135	0.0032748296	0.00024117646	0.011307612	-22.85975646972656
s02e16a	105.0	5.0	0.89391905	0.89391905	0.025294853	0.12134861	0.0033646403	0.003806656	0.1752162	0.008337599	0.0018692272	0.006876704	0.00031414494	0.00079046347	0.026408976	0.003351046	0.0036576404	0.0006492457	0.0014490478	0.0016325978	0.0015901747	0.013185624	0.03662731	0.003201365	0.003474915	0.002090579	0.0011028858	0.0024069715	0.030894365	0.0061771683	0.0035337077	0.0009281036	0.00019056952	0.0008501707	0.002704383	0.0001908965	0.00044139387	0.0014587423	0.0009910001	0.0006845669	0.0022220153	0.0012154586	0.00012720983	0.0022220153	0.0018412891	0.0031131876	0.0036653068	0.0005821338	0.00047077663	0.00071799144	0.0020994693	0.0013126226	0.0016514221	0.006938605	0.00050149806	0.0013872094	0.0010216477	0.011972769	0.003091627	0.017834768	0.00024503516	0.00070416235	0.00040004798	0.0004484947	0.0022418182	0.0014646867	0.00067805575	0.0012487825	0.0041096797	0.007491337	0.004268194	0.0001883659	0.004268194	-22.04907989501953
s02e16a	110.0	5.0	0.7756909	0.7756909	0.12298393	0.010668483	0.00035200964	0.008850115	0.2605548	0.0010451464	0.0036362233	0.003398088	0.0004245548	0.00048548845	0.0028300271	0.0042888923	0.0021199298	0.0004671376	0.0047673336	0.0021096456	0.024051314	0.027972732	0.009771212	0.0023638504	0.0013471248	0.007865654	0.0004228411	0.007865654	0.050034054	0.011688376	0.0071558882	0.0014682651	0.0010278901	0.0011720977	0.0028758296	0.00015247306	0.00026057422	0.0011408041	0.00078545266	0.0011408041	0.0016064522	0.00077935273	0.00036414544	0.0016064522	0.0025155544	0.003019245	0.007434292	0.0010044527	0.00043253208	0.0011234527	0.007713415	0.0011987769	0.0035962602	0.007300642	8.7127315e-05	0.001546371	0.0014413251	0.005063564	0.0020964246	0.0014556984	0.00035062974	0.0011240344	0.00017380579	0.00040011114	0.0075896364	0.0018656878	0.00052102585	0.0023128518	0.0011203218	0.0035380526	0.0010003714	8.562292e-05	0.0075896364	-21.403913497924805
s02e16a	115.0	5.0	0.7547227	0.7547227	0.0025082808	0.002898211	0.0028880648	0.0005984771	0.0030646406	0.0009403878	0.00087026495	0.019928375	0.0008445466	0.00036617808	0.0022681863	0.010570804	0.0008183975	0.0003098696	0.0005164352	3.8731552e-05	0.00014328309	0.0002924482	0.020129127	0.020129127	0.008830716	0.017987851	0.011502704	0.017987851	0.04262229	0.0018883861	0.00077124697	0.0002103864	8.603609e-05	0.00016439537	0.0016440134	0.00018274519	0.00014203652	0.0013897192	0.0013897192	0.0010047475	0.0012106743	0.00073056563	0.00031290087	0.0012106743	0.0061969156	0.0044983756	0.0057762032	0.00017396528	0.00083635165	0.00021960384	0.0017196351	0.002594173	0.0013925955	0.13019042	0.0012226455	0.037977178	0.0028816564	0.0006568177	0.00080463703	0.0007679881	0.0003073613	0.0003158847	0.00092310674	0.0004701752	0.0010725703	0.0031191055	0.058772545	0.23654056	0.001027778	0.009560393	0.0014210633	0.00023736083	0.23654056	-24.013160705566406
s02e16a	120.0	5.0	0.7677541	0.7677541	0.02729883	0.06557756	0.0004731166	0.003435512	0.07660103	0.0011915875	0.0021255577	0.010331331	0.0004630644	0.0010704746	0.004817037	0.015459191	0.0012091536	0.0016522683	0.009544585	0.0013593386	0.011105521	0.025004024	0.050589237	0.004503001	0.0018949294	0.010632428	0.0026503054	0.010632428	0.01687033	0.0029707388	0.0016294237	0.0011286685	0.00032879296	0.0007980395	0.002278047	0.00027837232	0.0002808957	0.0016645414	0.0015252221	0.0016645414	0.003025107	0.0019996585	0.00031101645	0.003025107	0.0017999217	0.0020507504	0.007714364	0.0013238265	0.0012723386	0.0011025182	0.006417006	0.003916062	0.00093118916	0.006426784	0.0013005636	0.002436793	0.0008286309	0.0017969513	0.00272186	0.003865201	0.0007030717	0.0017765657	0.00057737454	0.0006822402	0.0025109572	0.00057057885	0.0011855587	0.0046121087	0.002645676	0.003075899	0.004592429	0.00045160434	0.016367313	-22.550067901611328
s02e16a	125.0	5.0	0.86447084	0.86447084	0.05992485	0.032803506	0.0004920055	0.0029548272	0.296302	0.0015037947	0.001375234	0.0022626552	6.492952e-05	0.0005097028	0.00220539	0.0027264666	0.012063511	0.0010947009	0.002745779	0.0003697149	0.0034566298	0.17301346	0.0036993711	0.0034374322	0.0010001356	0.0050643478	0.00052155106	0.0050643478	0.033988822	0.006833317	0.0018041348	0.0012248032	0.00034454642	0.0012964352	0.002779698	0.00041611012	0.0002895435	0.00063053967	0.00030849155	0.0005930917	0.0019437354	0.0003962111	0.00014112241	0.0019437354	0.0010373772	0.0018970753	0.0023083868	0.00027471595	0.00042860906	0.0005975051	0.00285686	0.0012308412	0.0017356524	0.007211382	0.00026349694	0.0031662064	0.0008754331	0.007011536	0.000490246	0.007794146	0.0013200878	0.0006438286	0.000633666	0.00047329816	0.0018936051	0.00066203927	0.0006351425	0.00230324	0.0019356958	0.0053410972	0.002928139	0.0002419448	0.002928139	-23.572099685668945
s02e16a	130.0	5.0	0.6601677	0.6601677	0.000909066	0.04588001	0.02818395	0.00035909127	0.0037728103	0.0015369876	0.009464558	0.2979412	5.4141503e-05	0.00018886497	0.0018831608	0.006565456	0.0015083123	0.0009207539	0.030363407	0.000109120396	0.00030119185	0.0003034504	0.0074901814	0.0014011333	0.0013208053	0.0025532527	0.0011649794	0.0025532527	0.014794294	0.001964281	0.0006718391	0.00038235993	0.0002425712	0.00028229153	0.00097208866	0.0009757478	0.0002882899	0.0016782106	0.0010210663	0.0016782106	0.002928061	0.0005415143	0.0003621527	0.002928061	0.0011723953	0.0041317386	0.0041928343	0.00021253667	0.00024550146	0.000401429	0.0018001555	0.004502396	0.0011379117	0.033717867	0.00026572056	0.033689022	0.09026425	0.0008057734	0.00078897347	0.001428313	0.00019406063	0.0003474937	0.00238775	0.00027686363	0.015706694	0.006963512	0.00079671136	0.0020365838	0.003184475	0.00614748	0.0013194468	0.00022914942	0.07411506	-23.14631462097168
s02e16a	135.0	5.0	0.8813297	0.8813297	0.012001508	0.03614186	0.00043515037	0.00058861467	0.0027491474	0.0013346823	0.0042162887	0.012273454	0.00027545317	0.00023931147	0.0030610526	0.007252131	0.0007321771	0.00017518159	0.0005726705	0.00034208025	0.00030319532	0.0014363191	0.013276755	0.006372148	0.0016280566	0.012153196	0.0064459033	0.024273535	0.04739749	0.009214789	0.004079209	0.0015227187	0.0007793316	0.0013672203	0.0032664402	0.0005424804	0.00024823128	0.009270351	0.001031763	0.0031079566	0.0021672207	0.0006670366	0.0005027705	0.0021672207	0.0020044434	0.0032334388	0.0039781015	7.773444e-05	0.00028693833	0.00030051032	0.00092838577	0.0023450737	0.000626358	0.0058870097	0.00039870595	0.0036651953	0.0003486674	0.00416814	0.0014566628	0.04392984	0.00045987568	0.000492532	0.0010830702	0.00014540792	0.00592329	0.001695586	0.00041116806	0.00072849495	0.000858822	0.0074180253	0.0008962764	0.0013039726	0.00592329	-23.54558753967285
s02e16a	140.0	5.0	0.81572187	0.81572187	0.00993806	0.030772539	0.000839228	0.00046687433	0.0027144097	0.00085511804	0.0025846679	0.0014554107	0.00017762958	0.00022856072	0.0025208942	0.0039710137	0.00064914086	5.0692648e-05	0.0007810709	0.0003410124	0.00024788716	0.0009036319	0.004713468	0.0032914493	0.0009835627	0.0045257304	0.0015509807	0.0045257304	0.059685465	0.014727542	0.006335427	0.0010455054	0.00052976696	0.0013517226	0.00838163	0.00076270406	0.00046898477	0.0014364688	0.0006639782	0.0005795551	0.000758033	0.0004079391	0.00018712	0.000758033	0.00060147635	0.0033578677	0.002148021	9.1511014e-05	0.00018897846	0.00051431765	0.0009860214	0.0005516641	0.0012126883	0.002346798	0.0012076901	0.0038841332	0.0032172718	0.00901124	0.0012539614	0.010379886	0.000142012	0.0016845023	0.0012450858	0.00012918105	0.008539549	0.0035138216	0.00076469197	0.0010003652	0.0008848069	0.0046860506	0.0015320444	0.00033632808	0.020085804	-22.182941436767575
s02e16a	145.0	5.0	0.8732227	0.8732227	0.06885708	0.01857771	0.00055369514	0.0037493282	0.42004922	0.0023377358	0.0024785593	0.001249619	0.00014537992	0.0006345486	0.003372124	0.0017922941	0.0059687193	0.0007771075	0.0022161526	0.001678693	0.0037182537	0.06562359	0.012096152	0.0014897975	0.0034972779	0.0034551944	0.00055870804	0.0034551944	0.029256953	0.0058625694	0.0027079321	0.00080130476	0.0003186663	0.00089118746	0.004061962	0.0006228452	0.000439454	0.0009207469	0.0009207469	0.0004885766	0.0018557365	0.001463094	0.00019409283	0.0018557365	0.0009771376	0.0038394732	0.003160898	0.00036598125	0.00044683172	0.00033297105	0.0027898094	0.00065737823	0.0034377556	0.003906523	0.00046490695	0.0008502189	0.0009142199	0.0030195122	0.00037528042	0.0010851637	0.00051845296	0.0010451414	0.0004272981	0.00066042703	0.0018709886	0.0015605214	0.00041529498	0.002050212	0.0020675017	0.0017166047	0.002755322	0.0002043956	0.006302811	-23.777782440185547
s02e16a	150.0	5.0	0.8704547	0.8704547	0.07493277	0.042209625	0.00058335357	0.003326444	0.23283394	0.0021629806	0.0018709378	0.0009104663	0.00036344503	0.00037785165	0.004063353	0.0058091325	0.006059601	0.0005941319	0.003185889	0.0015696253	0.02490761	0.03697404	0.004122768	0.004122768	0.0009619412	0.004756396	0.0014729061	0.004756396	0.061527375	0.011899987	0.004224284	0.0020272415	0.00042082305	0.0014492762	0.00977874	0.0005820118	0.00045993898	0.0024251428	0.0020839046	0.0017012641	0.012054507	0.007889991	0.00032839793	0.012054507	0.0011321176	0.011709332	0.011265793	0.0019139525	0.0009836026	0.001519036	0.00444854	0.001502078	0.0016108113	0.00673244	0.000614363	0.0008046179	0.0005862346	0.006085333	0.0018138792	0.03001309	0.00031273745	0.00165716	0.00068782095	0.00029830894	0.0011715557	0.0018764882	0.00083147903	0.0035482885	0.0026677623	0.010551027	0.005711228	0.00043244965	0.028134787	-23.545167922973636
s02e16a	155.0	5.0	0.86175585	0.86175585	0.009486474	0.06081615	0.0009742713	0.00054722076	0.0023615898	0.0015377064	0.0010377616	0.015402068	0.00027554037	0.00045268293	0.013440212	0.011315659	0.0045035505	0.00010354549	0.0014026819	0.0004889945	0.00020899663	0.00059446157	0.09610524	0.09610524	0.0025526213	0.009646681	0.006383571	0.009646681	0.0794455	0.012190044	0.002650343	0.0022070485	0.00097274926	0.0020587358	0.0014023293	0.00044577432	0.00061799766	0.0058834446	0.000852656	0.0032904309	0.002726166	0.0005362536	0.00050218875	0.002726166	0.0017823803	0.0050049196	0.0015949757	7.875537e-05	0.0003035919	0.0008207287	0.0006392648	0.0021612102	0.0006973206	0.0020917093	0.00076034956	0.0033437996	0.0015208002	0.0013756971	0.0006301594	0.09747953	0.00026844573	0.0008290538	0.0006396601	0.00022435217	0.0042149294	0.0010167646	0.0003149858	0.0009496016	0.0007765212	0.014525993	0.0015388657	0.0001130181	0.0068752454	-24.482440948486328
s02e16a	160.0	5.0	0.90532225	0.90532225	0.02575878	0.09600405	0.001491057	0.0012136971	0.013489854	0.0021147996	0.0014994708	0.010684056	0.00032731958	0.0004868725	0.0029925131	0.01836106	0.0027146628	0.00012058455	0.0014130413	0.0008314149	0.0006772675	0.007902288	0.020997807	0.0050960598	0.0013168085	0.0037708322	0.0037836777	0.008209448	0.05450056	0.0074240323	0.0025665932	0.0014555813	0.00069561484	0.0013147946	0.00290637	0.00040092095	0.00022537573	0.0076428684	0.0033987064	0.0076428684	0.005868595	0.0016517241	0.001144964	0.005868595	0.0047687953	0.010790063	0.0017838707	0.00018089956	0.00020501061	0.00035828495	0.0009924169	0.0029789486	0.00048730196	0.012679548	0.0028740647	0.00469006	0.0022791114	0.00432546	0.00087157614	0.023695704	0.0006811756	0.00065869145	0.0021986323	0.0001909617	0.0064547746	0.0018436699	0.0008138644	0.0018299836	0.0027243153	0.02005961	0.008366698	0.00039874643	0.016472524	-24.26183319091797
s02e16a	165.0	5.0	0.86992234	0.86992234	0.032216232	0.046968304	8.0338126e-05	0.0021287035	0.14255828	0.0008312707	0.0017983426	0.0027720737	0.0019323546	0.0001446487	0.0039222757	0.006314628	0.0025168625	0.00062523823	0.0022342433	0.002184811	0.0110749025	0.017274091	0.008912996	0.0018425812	0.0008996688	0.0005831812	0.0005193831	0.0010721858	0.05316186	0.006302065	0.0022372792	0.0010168029	0.00022201738	0.00071152794	0.0020697333	0.0002833874	0.00025464853	0.008843605	0.0020356316	0.008843605	0.019257102	0.0057840156	0.0010619684	0.019257102	0.0010071084	0.0064165494	0.0065544704	0.0009151777	0.00043611004	0.0004482	0.002123058	0.0012622006	0.0017537251	0.009931916	0.0002780845	0.0020580697	0.00032844365	0.001789568	0.0017182538	0.0026525976	0.00025808983	0.000564924	0.00018485558	0.00019660249	0.0011677297	0.0006142969	0.0006494227	0.0022497762	0.0012977133	0.029988836	0.006926328	0.0001778365	0.013962785	-22.981353759765625
s02e16a	170.0	5.0	0.7190909	0.7190909	0.012672912	0.19656205	0.0027132947	0.00065424625	0.0035740666	0.003001739	0.001415783	0.021599667	0.0053223283	0.0007542339	0.0039136223	0.0052254917	0.0018775208	0.0004656181	0.0004059041	0.00048823882	0.00022255021	0.0016161683	0.016517576	0.01454963	0.0036079667	0.003857723	0.007921241	0.01547494	0.062202573	0.0060314494	0.0012192677	0.0013403944	0.0007101805	0.0020294895	0.0012005474	0.00086564856	0.00046702768	0.0062321327	0.0017266086	0.005582085	0.0032554113	0.0017039558	0.0011370238	0.0032554113	0.002181833	0.006028312	0.004688355	0.00019935204	0.0002140577	0.0006437273	0.0014595281	0.0022788546	0.0010328571	0.0018272045	0.0015102087	0.0010908715	0.001473557	0.009447765	0.0010654558	0.048967075	0.0003511342	0.00059652183	0.0032788273	0.00027309373	0.0053839115	0.0007046792	0.0005629945	0.00061092444	0.0011936426	0.0068316082	0.0025589957	0.00052108295	0.009059771	-22.94565963745117
s02e16a	175.0	5.0	0.8128852	0.8128852	0.043483693	0.0061438424	0.00054044236	0.00058112596	0.0011623048	0.0008577409	0.0021916388	0.0014172466	0.0005956358	0.00036359197	0.009453804	0.0123572955	0.0013708932	0.00017218382	0.0006717171	0.00049126556	0.00043634808	0.0030974154	0.0078748325	0.007204077	0.0020379287	0.012306304	0.005659109	0.012306304	0.031019907	0.008590601	0.0037924987	0.0010493426	0.0006330714	0.0011326072	0.0042306073	0.0011181458	0.0003811618	0.010053683	0.0047525964	0.004063359	0.003892182	0.0029242046	0.0010849781	0.003892182	0.0042515257	0.016888846	0.0125151845	0.00077642244	0.0017475985	0.001968879	0.0029737896	0.0045270906	0.004128683	0.0061330185	0.0006361406	0.002857284	0.0013900303	0.015493701	0.0006194046	0.005309593	0.0012052596	0.001708853	0.0018423173	0.00049318996	0.014155747	0.0042847665	0.0033060529	0.00091026723	0.0014227302	0.0055439174	0.0011374344	0.0006202077	0.014155747	-21.753196716308597
s02e16a	180.0	5.0	0.87280035	0.87280035	0.034127127	0.010501442	0.0009212756	0.0038796973	0.11098017	0.0016744783	0.0015692329	0.0020885456	0.0006045587	0.0004952165	0.0011271401	0.016055243	0.0037753258	0.00031645774	0.0014390806	0.0012932146	0.00559421	0.26459685	0.008468771	0.0045655826	0.0017827961	0.0018181647	0.00062135817	0.0018181647	0.05105218	0.008640411	0.003691874	0.000834714	0.00028338336	0.0008317707	0.0068316893	0.00033783188	0.00035693013	0.0007253865	0.0006782018	0.00061149587	0.0021291361	0.0011258809	0.0002175353	0.0021291361	0.0011441502	0.0041789385	0.0031180233	0.00066763477	0.00063591416	0.00056468387	0.0032573119	0.0009616096	0.0019073717	0.007555264	0.00023434129	0.0005673782	0.0011081736	0.0030334566	0.00048729082	0.0013753637	0.0003693418	0.0016973885	0.0003469945	0.0003920646	0.0029243005	0.0015725356	0.0018026592	0.00159369	0.0022865357	0.0037841864	0.0047167707	0.00027925166	0.021867963	-21.361343383789062
s02e16a	185.0	5.0	0.88433415	0.88433415	0.025966853	0.0060480954	0.00086590956	0.0022356787	0.0103141535	0.0003594778	0.004044547	0.009633098	0.00030536522	0.0006875667	0.0013475779	0.09739403	0.0011621913	0.00034430358	0.011441599	0.0002463357	0.010899721	0.015835742	0.21729456	0.008142157	0.0010274055	0.0050273617	0.012210687	0.012210687	0.036135193	0.00525545	0.0013828829	0.0002955012	0.00022397922	0.00025739046	0.0032418037	0.00046971673	0.0003657591	0.0022884335	0.0014178191	0.0016725145	0.0044642775	0.00050563196	0.00030094152	0.0044642775	0.0062730378	0.014056303	0.0029912628	0.0003653677	0.0016737785	0.00027248487	0.002016573	0.011650364	0.0007576589	0.012010156	0.00012268464	0.018115139	0.00052321487	0.004728614	6.1531486e-05	0.00042380273	0.0003044446	0.0016195278	0.006194704	0.0007485364	0.0011155875	0.00030432738	0.008013252	0.0055832756	0.00023448702	0.029723732	0.008428992	0.00030110456	0.08921732	-24.5860595703125
s02e16a	190.0	5.0	0.8066439	0.8066439	0.0084824115	0.004128855	0.0004441938	0.00028732157	0.0026209499	0.00021641339	0.00095098227	0.010562143	0.00027244253	4.2985917e-05	0.0042208517	0.09139347	0.0013953494	3.797665e-05	0.0022882377	0.00032905667	0.00064363127	0.0021953094	0.07704415	0.009426414	0.0015901764	0.0039059604	0.00089008507	0.0039059604	0.04600167	0.0029343741	0.0011377151	0.00038173984	0.0005096727	0.00039437332	0.0020509572	0.00026412678	0.0002329561	0.002744136	0.002744136	0.001631475	0.001615116	0.00039469605	0.00024835533	0.001615116	0.007145495	0.015122474	0.0023094984	9.588657e-05	0.00086876866	0.00023850806	0.00242495	0.010251684	0.0008085469	0.11836345	0.00048143812	0.080108754	0.0022772732	0.00039077387	0.00030697417	0.0011086463	0.00016098791	0.0007030948	0.0006010065	0.00018612244	0.023446478	0.0068185404	0.0048608067	0.047730487	0.001099088	0.043134812	0.012836039	6.380492e-05	0.10500418	-24.48919677734375
s02e16a	195.0	5.0	0.6739379	0.6739379	0.01817056	0.0038330334	0.0012887659	0.009769408	0.0097476235	0.002995186	0.0037826968	0.007862358	0.00037010227	0.0003210017	0.0014208962	0.006652579	0.0010039054	0.00011234567	0.0014656102	8.332654e-05	0.024693005	0.057399027	0.011460901	0.009605673	0.0064424262	0.012254139	0.00039855926	0.13128735	0.010028235	0.0025704599	0.0016380614	0.0002946682	0.00016283248	0.00027585766	0.00089445245	0.00020533378	0.00012728276	0.0007378064	0.00046558486	0.0006168493	0.0011576584	0.00017483666	7.919889e-05	0.0011576584	0.0042799986	0.0077510066	0.0022830127	7.0468916e-05	0.0006826909	0.004458557	0.00051284686	0.007110412	0.000488425	0.033079885	0.0002516612	0.016699614	0.06601443	0.0010774975	0.00016128414	9.662564e-05	0.00048724926	0.00382373	0.0004269974	0.00032938438	0.006289199	0.0032588106	0.0005318406	0.006059759	0.0054580756	0.014821152	0.0032020605	0.00043923705	0.055441402	-24.021976470947266
s02e16a	200.0	5.0	0.6156307	0.6156307	0.024355274	0.0016624318	9.160827e-05	0.0017598931	0.21327458	0.00039968072	0.0038577814	0.0013224882	0.001374997	0.00010108134	0.0031434442	0.0049698106	0.0017858137	0.00059962814	0.0020492626	0.00031328655	0.013627103	0.009353561	0.018633386	0.018633386	0.0016657811	0.008766835	0.00083501346	0.008766835	0.10238099	0.014698875	0.004939375	0.00095652626	0.00022138916	0.00079582055	0.0038068949	0.00029068472	0.0003649684	0.0011705657	0.0011705657	0.0009778081	0.0016167054	0.001546608	0.00037858126	0.0016167054	0.0013923654	0.005696509	0.015642695	0.00090241013	0.0010472508	0.00017769886	0.009867614	0.003981784	0.002167497	0.012115946	0.00015464994	0.0012357857	0.00090231554	0.001615316	0.00044131873	0.000402514	0.0012912005	0.001283303	0.00028771494	0.00031863016	0.0058497884	0.0008871758	0.00042873656	0.0031655533	0.00079396286	0.0017970471	0.0026913735	0.00013753446	0.025472214	-21.82751846313477
s02e16a	205.0	5.0	0.34520674	0.34520674	0.009668751	0.0031331435	0.00020454182	0.0035530813	0.10986117	0.0003848312	0.00864605	0.0036635692	8.7806744e-05	0.00012785936	0.00028278338	0.015281894	0.00024392958	0.00026873	0.005742414	0.0009464393	0.052764308	0.10291051	0.0036298526	0.0036298526	0.0012895579	0.02002847	0.0025547612	0.02002847	0.7582013	0.10312289	0.035785917	0.0019657305	0.0010575484	0.0015816017	0.020245165	0.0009821408	0.010232479	0.00053134706	0.00053134706	0.00017317568	0.001126847	0.0009444643	4.588749e-05	0.001126847	0.0002786708	0.0029779123	0.002329034	0.00023992604	0.00025159473	0.00035059633	0.003719294	0.0011929674	0.00057117356	0.012313585	0.00014369603	0.0067461776	0.00045307944	0.00072235917	0.00060251285	0.00043774318	0.00015810934	0.00049367466	0.0003654964	0.0005101441	0.00051356765	0.0003941916	0.0011882388	0.0024257428	0.00027494156	0.0046413788	0.005588256	0.00011103177	0.11317543	-22.68287849426269
s02e16a	210.0	5.0	0.007912531	0.007912531	9.0534886e-05	0.00015811838	0.00024212686	0.00042282377	0.00014970901	0.00018047211	0.030846262	0.0004184391	1.892273e-05	6.535006e-05	0.0008473522	0.00028714386	0.00012513642	9.326769e-05	0.00022354079	0.0003475767	0.00023939682	0.00027908478	0.0017793592	0.0017793592	0.0012335606	0.0012725592	0.00088873337	0.0012725592	0.86298203	0.36095187	0.33131915	0.0022608624	0.00033998306	0.0014053327	0.09139034	0.0010130184	0.016391166	0.00047633264	0.00047633264	0.0002527153	0.0013992811	0.0010599555	0.00017902335	0.0013992811	0.0002132819	0.0018854028	0.0033670976	0.00022328476	0.0006414607	0.00019438843	0.001965751	0.0013528076	0.00083620864	0.0007234546	0.00011781624	0.0004395445	0.0012011565	0.0008105743	0.00029012215	0.000275418	0.00071530946	0.00035679524	0.00037386405	0.00044425437	0.0008719662	0.0017321316	0.0009894883	0.0006247087	0.0014261608	0.0012938811	0.0007847804	0.00050767744	0.018805364	-23.42862701416016
s02e16a	215.0	5.0	0.7762486	0.7762486	0.0066788504	0.0032790315	0.00017016778	0.0005407133	0.0032180622	0.00032068542	0.0021070915	0.0012657775	0.00044493607	8.6661465e-05	0.004644312	0.013856504	0.00086527	0.00035901682	0.0010043761	0.00070769293	0.00023192733	0.0032097006	0.012737858	0.012737858	0.009077759	0.0042216014	0.0019706637	0.0042216014	0.69215935	0.015184648	0.004126909	0.0005662231	0.00035264832	0.00088878674	0.012319717	0.00041619563	0.0032019203	0.0038385377	0.0038385377	0.00087965233	0.0011206185	0.004890021	0.00038980966	0.004890021	0.00386354	0.028562114	0.025207404	0.000641087	0.0011324266	0.00023314808	0.016351216	0.0054032956	0.002976631	0.09270249	0.0017593246	0.0056379694	0.0043058107	0.004887416	0.0004382074	0.010983943	0.0010370333	0.0013641436	0.0015499191	0.0011805429	0.025465354	0.006678418	0.008609978	0.039191812	0.0030974362	0.0052777026	0.0053567193	0.00024919	0.039191812	-25.006410598754883
s02e16a	220.0	5.0	0.88443726	0.88443726	0.02771876	0.21206833	0.00053487584	0.0014720766	0.010749675	0.0010896459	0.00092368305	0.012953176	0.0001780625	0.00010301977	0.004530317	0.011084818	0.0021387201	0.00026168185	0.0008565786	0.0013484727	0.00061645935	0.007464087	0.014982477	0.014982477	0.004068766	0.0040763877	0.002058526	0.0058406475	0.1577924	0.0040970934	0.0006681166	0.00043132776	0.00028672666	0.0005683944	0.0020126002	0.00027607314	0.0004828311	0.005406964	0.0018835516	0.005406964	0.0021694554	0.001964824	0.0012881941	0.0021694554	0.0012454838	0.0065502278	0.0043050135	0.0003620909	0.00021380455	0.0007539414	0.0022429193	0.0013964988	0.0011781962	0.0044879797	0.00039305555	0.0032049916	0.0019340346	0.009116643	0.0006601923	0.030603299	0.00015092417	0.0009986317	0.00043574476	0.00011135665	0.003093313	0.0010675524	0.00046694218	0.0011961216	0.0009158668	0.017047986	0.0035580907	8.7180844e-05	0.0036935024	-25.364152908325195
s02e16a	225.0	5.0	0.88436204	0.88436204	0.029872414	0.0068649314	0.0004104923	0.0006727384	0.055826735	0.00069375813	0.0012836722	0.0010321494	0.0010170528	0.00013935223	0.0065178196	0.004803097	0.0020862282	0.00014982969	0.000727903	0.0014111632	0.000936232	0.004306448	0.012317489	0.0035561097	0.001609519	0.0011328771	0.00039108528	0.0027220284	0.026509117	0.004042282	0.002533037	0.00038017548	0.0003424462	0.00034188497	0.0011031486	0.00012389944	0.00023773682	0.0008875927	0.0008875927	0.000514338	0.0007277996	0.00060883595	0.00026215182	0.0007277996	0.0025352368	0.008056361	0.008223647	0.00025405682	0.00020667652	0.00018766764	0.0021940155	0.0016892311	0.0024354337	0.03229093	0.00034296632	0.0030556414	0.00051267724	0.0069129327	0.000181249	0.006773837	0.0007950766	0.00033561798	0.00056923745	0.0001514963	0.03394462	0.0023451764	0.00038827964	0.0017385159	0.00074563164	0.005240027	0.00063698116	0.00014173589	0.03394462	-23.43972396850586
s02e16a	230.0	5.0	0.83066183	0.83066183	0.005824459	0.018437207	0.0001814572	0.0001883088	0.0024607645	0.00046227363	0.0012592336	0.003232755	0.00011118497	8.459337e-05	0.016263349	0.011259781	0.000736063	0.0001233194	0.000724928	0.0011063878	0.00025490992	0.0009634382	0.046760898	0.006674158	0.0032691816	0.0026085665	0.0007404354	0.007688288	0.026261518	0.002383983	0.0004682562	0.00025208457	0.00025324328	0.0001789585	0.0008743119	8.742927e-05	0.0001205181	0.0021560057	0.001290847	0.0013582283	0.0003534374	0.00063470984	0.0006101845	0.00063470984	0.004203144	0.0038275223	0.006323701	0.00015079514	0.00040727857	0.000113076836	0.011336423	0.0013867352	0.0027720726	0.045053408	0.0001151721	0.007131544	0.0031877656	0.0017081315	0.0004702922	0.0018341393	0.0012610315	0.00047401697	0.00080893224	0.00042578692	0.0032755488	0.003531039	0.0016787963	0.006563161	0.0004115498	0.0062679215	0.00084722904	0.0001460889	0.036679745	-23.366687774658203
s02e16a	235.0	5.0	0.7639727	0.7639727	0.00955864	0.052235108	0.00034119387	0.0009133605	0.03289508	0.0005841186	0.0017954919	0.0020213346	0.00020522202	0.0003348294	0.00073831284	0.0044822316	0.00083251443	0.00012426836	0.0010207911	0.00079048605	0.00075033866	0.0070930957	0.010059536	0.0028925613	0.0029346936	0.0042243646	0.0007993075	0.023901798	0.069461584	0.007786878	0.0012901844	0.0010651951	0.0003975298	0.0016524201	0.0039141877	0.0001419171	0.0003540667	0.0028263787	0.0012408964	0.0028263787	0.002452068	0.0014169673	0.000491548	0.002452068	0.0012500618	0.007414151	0.003899532	0.00060037046	0.00075836136	0.00050396664	0.0074168216	0.00096010265	0.003483262	0.014193968	0.00047364392	0.0066475202	0.0029624738	0.012830844	0.00063966156	0.0009112626	0.00032200827	0.00067904126	0.0012453615	0.0006195572	0.010237184	0.0009502827	0.00045788693	0.0019805657	0.00035509688	0.010777473	0.003550322	0.00011772415	0.010237184	-21.363540649414062
s02e16a	240.0	5.0	0.8140119	0.8140119	0.036133617	0.011820008	0.0021397257	0.0047729886	0.17275731	0.0019790875	0.0029699507	0.0056404695	0.00057545933	0.00047737014	0.0031219474	0.01285197	0.006962961	0.00078021915	0.0057468098	0.0010807522	0.022479754	0.0388908	0.009361438	0.009361438	0.00090112904	0.007554949	0.0018072968	0.007554949	0.033617783	0.009153771	0.0033206723	0.00090614776	0.0004101633	0.0007207632	0.0038799183	0.0002890192	0.00043407382	0.0040263813	0.0040263813	0.0015074614	0.023920095	0.0052391323	0.00027990603	0.023920095	0.0017054846	0.030191172	0.0044046314	0.0006140598	0.00081954314	0.00035366692	0.0022416112	0.0058951806	0.00067174144	0.009022176	0.00013069961	0.0022429053	0.000558171	0.0009583315	0.000515	0.004998467	0.00071434275	0.000896583	0.0005701488	0.0008549172	0.0026638869	0.0007541699	0.0007226456	0.0065852595	0.0009967292	0.027423603	0.0037896244	0.00017071905	0.041710634	-22.81886100769043
s02e16a	245.0	5.0	0.82462686	0.82462686	0.035902523	0.020927204	0.0314403	0.036262542	0.023623578	0.044466037	0.008800721	0.031635877	0.004547329	0.0002672465	0.0011230871	0.03599907	0.0048887683	0.0004973021	0.023178337	0.00044807358	0.008294665	0.07703527	0.026019307	0.008243938	0.0038142877	0.0032256914	0.0011603611	0.007962692	0.03222246	0.009666427	0.0049113682	0.0007062807	0.00060711754	0.00070605864	0.002900808	0.00038486146	0.00048378357	0.001980185	0.0010606787	0.0017833792	0.0036142957	0.0007827821	0.00047154372	0.0036142957	0.0016925466	0.0032508534	0.0049856654	0.0001595502	0.00062670227	0.0001671922	0.0010556348	0.0043649324	0.0009985418	0.00954798	0.0006161774	0.0028552562	0.0008054825	0.000729342	0.0003835032	0.00090248015	0.0005631663	0.0011027482	0.0003096487	0.00029943557	0.0006891822	0.0019476903	0.0019242659	0.013840857	0.0017084447	0.0069445083	0.004894715	0.00037670304	0.014979148	-20.66172409057617
s02e16a	250.0	5.0	0.88159794	0.88159794	0.013365104	0.043994576	0.0010734121	0.0021345406	0.016810518	0.004757263	0.004447826	0.007925664	0.000692642	0.00029886546	0.020590661	0.008130802	0.0026388827	0.001173559	0.003934458	0.0005041336	0.00069199014	0.01313893	0.011256394	0.004848303	0.0017566868	0.0032439816	0.00079924386	0.0076651922	0.12375677	0.007129458	0.0015013488	0.0004195599	0.0004060738	0.0010485796	0.0051890556	0.00015976989	0.0008508867	0.0017358143	0.00047309743	0.0004509853	0.0008243906	0.00056436105	0.00010971837	0.0008243906	0.011230446	0.0025119437	0.005422132	0.00016304875	0.00034425047	0.0005339508	0.00050552184	0.0039012008	0.0009064582	0.033214174	0.00062358414	0.007590764	0.0063792653	0.011279243	0.0013121176	0.0494386	0.0013011799	0.0008000291	0.0063160253	0.00017301625	0.0037193894	0.0046052905	0.0040403507	0.017336547	0.0030459173	0.038113683	0.006937015	0.00012929	0.11918494	-22.43768882751465
s02e16a	255.0	5.0	0.85225034	0.85225034	0.020485617	0.09926836	0.00065689883	0.001121012	0.002652888	0.0007053743	0.002580735	0.005807987	0.00016851371	0.00028219327	0.0019475512	0.0128379185	0.000947151	0.00010630259	0.0006820877	0.0006286537	0.00048086778	0.0023113955	0.018355714	0.006107894	0.0018757703	0.010173316	0.0033986063	0.011590378	0.122109585	0.011850491	0.003250986	0.0010414142	0.00085668225	0.0018788045	0.006791	0.00077655265	0.0006834011	0.0031466163	0.0013766742	0.0031466163	0.0013899495	0.0008990763	0.00074507017	0.0013899495	0.0012698215	0.0064824508	0.0045141918	0.0003364575	0.00034634338	0.0011147859	0.0024396172	0.0010097504	0.0022842719	0.0034399326	0.0003656792	0.0042844755	0.0015187945	0.0052710935	0.00097382674	0.009930763	0.00022526937	0.0010194115	0.00043112467	0.00023400526	0.0077052913	0.001852666	0.0011594236	0.0007180838	0.00145555	0.005960266	0.0026775901	0.00018556198	0.010443515	-21.72907257080078
s02e16a	260.0	5.0	0.80333215	0.80333215	0.0061866366	0.046260484	0.0005940376	0.0022436215	0.060050238	0.001136655	0.0027956658	0.064634286	0.0009000393	0.000109225235	0.0026719104	0.004466726	0.0013593172	0.0013669723	0.0040855254	0.00047172108	0.00483356	0.013793865	0.012994106	0.0065797623	0.0017120871	0.008034544	0.00068478164	0.008034544	0.03206468	0.0033058645	0.0015134859	0.00039484957	0.00027134782	0.000294947	0.0024012201	0.00016464699	0.00013973784	0.00087274873	0.00048323444	0.00087274873	0.0006995745	0.00031581696	0.0002462169	0.0006995745	0.0006963046	0.0009967217	0.0021787921	0.0002794442	0.00038860718	0.00033394797	0.014690521	0.001591776	0.0018157682	0.023188349	0.00023212201	0.015588344	0.00059642945	0.0004421443	0.0012921798	0.0012741322	0.00018571879	0.0007448175	0.00023720879	0.00054360536	0.0022333942	0.00041052458	0.0018225585	0.010770536	0.0004549506	0.0046457695	0.0031666849	0.00021675765	0.17104422	-21.42667961120605
s02e16a	265.0	5.0	0.59431285	0.59431285	0.000564668	0.023149723	0.002400455	0.0003840145	0.0006351564	0.005867833	0.0021896502	0.012330019	0.0021958097	0.0012578754	0.016447166	0.0051622866	0.0013398557	0.00019813035	0.00024289335	0.00023553477	0.000121270765	0.00037535932	0.0088498015	0.004642862	0.0024775798	0.003540215	0.0015316614	0.0036425656	0.059658818	0.0059136865	0.0011451157	0.0008801176	0.00072239223	0.0006756065	0.0012004995	0.0020454272	0.00049004116	0.004646358	0.0014193605	0.0018637372	0.0016067827	0.0008204096	0.00039451584	0.0016067827	0.0011975819	0.0023619945	0.0017170585	0.0001069676	0.00011222394	0.0005522615	0.0019779755	0.0015595744	0.0010006245	0.0032592756	0.00026918642	0.0012989145	0.0028195048	0.0025392615	0.0009870328	0.2174123	0.00012355541	0.00046473596	0.0004592952	0.0003928014	0.004171106	0.006207637	0.00034255037	0.00031269927	0.0016621216	0.018283043	0.0009721238	0.00030260073	0.020152079	-23.9716911315918
s02e16a	270.0	5.0	0.8334449	0.8334449	0.051082276	0.052899506	0.00014655058	0.001419762	0.11292791	0.003389574	0.0020292858	0.0020111871	0.00042926066	0.00033082225	0.028622193	0.0024512142	0.002067605	0.001313919	0.00052425044	9.4095456e-05	0.008280286	0.04861132	0.047029886	0.003165457	0.047029886	0.0005679739	0.00058584556	0.0026257082	0.038015574	0.003546579	0.001341215	0.0005827575	0.0003349996	0.00058922765	0.0039080647	0.00020535453	0.000777379	0.0008702119	0.0005090153	0.0008702119	0.0013222194	0.0007214153	0.00010033527	0.0013222194	0.0015291863	0.0019720504	0.0032466748	0.0009460597	0.00047617647	0.0005935503	0.0072975704	0.0022845264	0.0014420789	0.0022943332	0.00015258593	0.0013353524	0.0006156602	0.002791322	0.0007311953	0.034396254	0.00046245035	0.000733662	0.00017705247	0.0005130676	0.009560343	0.0051026884	0.0005898311	0.00095909514	0.0048239683	0.096884824	0.0009145971	0.00076822017	0.009560343	-20.950048446655277
s02e16a	275.0	5.0	0.84112555	0.84112555	0.012822843	0.03345945	0.00017036764	0.002356771	0.07995134	0.0013394386	0.0045497688	0.0117384475	0.0019190274	0.00029784968	0.0011905341	0.0051898356	0.0034746227	0.0032817102	0.0021777612	0.0020598068	0.004888439	0.0495581	0.0433551	0.0433551	0.0013668344	0.0004908522	0.0003657835	0.0009472101	0.0642566	0.006193765	0.0040251557	0.0017453979	0.000648474	0.0015641743	0.0019331751	0.0013935997	0.0008390537	0.0021874635	0.0015961904	0.002073491	0.010432314	0.00200997	0.0007408938	0.010432314	0.0014935873	0.0059558777	0.0034194263	0.0004584829	0.00047463458	0.00025049847	0.0064294646	0.001936468	0.0025136482	0.0033467857	0.0011363357	0.0013316656	0.00072913076	0.0012821747	0.00027131132	0.0031580343	0.00048221776	0.0012440574	0.0006906626	0.00015299575	0.0027904594	0.0004677599	0.0007688254	0.0018776844	0.0022200276	0.0056636347	0.004121024	0.0003357849	0.012450997	-22.258018493652344
s02e16a	280.0	5.0	0.8499467	0.8499467	0.007083639	0.08097082	0.0021772212	0.00075039436	0.0024436822	0.0026402108	0.0010142863	0.04321385	0.000403652	0.0005604821	0.0024449471	0.0042179306	0.0011001587	0.00032475087	0.0010973007	0.0002954888	0.00032987018	0.0022894288	0.010988518	0.009041069	0.010028723	0.0022374943	0.0022559864	0.00452861	0.04140745	0.0032449793	0.00091930537	0.0009481884	0.000877426	0.0010739983	0.0010609754	0.0002921578	0.00023469457	0.0047554863	0.0015987091	0.0047554863	0.004475636	0.0015032608	0.00063198473	0.004475636	0.0027513013	0.007245292	0.010310728	0.00033147575	0.000506339	0.00068764016	0.0028560397	0.0058465395	0.001385716	0.01076823	0.00088611717	0.0031737313	0.0043838765	0.0048496467	0.0011173993	0.007926722	0.00073578424	0.00099119	0.0037145938	0.00031537528	0.004349492	0.00089134707	0.0009925332	0.0028220625	0.0017207862	0.015542144	0.0017383792	0.0004978039	0.017216746	-22.664386749267575
s02e16a	285.0	5.0	0.8277655	0.8277655	0.012877518	0.1941147	0.025286794	0.0020469977	0.17841901	0.010911061	0.07812474	0.02236897	0.00040648243	0.00074445445	0.003603399	0.0017368186	0.0019714066	0.0006127441	0.0054136068	0.0006828623	0.004835565	0.0038624757	0.0020647675	0.0020647675	0.0008393391	0.0008566419	0.00042243436	0.007780106	0.05954287	0.01154831	0.0034275511	0.00077622343	0.00035772094	0.00042385684	0.003790845	0.00017030511	0.00029996474	0.0010496075	0.00033974054	0.0010468354	0.0005832348	0.00026216384	0.00016973428	0.0005832348	0.0013150289	0.0006759149	0.001350789	0.00015773454	0.00018492909	0.00031666175	0.0014081012	0.0009554251	0.00058993907	0.0060906247	0.00017716728	0.003757475	0.00038192692	0.0014447268	0.00060055073	0.0044673937	0.00039402532	0.00059425505	0.0008594696	0.00049333385	0.0022291373	0.00023788738	0.00014409571	0.0034056536	0.00043182186	0.002385434	0.0030922368	0.00012926977	0.0043018158	-22.5426082611084
s02e16a	290.0	5.0	0.79839337	0.79839337	0.003192386	0.062111314	0.001715699	0.0004914232	0.007873864	0.000838106	0.0013333294	0.07961457	0.00027106365	0.00029732988	0.0027795949	0.0034755573	0.0019310492	0.00028506777	0.009293855	0.00036605733	0.0025086603	0.0031387052	0.01398143	0.012133268	0.0009900739	0.0030971447	0.0014365189	0.004595229	0.034174968	0.0034023246	0.001060601	0.0009965403	0.00021718857	0.0006711528	0.0017280262	0.0004155021	0.000246704	0.00241023	0.0008518967	0.00241023	0.0013262206	0.0005647732	0.00034298073	0.0013262206	0.002833831	0.0013004477	0.0029933597	0.000262995	0.0002047264	0.0004174636	0.0030762854	0.0025189177	0.0014031562	0.0069391048	0.00082143437	0.03030687	0.0041930415	0.0011176474	0.014847711	0.007937221	0.00079888257	0.0009040642	0.0011333445	0.00017654235	0.009275604	0.0004991181	0.0005260106	0.0019868985	0.00060691475	0.0081580775	0.003647976	0.00019535441	0.012362161	-23.032245635986328
s02e16a	295.0	5.0	0.8783865	0.8783865	0.021640886	0.22116826	0.00032489706	0.0046954723	0.17258927	0.0011628452	0.0019655835	0.007911172	8.159368e-05	0.00044981256	0.0012715401	0.0019228524	0.0030917577	0.0007915432	0.0028630106	0.00046608504	0.0067210025	0.09206028	0.0022600526	0.0022600526	0.0013886297	0.0011476777	0.0003311615	0.0011864383	0.020724626	0.0037646964	0.0012970164	0.00076556474	0.00030129292	0.00051835907	0.001967652	0.00031294205	0.0002371197	0.00059074955	0.00032888824	0.0003897679	0.00079396856	0.0004096077	7.982876e-05	0.00079396856	0.00064469926	0.0009016366	0.0010216604	0.00021520411	0.00018293542	0.00042868833	0.0014480106	0.0005133939	0.0008307916	0.0042020925	0.00047793495	0.0016205921	0.00077590917	0.002242467	0.0004728605	0.00401525	0.00022743229	0.00088811544	0.00016503649	0.0002508168	0.00076904346	0.00028798034	0.0002788385	0.0012574525	0.00076836656	0.0022680352	0.004824204	9.878109e-05	0.004824204	-22.00450897216797
s02e16a	300.0	5.0	0.2046589	0.2046589	0.0073091863	0.0012342046	0.0004421131	0.03799287	0.010875831	0.0006356185	0.052827727	0.010613474	0.00025651781	0.00027126892	0.0012099071	0.0023489036	0.0004812415	7.907732e-05	0.0028065261	0.0014978003	0.06869266	0.0782966	0.0033893548	0.0033893548	0.00079006323	0.019078508	0.002103346	0.019078508	0.70359284	0.15690105	0.03532022	0.0030063319	0.0019080227	0.0022989637	0.13903514	0.0064810505	0.0032429532	0.0012769245	0.0012769245	0.00025229953	0.0021669134	0.0019690963	8.0115504e-05	0.0021669134	0.0004037503	0.0020886906	0.0064801048	0.0007790052	0.0004100947	0.0025241023	0.0032163695	0.0015596249	0.00066990027	0.0050350097	0.0008942765	0.0017631239	0.0010282942	0.0002688517	0.0010446954	0.00013862278	0.00082037365	0.0021596043	0.00042809785	0.00023354634	0.0014507966	0.00061337545	0.0009990756	0.00710526	0.0012976063	0.0054396074	0.009906311	7.99191e-05	0.017048609	-20.81513214111328
s02e16a	305.0	5.0	0.7886455	0.7886455	0.012088199	0.006886839	0.00020471898	0.0012076453	0.0028202839	0.0003823896	0.008977238	0.0014134201	0.00017781786	0.00018932944	0.0045734583	0.0035508554	0.0005646392	0.00012523549	0.0007943046	0.00035562215	0.00096857786	0.0010297569	0.003236074	0.003236074	0.0014020343	0.0036067942	0.0036187905	0.0036187905	0.8198509	0.21692382	0.10540115	0.007196772	0.0015526577	0.0048834356	0.09859531	0.001866299	0.00465168	0.0014603685	0.0007663965	0.0014603685	0.0018273568	0.0020624676	0.00034484133	0.0020624676	0.0002884557	0.006596199	0.0037308997	0.00031270046	0.00049423164	0.00058902946	0.0016179512	0.0015677962	0.0008041564	0.0050385366	0.0012368684	0.0027124458	0.0018183214	0.0064437417	0.000506507	0.0022105544	0.00045901112	0.0006059004	0.00089615636	0.00022932405	0.0021826802	0.0037653924	0.00063960336	0.0010289542	0.0011998883	0.009540663	0.0062724133	8.980967e-05	0.0062724133	-22.25021171569824
s02e16a	310.0	5.0	0.8232165	0.8232165	0.054836273	0.01886661	0.0007072722	0.0009998368	0.00562936	0.0007883166	0.0010092142	0.00080219336	0.00028248265	0.00014277587	0.006076376	0.008742049	0.0005851006	9.395899e-05	0.0009809326	0.000576136	0.00035752644	0.003945969	0.0051870747	0.0042435676	0.002771664	0.0054288176	0.0027634874	0.006483055	0.107601106	0.014683096	0.004658425	0.0012319696	0.0005071454	0.0028836876	0.0043496676	0.00023592677	0.00057083403	0.0028173458	0.0019950867	0.0020880816	0.0016255892	0.001471399	0.0005052607	0.0016255892	0.0012438856	0.009455939	0.0052529927	0.00046597887	0.00034377308	0.0010202865	0.0025009543	0.0008621727	0.002928487	0.008165995	0.00037633715	0.0048580673	0.0019481444	0.009202325	0.002018182	0.005550475	0.0003305527	0.0010017873	0.00034819375	0.00031460737	0.023309592	0.0055820583	0.0016626305	0.001011232	0.001631198	0.012511438	0.0055054324	0.00010587144	0.023309592	-21.096555709838867
s02e16a	315.0	5.0	0.81342065	0.81342065	0.0071449876	0.0022829205	0.00052092876	0.0011716082	0.10357623	0.00011122707	0.0014054618	0.0017826153	0.00075808464	0.00029909547	0.0015277026	0.0042301593	0.00097111665	0.0011193687	0.0011950647	0.0017250478	0.0018979054	0.01034462	0.026323369	0.0015978646	0.0023088632	0.0136320265	0.0021006383	0.0136320265	0.36765075	0.01608901	0.0037125896	0.0013590468	0.00066816853	0.0020729217	0.004741798	0.0002780405	0.0010140236	0.0017117147	0.0015097283	0.0017117147	0.0050200163	0.0033011292	0.00041858313	0.0050200163	0.0031439909	0.010924924	0.009439606	0.00059817143	0.0008544714	0.0004547362	0.006752648	0.0009808373	0.002883268	0.0076323007	0.00038282602	0.0007573034	0.0005349052	0.0022796928	0.00045021472	0.0032549656	0.00015287209	0.0006228064	0.00042795972	0.0005203945	0.0009984723	0.0012643521	0.0022155326	0.0047050286	0.0012351596	0.010378917	0.0011102178	0.00016318439	0.012048454	-21.41659927368164
s02e16a	320.0	5.0	0.8786603	0.8786603	0.06659848	0.028810326	0.0005073971	0.002897439	0.3875461	0.0036980775	0.0017072813	0.0020333205	0.0001819508	0.00023742965	0.003239669	0.0035709029	0.0035031287	0.0014412544	0.0029909413	0.001706485	0.006824724	0.13458236	0.0052469913	0.0052469913	0.0022406771	0.0034772588	0.0006103861	0.0034772588	0.06479151	0.010639679	0.003704786	0.00078218896	0.0003466235	0.0009728428	0.005293055	0.00030888207	0.00048186234	0.0012698318	0.0012698318	0.0010102253	0.0035551516	0.0020525	0.0002732742	0.0035551516	0.00074636494	0.0049635028	0.005033474	0.0013084237	0.000651025	0.0006774521	0.002949881	0.0015543367	0.0017732776	0.009889628	0.00015518333	0.0013877056	0.00070364046	0.0033946969	0.00036184315	0.0016489029	0.00066113233	0.00093478046	0.00015652186	0.0001882598	0.0019078192	0.0008768841	0.0007876304	0.0060712285	0.0016594873	0.004184103	0.0038818906	0.00013957417	0.015701704	-21.228120803833008
s02e16a	325.0	5.0	0.86002594	0.86002594	0.046711072	0.017674854	0.0007621861	0.0006996065	0.023397041	0.0012930877	0.0014756493	0.002448972	0.00019712657	0.00015766882	0.010746745	0.007966365	0.001591213	0.00045545067	0.0012785948	0.0008345628	0.00043554045	0.0038500745	0.008666787	0.004039284	0.002168411	0.0031803786	0.0011339805	0.016619794	0.107342854	0.011599614	0.0021586644	0.0008671271	0.0006031343	0.0008858576	0.0048664794	0.0002117032	0.00042076327	0.0018840034	0.0007954058	0.00087297993	0.0011941936	0.0005149586	0.00015849968	0.0011941936	0.002380043	0.0043853023	0.0019815217	0.00012401078	0.00012228999	0.00039974644	0.00057209766	0.001523415	0.0008068664	0.025796343	0.00023618333	0.01737665	0.0059246514	0.0059592156	0.00048764	0.010976429	0.00060737797	0.00048780785	0.00071994896	0.0003763965	0.0037245282	0.0033416266	0.00038477982	0.003247008	0.0011962103	0.008048363	0.004826716	0.00013763075	0.06650517	-21.623409271240234
s02e16a	330.0	5.0	0.8533651	0.8533651	0.013331619	0.011287005	0.0010669907	0.000596997	0.0065359203	0.0014778853	0.0010915383	0.0011301005	0.00020815124	0.0005311678	0.025053442	0.022968337	0.0032861487	0.00016189321	0.001154036	0.0004959376	0.00032383885	0.0011688503	0.004860987	0.0041024378	0.0035212375	0.0052857846	0.0018147946	0.005734119	0.0568946	0.011492862	0.003147077	0.0014313515	0.0005586881	0.001426423	0.0034250892	0.00027992635	0.00037043812	0.0055392636	0.0014437338	0.0016874678	0.0016878061	0.00044525746	0.00029354967	0.0016878061	0.00820433	0.0042359135	0.0019021273	7.702041e-05	0.000426963	0.00057545275	0.0006776972	0.0036468427	0.0008137651	0.008150121	0.0010201825	0.0060287113	0.005986274	0.0017435845	0.00071484054	0.105963714	0.00034400274	0.00062850124	0.0004878913	0.0003352242	0.004894018	0.006818547	0.00044491253	0.00083843386	0.0016681699	0.045292128	0.00091139803	0.00020381878	0.015790593	-21.933765411376957
s02e16a	335.0	5.0	0.86588335	0.86588335	0.028959883	0.013716499	0.0011090228	0.00047299598	0.009986955	0.00088860973	0.0012063191	0.003648503	6.569283e-05	0.00014022637	0.0047117146	0.005282	0.0013383242	0.00035550416	0.006010344	0.00025020633	0.0002970324	0.00086392014	0.012017249	0.012017249	0.0018697467	0.00209018	0.0011289674	0.018793134	0.4973016	0.022543576	0.00598563	0.0012651862	0.00050288334	0.001202295	0.0030063803	0.00035111108	0.0010621737	0.0024189027	0.0008048326	0.0024189027	0.0010336305	0.0007562058	0.0005303525	0.0010336305	0.0013475245	0.003142213	0.0017186743	0.00019116755	0.00023374548	0.00022601227	0.00096755184	0.0014147877	0.0007493143	0.014669072	0.0004122833	0.012449789	0.010103851	0.008838487	0.00026219583	0.0017447785	0.00024742648	0.00076553266	0.0009060157	0.00041692687	0.0035035685	0.0027881889	0.00041575247	0.0019324631	0.0013781893	0.00940774	0.0037924268	0.00011652134	0.018815618	-22.53819274902344
s02e16a	340.0	5.0	0.8190277	0.8190277	0.044367462	0.04568137	0.0007159611	0.011241809	0.042608816	0.0063653225	0.005935749	0.0024948937	0.00016867399	0.0002516108	0.011331396	0.014847543	0.21052834	0.0010067577	0.0024755958	0.00020639077	0.0032051103	0.03247547	0.027469313	0.027469313	0.0025469384	0.01532965	0.0022406091	0.01532965	0.47549528	0.014321298	0.0040717	0.0011483441	0.0008830703	0.0011020204	0.01973928	0.0003451568	0.002258072	0.00054127694	0.0003476839	0.00041697736	0.000290452	0.00021003884	0.00017850671	0.000290452	0.0008521135	0.0016247504	0.0041895146	0.00026790367	0.000511556	0.0005373237	0.0011969956	0.0015442786	0.0014789988	0.007849213	0.00023553838	0.008394902	0.0055760606	0.0050959145	0.00052803906	0.013490164	0.0009279339	0.0009619046	0.0004812509	0.000494897	0.0015536331	0.002321617	0.0015404798	0.0037086974	0.0026208027	0.004831893	0.005986209	7.774193e-05	0.009450162	-21.855165481567383
s02e16a	345.0	5.0	0.780778	0.780778	0.023679249	0.093086444	0.00040127462	0.0021849358	0.24260819	0.001380966	0.0022562097	0.006295788	0.00017031013	0.0002652968	0.005834349	0.006546828	0.0033487089	0.0005580476	0.0026043616	0.0016444885	0.008487514	0.035075124	0.0133929	0.008296246	0.001407892	0.0048851646	0.0010938159	0.0048851646	0.10713929	0.01947755	0.0069127753	0.0010332926	0.0003821582	0.00080919743	0.003893848	0.00045574232	0.0005367067	0.0010010236	0.00066575495	0.0009618514	0.006642248	0.000978089	0.00014606313	0.006642248	0.0006428809	0.006157902	0.004841383	0.0005773233	0.00035332708	0.001406462	0.0039832364	0.0015611799	0.0029504197	0.0055550276	0.00014614951	0.0031200498	0.0013460784	0.008674633	0.0008653904	0.005356773	0.00027718188	0.0014323238	0.0003435272	0.0002726413	0.0062745987	0.0008143182	0.00016539503	0.00089891563	0.0010283089	0.019693816	0.0051567405	8.806049e-05	0.0062745987	-21.52146339416504
s02e16a	350.0	5.0	0.86093104	0.86093104	0.05766861	0.02681379	0.0011614469	0.0012383083	0.005288298	0.0024838215	0.0018910493	0.0017245386	0.0062171784	0.00029702563	0.015729379	0.007218077	0.0015184762	0.0002279833	0.0008933426	0.0011120246	0.0002233384	0.0033732029	0.02153528	0.02153528	0.0024190664	0.009390762	0.0038633342	0.009390762	0.26006642	0.013359578	0.0024100053	0.00095202844	0.00054598605	0.0016249819	0.0045086476	0.00027185536	0.0010884238	0.001935051	0.0008052799	0.0015975002	0.0011457272	0.0006823302	0.0005163404	0.0011457272	0.0010463857	0.0052590906	0.006005793	0.00019792852	0.0003726263	0.0019909476	0.0008420303	0.001498914	0.001280701	0.004391384	0.0006133266	0.00404231	0.0014285994	0.041366212	0.00044039337	0.009233632	0.00037174887	0.0014064433	0.0023489424	0.00018912357	0.008087504	0.0034813606	0.0010472304	0.004389564	0.0016282334	0.010875021	0.0047571952	7.932111e-05	0.03651682	-21.14547538757324
s02e16a	355.0	5.0	0.85527647	0.85527647	0.05222984	0.03321206	0.0018407897	0.0019733573	0.032574654	0.00534609	0.001968637	0.0016346074	0.0071910713	0.00062691374	0.0071404562	0.01090169	0.0010158694	0.00059079344	0.0013974207	0.0021135088	0.0006450336	0.009623717	0.0094982255	0.0094982255	0.001541286	0.010251321	0.001999472	0.010251321	0.18629	0.010241901	0.0022347027	0.0008064778	0.00065743586	0.0008689405	0.0025249238	0.00043883402	0.0008283048	0.0035533598	0.0014462548	0.0020713815	0.0015103467	0.00095681974	0.0006294178	0.0015103467	0.0016573998	0.0043265917	0.004663717	0.00028102618	0.0006985358	0.0018265524	0.0012414993	0.0019202041	0.0015136487	0.00930399	0.001277411	0.0029436578	0.0015855568	0.1127092	0.0007857457	0.0041737803	0.001260963	0.0018579767	0.0019455059	0.0003752944	0.005490818	0.0020099182	0.0014694234	0.0052817496	0.0016569534	0.0056487503	0.0043182126	0.00018266193	0.037083574	-21.080059051513672
s02e16a	360.0	5.0	0.76488984	0.76488984	0.05158508	0.014202056	0.00084705226	0.0010564423	0.006167647	0.000661741	0.0017495903	0.0005323947	0.0019881679	0.00032474066	0.0072225505	0.016588379	0.003031718	7.392177e-05	0.0008189845	0.00089015294	0.0005583392	0.002154358	0.008660735	0.008660735	0.001340635	0.009955765	0.004161985	0.011511984	0.10945656	0.016387653	0.0044510583	0.001200913	0.0007625631	0.0017360738	0.004776247	0.00037471202	0.000710813	0.0025733917	0.0011182481	0.0018300306	0.0024771083	0.0009349042	0.00050146074	0.0024771083	0.0018078105	0.008825618	0.0049404064	0.00019006777	0.001007128	0.0028058751	0.0014915328	0.0012596467	0.0028976845	0.008065065	0.0014793257	0.004340041	0.0028771027	0.06103894	0.0011920099	0.011857461	0.0015398661	0.0020604548	0.0011185005	0.00020098175	0.016720446	0.0042410735	0.001973205	0.0015417383	0.0016022873	0.012261979	0.002744214	0.00013811915	0.030248292	-21.229915618896484
s02e16a	365.0	5.0	0.8866991	0.8866991	0.029627504	0.0056676823	0.0003254259	0.00085580035	0.0045010517	0.00043494758	0.0012795633	0.0006095507	0.0013502571	0.0003455881	0.003407012	0.0037419973	0.0004815999	0.00016991014	0.00051707873	0.0021708845	0.00048357702	0.005099528	0.020026764	0.0023596112	0.0021164527	0.0031710095	0.00087166834	0.0034608734	0.031081878	0.0037188737	0.002263424	0.00032267574	0.00044000818	0.0003287682	0.0021433982	0.0003181909	0.00020400231	0.004436119	0.004436119	0.0038008816	0.0021437898	0.004357855	0.0018005866	0.004357855	0.0028190555	0.01983297	0.05179043	0.0016510527	0.00070324226	0.0011764814	0.007207587	0.0013107506	0.009768832	0.0059832335	0.00033072106	0.0012973537	0.0007955855	0.030941898	0.0014626496	0.005256921	0.00046756022	0.0011246353	0.001086559	0.0008605775	0.008071736	0.0033796143	0.0018809984	0.0015985545	0.0019432757	0.0052370997	0.0009544397	0.00022538991	0.008071736	-21.706789016723636
s02e16a	370.0	5.0	0.8853378	0.8853378	0.19196714	0.06804586	0.0002848871	0.004085972	0.02009659	0.0013721334	0.0023171117	0.001632266	0.0006444756	0.00022462488	0.006445751	0.010628452	0.0016567877	0.00030031588	0.0016838057	0.0011199948	0.002871377	0.015748821	0.00917961	0.007182861	0.0011441839	0.0014982254	0.0005205964	0.011839663	0.057853416	0.0063225767	0.0017873954	0.00037370317	0.00019435283	0.0007020175	0.0027395918	0.0002941949	0.00022783488	0.00390474	0.0009300325	0.0014817422	0.0016212991	0.00095632585	0.00037190714	0.0016212991	0.0016132102	0.003402766	0.003915073	0.00066505105	0.00036249537	0.00064433133	0.0027125333	0.002275535	0.0021084815	0.018188134	6.490711e-05	0.0043069352	0.0011279291	0.0062684203	0.0003278211	0.0015310555	0.0004982941	0.00063859683	0.00020751593	0.0002814426	0.0048201443	0.0010893688	0.0010233559	0.002425655	0.0014167486	0.011299308	0.0046803965	0.00010126948	0.017523475	-22.255802154541016
s02e16a	375.0	5.0	0.7689988	0.7689988	0.045674697	0.021370783	0.00057527807	0.0009006522	0.006524304	0.0007246752	0.0012861926	0.0008378181	0.0023463727	0.00038938518	0.0022313104	0.0061150123	0.0012322089	0.00046865118	0.00039810434	0.0011671064	0.00064115145	0.0034431051	0.0064157895	0.0023186444	0.002313479	0.0038929842	0.0011847324	0.0038929842	0.064358	0.0076924	0.0026676392	0.00066092634	0.00064745505	0.0015617901	0.0038050727	0.0004165995	0.00043256176	0.003421564	0.0013721805	0.0015491623	0.004336352	0.001266708	0.00038039862	0.004336352	0.0012835182	0.005818034	0.005389527	0.00040897948	0.00086643244	0.0018640602	0.0024842422	0.0011267703	0.0017691413	0.0027901889	0.0008837322	0.0028209947	0.0017291105	0.10919513	0.001459726	0.009903458	0.00049499446	0.0017104521	0.007299187	0.0002581142	0.021099206	0.0029561596	0.002383322	0.0008439006	0.0010143056	0.008157383	0.0021346677	0.0001577735	0.026107056	-21.65875244140625
s02e16a	380.0	5.0	0.8663991	0.8663991	0.26371816	0.014229105	0.0004633987	0.011661895	0.052503154	0.0013098825	0.0011304278	0.001490522	0.00035495168	0.00054682454	0.0007312023	0.055276453	0.0022392068	0.00023794589	0.0045663416	0.0003888794	0.026900575	0.054031536	0.0052384315	0.0052384315	0.0012909527	0.0067001814	0.0018221915	0.008540761	0.04200906	0.01153377	0.0048760935	0.0007367847	0.00041407088	0.00065169414	0.008548214	0.00033160503	0.00044520313	0.0026268773	0.002438799	0.0021103122	0.0049881544	0.002889787	0.0005626659	0.0049881544	0.002021725	0.012422334	0.005238859	0.0016946209	0.0007530575	0.001261547	0.0024735078	0.0022167072	0.0013109534	0.011765961	0.00014637642	0.0015449065	0.00156715	0.0044058696	0.00020103752	0.0018995001	0.0006770251	0.0013808024	0.0004795808	0.00025707923	0.0032474142	0.0011162636	0.0028957177	0.0022499282	0.00052135915	0.0070445337	0.005579708	0.0002974853	0.027680729	-20.93813133239746
s02e16a	385.0	5.0	0.5333864	0.5333864	0.008294771	0.00081632024	0.00074236037	0.0067284647	0.041470464	0.0015484389	0.009706002	0.0036761155	0.0005573401	5.8607522e-05	0.0017365523	0.0043323864	0.00041480316	6.860398e-05	0.0009430144	0.005496391	0.008862622	0.037434243	0.0009201913	0.00086119026	0.00017797595	0.032158434	0.0016293321	0.032158434	0.83173203	0.44700944	0.3501145	0.00156537	0.00026354668	0.0029520025	0.01641898	0.00024208507	0.0056754244	0.0010558647	0.0010558647	0.0003598608	0.002849247	0.005967554	0.0002174764	0.005967554	8.861139e-05	0.0024314772	0.0043745916	0.0006984836	0.0007047212	0.00032469514	0.002283496	0.0005235688	0.00028543003	0.0020989918	0.00014893772	0.0003491825	0.00012688541	0.001435917	0.0006242998	9.4541014e-05	0.00022693559	0.0003696314	0.0015314544	2.437307e-05	0.00021426924	0.00017070521	0.00027643132	0.0033706129	0.00011535192	0.0021180976	0.0008584546	4.740775e-05	0.012889786	-20.217529296875
s02e16a	390.0	5.0	0.27064046	0.27064046	0.00051617064	0.00080516975	0.00018014871	0.00018112427	0.00016552077	0.00022774976	0.010278857	0.0033862828	0.000108641034	4.8049875e-05	0.00019381507	0.00036473293	6.990436e-05	1.7949063e-05	7.122327e-05	0.00026647176	7.415094e-05	0.00033103648	0.0009524971	0.0009524971	0.0003871571	0.0013763799	0.00019093783	0.0013763799	0.9335384	0.6736168	0.4864643	0.00016643062	3.0124233e-05	0.00052285363	0.02508791	0.00028096806	0.007372163	0.0003640677	0.0001653903	0.0003489449	0.00019117503	0.0002326083	0.0002610489	0.0002326083	7.509201e-05	0.0003759966	0.00027433696	8.4724306e-05	0.00010012404	3.786772e-05	0.0001519955	0.0002415343	4.8471487e-05	0.00031720806	0.00010135894	0.00081179634	0.0003050242	0.0004984803	2.8561652e-05	0.0001769205	5.82286e-05	0.00012049971	0.00024614247	6.374198e-05	0.00030364282	0.00013650073	0.00015589225	0.00018399919	0.00019080353	0.0006468944	0.00024655563	8.916149e-05	0.0014899344	-22.79322624206543
s02e16a	395.0	5.0	0.8900802	0.8900802	0.050999984	0.14824744	0.0010598586	0.0012778132	0.003410859	0.0047664107	0.0019060241	0.036636062	0.0017516086	0.0007523753	0.002180576	0.0054905736	0.0011008254	0.0017085709	0.0014601961	0.0005274088	0.00047140842	0.0038837534	0.019117821	0.019117821	0.011900838	0.001567823	0.0025294456	0.0025294456	0.042480357	0.004376353	0.0009491873	0.0010968962	0.00096670963	0.0010419665	0.0012507132	0.0013754376	0.00053324184	0.022937069	0.0045976983	0.022937069	0.0063829566	0.0036887222	0.0057462812	0.0063829566	0.0017268321	0.004811652	0.007354942	0.00047750436	0.00043755982	0.00081451493	0.0017467096	0.0026999086	0.000860309	0.0036073048	0.00062399317	0.0023171613	0.000656202	0.003287797	0.00036113532	0.011779014	0.00050145097	0.0008078419	0.004330961	0.00016895279	0.0055576833	0.00035359766	0.001425824	0.0023931751	0.0010882963	0.0072790645	0.0026783552	0.0005276293	0.0055576833	-24.11334609985352
s02e16a	400.0	5.0	0.9123005	0.9123005	0.053272173	0.16382787	0.0008713229	0.003719531	0.11894232	0.009748147	0.0034329304	0.007225102	0.0002668328	0.0004104375	0.0007928802	0.0036046065	0.005283163	0.0006606568	0.002155131	0.00066708046	0.0049386276	0.18598299	0.0064599114	0.0025619199	0.0011743591	0.0011663645	0.0005834475	0.001767352	0.03500193	0.0064739403	0.0026951956	0.0014738629	0.00034928837	0.0013437356	0.0021848383	0.00045293977	0.00057750277	0.00062485517	0.0005320804	0.0005948163	0.0031214072	0.00077608594	0.00014038451	0.0031214072	0.0006776571	0.0035835619	0.0054883556	0.00062213297	0.00045040058	0.00084253476	0.0023083976	0.0009117676	0.0012460871	0.0059863534	0.001172263	0.0020726013	0.0006513228	0.0032540206	0.00042103333	0.0028935266	0.00031736988	0.00089019194	0.0012188706	0.00018027896	0.0012463536	0.0005616835	0.0003416056	0.0018915739	0.0012138191	0.0042783143	0.0055562025	0.000458977	0.0055562025	-22.61542320251465
s02e16a	405.0	5.0	0.8692886	0.8692886	0.014565247	0.046350252	0.0023074688	0.0026717694	0.23025157	0.007623097	0.0019095887	0.030357255	0.00027990926	0.00047028458	0.0036808006	0.0020422467	0.0021711944	0.0019685791	0.0015093625	0.00056672713	0.00153812	0.046513494	0.005461416	0.0020573079	0.001597876	0.001256673	0.0010943761	0.001256673	0.025340931	0.005370003	0.0033103374	0.000811794	0.00013393397	0.00065464043	0.0016844382	0.00020039544	0.00021315341	0.0022401763	0.0022401763	0.0022378988	0.0037240025	0.0039789784	0.00081072835	0.0042510573	0.000628409	0.00566922	0.020561852	0.0017593045	0.0007091498	0.0004140936	0.012904185	0.0021038475	0.0019930426	0.006200214	0.00063766754	0.0016689338	0.00031531425	0.0020848745	0.0005160777	0.00561953	0.0003678716	0.00053099217	0.00038105794	0.0004356291	0.001140664	0.0005367773	0.0008486842	0.0032393793	0.002249878	0.0029703914	0.0013176817	0.0005409747	0.0041077537	-21.046905517578125
s02e16a	410.0	5.0	0.7208414	0.7208414	0.013596819	0.08101801	0.00078336376	0.0038670467	0.0029786837	0.0028008658	0.0075844093	0.027256938	0.00028280792	0.000116234696	0.0017251183	0.011147178	0.00094510795	0.00057805044	0.007519526	0.0009902691	0.004678824	0.007971454	0.013196921	0.0044734543	0.0014149358	0.0024090894	0.0031143364	0.0031143364	0.028141849	0.005368745	0.0016925354	0.0013847899	0.00018123932	0.0008242091	0.0014895968	0.0010067415	0.000547752	0.07683394	0.019414227	0.07683394	0.061676502	0.024898773	0.0058070812	0.061676502	0.0024699806	0.034241904	0.018149678	0.0027577195	0.0026186286	0.0005861011	0.008924469	0.005281815	0.0018848537	0.0061918427	0.000855484	0.00246439	0.00079795666	0.0013101315	0.00019232834	0.0016430833	0.00020337907	0.0014085666	0.00035887514	0.00030015587	0.004867618	0.00053776876	0.0050959536	0.0012339056	0.0009707753	0.045270957	0.004195128	0.0005491038	0.025050454	-22.269271850585938
s02e16a	415.0	5.0	0.8434055	0.8434055	0.015059	0.017870117	0.00024521045	0.0029575091	0.025954302	0.0010231794	0.0031692344	0.011716199	0.0005802388	0.00030181184	0.0015052031	0.015203514	0.00060928497	0.0018318084	0.0022124345	0.0011599996	0.0022498427	0.02968034	0.1428926	0.011080878	0.0007829324	0.0028523917	0.0005200429	0.0028523917	0.0264686	0.004186981	0.0032154433	0.00054648373	0.00014483766	0.0004481654	0.0010972875	0.00031597898	0.00018575245	0.0033959202	0.0033959202	0.0013450915	0.0054344484	0.0020960274	0.000299455	0.0054344484	0.001079048	0.007807684	0.010706488	0.0004982746	0.0005825629	0.0002999373	0.004336366	0.009230373	0.001968538	0.019620808	0.000121408564	0.0018099492	0.00045802706	0.0008455144	0.00020269744	0.0012769081	0.0007287709	0.0009226055	0.00021644455	0.00019359397	0.0028363788	0.00037282403	0.0012692412	0.0035416097	0.0013621638	0.006407211	0.0044044727	0.00039868103	0.040849324	-24.53470993041992
s02e16a	420.0	5.0	0.83584017	0.83584017	0.033377107	0.083610795	0.0020569575	0.001319773	0.08009285	0.0034355477	0.0021896523	0.025459599	0.00033126632	0.00012815438	0.002273865	0.008195201	0.0027821125	0.0017274151	0.0043991706	0.0009811046	0.0022412413	0.023010895	0.0061956025	0.0043893224	0.000863201	0.0016096369	0.0005873182	0.0016096369	0.056768335	0.005481182	0.0026790942	0.0010279964	0.00023182917	0.0006728358	0.002411847	0.00035059964	0.00027606104	0.0031462335	0.0031462335	0.0013916104	0.004345841	0.003462803	0.0004050802	0.004345841	0.0009805177	0.010280953	0.015496524	0.0023867744	0.0010886675	0.0006434979	0.01677188	0.002160004	0.0019489996	0.027835416	0.00033805097	0.008425485	0.0014082647	0.0036125532	0.0012408197	0.0016414524	0.0005033591	0.0007605449	0.0011487604	0.00026886683	0.002747695	0.0027967081	0.00078841357	0.003485484	0.0025699853	0.003688263	0.006499939	0.00031535962	0.008649132	-24.59542465209961
s02e16a	425.0	5.0	0.89422923	0.89422923	0.003947855	0.04370946	0.0011848046	0.00030944654	0.0020264739	0.0012229764	0.0015918261	0.034139078	0.00010925325	0.0001981927	0.0074593476	0.0426569	0.0013716964	0.00086553633	0.004162766	0.0011202098	0.0002705421	0.001058577	0.0444998	0.023608197	0.0022209256	0.0041346042	0.001712453	0.0041346042	0.030542096	0.005022081	0.0016251521	0.00087299	0.00058166933	0.00065476686	0.0012395268	0.0005826895	0.0002291586	0.008121516	0.002985726	0.0012245814	0.0016054529	0.0010671482	0.0003694401	0.0016054529	0.0029698801	0.0049870186	0.0031054518	0.0001259274	0.00021049715	0.00035675918	0.002017798	0.003341325	0.0014137869	0.0100334715	0.0009864903	0.0045972443	0.0024180238	0.0011118371	0.002758278	0.02768171	0.00021105785	0.00071693235	0.0006961978	0.0001959639	0.004341908	0.0012494803	0.0004992359	0.0010196859	0.0009940247	0.017625628	0.0019424527	0.00070963765	0.015563814	-25.087099075317383
s02e16a	430.0	5.0	0.7952722	0.7952722	0.020607794	0.19772156	0.00036107955	0.0030777552	0.073454425	0.00089202926	0.005153415	0.008326205	0.00041226015	0.00050107087	0.0011629598	0.0023453047	0.002220299	0.0009771353	0.005074762	0.001421652	0.014474771	0.0076076444	0.0073867734	0.0032623783	0.0010253956	0.0039804643	0.0010613186	0.0039804643	0.0868397	0.018787598	0.0065029203	0.0023587325	0.00040877372	0.0012118021	0.004389468	0.00043990245	0.0007173516	0.002657297	0.001257855	0.002657297	0.0029706822	0.0018846295	0.0006915715	0.0029706822	0.0008668305	0.0036195316	0.006019124	0.0012934892	0.0011282193	0.0009401897	0.012441671	0.00089543394	0.0019153722	0.005730154	0.0004125322	0.0016567152	0.0007319587	0.007124693	0.0054407455	0.0068607912	0.0004136245	0.0018606855	0.0021269175	0.00083935674	0.0018407439	0.00067156676	0.0005063306	0.0018231232	0.0019194038	0.0037942086	0.002759115	0.00019064386	0.0041563525	-21.25303649902344
s02e16a	435.0	5.0	0.9237036	0.9237036	0.013304337	0.07389162	0.007999876	0.0010298304	0.08784608	0.013731363	0.0012570561	0.07029908	0.00013176804	0.000112804584	0.0033981185	0.0077388296	0.13055284	0.0030911965	0.0009781179	0.00012456128	0.00030581272	0.021161875	0.041957468	0.040204983	0.0012434366	0.016147114	0.0005643589	0.016147114	0.0624791	0.0058766236	0.0016167886	0.00041975573	0.00046848366	0.00037697318	0.0013686606	0.0004802954	0.00031956565	0.0009021788	0.00048642742	0.0007406633	0.00464625	0.0007366416	0.00015077142	0.00464625	0.0008489705	0.006348164	0.005197636	0.00024727694	0.0004081079	0.0004089834	0.0010981733	0.001517593	0.0009883521	0.003174217	0.00012010475	0.0034141399	0.0015697187	0.0016366707	0.00040624515	0.008939446	0.00043429833	0.0009676357	0.0007423207	0.0001966589	0.0022678776	0.0005709368	0.00025871707	0.0002866824	0.0014452753	0.009168795	0.0013626582	0.000198664	0.004911871	-25.36869239807129
s02e16a	440.0	5.0	0.88078153	0.88078153	0.06958924	0.10852601	0.000489122	0.0070829615	0.19319224	0.004425707	0.0023440155	0.003145661	0.0010206	0.0005124098	0.001679112	0.002477971	0.0027554804	0.00082317274	0.0017600567	0.0011753214	0.0075232387	0.017065262	0.00750278	0.00750278	0.0009914658	0.0014296208	0.0007305462	0.0014296208	0.048265602	0.004476363	0.0020381527	0.001054806	0.00024036977	0.0007233742	0.0022942305	0.0002813334	0.00034491203	0.0009837262	0.0006495264	0.0009837262	0.0018048211	0.0014405545	0.00030772958	0.0018501645	0.00091717974	0.003009286	0.020666433	0.0030210528	0.0010483185	0.002219111	0.01990769	0.0010449891	0.0021257368	0.0049172626	0.0005437093	0.0006606121	0.0007674551	0.00597638	0.0020236347	0.003694429	0.00038684797	0.0013853835	0.0010375881	0.0004322378	0.0012011634	0.00033624427	0.0008857804	0.0027928224	0.0016612468	0.0036674945	0.0025436203	0.00035452965	0.00567943	-20.697433471679688
s02e16a	445.0	5.0	0.88607484	0.88607484	0.008064044	0.04210818	0.00061194424	0.0009863822	0.16933899	0.000982284	0.0011365912	0.011035412	0.0006877538	0.0004269376	0.0016549629	0.0022192155	0.0060791904	0.0013361622	0.0012531566	0.00050767406	0.00036436904	0.0050621326	0.050956845	0.010687424	0.0016463528	0.0040924246	0.0010715378	0.0040924246	0.046840817	0.005457346	0.0017460346	0.0010230035	0.0006444827	0.0009611799	0.0020542422	0.00020807346	0.0004967613	0.0013193401	0.00065026473	0.0013193401	0.0017025125	0.0005319838	0.00043095785	0.0017025125	0.00088517886	0.0031604702	0.005229087	0.00019793832	0.00047674938	0.00026019884	0.004695334	0.00091463985	0.0044239927	0.0059338077	0.00023010708	0.0012871963	0.0010554574	0.010003077	0.00067505584	0.006214993	0.0008909438	0.00046602442	0.0043550134	0.00059594814	0.0010947108	0.0009909308	0.00043331995	0.001998964	0.00092467543	0.0035304285	0.0015002034	0.00014382447	0.002296937	-21.5876407623291
s02e16a	450.0	5.0	0.8155995	0.8155995	0.028133359	0.01401373	0.00024688072	0.0044461014	0.06704925	0.0016181853	0.003469525	0.003933522	0.0002295785	0.00034947175	0.00065048446	0.0074689384	0.0012910315	0.001200456	0.0027758225	0.0007768362	0.023743704	0.04297166	0.012739513	0.002914756	0.0018911579	0.002095185	0.00043229922	0.002095185	0.04330401	0.0087889815	0.0032234846	0.0010288296	0.00024290702	0.00086139626	0.005028867	0.0005090083	0.00032097538	0.0062022675	0.0042536254	0.0062022675	0.022919562	0.007422226	0.0023753187	0.022919562	0.0015634983	0.015845124	0.018880973	0.0035353603	0.0022111107	0.0013316579	0.04194884	0.0021967816	0.0085693635	0.0055676433	0.00015718157	0.002280414	0.0014528338	0.0019686148	0.00020132065	0.0003300564	0.00032349047	0.002289066	0.00029458673	0.000967603	0.0015575525	0.00036169522	0.0026908694	0.0029914419	0.0015580723	0.016498502	0.0031117778	0.00045165818	0.01595677	-22.55923080444336
s02e16a	455.0	5.0	0.8116708	0.8116708	0.008130325	0.16176017	0.014343906	0.0009978228	0.036102824	0.009822248	0.0023349125	0.0881222	0.0017797566	0.00047250072	0.0061342856	0.0019128871	0.0018304313	0.00092523417	0.00094939984	0.000757985	0.00029877515	0.0006237455	0.011089707	0.011089707	0.0017357556	0.003333935	0.007829682	0.007829682	0.10180211	0.004612365	0.0010634911	0.00081408734	0.000516993	0.0009100136	0.0018241032	0.0010513108	0.0008224706	0.0017943137	0.00059165084	0.0014192064	0.00072174054	0.00036798944	0.0005791037	0.00072174054	0.0004944314	0.0024968323	0.0062973634	7.8105004e-05	0.00029006903	0.00089679746	0.0013252591	0.0010513108	0.0019419962	0.0006657651	0.0011301166	0.0007731274	0.00035241424	0.007038076	0.002146266	0.04943626	0.00015145642	0.0017252628	0.0061700065	0.00017398353	0.004490874	0.0007420481	0.0006509229	0.00078166364	0.00041318216	0.003243194	0.0008339785	0.00030290292	0.0045355675	-21.14363670349121
s02e16a	460.0	5.0	0.89898133	0.89898133	0.020671884	0.20524284	0.0012194343	0.0023771487	0.07848289	0.00865739	0.00338187	0.019213837	0.0005162528	0.0004118895	0.01673184	0.002072475	0.0020198633	0.0020757054	0.0033050475	0.00060131704	0.001298094	0.005819921	0.0032942554	0.002401379	0.00067922444	0.00061811076	0.00047402305	0.0013542804	0.032111302	0.008097938	0.0030645342	0.0012052016	0.00039284915	0.0009463338	0.0020367284	0.00024573025	0.0003206958	0.0023387636	0.0014401596	0.0023387636	0.0034938212	0.002337479	0.00038427414	0.0034938212	0.0010749641	0.002389659	0.002840668	0.0003746331	0.00055376533	0.0011831118	0.00065318466	0.0007367117	0.0011960657	0.0047084554	0.000664002	0.0023028036	0.0007648538	0.0075382856	0.003017743	0.050234254	0.0001892408	0.0010521034	0.0013436767	0.00021889247	0.0031280662	0.0008111198	0.0008149695	0.0027625402	0.0016154329	0.0053967396	0.005143182	0.0003654278	0.005143182	-23.95264434814453
s02e16a	465.0	5.0	0.8198368	0.8198368	0.023388846	0.023743194	0.00020959432	0.0028856613	0.22899039	0.001350922	0.0025371644	0.008158236	0.00077265676	0.00047934364	0.0019219916	0.0026312484	0.006493073	0.0022989418	0.0026594843	0.0006379161	0.0050135897	0.037902683	0.028521901	0.0040127393	0.0016060524	0.0015787641	0.00065419666	0.0018759043	0.03462625	0.008299821	0.0053819963	0.0012181828	0.00040962803	0.0016194908	0.002564859	0.00033115453	0.0003372758	0.0011558154	0.0011558154	0.0011180041	0.0062962654	0.0022233212	0.0002929343	0.0062962654	0.0007925225	0.0070397723	0.008484112	0.00046969682	0.0013322554	0.00030210262	0.0060489667	0.0014548905	0.0068028127	0.0035811279	0.0002845312	0.001537888	0.0010696724	0.0031311053	0.0002741547	0.0025666861	0.0005490028	0.0012610117	0.000344989	0.00038921981	0.0019377716	0.00042178432	0.001060698	0.004122402	0.0018196703	0.013397291	0.0029871813	0.00024440847	0.004122402	-23.39508438110352
s02e16a	470.0	5.0	0.8563528	0.8563528	0.004482351	0.19577022	0.001329177	0.0013190605	0.0058343075	0.0035714135	0.0037156579	0.3261947	0.0002880528	0.00017758673	0.0010162721	0.0031418009	0.00083886983	0.0008734501	0.0043198904	0.00023561159	0.0002883878	0.0011426547	0.0128665995	0.0075607467	0.0012915548	0.0023936671	0.0031610408	0.0031610408	0.040729117	0.0031359643	0.0011699225	0.0004658494	0.0004997994	0.000585278	0.00092133705	0.002038657	0.0007161539	0.0016390317	0.0004427683	0.0016390317	0.0019923598	0.00034595234	0.0004073519	0.0019923598	0.00086747087	0.0018780322	0.0047940407	0.00011331021	0.00033795898	0.00084011845	0.001089728	0.0009272957	0.00076168106	0.0009941487	0.0015550961	0.0008028349	0.00052845624	0.0034086294	0.0012571973	0.0027556207	8.0020676e-05	0.0019377529	0.00564618	0.00014855576	0.0010824316	0.00017197052	0.00023259765	0.00024105623	0.00041026462	0.0013934505	0.0010463235	0.0009491981	0.0031930413	-21.033143997192383
s02e16a	475.0	5.0	0.45531377	0.45531377	0.009793929	0.003597896	0.002240123	0.007046619	0.10036151	0.002206389	0.0035438603	0.007159561	0.0036222688	0.0002528917	0.002409541	0.008682271	0.0011488567	0.0029984103	0.0014621872	0.0033851985	0.0024872595	0.028896794	0.019833254	0.0077656005	0.004462919	0.0012449038	0.0007200745	0.0012449038	0.043413337	0.0029236763	0.0012958259	0.0006314938	0.00015659082	0.0004763917	0.0019079263	0.0003221796	0.00034805265	0.0019392432	0.0019392432	0.0017355573	0.002074255	0.0026187894	0.001688895	0.0026187894	0.00088248315	0.014117328	0.0061364197	0.00061728037	0.0012881003	0.0003159046	0.032211732	0.0026280892	0.001955252	0.019218478	0.00054651446	0.0062853736	0.00044142792	0.0009870224	6.968399e-05	0.0003169399	0.0003277133	0.00064620574	0.0003100135	0.0011453611	0.0047721528	0.00073840003	0.0058390666	0.011729208	0.0047551095	0.0053142766	0.003284194	0.001223841	0.011729208	-24.5443172454834
s02e16a	480.0	5.0	0.84714985	0.84714985	0.02524544	0.17833348	0.00041394698	0.00203073	0.31694034	0.0021905412	0.0017681926	0.012125567	0.00017348392	0.00033162747	0.0028031946	0.0030208444	0.004772821	0.0027664036	0.0053364076	0.00043146347	0.011144108	0.13331637	0.004853494	0.004494143	0.0019750672	0.0044558	0.0017619879	0.0044558	0.03036772	0.0054070638	0.0020302518	0.0013362004	0.00030701456	0.0009265565	0.0024507667	0.0006100179	0.0003978333	0.0010208723	0.0005529897	0.0010208723	0.0015706434	0.000733769	0.00022741385	0.0015706434	0.0006644891	0.0014720451	0.0035387434	0.0006904454	0.001501366	0.0009468794	0.010115103	0.0010738136	0.0017614814	0.005437189	0.0016391035	0.0018018864	0.00074152387	0.0043430007	0.001573578	0.0059030186	0.00044793182	0.001332267	0.0011436609	0.00051840924	0.0028976982	0.00048673118	0.00068509625	0.0019827576	0.0014501619	0.0023816365	0.0030579069	0.00024539616	0.0038601423	-22.41912651062012
s02e16a	485.0	5.0	0.84672624	0.84672624	0.00837064	0.00062341033	5.9934948e-05	0.00041085656	0.0025563221	0.00032040974	0.0017170437	0.0021430086	0.00019457276	7.009093e-05	0.0044265976	0.008542457	0.00014150524	7.9132835e-05	0.0008621587	0.0007043342	0.00040913123	0.00123977	0.011043324	0.009275056	0.0016066694	0.0032582395	0.00041140526	0.03150721	0.021797758	0.0030200263	0.0021204504	0.000572897	0.0003480988	0.0007926049	0.0016649868	0.0002919849	0.00016457385	0.014033668	0.0038854287	0.014033668	0.0017212164	0.0012992121	0.0055631255	0.0017212164	0.0054249363	0.022820886	0.022431713	0.00014400038	0.0008536373	0.00020021303	0.0037083114	0.013675013	0.006673017	0.2914102	0.00036025982	0.073324636	0.0009449782	0.0014545615	0.00031694747	7.1761104e-05	0.00449162	0.001111953	0.0003375973	0.0002947671	0.009066936	0.0036917513	0.0021749155	0.014242563	0.0016336147	0.008595837	0.003870617	0.0020143343	0.07168133	-26.571441650390625
s02e16a	490.0	5.0	0.85406345	0.85406345	0.018972406	0.01747002	0.00013378946	0.0009690389	0.060444225	0.00047875458	0.0019799627	0.0028893612	0.0016790951	5.372716e-05	0.0082290545	0.0073183393	0.0010681689	0.00068343786	0.0013508429	0.0005684483	0.0012444028	0.005749848	0.0060920967	0.0043123816	0.0018179284	0.00074712175	0.00041432734	0.00088807393	0.01825862	0.0017715261	0.0007672471	0.00026692057	0.00019881106	0.00021184313	0.0011950765	8.43888e-05	0.00018792244	0.0006102793	0.0006102793	0.00037275298	0.0010339209	0.0006373837	0.000109916175	0.0010339209	0.0017760262	0.0052395947	0.014421878	0.00021377724	0.00035895672	0.00026065297	0.0074296417	0.0011945423	0.005312941	0.25677797	0.00021322354	0.024620427	0.00066975533	0.0036454222	0.006005266	0.01459441	0.0024748093	0.0006336074	0.00061825244	0.00027335787	0.009718888	0.0032900993	0.00060113653	0.010953098	0.0005630345	0.010849073	0.006762422	0.00028747774	0.08205022	-22.308284759521484
s02e16a	495.0	5.0	0.80352515	0.80352515	0.02347768	0.005465551	0.0006948797	0.0028300404	0.01981155	0.0019757347	0.0075582745	0.0055941623	0.0036366417	0.00016424354	0.0130566815	0.00804138	0.0025016062	0.0058936523	0.0014025824	0.00043673534	0.0057411348	0.030272022	0.04721098	0.04721098	0.008439875	0.0016113399	0.00090317096	0.0016113399	0.22238503	0.023776969	0.004015372	0.001509548	0.0009713294	0.0015425385	0.0029702813	0.00053419214	0.00082876865	0.0020208778	0.0014739654	0.00089032855	0.0015663474	0.0009559869	0.0005350676	0.0015663474	0.0040379893	0.0033166646	0.0030690783	0.00063542585	0.00041158864	0.00034781735	0.0043553235	0.0073433584	0.000836942	0.009927449	8.971586e-05	0.002286503	0.0010031187	0.007148926	0.00021733523	0.0010405252	0.0010619153	0.0010264413	0.00022918265	0.00023797948	0.0103825405	0.00070594996	0.0017510834	0.0057271994	0.0013384656	0.0027985864	0.0048687896	0.00027268758	0.019984309	-22.508113861083984
s02e16a	500.0	5.0	0.8780316	0.8780316	0.0146887135	0.00045141025	0.00037352456	0.00012701348	0.00055230566	0.0040215612	0.000715999	0.0009976398	0.0015846594	0.00030020048	0.16215958	0.006205528	0.004674649	5.2493044e-05	0.00030829868	0.0006941612	0.00016214364	0.00042328713	0.088360325	0.013236044	0.006521285	0.00037979693	0.00078544323	0.0012896169	0.015154137	0.004877454	0.0042179506	0.0022105754	0.0003585299	0.0016891845	0.0010879149	0.00024340035	0.00010733073	0.00404708	0.0025135046	0.0012658897	0.0041314503	0.0013129214	0.00091252197	0.0041314503	0.001103301	0.006751788	0.0014273551	4.3670356e-05	0.00026618713	0.00024359721	0.0017118615	0.0010486905	0.000729398	0.0017936272	0.00029011906	0.0006869088	0.00041803723	0.0021533342	8.740026e-05	0.00030323464	0.0002074544	0.0002192973	0.0002912312	0.00083589833	0.0029569073	0.0018256181	0.00021962667	0.00032384653	2.753338e-05	0.002634301	0.00016802804	0.00039308795	0.0033684962	-28.34809112548828
s02e16a	505.0	5.0	0.864136	0.864136	0.038035356	0.00794447	0.00085251307	0.000659767	0.002675482	0.0012031513	0.0013259092	0.0017568959	0.001476272	0.0002574032	0.009152396	0.04084355	0.0036924232	0.00014400877	0.0012083593	0.0010633391	0.001145108	0.0018455663	0.021897366	0.012759824	0.0031837078	0.004765452	0.0036212297	0.009963085	0.04134955	0.006532348	0.0023046252	0.00063616905	0.00031272968	0.000501025	0.0009805196	0.00040393067	0.00018342044	0.013505535	0.0038865546	0.013505535	0.006305117	0.0022282286	0.00289318	0.006305117	0.0066212486	0.009426418	0.0021431984	9.6692194e-05	0.00015446394	0.00027629329	0.0012509027	0.0045668767	0.00050119986	0.005871753	0.0010086173	0.006273852	0.0004243681	0.0040884404	0.00038764832	0.0092289345	0.00027987402	0.00060692255	0.0009434058	0.00015621277	0.004178653	0.0005116274	0.0008562363	0.001452593	0.0005974601	0.018277338	0.0017248219	0.00035957925	0.006838092	-23.788393020629883
s02e16a	510.0	5.0	0.7582285	0.7582285	0.01576236	0.0733626	0.00019295138	0.0059424886	0.066141315	0.0008684889	0.004489642	0.004141631	0.0012805802	0.00029168747	0.0064289616	0.0015238944	0.0049878564	0.0015680209	0.0018548499	0.0012223521	0.007653573	0.024350313	0.0019044599	0.0014626189	0.0007419494	0.0005735382	0.0003255125	0.0005735382	0.046658378	0.005538838	0.0018731946	0.0006809456	0.00021526014	0.0005834987	0.0025776767	0.002538462	0.00028731255	0.0031072814	0.0013381585	0.0031072814	0.0040866816	0.0046175867	0.00072039437	0.0046175867	0.001410963	0.0025033872	0.0071140793	0.0018305916	0.00090734	0.0010286038	0.004235415	0.002538462	0.002053085	0.010989545	0.0067408825	0.0014503297	0.003798003	0.0040883534	0.008446066	0.02359557	0.00039828446	0.0029866758	0.00069162785	0.0003447097	0.002386703	0.0009194236	0.0013192288	0.002874762	0.012643401	0.0115104	0.03481304	0.00038406157	0.053269006	-19.86764907836914
s02e16a	515.0	5.0	0.7995052	0.7995052	0.068174735	0.018692596	0.0014244954	0.0022738543	0.15472436	0.009307049	0.002541845	0.0031936713	0.017267691	0.00040943807	0.02412505	0.007301378	0.0132395625	0.006869647	0.001307167	0.0016632217	0.0014770341	0.009752134	0.040584736	0.03630124	0.0034784488	0.003573559	0.002037974	0.003573559	0.07369862	0.0059025963	0.0018396815	0.00046453488	0.0003037789	0.0005350658	0.001490918	0.00028604787	0.00035933405	0.0052622375	0.0041751126	0.0052622375	0.006177684	0.0066592093	0.002507713	0.0066592093	0.0010772686	0.014743042	0.008971492	0.002984734	0.0011932345	0.0010943385	0.013660008	0.0015839641	0.003423592	0.005980126	0.00022980494	0.002546374	0.0007339211	0.009417775	0.00080995157	0.0037709577	0.00047647342	0.0009895231	0.0013019235	0.00043378468	0.005687859	0.0011237914	0.001196436	0.013174813	0.0015919374	0.007859451	0.0022036657	0.00039623305	0.013174813	-22.87003517150879
s02e16a	520.0	5.0	0.8432667	0.8432667	0.010330785	0.0020188696	0.0005416375	0.00028497647	0.0010352304	0.00059429667	0.0026677141	0.002264559	0.0007386101	0.00031214172	0.026955545	0.011553983	0.009229266	0.00024772814	0.0055923243	0.0005999311	0.0005189184	0.0005900071	0.011530812	0.0052709584	0.005686436	0.0042439783	0.0027900827	0.0042439783	0.040479615	0.015552202	0.0065986523	0.00083658675	0.00050691585	0.001089347	0.0021671855	0.00025887575	0.00021122818	0.00693228	0.002323326	0.003252657	0.014346104	0.0016140614	0.0009581329	0.014346104	0.007620312	0.012200096	0.0031570813	0.00017068796	0.00034031319	0.00031631716	0.0026334843	0.008396692	0.0020337813	0.0047813994	0.00047057786	0.008331144	0.0011634866	0.0065202625	0.0006409263	0.00504805	0.00035340842	0.0012267914	0.0022876705	0.000528077	0.01741681	0.0057791173	0.0006446166	0.0009082924	0.000848457	0.021282867	0.00062692544	0.0006109967	0.01741681	-24.775917053222656
s02e16a	525.0	5.0	0.07100208	0.07100208	0.00036131576	0.0009011767	6.783452e-05	0.00013576135	0.00050393946	4.6767473e-05	0.0010527651	0.0018209994	3.3982502e-05	1.4957641e-05	0.0043469346	0.019657495	0.00013091366	0.00012632043	0.0002358505	0.0005697292	0.00013109166	0.00034301376	0.025346998	0.013716861	0.010394797	0.010702797	0.001531103	0.014995361	0.029795615	0.0028158752	0.0014330196	0.0005368694	0.00039170968	0.0005457745	0.00093535683	0.00037703628	0.00018637747	0.0071852724	0.0055336347	0.0059897965	0.00068391935	0.0014659767	0.0015036887	0.0014659767	0.0021250946	0.05136977	0.005444297	2.4933515e-05	0.000119248296	0.00014974299	0.003876022	0.012333074	0.0024166314	0.32928005	0.00018397988	0.027288496	0.0033174988	0.00021847794	0.00022994567	0.00025543396	0.0020215078	0.00022041354	6.9126974e-05	0.00018472291	0.010634415	0.014948896	0.00025248626	0.0804454	0.005063639	0.0020446964	0.0005701929	0.00040539657	0.10865122	-26.56238555908203
s02e16a	530.0	5.0	0.70622236	0.70622236	0.04807536	0.055907797	0.00033799247	0.0046280264	0.28927216	0.0033473105	0.0032684745	0.0076570436	0.0032806091	0.0011975841	0.004650678	0.0018000938	0.0023876205	0.0042087478	0.0021270057	0.00043002976	0.007256063	0.009643038	0.0108195	0.0059508407	0.0016055355	0.0017790383	0.00096936396	0.0019081498	0.03132501	0.0075677987	0.0034553031	0.0011648906	0.0006227968	0.0010355257	0.0022001832	0.0005443979	0.0005119738	0.0011519865	0.00087107386	0.0011519865	0.0037619416	0.0013533056	0.0002792586	0.0037619416	0.0009686051	0.0028680023	0.0071116714	0.0011010214	0.0009767606	0.0033798795	0.0062677343	0.0014660214	0.0020162286	0.0055622365	0.0017067435	0.0030601975	0.0007004627	0.002785745	0.0006632652	0.0050720903	0.00089119247	0.0026534495	0.0018329385	0.00059387344	0.0050337007	0.0008355017	0.00076939893	0.0026408087	0.0011366301	0.005544283	0.00330117	0.00021246434	0.0050337007	-19.79891014099121
s02e16a	535.0	5.0	0.7369763	0.7369763	0.009795543	0.07677923	0.00032765238	0.0020722374	0.20057182	0.0010640951	0.0040315166	0.020058438	0.00020343123	0.00033585166	0.0050751567	0.0016418463	0.0024300562	0.0037232526	0.0028650053	0.00129651	0.0050127213	0.03613418	0.0066547855	0.0058020093	0.002528397	0.018057805	0.0009534319	0.018057805	0.057873588	0.0073326156	0.0016052887	0.00083827606	0.0002792546	0.0009968679	0.0034566545	0.0007346936	0.0005140861	0.0016918642	0.0011155619	0.0016918642	0.0053467466	0.0026069195	0.0005139724	0.0053467466	0.0007249597	0.0028827293	0.00500557	0.0004805656	0.00052770675	0.00054950407	0.014200549	0.0007525026	0.0029258442	0.0062394463	0.00032587047	0.0017759325	0.0010738207	0.0061824163	0.004064065	0.0054699983	0.00050448306	0.0011044177	0.00033904923	0.0006325913	0.001962856	0.0006105109	0.0006223521	0.0019390169	0.0017442767	0.008649811	0.002082285	0.00023009302	0.0048617045	-21.758995056152344
s02e16a	540.0	5.0	0.8389236	0.8389236	0.038025506	0.005445991	0.00027625586	0.0019233742	0.064121924	0.00028132403	0.0020690665	0.0059210355	0.00014566313	0.00039814552	0.0036358004	0.010352209	0.0018427164	0.0003545707	0.036045697	8.673745e-05	0.0060469634	0.0974543	0.026400045	0.026400045	0.0009005248	0.007557288	0.0008569329	0.007557288	0.017062832	0.006293933	0.0029175375	0.00027325912	0.00018925923	0.0002916374	0.0027730863	0.0005109505	0.00010842753	0.0007749999	0.0007749999	0.00049921207	0.0011138455	0.00046005214	0.00019342978	0.0011138455	0.002238315	0.0028098526	0.0018391659	0.00019667842	0.00040721623	0.00023719478	0.0014866896	0.0031453513	0.0007182076	0.045238033	0.00021853838	0.010654169	0.0010643161	0.00070959266	8.824509e-05	0.00044478488	0.00028942563	0.0013876706	0.00024294801	0.00030515596	0.0010051812	0.0013154334	0.004392159	0.04524577	0.0008653566	0.005301291	0.027792664	0.0005437062	0.07100538	-23.59109878540039
s02e16a	545.0	5.0	0.7751675	0.7751675	0.013588195	0.013000945	0.0018406933	0.00553684	0.039741553	0.0029429118	0.004373246	0.0022917609	0.00047753192	0.00020771507	0.0007271864	0.005791872	0.0014089979	0.00021544597	0.0019968685	0.0006675975	0.0011614846	0.013898399	0.00771523	0.006382845	0.0015519675	0.0061453455	0.0011577797	0.0061453455	0.089710735	0.009971309	0.0018971006	0.00067962	0.0004256561	0.0005542294	0.0051538525	0.000339466	0.0004984076	0.0006996098	0.00054098864	0.00045650345	0.0008662839	0.00049084076	0.00012380096	0.0008662839	0.0008947422	0.003244045	0.0029520304	0.00021570454	0.00064442866	0.0005842705	0.0012813543	0.00079148484	0.0016323647	0.019598247	0.00066001294	0.014842975	0.0045771655	0.006516869	0.00030426038	0.00046109266	0.0005251542	0.0013749846	0.00241956	0.00033973245	0.003567167	0.002070415	0.0006928067	0.005338729	0.00029053926	0.011187955	0.010564965	0.00024306291	0.0196347	-20.81430053710937
s02e16a	550.0	5.0	0.8150703	0.8150703	0.0021430524	0.06654946	0.0033633742	0.0010857121	0.08578468	0.0026478134	0.0025312558	0.079779565	0.00023922249	0.0011214868	0.0026712194	0.0013694435	0.0022987155	0.00050614646	0.031637974	7.4179094e-05	0.0017705685	0.0033117034	0.002151071	0.002151071	0.0005547569	0.003912082	0.00091755163	0.003912082	0.03285274	0.0030627674	0.0006563753	0.0005327937	0.00013297243	0.0003822134	0.0023171778	0.00033404666	0.00017630449	0.0006128238	0.00012470901	0.0006128238	0.0008149939	0.00015766431	6.8965004e-05	0.0008149939	0.0031236692	0.00029422969	0.0022143575	4.8714537e-05	0.00020827711	0.00023262428	0.00060535147	0.0010418976	0.0011296829	0.0073697837	0.0011810951	0.0037421375	0.019344386	0.00134582	0.006571573	0.0109124	0.00056773034	0.00076199864	0.00041405493	0.0003129474	0.0024839963	0.0051970542	0.00545509	0.0044442634	0.0068990667	0.00877443	0.01625685	0.0004145176	0.01701835	-21.469486236572266
s02e16a	555.0	5.0	0.79515237	0.79515237	0.08335945	0.010018053	0.0010457858	0.0046077347	0.28963923	0.0069151986	0.007864673	0.00097628013	0.0010296917	0.00020376242	0.0033344987	0.001290831	0.0033197699	0.00089172553	0.002541053	0.0006530383	0.003557191	0.016369278	0.0039131413	0.0008553197	0.001432677	0.0012909435	0.0005923234	0.002154655	0.039293002	0.010921658	0.0038810978	0.0007847438	0.00027911246	0.0009101029	0.005798512	9.207831e-05	0.00035550588	0.00081157475	0.0004582976	0.00081157475	0.0012952707	0.00062887213	0.0002431167	0.0012952707	0.00055252237	0.0023527404	0.0035915372	0.0005519363	0.00024789164	0.0004545624	0.0030182723	0.0004388629	0.0020009095	0.013581108	0.00014542123	0.0034646743	0.0015401389	0.005624043	0.0016754542	0.00044599237	0.00035629948	0.0009124372	0.00042919413	0.00018956065	0.0021595727	0.0056007393	0.00047648457	0.0035261298	0.0013734734	0.0014924954	0.0028799744	0.00012538725	0.009230012	-20.19145965576172
s02e16a	560.0	5.0	0.8572971	0.8572971	0.026345512	0.17180845	0.0006745986	0.0017566285	0.016998038	0.0017552293	0.0029646547	0.009409429	0.00029248503	0.00030810738	0.007118509	0.002204599	0.001981188	0.00034759808	0.0020899822	0.0007701031	0.0015217839	0.002029087	0.004670329	0.0018073553	0.001237397	0.004012324	0.0016897073	0.004012324	0.026902322	0.0063744555	0.0029306347	0.0004689139	0.00028507295	0.0007444034	0.0016815381	0.0003329152	0.0002200337	0.0012730053	0.0003688826	0.00079599954	0.0017857483	0.00020494984	0.00012727207	0.0017857483	0.000954869	0.0018154763	0.0015989223	0.00012421198	0.00011847508	0.00036650882	0.0010571681	0.0007812667	0.0006571427	0.005341665	0.00046328537	0.006053708	0.0030394574	0.009413025	0.0012581947	0.0029695977	0.00019648462	0.0018669136	0.0069442326	0.00012906163	0.005792066	0.0020177038	0.00019761585	0.0007530643	0.0006875775	0.0044430234	0.007701436	0.00017777682	0.072873466	-21.549057006835938
s02e16a	565.0	5.0	0.811778	0.811778	0.011336519	0.0008346269	0.0006962197	0.00022780622	0.0012147913	0.00030295175	0.001284513	0.0005574469	0.001639767	0.00015217386	0.002679558	0.00060729927	0.000695357	0.0001567813	0.0007933355	0.00020993954	0.00025360766	0.0006303753	0.008100911	0.001347021	0.0015044636	0.0030549557	0.00037187967	0.0030549557	0.022592118	0.008131559	0.004412172	0.0010928925	0.0006676071	0.0012188584	0.00114157	0.000230878	0.00018610984	0.00034520845	0.00019664354	0.00029993017	0.000570372	7.088084e-05	0.00013210344	0.000570372	0.002670362	0.0010568001	0.0009172335	6.929303e-05	0.00015331717	0.00029823385	0.0005045345	0.00020535376	0.0005448036	0.0035651403	0.00037470701	0.0025495708	0.0033197226	0.012148498	0.00047949373	0.002196398	0.00015704284	0.00090631266	0.002588969	9.696698e-05	0.015343799	0.0028774024	0.00042288424	0.00047386176	0.00036350515	0.001560164	0.0007833608	8.758381e-05	0.03535028	-22.195232391357425
s02e16a	570.0	5.0	0.8672537	0.8672537	0.03241034	0.031689435	0.0015249976	0.0007313138	0.0017942762	0.0012011355	0.001930046	0.0043516136	0.00017608608	0.0007803367	0.00995021	0.0016644804	0.003405521	0.00034438667	0.0009968546	0.000112553374	0.00028483197	0.0009186259	0.023851616	0.023851616	0.0031922266	0.0033307562	0.0025395101	0.006545166	0.0417151	0.0074675037	0.0025077106	0.0009469476	0.0003775872	0.0010545719	0.0014916464	0.0005273512	0.00020615634	0.0031052937	0.00048885844	0.0020593882	0.0022647327	0.00047995447	0.0003491537	0.0022647327	0.0021339424	0.0023023349	0.001898505	0.000123783	0.0001878574	0.00057109003	0.00081340305	0.0019047916	0.00088223215	0.0032480021	0.00021082092	0.003310232	0.006462467	0.010038712	0.00033744206	0.007429649	0.0013784518	0.0008759337	0.0027069203	0.0003151066	0.010854632	0.0021356114	0.00037780104	0.00048138766	0.002065303	0.011576228	0.0026490905	0.000920757	0.010854632	-23.712818145751957
s02e16a	575.0	5.0	0.74515885	0.74515885	0.003902161	0.025335534	0.0015128619	0.0004194703	0.0010670628	0.0006779834	0.0053848256	0.008454688	0.0018158781	0.00067244994	0.0018125526	0.0007063847	0.00067385845	0.00011798556	0.0007118175	0.00044466002	0.00023723413	0.000763432	0.003572941	0.0018626392	0.003572941	0.000579875	0.00058085937	0.01111045	0.08443342	0.019386705	0.007395393	0.0023463068	0.0012230776	0.0064045037	0.0029623106	0.0010561333	0.0007132959	0.0010524162	0.00018149527	0.00084571994	0.0002754243	0.00012789313	0.00021689593	0.0002754243	0.00061193726	0.00084870117	0.0011386366	0.00010846413	3.493869e-05	0.0004354927	0.00047430195	0.00018951276	0.0006321712	0.00073636393	0.00033638853	0.0020685892	0.0022365365	0.009896685	0.00045044525	0.0054434994	9.752634e-05	0.0004551588	0.004986382	0.00014988342	0.010179468	0.0008602168	0.00029084276	0.00026220133	0.00058456213	0.0026335507	0.0013219569	0.00041856678	0.010179468	-21.61343765258789
s02e16a	580.0	5.0	0.860517	0.860517	0.013087427	0.0057451073	0.0030548414	0.008319102	0.26308322	0.00091443677	0.0017674975	0.004470523	0.0041752593	0.000886907	0.0068773846	0.0016199203	0.0035499341	0.0030337295	0.0017810666	0.004538772	0.0016447674	0.0062848316	0.051324353	0.0005834703	0.0032286674	0.001817226	0.0011369756	0.001817226	0.054877203	0.00380857	0.0025816849	0.00065574696	0.0004647116	0.00062433816	0.0024595228	0.0004715826	0.00046792268	0.0033826898	0.0010646046	0.0033826898	0.0032091513	0.0016410633	0.00081038463	0.0032091513	0.004308477	0.0021757786	0.007648787	0.0019495283	0.0009062259	0.00084011204	0.005367472	0.00097252126	0.003698429	0.0044960785	0.0004409218	0.0009386775	0.00045518854	0.0030858184	0.0010529135	0.0015870264	0.0003650467	0.0008787999	0.0005964351	0.001175177	0.004453159	0.0027885176	0.0007319036	0.00076979125	0.0015532168	0.012426213	0.00048491402	0.0001982547	0.004453159	-20.37419891357422
s02e16a	585.0	5.0	0.82796854	0.82796854	0.011478981	0.052685954	0.0017308498	0.004768191	0.029511388	0.015863135	0.009859213	0.024813732	0.01404368	0.00014276213	0.008380953	0.0023149974	0.0029610968	0.0061259824	0.00078752526	0.0002769621	0.00195889	0.040438414	0.040677194	0.0077322046	0.0020299174	0.0017566535	0.0025689318	0.0025689318	0.42779088	0.019182982	0.0076057073	0.001211603	0.0015347105	0.0013040681	0.0060564624	0.0005588929	0.0018440061	0.0011512132	0.001149202	0.0007860044	0.0022471405	0.0022275397	0.00029706242	0.0022471405	0.0020344937	0.010398776	0.0864823	0.0024253482	0.0012896537	0.0013896477	0.0038578182	0.0011411976	0.008405025	0.0017093306	0.0006817888	0.0005755866	0.00255995	0.010898554	0.0012531673	0.007028192	0.0006179464	0.00070791144	0.000363945	0.00029949154	0.0050831805	0.00082552334	0.0010567096	0.0018276906	0.0012543566	0.0066249133	0.0011310816	0.0005259422	0.0050831805	-20.582279205322266
s02e16a	590.0	5.0	0.7542287	0.7542287	0.18174502	0.006642594	0.00043621147	0.020689808	0.24341266	0.0041961465	0.013781423	0.0058544823	0.0002588518	0.000776229	0.0004126911	0.0049960017	0.0018471649	0.00051875896	0.002599753	0.00041787466	0.024432942	0.12699725	0.0037193634	0.0011744004	0.0006183241	0.0040381597	0.00048844994	0.0040381597	0.077886224	0.011324854	0.005403465	0.0006593161	0.00031880426	0.0007831499	0.003605828	0.0017567539	0.0011623396	0.00041002143	0.00041002143	0.00025488733	0.0011388345	0.00067042076	0.00013385761	0.0011388345	0.0004359338	0.0029155198	0.0047990168	0.0005655753	0.0006741439	0.0011724696	0.0029202115	0.00087960286	0.0008256996	0.008566176	0.0005134394	0.0012379593	0.0022583383	0.0030683808	0.000106635285	0.0002559232	0.00041412874	0.0010846768	0.00096095196	0.00020814211	0.0011504074	0.00041625372	0.0006190151	0.0028890977	0.0006263374	0.0014148516	0.0023664492	0.00031183206	0.0076948716	-19.943490982055664
s02e16a	595.0	5.0	0.59283036	0.59283036	0.01248121	0.0045737647	0.014648209	0.0117796855	0.021147862	0.009857421	0.20688571	0.022531964	0.0010496591	0.0002211124	0.0060742595	0.03936235	0.0003986007	0.00016430134	0.0041779648	0.00071863626	0.024700526	0.031686332	0.005993281	0.0039925	0.001907761	0.008061454	0.0018708719	0.008061454	0.84860724	0.035061095	0.008016558	0.00087402534	0.000107297776	0.00095171377	0.0073587997	0.0013443346	0.017204873	0.00038565657	0.0002176112	0.0002193017	0.00086910406	0.00068070454	6.5919936e-05	0.00086910406	0.00038084475	0.0014654282	0.0024528753	0.00018016314	0.0030261658	0.00031573084	0.0009619605	0.0019060441	0.00039927114	0.0015400721	0.001836615	0.0030782395	0.00061699015	0.0026703582	0.000846021	0.0009783136	0.00036930628	0.0005792351	0.0028538853	0.00010980125	0.0008991345	0.0003741106	0.00031877114	0.0013424717	0.00032421044	0.0022624678	0.0065779174	0.00032052828	0.01049949	-19.34720802307129
s02e16a	600.0	5.0	0.6241664	0.6241664	0.0042026327	0.002769872	0.00022682613	0.0010595305	0.001202929	0.00090663484	0.001619935	0.0004487404	0.0015298673	0.00015425906	0.013629333	0.0037735288	0.00011396666	4.3270073e-05	0.00044853936	0.00015332551	0.00015466423	0.0005604666	0.005060049	0.0028102468	0.00084203517	0.0076231756	0.0019109616	0.0076231756	0.056373745	0.008289493	0.0025365732	0.00063688157	0.00045116115	0.00053606095	0.0047768336	0.00091924047	0.0003770965	0.0012751477	0.001205836	0.0012751477	0.00027812854	0.0005663397	0.0009780481	0.0005663397	0.0016103404	0.0037725556	0.005342232	0.00014223668	0.000813255	0.00032882742	0.0015315631	0.0008333375	0.0012573669	0.27802444	0.0013363308	0.027042434	0.00803765	0.0014581535	0.0013549351	0.0005322149	0.0008591829	0.0012513878	0.00079845183	0.0002657814	0.0016396873	0.031154387	0.059702173	0.46632242	0.007262228	0.0032582083	0.0035236124	0.000243421	0.46632242	-21.69171905517578
s02e16a	605.0	5.0	0.86603224	0.86603224	0.11578437	0.014312322	0.00054065225	0.002870735	0.28049663	0.001479189	0.001303716	0.0014334073	0.00021017808	0.00025207014	0.0016544358	0.0028730622	0.01014879	0.0008919112	0.0030695598	0.00049774104	0.011072489	0.015681487	0.0024821728	0.0021876509	0.0015640432	0.0032272176	0.00090751814	0.0037850474	0.023512583	0.0074510137	0.0037674787	0.00087286596	0.00022284937	0.000975316	0.0020488014	0.00022527517	0.0001719156	0.0015977421	0.0005540034	0.0007369027	0.0055568796	0.0015531088	9.910112e-05	0.0055568796	0.0011223952	0.0027032734	0.0022823166	0.00053667935	0.00033890703	0.00036825193	0.0038973321	0.0010342362	0.0010381631	0.0120295165	0.00011985511	0.0027129475	0.0007281801	0.005406951	0.0008323558	0.0060953577	0.0006411679	0.0007529434	0.0005698867	0.00034523968	0.002773151	0.0015334878	0.00046778287	0.0017610438	0.0013624552	0.005722105	0.003019294	0.00018340224	0.0037446343	-22.537166595458984
s02e16a	610.0	5.0	0.8915777	0.8915777	0.05811541	0.00834522	0.0010496136	0.0012390894	0.018385591	0.0015858293	0.001362982	0.0022844796	0.00024051352	0.00023191869	0.0060094493	0.0317485	0.001536572	0.00013421317	0.0013203048	0.0007669784	0.0017667665	0.0042117364	0.011500141	0.0066484143	0.0012654666	0.0068682325	0.0067669908	0.03490035	0.09070327	0.015041004	0.0065575107	0.0011961602	0.00036546003	0.0013705884	0.002215386	0.00038051142	0.00033117094	0.01539742	0.004417275	0.01539742	0.031679377	0.0063445047	0.0013766624	0.031679377	0.0021082428	0.024093205	0.0036995432	0.0003516776	0.00016711361	0.00033700743	0.0021041257	0.004659584	0.0015569439	0.013226163	0.0009813005	0.00504675	0.00085506635	0.0037068406	0.00048304838	0.016443318	0.0003534243	0.00069319666	0.00028270172	0.00038179406	0.024490224	0.001950733	0.00092571863	0.0009716683	0.0019509094	0.06946246	0.0027012392	0.00020583325	0.024490224	-23.45953750610352
s02e16a	615.0	5.0	0.76286817	0.76286817	0.04166754	0.0070657018	0.00020175148	0.0030111622	0.105227366	0.0006158539	0.002146274	0.0016814987	0.00013390715	0.0005292738	0.0016198463	0.0056483992	0.0020200228	0.0024395487	0.0038284895	0.00033891416	0.010442475	0.13174683	0.008020511	0.003867357	0.0022217573	0.008229931	0.001006554	0.008229931	0.023713658	0.008499553	0.003852153	0.0010312805	0.0005460641	0.0012352054	0.0029256342	0.00072239735	0.000221974	0.0039009505	0.003013935	0.0039009505	0.01611	0.004595155	0.0007231313	0.01611	0.0022858244	0.015941856	0.0068740663	0.0013003008	0.0006839464	0.0005317572	0.006845041	0.00660762	0.0030654797	0.0029286833	6.157358e-05	0.001074965	0.00063040294	0.0019817378	0.00010438957	0.0008344432	0.0007889246	0.0012229874	0.00029688206	0.00044431345	0.0027976432	0.00079002144	0.002197685	0.0065565235	0.0034072986	0.006599343	0.00263626	0.00024289147	0.007405733	-25.028247833251957
s02e16a	620.0	5.0	0.87834734	0.87834734	0.06129129	0.034118492	0.00032401856	0.00037949724	0.00084099954	0.0015663914	0.0015659812	0.007844005	0.00047377258	0.0005325733	0.011609683	0.012048375	0.005565719	0.0003371467	0.0014949931	0.00029025547	0.00031210986	0.0013917722	0.019773636	0.019773636	0.0041350243	0.0019146522	0.0017398256	0.015843851	0.021065643	0.003961698	0.001383726	0.0006249699	0.0006166997	0.00062838534	0.0011185441	0.0007159976	0.00022940432	0.0039071552	0.0011464816	0.0039071552	0.0017859983	0.0005841698	0.0009378394	0.0017859983	0.0028756792	0.0027088895	0.0034437205	0.00020462043	0.00019575251	0.0003723387	0.0016267333	0.0029378778	0.0010915826	0.0053535374	0.00029375713	0.0040185144	0.0011889605	0.0021631597	0.0004215986	0.015628442	0.00029328978	0.00079489785	0.007448824	0.00037908123	0.0074552186	0.0008776422	0.000307553	0.0011569076	0.0008163716	0.009341878	0.0007826646	0.0009256551	0.012884218	-25.895885467529297
s02e16a	625.0	5.0	0.90067786	0.90067786	0.018224776	0.015216628	0.00032691506	0.0002648288	0.00083251763	0.0009959893	0.001896615	0.0021703546	0.0002820443	0.0003698767	0.01642626	0.0012440225	0.00054064585	0.000169789	0.00085940404	0.00022048039	0.00017825312	0.00043609962	0.0038361533	0.0038361533	0.0015103978	0.0035704393	0.001440047	0.0035704393	0.019476226	0.0070613506	0.0024911999	0.0012008774	0.00064040575	0.0013226331	0.0016661404	0.0005077101	0.00014299715	0.0026485035	0.00034381862	0.0005796871	0.00049749843	0.00013733919	0.00018160537	0.00049749843	0.0021078256	0.0010640672	0.0014068981	5.4136905e-05	0.00012843013	0.0005865879	0.0005606742	0.00094954454	0.0010897715	0.003133367	0.00069588865	0.0022566165	0.0027966655	0.008724089	0.0006634823	0.015755171	0.00050044537	0.0007028429	0.0047468664	0.0001470419	0.014799952	0.0036314032	0.00044040577	0.00032403955	0.0016877363	0.0055661546	0.0020183548	0.00040375398	0.015493709	-22.81136512756348
s02e16a	630.0	5.0	0.8605749	0.8605749	0.07071634	0.023629276	0.0024445748	0.001363158	0.008293931	0.0051210416	0.0087377615	0.0020271556	0.0016632677	0.00045559835	0.004381698	0.0037530204	0.0026178453	0.0002917723	0.0006420268	0.0005634983	0.00046684963	0.0018673774	0.0050003245	0.0050003245	0.00092386606	0.005289903	0.0047164885	0.0073928703	0.062241778	0.02125482	0.007828479	0.0071367556	0.001736635	0.014729817	0.0028120405	0.0009614501	0.001216826	0.004280192	0.0006080371	0.0018904274	0.0020707361	0.00023618918	0.0004620223	0.0020707361	0.002041284	0.002066168	0.0025056659	0.00017297253	0.0008178806	0.00063103565	0.00084124075	0.00080885366	0.0011736416	0.0040843515	0.0017049717	0.00256704	0.0008228547	0.10607953	0.0006607726	0.011132144	0.0014869424	0.003912775	0.019293608	0.00027412543	0.024089422	0.002443883	0.0005704016	0.0003216959	0.0007817571	0.0029683106	0.0029768632	0.00089274487	0.024089422	-21.770339965820312
s02e16a	635.0	5.0	0.88304037	0.88304037	0.02477259	0.025739187	0.00048303363	0.00028571155	0.0012056166	0.0011929333	0.0013355395	0.0024632625	0.00056768866	0.00029006737	0.006344913	0.0031462545	0.0006077769	0.00013838387	0.0006603666	0.0003292189	0.00014624123	0.00065627275	0.004349046	0.004349046	0.0011588511	0.004514391	0.0014249777	0.004514391	0.034383625	0.009657603	0.0035902676	0.0015847017	0.0005145697	0.0016993508	0.0017515069	0.0003500157	0.00024130802	0.0029348957	0.00040847648	0.0010991817	0.0005736538	0.0002476821	0.0001996998	0.0005736538	0.0015178446	0.001565818	0.0012946528	6.190056e-05	0.0002854964	0.0007125051	0.00054850173	0.000716291	0.0009467752	0.002508269	0.00077295094	0.0023360003	0.0008385294	0.00819703	0.0006329607	0.061450984	0.00013309979	0.0006506565	0.000938784	0.00012774333	0.0066208066	0.002647529	0.0008577768	0.00071739027	0.00083492754	0.005067215	0.0010087236	0.00022386372	0.0192686	-21.82369041442871
s02e16a	640.0	5.0	0.8354222	0.8354222	0.18898761	0.037135515	0.0008204745	0.003468839	0.22788638	0.0010613186	0.0017676894	0.00084577635	0.00043855052	0.00050291163	0.004417097	0.0018316295	0.0025952342	0.00050925114	0.001604514	0.00025412295	0.04725491	0.012434479	0.0021413798	0.0021413798	0.0015178213	0.002648501	0.00094636355	0.002648501	0.022417841	0.007089685	0.003125159	0.0010308258	0.00015376224	0.00073815486	0.0038852126	0.0010726306	0.00019659329	0.0006277493	0.00020143624	0.0002575743	0.0012911347	0.0005201513	4.9770464e-05	0.0012911347	0.00045143563	0.0013815324	0.0027504456	0.0008037355	0.0006209527	0.0008967586	0.004092032	0.0002571111	0.00093007897	0.0054579363	0.0004116942	0.0006217628	0.00051617017	0.0026931353	0.0004435811	0.012530098	0.00046415353	0.0013777299	0.0015695168	0.00023595846	0.0014844347	0.0024238292	0.0003547913	0.0008602172	0.0007997699	0.0031521644	0.0040994072	0.00031406406	0.0040994072	-20.86474609375
s02e16a	645.0	5.0	0.760673	0.760673	0.10945877	0.018553466	0.0006445751	0.003447252	0.036535032	0.0008505118	0.0014824902	0.0013441317	0.0008528263	0.0005137988	0.0043383515	0.015842313	0.00081890845	0.00021562353	0.0023005656	0.00030345877	0.0017888168	0.008302161	0.013948363	0.013291387	0.0012391873	0.053833053	0.005601111	0.053833053	0.041310646	0.009070527	0.0028124496	0.0010168774	0.0006143329	0.0013583848	0.0026627518	0.00071093417	0.00037541497	0.002570395	0.0013478544	0.0010070787	0.001865456	0.0009737873	0.00031584586	0.001865456	0.0008928605	0.005474945	0.00461595	0.00031123983	0.0005904335	0.0019078901	0.0016866069	0.0016040175	0.0018490455	0.004745844	0.00031741618	0.0016641531	0.0018542082	0.011564787	0.00028783485	0.0028896194	0.0015675977	0.0023931446	0.003306694	0.00035583158	0.0074200523	0.0024075073	0.0011231417	0.0014295323	0.0018867501	0.004170076	0.0067023453	0.00025519443	0.025651228	-22.38099670410156
s02e16a	650.0	5.0	0.7651215	0.7651215	0.07431014	0.015850596	0.00020551927	0.0022975402	0.3160606	0.00050511584	0.0014518462	0.001172187	0.00040750048	0.00064820424	0.0009864146	0.001474791	0.0042008376	0.0008409254	0.0032273952	0.0009421832	0.030481078	0.015564953	0.0023275644	0.001336362	0.0014545261	0.006236816	0.00027013203	0.006236816	0.022470666	0.005958792	0.003988655	0.0012045526	0.00054928387	0.00092359766	0.0026457375	0.0001849753	0.00021127894	0.0005376058	0.00048251892	0.0003989453	0.0044002654	0.0011363585	8.923898e-05	0.0044002654	0.0013688691	0.0016982347	0.0029272563	0.00089825044	0.0004516457	0.00076356006	0.0046472377	0.00025390257	0.0012556537	0.0040720557	0.00013596346	0.00046114827	0.0012327196	0.0019628624	0.00063045794	0.0009799323	0.00035085328	0.0011421123	0.0007143836	0.00046471824	0.0015380715	0.00075310376	0.00027917526	0.000925772	0.0005817639	0.004845564	0.0012573788	0.0002315018	0.0048347022	-21.97649383544922
s02e16a	655.0	5.0	0.6249516	0.6249516	0.12539664	0.02309559	0.00010774132	0.0061857193	0.19017236	0.0010568318	0.007128276	0.00313528	0.00024041171	0.0006526028	0.0012515485	0.0014084794	0.0009880221	0.0013878919	0.0048211534	0.000354387	0.060826607	0.04196638	0.0037148655	0.0027495958	0.0037148655	0.00063227187	0.00017122981	0.0014695534	0.023562273	0.0070678764	0.0041696187	0.00081065454	0.0004949034	0.0008245336	0.0035702595	0.00031323396	0.00028870223	0.0006755186	0.0006755186	0.00057021924	0.0022938116	0.0010124423	0.00013346798	0.0022938116	0.000538666	0.0017895015	0.0025726242	0.0011169146	0.0007261971	0.0009781175	0.00494375	0.0008493375	0.0012766989	0.0042816936	0.00022619055	0.002419401	0.00075516274	0.0017497637	0.0002862383	0.0017461185	0.00037681762	0.0010221102	0.00026808202	0.0007355991	0.0028318346	0.0010260268	0.00031371694	0.005123826	0.00095047144	0.0029076694	0.0045213522	0.0003822677	0.006384732	-21.434328079223636
s02e16a	660.0	5.0	0.8663788	0.8663788	0.017573517	0.01720864	0.00068861205	0.0002796884	0.0013777988	0.0030510186	0.0012079322	0.008322553	0.0009572402	0.00042964032	0.014618746	0.056263644	0.025217991	0.000362792	0.0013485459	0.00020414163	0.00029027843	0.0013626757	0.021785235	0.010869473	0.0040110364	0.0027251823	0.0027323256	0.0027993373	0.019454647	0.004204094	0.0011077442	0.00081345264	0.0004971727	0.00072446215	0.0006792658	0.00020008348	0.0001380366	0.011465948	0.0023668816	0.008800567	0.0056313197	0.0013106469	0.0011887613	0.0056313197	0.00742431	0.0053439857	0.0015006205	8.749766e-05	0.00017964354	0.00024611503	0.0011831108	0.0014567572	0.0005932138	0.0018064668	0.00016112982	0.0017204619	0.00034364054	0.0009893968	0.00018399865	0.0735043	0.00010404978	0.0004138734	0.001056086	0.00028598215	0.0015655466	0.0009624024	0.00031461066	0.00037270982	0.00036967735	0.016812213	0.0003380497	0.0006769413	0.005524447	-24.38296127319336
s02e16a	665.0	5.0	0.89951056	0.89951056	0.09106051	0.081252314	0.00090751116	0.0040987534	0.082927816	0.003762503	0.0020916555	0.0062807174	0.00023658607	0.0002745769	0.002335046	0.0037785314	0.002313371	0.00042248852	0.0022680387	0.00040844263	0.00079816394	0.00745957	0.0065855156	0.0065855156	0.0009590568	0.002747251	0.0012698929	0.0066234637	0.027647045	0.003823132	0.0012564348	0.00047079995	0.0005383911	0.0005248832	0.0015780029	0.00025577075	0.00026800306	0.001427211	0.0004586363	0.00087120873	0.0010643906	0.00035420244	0.0001944928	0.0010643906	0.0007645634	0.0019434756	0.0018131775	0.00010236104	0.00012161458	0.00036835094	0.00057706365	0.0010119564	0.0007984263	0.0032557098	0.00019671836	0.0022406538	0.0011944461	0.010545204	0.00052548264	0.00808246	0.00071034697	0.000622874	0.0038470253	0.00019073387	0.0031764219	0.00072656054	0.0003067992	0.0030950266	0.0005918801	0.002985736	0.004571221	0.00012147875	0.018404502	-20.80234146118164
s02e16a	670.0	5.0	0.85938716	0.85938716	0.06610149	0.049468637	0.00019277594	0.0017399448	0.26171157	0.0011780143	0.003001859	0.004092217	0.00037363905	9.201977e-05	0.0013385083	0.0019002074	0.0028168997	0.0022365395	0.002248013	0.00086094084	0.003327402	0.0044448986	0.0027283384	0.0010160034	0.0025994712	0.0031049545	0.00037130932	0.006650241	0.026160657	0.004270241	0.0023271246	0.00060677883	0.00039572056	0.000426445	0.0023194344	0.00023648188	0.00031442236	0.0012743772	0.00074162	0.0012743772	0.0025065134	0.0016004704	0.00027741242	0.0025065134	0.00095587847	0.0042663156	0.0071242955	0.00042622656	0.0007384986	0.0003402908	0.00919032	0.000553589	0.0062760883	0.022062054	0.000559772	0.009320588	0.00082981534	0.0042039123	0.0011008065	0.0023477362	0.0009035889	0.0005453333	0.0007415076	0.00088373775	0.00319476	0.0009717155	0.00033933317	0.004575884	0.0006166327	0.006143083	0.0012489139	0.0003409308	0.004575884	-20.980121612548828
s02e16a	675.0	5.0	0.79174924	0.79174924	0.014037441	0.07692345	0.0010655092	0.0015818074	0.22091593	0.0028836972	0.00084147	0.010225962	0.00080955226	0.00020536374	0.005279891	0.0023490295	0.0030942042	0.0027853793	0.0020433092	0.0021501286	0.0051534493	0.023972536	0.005564471	0.0031551835	0.0021327112	0.0028977753	0.0006093009	0.0028977753	0.06367574	0.0027501239	0.00090194505	0.00045472622	0.00011454704	0.00053648243	0.0021024672	0.00026134527	0.00043482234	0.0025912703	0.0019672727	0.0025912703	0.0023389515	0.00427508	0.0011955315	0.0049316795	0.00112841	0.004253571	0.009906535	0.0032458308	0.0009375241	0.00077532016	0.037143264	0.0006840321	0.006351922	0.010443962	0.00046757693	0.0015015289	0.0022041039	0.0070404387	0.0041754916	0.0044644875	0.0003002775	0.0005388355	0.00071306236	0.00072108256	0.0021176713	0.0007253834	0.0059711696	0.013681465	0.0020943605	0.0025426538	0.0033110846	0.00038852662	0.023300078	-21.679176330566406
s02e16a	680.0	5.0	0.5009409	0.5009409	0.035726078	0.008357363	0.00034974221	0.003974808	0.32753602	0.0021921427	0.004213595	0.0025590237	0.0002112326	0.0003132489	0.0018386495	0.004492409	0.003455375	0.0009017474	0.004228089	0.00038674028	0.018275516	0.3036443	0.004775678	0.004775678	0.0017680571	0.0013515841	0.00053616345	0.0013893599	0.053979672	0.0139486715	0.004495225	0.0014023534	0.00020640338	0.0013773311	0.004881096	0.0004478778	0.0006222542	0.0019362578	0.0019362578	0.0006334595	0.00312656	0.0053188354	0.00030777065	0.0060779946	0.0008141107	0.012443845	0.013357385	0.0026789925	0.0004919019	0.0010091211	0.0094109755	0.0010759261	0.0041304263	0.009124905	0.0001810483	0.00054192246	0.0014185903	0.004453601	0.00039249856	0.0018984961	0.00037422543	0.0017778964	0.00025622573	0.00023981076	0.002227618	0.00077699166	0.0009343873	0.0029737202	0.0021957576	0.0032022109	0.0042502903	0.0006329085	0.005148066	-24.09538078308105
s02e16a	685.0	5.0	0.59953415	0.59953415	0.054170847	0.0062816283	0.0003241777	0.004400758	0.31541654	0.0006041509	0.0030629013	0.0016771851	9.255916e-05	0.0006806851	0.0012278851	0.0034266652	0.00082501455	0.0010002304	0.0036571522	0.00024047612	0.0353619	0.05565732	0.0037260286	0.0037260286	0.0018766266	0.028541448	0.00315499	0.028541448	0.058474123	0.018894851	0.0059725256	0.0012922832	0.0003936319	0.0013194387	0.005982765	0.0007609661	0.0005870546	0.0009295169	0.0009295169	0.00040704178	0.0023185231	0.0014863393	0.00017604847	0.0023185231	0.00035801283	0.0041958415	0.002380641	0.0010613934	0.0011550115	0.001333156	0.0116593	0.0009070496	0.0011972978	0.0050816787	0.00030574598	0.0013905135	0.0012428825	0.0013163096	0.0001780362	0.00022420636	0.00027201013	0.0010386815	0.00024467238	0.00067969324	0.0018636165	0.00052729994	0.00055566157	0.0018057688	0.00043562558	0.0019334006	0.0035977662	0.00014699927	0.0039803716	-19.87366104125977
s02e16a	690.0	5.0	0.90359914	0.90359914	0.08996098	0.15944819	0.002177184	0.0045812037	0.14531519	0.0057546347	0.0030478453	0.015375638	3.2474283e-05	0.0007209431	0.003131674	0.007840881	0.0041257255	0.0005259592	0.0024642304	0.00039152152	0.002684208	0.17079543	0.0055438094	0.004023739	0.00131684	0.011926013	0.0009664426	0.011926013	0.026047586	0.00529628	0.0011892709	0.0006733246	0.00041597887	0.00070621946	0.0032208243	0.000451512	0.0003492263	0.0010612624	0.00049315114	0.0009345872	0.0037987987	0.0006908884	0.00017192871	0.0037987987	0.0010937717	0.0022041323	0.0010205202	0.0002840634	0.0002932568	0.00064127456	0.00089118746	0.0010956968	0.0009981447	0.003409652	0.00015161956	0.0024927051	0.0011759581	0.0060178577	0.0006262479	0.0017038925	0.0006652165	0.0007316999	0.00036389244	0.00036597988	0.0028138396	0.00030070465	0.00058325345	0.0021091157	0.0012002108	0.0064625987	0.0044367737	0.00020123716	0.0044367737	-22.23631858825684
s02e16a	695.0	5.0	0.8226852	0.8226852	0.024455281	0.06751669	0.0015981712	0.004665528	0.45324355	0.0027248801	0.0047503547	0.010533459	5.470888e-05	0.00015330958	0.001340314	0.0015412031	0.0036581636	0.0011501614	0.011204953	0.001037994	0.013882403	0.067315295	0.0017785447	0.0017560147	0.000608538	0.003095643	0.0005590554	0.003095643	0.021407576	0.009580497	0.002931655	0.0010266713	0.00023987891	0.0006569789	0.0029548388	0.00038321962	0.00029137172	0.0007239932	0.00021615584	0.0005758261	0.0016318455	0.00040618007	8.183695e-05	0.0016318455	0.00043444804	0.00065227697	0.0008900902	0.000113982744	0.0001771901	0.00017028091	0.0007692802	0.0005672624	0.00078412774	0.007982208	0.00027854834	0.0038039123	0.001131337	0.0042973636	0.0019793012	0.004315872	0.0003600262	0.0013050783	0.00021081591	0.00019539689	0.0008415013	0.0013296719	0.00016518589	0.0022952023	0.00097110926	0.0020352837	0.009209292	0.00011196942	0.009209292	-20.82024574279785
s02e16a	700.0	5.0	0.73972225	0.73972225	0.11237509	0.007088108	0.00029135117	0.0026659754	0.07618859	0.0007545448	0.0026346117	0.0007739534	0.00030350478	0.0005669138	0.0009802637	0.030575065	0.0017099426	0.0008693061	0.0023811485	0.00032086615	0.050596233	0.20214647	0.009155718	0.009155718	0.0018493464	0.0055584083	0.0022030482	0.0055584083	0.03764562	0.0128270155	0.0054742363	0.0012408256	0.00035477118	0.0009588923	0.0052784365	0.00047079052	0.00042495446	0.004126184	0.004126184	0.0011151795	0.006386402	0.0038468465	0.0005403501	0.006386402	0.0019670639	0.022630012	0.00758142	0.00279363	0.0008422237	0.0010067136	0.014571879	0.0025523154	0.001855663	0.013572634	5.5381664e-05	0.00078044075	0.002258983	0.0011261652	6.99383e-05	0.0006104117	0.00032338777	0.001454621	0.00050601695	0.00048471347	0.0017725467	0.00064127124	0.0036343064	0.0013581675	0.000506999	0.006589235	0.0035187653	0.00036672727	0.010195119	-23.62934875488281
s02e16a	705.0	5.0	0.06363309	0.06363309	0.0019777233	0.0012576556	0.0004965483	0.00024300408	0.001081195	0.0006708739	0.001924264	0.0008715724	0.0017971839	5.5093846e-05	0.002434829	0.0042866524	0.0026487894	0.0004752983	0.0018739795	0.0002816686	0.00078627706	0.00096377695	0.0026997828	0.0017364392	0.002674954	0.0018640814	0.0010532708	0.007134198	0.052261423	0.011103311	0.0038951926	0.001096354	0.00048047968	0.0016529473	0.002318884	0.00093845394	0.0005209841	0.0017606381	0.001603483	0.0010296833	0.0005679604	0.0004685359	0.00037964326	0.0005679604	0.0023681994	0.003825323	0.011079708	0.00010739759	0.0010753456	0.00067030295	0.0032195281	0.0047361376	0.006330806	0.31504494	0.0034844142	0.021560553	0.010528888	0.0029521903	0.0022363875	0.00235003	0.0002104514	0.0009992175	0.0013015678	0.00094130886	0.030532025	0.006549632	0.002154812	0.0049324054	0.00783052	0.007677949	0.0073761283	0.12003268	0.030532025	-40.68992614746094
