episode_id	onset	duration	talking	speech	man_speaking	woman_speaking	baby	shout	laughter	cry	singing	kids	groan	whistling	breathing	walking	mouth_sounds	fart	hands	heartbeat	cheering	crowd	mammal	dog_bark	cat	rooster	duck	bird	music	musical_instrument	guitar	piano	organ	electronic_instrument	percussion	bell	ambient_music	weather	wind	rain	river	wave	thunder	river_sea	fire	boat	car	traffic	car_honk	emergency_vehicle	train	cycling	engine	door	doorbell	knock	dishes	radio_tv	dryer_vacuum	zipper	keys	alarm	telephone	whistle	mechanisms	tools	boom	bang	glass	water	beep	silence	sudden_noise	db
s01e06b	0.0	5.0	0.89072156	0.89072156	0.03622493	0.02111828	0.00031379022	0.005825867	0.25766763	0.0007502979	0.0014748542	0.0014296671	0.0005978047	0.0003919495	0.0007797123	0.0015595974	0.002507614	0.00067187846	0.0017707389	0.0006110683	0.002605334	0.03104218	0.0051229657	0.003330348	0.0010307649	0.0015272683	0.00052582135	0.0015481161	0.02161856	0.0043819807	0.002869323	0.0011597837	0.00032673968	0.0010783528	0.0026996338	0.00036325955	0.00027616107	0.0011396083	0.00092795596	0.0011396083	0.0019696362	0.0011795003	0.00030119758	0.0019696362	0.0007593355	0.0027812952	0.004078628	0.0006352739	0.0003799519	0.00052574696	0.0012208208	0.00092300907	0.0023055146	0.0022101125	0.00045165216	0.0006003493	0.00060160627	0.0045687524	0.0002732312	0.0023335733	0.00071642146	0.00092819036	0.00081784517	0.00026407337	0.0019535155	0.0010725153	0.0004197559	0.003459305	0.0013420703	0.0025854695	0.0034326236	0.00030557232	0.0048802067	-25.793516159057617
s01e06b	5.0	5.0	0.8638572	0.8638572	0.041926835	0.084991775	0.000781263	0.0009997411	0.003618141	0.0010609037	0.0023370008	0.014434279	0.00050665525	0.00044774864	0.0046047266	0.003823005	0.0016267124	0.0007356937	0.0036559363	0.00079476944	0.0006552319	0.001431884	0.025933702	0.025933702	0.006215723	0.0018868662	0.004026798	0.004026798	0.044230793	0.007192119	0.0025174841	0.000873037	0.0006067563	0.0009163399	0.002454633	0.00096706615	0.00035819787	0.004094604	0.0016158973	0.004094604	0.0015828363	0.001169361	0.0010832946	0.0015828363	0.0016003379	0.0036079956	0.0036262637	0.00020807405	0.00024760488	0.00061492366	0.0014542732	0.0009959983	0.0022164434	0.0033170162	0.0009863371	0.0052696085	0.0010623564	0.007954684	0.00051705854	0.020697143	0.0003474397	0.0016254592	0.011083862	0.00022577534	0.010832562	0.00097349973	0.00055375794	0.0019552743	0.0010735344	0.0027171476	0.0020305947	0.00048700525	0.012749707	-23.43807983398437
s01e06b	10.0	5.0	0.8399318	0.8399318	0.022901408	0.035662256	0.00062684296	0.004518132	0.16843939	0.0015909828	0.003322592	0.0015994848	0.0060051614	0.0002692547	0.0015479798	0.0019243904	0.0025089155	0.00054940535	0.00097226276	0.001375289	0.0030648764	0.024651946	0.04603731	0.0039403806	0.0018583924	0.0023239618	0.002063096	0.0023239618	0.044354703	0.005595823	0.0036393483	0.0024123967	0.0008775928	0.0020865065	0.0024633678	0.00025281485	0.00068355777	0.00055707456	0.00049490883	0.0005459392	0.001298408	0.00035916574	0.0002945609	0.001298408	0.000440848	0.0018986263	0.004748552	0.00060559215	0.0005134744	0.00035887907	0.0059739384	0.0009280789	0.004112983	0.004446931	0.0007646657	0.00071334554	0.00089585804	0.007070497	0.0014176954	0.0018703698	0.0013017451	0.0010744311	0.0010052166	0.00062016136	0.0032758054	0.0017327813	0.0005992979	0.0023862205	0.0041424907	0.0018308966	0.0034764346	0.00013778635	0.005947147	-21.715167999267575
s01e06b	15.0	5.0	0.85034835	0.85034835	0.0019426441	0.08823814	0.0034464642	0.00089212926	0.005202619	0.0016268309	0.020126348	0.33704084	0.00011983626	0.0001334793	0.0029793014	0.00334798	0.0019116519	0.001529431	0.107217394	0.00043216196	0.00029032578	0.00028726188	0.0037725253	0.0033832688	0.00061707536	0.0013667783	0.0016972375	0.0016972375	0.02412397	0.0042056395	0.0024458799	0.00075179763	0.00029326574	0.00048422554	0.0015172397	0.001654554	0.0013396197	0.0009763663	0.00065708073	0.0009763663	0.0010604039	0.0003583174	0.00030142136	0.0010604039	0.00060717715	0.0008907468	0.0041574934	9.162155e-05	0.00016093988	0.00036066084	0.00074758613	0.001654554	0.0007145757	0.019460537	0.0017652443	0.004635725	0.0027274832	0.0042801755	0.004058432	0.007730299	0.0004584326	0.0011776115	0.0066789044	0.00016575927	0.0014566295	0.0006607386	0.00029937734	0.0022489212	0.00078988256	0.033203233	0.0009277915	0.0009222677	0.018702846	-25.776348114013672
s01e06b	20.0	5.0	0.8553924	0.8553924	0.005084386	0.18560547	0.0006966019	0.000903057	0.008682267	0.0003337748	0.0011696907	0.054146983	0.0025541575	0.00044516896	0.00066738506	0.002072188	0.0011981432	0.0007473806	0.00081604265	0.00091429043	0.00028794736	0.001971813	0.12838782	0.0036607648	0.0025190508	0.007269684	0.006882037	0.007269684	0.02954389	0.002062238	0.0010816704	0.00086610974	0.00025955983	0.0005868473	0.0011459374	0.00094911497	0.0008322285	0.0025455577	0.00084837136	0.0025455577	0.002589931	0.00048339635	0.0010057023	0.002589931	0.0006419659	0.0016019524	0.009088726	0.00041757122	0.00040070468	0.00046935305	0.0025971355	0.002336665	0.0021762126	0.0013841927	0.001172818	0.00039260427	0.00082491554	0.0043293596	0.0046971794	0.0013176755	0.00039455682	0.0013685419	0.011126718	0.00062341447	0.0021644589	0.0010412455	0.00054354296	0.000899704	0.00093902857	0.0014442976	0.001264634	0.00015315178	0.0024104628	-24.30343437194824
s01e06b	25.0	5.0	0.86961967	0.86961967	0.0062971637	0.3180733	0.0014551058	0.0011278302	0.024263224	0.002864112	0.0017713482	0.13818035	0.00025126967	0.00024698148	0.00076557207	0.0019025492	0.004586569	0.00066558557	0.006984623	0.0007823686	0.00097060506	0.0046971305	0.013419389	0.0051046154	0.0015113156	0.0021261354	0.0021125467	0.0021261354	0.057954554	0.0044924305	0.0017671704	0.0005040786	0.00028522	0.0005959211	0.0011354554	0.0009651286	0.0004770108	0.0012335259	0.00035213432	0.0012335259	0.0010494476	0.00038579025	0.0003783774	0.0010494476	0.00050067983	0.0011462255	0.0024010625	0.00019870112	0.00016865131	0.00046893227	0.0012246585	0.00056900934	0.0008588523	0.003775451	0.0015901908	0.0024228331	0.0018685858	0.00958085	0.0035831206	0.02269287	0.00016290594	0.0009357521	0.0030257716	0.00013978581	0.003604721	0.00033955777	0.00035792086	0.0008689814	0.0011372009	0.0050864494	0.0034289716	0.00018363183	0.003604721	-25.23835182189941
s01e06b	30.0	5.0	0.8449517	0.8449517	0.018720265	0.08168462	0.00025054484	0.0047343937	0.25814688	0.0014412792	0.0054399227	0.009286166	0.0015238184	0.00019523581	0.0014138691	0.0013273591	0.012092437	0.0034239436	0.0030138788	0.00023663188	0.001013166	0.04097317	0.007606939	0.001914685	0.0010445755	0.0005753688	0.00066889357	0.00066889357	0.033231188	0.0049282294	0.002870001	0.001561118	0.0005280066	0.0015381516	0.0014236552	0.00049936795	0.0009126585	0.0009414263	0.0005428497	0.0009414263	0.00088966155	0.00082752696	0.0004325024	0.00088966155	0.00042034814	0.0017042656	0.005785036	0.00054056133	0.00035236584	0.00039187758	0.004593602	0.0004995353	0.0023900024	0.0033657504	0.0017041747	0.0019033318	0.00054795406	0.0051701586	0.00047284926	0.0016280775	0.00078168034	0.0007874802	0.0024951475	0.00025975888	0.0030402103	0.00042348186	0.00040870922	0.0036308926	0.002533978	0.001838038	0.00955401	0.00011561985	0.00955401	-22.64827537536621
s01e06b	35.0	5.0	0.8128879	0.8128879	0.010477877	0.046126854	0.00018678718	0.003762646	0.1950005	0.0007068672	0.0031423473	0.009827601	8.176597e-05	0.0004737753	0.0035561703	0.003427978	0.0036981218	0.0067903143	0.01056156	0.00028888092	0.0006924869	0.0030148062	0.007514297	0.007514297	0.0008138368	0.01566087	0.0010583366	0.01566087	0.020290444	0.0047645653	0.00416645	0.0013908765	0.0005456372	0.0013466728	0.0013660496	0.0006336171	0.00079833623	0.00048692888	0.00045063338	0.00048692888	0.0011067126	0.0003681919	0.00011205798	0.0011067126	0.0009010268	0.0013310943	0.003499703	0.00011639141	0.00026277118	0.0004177727	0.00074601616	0.0012757952	0.003029007	0.035627104	0.00091703	0.009818302	0.003507591	0.0067322357	0.0030853506	0.007685891	0.001887432	0.00238811	0.0030971223	0.0005236187	0.002993573	0.0020810151	0.00056705595	0.012408968	0.0022481969	0.0036956032	0.012188057	0.00022843653	0.02289545	-24.76306915283203
s01e06b	40.0	5.0	0.77987367	0.77987367	0.041516602	0.066850506	0.00057086063	0.004665778	0.36810896	0.0034673691	0.0018587763	0.001159073	0.001621174	0.0004761463	0.0037372573	0.0018764348	0.0037002396	0.0005886511	0.0020797718	0.00080020213	0.0039430615	0.036469255	0.00590978	0.0043279086	0.0016758731	0.0013071757	0.0014029185	0.0014029185	0.050346885	0.00699599	0.0027677931	0.00093438243	0.00036712448	0.0007775175	0.0027687436	0.00041347276	0.0004471027	0.0010192842	0.0010192842	0.00071733486	0.0029461416	0.001798947	0.0003237635	0.0029461416	0.00036950826	0.0047549265	0.0072014616	0.0017731492	0.0011924119	0.0014585812	0.0058492953	0.0004913789	0.0016703312	0.006344342	0.00067045016	0.0022401093	0.0010156787	0.00725448	0.00071063475	0.0060458113	0.0003965618	0.000996979	0.0019892296	0.0004801224	0.0017653409	0.0008169782	0.0006141312	0.005084956	0.0015982016	0.0041408013	0.0035777926	0.00016778756	0.005084956	-22.16932678222656
s01e06b	45.0	5.0	0.8540346	0.8540346	0.031657934	0.12928873	0.0012039847	0.003012594	0.0862419	0.00195933	0.0048129833	0.007062658	0.00047512414	0.00035368986	0.0061121294	0.0027130444	0.0017385689	0.001053599	0.001512594	0.0012800083	0.00070610875	0.0026916193	0.006741275	0.006741275	0.0044559864	0.0028696817	0.0042199576	0.0042199576	0.08099119	0.007740389	0.0039875465	0.0005730335	0.00027943542	0.00046516472	0.0028889861	0.00075461064	0.00048284445	0.0019364734	0.0012762011	0.001000209	0.00094351947	0.0008629851	0.0005744288	0.00094351947	0.00088261557	0.004140628	0.0044205417	0.00020135789	0.00028336255	0.00056261045	0.0038774	0.00094012835	0.0019142311	0.006810656	0.0012416845	0.0027691491	0.0012531278	0.04581407	0.0013975345	0.01397738	0.00086619717	0.0014245686	0.004279515	0.0007489845	0.0024633913	0.0018150356	0.00046407082	0.0028065036	0.0010227486	0.007743129	0.002504423	0.0005086426	0.0029709379	-22.49366569519043
s01e06b	50.0	5.0	0.66819745	0.66819745	0.003927535	0.0101401275	0.00024463527	0.00242606	0.10331812	0.00043663915	0.0018285757	0.0015399093	9.097712e-05	0.00072630617	0.0037201461	0.00026853097	0.0006938904	0.0003337344	0.003529764	0.00046024183	0.0029096426	0.0032976572	0.10958302	0.10958302	0.0009968627	0.12707637	0.0012542862	0.18923457	0.024801446	0.0041604615	0.0012171686	0.0005634543	0.00032725092	0.00054216635	0.0016398295	0.0002922637	0.00054300186	0.0008219727	0.0008219727	0.0007883553	0.0013988154	0.0006346944	0.000259179	0.0013988154	0.00041095272	0.001016938	0.0067616473	0.00066482736	0.0010962804	0.0010267397	0.0039429264	0.00040717196	0.0032110172	0.002058536	0.00066382706	0.00035067604	0.0011821555	0.0009536957	0.00057329005	0.0008885949	0.00030875107	0.0036411951	0.00040177297	0.00038488564	0.0013114654	0.0012596552	0.00030781055	0.0017200566	0.0004900888	0.0025517642	0.0029993367	8.5849475e-05	0.0029993367	-20.51164436340332
s01e06b	55.0	5.0	0.8799259	0.8799259	0.032840967	0.08243678	0.00029202306	0.0035531844	0.08379728	0.0011841592	0.0017969504	0.0082482435	0.004396826	0.0003819697	0.0043161344	0.00869788	0.0039447546	0.0024558872	0.0010497946	0.0005051693	0.002499387	0.014906406	0.008857133	0.008857133	0.0036411122	0.00088474713	0.0014726886	0.0016972576	0.08176412	0.0047051134	0.0012998885	0.0006013772	0.00030303004	0.00059789786	0.0018743229	0.00030100238	0.00043081288	0.0015386158	0.0007996934	0.0009218775	0.0030379593	0.0009256697	0.00032403678	0.0030379593	0.0017319722	0.003173057	0.0061741187	0.00047229542	0.0010469272	0.0006412098	0.0035061897	0.0030111265	0.0017026812	0.0027590361	0.00052170164	0.0008284027	0.0003354945	0.0035516417	0.0004201879	0.01579117	0.00018548236	0.0009062047	0.0007436285	0.00025595128	0.0050838944	0.0004723593	0.0011216727	0.0032105579	0.0012769896	0.011618309	0.0047597783	0.00025005822	0.0050838944	-25.95381736755371
s01e06b	60.0	5.0	0.8608129	0.8608129	0.0952215	0.0077746087	0.0012592161	0.013260105	0.024219913	0.0023968483	0.004558231	0.0042222547	0.019811716	0.0013811778	0.010930665	0.0035346819	0.0015151752	0.0008590631	0.0017522491	0.00024753902	0.0032746398	0.012100197	0.016771173	0.016771173	0.0054302723	0.000670553	0.005890968	0.005890968	0.038069505	0.005961306	0.0018935665	0.0011410738	0.00021807315	0.000904128	0.002852408	0.0007270998	0.0002957109	0.002994924	0.0006230682	0.0015238458	0.003951588	0.0016023262	0.00032985635	0.003951588	0.0008538113	0.0017847872	0.0043195784	0.00060604856	0.00023925306	0.0007809828	0.006173551	0.0019953828	0.0016322116	0.004072485	0.0016452153	0.0016269216	0.00037946523	0.0062331287	0.0009392075	0.006883588	0.00113765	0.00092593307	0.000611776	0.0006004763	0.004559718	0.003075516	0.0012777329	0.004705011	0.0026768984	0.0060603395	0.0055791237	0.0015967595	0.0148284305	-22.2718505859375
s01e06b	65.0	5.0	0.53807884	0.53807884	0.010773605	0.0011510749	0.00022796092	0.0029059323	0.06358151	0.0003454185	0.0012396702	0.0013984125	0.0006625875	0.00013962516	0.0009861125	0.012750493	0.00044477577	0.00089380326	0.0010787309	0.0006285458	0.004335547	0.09363446	0.006950917	0.006950917	0.0016025207	0.008037829	0.0045342455	0.008037829	0.04018814	0.005900604	0.0018767348	0.00036768155	0.00018106053	0.00030359506	0.010807769	0.00045998135	0.00029849898	0.005439285	0.005439285	0.0014162293	0.0015340633	0.0025769277	0.0015520363	0.0025769277	0.0037733389	0.019634103	0.008686154	0.00064486515	0.0004582369	0.0005042874	0.014489567	0.0048887474	0.0026671446	0.07533207	8.640714e-05	0.002792497	0.00087102485	0.0002598094	0.000117004325	0.00019476931	0.00020384618	0.00052756316	0.00028060903	0.0003820349	0.0016239934	0.00054433	0.11758141	0.014948926	0.0006895954	0.00377392	0.0008714835	0.0005883331	0.11758141	-20.835620880126957
s01e06b	70.0	5.0	0.8762365	0.8762365	0.013407349	0.027339477	0.0030992255	0.00050752214	0.008150519	0.00066260964	0.004107596	0.033028554	0.00011290618	0.000258781	0.0039134054	0.01829176	0.00910774	0.0015916685	0.046713226	0.00027078364	0.0016823505	0.00042565668	0.011655099	0.011655099	0.000894345	0.0009181368	0.0008454521	0.0014225026	0.02782441	0.006629603	0.0021876176	0.00090228464	0.0002271263	0.0005778351	0.0014119066	0.0002624034	0.00017000738	0.0009701618	0.0006278044	0.00066364923	0.0007802006	0.00031400987	0.00015442476	0.0007802006	0.00208327	0.00085078814	0.0009423219	0.00013230338	0.00016076994	0.00024372825	0.0006890735	0.0010631138	0.00044774462	0.0052754926	0.00039464823	0.025539923	0.0034766146	0.0011327675	0.0008236223	0.0077688573	0.0007734329	0.00039575662	0.00490309	0.00015636507	0.003062945	0.001100405	0.0007782366	0.011098851	0.0012937258	0.011736014	0.017125765	0.00048090424	0.018445672	-26.799457550048828
s01e06b	75.0	5.0	0.87886035	0.87886035	0.015069444	0.0049523073	0.011940216	0.00115796	0.024840416	0.0051584584	0.0013406575	0.018234735	0.00033992648	0.00066224724	0.01664817	0.006594487	0.060438428	0.0018179405	0.011559991	2.63397e-05	0.0003620609	0.00053405744	0.034928963	0.034928963	0.0014616471	0.0011999586	0.0004255877	0.0011999586	0.013103426	0.0020865262	0.0009766634	0.0003873506	0.00020201558	0.00029362214	0.00069210754	0.00030092776	0.00010552754	0.0006180589	0.00028133608	0.0001749312	0.00031677558	7.096429e-05	5.531057e-05	0.00031677558	0.0019613823	0.0005018818	0.0012407156	8.5836866e-05	0.0003224777	0.00031864352	0.00072135375	0.002773052	0.0004548858	0.0037166448	0.0006253634	0.0022558256	0.0013818877	0.00086420705	0.0003221563	0.0039413967	0.0033303385	0.0012571219	0.0042815167	0.00043383654	0.0029189151	0.0031348686	0.015236347	0.0030032091	0.0022051192	0.0054943427	0.01532426	0.00091462716	0.01532426	-29.151945114135746
s01e06b	80.0	5.0	0.8566591	0.8566591	0.04182711	0.009422661	0.00022160605	0.005662426	0.5085255	0.00089460326	0.0019137647	0.0006017264	0.00014683326	0.00038323828	0.0016271849	0.0013728497	0.011131063	0.00093659956	0.0035475467	0.0009103783	0.0029908218	0.019175872	0.016939662	0.002653168	0.0014143175	0.0039841295	0.00041156902	0.0039841295	0.042882618	0.015072855	0.012050946	0.0014563438	0.00045114913	0.0018195023	0.0029952684	0.00040463093	0.00041862746	0.0005609655	0.0005609655	0.0004732452	0.0018338462	0.00087157363	0.0001986568	0.0018338462	0.0008458022	0.0034255239	0.0024494345	0.0002345143	0.0004989067	0.00025362457	0.0021489984	0.0012441594	0.0031510335	0.0032905748	0.00017411233	0.0013773141	0.0011502223	0.0065719187	0.00021924902	0.0009819443	0.00094957073	0.0006903809	0.00021636079	0.00042814395	0.0030115014	0.00043366995	0.0005599169	0.00556526	0.0018225568	0.0020990756	0.003447971	0.000103703984	0.00556526	-22.846811294555664
s01e06b	85.0	5.0	0.94704884	0.94704884	0.23437235	0.10033031	0.0023278864	0.023827508	0.065883	0.013601528	0.0048878035	0.304169	0.0006008954	0.000628182	0.0017418307	0.0028746142	0.00071478984	0.0015792218	0.0056038103	0.0003656517	0.0019289991	0.0075047044	0.0037912254	0.002030844	0.00072416366	0.0005087184	0.0005581742	0.0019496063	0.014901715	0.0018148706	0.0011263051	0.00037663773	0.0001488751	0.00038748645	0.0012051223	0.00046826113	0.0005327432	0.0012216886	0.00021389817	0.00065591885	0.0020000983	0.00028375484	0.00021045882	0.0020000983	0.000602237	0.00049295375	0.0018610769	0.00017530005	0.00013345259	0.0011260654	0.0006405022	0.0019631137	0.00059956696	0.0035457134	0.0010078729	0.0041706506	0.00084624917	0.0020247041	0.00015268096	0.0001996604	0.0002290577	0.000865811	0.0017992834	0.00011191626	0.001158637	0.00034050838	0.00047375972	0.00088717823	0.00033033628	0.0022488004	0.004049504	0.0011200828	0.004049504	-20.72935104370117
s01e06b	90.0	5.0	0.8491895	0.8491895	0.029703703	0.06785562	0.000891754	0.007160877	0.058571663	0.005454968	0.0063516116	0.0139934905	0.00396933	0.0008153851	0.0016846434	0.0016421137	0.0011962992	0.001859624	0.0092521245	0.00023186587	0.0018757276	0.008552009	0.017652102	0.017652102	0.00059745664	0.0016657622	0.0014684742	0.0019591593	0.047713008	0.003602379	0.0015106264	0.0007115839	0.00041012812	0.00069091964	0.0013893672	0.0002758353	0.0010219262	0.0011066741	0.0005347553	0.000995304	0.0011678048	0.0005581205	0.00036624548	0.0011678048	0.0007594096	0.0011672727	0.0026763564	0.00020672442	0.0003178686	0.0008889108	0.0010815746	0.00096530054	0.00059510156	0.006308569	0.0008064167	0.0030559755	0.00090087444	0.007287076	0.00035123696	0.0068559516	0.0005194806	0.001638155	0.010064172	0.00019687654	0.0014422876	0.00033467877	0.0006448618	0.013275537	0.00067452405	0.0014261975	0.0070693023	0.0005486944	0.013275537	-23.087661743164062
s01e06b	95.0	5.0	0.6275706	0.6275706	0.2504172	0.00835122	0.0010370471	0.069086	0.026086088	0.037266072	0.038976572	0.0011113802	0.0067436323	0.00052971323	0.0026958557	0.0058296244	0.00085106347	0.00011849609	0.0019431906	0.0009345921	0.0024544229	0.045006104	0.0024774168	0.00095262635	0.0008068686	0.00064796244	0.00066803733	0.0035469364	0.09772499	0.010378779	0.003927794	0.000410735	0.00029576136	0.00040713084	0.003370589	0.0015051157	0.002080037	0.0015912532	0.0015686466	0.0006590488	0.00094563706	0.0018085558	0.00062112487	0.0018085558	0.000935074	0.008099961	0.0061467118	0.0005497254	0.00034449634	0.0011227946	0.0032993883	0.0008980057	0.00113794	0.0035918376	0.0009151463	0.0010635797	0.0009966285	0.008166813	7.033759e-05	0.00029288014	0.00081269105	0.0033354547	0.0078108762	0.0006184337	0.004608498	0.00057190005	0.0019215507	0.0039236583	0.0010650337	0.001614365	0.0017130141	0.0008926985	0.004608498	-21.019704818725582
s01e06b	100.0	5.0	0.8394163	0.8394163	0.032675244	0.023982476	0.0004550595	0.0038973505	0.290619	0.0019085666	0.0040761805	0.0048397016	0.00041514297	0.00072603865	0.0017136706	0.0010625811	0.0027494035	0.00329098	0.005329955	0.00032952003	0.003922954	0.033195343	0.005908495	0.005908495	0.001276257	0.003476319	0.00083738595	0.003476319	0.0427058	0.004926885	0.003515931	0.0009775842	0.0004129764	0.0010524993	0.0028959736	0.0004599583	0.00071093254	0.00042152707	0.00033905427	0.00042152707	0.00084900536	0.00038750493	0.00022422089	0.00084900536	0.0004271053	0.0013504878	0.0032333834	0.00035424344	0.00035751078	0.00026844343	0.00415275	0.0010299138	0.0016248788	0.007432649	0.00046200713	0.0022613185	0.00058218103	0.005068511	0.0004579061	0.0013358492	0.0007719598	0.0010456803	0.00094916334	0.00028618044	0.0024131588	0.0007161296	0.0008884946	0.017985603	0.0016476983	0.0013763516	0.0036577152	0.00047522082	0.017985603	-21.40843391418457
s01e06b	105.0	5.0	0.7524965	0.7524965	0.046552833	0.022049759	0.0010762854	0.0045488616	0.20442547	0.0035883547	0.0036799037	0.0023827981	0.0041187466	0.00042937257	0.0013969477	0.0029556395	0.0018845972	0.0007636943	0.003104795	0.00094482745	0.0024340185	0.051889226	0.003954359	0.0014119106	0.0011621995	0.0012335512	0.0012654195	0.0012654195	0.08801084	0.0058260304	0.0012353301	0.0003236567	0.00021596835	0.0002785765	0.005110528	0.0014408674	0.0009492913	0.00073177944	0.00073177944	0.00039488517	0.00077853695	0.0009769333	0.00022041713	0.0009769333	0.0010045278	0.004237032	0.005291981	0.00046868602	0.0010905099	0.00083137245	0.0034021728	0.0010481887	0.0008114359	0.009902743	0.000582388	0.004190971	0.0011524013	0.004688934	0.00017056399	0.00059269276	0.00068303157	0.001316739	0.0032867265	0.0003756156	0.0024159614	0.0018930087	0.0011952468	0.004706833	0.0020616828	0.00548034	0.009095354	0.00015064725	0.009095354	-21.37118911743164
s01e06b	110.0	5.0	0.8404097	0.8404097	0.086767145	0.019323613	0.0012590332	0.005301266	0.34617954	0.0046026986	0.0021429402	0.005898781	0.0024999743	0.00016461482	0.0075868573	0.003058208	0.0020266396	0.0010925708	0.0032753465	0.0010684956	0.0036582404	0.14732955	0.0045710383	0.0012405673	0.0045710383	0.00053293543	0.00060724054	0.00093465974	0.1083049	0.009168384	0.0041830246	0.0011114464	0.00036013467	0.0016689998	0.010250808	0.000533452	0.0007127071	0.0010960287	0.00078191847	0.0010960287	0.0029714208	0.0021736356	0.00039475173	0.0029714208	0.0010417695	0.0042535122	0.0058443258	0.0006741638	0.00089851103	0.00054498774	0.0014262864	0.0014717325	0.0019125303	0.002749499	0.0018489399	0.0006457268	0.0009300959	0.005379325	0.00084536464	0.02357324	0.00075632543	0.00073354103	0.0012149347	0.00019482504	0.0033899639	0.002594612	0.0010276937	0.0025932824	0.005682506	0.008037395	0.0051414985	0.00044623006	0.005682506	-24.24128532409668
s01e06b	115.0	5.0	0.8094863	0.8094863	0.028637419	0.0125899995	0.00028920526	0.0027085429	0.5205928	0.0004491268	0.0016338768	0.0017290767	0.000665597	0.0001272875	0.0017959954	0.0012726384	0.075591624	0.0025391902	0.0031433813	0.00052929175	0.0021470033	0.011849346	0.0035472263	0.0035472263	0.0011619128	0.0009760332	0.0003145177	0.0009760332	0.05042117	0.016470531	0.010184572	0.0012941288	0.00040267943	0.0016301088	0.0031282727	0.00037084628	0.00059892447	0.0005340786	0.0005340786	0.00042015166	0.0010379752	0.00072530145	0.00026559594	0.0010379752	0.00027874493	0.0020870634	0.003073105	0.00032644384	0.00067523797	0.00032226072	0.002764309	0.0007823343	0.0032000672	0.0035626376	0.00050349056	0.001522842	0.0007634578	0.0016747069	0.0004938895	0.0015031885	0.00036939292	0.0009001276	0.00017842145	0.00020911345	0.004757385	0.00080363057	0.0006808894	0.0056336885	0.0021964784	0.0019680406	0.0103807235	4.0824947e-05	0.0103807235	-21.27852439880371
s01e06b	120.0	5.0	0.7872205	0.7872205	0.02461002	0.006756132	0.0013140091	0.004979746	0.19443431	0.0018527383	0.0017744597	0.0049835797	0.00012907972	0.0006443264	0.0016103857	0.0061060064	0.0034931821	0.000647112	0.0022586433	0.000499511	0.004151145	0.38804448	0.005846944	0.0037810814	0.0021794413	0.021997431	0.0015458836	0.021997431	0.052166477	0.013296101	0.0051815067	0.0010851186	0.0005350862	0.0014473833	0.005104015	0.00091992924	0.0005953719	0.0012378171	0.0012378171	0.0011132472	0.0033054089	0.002063567	0.0005630632	0.0033054089	0.0009282089	0.0069243372	0.004534986	0.0008320759	0.00041633294	0.0010729986	0.005877078	0.0019144408	0.0033388073	0.004531343	0.00012519812	0.0011909793	0.00068234326	0.0039976155	0.00023133722	0.00038809146	0.00080281997	0.0012324542	0.0005386326	0.00035441862	0.00205548	0.00092055823	0.0012303148	0.0024181642	0.0015275024	0.0027227197	0.0016173011	0.00019484639	0.0024181642	-21.455257415771484
s01e06b	125.0	5.0	0.7900067	0.7900067	0.0454035	0.013501014	0.00029070745	0.010499827	0.37067574	0.0009828288	0.0036577503	0.0026648599	0.0008916554	0.0003317812	0.0013703449	0.00441478	0.007153049	0.0008636905	0.0025686338	0.0014413202	0.007225139	0.05749872	0.03466376	0.0048416127	0.00240194	0.0029272176	0.00091366336	0.0029272176	0.042097475	0.013684097	0.01010038	0.001988392	0.00094803853	0.0019219028	0.0033583718	0.00043731916	0.00050470093	0.0007074023	0.0007074023	0.0006497926	0.0021954807	0.0009921211	0.00028593445	0.0021954807	0.0013063753	0.0039993455	0.003776258	0.000597695	0.00063347275	0.0007209002	0.004349967	0.0015863865	0.0024470624	0.0041426285	0.00019526207	0.0021173088	0.0013578552	0.0048951632	0.00049626676	0.0016591974	0.00084978476	0.00067174534	0.0003063342	0.00083347526	0.004279984	0.00090712914	0.0010040556	0.0043620155	0.0018112607	0.0027925463	0.001996843	6.924837e-05	0.0043620155	-20.986507415771484
s01e06b	130.0	5.0	0.85394746	0.85394746	0.22161293	0.0089597255	0.00026748818	0.016500669	0.47796398	0.007899631	0.0019195846	0.0004975873	0.0035948236	0.00052523776	0.004409123	0.0020151467	0.003445688	0.0006039422	0.003750675	0.001201176	0.0074482383	0.01914724	0.0019879946	0.0008623506	0.00093261735	0.0010622431	0.00045774225	0.0010622431	0.017789302	0.005747469	0.004608365	0.0008665216	0.0002621876	0.00081641437	0.0030189496	0.00036833427	0.00036391657	0.0012230945	0.0012230945	0.0009921929	0.0023490342	0.0032498909	0.00043255067	0.003251349	0.00068326655	0.0052517843	0.0051773717	0.001115179	0.0005394033	0.0006631409	0.0018248004	0.0009495129	0.0012376185	0.005279518	0.00029456426	0.0012242794	0.0004780762	0.006593087	0.0002990259	0.0016618692	0.0007052943	0.0006089404	0.0011772481	0.00020123083	0.0033161554	0.0005692241	0.0009833295	0.0074184933	0.0010288763	0.0038358113	0.0045417505	8.651169e-05	0.0074184933	-21.936885833740234
s01e06b	135.0	5.0	0.83586603	0.83586603	0.065086395	0.056463216	0.0004346498	0.0042839386	0.024913868	0.0020781218	0.007011088	0.005041559	0.00048476798	0.00014084279	0.0021832795	0.011411899	0.0014423006	0.0001955969	0.0056934794	0.000684856	0.0010518107	0.009032188	0.004959171	0.004959171	0.0017079267	0.0021130473	0.0009839109	0.0032318563	0.11896282	0.013511756	0.005704463	0.00083394797	0.0003598397	0.0008114065	0.002106943	0.00026668757	0.00065147027	0.0016249547	0.00057761563	0.001388518	0.0009071584	0.00066794886	0.00036098526	0.0009071584	0.0013954499	0.0025655986	0.0022774823	0.00019147493	0.00017642135	0.00023343791	0.00072398013	0.00088066875	0.0008997931	0.0042627114	0.0002542994	0.0040930486	0.00074748177	0.007988705	0.0003634816	0.0036482965	0.00019823296	0.0011245538	0.0020874974	0.0003578113	0.004582724	0.00052281027	0.00054286106	0.0035820655	0.0004431817	0.005239475	0.0043439204	0.00013232029	0.0064357175	-22.86648750305176
s01e06b	140.0	5.0	0.85177195	0.85177195	0.08428048	0.03203561	0.0008479535	0.0047099637	0.004802933	0.0022792004	0.0023933789	0.0039440654	0.007884417	0.00069906167	0.029343875	0.0025074685	0.001966377	0.0005032895	0.0010972354	0.001761952	0.00040665467	0.0016977716	0.11307032	0.11307032	0.004051574	0.004036701	0.008675789	0.008675789	0.050969806	0.008896391	0.0033480802	0.0016918901	0.0008583835	0.001581586	0.0023121159	0.0014021564	0.0005248312	0.0021837573	0.0015115121	0.0018188494	0.0013923635	0.0010884398	0.00067748025	0.0013923635	0.0016380069	0.0038264152	0.0027650332	0.00021485843	0.00075940456	0.0005858146	0.0022441212	0.0014021564	0.0013545145	0.0019662608	0.0019430169	0.0023653205	0.0013051864	0.006745459	0.0004714143	0.028952163	0.0007469787	0.0032979285	0.0026682713	0.00057177356	0.004835021	0.0030270924	0.00053458585	0.002835598	0.0014634772	0.009775772	0.0023450337	0.00017762704	0.004835021	-25.51056671142578
s01e06b	145.0	5.0	0.7202806	0.7202806	0.02362332	0.0204962	0.00041360952	0.0024007955	0.33675346	0.00093489577	0.0011900194	0.001327081	0.0004680295	0.00032308424	0.0025722843	0.002035831	0.0022976713	0.0008863659	0.003852989	0.0019992646	0.006163221	0.008373015	0.01168922	0.0016373581	0.0018016839	0.024858633	0.0011695091	0.024858633	0.041037302	0.009854453	0.0061609494	0.0013958099	0.000999926	0.0012593841	0.0030836028	0.00037527148	0.00073373894	0.0020941913	0.0013841188	0.0020941913	0.008906925	0.0029972612	0.0005701847	0.008906925	0.0013392594	0.0068863565	0.015670083	0.001245676	0.0011293773	0.0011812937	0.0066610645	0.0019824281	0.0093114115	0.008912664	0.00019992977	0.002345365	0.0019842961	0.006055823	0.0020808142	0.001627236	0.0005281541	0.0017738771	0.0005637914	0.00079136406	0.0032979583	0.001112645	0.0009965536	0.0076188343	0.0022895834	0.00925787	0.0015420069	0.00019192441	0.0076188343	-20.83513641357422
s01e06b	150.0	5.0	0.8027851	0.8027851	0.073928334	0.027475696	0.00047631198	0.0053892173	0.06704872	0.013864476	0.0044272873	0.00082625914	0.0024453646	0.000669876	0.0038940571	0.004635037	0.007507148	0.0024599535	0.0009422689	0.000497648	0.0023872433	0.092613146	0.0070584924	0.0070584924	0.0017410341	0.0009583425	0.0007311228	0.0016558747	0.0734246	0.009517693	0.0040893764	0.00087552564	0.00027098638	0.00092569	0.0032644176	0.00023432967	0.0003655276	0.0009551852	0.0009551852	0.0003492396	0.0016072661	0.0011657331	0.00024311508	0.0016072661	0.001037142	0.0064093485	0.006867052	0.0011448	0.0008546823	0.0009231156	0.0065602674	0.0012787714	0.0020363785	0.0034899104	0.00013766631	0.0005477755	0.0014052324	0.0120212175	0.00032221124	0.0006513107	0.00024057819	0.0008057235	0.0010266115	0.00039767404	0.0019257062	0.0008890018	0.0009174275	0.0018298973	0.00077771983	0.0021255254	0.003294349	0.00020512461	0.003294349	-22.37551498413086
s01e06b	155.0	5.0	0.8541739	0.8541739	0.038078498	0.011840232	0.00072385353	0.00080190593	0.0040237796	0.0023827131	0.003049396	0.001421411	0.0027684565	0.00050387444	0.010338012	0.0025996813	0.0004553235	0.00040267943	0.00049749203	0.000502156	0.00023614752	0.0014690302	0.014361309	0.014361309	0.0047669536	0.0029430743	0.0016125975	0.0029430743	0.050712492	0.011765983	0.004548046	0.001813868	0.0007275351	0.0016967407	0.0029636063	0.00069799786	0.00024524785	0.0024451984	0.0008473711	0.0010510734	0.0006562909	0.00067100505	0.00040247853	0.00067100505	0.0012051798	0.0024834836	0.0025690466	0.00016171517	0.00062691345	0.0009179639	0.0012860182	0.00073599105	0.0010508442	0.003604026	0.0011241597	0.0015406142	0.0006467205	0.01611384	0.0012226118	0.021323321	0.00021431562	0.0015290435	0.0038339894	0.00047153965	0.0042011845	0.0035145148	0.0009848623	0.0019967689	0.00078109215	0.0030490712	0.0015542967	0.00047647022	0.008902182	-26.172142028808597
s01e06b	160.0	5.0	0.6971032	0.6971032	0.012788478	0.005158705	0.000537646	0.002458447	0.24017906	0.00086130144	0.01806709	0.0030380304	0.00023379765	0.00024031295	0.0022691998	0.0056908913	0.0023326469	0.0011015754	0.008516866	0.00047575202	0.0067002634	0.016537426	0.0071707075	0.0071707075	0.001153475	0.005420194	0.0015530541	0.005420194	0.6542972	0.040008865	0.007160066	0.0006090179	0.00044931864	0.00074899767	0.0109173935	0.00036689514	0.0020222582	0.00051993114	0.00051993114	0.00026478537	0.0027590757	0.0009287055	5.798993e-05	0.0027590757	0.0010447153	0.0032227477	0.012296564	0.0009293092	0.0021548357	0.00062021095	0.001411307	0.0046558967	0.0012980971	0.020743633	0.000120077144	0.0023246063	0.00083391136	0.00058327237	0.0006402007	0.0005503671	0.00029539218	0.00062369526	0.00020864482	0.00029878312	0.0010955413	0.00032739478	0.0014728779	0.01569167	0.00039320864	0.0019333463	0.0067729093	0.000118330776	0.04645749	-19.81764030456543
s01e06b	165.0	5.0	0.4573605	0.4573605	0.0014240443	0.0013389807	0.0005421692	0.0006469711	0.0005807445	0.0001205528	0.0075874096	0.005337086	0.00018726403	0.00011255445	0.00076609384	0.00258245	0.00089168554	0.0002479472	0.0007405688	0.00010451746	0.00033150736	0.00069319276	0.002465729	0.002465729	0.002162036	0.0030558014	0.0018553945	0.0030558014	0.61254174	0.04754551	0.04754551	0.0007483324	0.0006695246	0.00063391	0.019339772	0.0011057652	0.0016123565	0.00024984303	0.00024984303	9.0054345e-05	0.00046433829	0.00025613044	7.3664574e-05	0.00046433829	0.0014138483	0.0018606527	0.0019505278	6.234623e-05	0.000741082	8.406046e-05	0.0010277383	0.008138754	0.0016712864	0.010873632	0.0017373932	0.018263077	0.002936857	0.0010927821	0.00035902538	0.0006774353	0.0025975879	0.00065466575	0.0011174547	0.00024385145	0.07626164	0.0038141678	0.045665883	0.0622373	0.0022275057	0.0030464516	0.0075103105	0.0010947494	0.07626164	-23.663061141967773
s01e06b	170.0	5.0	0.80092096	0.80092096	0.0221462	0.0081052305	0.00033014422	0.0007044526	0.025955055	0.0007995535	0.0016364028	0.0066794106	0.00018795434	6.952516e-05	0.0039495486	0.0072348495	0.0029532446	0.0005062423	0.002549257	0.00038862292	0.0019215955	0.013017874	0.0097504305	0.0039123865	0.0097504305	0.001605865	0.0015200003	0.0056722015	0.031964935	0.005052708	0.0029239336	0.00084456353	0.00032560344	0.0006116617	0.0012171019	0.0002232375	0.00035159543	0.0027388115	0.0027388115	0.0015044865	0.004167728	0.002321194	0.00028811707	0.004167728	0.004938456	0.019981818	0.03510383	0.0007157977	0.0003524727	0.00042597024	0.0062091905	0.008628534	0.006027192	0.0610327	0.00048289876	0.0071223085	0.0010471307	0.001746761	0.004197691	0.009491808	0.0048544058	0.00079986063	0.00087240123	0.00079447066	0.02994935	0.0070772325	0.0005531861	0.0019330372	0.00091501896	0.0069136987	0.0026367102	0.00031507865	0.030392742	-27.91425895690918
s01e06b	175.0	5.0	0.8344613	0.8344613	0.041048203	0.009092291	0.00013079686	0.0070783524	0.50888747	0.00089456444	0.0018244348	0.00067598745	0.00018937602	0.0003497794	0.0011939632	0.00076904526	0.002497116	0.0016812377	0.0016310068	0.00044570098	0.004708835	0.012095104	0.0018070723	0.0018070723	0.0013956312	0.007183232	0.001324563	0.007183232	0.058622293	0.0074227843	0.0039645517	0.001016304	0.0005386326	0.0013897537	0.0029721176	0.00048480727	0.0010868313	0.0005131539	0.0003498671	0.0005131539	0.0015741655	0.000578809	0.00019683827	0.0015741655	0.00048121283	0.0017329925	0.0059959376	0.0006533552	0.0006048449	0.00079716777	0.0022657975	0.00072227616	0.0051555615	0.0032079604	0.00027996636	0.0011858727	0.0022535888	0.002687901	0.00025212637	0.0007513171	0.0010026209	0.0012116308	0.00085050485	0.00025821757	0.0022795864	0.00057052803	0.00064235425	0.0018708933	0.00035173338	0.001145143	0.0032335585	7.865068e-05	0.0032335585	-22.987154006958008
s01e06b	180.0	5.0	0.8755197	0.8755197	0.05595916	0.008228202	0.0003072564	0.0055041113	0.4245955	0.0013579037	0.0030592375	0.0005838141	0.00017014652	0.00026203238	0.001665729	0.0018519926	0.0071908627	0.0013090171	0.0018741516	0.00016283093	0.008340573	0.072309025	0.0021337892	0.0017724338	0.0020545921	0.0007521803	0.00050852646	0.0025209659	0.05897691	0.012585742	0.0071747825	0.0012712277	0.00052445434	0.001482822	0.004952136	0.0003859098	0.000554887	0.000516627	0.00037055486	0.00031549888	0.0021583007	0.0005669276	0.00012528458	0.0021583007	0.0010142085	0.0032951506	0.0045125657	0.00047969213	0.0005368272	0.00030148544	0.0015458505	0.0016133194	0.0030841143	0.004022226	0.00027972917	0.00074939214	0.0012787405	0.0067720376	0.00034590618	0.0011708088	0.0014321287	0.0006817966	0.00038869202	0.0002133954	0.002931485	0.0011534469	0.00068903185	0.0028435127	0.0006197666	0.0033684706	0.003868645	0.00019106077	0.003868645	-23.33843994140625
s01e06b	185.0	5.0	0.9307553	0.9307553	0.01502794	0.30901578	0.00042188764	0.0027373012	0.32188654	0.00319047	0.0021353685	0.006241647	3.3028187e-05	0.00025446602	0.002152785	0.0009799318	0.0045516025	0.00035955233	0.0012192542	0.000507011	0.0015525558	0.21125858	0.001555145	0.0008502197	0.0013632448	0.00060059363	0.00021388265	0.0012192172	0.024385069	0.004169718	0.0018190242	0.000856366	0.00021289098	0.0006712276	0.001165016	0.00021564573	0.00035711276	0.00039793988	0.00029414837	0.00033451067	0.0011604086	0.00046889292	0.0001029791	0.0011604086	0.00030727254	0.0013795557	0.0014531313	0.00020832596	0.0001970435	0.0006473797	0.0005142858	0.00031133657	0.001414129	0.002076726	0.0010163448	0.00038186813	0.00055615517	0.0143998265	0.000783016	0.006733626	0.00023465118	0.0006203451	0.00033453683	0.00017516957	0.0019346046	0.0003520271	0.00014649343	0.00075557444	0.00097007304	0.003362636	0.0027186573	0.00011126727	0.0027186573	-24.746654510498047
s01e06b	190.0	5.0	0.8403174	0.8403174	0.017991273	0.008319302	0.0003194045	0.0005758516	0.02006021	0.00026180787	0.0011758064	0.020281639	0.00027896027	0.00011365324	0.003096416	0.011883866	0.0006529121	0.00023121132	0.005573875	6.0418068e-05	0.0007491629	0.0018842993	0.008240352	0.008240352	0.001818413	0.0016402119	0.00055125146	0.007854982	0.040760286	0.0018443756	0.0009660669	0.00020459156	0.00017404294	0.00014982726	0.0012100097	0.0005939413	0.00030926277	0.001127173	0.00062978413	0.001127173	0.0007989975	0.0003192824	0.00041762003	0.0007989975	0.0028237994	0.001876674	0.001882874	8.919602e-05	0.00037131127	0.00012593952	0.0018462191	0.002723963	0.0007010577	0.24620928	0.0010041948	0.055079963	0.0033658238	0.0006621287	0.00032992652	0.005879714	0.00027624637	0.0011497238	0.0012196121	0.00025177855	0.0031440314	0.0077558965	0.0058573033	0.10639565	0.0023347805	0.0058084494	0.014843017	0.000236677	0.10639565	-28.619483947753903
s01e06b	195.0	5.0	0.8729108	0.8729108	0.027614063	0.05760745	0.00028203326	0.0014261514	0.00926417	0.0013655449	0.0016351382	0.013389289	0.00028448214	0.00014278214	0.001185469	0.015416517	0.0009580846	0.0004747409	0.008140305	0.003223425	0.00055233465	0.0039920225	0.010961325	0.0041851127	0.005717194	0.0021700582	0.0005549124	0.0021700582	0.09621409	0.0034191094	0.0011371586	0.0002257198	0.0004542111	0.00025281965	0.0043465486	0.00030107354	0.00033818086	0.0033791936	0.0033791936	0.002182079	0.000472042	0.00129601	0.00094063644	0.00129601	0.0017037012	0.0030936953	0.00304705	0.0001883562	0.0006312675	0.0002476814	0.007897	0.00090002385	0.00100557	0.05799366	0.0010203437	0.03443451	0.0019870233	0.0025529114	0.00095664704	0.0014923448	0.00015722534	0.0009869284	0.0022898058	0.0020358204	0.0017485596	0.0020457006	0.0017758099	0.028379617	0.00065835385	0.015196283	0.009204055	0.00014644218	0.18629867	-25.38646697998047
s01e06b	200.0	5.0	0.752073	0.752073	0.026651338	0.011888744	0.0026418099	0.0119341975	0.04863532	0.003279337	0.0049813455	0.012089868	0.00047443237	0.0011096388	0.000983225	0.022535676	0.0013761524	0.0012743517	0.0030971533	0.0008405946	0.021350699	0.2674485	0.0115832025	0.004559227	0.005771	0.0074220435	0.0022989616	0.0074220435	0.04552242	0.0128351515	0.007126063	0.0011157953	0.0008274395	0.0014916436	0.0053910706	0.0013725072	0.0007659953	0.0026892857	0.0026892857	0.0006258407	0.007467087	0.0032387883	0.00029905044	0.007467087	0.0011467886	0.010416951	0.005964647	0.0012207208	0.0027714623	0.0015303588	0.0096797375	0.004281033	0.0017454844	0.009168102	0.00028669988	0.00065548386	0.0008627656	0.00084282266	6.891372e-05	0.0004109596	0.00040863227	0.0031842343	0.00069956714	0.00060619274	0.0017874722	0.00039891637	0.0025977844	0.0029923508	0.0012735145	0.008709853	0.0017744098	0.0004734331	0.005941419	-20.65997886657715
s01e06b	205.0	5.0	0.8480988	0.8480988	0.012315492	0.012571931	0.001622719	0.006607141	0.06257992	0.008844997	0.0027202156	0.029137954	0.0010096662	0.00030133486	0.002247997	0.009125922	0.0022016608	0.0016932816	0.002394338	0.001878144	0.002530318	0.16562775	0.024377102	0.002275968	0.00094526325	0.0014055523	0.0006136415	0.0014055523	0.04359717	0.0051594176	0.0030132786	0.00041877353	0.00038774995	0.00046707733	0.0038203765	0.00055915315	0.00031812873	0.0010912353	0.0010912353	0.0003698732	0.0016184488	0.0006185044	0.0002084573	0.0016184488	0.0013939622	0.0036264034	0.004104398	0.00024380752	0.00026534792	0.00030586755	0.0018270696	0.004812828	0.0011164657	0.05396151	0.0004337522	0.008166693	0.00048235312	0.0017781366	0.00017394655	0.00066807744	0.00044196035	0.001716524	0.0005710879	0.00016446467	0.0031609612	0.0011399232	0.0055245887	0.0071838098	0.0022449775	0.002239016	0.0054408796	0.0008232378	0.08058586	-23.483705520629883
s01e06b	210.0	5.0	0.84104246	0.84104246	0.0416016	0.022180444	0.0005450794	0.0019042831	0.31595305	0.0012858999	0.001523357	0.00053863134	0.00030228065	0.00033221257	0.00224766	0.0021695637	0.004794694	0.00061022554	0.0035254129	0.0017571192	0.0027113187	0.009736417	0.027432138	0.0052009067	0.0018322505	0.005379585	0.0009845364	0.006447761	0.046622373	0.012150059	0.007782775	0.0015249099	0.0005077128	0.0014242011	0.003494947	0.00028792623	0.00034149826	0.0010025864	0.0009131604	0.00076713157	0.0034854673	0.0014108643	0.00039569061	0.0034854673	0.0016542013	0.0071169524	0.009583276	0.00052903	0.0012559957	0.00027909275	0.0062699146	0.0011397646	0.0076021096	0.016881121	0.00057693885	0.002806059	0.0020359154	0.01653835	0.00091249676	0.009394716	0.0020720076	0.0016825492	0.0009470314	0.0009034163	0.0043766126	0.0019185124	0.0012852014	0.0057737473	0.0020349177	0.0036192273	0.0028084926	0.00012644623	0.0057737473	-23.98639488220215
s01e06b	215.0	5.0	0.7262039	0.7262039	0.0067357984	0.022759654	0.00047484186	0.00090274727	0.003737442	0.0019311071	0.0010651366	0.004449541	0.0021040866	0.000601883	0.05836101	0.004405466	0.0011741566	0.00027519042	0.0018450052	0.00022184323	0.00020956753	0.0009965184	0.0071945307	0.0034824575	0.002033639	0.0021882276	0.0011646255	0.0023387526	0.053235233	0.00275877	0.0011266244	0.00028015967	0.00031413176	0.0004008938	0.0031383054	0.00014405696	0.00026608768	0.0008735125	0.0006351392	0.0008735125	0.00048137663	0.000372234	0.00022932298	0.00048137663	0.0033487363	0.001414465	0.0036780841	0.00017468868	0.00027219328	0.000626573	0.0010227282	0.0019963535	0.0010067851	0.033714388	0.0006162602	0.013159695	0.008622263	0.0103590125	0.0032464017	0.052500017	0.0005021428	0.0010445939	0.005323962	0.0003098173	0.010000948	0.004820117	0.0010705037	0.013085445	0.0011011998	0.008128372	0.0032763022	0.00019972399	0.058121163	-26.4786434173584
s01e06b	220.0	5.0	0.75130373	0.75130373	0.01583821	0.049849257	0.0011122031	0.0011765441	0.021349443	0.00433366	0.004934896	0.0070801983	0.00027433355	0.0002926613	0.0010260913	0.0031224696	0.001408307	0.00045461574	0.010065441	0.00024877553	0.0006370722	0.0051599117	0.011010314	0.011010314	0.0020316811	0.0037472376	0.001400785	0.009468784	0.04602781	0.005742572	0.0018909376	0.000591136	0.00043077074	0.0006504144	0.005036845	0.00041927482	0.0004205794	0.0007705237	0.00055295625	0.0007705237	0.0009202141	0.00043260178	0.0002553731	0.0009202141	0.0014199025	0.0020251512	0.002837671	0.00028075758	0.00026216081	0.00047129655	0.00124495	0.0019354083	0.0012028693	0.023018995	0.0012946663	0.020409074	0.02014203	0.0067627872	0.0016358747	0.0035431331	0.0015742711	0.0015768298	0.0062271324	0.0003083019	0.004797277	0.004859709	0.001080836	0.006443989	0.0013927519	0.007507127	0.019045567	0.0004121678	0.049525417	-24.40243911743164
s01e06b	225.0	5.0	0.8575004	0.8575004	0.052038107	0.0065795905	0.000120545796	0.0005087747	0.0049096905	0.00035957256	0.00059321494	0.0013827815	0.00027233112	0.0001078695	0.013286997	0.008402502	0.0008251113	0.00015231917	0.003010378	0.00015053152	0.0023226188	0.0015601403	0.0145838745	0.0145838745	0.002130475	0.0053105275	0.0006890584	0.025994394	0.031020833	0.0025157102	0.00069185236	0.00024764455	0.0002600932	0.0002035201	0.0009675749	0.000352042	0.00014541902	0.0009452101	0.0005053701	0.0009452101	0.0008434392	0.00023104581	0.00011863469	0.0008434392	0.0046007354	0.0040475125	0.0047468194	0.000151632	0.00046474813	0.000243273	0.0012325898	0.0056504617	0.0012377034	0.087183654	0.00025985995	0.017098239	0.0057741744	0.005862456	0.00036457792	0.0005225022	0.0008725147	0.0011147859	0.0019418944	0.00037853108	0.010135032	0.0030478653	0.00073816924	0.009833732	0.00095842144	0.02057018	0.0051194383	0.00019652602	0.074851	-26.576923370361328
s01e06b	230.0	5.0	0.8811882	0.8811882	0.021650493	0.021214867	0.0003475255	0.0005990147	0.0017768304	0.0003605983	0.0024694686	0.0011836337	0.00017466088	0.00034918683	0.018703952	0.0037076653	0.0008714607	5.522387e-05	0.002017055	0.0008381467	0.000366283	0.0010028167	0.007041232	0.0018788814	0.0011858942	0.0032455272	0.0012598772	0.0032455272	0.064171664	0.01784384	0.0074649807	0.0011518982	0.0005470667	0.0013173317	0.007774376	0.0008472698	0.00037997364	0.0030303998	0.0014189293	0.002573301	0.0027800999	0.0007768362	0.00068405265	0.0027800999	0.0015314332	0.006577042	0.0023154744	0.00014571703	0.00028850135	0.00069518934	0.0014689855	0.0014029959	0.0021185442	0.01395079	0.00056218856	0.010050585	0.0024554175	0.0053325617	0.0013118972	0.011176123	0.00040208775	0.0010415443	0.003053343	0.00027094505	0.016450768	0.0073067164	0.0013484181	0.003513426	0.0009930572	0.0074658957	0.0013778678	0.00029851092	0.024242112	-26.202714920043945
s01e06b	235.0	5.0	0.8811463	0.8811463	0.03549962	0.021433791	0.00095848035	0.00033464463	0.0035779863	0.00081157894	0.0014282906	0.0014192822	8.4871885e-05	0.0001587199	0.01394572	0.017649	0.0012760777	6.3877e-05	0.0039016397	0.00074672455	0.0005906623	0.000743834	0.0042692623	0.004249542	0.0006638678	0.0052439803	0.0019474567	0.0052439803	0.022990448	0.0066650244	0.0053755557	0.0009949821	0.0006800775	0.0008449253	0.0013042376	0.00031005693	0.00023245956	0.001757325	0.00080787117	0.0005771921	0.0011443158	0.00040262318	0.0001402015	0.0011443158	0.002545323	0.0030773017	0.0031291486	0.00013246735	0.00037913455	0.0004092929	0.0013217705	0.0017794153	0.0014388011	0.015087941	0.00041906783	0.012293003	0.0030606163	0.005478643	0.0011068349	0.0068425043	0.00039116206	0.00090668275	0.0039501656	0.00017223145	0.022100436	0.002874386	0.0005703127	0.0032573552	0.0011772391	0.008202223	0.005173588	0.0001102708	0.042441893	-25.48527717590332
s01e06b	240.0	5.0	0.7616416	0.7616416	0.008427151	0.033170518	0.00091875636	0.0010325069	0.019410484	0.0008301103	0.0014221416	0.0125569105	0.00015926945	0.00017739736	0.0034908208	0.0036582921	0.0018544208	0.00020894842	0.01087809	0.00020926005	0.002075106	0.002360504	0.009133221	0.009133221	0.00094675313	0.010441593	0.0019406261	0.010441593	0.038541887	0.004873819	0.0015384818	0.00086591335	0.00093119754	0.00070189306	0.0012406867	0.0001606904	0.00031410658	0.0019429706	0.0012175587	0.0019429706	0.00909147	0.0013803934	0.00020063903	0.00909147	0.005066967	0.0077722757	0.0027260492	0.000102709804	0.00025884487	0.00032401207	0.0006138199	0.0067844125	0.001042543	0.011120587	0.0002714544	0.0030293667	0.004339064	0.0065133655	0.0007293563	0.023512589	0.0005693701	0.00083094084	0.003921307	0.00016463255	0.007640626	0.002635083	0.0034493052	0.018084584	0.0037201073	0.045660064	0.009805047	0.00019049051	0.07428885	-24.433748245239254
s01e06b	245.0	5.0	0.8167614	0.8167614	0.0059092813	0.43851456	0.0003099538	0.0006399271	0.0018741657	0.00084260496	0.0032445707	0.0034564591	7.755962e-05	0.000183694	0.00078638917	0.0017986319	0.000813593	6.5202345e-05	0.00074886176	0.0013393755	0.00015495134	0.0005584746	0.002217603	0.0011967244	0.00055506104	0.00087262323	0.00058674946	0.0009469719	0.053670786	0.0061773527	0.0025116128	0.00079991744	0.0007242754	0.00065433636	0.0019419498	0.00052198244	0.0005004945	0.0011617369	0.00085139595	0.0011617369	0.00060958724	0.0005920587	0.00038293333	0.00060958724	0.0003262513	0.0036198879	0.0029205838	0.000100071826	0.00013246875	0.00059582316	0.0011234066	0.00029308797	0.0015421332	0.0015436163	0.0006797204	0.00396593	0.0037966084	0.0090287225	0.0016210382	0.012840518	0.00013194255	0.00045610018	0.0019063217	0.000116390525	0.003968587	0.0010732128	0.00020611192	0.0002323029	0.00057189836	0.00570522	0.00088955055	0.00011668145	0.011139911	-24.72150421142578
s01e06b	250.0	5.0	0.79893285	0.79893285	0.01810343	0.02246389	0.000115401424	0.004366897	0.30749395	0.0006668523	0.0041237767	0.0017706316	0.00011974647	0.00027491534	0.00053154945	0.004686838	0.0021543917	0.0010353364	0.0032311834	0.0018068083	0.010370398	0.027694315	0.002470735	0.0012485964	0.0016875233	0.0012725899	0.00021536791	0.0012725899	0.2348232	0.027965475	0.0086563965	0.0013745269	0.00070861477	0.0013253127	0.0141120665	0.0009555762	0.0022419475	0.0010864473	0.0010864473	0.00065919326	0.004364087	0.002807415	0.00018686948	0.004364087	0.00033712373	0.003305079	0.006176899	0.00042841746	0.0008997957	0.00051429437	0.004130383	0.0006186972	0.0044468846	0.0068021175	0.00033392405	0.0020688195	0.0010142449	0.0022886337	0.0023796968	0.00078396266	0.00062229217	0.0012387141	0.00032261363	0.0003264118	0.001230534	0.00058940507	0.00075132	0.0033013772	0.00054801255	0.0038029186	0.013131105	6.828077e-05	0.023051316	-21.2136287689209
s01e06b	255.0	5.0	0.043938216	0.043938216	0.0008393343	0.00068750314	0.00019043712	0.0052936706	0.00029747706	0.00040108187	0.018947126	0.00049755553	0.00019630951	0.0002838114	0.001194544	0.0034172921	0.0002816936	8.145972e-05	0.00046599397	0.0008558322	0.00064691005	0.0020580755	0.0032270334	0.0016822648	0.0032270334	0.0011040348	0.0013768997	0.0013768997	0.8061132	0.15239114	0.08616801	0.0015711257	0.00048294803	0.0057097715	0.1683141	0.0012305505	0.030769939	0.0060566147	0.0051999292	0.0028488324	0.0046638097	0.009171772	0.0013756872	0.009171772	0.001081504	0.015541692	0.020843323	0.0013793696	0.0011782707	0.0010935736	0.011764242	0.0044922214	0.0058776825	0.0010868716	0.00056291214	0.0011522576	0.00086785987	0.00068935164	0.00032516045	0.00030073617	0.0008903883	0.0014789468	0.00051508006	0.0008773604	0.002587402	0.0025904065	0.0010765371	0.0013662187	0.0015889716	0.004116117	0.0018926619	0.00021791477	0.021309797	-19.63804817199707
s01e06b	260.0	5.0	0.80627954	0.80627954	0.014404455	0.0043299496	0.00014894495	0.00086518266	0.0008504522	0.00025611214	0.006272342	0.0019973714	0.0002568482	0.00013675426	0.003935751	0.0020404991	0.00022987726	9.164384e-05	0.00062364445	0.00028845103	0.0003152487	0.00054940744	0.0029927066	0.001747642	0.0014050724	0.0036779463	0.0016639124	0.0036779463	0.76854634	0.1768857	0.1768857	0.010015764	0.0012811121	0.012527306	0.008017423	0.00057092105	0.0059723817	0.0010545403	0.0002561937	0.0010545403	0.000343529	0.00048199785	0.00026858706	0.00048199785	0.00026072405	0.0023313987	0.0027098567	0.00010549675	0.00018021553	0.00016245997	0.00064944685	0.0013489652	0.0008739088	0.002939658	0.00088926026	0.0017935588	0.0013702413	0.0072895023	0.00069586944	0.0014221125	0.0001899031	0.0005370076	0.0018569583	0.00022065242	0.002088182	0.007543431	0.0015076344	0.0018785346	0.00093220157	0.009357618	0.0017143396	0.00011941796	0.008481686	-25.911544799804688
s01e06b	265.0	5.0	0.88518083	0.88518083	0.023976447	0.014496057	0.005599566	0.0022769135	0.106194675	0.010321648	0.0006658254	0.005883277	0.0010577444	0.00029085827	0.0014288885	0.0038546168	0.006699143	0.0012729361	0.0006954134	0.00021372955	0.0012746091	0.017971352	0.024147766	0.0067109535	0.0016922735	0.011477044	0.0025906614	0.011477044	0.08157861	0.00892479	0.002764719	0.00033825942	7.0375296e-05	0.00047276745	0.002654877	0.00015560132	0.0002826505	0.0012606826	0.00039164862	0.00082698226	0.0027333964	0.0007070997	0.00021389693	0.0027333964	0.0011725215	0.0043567256	0.009906179	0.00067451247	0.0015612682	0.0002535165	0.004364692	0.0016478538	0.0035201353	0.0034523685	0.00016724145	0.000795102	0.00069843937	0.036176953	0.0009097179	0.007845433	0.0013630535	0.0003555928	0.003214175	0.00067704037	0.0021774648	0.0020032933	0.0015055328	0.0010632226	0.0009345435	0.0016304913	0.0018661666	0.00022306984	0.0037336051	-23.5986442565918
s01e06b	270.0	5.0	0.93012476	0.93012476	0.2294817	0.008376571	0.0005601339	0.0013580001	0.0061216583	0.00095771265	0.0020680674	0.0005061783	0.00014683942	0.0002188837	0.008920616	0.0033603897	0.0008113501	0.00010437106	0.00086169265	0.00050847704	0.00036438782	0.0041064783	0.0032989052	0.0025763246	0.0011735568	0.0022417286	0.00067798205	0.0050320965	0.066346765	0.02641082	0.014884911	0.0011978066	0.00047439078	0.0013380221	0.0061674747	0.0012822199	0.00020848354	0.0010988552	0.00036046165	0.0002560533	0.00047960278	0.00021436815	9.429756e-05	0.00047960278	0.001002003	0.0025010353	0.001073385	6.4094835e-05	0.00019757704	0.00061346695	0.00027285662	0.0010177245	0.0010386137	0.0044565042	0.0004994691	0.0024708195	0.0005870118	0.0074167266	0.00028140072	0.0037467782	0.00029412424	0.00066758925	0.0004012249	0.00022324409	0.005256118	0.004700074	0.0010110413	0.0006953497	0.00081823446	0.0035923698	0.0013166724	0.00022606958	0.005769996	-27.558334350585938
s01e06b	275.0	5.0	0.8447111	0.8447111	0.12597992	0.019679468	0.0009819537	0.0029162713	0.20178466	0.0026326303	0.0036102782	0.0035259689	0.0010289071	0.00032969352	0.005162723	0.0043147085	0.0015421096	0.0020444687	0.0018329823	0.0014074557	0.0031277987	0.11617991	0.012060816	0.010039257	0.009159832	0.0056624957	0.00201315	0.0056624957	0.06776021	0.011447581	0.006006627	0.0016957629	0.0011458293	0.002621381	0.0033469733	0.0003057317	0.00061492424	0.0014580888	0.0007415571	0.000950117	0.0011495732	0.0008788259	0.00029961547	0.0011495732	0.00085552275	0.002903837	0.0023550102	0.00053696666	0.0004286818	0.00032803245	0.0016187209	0.0013620277	0.0018046724	0.010388034	0.00020497385	0.0013433697	0.00061972823	0.015603256	0.00017071563	0.006205855	0.000589581	0.00054518855	0.0010044178	0.00037380971	0.0044840104	0.0018891592	0.0009855302	0.004891258	0.0015465616	0.002262018	0.0036906258	0.00014046807	0.01643755	-26.289962768554688
s01e06b	280.0	5.0	0.86730504	0.86730504	0.022234647	0.0085272845	0.0005004277	0.000994865	0.006519067	0.0009146808	0.0013393869	0.011717911	0.00010335569	0.00038008994	0.01130136	0.03210976	0.0010839935	0.00025648187	0.004341702	0.00073556334	0.00046997625	0.0016484956	0.016267927	0.016267927	0.004005915	0.0060134153	0.0024074558	0.0060134153	0.07218981	0.013501546	0.0062315543	0.0010888666	0.00036271106	0.0013592642	0.004024733	0.00017466137	0.00019367225	0.0032857023	0.00080639403	0.00080979447	0.0008503493	0.00020095972	0.0001581965	0.0008503493	0.0030037775	0.0053088954	0.0012192264	5.4746302e-05	0.00022343382	0.0005667136	0.00033343132	0.00344409	0.00030146132	0.079251826	0.0010059605	0.06906093	0.0017931081	0.00098321	0.00041795394	0.0009166473	0.00023933107	0.00061939104	0.002372353	0.00041504425	0.0012636116	0.001972915	0.0003307393	0.008464919	0.0003577832	0.0075289197	0.0034233448	0.00050149736	0.0711772	-25.412328720092773
s01e06b	285.0	5.0	0.9024053	0.9024053	0.08065641	0.014605729	0.00053244573	0.0019571977	0.04984201	0.0014313365	0.0010949058	0.0013754867	0.00018598567	0.0001710901	0.0036203365	0.0144241145	0.006365211	0.00023468204	0.0015641594	0.0004544487	0.00071979733	0.009996426	0.005126041	0.0044045495	0.0013350454	0.0026993232	0.0025244723	0.003752739	0.12463548	0.014010588	0.0062168245	0.0008281289	0.00055449497	0.0010340165	0.0032960747	0.0004672198	0.00042507378	0.0028053815	0.0010664845	0.0024764014	0.001510149	0.0009230355	0.0005277877	0.001510149	0.0045611663	0.008174097	0.007789	0.00040776454	0.00034467276	0.00093250355	0.0008071582	0.0043357117	0.0020536291	0.009467116	0.001483218	0.0028687662	0.0013337656	0.020082522	0.0007435959	0.03439823	0.00129811	0.0010156352	0.0032485288	0.00017089413	0.014319596	0.0025728128	0.0008758803	0.0018889253	0.0021522115	0.037071746	0.0020084688	0.00014806955	0.014319596	-26.18085479736328
s01e06b	290.0	5.0	0.5654211	0.5654211	0.0023709498	0.00046885808	0.00035835258	0.000106309686	0.00016325658	0.0004063664	0.00074761605	0.0025937855	0.0009679658	8.595851e-05	0.0016528	0.0004001163	0.00036765824	0.00011684668	0.00015392347	2.785224e-05	0.001057423	9.329972e-05	0.0021945043	0.0013401347	0.00036013723	0.001495441	0.0053595807	0.0053595807	0.035886038	0.0046392228	0.0012101284	0.00028371398	0.00011453972	0.00024181332	0.0012012447	0.00036878383	0.00013020266	0.2622901	0.0018363748	0.25654286	0.076606154	0.0015553731	0.005760864	0.076606154	0.0012614134	0.004205831	0.0011278533	5.9154307e-05	0.00026707177	0.00018311795	0.0008078338	0.0004895152	0.0001345217	0.0001426817	9.400075e-05	0.0004405584	0.00036924327	0.0005694681	0.00018067166	0.00033465037	1.7699414e-05	0.00053982245	0.00050270103	0.00026095833	0.00029799057	0.0007831966	0.00017816511	0.000120468234	0.00031343143	0.1674259	0.00022004545	0.00016879303	0.016983956	-27.31797790527344
s01e06b	295.0	5.0	0.4134212	0.4134212	0.0018697939	0.00016513612	5.798976e-05	0.00020110616	6.7070556e-05	0.00012685638	0.000626475	0.00068802614	0.0017301537	0.00012565091	0.00018725671	0.0003625517	0.0001960095	9.121897e-05	0.00046040924	4.3081538e-05	0.002832018	0.0002598094	0.0010040202	0.00059635664	0.000801757	0.00073180493	0.00091278896	0.00091278896	0.022340914	0.004359583	0.0008271529	0.0002147548	0.00012082026	0.00017231768	0.0012151083	0.00024131747	9.9201716e-05	0.28343228	0.00086993293	0.28343228	0.05964892	0.00048333668	0.0062137353	0.05964892	0.004194479	0.0010729628	0.0027129177	0.00013240712	0.0003821897	0.0004661124	0.0031331242	0.0013769614	0.00084509037	0.0002953494	2.7642614e-05	0.0006528062	0.00026282654	0.0007988438	0.0003370524	6.818207e-05	2.1595215e-05	0.0007340865	0.00035535105	0.00023080275	0.0021924463	0.0035198291	0.0003166062	0.0001645395	0.0001888783	0.15162075	0.00021383759	0.00048078876	0.051155083	-26.045787811279297
s01e06b	300.0	5.0	0.85998565	0.85998565	0.03727366	0.009412758	0.00030397243	0.00343739	0.18397063	0.00093225803	0.0013258979	0.0015668254	0.00016148727	0.00054900517	0.0015195871	0.005614257	0.0028590097	0.0005683974	0.001470266	0.00043598327	0.0042563	0.17338538	0.009641284	0.0044709877	0.0017166138	0.009016108	0.0019404552	0.009016108	0.06200482	0.011418021	0.007099002	0.0011074212	0.0002519039	0.0012442862	0.0016465135	0.0002537397	0.00026336886	0.00223271	0.0012848636	0.00223271	0.007913698	0.0025621257	0.00066343864	0.007913698	0.001033913	0.010062909	0.00806206	0.0010990681	0.0006763712	0.00094878394	0.0041130297	0.0023177047	0.0024819155	0.0045757773	0.00013840829	0.000801286	0.0007205534	0.003301104	0.00017263359	0.0011154956	0.00045105538	0.0007061414	0.00060495123	0.00037338657	0.0017022305	0.00046095796	0.0017446971	0.0029218476	0.00080475054	0.0034305102	0.0014177576	0.00010574855	0.0032236853	-25.25743103027344
s01e06b	305.0	5.0	0.8244943	0.8244943	0.3225809	0.0067507355	0.0008907082	0.003758462	0.22867382	0.0017126381	0.0015797241	0.001105988	0.00766111	0.00055848155	0.0016326624	0.0052123466	0.0061065964	0.00074502366	0.0012071334	0.0015659559	0.009239698	0.012809583	0.005427234	0.0037658697	0.0018658771	0.0039161365	0.0017232395	0.004606143	0.11504076	0.017041404	0.00819243	0.0013582445	0.0011515575	0.0017329339	0.002752517	0.00043589974	0.0010337412	0.0013127483	0.00056059967	0.0013026728	0.0076631363	0.00088007527	0.00021484184	0.0076631363	0.0011244403	0.005289175	0.002397465	0.00030261948	0.0004928187	0.00031886902	0.0010578189	0.0018154676	0.001304203	0.0022350897	0.00013823286	0.00094052433	0.0007278374	0.008566884	0.00028918567	0.0038105985	0.0008883016	0.0022107312	0.0011908772	0.0005266791	0.009443923	0.0020316967	0.00044938165	0.002020392	0.0012465834	0.033553783	0.0014927733	0.00013461705	0.009443923	-27.242164611816406
s01e06b	310.0	5.0	0.8087684	0.8087684	0.041077122	0.0049203294	0.0005484034	0.0024226983	0.21646845	0.00047885996	0.0016750866	0.0005741242	0.0031324169	0.00012129146	0.002995377	0.0019066001	0.0022718862	0.00035259503	0.0017646167	0.00076682965	0.004381072	0.020046491	0.0029584456	0.002761895	0.0009876292	0.0028016008	0.0013730793	0.0028016008	0.04237223	0.020129967	0.011405724	0.0021059127	0.00069000205	0.0019136091	0.004971608	0.0002848048	0.0003174283	0.0008669643	0.00061502506	0.0008669643	0.0026318866	0.00077764463	0.0003047655	0.0026318866	0.0007724172	0.0039556324	0.008247444	0.00034459357	0.00037770564	0.00078289286	0.0023800726	0.0007190795	0.004645344	0.008157143	0.00035562078	0.0012832492	0.0006884496	0.005433706	0.0011957182	0.014461872	0.0005807154	0.0004851401	0.0007835067	0.0002869925	0.0036371564	0.0020683599	0.0012151275	0.0013911222	0.0013723138	0.0038987393	0.002305416	0.00012916233	0.0036371564	-26.780149459838867
s01e06b	315.0	5.0	0.8728737	0.8728737	0.043477338	0.0029030142	0.00031704054	0.0026144884	0.40445238	0.00074633333	0.0019455272	0.0003768394	0.0034752898	0.00035695088	0.004614287	0.01198999	0.016084837	0.0008082092	0.0010060646	0.0024890087	0.005216311	0.032575607	0.071979895	0.0007080781	0.001962105	0.001396395	0.0008991538	0.0045543755	0.036655977	0.004845899	0.0029267904	0.00068637903	0.00038094696	0.00066443847	0.0016189952	0.00015976669	0.0002004348	0.0017511201	0.0013802632	0.0017511201	0.0042247935	0.0019204124	0.0009027167	0.0042247935	0.005426712	0.009997719	0.0062950067	0.0012730925	0.0010758328	0.00035765636	0.007876062	0.0011317936	0.0061349953	0.008265486	8.593991e-05	0.0012256119	0.0011614513	0.007659602	0.00032338468	0.00056276406	0.00035310735	0.000525894	0.00091972895	0.0006594666	0.0031824731	0.0025550213	0.0023793052	0.0013466193	0.001280701	0.00698377	0.0012878942	0.0001068949	0.0031824731	-25.68362236022949
s01e06b	320.0	5.0	0.42157435	0.42157435	0.001347316	0.0007476185	0.00027105535	0.0005183845	0.00013152401	0.00036427876	0.0006332711	0.0010548744	0.0012261851	0.00022222451	0.00024064905	0.00065492064	0.00023281244	0.00019919965	0.00018811157	0.00010388788	0.0009419301	0.0002894822	0.0016978903	0.0016978903	0.00077451556	0.0013814943	0.0025448592	0.002674785	0.012853737	0.0028662726	0.00074223086	0.0002732875	0.00015029644	0.00023344193	0.000722194	0.0001939894	0.00019677315	0.36621875	0.0011662284	0.32338625	0.043243755	0.00029262167	0.0043468517	0.043243755	0.0050902897	0.00075810746	0.0026166355	0.00010988411	0.00041574216	0.00056951994	0.00075979764	0.0011647186	0.00065308256	9.9920784e-05	3.425307e-05	0.00037637158	0.00015775875	0.0006133474	7.630864e-05	4.207497e-05	2.7622458e-05	0.0009960058	0.0002883754	0.00021549466	0.0007309849	0.0009512442	0.00024717065	6.3172425e-05	0.00022085701	0.046424612	0.00014061923	0.00016292458	0.086667314	-26.13761711120605
s01e06b	325.0	5.0	0.6325325	0.6325325	0.0120891165	0.00092585717	0.00038957695	0.00087830145	0.0020867127	0.00121526	0.0011635753	0.0013049826	0.002372016	0.000130073	0.0010489648	0.0039412337	0.0005864618	0.00051973667	0.0023306967	0.00011507528	0.0381936	0.0024080125	0.003956311	0.003956311	0.0005898516	0.00071613817	0.0021777414	0.0021777414	0.017568642	0.0099732075	0.0018552294	0.00035791387	9.961103e-05	0.00025413773	0.0027128947	0.00023775495	0.00015885827	0.0849109	0.0018938602	0.07756829	0.13427341	0.0017876285	0.0018170651	0.13427341	0.004485829	0.0052368813	0.002838532	0.0002860408	0.00055095495	0.0001994471	0.0016415007	0.0028303054	0.0016526356	0.00064987224	5.662474e-05	0.00076073443	0.00047621617	0.00058431487	0.00025715644	0.00024912038	7.4534975e-05	0.0008660371	0.00019201702	0.0001947955	0.0012639246	0.0028394768	0.00094742817	0.00035770325	0.0004410311	0.11256016	0.0019804584	0.0006941685	0.010368881	-28.0412654876709
s01e06b	330.0	5.0	0.84764904	0.84764904	0.015825208	0.0032890583	0.0007671206	0.0010624536	0.36226207	0.00044247296	0.0028310646	0.0024075876	0.0009793171	0.00027075654	0.0028809246	0.0023729503	0.009282245	0.0033542805	0.001070801	0.0016839403	0.0015752736	0.009534276	0.054245863	0.003965601	0.0031416276	0.003207631	0.0012038494	0.003207631	0.08067411	0.010269548	0.0053880904	0.0014062223	0.00044283393	0.0017490957	0.0018978827	0.00032836536	0.0003804144	0.0015729684	0.0013781821	0.0015729684	0.006603164	0.0012798809	0.0006200859	0.006603164	0.0013009395	0.009534978	0.003121452	0.0002841387	0.0012459565	0.00024588517	0.0048014517	0.0012184277	0.004249832	0.0046804496	0.00014645321	0.0014524768	0.0009304947	0.0047302297	0.00029913086	0.0015190295	0.0007412734	0.000421003	0.000778921	0.00078941864	0.0031101347	0.0010636345	0.00069316436	0.0024117955	0.0007521033	0.0073276986	0.0015424681	0.00015873714	0.00714492	-26.047393798828125
s01e06b	335.0	5.0	0.77640796	0.77640796	0.012706092	0.0025892288	0.00066237693	0.0072565163	0.099424265	0.0014629031	0.020055598	0.003671403	0.0008213377	0.000366682	0.0008159731	0.0045407913	0.0029987267	0.00046402324	0.0016377097	0.0005501274	0.010256842	0.12334797	0.009296226	0.0012054364	0.00074829394	0.0005603912	0.00030102016	0.0005603912	0.5849952	0.10500996	0.10500996	0.0024494624	0.0017447302	0.0026886642	0.0074460814	0.0011247628	0.0036864884	0.001016582	0.001016582	0.00052996044	0.002261114	0.0016676926	0.00011882308	0.002261114	0.0012481343	0.01812058	0.03295601	0.0010037629	0.00049257965	0.00063434336	0.0015919246	0.0037860258	0.014347506	0.000954532	0.00076401135	0.0010312633	0.0017782476	0.003920741	0.00011938209	0.007175761	0.0015880694	0.0004995843	0.0002417156	0.00013041527	0.021629706	0.0044582733	0.0002851629	0.0018891161	0.0020416316	0.011736102	0.0008296184	0.0010786708	0.021629706	-22.3070125579834
s01e06b	340.0	5.0	0.6678073	0.6678073	0.006213217	0.0016716024	0.00013001509	0.0009443333	0.00019277153	0.00067279156	0.02543343	0.0009964277	0.0010888932	0.00019071659	0.006218307	0.0006095187	0.000348967	0.00021529912	0.00017653394	0.00070638035	0.00038167305	0.0016018205	0.0021240716	0.0017043639	0.0021240716	0.002344843	0.0012305528	0.0026273595	0.7092774	0.18311605	0.10950407	0.0086360425	0.0026207678	0.008565358	0.22824241	0.001867454	0.008109445	0.0015168635	0.001387442	0.0010224505	0.0004640927	0.0016955812	0.0007721312	0.0016955812	0.0010880262	0.0069749528	0.027993256	0.0014164344	0.0014752473	0.00051024137	0.00419683	0.002147226	0.013581242	0.0031264636	0.0014361371	0.0010461565	0.0020583614	0.0063690213	0.00020986747	0.0002649174	0.001086276	0.000834508	0.0010555651	0.00036325367	0.039100002	0.0046681147	0.0050559836	0.0029819908	0.0017514369	0.0039367513	0.0017930382	0.0011073987	0.039100002	-23.814865112304688
s01e06b	345.0	5.0	0.8831032	0.8831032	0.054347634	0.06180758	0.0003511894	0.0024203185	0.07792249	0.0037936626	0.0063823825	0.0035276094	0.000864198	0.0007498207	0.00920249	0.0025925436	0.00095463026	0.0018228239	0.0011879338	0.0012594123	0.0032063061	0.010353465	0.01015522	0.0040022545	0.0021277557	0.00095758995	0.0014007336	0.0024593966	0.016245492	0.003754593	0.0015917397	0.00095387426	0.00023009085	0.00078423164	0.0009577825	0.0005109105	0.0002042822	0.0033259226	0.0014722666	0.0012594734	0.002380641	0.0022791917	0.0011424028	0.002380641	0.00088994176	0.0052969605	0.01123755	0.0012889255	0.00062434055	0.00037314036	0.006067487	0.002083401	0.003103452	0.013050771	0.00030311843	0.0015791932	0.0005532003	0.0116176205	0.0002447102	0.019086143	0.001240711	0.0009144659	0.0009024015	0.00030166458	0.0069681196	0.0015069584	0.0020093753	0.0027245667	0.005596879	0.0060691778	0.0012936144	0.0023385622	0.007150568	-25.7833194732666
s01e06b	350.0	5.0	0.8504016	0.8504016	0.031535156	0.0045940797	0.0036889866	0.0026943602	0.3012065	0.013326727	0.00073304557	0.003296534	0.00045306908	0.00018927096	0.019764667	0.001296321	0.069314815	0.006305867	0.000264502	0.0003863847	0.00027977987	0.01659812	0.0125646945	0.009546613	0.010430291	0.02701021	0.0019537897	0.02701021	0.09913993	0.013684097	0.0030124837	0.0003627052	0.0002440366	0.0007784854	0.0042527406	0.00026308853	0.00027803943	0.0011586159	0.000973253	0.0006233898	0.0023110523	0.0011657331	0.0003447613	0.0023110523	0.0011767795	0.010807728	0.014713674	0.00036524722	0.0016474694	0.00025771803	0.0034858666	0.0017087294	0.009696857	0.0024182529	6.098652e-05	0.0014600736	0.0010155312	0.0036149328	0.00017770649	0.00089270866	0.00043202398	0.00054942654	0.00017825379	0.0008871965	0.0020730807	0.0010569546	0.0041346923	0.008387446	0.0014751055	0.0035747932	0.00042900434	0.00026270028	0.008387446	-26.660606384277344
s01e06b	355.0	5.0	0.71632373	0.71632373	0.056967843	0.027283972	0.0041046045	0.0041862493	0.006853991	0.016956847	0.016129594	0.0056082276	0.0029052205	7.257579e-05	0.0052077794	0.0015018564	0.0013085809	0.007154709	0.002033371	0.00036724962	0.0006498001	0.0026780216	0.023195876	0.023195876	0.008119776	0.0015324296	0.0013177576	0.0045544878	0.016796354	0.0024276935	0.0010706154	0.0002709414	0.00010313319	0.00025384664	0.00072932226	0.0001526517	0.00046879437	0.0022467813	0.0022467813	0.00070809975	0.0016988581	0.0017966717	0.00020371619	0.0017966717	0.0010602665	0.019028874	0.020549485	0.0004028693	0.00031570406	0.00043622355	0.0012417253	0.0028781947	0.003888996	0.004822416	0.00025018462	0.0010498586	0.0009573697	0.028013429	0.00023099249	0.006486622	0.00078201154	0.0006048376	0.0018872971	0.0005612524	0.0029089153	0.0042377403	0.0019961237	0.001519582	0.0004036037	0.0055119186	0.0008341029	0.00036881157	0.0077043767	-27.724140167236328
s01e06b	360.0	5.0	0.88543856	0.88543856	0.0578736	0.030833492	0.0007792135	0.0020251502	0.2531821	0.008315483	0.0038605898	0.0046175714	0.0008195813	0.00025792475	0.0072087436	0.004011379	0.0057884757	0.0059429114	0.0017355259	0.0018941956	0.0012264964	0.08731021	0.0096448045	0.005103403	0.00686109	0.00095532724	0.0008361628	0.0014210843	0.06612477	0.0056413417	0.0016970622	0.00035782822	0.00015284542	0.0006081681	0.001635255	0.00020805183	0.00046823994	0.0026496851	0.0016385067	0.00038692504	0.00251988	0.002086532	0.00016380781	0.00251988	0.0007728744	0.0070186383	0.01087454	0.00085137086	0.0009137548	0.00027874653	0.0023472626	0.0024895344	0.002376172	0.0068224324	0.00010380817	0.00087098917	0.00057042064	0.006951569	0.0006518333	0.01636907	0.00045423192	0.0009896929	0.00056540983	0.0004621912	0.0022884237	0.0013285847	0.0013751632	0.008535852	0.0016414719	0.0036381728	0.0030185475	0.00017814232	0.0110549955	-27.115158081054688
s01e06b	365.0	5.0	0.85705674	0.85705674	0.037184447	0.15463848	0.0042013363	0.0006706624	0.008104859	0.0030650774	0.00091453834	0.031651124	0.0011225663	0.00015536486	0.0024796533	0.0057146274	0.003518202	0.0010573404	0.0015910676	0.00025200334	0.00070936984	0.0056956904	0.031501804	0.031501804	0.0036898192	0.0045481063	0.0029380373	0.011739604	0.0648216	0.004113028	0.0010009601	0.00036261027	0.00033521428	0.0004206127	0.0014777804	0.0004337654	0.00049808563	0.011240819	0.0021101285	0.011240819	0.004420562	0.0024023205	0.0024081098	0.004420562	0.004845787	0.008279029	0.014167318	0.0018134209	0.001061082	0.0005846173	0.006876554	0.0024989734	0.0027123606	0.0044360724	0.00058972766	0.0016849763	0.0009296838	0.02047169	0.000658866	0.0061727385	0.0003562	0.0007401677	0.01387011	0.00027716497	0.007959788	0.0007845927	0.0028189162	0.0015520075	0.0010408494	0.0071276184	0.0019494059	0.00017803076	0.007959788	-27.90757751464844
s01e06b	370.0	5.0	0.91918737	0.91918737	0.04632077	0.16046509	0.0017666522	0.0016646191	0.048614915	0.008122833	0.0013658382	0.055057954	0.00030484455	0.00047234312	0.0020038225	0.0063430015	0.0046067373	0.0009611159	0.003430168	0.00055364077	0.0012107873	0.012008362	0.018337503	0.0032799433	0.0020950304	0.005155875	0.0039309054	0.0051919753	0.016604636	0.0028021163	0.0010777377	0.00079733296	0.00037890943	0.00080702134	0.0010716143	0.00035580847	0.00036660547	0.0039020812	0.002088149	0.0039020812	0.0051705022	0.0016263827	0.0008011964	0.0051705022	0.0036439332	0.006281947	0.016214848	0.0008855492	0.0008907969	0.0005578543	0.0034331603	0.006610484	0.003206768	0.0073705683	0.00076071813	0.002414028	0.00066871446	0.0063310666	0.0008793155	0.012085	0.0010208533	0.0010248086	0.0022877567	0.00054477766	0.003609676	0.00057777367	0.0015021046	0.0028240867	0.0015429585	0.011195279	0.0045294743	0.00041178882	0.005155175	-27.50257873535156
s01e06b	375.0	5.0	0.8295923	0.8295923	0.019169608	0.038727064	8.423468e-05	0.0029797743	0.40986958	0.00060133595	0.003259257	0.0034940438	0.00020266922	0.00047216014	0.0010678296	0.0008480977	0.0061055603	0.0031531025	0.0019703226	0.00033633754	0.0057387836	0.08386185	0.002501423	0.0021905683	0.0023324913	0.0024582446	0.00051213097	0.0024582446	0.04332154	0.0060165855	0.003570655	0.00086139544	0.00030719492	0.001028395	0.0027783185	0.00050800905	0.000388735	0.00059552595	0.00059552595	0.00050982716	0.001862893	0.0014442895	0.00028073508	0.001862893	0.00048277635	0.0030341651	0.005939766	0.00089934916	0.0008517449	0.00047553895	0.013512837	0.0005575085	0.0035522084	0.0024232909	0.000607198	0.001308027	0.00076430803	0.004485863	0.00035589654	0.0029608586	0.0004137882	0.0011569605	0.00077082036	0.00067049934	0.0015149738	0.0004053056	0.00058806286	0.0023729277	0.0013761774	0.0027229893	0.0013114691	0.0004152554	0.0040814336	-25.718114852905277
s01e06b	380.0	5.0	0.8458465	0.8458465	0.07342588	0.01632032	0.0018473724	0.0010160436	0.05631974	0.0027162614	0.0012038162	0.0026297509	0.00060187955	0.00047809852	0.0033534598	0.007521405	0.0032081478	0.00065730524	0.0013937107	0.00031118168	0.0006575719	0.014584106	0.005586539	0.0043696268	0.003265293	0.0107001355	0.0051947646	0.0107001355	0.04796714	0.007827042	0.0042523453	0.0009201992	0.00040369452	0.0016454345	0.0036312013	0.00100763	0.00049756694	0.0061286194	0.0036560476	0.0025007403	0.0041996725	0.004236014	0.00086310104	0.004236014	0.0027073685	0.013945045	0.006084304	0.0005890648	0.0015688266	0.00057392236	0.0013600289	0.0035818578	0.0028694198	0.007804921	0.0014738608	0.0022305483	0.0013483211	0.029199734	0.000325197	0.028262785	0.0016729541	0.0015809181	0.0033483955	0.0005540113	0.013682487	0.005411564	0.00873653	0.0022016512	0.002711682	0.008796308	0.005293603	0.0006840602	0.013682487	-25.69891166687012
s01e06b	385.0	5.0	0.84730935	0.84730935	0.12336515	0.03189957	0.0007445471	0.002913491	0.32362667	0.00277416	0.0014896833	0.0021857	0.0007737387	0.0004926099	0.0038141424	0.0013679196	0.0030705843	0.0031595132	0.0010381483	0.0005818066	0.0034227266	0.04918207	0.0029434059	0.0018735612	0.0029434059	0.0011902048	0.0007669474	0.0020044749	0.031663388	0.0067816824	0.0027777345	0.0004986162	0.00019439305	0.00061831874	0.0030961672	0.0003981531	0.00021782836	0.0012879175	0.0012850263	0.0011027597	0.0024531423	0.0028434275	0.0006597378	0.0028434275	0.00089803943	0.0049159704	0.011507401	0.0015319262	0.0011922608	0.0008703521	0.0062192795	0.0017900364	0.0021308376	0.002073278	0.00022297712	0.0004713078	0.000548173	0.0050156736	0.0003057075	0.002877858	0.0007913083	0.001207808	0.0005984163	0.00036688324	0.001573095	0.0010141177	0.0017085512	0.0017785718	0.0036110536	0.005369605	0.0025138394	0.00028084163	0.0036110536	-24.530101776123047
s01e06b	390.0	5.0	0.87654984	0.87654984	0.039579425	0.029288655	0.0007688452	0.002531275	0.34770015	0.0013593179	0.0013032896	0.001699849	0.00050930725	0.00058918213	0.0022100105	0.0014133845	0.0069151	0.0015522919	0.0011305474	0.0007389699	0.0021369357	0.03133571	0.0027402758	0.0011613407	0.0017602376	0.0016744423	0.0009461494	0.0024567426	0.049766265	0.005876303	0.0029207224	0.0010651737	0.00056998746	0.0014089777	0.0023635726	0.00027621767	0.00034751624	0.0029152094	0.0029152094	0.0024827786	0.006997832	0.007611299	0.0011602803	0.007611299	0.00069929316	0.014659549	0.017562496	0.0018631597	0.0015603334	0.0011334448	0.0043077776	0.0012712629	0.006671291	0.0034877073	0.0006070224	0.0010662839	0.0006865243	0.007414821	0.000816981	0.0079594	0.00066579174	0.0014933691	0.0016566709	0.00040646925	0.0039094146	0.0011578337	0.0012839852	0.0034288804	0.001487353	0.0041350755	0.0036743206	0.00040779932	0.0039094146	-25.742769241333008
s01e06b	395.0	5.0	0.8308905	0.8308905	0.096466094	0.035505112	0.0015051076	0.0035578366	0.116354264	0.0045784125	0.0017826443	0.0016576516	0.00089710555	0.00020886058	0.0077023176	0.0030603167	0.0031147613	0.0008020259	0.0015949567	0.0010876714	0.002619574	0.098087564	0.0051744767	0.0039987755	0.0051744767	0.0009168778	0.0007372441	0.0019084194	0.050580148	0.011086308	0.004141881	0.0013487013	0.00043694893	0.001725115	0.0036022507	0.00044453735	0.00031717657	0.0044300035	0.0028034213	0.0017833614	0.006846692	0.0051229023	0.0004247277	0.006846692	0.00085180334	0.010945987	0.0048784423	0.000709454	0.0006935674	0.001134397	0.0012781413	0.0015793707	0.0021509102	0.0045865565	0.00090888154	0.00063666434	0.0011998038	0.010625032	0.0012698397	0.035731237	0.00048728316	0.0012307708	0.0009000083	0.0005622676	0.004609822	0.0054553743	0.0009273872	0.0019002318	0.0023351738	0.0043757507	0.004888963	0.0003037039	0.0071171075	-27.066967010498047
s01e06b	400.0	5.0	0.86431575	0.86431575	0.041757256	0.017276699	0.00049715117	0.0017509151	0.10595622	0.002610402	0.0008569958	0.0015270197	0.001342002	0.0005328354	0.0018139795	0.0019914715	0.0027428912	0.002519348	0.00044027754	0.00037339353	0.00045359845	0.0033109211	0.01721147	0.0021566616	0.0018374266	0.0054705404	0.001311992	0.0056708413	0.02757477	0.0030821462	0.00260099	0.0012074773	0.0004502604	0.0013703019	0.0013991771	0.00023713101	0.00038448977	0.0015149444	0.0012664788	0.0015149444	0.0013596882	0.0012250808	0.0007337155	0.0013596882	0.001072643	0.0026214048	0.017190866	0.00091861095	0.0016715928	0.0009617158	0.004082715	0.00160498	0.006936943	0.0034299544	0.00021870346	0.00061397697	0.001120988	0.0078028985	0.0002444835	0.0014059632	0.0035403091	0.0020882683	0.0068346467	0.00035818183	0.0039038588	0.0018985487	0.00076780625	0.0014927448	0.0011034565	0.0014464359	0.0019074933	0.000272348	0.004867699	-23.82136344909668
s01e06b	405.0	5.0	0.8788852	0.8788852	0.105177276	0.12369747	0.006667734	0.0024038649	0.08975688	0.0055134348	0.0025784185	0.10478792	0.0010898099	0.00041461838	0.0059009288	0.004182943	0.0071678567	0.0026404734	0.0024834352	0.00026407064	0.0014818268	0.07321217	0.012818077	0.0053441506	0.0021925173	0.0024900828	0.002681011	0.0030496034	0.06582162	0.0049436986	0.0012163144	0.00079970626	0.0004088846	0.0008819527	0.0026304564	0.0006617429	0.00091539265	0.002488114	0.001313498	0.002488114	0.0041264053	0.0021991972	0.0009311479	0.0041264053	0.0020865619	0.0049876524	0.008089218	0.0007079749	0.00056225585	0.00075824215	0.0016783575	0.0040845242	0.0014916607	0.0024144896	0.0010435157	0.0025167202	0.00030741375	0.0062196716	0.0002703874	0.00833607	0.00089176244	0.000941529	0.006323701	0.00025476268	0.0017382312	0.000460377	0.0015435744	0.0010809756	0.0014346172	0.0035194661	0.005370545	0.001944757	0.005370545	-33.61738586425781
s01e06b	410.0	5.0	0.8642084	0.8642084	0.12986767	0.103558876	0.0015144793	0.001498612	0.084231906	0.0012639764	0.0013272731	0.0037624922	0.00092824735	0.00033330897	0.0030645677	0.005846312	0.0026191357	0.001827448	0.0016434385	0.0017595005	0.0019440564	0.0071636396	0.008859146	0.008859146	0.0028626062	0.0028840085	0.0039061108	0.0039061108	0.027895467	0.003675253	0.0012059945	0.0011443393	0.00062214216	0.0010606535	0.0017394992	0.0003323513	0.00046174802	0.00439639	0.0025752932	0.0032823714	0.001948983	0.0017837909	0.0017976331	0.001948983	0.0010845466	0.00638302	0.011286009	0.0008959903	0.0010081813	0.00064715336	0.006321798	0.0019903432	0.003983683	0.0076609505	0.00021550822	0.0039129537	0.00092496973	0.008474538	0.00052914873	0.011174268	0.00092814345	0.0014795145	0.00538385	0.0005513781	0.0041970173	0.0013961929	0.0011128056	0.0016633153	0.0012906515	0.0031014434	0.0026675225	0.00024770264	0.0051085697	-26.308691024780277
s01e06b	415.0	5.0	0.85809726	0.85809726	0.054133244	0.024265127	0.00037773297	0.0049694786	0.21921794	0.001857287	0.002115349	0.0022841373	6.797737e-05	0.00076743646	0.0007964715	0.0023848223	0.003836722	0.00065865315	0.002473962	0.00086048973	0.0037527173	0.3722834	0.0055629383	0.0025975015	0.0025285003	0.0026096099	0.0005661214	0.0026096099	0.024205977	0.004071646	0.0029482574	0.0006495106	0.00034493572	0.00086713943	0.002367608	0.0005886694	0.00036665855	0.0016243915	0.0016243915	0.00058705715	0.0036721237	0.0025881985	0.0003048992	0.0036721237	0.00069865934	0.010382576	0.0076440834	0.001518427	0.0005820184	0.00081706233	0.004412511	0.0015590814	0.004956539	0.0041186707	0.00019355207	0.0006656674	0.0013429207	0.0022825145	0.00017279582	0.0005134918	0.00030134435	0.0014035987	0.00067077734	0.00071363995	0.0012539183	0.00042289088	0.0011810946	0.00340528	0.0009964448	0.0027146935	0.0024638704	0.00012341281	0.00340528	-24.96014404296875
s01e06b	420.0	5.0	0.83122796	0.83122796	0.021560399	0.113296635	0.00034676466	0.000646944	0.0009081877	0.0024987368	0.0012369591	0.014126922	0.0010103369	0.0007985972	0.0033898347	0.0048237187	0.0053610224	0.00078455755	0.00075724896	0.0004330684	0.00021668078	0.0016746719	0.00790289	0.00790289	0.002733204	0.0020168032	0.0044778995	0.0044778995	0.029315216	0.004365488	0.0012294246	0.0006057555	0.000495078	0.0006705607	0.0013010696	0.0018146021	0.00024731774	0.0057000183	0.0025618381	0.0044371486	0.0026167487	0.0020172046	0.0010711576	0.0026167487	0.002691544	0.0068045272	0.012509775	0.00043809216	0.0006780059	0.0009129077	0.005293869	0.0027679799	0.0028240574	0.002277828	0.0006473893	0.0027243309	0.0006672013	0.009894728	0.0012398751	0.024662614	0.0002862754	0.0028295668	0.014914334	0.0005973724	0.008305187	0.0016102409	0.0006418726	0.0007681839	0.0009681018	0.00971586	0.0012653188	0.00043654448	0.011052239	-25.5899658203125
s01e06b	425.0	5.0	0.8410008	0.8410008	0.05169121	0.25306723	0.00062958366	0.0006968184	0.001603996	0.002658981	0.0036949185	0.010787228	0.00078092323	0.00039850548	0.0015448425	0.004982929	0.001930246	0.00042436345	0.0019046855	0.00051031384	0.00021142444	0.0020097462	0.004302635	0.004302635	0.0016963272	0.0035376726	0.0018629823	0.0035376726	0.029969785	0.0055226455	0.0023091973	0.00062434206	0.0006707439	0.0006695715	0.0015405503	0.0015585315	0.0002946502	0.0025888584	0.0015778886	0.0010223176	0.001606225	0.0011620579	0.0002754298	0.001606225	0.0010600691	0.0061887773	0.0050356667	0.000207872	0.00032383204	0.0007314971	0.0011255554	0.0015585315	0.0011881103	0.0006884459	0.000841841	0.0019723019	0.000719292	0.021865515	0.0008021352	0.029411063	0.00018644109	0.0014967716	0.011995432	0.0002558483	0.007883066	0.001272827	0.00094414264	0.0005627225	0.0014631838	0.004805117	0.0012749133	0.0009618285	0.02137789	-25.282583236694336
s01e06b	430.0	5.0	0.8985657	0.8985657	0.08536357	0.17065111	0.0007803991	0.00082178746	0.0016904522	0.009072344	0.0015660507	0.016823968	0.0003598328	0.00031692086	0.012886334	0.0101945605	0.0058242874	0.0008322313	0.0035369315	0.0005955745	0.0003792123	0.0025978128	0.012104496	0.006528558	0.004237382	0.0025906109	0.0022725025	0.006141977	0.012623654	0.0020511923	0.0010059582	0.0007253668	0.00026032043	0.0006748217	0.000858613	0.0012728549	0.00022980254	0.0110573005	0.0031142193	0.008542533	0.0030788775	0.0034708702	0.00326107	0.0034708702	0.0045243087	0.0067579686	0.012882822	0.0006122914	0.00030314532	0.0006682936	0.0026177133	0.005930409	0.0014081515	0.0034594135	0.0010535045	0.0023729592	0.0009342391	0.003807669	0.0010802519	0.02307463	0.0013554449	0.0008906344	0.0057544466	0.00023792863	0.014716088	0.0021626716	0.0014007263	0.00054402475	0.0024104752	0.023338687	0.0022960957	0.0033259415	0.014716088	-33.338348388671875
s01e06b	435.0	5.0	0.8321457	0.8321457	0.049498994	0.0036464392	0.0003870977	0.00027558187	0.0013804783	0.00083899806	0.0009979312	0.0010180698	0.00043048465	0.00023437214	0.008020525	0.06434767	0.00081262406	0.001358469	0.0009982061	0.0002160184	0.00044611204	0.001610848	0.008698505	0.0055688475	0.0041103004	0.007678487	0.003491224	0.015722899	0.016755234	0.0034308687	0.0014470497	0.0006637312	0.00032391943	0.00054618355	0.0014479816	0.00043915774	0.00010892993	0.020578587	0.0027846699	0.0038063165	0.0015687055	0.0011879837	0.0006428181	0.0015687055	0.009567801	0.005322152	0.004201452	0.0002572658	0.0003908294	0.00031371036	0.0009494568	0.003204891	0.0011548481	0.007378943	0.0006334296	0.0019080515	0.0011650493	0.005126525	0.00014881066	0.06196755	0.0004350755	0.0007761687	0.0015536576	0.00037127957	0.002622204	0.004393502	0.0016718084	0.0010426472	0.0005824227	0.0118172355	0.0010630449	0.0006174551	0.0095599005	-30.282737731933597
s01e06b	440.0	5.0	0.9003754	0.9003754	0.061977398	0.12337646	0.00043847715	0.0026463682	0.18405265	0.0037862095	0.011128996	0.006611195	0.0021110715	0.0005642298	0.0063139577	0.002196583	0.0024766135	0.0020447099	0.0014682568	0.00036673565	0.0013111719	0.013629871	0.005726561	0.0050658444	0.0034784356	0.0022416306	0.0038411152	0.0038411152	0.021077251	0.0036267997	0.0014624698	0.00076692255	0.0002074091	0.0006166803	0.00056124467	0.00017327942	0.0004320248	0.00063221797	0.00023542183	0.00035665566	0.0004025194	0.000206029	0.00015146927	0.0004025194	0.00067544356	0.0012698935	0.0031252424	0.00026680023	0.0006185362	0.00019606203	0.002622885	0.0007823823	0.0012141684	0.003332965	0.0003419976	0.0009036078	0.0004267443	0.015249804	0.0002231528	0.006315502	0.0003943455	0.0007717311	0.005788717	0.0004911757	0.001382407	0.00066081487	0.00024037251	0.0030758171	0.00086634455	0.0038899493	0.0021882495	0.00027839487	0.0030758171	-24.764917373657227
s01e06b	445.0	5.0	0.92453444	0.92453444	0.37958333	0.020779287	0.0002484169	0.0006383455	0.0020155811	0.001001189	0.0016635878	0.0006042577	0.00018786278	0.00029988354	0.0046446715	0.002887992	0.00062930735	5.1310908e-05	0.0005127156	0.0002711192	0.00027257632	0.0025735213	0.002079468	0.0014996635	0.0010067136	0.0020997848	0.00086326804	0.0053815166	0.025109507	0.009326211	0.005039928	0.0006976281	0.00023745545	0.00075173896	0.0014676487	0.00066189707	0.00017795745	0.002585081	0.0008142511	0.000702076	0.00080601947	0.0005192197	0.00022680755	0.00080601947	0.00066520285	0.0051742587	0.0040445686	0.00012535353	0.00025624892	0.00043945984	0.0005750925	0.0010427684	0.0015263457	0.0015267456	0.00024328573	0.0017863817	0.00048650667	0.008831622	0.00026003987	0.0019220272	0.00039569286	0.00052750483	0.0014151899	0.0002653598	0.0050194683	0.0022573113	0.00057049457	0.00022896292	0.0006480013	0.0050738733	0.00045538126	0.00037338602	0.007801824	-27.97610092163086
s01e06b	450.0	5.0	0.8826128	0.8826128	0.10674246	0.012796313	0.0012177067	0.0034224014	0.26820087	0.0031476696	0.0036754154	0.00045694382	0.0033019858	0.0005904135	0.0034421498	0.0019123143	0.0020197807	0.0005744592	0.0011514829	0.0005678835	0.003229249	0.020646466	0.0027881225	0.0027881225	0.0015411496	0.0026123691	0.0018417703	0.0027167033	0.045458544	0.0045798235	0.0019528228	0.00057046086	0.000289844	0.00053193513	0.0020487644	0.00013877699	0.0003028755	0.00092141255	0.0006423665	0.00054759433	0.0018431154	0.00075135	0.00031299755	0.0018431154	0.00072794943	0.0049758935	0.0048954766	0.0006897634	0.0010453594	0.00037624277	0.002426876	0.000693616	0.0016666743	0.0074703423	0.00015166627	0.0010980938	0.00082308444	0.009360165	9.4196e-05	0.0006855838	0.0004850324	0.0011970585	0.0009499898	0.0002541891	0.0016619397	0.00072193384	0.0010238732	0.0052963225	0.0010416454	0.0056697866	0.0023498745	0.00020434376	0.0052963225	-24.628826141357425
s01e06b	455.0	5.0	0.86606324	0.86606324	0.036163587	0.07395408	0.0005962538	0.0016500972	0.0017527863	0.047819022	0.0018989887	0.010165502	0.0046546683	0.00090050034	0.015943741	0.0022040997	0.002274536	0.00071090914	0.0036198515	0.00015384336	0.00018742838	0.0019789105	0.0037193634	0.0018789709	0.0027820624	0.0012684767	0.0009815515	0.0024394337	0.01374806	0.0025220767	0.0011920717	0.0009523278	0.00026338568	0.00064079196	0.0010710898	0.00040425174	0.00012301229	0.004345884	0.0032293687	0.0026217639	0.0014854175	0.0028510874	0.0014600034	0.0028510874	0.0022602945	0.0043299682	0.008903049	0.0006580847	0.0009713601	0.0007391794	0.0040216646	0.0009404589	0.001621106	0.0058422177	0.0005827934	0.0050189253	0.00058418897	0.0023462153	0.0003280706	0.00085491437	0.00019646306	0.0009781106	0.0041027437	0.0005137635	0.0036801135	0.0017172758	0.0036992498	0.004113163	0.0009694795	0.0018029518	0.007857922	0.0068944744	0.014040828	-30.264442443847656
s01e06b	460.0	5.0	0.88665825	0.88665825	0.07481213	0.011956073	0.0007903483	0.00083781895	0.0010101362	0.004987776	0.0012374376	0.0009852049	0.00041550325	0.0005297061	0.016058829	0.0030804677	0.0017989042	3.27424e-05	0.0003351785	0.00014342868	0.0002550716	0.0017095706	0.0053815856	0.0019249977	0.004663119	0.003246459	0.0030800956	0.003246459	0.046798844	0.006228219	0.003785961	0.0007727554	0.00026435452	0.001069544	0.0060382085	0.0017161049	0.000373103	0.003557568	0.0013512372	0.0009187834	0.0013363715	0.0014766775	0.00042659117	0.0014766775	0.0021853528	0.006465569	0.0074495645	0.00029666704	0.00060954253	0.0009508772	0.0014446876	0.0013126619	0.0022923846	0.0066060736	0.0015216374	0.0013130776	0.0032877515	0.009500509	0.00038689113	0.016978847	0.008297191	0.0011561364	0.00078974146	0.00053272187	0.004643653	0.009600807	0.00327475	0.0005007619	0.005691803	0.061485726	0.0031200529	0.0008402298	0.03819273	-33.13331604003906
s01e06b	465.0	5.0	0.5655788	0.5655788	0.043888807	0.0109865125	0.0010081005	0.0036491547	0.3163785	0.00140836	0.012282111	0.0016668916	0.00047462824	0.0009795607	0.0035473949	0.0016009521	0.0026492279	0.003916851	0.002149473	0.00033662276	0.006809212	0.079412	0.0060660006	0.0047868663	0.0060660006	0.004644173	0.0020778943	0.004644173	0.038634762	0.0091945715	0.002928373	0.0011683634	0.00061139796	0.0018128805	0.003113787	0.00041497778	0.0003520939	0.000789445	0.0007709898	0.0006984616	0.0010519755	0.0011838474	0.00042981686	0.0011838474	0.00064006896	0.005433747	0.0046820845	0.000569849	0.0008849334	0.0003533975	0.0038479741	0.0012736389	0.0025788133	0.0049442216	0.00020617305	0.0022190392	0.0006176741	0.0037174148	0.00015900406	0.001431053	0.0016658287	0.00058110384	0.00040307868	0.0010827905	0.0034607663	0.0011517046	0.00129968	0.011088499	0.0018335355	0.0028101904	0.0010525285	0.00035948653	0.011887237	-26.662256240844727
s01e06b	470.0	5.0	0.6917623	0.6917623	0.034391407	0.002304737	0.00015424009	0.0007680763	0.0001479414	0.0007972882	0.0013090039	0.00044806866	0.00045663377	0.00025775097	0.0035652183	0.0036224874	0.0073151323	0.00015835134	0.0034060243	0.00024547547	0.00034826176	0.00096576056	0.018114278	0.0036060659	0.0034677198	0.0026166777	0.0025018882	0.0029945339	0.016624806	0.0068591377	0.002411488	0.00162963	0.00043347589	0.0017145436	0.0016070205	0.0019933623	0.00027265638	0.0711521	0.009842623	0.0711521	0.005318049	0.005434353	0.03206679	0.005434353	0.009342892	0.008315723	0.007862448	0.0007533816	0.0002729066	0.0004726868	0.0036587876	0.00416309	0.0016973296	0.0018496212	0.00085860933	0.0018433663	0.0008692647	0.0075306688	0.00014226219	0.0015519143	0.00076197693	0.0010660224	0.002385981	0.00017670907	0.05445689	0.0010571848	0.005797665	0.0005592558	0.0017689856	0.010727428	0.003657896	0.012935734	0.19604057	-43.938873291015625
s01e06b	475.0	5.0	0.6425712	0.6425712	0.016167771	0.020297498	0.0004326764	0.00022044066	0.00031894777	0.0027388078	0.0022403982	0.0037200963	0.0002314919	0.00015383074	0.0057925964	0.010538212	0.0021838644	0.00031161722	0.0035622974	0.00017220469	0.00032999727	0.0006105824	0.02158193	0.0054065487	0.003183688	0.0062921676	0.0024301002	0.008045554	0.0115109915	0.004025429	0.0010043608	0.0015272655	0.00023555048	0.0012045985	0.00096181844	0.00046647884	0.0001778304	0.029010354	0.0034916804	0.029010354	0.0010114941	0.001164215	0.008962703	0.001164215	0.018336436	0.002451781	0.0048044897	0.0003150498	0.00019254247	0.00022025683	0.002245093	0.0055955737	0.00064693415	0.0013987895	0.0007621465	0.0006156585	0.0008011349	0.001666165	0.00027656314	0.010366395	0.0009975786	0.0004918789	0.0015925673	0.0001958974	0.003939269	0.00076787174	0.003301247	0.00046938797	0.0010002132	0.030740762	0.000433746	0.02407642	0.069086455	-39.8726806640625
s01e06b	480.0	5.0	0.7155154	0.7155154	0.0047925147	0.0040111197	0.00041456817	0.0003356079	0.0007057007	0.00046519336	0.0013890099	0.004826752	0.00011361552	0.00027521956	0.0025975162	0.029581282	0.00079849863	0.00015427024	0.020144962	0.00012373108	0.00020920658	0.00041826227	0.012024899	0.003897008	0.002244134	0.008608057	0.002124944	0.008608057	0.007146567	0.0015056324	0.00107943	0.00046070054	0.00012719455	0.0004780495	0.0007645167	0.00054001494	8.390797e-05	0.0070045516	0.0050630164	0.005755808	0.0014304699	0.00087836164	0.0011264725	0.0014304699	0.05241422	0.0042172517	0.0076940595	0.00039136552	0.0005720644	0.0005086205	0.002793152	0.0071343435	0.0018088314	0.073607326	0.0007678461	0.014082092	0.004483589	0.00055019977	0.00036713234	0.0024550555	0.0017799075	0.00082530314	0.0017708661	0.00032551994	0.008083271	0.017735187	0.0015472105	0.00375194	0.011143162	0.022853699	0.025409691	0.00102764	0.06256657	-35.523399353027344
s01e06b	485.0	5.0	0.03535493	0.03535493	0.0009505022	0.0009558822	0.00039030556	0.00023621981	0.0002036855	0.0021217533	0.0019294682	0.00046927342	0.00012957954	0.00043957215	0.02977956	0.014221423	0.02084308	0.0001052325	0.0016416633	0.00015620666	0.00021949812	0.00040083454	0.047570027	0.016314572	0.014297517	0.007210071	0.004600886	0.019218741	0.032349184	0.01093773	0.0043703527	0.0024767017	0.0005160777	0.0020490375	0.0017596252	0.0011728046	0.00053787715	0.007947225	0.0017933933	0.00334641	0.000827928	0.0005906192	0.0011897954	0.000827928	0.0088437265	0.004138067	0.007639693	0.00033369177	0.00051090546	0.00067081035	0.0035465388	0.009161464	0.0014866401	0.004646497	0.00065526407	0.0018358374	0.0018588691	0.0016814987	0.00014457852	0.007660323	0.0020933244	0.0011369105	0.0007235828	0.00020733554	0.093794726	0.0016597536	0.0013910334	0.0005055047	0.0026438674	0.09176371	0.0025642079	0.012735322	0.093794726	-43.88003540039063
s01e06b	490.0	5.0	0.86766315	0.86766315	0.029086338	0.004383325	0.00060744834	0.0017457104	0.0015876249	0.016308138	0.0029295245	0.0015010722	0.0026133086	0.00043856804	0.004460111	0.001304211	0.0006347743	0.00032851505	0.00066622684	0.0001705287	5.5991666e-05	0.000530487	0.011402757	0.011402757	0.009722634	0.0035307102	0.00085970137	0.0035307102	0.056437604	0.025444938	0.015948486	0.006102653	0.0008656849	0.00479542	0.0009438499	0.0021053115	0.000345295	0.003189512	0.0007977057	0.003189512	0.00075825484	0.001010788	0.001541882	0.001010788	0.0008544449	0.0017580889	0.0027616194	0.00022353718	0.0001961718	0.00027657053	0.00091232633	0.00079213595	0.00059444964	0.00083246286	0.00032429482	0.00054281915	0.00020805123	0.0038328203	6.0421527e-05	0.01006305	0.00012970019	0.0005352099	0.00044854623	0.00016626628	0.0017742789	0.00046177578	0.0003850264	0.00087401114	0.00063173455	0.0008294643	0.0005274694	0.005310759	0.08285927	-31.575241088867188
s01e06b	495.0	5.0	0.35348848	0.35348848	0.024624333	0.00553332	0.00072794006	0.0027354287	0.21949	0.00076496205	0.0019605518	0.0018385148	0.0003420827	0.00036452158	0.0067099147	0.0040311795	0.00091075216	0.002945451	0.0017345084	0.0009521047	0.009483177	0.03786987	0.007688768	0.005928649	0.007688768	0.004312419	0.0011543329	0.004312419	0.07084495	0.008730305	0.0027945493	0.0008288457	0.0002991819	0.0008904723	0.0029824842	0.00029692822	0.00043400098	0.004555301	0.003580687	0.004555301	0.008197759	0.0058603855	0.0018352554	0.008197759	0.0021045383	0.015251099	0.006384212	0.0012604696	0.0007870046	0.0013631878	0.0069674067	0.0026519054	0.004424073	0.013661287	0.0001660847	0.001298839	0.0016128784	0.0014047754	0.00023713305	0.0036068868	0.00067682	0.0007894412	0.0002484844	0.0007736805	0.0064812894	0.0011466608	0.004902283	0.014637601	0.00069452584	0.033196554	0.0031630248	0.00014460747	0.017522251	-26.208250045776367
s01e06b	500.0	5.0	0.13381901	0.13381901	0.005721828	0.00090896635	0.0008917004	0.0013209337	0.12075027	0.0029568372	0.0143051585	0.00076364883	0.0004771945	0.00026858243	0.004711951	0.0019650448	0.0069578756	0.003131796	0.0010990305	0.00015387754	0.009372934	0.008979631	0.019874843	0.0014160824	0.0045772307	0.0016089673	0.002481736	0.0056682285	0.7266075	0.17829674	0.17829674	0.0013481682	0.00065985386	0.0014415426	0.009343996	0.0003643517	0.0015110307	0.002104386	0.0017501819	0.0012326081	0.0023310315	0.0033631248	0.0004628135	0.0033631248	0.00081528904	0.030442327	0.026183179	0.0008124417	0.0013302928	0.00021172156	0.0021046335	0.0032829281	0.0058291377	0.004682769	0.0002478361	0.0022825904	0.0007952391	0.0018351994	0.00016422523	0.0014494667	0.0013464617	0.00027779595	0.00032202608	0.0002455909	0.0055134716	0.002315124	0.0002861046	0.0016049112	0.0007892863	0.003983339	0.0006766156	0.00091605884	0.0060742223	-24.567989349365234
s01e06b	505.0	5.0	0.8039737	0.8039737	0.039187305	0.0021417057	9.772575e-05	0.0007761768	0.00027614317	0.0007045167	0.0036252404	0.0015247087	0.0009586959	0.00014732426	0.0011049813	0.0053074174	0.0011297996	0.00021112387	0.0003326772	0.0004579705	0.00025624136	0.0020191811	0.005853589	0.003924065	0.005853589	0.0006592507	0.0016643354	0.0016643354	0.7894954	0.097104564	0.06068606	0.0063786726	0.00094835646	0.0065364125	0.006182463	0.0016359977	0.0071686916	0.0048611457	0.0047247014	0.0018288472	0.0012810304	0.009785202	0.0013698536	0.009785202	0.00074086344	0.026503358	0.06998413	0.0053888494	0.0014975043	0.001163704	0.008323072	0.0035236927	0.002868852	0.0009848535	0.00040496897	0.002049885	0.0006214891	0.0054023787	0.00010535399	0.00029605784	0.00033533285	0.00112383	0.0011740879	0.00035023186	0.004134031	0.001019377	0.002145153	0.00083348475	0.0011449341	0.0039716605	0.0034275334	0.0014896018	0.009523844	-29.465579986572266
s01e06b	510.0	5.0	0.8893062	0.8893062	0.0358685	0.12279548	0.00076231465	0.0042982716	0.29670677	0.007637413	0.003653568	0.0086073	0.00067206234	0.00042411534	0.0027124404	0.002948392	0.0072208038	0.0039602383	0.002148841	0.00029803204	0.0014339287	0.056825966	0.0047763283	0.0017836229	0.0020023459	0.001224579	0.00127513	0.00127513	0.039655454	0.003967422	0.0022264842	0.00065345736	0.00031950438	0.00079895725	0.0014650116	0.0002477669	0.0005740326	0.00050001737	0.0004321756	0.0002641235	0.000589914	0.00053978106	0.00013305296	0.000589914	0.00064756087	0.0019668534	0.0044354075	0.00033265978	0.00074585126	0.0006577085	0.0018011522	0.00044671335	0.0009470063	0.0037266943	0.0015065107	0.0011231852	0.0003649562	0.0071091023	0.000247808	0.0148136495	0.00042247845	0.0005705131	0.002373614	0.00034755698	0.0016496636	0.00035229916	0.00063299236	0.00383246	0.00089562667	0.0034806514	0.004226535	0.00011745035	0.004226535	-25.943286895751957
s01e06b	515.0	5.0	0.81553125	0.81553125	0.28624275	0.16215958	0.0005709635	0.0029170562	0.0027619242	0.0029994664	0.0017464784	0.0022591806	0.0010805824	0.00024091445	0.0020389063	0.009242169	0.0012856139	0.00020630147	0.0011834342	0.00051122473	0.000526771	0.0064693284	0.008167799	0.0022203836	0.0012694527	0.002811062	0.0019452474	0.002811062	0.027465327	0.0030144106	0.0011784469	0.00055282365	0.00040750104	0.0004687396	0.0031204028	0.00056851417	0.0003330142	0.0040874546	0.0031561465	0.00206342	0.0012385879	0.002598957	0.0014588616	0.002598957	0.0013847372	0.0110131195	0.013192878	0.0006598627	0.000719558	0.00070304284	0.003622761	0.0010366203	0.0021233743	0.0026445778	0.0004690105	0.003097969	0.0011187291	0.030358559	0.0007339578	0.003483507	0.00083944714	0.0012605987	0.0108527215	0.00037433178	0.0027648546	0.0027351088	0.0060594603	0.0010589558	0.00071566127	0.006355622	0.0043529067	0.00069282524	0.01810478	-26.468963623046875
s01e06b	520.0	5.0	0.80856764	0.80856764	0.034128528	0.0035967797	0.0003306999	0.00396464	0.21465717	0.00028399544	0.0010138246	0.0033490018	9.270747e-05	0.00012803638	0.00091360684	0.001552122	0.0017488635	0.0025581452	0.0037360361	0.00047072678	0.00085759297	0.034856662	0.032851353	0.0009774673	0.00047252869	0.0037108634	0.0010620721	0.0037108634	0.012868035	0.0052087647	0.0035162386	0.0018833186	0.00041272136	0.002007054	0.0013781872	0.00017127552	0.00019201025	0.0017543555	0.0017543555	0.0015270676	0.00093385775	0.0013261826	0.001348282	0.0013261826	0.0008885218	0.0049875295	0.010704892	0.00067462336	0.00067001075	0.0003243069	0.00251081	0.003154185	0.010658865	0.009469688	0.000112446316	0.0022258318	0.0006944504	0.0048587243	8.1700964e-05	0.0007345109	0.004002142	0.00046139114	0.0007400301	8.6434506e-05	0.011008602	0.001702041	0.0013111882	0.009736601	0.001230043	0.0036529847	0.0041336617	0.0010373618	0.011008602	-25.80824851989746
s01e06b	525.0	5.0	0.8789909	0.8789909	0.0109678805	0.014323788	0.045185897	0.02830243	0.02963239	0.04768024	0.0012838348	0.09305016	0.0049129063	0.00042601186	0.0026002242	0.0055515543	0.0009741005	0.0006549082	0.0033878686	0.00023600686	0.0010250825	0.011392957	0.006065023	0.006065023	0.0007156705	0.0013778867	0.0015957215	0.0016474082	0.02410861	0.0023278908	0.00072794635	0.0002881256	0.00013822364	0.0002882685	0.0014770846	0.00019627191	0.00023879658	0.0012176064	0.0009851458	0.00071725796	0.0027339035	0.0012775856	0.00031526585	0.0027339035	0.0004414618	0.0026318592	0.00493799	0.00029132672	0.0006354564	0.00033638213	0.0013426514	0.003641607	0.00043988842	0.0071207345	0.00035889176	0.0026485287	0.000221879	0.001566771	0.0005936971	0.0009665539	0.00017702208	0.00064515043	0.0027850273	0.0002500146	0.001525822	0.00046412324	0.002295484	0.0025571173	0.00046285984	0.0022977872	0.0031253255	0.0007183658	0.023631053	-23.36400985717773
s01e06b	530.0	5.0	0.89915395	0.89915395	0.05095657	0.100602195	0.00034502483	0.006225887	0.19721153	0.0034505446	0.0029457062	0.0067754253	0.0002313692	0.0004882889	0.0019015988	0.001458643	0.003711683	0.0007772468	0.0024444715	0.0029999642	0.0029910752	0.053337175	0.038064457	0.0012707907	0.0013606688	0.003108933	0.00042925653	0.0032174264	0.020115348	0.0027415948	0.0022955548	0.0010158394	0.00048339475	0.00088587234	0.0011711903	0.00058045564	0.0011086098	0.001420411	0.0010380691	0.001420411	0.004502685	0.0014240104	0.00044967752	0.004502685	0.0008718519	0.005362103	0.0103157805	0.0009188325	0.00042315037	0.0012614562	0.0016625474	0.0016752908	0.004083314	0.0043493765	0.0003042412	0.0010241586	0.0013042061	0.010029011	0.0009151633	0.0011486078	0.00045101324	0.0016886138	0.0034298857	0.0005510768	0.0018127477	0.00052985584	0.00048556758	0.0013778848	0.00089562463	0.0047780313	0.0013867498	0.00027712615	0.0018127477	-25.27479553222656
s01e06b	535.0	5.0	0.8982596	0.8982596	0.21514189	0.013399328	0.00028183463	0.003040998	0.20255895	0.0012681041	0.000728614	0.0011811571	0.00096583134	0.00015809848	0.0011714548	0.0041302554	0.0034703112	0.0011967659	0.0025521175	0.0003722496	0.0020695105	0.008540211	0.0034914413	0.0012002948	0.0034914413	0.0009858242	0.0010189586	0.0014021851	0.013428091	0.0024485409	0.0017323203	0.00056039664	0.0002493799	0.00061478594	0.0013863385	0.00031918258	0.00027824816	0.0015275505	0.0015275505	0.0012579586	0.002173154	0.0018393175	0.00046905654	0.002173154	0.0011185794	0.006530764	0.026011413	0.0012610843	0.0007357134	0.00051629514	0.0023220023	0.0017941651	0.008276657	0.005063007	0.00025172142	0.007240454	0.0019755973	0.0026245983	0.00052358926	0.0023093962	0.0017969478	0.0007129255	0.001987886	0.00054642773	0.004492371	0.0012767488	0.0007921579	0.002384743	0.00096829096	0.0026348524	0.0033784069	0.0004269642	0.004492371	-28.88143920898437
s01e06b	540.0	5.0	0.7954283	0.7954283	0.034366332	0.0064777047	0.0006880406	0.0043910127	0.42517942	0.00044419974	0.0035266224	0.0016679919	0.00022625482	0.0006797023	0.00079644646	0.0039734566	0.002714353	0.0008660949	0.0018734577	0.0006069358	0.016459998	0.19145417	0.011057196	0.0051280186	0.0023987417	0.0081156185	0.0013966482	0.0081156185	0.057307754	0.0108232265	0.0064164065	0.0014557976	0.00064045464	0.002073211	0.0048584966	0.00051882246	0.0005855447	0.00058796984	0.000563958	0.00058796984	0.0027612913	0.0009928916	0.0004418329	0.0027612913	0.0005434075	0.0034782258	0.004422309	0.0010384085	0.00049235526	0.00078302535	0.0078085335	0.0007335704	0.0021932893	0.0044237683	0.000122011246	0.00034318614	0.0011312411	0.0035686537	0.00020311533	0.0005149784	0.0004959222	0.00061487325	0.00084793166	0.0006969373	0.0016350518	0.0008609691	0.0012074583	0.0028571642	0.00045640508	0.0017091369	0.002135963	0.00015515537	0.0077933134	-24.54052352905273
s01e06b	545.0	5.0	0.8209101	0.8209101	0.07089393	0.0053031123	0.002467916	0.0045936108	0.12867047	0.002753513	0.0031361699	0.009577109	0.00015593342	0.00033355498	0.0012000782	0.0036568919	0.0077294027	0.0005189023	0.021284461	0.00012442215	0.0062690172	0.2672247	0.0019475771	0.0019475771	0.00074818195	0.0009879472	0.00050343346	0.0009879472	0.050626606	0.013728613	0.006579273	0.00059787737	0.00022496739	0.00078224554	0.002032682	0.00022981546	0.0002483108	0.00045410809	0.00022303984	0.00025301424	0.0018606794	0.00043087243	5.213734e-05	0.0018606794	0.00061800354	0.0011354316	0.0010597435	0.00023090199	0.00025041896	0.00039954548	0.0005635147	0.0015435552	0.000588909	0.0044776504	0.00021539953	0.0030820114	0.00042480056	0.0038886226	0.0006122616	0.0051782606	0.0003751885	0.0010005854	0.0004838426	8.76234e-05	0.005118287	0.001934784	0.00048075666	0.009986342	0.0015695803	0.0037228335	0.008398105	0.0002436597	0.009986342	-25.637596130371094
s01e06b	550.0	5.0	0.76169044	0.76169044	0.063106924	0.009934153	0.0008978662	0.0033321558	0.37500796	0.0036096398	0.0018317543	0.00069826964	0.0005791318	0.0003903489	0.0023017598	0.002502575	0.0049032765	0.00145595	0.0016179465	0.00055268384	0.005056387	0.06164928	0.0070484974	0.0057073734	0.0032908907	0.053033832	0.004208516	0.053033832	0.088685125	0.009530144	0.003345504	0.000803804	0.00032644946	0.00088482595	0.0034100877	0.000401832	0.0005135412	0.0009818953	0.0009818953	0.00081523706	0.0024731124	0.002097486	0.0006555164	0.0024731124	0.0009104724	0.00766832	0.014889001	0.002153	0.0023484016	0.0011088083	0.009671815	0.0010587294	0.0034033936	0.004927759	0.0002132213	0.0013417202	0.0010683617	0.00707929	0.00070996664	0.002454521	0.000755676	0.0019226905	0.0013899575	0.0012972758	0.002233051	0.0021267605	0.0018025091	0.0031373627	0.0013290213	0.0023985512	0.0023634196	0.00015395443	0.0033763507	-23.95244407653809
s01e06b	555.0	5.0	0.9252662	0.9252662	0.07730531	0.10616316	0.0004725386	0.0006546735	0.0028106193	0.0035388393	0.0013831866	0.004171086	0.00020675162	0.00012800514	0.005834476	0.0019151306	0.0013788864	0.00014489774	0.0012099366	0.00048109403	0.00012001832	0.0015888899	0.0025027927	0.0015387082	0.0005748018	0.0012256019	0.0007116086	0.0049292557	0.01754148	0.0040772045	0.0023255267	0.00049229123	0.0003318005	0.0005171709	0.0013095657	0.00039948168	0.00016244402	0.00181563	0.00088792504	0.0012938441	0.0006117956	0.0005258825	0.0003349236	0.0006117956	0.0010852163	0.002989746	0.003486731	0.00013982982	0.00012624805	0.00033472537	0.00062860246	0.0007406171	0.0011016447	0.0027314706	0.0007785596	0.002019902	0.0013552391	0.010411458	0.0004653599	0.028517691	0.00065851636	0.00080074224	0.0078019532	0.00010314185	0.015570641	0.0022683796	0.00044614795	0.00030428878	0.0012140798	0.012754281	0.00069384737	0.0003394705	0.015570641	-28.23002815246582
s01e06b	560.0	5.0	0.76805294	0.76805294	0.08225142	0.007097413	0.00013570933	0.0028013398	0.30738944	0.00030696625	0.0019500888	0.00053440547	0.00014012025	0.00018413537	0.00044193506	0.001677705	0.0025627594	0.0006882885	0.003099719	0.00095775555	0.010069932	0.01837441	0.0037693405	0.0013472339	0.0012179787	0.007817649	0.00043417807	0.007817649	0.037339635	0.0073884097	0.0037367672	0.00083383155	0.00040461263	0.0008407816	0.005754763	0.0003948669	0.0004321099	0.0023924957	0.0020824813	0.0023924957	0.0037400583	0.002852351	0.0012940031	0.0037400583	0.0008787585	0.0117788585	0.011172551	0.00090815045	0.0008912307	0.00047570805	0.004104544	0.0015520059	0.007829797	0.0076783923	0.0002800721	0.0035261165	0.0017984041	0.0017653451	0.0001648278	0.00013915438	0.001493278	0.0013381591	0.00021755355	0.00022045308	0.004015271	0.0008367172	0.001124353	0.006087479	0.000761876	0.008772651	0.004515885	0.0002471921	0.008984082	-24.659992218017575
s01e06b	565.0	5.0	0.7632178	0.7632178	0.035078485	0.020289134	0.00027789024	0.0035499884	0.36942208	0.0010529576	0.0011255646	0.0012022806	0.00057929277	0.000542513	0.0022033972	0.0019224351	0.0026100208	0.00068404776	0.0031004322	0.0011725097	0.005757402	0.0084787505	0.042898152	0.0044742743	0.00064137485	0.007571546	0.0010924267	0.007571546	0.030017208	0.008276575	0.008191519	0.0014873233	0.0008373711	0.0014625068	0.0023435203	0.00027544898	0.00039644857	0.0014461578	0.001032061	0.0014461578	0.0026699111	0.0014634785	0.00055517507	0.0026699111	0.0014503987	0.0045677116	0.012003205	0.0009310516	0.0007297672	0.0007119763	0.002211053	0.0014718607	0.0063690664	0.0040649045	5.464865e-05	0.0012713136	0.0018024833	0.004437366	0.0005808442	0.0013825255	0.0009584329	0.0013452478	0.00064631447	0.000407714	0.00222655	0.00083654054	0.0016493449	0.0028857873	0.0011116152	0.0030397999	0.0013373054	4.983415e-05	0.0028857873	-24.34490203857422
s01e06b	570.0	5.0	0.78226566	0.78226566	0.17355436	0.079293	0.00013776375	0.0011830848	0.0017290612	0.0006997885	0.0008634967	0.0015325134	0.0017364754	0.00026377646	0.0030298824	0.0046264585	0.001547368	7.710919e-05	0.0006570669	0.00117065	0.00058072124	0.0022150783	0.0036528842	0.0030953372	0.0015881155	0.0022082564	0.0014855504	0.0022082564	0.021489885	0.0046142787	0.001335757	0.0005433133	0.00043686962	0.00046849952	0.001213547	0.00085633015	0.0001461693	0.003871373	0.0013040109	0.003871373	0.0010475452	0.0009385961	0.0012278273	0.0010475452	0.0013767632	0.005232821	0.0072988	0.00040495236	0.0003342082	0.00073158735	0.0015107746	0.00065615453	0.0020110358	0.0024928143	0.00019792588	0.0023542945	0.001019854	0.0053048655	0.0005067637	0.0018397052	0.0002896832	0.0020323812	0.0022597343	0.00034467553	0.0054485463	0.0016105965	0.00080149685	0.0009909369	0.0004769403	0.006806896	0.00090737245	0.00012499545	0.0068569486	-27.17647171020508
s01e06b	575.0	5.0	0.826164	0.826164	0.1328615	0.11918059	0.00019737746	0.002533761	0.0029506749	0.0018936961	0.002013014	0.0019591202	0.00094426767	0.00044166512	0.002874837	0.0041081537	0.0017724524	0.00020502039	0.00091293943	0.0014768793	0.0002339939	0.0017892376	0.008919786	0.008919786	0.0014110619	0.0026568486	0.0018582386	0.0026568486	0.43532115	0.023360368	0.00927284	0.0020269966	0.0015014346	0.0019195133	0.005683894	0.0015491799	0.0016196882	0.0030620773	0.001263853	0.0013896278	0.0005966432	0.001569327	0.00084093376	0.001569327	0.00054728024	0.0052765664	0.015274513	0.00036755225	0.0007024016	0.0034875416	0.0021289082	0.0008620851	0.0012667056	0.0023020282	0.0027005996	0.0014493985	0.000725185	0.040753696	0.00073994696	0.013122598	0.00071137334	0.0027355915	0.015900884	0.00029385262	0.0044442676	0.0014635246	0.0017490225	0.0019885218	0.0010034255	0.007225002	0.0021112594	0.00010719275	0.006962055	-26.84610748291016
s01e06b	580.0	5.0	0.9065917	0.9065917	0.2730094	0.0501631	0.0004500064	0.002637874	0.34492686	0.005502462	0.0013486139	0.0010142984	0.00016133967	0.0005531062	0.011806209	0.0017162748	0.0029220365	0.0013677913	0.0015758167	0.00030691273	0.0016263261	0.003899348	0.0031955875	0.001358612	0.0031955875	0.0051892693	0.00072540756	0.0051892693	0.0149642825	0.0040533463	0.0019226172	0.0009764931	0.00040688002	0.0007891276	0.0010956946	0.00026027774	0.00017635508	0.0014912005	0.00057494506	0.00055399153	0.0005695536	0.00047794566	0.00037382697	0.0005695536	0.0005904909	0.0023758735	0.0072326744	0.00046951574	0.00057226204	0.00035766963	0.0019881355	0.0015395964	0.005847235	0.0057715247	0.00020880901	0.0012277723	0.0012745217	0.0053382553	0.00026605063	0.002217162	0.001204595	0.0004969652	0.00081335113	0.00028013834	0.0011694023	0.0019670657	0.00069205085	0.001826687	0.0011222082	0.0016788817	0.0020236233	0.00025827912	0.0022736175	-30.074861526489254
s01e06b	585.0	5.0	0.89843225	0.89843225	0.039040655	0.045757458	0.00042924998	0.0027828366	0.3785287	0.0037542651	0.0010777079	0.0028222988	0.0014030574	6.571063e-05	0.0018617511	0.0018247224	0.010456187	0.0013132473	0.0007486484	0.00035667722	0.002183961	0.21404259	0.008445795	0.0022689698	0.0035984686	0.0003888538	0.0008396471	0.0008396471	0.042939007	0.0024114652	0.001200328	0.00049950957	0.0003917741	0.0006513107	0.00095866347	0.00039585796	0.0002508003	0.0005095425	0.00030081562	0.0005095425	0.00077703164	0.00039086145	0.00032094322	0.00077703164	0.000677756	0.003939398	0.0068378267	0.00051485427	0.0005061501	0.00025493713	0.0029187403	0.0011250778	0.0058444445	0.0069317087	0.0019446561	0.0017140516	0.0010470349	0.0045628813	0.0003515787	0.0039031415	0.0008317239	0.00050743896	0.0005176991	0.0003897387	0.0029527098	0.0012119891	0.0009917855	0.0029511857	0.016817369	0.0019214657	0.0068867216	0.00026039564	0.016817369	-25.88667297363281
s01e06b	590.0	5.0	0.8590465	0.8590465	0.097329766	0.14538492	0.001411467	0.0008551393	0.014884953	0.0070645544	0.00087721366	0.009289725	0.001258097	0.00079454604	0.00540376	0.0010776371	0.0049039023	0.0006591097	0.0017420581	0.0008516134	0.0002965545	0.0014609679	0.08591536	0.08591536	0.0011492803	0.0019997205	0.0039792354	0.0039792354	0.024632005	0.0047089243	0.0021401127	0.00051286764	0.0005612695	0.0005805602	0.0011226578	0.0007244597	0.00034582755	0.0016652024	0.0010805571	0.00073782465	0.00073216273	0.00077733677	0.0004344743	0.00077733677	0.00058096263	0.003262296	0.010119611	0.00033433596	0.0004962067	0.00036059847	0.002052835	0.0006336491	0.00084301777	0.00081616006	0.0010059347	0.0008929639	0.0006668237	0.016634092	0.0008476808	0.017071798	0.0007910882	0.0010240659	0.0475051	0.00015806155	0.0028170885	0.00067288685	0.00037563872	0.0009199003	0.0008234257	0.00402476	0.00066282094	0.00018360135	0.0038224712	-27.87848472595215
s01e06b	595.0	5.0	0.8187953	0.8187953	0.009124051	0.5432709	0.00046086765	0.0009522026	0.0032685443	0.00679412	0.0031036823	0.024825921	0.00018536249	0.00019822107	0.0014219588	0.0012158384	0.004276115	0.0003193899	0.0020667494	0.00068295735	0.00020402818	0.0010023161	0.004041715	0.004041715	0.000707615	0.0022365395	0.0014911154	0.0022365395	0.027355103	0.0042493744	0.0019152645	0.0006345332	0.00048290793	0.0005464676	0.0013444165	0.0009329599	0.0003912085	0.0016924057	0.0013619108	0.0012195841	0.0010161337	0.0010852173	0.00048442752	0.0010852173	0.0005865029	0.003769138	0.010105787	0.00027616447	0.00028105648	0.00073359767	0.0016177864	0.00057179184	0.0016271106	0.0007995833	0.001133609	0.0013037141	0.00072604767	0.007888774	0.003513359	0.027299903	9.801609e-05	0.00066600944	0.0033656128	0.00027034484	0.0041175676	0.000523755	0.00028673105	0.00025177855	0.0005562577	0.0046462193	0.00074227224	0.00034931055	0.004172255	-26.62904357910156
s01e06b	600.0	5.0	0.9197421	0.9197421	0.023457317	0.13701083	0.00033325524	0.0056820237	0.09139426	0.0065923883	0.006218625	0.020796172	0.00015436308	0.00018769216	0.0008065558	0.00081524596	0.002546764	0.0008519746	0.008988105	0.00055038393	0.001479244	0.007626759	0.0019002977	0.0011390841	0.00091037474	0.0005113939	0.0006316271	0.0016198825	0.019856738	0.0028617326	0.002695498	0.00040473414	0.00013288928	0.00030309128	0.0011298411	0.0001964818	0.00028203434	0.0006755502	0.00042636128	0.0006755502	0.0008491194	0.0006443847	0.00039305928	0.0008491194	0.0009089837	0.002670475	0.009543909	0.0002398174	0.0003640106	0.00028804154	0.002225962	0.00092303904	0.0030189208	0.015581306	0.0008405261	0.0039338805	0.00076842256	0.004709738	0.0019652636	0.005198622	0.00025934412	0.00082894205	0.00067652494	0.0004900168	0.0017310048	0.00089021696	0.0010215314	0.0057521686	0.0006450345	0.005522913	0.0018210704	0.00082434266	0.0057521686	-22.2044677734375
s01e06b	605.0	5.0	0.7447397	0.7447397	0.023108922	0.013970574	0.0008111715	0.0044992105	0.48749465	0.0019813823	0.0035725913	0.0034894974	0.00026287214	0.0003166889	0.0025772194	0.0013407277	0.001945069	0.006599599	0.0020709115	0.0016625759	0.005029955	0.07003435	0.0029548288	0.0024534853	0.0029548288	0.0034471338	0.0010973441	0.0034471338	0.05540398	0.0063446127	0.0022790919	0.000688077	0.00024575507	0.0009916627	0.0060804556	0.0009584558	0.000723081	0.0017119705	0.0017119705	0.0010652655	0.0027146006	0.002782085	0.00095285696	0.0029357974	0.001068494	0.0053125224	0.0076806303	0.0010807789	0.001507679	0.00076618255	0.008736505	0.0013234338	0.006536282	0.0073214616	0.0005573571	0.0011103927	0.0019106315	0.0015226319	0.00077439856	0.0030463662	0.00078873633	0.0010560357	0.00023435782	0.00076764025	0.002473063	0.0010659046	0.0068961135	0.008281582	0.0014668858	0.0039527086	0.0022257948	0.0003624145	0.008281582	-23.70903778076172
s01e06b	610.0	5.0	0.57665455	0.57665455	0.033679724	0.0040843925	0.00018109784	0.007527256	0.22980219	0.00095142	0.0022094692	0.0011918157	0.0003633288	0.00028852664	0.000635395	0.0052707633	0.001465604	0.0011236384	0.0020636595	0.0004916272	0.010974478	0.20655587	0.0045257867	0.003289549	0.0031431362	0.002166701	0.0008678304	0.002166701	0.057190772	0.0081677595	0.003194613	0.0005417381	0.00025146332	0.0007232071	0.006196281	0.0007269685	0.0005037342	0.0028122838	0.0028122838	0.0012550952	0.0018621288	0.0033828958	0.001014284	0.0033828958	0.0013402706	0.017331153	0.0074954224	0.001895135	0.0010294125	0.001233905	0.031199144	0.0017386525	0.0058068857	0.010367061	0.00016826997	0.0010178554	0.0018589727	0.0010693301	0.00012440803	0.00055798807	0.00035124834	0.0007745576	0.00026659732	0.0011595301	0.0030743058	0.0005505969	0.0041170884	0.007056167	0.00077162957	0.0021630486	0.0023079761	0.0003378934	0.009273532	-22.50228500366211
s01e06b	615.0	5.0	0.91821235	0.91821235	0.116264574	0.11980838	0.00045198333	0.0026637602	0.0637103	0.0017627873	0.0012245663	0.003992297	4.7125268e-05	5.389383e-05	0.0016911703	0.0061917165	0.0019185015	0.00021999804	0.00604087	0.00033005673	0.003050341	0.42547262	0.003895581	0.0032773598	0.0015171119	0.0016446844	0.0008698579	0.0020583656	0.016194886	0.00467434	0.0019294654	0.00039161448	0.00015727452	0.00034692237	0.0019610054	0.0003049995	0.00016008264	0.00080374314	0.0005770827	0.00040854252	0.0011252032	0.0007230534	0.00013544715	0.0011252032	0.00094518135	0.004096755	0.0024436403	0.0004141471	0.00020770279	0.0002829258	0.000821457	0.001573038	0.0011848345	0.00842159	0.00035317588	0.0044183047	0.0014275848	0.0034955747	0.0002926122	0.0026632054	0.00026152423	0.00051377475	0.0010524362	0.00011236367	0.0019604184	0.000949048	0.0005292496	0.002583073	0.0014374692	0.0049123843	0.009166725	0.0001253619	0.010397186	-28.500560760498047
s01e06b	620.0	5.0	0.8329527	0.8329527	0.036072947	0.2430002	0.0005129446	0.002931164	0.0014341049	0.0090551395	0.0032380803	0.064115286	0.00056466396	0.00020570669	0.004735151	0.008700191	0.0029849922	0.000787994	0.004412155	0.0008162534	0.00032872998	0.0028719695	0.009579312	0.007526928	0.0019128962	0.004438432	0.0052959127	0.0065479195	0.038693633	0.003041254	0.0012180512	0.0008396391	0.0004004011	0.0006339457	0.0018587799	0.0018312713	0.00095876446	0.0093028685	0.0055784755	0.0052337297	0.0035113133	0.0041409666	0.0020710947	0.0041409666	0.0051302034	0.010316238	0.020809492	0.0009858327	0.00045184247	0.00088218215	0.002844271	0.0048309043	0.0017383852	0.0069465414	0.0009224122	0.0050419564	0.001068942	0.003947026	0.001076753	0.018580785	0.00078674813	0.0011740918	0.0015131055	0.00031568992	0.012155744	0.0019801897	0.0025740038	0.0015942681	0.002910307	0.019757103	0.0025307212	0.0014287443	0.012155744	-32.01393508911133
s01e06b	625.0	5.0	0.8501659	0.8501659	0.02428403	0.1828722	0.0002759734	0.0025659623	0.45827287	0.002763611	0.002530495	0.018209435	0.0001167892	0.00035380217	0.00889141	0.0020255223	0.005278291	0.0051946687	0.004666489	0.0009419234	0.006115285	0.03575745	0.013996773	0.0018454423	0.0024628362	0.00081563066	0.00028154807	0.00081563066	0.020816116	0.0023472928	0.001250768	0.0006213659	0.00049395143	0.00072485406	0.0011320744	0.00048304975	0.000522241	0.0010667762	0.0004907292	0.0010667762	0.0022004095	0.0006768394	0.0002931251	0.0022004095	0.00037525556	0.0013514252	0.006871144	0.00042683585	0.0011776015	0.00042560554	0.004863211	0.0015557767	0.00888511	0.0027159178	0.0003167961	0.0015017927	0.00088655046	0.005553787	0.00079837797	0.0005925498	0.0005513626	0.0032494585	0.0014547796	0.00048603019	0.003211309	0.0008074974	0.0009777639	0.0030116288	0.0010628718	0.0023923363	0.0018316783	0.0001309204	0.003211309	-25.32425880432129
s01e06b	630.0	5.0	0.8668741	0.8668741	0.014143242	0.24625286	0.00033838872	0.0008882664	0.09372145	0.0026200921	0.0033557871	0.04198865	9.126795e-05	0.00013353405	0.0025581634	0.0021022323	0.004138014	0.0028184499	0.004180733	0.0005008078	0.00069121143	0.006650383	0.002470124	0.0014470041	0.0016961697	0.0032396722	0.0018956492	0.0032396722	0.061848864	0.005625481	0.0023853986	0.0010798959	0.0003631214	0.00079563324	0.001666679	0.00094258046	0.0011965785	0.0045309067	0.0010810904	0.0045309067	0.0014053321	0.0012894818	0.0024896197	0.0014053321	0.0012801515	0.004596239	0.01650101	0.000682988	0.00083590625	0.0003652286	0.005551583	0.0011960405	0.0057130293	0.0052975714	0.00072313676	0.0018852727	0.0009439376	0.006696929	0.0011386231	0.004867085	0.00051398884	0.00094650785	0.0005430096	0.00059032516	0.0036423686	0.00056821754	0.00063272216	0.0009211207	0.0012420234	0.007142485	0.0007413208	0.00026417867	0.0036423686	-28.596057891845703
s01e06b	635.0	5.0	0.77856064	0.77856064	0.013104869	0.03496238	0.00028293685	0.00065321266	0.10566966	0.0003917859	0.0021181158	0.014881149	0.0004899589	5.4078548e-05	0.001199241	0.002373543	0.0025072026	0.0031901654	0.006201201	0.0002238202	0.0014875428	0.005927958	0.003674085	0.003674085	0.00093432405	0.0007846376	0.00037972795	0.0007846376	0.026583882	0.0039539873	0.0017911104	0.00095637597	0.0005866175	0.00063008524	0.0013939316	0.0002389813	0.00024723736	0.00032728276	0.00019170492	0.00028081326	0.00041238396	0.0003307532	7.203117e-05	0.00041238396	0.0010003548	0.0011526693	0.020671329	0.00042250604	0.0009732661	0.00014340105	0.008550448	0.00093089236	0.02487356	0.021753402	0.00038593332	0.006393535	0.002615411	0.0061916523	0.0041875932	0.019777417	0.0021682582	0.0006869825	0.00638247	0.00023378427	0.008459759	0.005122062	0.00034888953	0.0032906514	0.0027019868	0.0033618384	0.00868719	0.00026043935	0.018789748	-25.087406158447266
s01e06b	640.0	5.0	0.8211114	0.8211114	0.034092102	0.016083516	0.00062453846	0.0054545626	0.17608286	0.0018153206	0.0020351212	0.0122268	0.00016208059	0.00044924841	0.00093665003	0.0027375068	0.002096622	0.0012831875	0.004381361	0.0006408344	0.0023678895	0.18666713	0.0059559513	0.002889041	0.0014715923	0.002183558	0.0009565153	0.002183558	0.026088713	0.00455224	0.003162096	0.00063758483	0.00035403683	0.00096676865	0.0029440832	0.001156852	0.0006104739	0.0008464314	0.0008464314	0.00069323834	0.0017010786	0.0010074957	0.00036243696	0.0017010786	0.00072904665	0.004257256	0.01009073	0.0007279772	0.0014630411	0.00044700297	0.0026908976	0.0026729144	0.0028575188	0.0078060105	0.00028437178	0.0009168058	0.00082100596	0.0014027661	0.00020647424	0.00064076536	0.0009433694	0.0010154069	0.000989475	0.0006213668	0.0029504672	0.00057156326	0.003809178	0.00485152	0.00080769596	0.0023938448	0.0037210844	0.00013608902	0.00842067	-25.64340209960937
s01e06b	645.0	5.0	0.7141637	0.7141637	0.025639335	0.0038956478	0.0003495214	0.002571932	0.10214642	0.0010508762	0.017781157	0.0025456934	0.0008394447	0.00014572898	0.0012074164	0.00279653	0.00058963493	0.0012772153	0.0018165369	0.0011036074	0.0059003807	0.008825955	0.0041174404	0.0014085376	0.0013593134	0.004708985	0.0007424477	0.004708985	0.6877703	0.14121817	0.05596574	0.0054186312	0.0028220438	0.004723585	0.03640546	0.0007539076	0.0026604342	0.002169348	0.002169348	0.0011935482	0.008963867	0.007677614	0.00043215582	0.008963867	0.00035885393	0.012692186	0.023108013	0.0016162313	0.0042460947	0.0014170483	0.008791201	0.00071357255	0.005119093	0.0016654078	0.00021478224	0.0010057555	0.00033923337	0.004783937	0.0013884002	0.00036300163	0.00026203413	0.0045238235	0.00020375777	0.00034643387	0.00052160816	0.00037405035	0.00053595216	0.0022580535	0.00029429814	0.0032593668	0.0016311078	0.00040621107	0.004156905	-21.80716323852539
s01e06b	650.0	5.0	0.013012311	0.013012311	0.0002117246	0.00029103245	0.00026304388	0.00016698921	0.00014335346	0.0001659541	0.016730225	0.0005483778	7.000208e-05	0.00016061503	0.0013773305	0.00038625428	0.0002421003	0.00016147866	0.00010811078	0.00026067285	0.000118950054	0.00015393653	0.0035925373	0.0035925373	0.0032932095	0.0013053356	0.001570825	0.0017590859	0.8457305	0.30107698	0.25920978	0.010832082	0.0023917002	0.0070710424	0.013691693	0.0066687255	0.018568572	0.00087699847	0.0006315329	0.00087699847	0.0015116372	0.0012094151	0.0005375855	0.0015116372	0.00019047089	0.0032022172	0.0037666126	0.00023684565	0.00050713046	0.00020054415	0.0018814416	0.0012271351	0.00080940337	0.00068612664	0.0003137576	0.000500983	0.0006294334	0.00064992916	0.00039338955	0.00023816651	0.0007027578	0.00027541746	0.0006544602	0.00041160866	0.0009740847	0.0012902386	0.0004976782	0.00037662283	0.0014840191	0.0023209422	0.001413272	0.0010970107	0.004955483	-22.936351776123047
s01e06b	655.0	5.0	0.46513456	0.46513456	0.004879079	0.008799785	0.0010582261	0.000411102	0.00040360697	0.030644841	0.09395145	0.00869114	0.0025642102	0.00025196682	0.007205438	0.0018047291	0.0030145352	0.00045269568	0.00018562957	0.0006859534	0.0002529291	0.0011172902	0.0122894775	0.0122894775	0.0073140734	0.0022173875	0.0013985916	0.0061059888	0.5287101	0.2301114	0.07969436	0.042309154	0.0032272835	0.029075602	0.004480151	0.0019417375	0.0030938557	0.0020148742	0.0013724366	0.0011220917	0.0010594659	0.0013524204	0.0009427089	0.0013524204	0.0010798676	0.0031955452	0.006033305	0.0009935636	0.0040941	0.00030162057	0.0030677656	0.0032444291	0.0004610287	0.00037016984	0.0008634885	0.00057566894	0.0008872531	0.0012696486	3.672318e-05	0.00028671764	0.00016412974	0.025680352	0.0020013398	0.00019329756	0.0013515332	0.00011564113	0.0004858611	0.0013985443	0.0003143879	0.0009015421	0.0017533128	0.008739322	0.0041217464	-35.40451431274414
s01e06b	660.0	5.0	0.8703068	0.8703068	0.010997782	0.14132532	0.00035978996	0.0021898001	0.311688	0.00087287265	0.0033065006	0.010675854	0.00033275146	0.00030529304	0.0014476451	0.00087380264	0.004596123	0.0037702678	0.0011791999	0.00070233166	0.000869635	0.013479818	0.0052061784	0.003268734	0.0010209949	0.0042456533	0.00084898266	0.0042456533	0.07616386	0.0070186052	0.0030564957	0.0011524926	0.00056920486	0.0014838631	0.0023848496	0.0004528359	0.0008293003	0.0005103124	0.00032557952	0.0004918681	0.0012224365	0.00049917545	0.00019616171	0.0012224365	0.0003101412	0.0012644111	0.0033112895	0.00028824346	0.00045424709	0.00076352945	0.0026765612	0.0004936953	0.0021718554	0.002624255	0.0015059155	0.0013535318	0.00043671348	0.005907419	0.0009715432	0.0049218754	0.00053390197	0.0005155017	0.0009911441	0.0002085591	0.00175312	0.00051677617	0.00023798808	0.001624278	0.0010157301	0.0012612117	0.004852727	0.0001352324	0.004852727	-26.495759963989254
s01e06b	665.0	5.0	0.85620713	0.85620713	0.08833941	0.10707863	0.00025198556	0.0037435011	0.02836682	0.0069913566	0.002984595	0.0045569357	0.002734855	0.00036472458	0.009086274	0.0077796234	0.005259283	0.003146196	0.0017001623	0.00064488914	0.0011882365	0.012515621	0.006054683	0.006054683	0.001476518	0.002194168	0.0020185614	0.002194168	0.02548263	0.0050741117	0.0018316845	0.0012934228	0.00042333856	0.00094068033	0.0021122652	0.00033157878	0.000422221	0.0013741427	0.00075250294	0.0006253416	0.0009811354	0.000881536	0.0002194795	0.0009811354	0.0006899527	0.0021873887	0.005415343	0.00048369917	0.00073110295	0.00082678767	0.0023233304	0.0007112961	0.0010693892	0.006322113	0.0004971682	0.003969424	0.000497806	0.0028151497	0.00022430299	0.011538397	0.00039852946	0.00084022013	0.0016309842	0.0002488412	0.0031414574	0.0007630559	0.001200822	0.0046926206	0.001805517	0.0035179697	0.004881513	0.00060062425	0.0076292823	-28.414552688598636
s01e06b	670.0	5.0	0.90166104	0.90166104	0.044948373	0.21138717	0.00044861424	0.001963762	0.006234272	0.041261043	0.0026606482	0.010674138	0.0039182315	0.00027265068	0.013124371	0.0013515834	0.0040837214	0.001136391	0.0008854876	0.00026103796	0.00019270998	0.00075246743	0.0037881306	0.0037881306	0.00074367767	0.0012226187	0.0014471683	0.0015545929	0.018141523	0.0021480578	0.0006955545	0.00076708774	0.0003329869	0.0005338597	0.0013743403	0.0007856034	0.00029971404	0.0014507889	0.0006581446	0.0007266807	0.00084202347	0.0004993513	0.00030478876	0.00084202347	0.00077185687	0.0012139769	0.007364442	0.0001731321	0.0004396463	0.0006067716	0.0027977587	0.0007856034	0.0010447417	0.0011537563	0.0011088718	0.0010265685	0.0003009803	0.0024203002	0.00096910825	0.0028094621	0.0004685288	0.0019505862	0.002732518	0.00024517725	0.001429352	0.0007067426	0.00031915796	0.00045585269	0.0006518019	0.0048213727	0.002197941	0.001703106	0.0051392918	-27.376882553100582
s01e06b	675.0	5.0	0.9073401	0.9073401	0.013481916	0.06332909	0.0018180842	0.0030335432	0.30824852	0.0022478332	0.0018811891	0.005322548	0.0009899522	0.0006392624	0.002311565	0.0007823484	0.0025320132	0.001304565	0.00095344	0.00077523774	0.0010365829	0.009504818	0.00782358	0.0019034423	0.0013318177	0.0009026423	0.0010271574	0.0018030393	0.06672925	0.0049762926	0.002575608	0.0009938722	0.000315513	0.0010368613	0.0026054715	0.00055311545	0.00066913327	0.0012219452	0.0006656687	0.0012219452	0.0018895601	0.00089076976	0.00039520298	0.0018895601	0.000813774	0.0025797212	0.0045095677	0.000325144	0.0010720484	0.0006262688	0.0014974737	0.00045747528	0.0026006212	0.0038103503	0.0012792179	0.0006148202	0.0005228982	0.006863144	0.00083244225	0.006090056	0.00046260777	0.0009735336	0.002258319	0.00037562457	0.0021022642	0.00072545285	0.0008100457	0.0015913942	0.001200044	0.0021648244	0.0020483853	0.00023596094	0.0021022642	-27.152416229248047
s01e06b	680.0	5.0	0.8579612	0.8579612	0.071584925	0.057689514	0.000253495	0.0013883779	0.123172715	0.002707747	0.003958982	0.0048945267	0.0064385054	0.00018265583	0.0024971555	0.0035483406	0.005585241	0.0010158418	0.00220668	0.0005314471	0.0033884144	0.006296426	0.0051498394	0.0029411635	0.0008729916	0.0007811766	0.0008728664	0.0008728664	0.041406594	0.008075509	0.004567553	0.0010646522	0.00045902363	0.00064322626	0.003237514	0.00031787134	0.0005212533	0.0006816205	0.00047356286	0.0006816205	0.00076669274	0.00090220553	0.00031560173	0.00090220553	0.00091000705	0.0037205596	0.015887996	0.00090723543	0.0009144006	0.00046037478	0.0069124415	0.0004574343	0.009250385	0.008294293	0.0006496121	0.0021936963	0.00077552255	0.013454509	0.0016286573	0.0076265824	0.00068694644	0.0011126773	0.005205023	0.00029314356	0.0037649774	0.0012958292	0.00047336295	0.0016128502	0.001406525	0.0019438659	0.0025915056	0.0008893992	0.0037649774	-23.522483825683597
s01e06b	685.0	5.0	0.656015	0.656015	0.009941101	0.006108061	0.00071611634	0.00068369845	0.023721807	0.00071586116	0.038871363	0.005192574	0.00024392841	0.0002127518	0.0018945173	0.0039224173	0.0034340154	0.00043709457	0.0017623638	0.00031433126	0.001636353	0.0019404738	0.05402268	0.0024866161	0.0017919266	0.0051454515	0.0009857325	0.0075008697	0.76693916	0.19712223	0.1829749	0.0026143354	0.0008539911	0.0017086163	0.004434409	0.0009702649	0.004537193	0.0068192417	0.0012244455	0.006076203	0.003876967	0.0018845809	0.0013988554	0.003876967	0.0019635444	0.0101420665	0.0016000752	0.00023666777	0.00024213771	8.25476e-05	0.0006004826	0.007086604	0.00084877235	0.0036568674	0.00090819673	0.0036526585	0.0022781098	0.0047964393	0.00018792818	0.00092058774	0.0015936246	0.0003246357	0.0012247168	0.00013018293	0.0039749197	0.00043750324	0.00030044158	0.00087751	0.0034056667	0.005163582	0.004434224	9.288737e-05	0.004434224	-27.15710830688477
s01e06b	690.0	5.0	0.6697774	0.6697774	0.07968207	0.011972329	0.0023750882	0.004403141	0.05104131	0.0038143524	0.070529565	0.0011336943	0.001873579	0.0002927386	0.001307639	0.0016581157	0.0005190258	0.00046270524	0.0007908824	0.0009884584	0.00034660994	0.0021481684	0.025144542	0.0035960297	0.0035356595	0.004724146	0.002447707	0.010565837	0.05636837	0.008321715	0.0031705783	0.00035899627	0.000261509	0.00029430684	0.0016767036	0.00058453454	0.0011450644	0.0012910523	0.0007167411	0.0008722146	0.0015073073	0.00040624515	0.0003820768	0.0015073073	0.0012873404	0.0047898022	0.008125258	0.00022075069	0.00019943246	0.000110108784	0.0009695829	0.0010343564	0.003139872	0.0029118904	0.00033487572	0.00063226523	0.0014768103	0.036557723	0.00015892932	0.0018600302	0.0015145498	0.0010410175	0.0045968783	0.0001410729	0.0018662546	0.0011984851	0.00039450228	0.0019922669	0.00041125488	0.0014910415	0.0010880262	0.0016328823	0.005541076	-23.970291137695312
s01e06b	695.0	5.0	0.54965144	0.54965144	0.035024993	0.06974615	0.00014338204	0.041956317	0.052566644	0.0014470594	0.106720254	0.009034173	0.001413797	0.0004661095	0.00068029657	0.0044686687	0.00078635314	0.00065685186	0.011973576	0.0023617956	0.024002496	0.082070425	0.009478158	0.0011064358	0.0015502586	0.0016840292	0.0011443666	0.0016840292	0.083860286	0.008906424	0.004691195	0.0005891903	0.00027162267	0.00046958466	0.00446379	0.0021387099	0.001876606	0.0028592707	0.0028098298	0.0012108646	0.002002119	0.0035214552	0.000869056	0.0035214552	0.0019858389	0.009059989	0.007107948	0.0012074808	0.0007908541	0.0019387642	0.008692241	0.0016006412	0.0019825292	0.004924475	0.0005262034	0.0019701659	0.0008989791	0.0044764117	0.00067120045	0.002897004	0.00031754724	0.0012251636	0.00045366745	0.000895847	0.0025222686	0.00086959807	0.003083415	0.004542354	0.0019082896	0.0049547357	0.0018538949	0.0010052052	0.004542354	-23.145082473754883
s01e06b	700.0	5.0	0.7737802	0.7737802	0.16745068	0.0060669947	0.0010287743	0.020828696	0.029937971	0.008558375	0.06706964	0.0025836232	0.0009186727	0.000754456	0.00016900708	0.007536359	0.000520087	7.859992e-05	0.0020559407	0.00030891714	0.0057039056	0.13879873	0.00418114	0.0012429458	0.0006184608	0.00095181714	0.00053259113	0.0026853497	0.043433502	0.007803872	0.0036138182	0.00030310196	0.00017666747	0.00037870163	0.0020681205	0.00049152575	0.0006684204	0.0019234144	0.0018434497	0.0005500488	0.0036866898	0.003032254	0.00066182925	0.0036866898	0.00053273735	0.015557518	0.009398591	0.0013533192	0.0012707326	0.00061772857	0.0071099815	0.0014426791	0.0007570509	0.0032137702	0.00058005	0.00047536267	0.00055974536	0.001397575	4.1260337e-05	0.00013191148	0.00012402367	0.00095318526	0.00081778475	0.0004757942	0.00084630196	0.00014695484	0.0017882617	0.00445558	0.00053786515	0.0030403433	0.0011386707	0.0007985028	0.00445558	-23.411151885986328
s01e06b	705.0	5.0	0.3452402	0.3452402	0.13233535	0.003274151	0.0001955999	0.025672698	0.012293222	0.002993502	0.122857	0.0009166936	0.0009955743	0.00084145676	0.0028706235	0.003182561	0.00046850913	8.337836e-05	0.0010683439	0.00069016713	0.004122324	0.07366037	0.0064586075	0.000779349	0.0007879396	0.0015336229	0.00085986155	0.004093391	0.095892414	0.010741225	0.00428913	0.00019481184	0.00022782662	0.00042319112	0.005169742	0.002426472	0.0015100138	0.0010249927	0.0010249927	0.00035754216	0.00075806334	0.0009722724	0.00021261511	0.0009722724	0.0007608367	0.0050023748	0.0039742417	0.0004728806	0.0003356156	0.00041210395	0.0061004763	0.00087060337	0.0012349631	0.0018675429	0.00016652014	0.0010622947	0.0009389445	0.0030481583	4.9553746e-05	0.00023020669	0.00045748008	0.00060635596	0.00077431154	0.00040739967	0.0024769527	0.00031808598	0.0008452817	0.002336555	0.0013534043	0.00101346	0.0012099434	0.00041854105	0.0027978441	-22.715208053588867
s01e06b	710.0	5.0	0.49923924	0.49923924	0.03730368	0.0074393186	0.00042413958	0.07719343	0.0010594703	0.0011239264	0.10088085	0.004008977	0.00038196752	0.0005508127	0.00073034427	0.013015472	0.0005410258	7.959024e-05	0.0017786295	0.0005129669	0.014535082	0.18134674	0.008580373	0.002973398	0.0007296757	0.0016079826	0.0007778036	0.0016452342	0.23763727	0.012070617	0.00411015	0.0004985048	0.0005110306	0.00084441464	0.0029558067	0.008472487	0.003627282	0.0015956152	0.0015956152	0.00055120443	0.0016989795	0.001002522	0.00022555071	0.0016989795	0.0018354573	0.007025833	0.0049479813	0.00029027098	0.000252824	0.0002514674	0.001751632	0.0022577238	0.0009854002	0.0024356283	0.00010375572	0.0009146312	0.0008028911	0.0024266911	5.3085e-05	0.00019963298	0.00044144876	0.0013477317	0.00047865257	0.00021737647	0.0023994343	0.00024094798	0.0012583594	0.0011133426	0.001661859	0.0020718123	0.0014665044	0.00047371254	0.0041620326	-21.98123550415039
s01e06b	715.0	5.0	0.5597588	0.5597588	0.08975336	0.003240365	0.0010924907	0.024697667	0.12463465	0.016403755	0.038004912	0.0038970804	0.0018605235	0.00054586737	0.00064771116	0.0029622612	0.0007368655	0.00015267164	0.000804394	9.497981e-05	0.014791465	0.25592488	0.0036727462	0.0012179747	0.00072648545	0.0010402274	0.00045188426	0.001719445	0.043541502	0.006375875	0.0022627865	0.00034179306	0.00018566001	0.00040645397	0.004297314	0.00077108346	0.0008420178	0.0006559226	0.00063683605	0.0003155476	0.0017942394	0.0011350272	0.00024138857	0.0017942394	0.00041150826	0.004127307	0.001923225	0.0005455324	0.00058936526	0.0006157641	0.0043904893	0.0007026041	0.0005326127	0.002602997	0.0014363258	0.00048874103	0.00047486942	0.0015768732	5.559438e-05	0.000111867725	0.00025456748	0.0003767388	0.00058503455	0.00027561342	0.0010767801	0.0002273926	0.0009510656	0.0040500583	0.00088345737	0.0052522053	0.0012308172	0.00068878266	0.0040500583	-22.75497817993164
s01e06b	720.0	5.0	0.03177053	0.03177053	0.006711936	0.0016774662	0.00028615483	0.0004531933	0.0009851571	0.0020245702	0.0065953643	0.00047770859	0.014665295	0.00014527196	0.0035664786	0.0017821996	0.00242187	0.0009468713	0.0050887614	0.0002237886	0.0035060646	0.002527008	0.0022636887	0.0007856753	0.001906221	0.0006024173	0.00069265324	0.002825712	0.07595059	0.017475424	0.007912242	0.0005067883	0.00020596499	0.0006232728	0.007591953	0.0009091903	0.0007769654	0.00083845184	0.0007094297	0.00068763876	0.00065055606	0.00041427565	0.0003507678	0.00065055606	0.001459594	0.0009507332	0.00513292	0.00011185386	0.0015879038	0.00052819814	0.00080865785	0.00035438227	0.0022113118	0.054336265	0.00091206917	0.006351374	0.027408943	0.0074828714	0.00083069905	0.0009478195	1.5839663e-05	0.0011060792	0.00082416437	0.0035829027	0.007629246	0.006000011	0.0075573307	0.020412568	0.009087935	0.0041128113	0.0059754	0.04176567	0.047807906	-45.41389846801758
