episode_id	onset	duration	talking	speech	man_speaking	woman_speaking	baby	shout	laughter	cry	singing	kids	groan	whistling	breathing	walking	mouth_sounds	fart	hands	heartbeat	cheering	crowd	mammal	dog_bark	cat	rooster	duck	bird	music	musical_instrument	guitar	piano	organ	electronic_instrument	percussion	bell	ambient_music	weather	wind	rain	river	wave	thunder	river_sea	fire	boat	car	traffic	car_honk	emergency_vehicle	train	cycling	engine	door	doorbell	knock	dishes	radio_tv	dryer_vacuum	zipper	keys	alarm	telephone	whistle	mechanisms	tools	boom	bang	glass	water	beep	silence	sudden_noise	db
s01e10a	0.0	5.0	0.015554976	0.015554976	0.00028401602	0.000189847	0.00010912113	0.0006702081	0.00011475685	0.003863048	0.018108737	0.0004103933	0.0012099262	0.00023113593	0.000663323	0.0006674481	0.00031733993	0.0002543227	0.0006569924	0.0005576935	0.0008032229	0.00040224186	0.0010692705	0.0009954158	0.0007116493	0.00071842846	0.00077025534	0.0019579597	0.6431752	0.03893535	0.02247495	0.0025261154	0.0013538554	0.0019331715	0.042689838	0.07805853	0.012160647	0.001678089	0.0014629769	0.001678089	0.0012113693	0.00133811	0.0013567377	0.00133811	0.00070106983	0.002804796	0.014120422	0.00080390356	0.0010843782	0.0008461379	0.0064927037	0.009266743	0.0024054078	0.00075707614	0.0038371524	0.0012182322	0.0011346596	0.0005888431	0.0006014311	0.00021447896	0.0014608866	0.0007030127	0.0025461633	0.00053013366	0.0030717945	0.0026643532	0.00089806307	0.0017681884	0.005146474	0.0037005735	0.0052594403	0.050630294	0.020630367	-19.95745086669922
s01e10a	5.0	5.0	0.7726397	0.7726397	0.002737158	0.05902509	0.0012213786	0.0052133086	0.006049881	0.0029243394	0.027951991	0.20153052	0.00020050247	0.00018854308	0.0011003311	0.0019694946	0.000508118	0.0004688652	0.004748191	0.00027489592	0.0008568937	0.0009133693	0.010170224	0.002296406	0.0013197736	0.00093586365	0.0022108867	0.0022108867	0.82660234	0.035233952	0.01860944	0.0029931022	0.0005523536	0.0020134584	0.018535806	0.010623498	0.0046332176	0.001457367	0.00038066614	0.001457367	0.0036579482	0.0011324853	0.00031290445	0.0036579482	0.0005735969	0.0023437298	0.0060850387	0.00018893126	0.0002066306	0.00040442232	0.000978791	0.013461992	0.0014719316	0.0021914262	0.001564984	0.004643208	0.0022232218	0.00560877	0.0021244818	0.0032735302	0.001416079	0.0013884446	0.00070035964	7.3604046e-05	0.0054974984	0.0007607297	0.0012061145	0.0030029023	0.00530597	0.0103402715	0.003814929	0.0007444442	0.012429122	-20.176124572753903
s01e10a	10.0	5.0	0.8572409	0.8572409	0.041188475	0.10876426	0.01155895	0.0030827937	0.006568	0.013686896	0.0065798773	0.1534545	0.0014429985	0.0002718398	0.0028659482	0.0022383046	0.011374999	0.0015268291	0.0029836101	0.00064891076	0.00018696323	0.01183176	0.026426673	0.026426673	0.0016240228	0.0016683913	0.0031098349	0.0031098349	0.028602624	0.0018434619	0.0007913849	0.0006638375	0.00043859315	0.0005784489	0.0007529078	0.0005601248	0.00065000635	0.013442817	0.013442817	0.009142944	0.0077330465	0.014706791	0.0053309505	0.014706791	0.0023454286	0.012623749	0.034220133	0.0050711995	0.001245428	0.0013256914	0.0039625787	0.0047623655	0.0015092202	0.0019967603	0.0007615958	0.0007456622	0.00049878925	0.0018509526	0.0004078065	0.0018676912	0.0002697182	0.0014632354	0.0031200114	0.00042455317	0.0044915094	0.0005901893	0.006928014	0.0009464605	0.000615001	0.0039204056	0.001929978	0.0013331274	0.006928014	-25.403438568115234
s01e10a	15.0	5.0	0.7862975	0.7862975	0.017591743	0.031740833	0.114923306	0.0013685465	0.008920877	0.02384555	0.0029918998	0.026198516	0.005998143	0.0006297088	0.03796238	0.003654889	0.005980319	0.0020785548	0.0006092367	0.00011263916	0.000111097535	0.0021155595	0.013470012	0.006765549	0.0025909203	0.0010478621	0.005027185	0.017709702	0.023916326	0.0023915924	0.00082568184	0.0007207978	0.0003513781	0.0005828306	0.0010971606	0.00060651056	0.0002704495	0.010540716	0.010540716	0.0019368791	0.00442123	0.00538315	0.0014556284	0.00538315	0.0014251344	0.011730342	0.014595027	0.0012444663	0.001411678	0.0005517719	0.0054278695	0.011414835	0.0007925505	0.0009492158	0.00039547094	0.0019110125	0.00023594566	0.0016659239	7.014529e-05	0.0008592149	0.0008817947	0.001063258	0.0013092925	0.00018306923	0.0026934454	0.000463531	0.0053074453	0.0011698155	0.0019445857	0.002212903	0.0016836117	0.0036553303	0.0053074453	-26.19252014160156
s01e10a	20.0	5.0	0.76342666	0.76342666	0.042015217	0.022061812	0.00013827557	0.0029169286	0.10245278	0.00080974045	0.0027930546	0.0022794388	0.0006763644	0.00022842237	0.0016136451	0.0021849037	0.001188588	0.00063317944	0.004107824	0.00041129428	0.0025151812	0.048201285	0.0030503643	0.0030503643	0.0029974964	0.0015552042	0.0011237009	0.0015552042	0.020829685	0.0054888865	0.0030789888	0.0007169603	0.00027455177	0.00069548364	0.0012289786	0.00022955528	0.00023125384	0.0024585451	0.0024585451	0.00047146057	0.0033622426	0.003146069	0.0001973323	0.0033622426	0.0009896655	0.015370262	0.015434766	0.0018526915	0.00064384757	0.0009141345	0.005475609	0.0018088158	0.004124035	0.021857643	0.0012257986	0.013470239	0.0008703367	0.00089807494	0.0006735688	0.004149781	0.0008108964	0.00076764275	0.0007514789	0.00037600094	0.009899326	0.0017157772	0.00033716246	0.007109301	0.0010261186	0.011002255	0.002711557	0.00049526396	0.009899326	-24.04895401000977
s01e10a	25.0	5.0	0.67726445	0.67726445	0.033717617	0.010397236	0.028297726	0.06614813	0.060998406	0.03123003	0.015638951	0.027294513	0.0066345916	0.0020624246	0.0040949034	0.0048456765	0.004853611	0.001407006	0.0070577073	0.0012489187	0.038313136	0.11256487	0.009019452	0.0053009093	0.0038888687	0.017026473	0.0018219313	0.017026473	0.13932136	0.01682306	0.005117231	0.0014304904	0.0007667457	0.0012576125	0.005082927	0.0007299289	0.0009928528	0.0035084812	0.003129864	0.0035084812	0.013461776	0.005236757	0.0009363328	0.013461776	0.0020589004	0.00805297	0.006830522	0.0006465766	0.00074376026	0.0007327152	0.0059986636	0.0036231107	0.0019267823	0.011898248	0.00040383538	0.0031025908	0.0016664776	0.0014937281	0.0022889606	0.0048610377	0.001147507	0.0019737217	0.0010078364	0.0010091825	0.0031373685	0.00203361	0.0025378729	0.022469843	0.0021113127	0.036347516	0.0023194123	0.0004558644	0.022469843	-22.335678100585938
s01e10a	30.0	5.0	0.7784149	0.7784149	0.0077390634	0.036583707	0.0003161369	0.0031402363	0.016349902	0.00071725284	0.001282973	0.006527708	5.988638e-05	8.8813744e-05	0.00079470314	0.002613485	0.0006228084	0.000108359716	0.0035068744	0.0005485373	0.00039606573	0.0058172396	0.003856085	0.0012076764	0.001006239	0.0016645043	0.0005373419	0.0016645043	0.023151783	0.0039582714	0.0014526055	0.00024893568	0.00026481238	0.00023180529	0.008218453	0.00035954823	0.00022165697	0.0022838514	0.0022838514	0.001314309	0.00059479335	0.0011580918	0.0005382492	0.0011580918	0.0022217224	0.0052102674	0.004734733	0.00032944122	0.0004164105	0.00051509286	0.001560447	0.0017700781	0.0012226432	0.12179517	0.0011495842	0.068338476	0.0027912664	0.0017969582	0.0022126073	0.0017344557	0.00038125922	0.00123181	0.0015544271	0.00021397076	0.0021184918	0.0016642974	0.0056737238	0.010862186	0.0008125873	0.012377033	0.002952137	0.00021421695	0.11366075	-22.66309928894043
s01e10a	35.0	5.0	0.8584016	0.8584016	0.008431503	0.13046482	0.00054535875	0.0022313443	0.0032178224	0.0033930922	0.0031949743	0.041490674	0.0011327254	0.000121361794	0.0021103807	0.0058493447	0.0010685129	0.00051094417	0.002278086	0.0008371071	0.001443496	0.0045323004	0.010945894	0.00967801	0.0016102976	0.0021132384	0.0037011711	0.0037011711	0.17468454	0.006666111	0.0015493046	0.0012345967	0.0011235897	0.001144142	0.004447877	0.0008116795	0.0013282525	0.0036191826	0.0010782748	0.0036191826	0.003397263	0.0013937312	0.0015632869	0.003397263	0.00093062146	0.004593336	0.011068866	0.0007806617	0.001637299	0.0018002806	0.0039118123	0.0013462642	0.0034200684	0.007965766	0.002071625	0.005774558	0.001128488	0.0030772358	0.0028741222	0.0078091393	0.00016629991	0.0012406653	0.001345986	0.0004131804	0.003469686	0.0025076224	0.0007539676	0.004762716	0.0007745181	0.010054287	0.0037195503	0.00032518088	0.004762716	-23.112363815307617
s01e10a	40.0	5.0	0.81820506	0.81820506	0.045920383	0.11593098	0.00044190683	0.0031582129	0.17694679	0.002497192	0.003546859	0.007193485	0.0006764518	0.0011001371	0.0012301023	0.0018123041	0.009966684	0.0010852582	0.007911063	0.0019334458	0.004661517	0.004480725	0.006141558	0.006141558	0.001835535	0.0034909407	0.00092403824	0.0034909407	0.035703562	0.007428243	0.004202533	0.0011897904	0.0005344498	0.00078791636	0.002903239	0.0006012176	0.00057305733	0.0010156594	0.0007091177	0.00082833954	0.0019653423	0.0007901972	0.00029966378	0.0019653423	0.00079537934	0.0023242347	0.0077823396	0.00072894525	0.0010368772	0.000694646	0.004006073	0.001238122	0.002309173	0.010114133	0.00062035193	0.0032542741	0.0012104829	0.004630303	0.0029971004	0.0056807525	0.00048236648	0.003316761	0.0022282274	0.0006093378	0.0039311815	0.0007020048	0.001582984	0.014697466	0.0010850137	0.0035956248	0.0027769872	0.00012652922	0.014697466	-22.44012451171875
s01e10a	45.0	5.0	0.7296882	0.7296882	0.11820218	0.060456015	0.00048852747	0.0067517585	0.26415575	0.002598218	0.0034764607	0.0015926128	0.00018243809	0.00070380134	0.0017191906	0.0058653103	0.00128557	0.0014470208	0.002175906	0.0016671346	0.016930763	0.03975881	0.006933386	0.0022615509	0.0043017645	0.0081149	0.0011027718	0.0081149	0.04245125	0.006233279	0.0023023163	0.0008094427	0.0004965038	0.0005478585	0.0029063285	0.00029677086	0.0003879032	0.002504192	0.0023235097	0.001960061	0.0020527176	0.0026755494	0.0007575539	0.0032394258	0.0011226978	0.0064320173	0.016032621	0.00360652	0.0030639514	0.0011474786	0.022200333	0.0018569132	0.0085830465	0.0070164087	0.00033302084	0.0018646147	0.0043220157	0.0047405115	0.00057025213	0.0005806349	0.00069125224	0.0010149939	0.00044440682	0.0015058697	0.0019407296	0.0013758517	0.001129705	0.0033614566	0.0004429272	0.0067731664	0.0027265188	0.00020633725	0.03439437	-22.560028076171875
s01e10a	50.0	5.0	0.5686733	0.5686733	0.05988753	0.017316243	0.00034476246	0.00414854	0.14211768	0.0005605785	0.0028601899	0.0035080647	0.00011822871	0.0006507477	0.0012440865	0.02859975	0.00069122587	0.000944435	0.0062048873	0.00032084656	0.12370104	0.10315641	0.012297994	0.012297994	0.0033904086	0.02982502	0.004510808	0.02982502	0.08302729	0.028799236	0.00962794	0.0023593195	0.0011330314	0.0021362302	0.0063629225	0.0010694157	0.00084924925	0.00081387523	0.00081387523	0.00053699786	0.001838723	0.0006927288	0.00016822328	0.001838723	0.0007691028	0.0045427033	0.002499432	0.0010084377	0.0012180053	0.0015148426	0.018149074	0.0015838599	0.0017877427	0.0043018176	0.00029492873	0.00096467446	0.0020732246	0.0010275724	0.000108071195	0.00034532827	0.00036519446	0.0012838109	0.0008735541	0.0009433406	0.0035678311	0.0006219614	0.0006315708	0.00083139946	0.00059133174	0.0030608492	0.0033604186	0.00021326217	0.007838971	-21.028440475463867
s01e10a	55.0	5.0	0.8706099	0.8706099	0.0053982087	0.3448281	0.0002723441	0.00091899186	0.0028879466	0.0016040419	0.0061411564	0.039213203	0.00013371652	0.00016136937	0.0015727706	0.0015658902	0.0007824282	0.00033043738	0.006604969	0.0009210703	0.0002881275	0.000960351	0.0050444496	0.0021763274	0.0005002856	0.0015248851	0.0015046342	0.0015248851	0.06534807	0.0077179126	0.0030101775	0.00094307365	0.00079508754	0.00075667223	0.0027550757	0.0008826732	0.00059644843	0.0013566046	0.00091984327	0.0013566046	0.0010494567	0.0006355673	0.0004799142	0.0010494567	0.0006171936	0.002148757	0.0029343392	0.00016402929	0.0001377057	0.00068269577	0.00082002825	0.00060341315	0.0011599843	0.0023367004	0.001524965	0.0025816972	0.0018734328	0.015352793	0.005531276	0.022684596	0.0001407515	0.00087906834	0.0051381504	0.00010605382	0.0076982407	0.00069540145	0.00021028992	0.00045688174	0.00068841386	0.0032990933	0.0010093071	0.0002540435	0.0076982407	-23.4012393951416
s01e10a	60.0	5.0	0.80598986	0.80598986	0.005755718	0.09131278	0.00054621167	0.00022822645	0.0009921314	0.00035851216	0.0012441925	0.005582651	0.00013278934	0.00013986928	0.0012064541	0.001676821	0.00047654405	9.088391e-05	0.0010818801	0.00054796925	0.00015679476	0.00055369356	0.003263118	0.003263118	0.0014953427	0.002457757	0.0009453119	0.002457757	0.036270775	0.010077012	0.003948005	0.0008946599	0.000742175	0.00088859117	0.0023417317	0.0004425206	0.00018358088	0.0021443611	0.0012057171	0.0010424942	0.00062192226	0.00065408106	0.00034931017	0.00065408106	0.0008784671	0.0024826038	0.0031269628	0.00016538275	0.00013243906	0.0004545672	0.0013312014	0.00042387747	0.0010614187	0.0030425137	0.00029470472	0.0039230622	0.0015930921	0.0033343944	0.0010058834	0.015628846	0.0001057552	0.00045850867	0.0011949919	0.00010469122	0.0036409462	0.0016803449	0.00029738378	0.00079906493	0.00071960123	0.005351209	0.0008569856	0.000113356895	0.024016127	-23.672218322753903
s01e10a	65.0	5.0	0.828623	0.828623	0.12976606	0.032901164	0.00084116135	0.0030577192	0.29707026	0.0023679887	0.0031821674	0.0018907659	0.00028282544	0.00038675667	0.003256507	0.0018810441	0.003935953	0.0006388062	0.0041162595	0.0011045613	0.0049387375	0.01631683	0.0047839866	0.0028449367	0.0015696215	0.0028914858	0.0010013559	0.0028914858	0.019006483	0.0077270917	0.0042055915	0.0011980616	0.00035835002	0.0010084877	0.0016087673	0.0015476584	0.00029869028	0.0012569148	0.0007873039	0.0006630136	0.003044794	0.0016747199	0.00021739639	0.003044794	0.0013552377	0.004280403	0.006304469	0.00063241465	0.00048439475	0.00050783186	0.004453406	0.0012993687	0.0031270625	0.009079239	0.0005454664	0.0022402382	0.000940209	0.009868084	0.0019368477	0.013064425	0.0006078526	0.0012036603	0.002078185	0.0004518386	0.0032986433	0.0033073446	0.00050183135	0.0026048634	0.0019793052	0.006969057	0.002521839	0.00032943275	0.0040125796	-22.46846389770508
s01e10a	70.0	5.0	0.84168404	0.84168404	0.084043585	0.0684317	0.0006001936	0.0056576333	0.06892087	0.0025794413	0.0021012642	0.00043906833	0.00030119126	0.00015899603	0.0019749112	0.018844333	0.0027164123	6.161663e-05	0.00235236	0.009445717	0.0031397617	0.022023594	0.0061315564	0.0056051095	0.0021231812	0.0034393247	0.0008501978	0.0034393247	0.10261147	0.011588194	0.0035680246	0.0008572282	0.0004485905	0.0011894181	0.006613331	0.00019817174	0.00076395855	0.0020930674	0.0017960928	0.00086686603	0.0025973371	0.0019539914	0.0003703172	0.0025973371	0.001260353	0.0084955115	0.0053936387	0.00045985158	0.00034150528	0.00082464557	0.004879674	0.0012802868	0.0033234574	0.01423781	0.00019731873	0.010904442	0.0018156698	0.013070219	0.0013543584	0.001352103	0.00067614566	0.00090979424	0.00037283686	0.0003726455	0.0044278945	0.0019503587	0.0011640814	0.002579677	0.001503162	0.028019452	0.0107079735	2.3363096e-05	0.034379307	-22.054536819458008
s01e10a	75.0	5.0	0.18884452	0.18884452	0.009860325	0.0050361734	0.002990502	0.0057093925	0.08324153	0.0030436085	0.008603981	0.0019216037	0.003057452	0.00024304393	0.0043002474	0.008462018	0.0010823183	0.0018981392	0.02064461	0.0006374029	0.053504214	0.021208458	0.010884058	0.004240264	0.0026406858	0.026049292	0.01775303	0.026049292	0.08194475	0.021216288	0.0094937	0.0018009586	0.00042351682	0.0015943592	0.0043009436	0.0017234012	0.00092203077	0.004543152	0.0038729785	0.00403406	0.008200148	0.0035444987	0.0006637862	0.008200148	0.0011988088	0.015796412	0.050616197	0.0024763248	0.007613529	0.0032781744	0.020406395	0.0034904028	0.008353093	0.012479547	0.0036540679	0.0038896608	0.004685726	0.006750614	0.00032320438	0.0045053936	0.00017540908	0.002208165	0.0016393142	0.0007123462	0.0036161353	0.0012117173	0.00839027	0.0056712525	0.0028675157	0.005599401	0.0072506517	0.045000147	0.00839027	-24.02914047241211
s01e10a	80.0	5.0	0.091092385	0.091092385	0.0007878157	0.00080944656	0.00012734334	0.0038017735	0.00022885075	0.0003046281	0.13134913	0.0013890192	0.00018814136	0.00017408177	0.001185779	0.0011926265	0.00019052738	0.0003082581	0.0005754297	0.0004477431	0.00050322356	0.0009793553	0.0025965355	0.0022835787	0.0008795991	0.002267975	0.001460879	0.002267975	0.7256719	0.08779663	0.08267611	0.001252375	0.00051852386	0.0015440786	0.063616045	0.007707111	0.014204132	0.001165415	0.001095392	0.0006162892	0.001802643	0.0013645347	0.00046609793	0.001802643	0.00048790523	0.0044679814	0.0057619754	0.0002600835	0.0005611957	0.00033062077	0.0010243967	0.0041184556	0.001218819	0.000672441	0.00038223964	0.00073698	0.00042111138	0.0009464709	0.00030594456	0.00012243116	0.000687685	0.00047943616	0.0005782226	0.00042570944	0.0012933785	0.0016343443	0.0009896524	0.00053106935	0.0010135348	0.0016032502	0.0011218747	0.008427542	0.029936122	-20.242536544799805
s01e10a	85.0	5.0	0.6507621	0.6507621	0.006441043	0.1449322	0.0005037469	0.0014920094	0.0018564014	0.0013536027	0.008702943	0.0052480516	0.00011488844	0.00018489119	0.0010088183	0.0053293207	0.0014178177	0.00013948875	0.004829488	0.0005042852	0.00069514295	0.006074055	0.010812241	0.0076666907	0.0010541702	0.0025357758	0.0014396564	0.0043089823	0.1693508	0.009169436	0.0022870991	0.0022301143	0.0013614091	0.0018988531	0.0032467414	0.0005364768	0.0020330641	0.0038572338	0.0038572338	0.0031613098	0.0025643408	0.0031676786	0.0015098253	0.0031676786	0.0029556144	0.016067684	0.038338285	0.0009536703	0.0010668635	0.00079403515	0.0045194924	0.0023199618	0.004138136	0.021870676	0.0012841576	0.010444534	0.007125013	0.008421964	0.002223133	0.015494749	0.0010179209	0.0011892092	0.004358542	0.00049554446	0.008189815	0.004396006	0.0025581538	0.0025294167	0.0008771447	0.004579471	0.003580512	0.00024195631	0.044437565	-23.014280319213867
s01e10a	90.0	5.0	0.8222587	0.8222587	0.05505833	0.014969998	0.00051080296	0.001853991	0.13288638	0.0007102664	0.0018661692	0.0029505093	0.00010654026	0.0005296827	0.00090469327	0.009810655	0.0025229272	0.00037658136	0.002427541	0.00066225923	0.0040563988	0.14415215	0.03592417	0.03592417	0.0020791544	0.02762701	0.001102178	0.02762701	0.048488125	0.008279436	0.002708048	0.0009852017	0.00051162764	0.0009917666	0.0032809332	0.0003198177	0.00029264987	0.0009770786	0.0007701031	0.0006155534	0.0027137515	0.0009832485	0.00027174703	0.0027137515	0.00089650316	0.0055322596	0.006864551	0.001266775	0.00076849805	0.00052361743	0.018788738	0.0030257055	0.0040344605	0.005502543	0.00014223343	0.00095883885	0.0014250686	0.005066092	0.00011060358	0.000764669	0.00077599275	0.001009348	0.0006013417	0.000758746	0.0049797506	0.0011696317	0.00053114933	0.0031269079	0.0023032113	0.0024275086	0.002397171	0.00021563667	0.008491953	-21.11224937438965
s01e10a	95.0	5.0	0.82308835	0.82308835	0.021265715	0.02565302	0.00034314735	0.0020224566	0.06075909	0.0009183642	0.0012149353	0.03439454	0.00026547647	0.0005175822	0.0011046744	0.0066665784	0.0014082151	0.0012904635	0.005540267	0.0010293272	0.004403379	0.09598353	0.0073877145	0.0041570845	0.0017851033	0.0059643867	0.0019508352	0.0059643867	0.028758671	0.0035223486	0.0014603838	0.00080747827	0.0005488963	0.0008007354	0.002358838	0.000819904	0.00026446872	0.004789984	0.0030656806	0.004789984	0.013596909	0.0045420476	0.0012089538	0.013596909	0.0027147555	0.0066406094	0.005798435	0.0013803317	0.00093913195	0.0005750163	0.007536844	0.0054777884	0.0022375775	0.005754962	0.0010111126	0.001831565	0.0008187758	0.0013158376	0.00037486618	0.0010389814	0.00076119165	0.002740693	0.0009079294	0.00033557304	0.00230518	0.0008344214	0.00207673	0.0050931834	0.0024695012	0.006783767	0.0071929814	0.0002098851	0.021511238	-20.999605178833008
s01e10a	100.0	5.0	0.8504293	0.8504293	0.008289783	0.0077995798	0.0044499575	0.0023527483	0.002080722	0.004679188	0.0019245314	0.12027507	0.0020014504	0.00041081329	0.0052786064	0.013175185	0.0014290307	0.0009150626	0.0009664168	0.00038091117	0.00028841913	0.0033699162	0.025827367	0.012018789	0.013026932	0.002608492	0.0048464676	0.0071322867	0.07539721	0.011678179	0.0032902777	0.00041220788	0.00028329476	0.0005937461	0.006859998	0.0005613065	0.00016493328	0.019792771	0.0044187373	0.019792771	0.007908066	0.0033011073	0.0037412397	0.007908066	0.010475737	0.008655889	0.007091874	0.00035003424	0.000572492	0.00033950174	0.0017077113	0.012097998	0.0006942489	0.008621056	0.00049713365	0.009336999	0.00064108666	0.0023161352	0.0002840469	0.00047644434	0.00024322404	0.0007062548	0.0016853437	0.00016498285	0.006637364	0.00041943014	0.0024712135	0.0048615355	0.00086007995	0.009261116	0.0011587528	0.0009763416	0.008346838	-22.334688186645508
s01e10a	105.0	5.0	0.8636286	0.8636286	0.04475349	0.12548505	0.0007364871	0.0027816999	0.114034414	0.0048729936	0.0018061959	0.00555659	0.00039552958	0.00023166035	0.0031307926	0.011970468	0.004639203	0.0012018409	0.0025009995	0.00058255624	0.0018307223	0.06551775	0.017331585	0.006202988	0.0014027461	0.0066363956	0.0032209286	0.0066363956	0.03793276	0.0048930454	0.0017908957	0.00067938364	0.0003326607	0.0006648907	0.0016280838	0.00048290566	0.0003430252	0.0011279344	0.0008075321	0.0009120187	0.0010243	0.0007060546	0.00029416516	0.0010243	0.0014751309	0.0037123673	0.0027063335	0.0004964598	0.0013121995	0.0005976047	0.0020089278	0.002455838	0.0015894021	0.00975318	0.00075988745	0.005518266	0.0011788933	0.00993157	0.00062560063	0.0038482116	0.00069671083	0.0011783156	0.0017541677	0.00022934002	0.0038929898	0.00092451554	0.0006145592	0.0051523563	0.001602375	0.004359198	0.010942647	0.00019183714	0.023269968	-22.1897087097168
s01e10a	110.0	5.0	0.83719987	0.83719987	0.026578974	0.049882952	0.00049547123	0.0066618687	0.27584395	0.0012753055	0.0020143278	0.0020048707	6.706807e-05	0.00045993458	0.0017150391	0.0020052742	0.0013910095	0.00063239055	0.00096108747	0.0006865695	0.002251151	0.015915008	0.0036256674	0.0036256674	0.001410431	0.011571285	0.0011862275	0.011790848	0.04887686	0.006721741	0.0032908127	0.00063438626	0.00029578956	0.00054876396	0.0030438923	0.00038567075	0.00035531074	0.0009869711	0.0009182273	0.00072447804	0.001106097	0.00093114696	0.00027569517	0.0011938188	0.0005838347	0.0023741415	0.0054640765	0.0012386941	0.0012772912	0.0010037677	0.0033398357	0.00096068974	0.0026833273	0.0042878436	0.00022176818	0.00073442864	0.0013280944	0.0027436933	0.00048684346	0.0015989793	0.00043099193	0.00094863254	9.7930606e-05	0.00023434934	0.0014233834	0.0009862473	0.00061750604	0.0031836063	0.0005326505	0.002279582	0.0021561373	7.652536e-05	0.008521518	-21.874006271362305
s01e10a	115.0	5.0	0.85202014	0.85202014	0.009779715	0.01958003	0.00016659018	0.0013530479	0.32979724	0.00024677246	0.00092580065	0.0012336893	0.00010018374	0.0002851844	0.001297319	0.002163868	0.005723646	0.0012882843	0.001017546	0.004312519	0.00092900515	0.008980233	0.22902784	0.0037885357	0.0013322288	0.010522153	0.0020488806	0.010522153	0.036964085	0.0031365321	0.0026800449	0.00047675578	0.0006412364	0.00047891247	0.001968568	0.00025313755	0.0006342364	0.0016499888	0.0016201225	0.0016319335	0.0070912493	0.0026135684	0.00072452216	0.0070912493	0.0008950065	0.006821767	0.021444025	0.00047880752	0.0016391105	0.00017080599	0.006609814	0.001769229	0.018267121	0.0053209704	0.0001094687	0.0010269637	0.0017920688	0.005239105	0.00072179595	0.0008180926	0.0011681464	0.0013567816	0.0006465125	0.0006714611	0.0012675811	0.002092909	0.00045828448	0.0037656715	0.0011730621	0.004983159	0.00096566207	8.901563e-05	0.004354827	-21.47442054748535
s01e10a	120.0	5.0	0.8812381	0.8812381	0.1533459	0.02525798	0.0019367298	0.0032840255	0.12030412	0.009786399	0.002151464	0.0057772137	0.00074176246	0.0003862359	0.037773717	0.007480744	0.0008411826	0.00030249025	0.0015732604	0.0029363683	0.0019760055	0.0211801	0.02107119	0.0019634014	0.0038294971	0.0005861419	0.0007945169	0.0028134047	0.021210039	0.0047616404	0.0030180342	0.00058787793	0.00023302763	0.0006483371	0.0032493842	0.00047920473	0.00016620416	0.004202036	0.004202036	0.0022164278	0.0043010702	0.0044747693	0.00093845394	0.0044747693	0.0013269774	0.017016595	0.009716824	0.0010166023	0.0010766007	0.00037946086	0.004876371	0.0029295678	0.003969088	0.01049011	0.00052939146	0.0015112782	0.0005566001	0.01492986	0.00013178625	0.0018606503	0.00034731915	0.0008467868	0.0012141388	0.00026003242	0.0060140593	0.0014628794	0.0012070702	0.0024082484	0.0014660235	0.0054200497	0.0018407694	0.00022721922	0.0060140593	-22.135343551635746
s01e10a	125.0	5.0	0.8771996	0.8771996	0.01260307	0.012547124	0.0007604728	0.0031546361	0.009381075	0.0012938996	0.003950012	0.040035207	0.00077326735	0.00039195138	0.00084000407	0.02103935	0.00081337243	0.00039142356	0.0046159653	0.00050503685	0.0068562184	0.045443434	0.010951171	0.0037451608	0.00082692597	0.0010234324	0.00083275646	0.0013335808	0.054279476	0.0061978814	0.0019018422	0.00043466236	0.00030564223	0.00047598107	0.004434407	0.00034858068	0.00059223024	0.0025286132	0.0025286132	0.0017453016	0.0033610573	0.0026434222	0.000552207	0.0033610573	0.00701069	0.0076695285	0.0061158356	0.00052239135	0.0002020722	0.00033512607	0.00369159	0.0039286823	0.000809896	0.020857273	0.00014196704	0.024090463	0.00043677594	0.00037504348	0.0006612123	0.00056922034	0.00021089974	0.00048056373	0.00026754173	0.0002066182	0.0008648134	0.0016401074	0.106194	0.0180157	0.0010537565	0.008237547	0.0019617577	0.0005481085	0.106194	-20.44697952270508
s01e10a	130.0	5.0	0.53370434	0.53370434	0.0075066364	0.08418649	0.0003988086	0.0008865082	0.0016634405	0.0007702356	0.0026867327	0.0033295725	0.0004104121	0.00045893044	0.0012375183	0.008635267	0.000731815	6.535667e-05	0.0013188418	0.00077108707	0.00085488183	0.004285837	0.017844083	0.0043359012	0.0028425893	0.0020332278	0.0011396143	0.0020332278	0.093669645	0.008446222	0.0015326542	0.0007075196	0.0009403873	0.000830297	0.0038382895	0.00047126622	0.000815406	0.0015349283	0.0013074557	0.0015004934	0.000925522	0.00084440777	0.0006532242	0.000925522	0.00095557445	0.006139847	0.005415222	0.00035390255	0.00067261787	0.0041010003	0.002087699	0.0008062204	0.0021829263	0.0027911975	0.00061876676	0.011969407	0.0045184945	0.012444683	0.0008949861	0.0018058444	0.00021043996	0.0030298177	0.003139672	0.00020131508	0.004015717	0.0009311647	0.00048402345	0.0047616223	0.0003492156	0.0040672203	0.0013927943	0.00019750698	0.08217136	-21.96763610839844
s01e10a	135.0	5.0	0.8712986	0.8712986	0.09309683	0.058984477	0.0002615312	0.0014122879	0.009760122	0.0011185148	0.0014056982	0.00036632107	0.00025460825	0.00014116602	0.0019729384	0.0038591414	0.0005013317	4.727182e-05	0.0006032004	0.0004989093	0.00023665669	0.003601058	0.004531668	0.0015134924	0.0007416186	0.0011577846	0.0009331213	0.0017517153	0.04474462	0.007540369	0.0025058554	0.0007900821	0.0004409258	0.0007319688	0.0035554422	0.0002082098	0.0002536952	0.002156685	0.00091662107	0.0007759761	0.0006463203	0.0008217941	0.00032322103	0.0008217941	0.00078780897	0.004170678	0.00263028	0.00018138038	0.00016085626	0.0003759246	0.00079573295	0.00045496775	0.00090751814	0.0058906972	0.0003477769	0.003682639	0.0026893292	0.013172656	0.00040958272	0.0038933742	0.0011545627	0.0011014191	0.0029563196	9.210668e-05	0.0034359428	0.0012883609	0.00072169304	0.0007331095	0.00040942107	0.008262657	0.0024314935	5.9880505e-05	0.034553025	-21.892688751220703
s01e10a	140.0	5.0	0.8691389	0.8691389	0.016845262	0.070133016	0.0011423217	0.0031289153	0.40973017	0.0027628462	0.0022955267	0.0032587163	0.00012291674	0.00033804373	0.0011461349	0.0013411465	0.0048565716	0.0010606064	0.0020001973	0.0010946279	0.001697319	0.08934884	0.0030828465	0.0030828465	0.0008403483	0.0022970506	0.0005212891	0.0022970506	0.21388315	0.010709923	0.0027066371	0.0009731455	0.00040859022	0.0012933625	0.0043364693	0.0007469673	0.001617761	0.00042876764	0.00039608878	0.00036800207	0.00093657995	0.0009734214	0.00021485207	0.0011236153	0.00047156573	0.0029510048	0.006283021	0.0006701914	0.0012083167	0.00074318674	0.0034772207	0.0006575349	0.002504235	0.0058995867	0.0011695059	0.0013166468	0.0009286918	0.0073463307	0.00044403548	0.0018347926	0.0004396857	0.0012484638	0.0009199765	0.00022791572	0.0020012618	0.0005887477	0.00060773786	0.0028442116	0.0012056615	0.0013744837	0.004424108	0.00013849462	0.004424108	-21.270442962646484
s01e10a	145.0	5.0	0.83474153	0.83474153	0.0064196843	0.30666804	0.00067638926	0.0004905947	0.0013633695	0.0027465392	0.0015865429	0.02118028	0.00027287225	0.00042792584	0.0012498987	0.0039867	0.00063928554	0.00027610947	0.00038037813	0.000429989	0.00016313925	0.0010045522	0.013634681	0.013634681	0.0017713407	0.003262544	0.0022849566	0.0043054875	0.24712521	0.0089733945	0.0013883065	0.0014554205	0.0008084729	0.0022939274	0.00287342	0.0018248066	0.0014360605	0.0064442027	0.0015795083	0.0064442027	0.0016035808	0.0016092798	0.0025758445	0.0016092798	0.0015943684	0.0059609814	0.010069448	0.00040107843	0.00061686896	0.0027291584	0.0024744752	0.0016391441	0.0023284038	0.0025377148	0.0020436563	0.0014246907	0.0013327288	0.0072428235	0.0019239218	0.016264295	0.00013368388	0.0038663393	0.0023146283	0.00023556533	0.008441428	0.0006107844	0.00064844027	0.001132549	0.000982489	0.0047599436	0.002180491	0.00023050408	0.008441428	-22.79418182373047
s01e10a	150.0	5.0	0.82162976	0.82162976	0.013763632	0.026530586	0.00020750288	0.0015484456	0.20597757	0.00030617244	0.0017064022	0.0031732498	0.00011039201	0.00020902773	0.0013114811	0.0021319129	0.0038797045	0.0027500154	0.0012267564	0.00018975651	0.0026358652	0.011553264	0.011638302	0.011638302	0.0014220163	0.015276573	0.0007289369	0.015276573	0.08020576	0.010289787	0.0036374966	0.0008795467	0.00019228323	0.00056720484	0.0017559838	0.000707497	0.00019829138	0.001421893	0.0007093289	0.00073770725	0.002306976	0.001159026	0.00028313653	0.002306976	0.00034834395	0.0021324118	0.0043797097	0.00045421504	0.0012728154	0.00026948942	0.008885928	0.0010277815	0.002676397	0.0061645354	0.0002687925	0.0012104253	0.0006671564	0.0026008561	0.0001657392	0.0013671357	0.00077833596	0.00060177746	0.00013886145	0.0002596138	0.0011007987	0.00061671645	0.0002563772	0.0034828815	0.001819154	0.0018138525	0.0037290638	0.000104419036	0.0058560646	-22.39337158203125
s01e10a	155.0	5.0	0.8190913	0.8190913	0.035184976	0.020624548	0.0006406005	0.00090170145	0.14924845	0.0014735745	0.0014356817	0.0039285757	0.0008345776	0.000102672	0.003304655	0.0045107007	0.036505453	0.0024688095	0.0023703058	0.00021666425	0.0013867379	0.014601151	0.013816055	0.013816055	0.0016971469	0.006333683	0.00086445664	0.006333683	0.039600004	0.004780265	0.001652472	0.0004292109	0.00029614454	0.00035709096	0.0013211173	0.0002210386	0.00017168692	0.00076476886	0.00076476886	0.00046496058	0.000522478	0.0005667407	0.00023445325	0.0005667407	0.0014794116	0.0064576473	0.0053976197	0.0003710692	0.00056954654	0.00030449542	0.004121535	0.0021431043	0.0027755387	0.022069473	0.00042866464	0.005033677	0.0037819564	0.0030270289	0.00023398676	0.0045608394	0.0017585852	0.0007065352	0.001152638	0.00022800198	0.012171267	0.002866101	0.00048425395	0.0047509503	0.0017552058	0.0065346756	0.007239944	0.00012186392	0.01986893	-22.681676864624023
s01e10a	160.0	5.0	0.7188569	0.7188569	0.03138359	0.027519697	0.0001839185	0.004675445	0.1628461	0.00065715524	0.004617837	0.0010746323	0.00050221896	0.0005213793	0.0015445608	0.0023646702	0.0011386577	0.00069125846	0.0032951462	0.00069441594	0.005272073	0.023089845	0.007844643	0.007844643	0.0030313493	0.007016621	0.0029407819	0.007016621	0.14966588	0.021906683	0.00617555	0.0025463253	0.0010767874	0.002159959	0.006262364	0.0006903013	0.00081196224	0.0011947961	0.0011947961	0.00085176114	0.0015712829	0.0015889852	0.0005347856	0.0017383585	0.0009971272	0.007405877	0.013697566	0.002056006	0.0044716354	0.0023069703	0.02990472	0.0011381123	0.0058681723	0.0048780255	0.00043421844	0.0019517323	0.0017820335	0.005012262	0.00058942253	0.0007727554	0.0005220628	0.0021711187	0.00065015437	0.0018370261	0.00184124	0.0010714694	0.0008292928	0.007291051	0.0015324084	0.00238887	0.0070956657	6.56773e-05	0.008788654	-21.61179542541504
s01e10a	165.0	5.0	0.90663266	0.90663266	0.025965508	0.08968447	0.01460031	0.0006523625	0.0056298836	0.0020705136	0.0009958778	0.060893487	0.0003309033	0.00029427963	0.0018396649	0.011641698	0.0010549703	0.00025794076	0.0010995404	0.00038483136	0.00026141654	0.003364669	0.07201172	0.027965818	0.07201172	0.0036230846	0.00845052	0.00845052	0.15699667	0.004935324	0.0014377437	0.0007683365	0.0005487012	0.0009211527	0.002548155	0.00045181188	0.0006099485	0.004665652	0.001843455	0.004665652	0.003101181	0.0017427638	0.00085097743	0.003101181	0.0018144491	0.007441459	0.004166341	0.000342502	0.0004877181	0.00063043355	0.0015141007	0.0032644814	0.0008409046	0.0040776134	0.00072565995	0.007130335	0.0017957509	0.0020048746	0.00042263273	0.012522777	0.00036368298	0.00090807694	0.00158768	0.00023287727	0.0017044547	0.00062724936	0.0010166101	0.0019762048	0.000747782	0.0104657775	0.002962837	9.318377e-05	0.02524358	-24.468196868896484
s01e10a	170.0	5.0	0.85652703	0.85652703	0.07114323	0.0180469	0.00071302126	0.007825257	0.009323973	0.0023130234	0.002566099	0.0036364412	0.0007951732	0.0007528393	0.0026657346	0.13174537	0.0013959244	0.00014725179	0.0048348694	0.00054899126	0.013244404	0.11160554	0.007600883	0.007600883	0.0011383384	0.0019051189	0.0013766498	0.0019970776	0.10530965	0.021515595	0.007916229	0.0013320778	0.00046565165	0.0015708341	0.009414702	0.00043821763	0.0006492188	0.0016652943	0.0016652943	0.0015857893	0.0026712231	0.0015016884	0.0005418169	0.0026712231	0.0025180853	0.014097174	0.004843913	0.0003062825	0.0004966557	0.001223633	0.0011160228	0.0047886744	0.0011147488	0.0074284435	0.0004093284	0.0032808147	0.001106623	0.0033863666	0.00018180392	0.0012062024	0.00081641326	0.001136876	0.0006918556	0.00021216576	0.0032601077	0.00087391207	0.0028673739	0.0018228387	0.0016301158	0.0050086775	0.0020172496	0.0002138537	0.018792747	-20.396934509277344
s01e10a	175.0	5.0	0.87843543	0.87843543	0.0075118043	0.019457716	0.0002507551	0.0033130334	0.011858813	0.0005993459	0.0016950745	0.03229845	0.00010453102	9.511396e-05	0.0009412146	0.025464082	0.0013455054	0.00016887917	0.0037597087	0.000553479	0.0029319532	0.061021242	0.061689723	0.061689723	0.0012662526	0.0019505362	0.0009607921	0.002401867	0.08879631	0.0076134023	0.001370546	0.000553616	0.00027840445	0.0006572104	0.002254496	0.001465283	0.0002836269	0.001042527	0.00062206626	0.0004936558	0.001792515	0.0004103088	5.6503533e-05	0.001792515	0.0008705403	0.0033274528	0.0013377226	0.0005707888	0.00038753412	0.00024354472	0.0012885727	0.0033334831	0.00046989808	0.011596056	0.00021600997	0.0043430235	0.0022159426	0.0019161042	0.00021618675	0.0006576834	0.0006260214	0.0017246125	0.0007149728	0.00018856394	0.0022614691	0.00039094474	0.00020984908	0.0039693615	0.0013575869	0.021386825	0.03358038	0.0001013083	0.53665954	-23.44218063354492
s01e10a	180.0	5.0	0.8558124	0.8558124	0.08121067	0.3587955	0.0024501558	0.004492328	0.0085833995	0.016944451	0.012839302	0.075447075	9.46064e-05	0.00019711998	0.0006266267	0.004479634	0.00090375583	0.00032614524	0.009095957	0.00078958384	0.00087159773	0.0020868161	0.012422218	0.0030047288	0.0011277029	0.000985274	0.0031888539	0.0031888539	0.035166398	0.0048558274	0.0026991242	0.00059348805	0.0003333776	0.00055084465	0.0018794539	0.0010151153	0.002014116	0.0016716215	0.0014503994	0.0015088811	0.0017680571	0.0010022545	0.00046428829	0.0017680571	0.0007483563	0.005135687	0.0067534223	0.00050509605	0.0013738908	0.0005982045	0.0013620316	0.001993182	0.0019563427	0.002871628	0.00031689458	0.0022435233	0.0015725438	0.009125646	0.00051174767	0.001145	0.00025920174	0.007862258	0.005154987	0.00044485187	0.0016969393	0.0005256958	0.00063157984	0.00060374016	0.00024180641	0.0030631982	0.00229312	0.000629245	0.004410639	-22.569896697998047
s01e10a	185.0	5.0	0.68570226	0.68570226	0.03793805	0.06941769	0.0027291141	0.0027523662	0.003464592	0.0011588731	0.07906304	0.04563655	2.8526318e-05	0.00024606177	0.0011642383	0.0012311244	0.00030647352	0.0005454783	0.10258984	4.8762315e-05	0.5338021	0.017077751	0.001165722	0.0010507806	0.001165722	0.0002833072	0.00027365462	0.0002833072	0.06654247	0.024056127	0.0065203644	0.0020067492	0.00020328835	0.00095832144	0.0024539465	0.0005001244	0.00028461724	0.00041214225	0.00018720156	0.00024755695	0.00068347435	0.00023060938	3.359208e-05	0.00068347435	0.00050187943	0.00048377065	0.00041697736	4.87852e-05	9.8795026e-05	0.00029385684	0.0003986704	0.00023683773	0.00015048847	0.0004463062	0.00013739367	0.003813568	0.0003663932	0.001025128	0.000115971314	0.0001364492	5.8398316e-05	0.00034183706	0.00044851028	0.00033177956	0.0004139087	0.00016610307	0.00014480727	0.0029179133	0.0001375523	0.00069426803	0.0072635445	0.00013972611	0.0072635445	-23.749610900878903
s01e10a	190.0	5.0	0.64005226	0.64005226	0.005735229	0.2100678	0.0013383578	0.0005066627	0.00492276	0.003628154	0.0047231996	0.013418927	0.0006962761	0.00031663457	0.0046491837	0.011117907	0.0029072906	0.00048754236	0.010748605	0.0023379305	0.00035665717	0.00076442497	0.0075526363	0.002279812	0.00085153803	0.0052362354	0.013133972	0.013133972	0.0663963	0.0063620275	0.0017592767	0.00033012882	0.00016113259	0.0002449191	0.0044354913	0.000586698	0.0006034822	0.0012992679	0.0012901458	0.00069777534	0.00086952146	0.0006956632	0.0002724573	0.00086952146	0.0012491287	0.0049289986	0.004283021	0.00017996124	0.00069617725	0.00042015748	0.0015362691	0.000595501	0.0017542654	0.005519101	0.00032422622	0.032653667	0.0039819125	0.0023552657	0.0014774307	0.004018037	0.0002158177	0.0005775044	0.0018025864	0.0002797369	0.0016216185	0.0015067791	0.00071502425	0.0024658788	0.00063966797	0.015095021	0.0025555391	0.00031884896	0.01177215	-23.264667510986328
s01e10a	195.0	5.0	0.20667404	0.20667404	0.0014562231	0.0011308974	0.0002956827	0.0005265295	0.00087307894	0.00027443242	0.003524207	0.0040851412	9.740505e-05	0.0001947526	0.0004482327	0.00072756247	0.0010414221	3.1265325e-05	0.00040860267	2.4402141e-05	0.00011559636	0.0014464648	0.0019853285	0.0007815266	0.00057916576	0.0025015967	0.00049857865	0.0025015967	0.027317366	0.003914822	0.0009882881	0.0001984355	5.623959e-05	0.0001882309	0.008268942	0.036757577	0.00040273086	0.00042848935	0.0003881366	4.539406e-05	0.00033137054	0.00015496567	3.8139387e-05	0.00033137054	0.0003442458	0.001282761	0.000928814	0.00014426316	9.782532e-05	6.155097e-05	0.0008574753	0.036757577	0.00023017442	0.00862168	0.00021726852	0.00058865006	0.08251937	0.00017948929	9.276292e-06	0.00019293537	0.0050772615	0.010385207	0.0006008272	0.0016656788	0.018608548	0.02805234	0.00021490843	0.00040161138	0.028503455	0.03760531	0.0010973942	5.6863e-05	0.028503455	-29.44915580749512
s01e10a	200.0	5.0	0.10303886	0.10303886	0.00079768524	0.0009949437	0.0003772101	0.00077157514	0.0015070732	9.4713454e-05	0.18956694	0.002578524	0.00029617417	6.352413e-05	0.00045080413	0.0005422767	0.00020894581	0.00016704622	0.0010978993	0.0005072479	0.00024632466	0.00049454474	0.008285445	0.008285445	0.0012681548	0.0015265617	0.00027227658	0.0015265617	0.7901643	0.06229779	0.026411336	0.0028582527	0.00035846568	0.0024133907	0.011992449	0.0421164	0.022562508	0.00022659678	9.622217e-05	7.1792936e-05	0.00013955528	6.9224276e-05	2.7356427e-05	0.00013955528	0.0008559671	0.0003946456	0.001589408	4.2611122e-05	6.949705e-05	0.00011996064	0.0006126311	0.0018308042	0.0005909103	0.0013567558	0.0007480351	0.00089771143	0.008553667	0.0028825046	0.00012595921	0.0002700105	0.058996975	0.00056826684	0.00047988855	0.00010727997	0.0016804689	0.0016060882	0.00045551258	0.005032106	0.01071011	0.0005448852	0.0040178923	0.0002590708	0.01071011	-21.12953186035156
s01e10a	205.0	5.0	0.03267788	0.03267788	0.0010683348	0.0019658566	0.00032599914	0.0011298099	0.0012000633	0.000373419	0.21527594	0.0038677335	0.00049753825	0.0001309265	0.00040256506	0.00035387807	0.00029021536	6.4374275e-05	0.0006195995	0.00070869207	0.00024503144	0.000567067	0.0019877676	0.0019877676	0.000477656	0.0010812217	0.00028484364	0.0010812217	0.73985267	0.10629504	0.0728286	0.005360852	0.00042921642	0.002581319	0.0033845087	0.0011468262	0.012206823	0.0006098851	0.0002054695	0.00059783517	0.0001903271	0.00021125899	0.00042449695	0.00021125899	0.0003950122	0.00029781504	0.0007127964	7.897136e-05	0.00010279386	0.00010446595	0.00020344599	0.00030394955	0.00012486632	0.0004769769	0.00075091445	0.0005484458	0.00029983837	0.004788461	6.6170665e-05	9.654855e-05	0.00051036855	0.00017884113	0.00037878775	8.871877e-05	0.0008662781	7.9738296e-05	0.0006294898	0.00037738297	0.00013024501	0.00038414815	0.0013136137	0.00022830632	0.0018781377	-21.15736961364746
s01e10a	210.0	5.0	0.3462577	0.3462577	0.007099688	0.006690791	0.00017977087	0.005049583	0.03921439	0.0011831191	0.20881334	0.0012732695	0.0006741838	0.00015069466	0.00053163985	0.00073562714	0.0005340172	0.0004594213	0.0024565463	0.0010467018	0.0022138467	0.0069766175	0.0010937102	0.00087964186	0.0005838664	0.0015762788	0.00025139237	0.0015762788	0.698403	0.08706229	0.043018166	0.0022783754	0.000812932	0.0016294593	0.006793817	0.0008224243	0.006178582	0.00062532735	0.00028000667	0.00062532735	0.0003711039	0.000664669	0.00028236824	0.000664669	0.00061473524	0.0009018668	0.0042544417	0.000593799	0.00060353073	0.00023637684	0.0015122102	0.00033285422	0.0009305869	0.0021027445	0.0013223838	0.0008149535	0.00075945776	0.0019363924	0.00042089907	0.0004174395	0.0006927919	0.00094839087	0.00050344976	9.4122195e-05	0.00063834427	0.00022463857	0.0006017127	0.0022013946	0.0010032878	0.0022382108	0.0018442956	0.00064089056	0.0022013946	-19.78870010375977
s01e10a	215.0	5.0	0.35536918	0.35536918	0.01688492	0.005950482	0.00073803874	0.0057936017	0.12665533	0.0011034817	0.010596223	0.022394238	0.00020046673	0.00073505915	0.0019978494	0.015164056	0.0015401462	0.0018167201	0.010267027	0.0004500772	0.046848956	0.1275564	0.008762204	0.008762204	0.0026372017	0.030431684	0.0034267465	0.030431684	0.3833876	0.12851615	0.056195535	0.0014411927	0.00052251184	0.0017564311	0.013454179	0.006538193	0.0019765142	0.0006151564	0.0006151564	0.00040329003	0.0011085633	0.00071981177	0.00020247394	0.0011085633	0.00060346833	0.002846666	0.004710364	0.00055455655	0.0011328533	0.0006703355	0.010877079	0.0018703333	0.0023699417	0.0051631858	0.00082393433	0.0017493338	0.0012400429	0.0016671108	0.00028604543	0.0008216927	0.0025727064	0.00066765735	0.0017398172	0.0015240185	0.003921877	0.0008948053	0.0010052975	0.002700276	0.0040533463	0.0021006244	0.001667387	0.00028996618	0.0048099947	-21.29021644592285
s01e10a	220.0	5.0	0.55331117	0.55331117	0.025813818	0.04175174	0.00025622034	0.013817068	0.0617012	0.0020134002	0.16132732	0.00404654	8.251463e-05	0.00051305	0.00084597984	0.002447707	0.0010327116	0.0002598535	0.0039214003	0.0005010618	0.011236638	0.029745001	0.0024851356	0.0014849952	0.00040970472	0.0029288938	0.0004405042	0.0029288938	0.35583636	0.028375627	0.0076056714	0.0010096567	0.0002756652	0.001075447	0.00377328	0.0023691098	0.0027123543	0.0008075175	0.0003151868	0.00071783207	0.0005978033	0.00050085667	0.00020781175	0.0005978033	0.0008986181	0.0010265572	0.001786017	0.0003021778	0.00034926424	0.0005456733	0.0010044901	0.0008375767	0.00057284813	0.0013901215	0.0017525443	0.0017801843	0.0012727511	0.0026152208	0.0002289149	0.0003072652	0.0004932858	0.00062625716	0.00069055165	0.00023219615	0.0017970968	0.00024037022	0.0003992698	0.0007949762	0.0009097934	0.0012837357	0.0041976073	0.0003378478	0.0041976073	-21.723777770996094
s01e10a	225.0	5.0	0.46643844	0.46643844	0.017441357	0.048169326	0.0008379239	0.015521016	0.0052633006	0.0039911484	0.07525236	0.005088484	0.0008217832	0.000114168324	0.0003558141	0.0025207119	0.00021602809	0.00012853071	0.0014906143	0.00032886319	0.009449662	0.01809255	0.0036781998	0.0036781998	0.00066800864	0.002677003	0.0007201953	0.002677003	0.3022156	0.019806255	0.005362317	0.00093353656	0.00037561345	0.0006693087	0.0026483247	0.001343669	0.0037434977	0.0004062928	0.00031160857	0.00037482777	0.0002611659	0.00043336223	0.00026283506	0.00043336223	0.00081851915	0.0008083486	0.0024797537	0.00032257978	0.00042784325	0.0021278772	0.00042817782	0.0005145589	0.00029650246	0.0008791211	0.0005877841	0.000976603	0.00027240903	0.0017372915	5.5041855e-05	0.00014250874	0.00011821643	0.00111034	0.00021091341	0.00011167758	0.00053497654	0.00015697366	0.00058626954	0.0010991592	0.00027315988	0.0028368426	0.0008705167	0.000267137	0.0028301158	-21.88822555541992
s01e10a	230.0	5.0	0.17190325	0.17190325	0.01372423	0.0026449778	0.00045461179	0.015935102	0.004244005	0.0013998782	0.18468213	0.00507467	0.0011183502	0.00095483044	0.0005701573	0.025251154	0.0006807713	0.00013446194	0.0007868246	0.0014188389	0.01163409	0.05842584	0.010818281	0.0016412226	0.0012335876	0.0020352392	0.0007012321	0.0020352392	0.2542497	0.020430114	0.0047759977	0.00032490975	0.0005921123	0.0005645644	0.008407275	0.0011806126	0.0014040137	0.007631961	0.007631961	0.0025052428	0.0045477995	0.00794838	0.0012368644	0.00794838	0.0029600945	0.043874603	0.016672544	0.002061569	0.001095965	0.0007206141	0.008904471	0.0013296695	0.00239893	0.0020943307	0.00049818744	0.0006523609	0.001139781	0.0019291854	0.00015078636	0.00015067268	0.0013236199	0.0015559463	0.00050163333	0.0016262013	0.0031408812	0.0011789517	0.0015223462	0.00062052195	0.0005733111	0.00570264	0.0006693878	0.0010497946	0.018682104	-20.976940155029297
s01e10a	235.0	5.0	0.38040626	0.38040626	0.007065872	0.013565952	0.0006041711	0.016249334	0.0040469435	0.0013444435	0.15872957	0.012775668	0.00059750595	0.00013423455	0.00086440064	0.0059857974	0.0012097049	0.00057250564	0.0014707743	0.0037426741	0.016431784	0.02376654	0.025970105	0.006455368	0.0028203803	0.004678604	0.0024404598	0.004678604	0.70371497	0.019182326	0.005285481	0.0007523402	0.00024576797	0.0014610952	0.0021314744	0.0060834642	0.010961113	0.0019075895	0.0010112085	0.0019075895	0.0031261323	0.0013322656	0.00043166007	0.0031261323	0.0014771424	0.0057663727	0.009313915	0.00041791014	0.00074460247	0.0020356374	0.0037717156	0.0024049787	0.002687258	0.0014603344	0.0003425035	0.002264572	0.0008712598	0.021295857	0.0010499445	0.0031224478	0.000942832	0.0023197148	0.0008143454	0.00035364064	0.0031747224	0.0013388775	0.00056960515	0.0017820039	0.0004667355	0.0036692128	0.001459879	0.00041087222	0.005385045	-20.75248336791992
s01e10a	240.0	5.0	0.8170106	0.8170106	0.007783787	0.1028253	0.0021815007	0.0050575575	0.0018980597	0.014272351	0.025180738	0.03863001	0.0009562516	0.00013090766	0.0011098493	0.005660579	0.0017639307	0.0008025496	0.003526247	0.002874565	0.001658346	0.01986648	0.009832233	0.009316	0.0015511004	0.003863551	0.0038830119	0.0038830119	0.51712155	0.015800273	0.0055359285	0.0008475859	0.0006953471	0.0007976864	0.005021083	0.0029518676	0.0042966576	0.003803197	0.0035370272	0.0020887733	0.0025822818	0.0041673165	0.0012336617	0.0041673165	0.002181591	0.012524817	0.018333388	0.0011548025	0.0010017806	0.0015745149	0.0046312762	0.0025624547	0.0019311816	0.0040094457	0.00078699633	0.0067086373	0.0008189767	0.0064248783	0.00034668928	0.003271984	0.00047963523	0.0020536047	0.0019493632	0.00025343677	0.003795061	0.0020437702	0.0018825515	0.002924758	0.0008317413	0.0049071587	0.0030172968	0.00069686194	0.0071448726	-20.752058029174805
s01e10a	245.0	5.0	0.884804	0.884804	0.018731691	0.18117712	4.473441e-05	0.0047903974	0.19617733	0.0010154727	0.0027640737	0.006423296	1.973025e-05	0.0003509349	0.0007708586	0.0010903213	0.0035914895	0.0012229338	0.0038161525	0.0005772851	0.007008775	0.03037024	0.0021710405	0.0021710405	0.00078117586	0.0009788293	0.00040097404	0.0011495245	0.05810985	0.004118391	0.0019500175	0.00051446183	0.00033086925	0.00045018553	0.0013861179	0.0007379389	0.0005337587	0.0010177409	0.0005690218	0.0010177409	0.0031273703	0.00067457394	0.00024676754	0.0031273703	0.0006818011	0.0030334566	0.010597863	0.0012803741	0.0010936393	0.0012983314	0.0026162234	0.0019294986	0.008111673	0.0037497804	0.0004891735	0.0015025623	0.0015366795	0.0030618997	0.0005248679	0.0024403948	0.00040965888	0.0008725247	0.000227874	0.00023541984	0.0022098434	0.0011557599	0.0004938591	0.0028611298	0.0015432186	0.008587434	0.0037020554	3.141593e-05	0.0037020554	-22.440793991088867
s01e10a	250.0	5.0	0.84289813	0.84289813	0.016265921	0.048929233	0.00022838905	0.00039101372	0.008074573	0.0006725473	0.0020321442	0.008150334	0.00013148939	7.292586e-05	0.005004207	0.0209188	0.000912024	0.00016912556	0.00061077165	0.0006598818	0.00024262485	0.0019568475	0.05372864	0.013963856	0.0023555737	0.0023360616	0.0006511056	0.0054367813	0.13115142	0.0061431467	0.0014753141	0.0007851361	0.00026311085	0.00045993156	0.0016630492	0.0013323189	0.00026730335	0.0021151197	0.00097614614	0.00062192755	0.00018812486	0.00029275005	0.00015243178	0.00029275005	0.0025216616	0.0029682429	0.0024069175	0.0002556296	0.00027558504	0.0002736314	0.004583877	0.0025792916	0.0008282539	0.060330212	0.00122262	0.014933318	0.01892079	0.0044911425	0.00028577854	0.004065451	0.0008050021	0.00051591394	0.0007387583	0.00019133769	0.006615198	0.0012400598	0.0003909339	0.005865694	0.015395418	0.021857174	0.009104552	9.2540715e-05	0.01588863	-25.09208869934082
s01e10a	255.0	5.0	0.90497404	0.90497404	0.01820086	0.43074897	0.00064442743	0.000776253	0.008233022	0.006101945	0.002422855	0.01661938	7.982892e-05	0.00019086285	0.0036037245	0.0036085786	0.0020775166	0.00018420843	0.0019393528	0.0007401677	0.00033108064	0.0018397594	0.004903174	0.0028184552	0.0005277497	0.0011888909	0.0015069082	0.0015069082	0.026163552	0.0025184865	0.00095365895	0.0004036149	0.00026222933	0.00032071536	0.00080737047	0.000466335	0.00022275039	0.0019558084	0.0011314221	0.00066526025	0.0012658312	0.00075973937	0.00020987088	0.0012658312	0.0008646531	0.0049937237	0.003454886	0.00017969991	0.00026207886	0.00039270477	0.001205088	0.0011215674	0.001044256	0.0034711573	0.0017417512	0.0035342653	0.0010728729	0.023827985	0.0010596849	0.0109831765	0.00018676688	0.0010558466	0.0072656386	0.0001255775	0.004012675	0.00050291163	0.0002767562	0.00029228907	0.00041018208	0.009782462	0.001100763	0.00015258025	0.004516607	-22.71392059326172
s01e10a	260.0	5.0	0.8805709	0.8805709	0.02783246	0.13530773	0.0004096948	0.0041667903	0.17857006	0.001036939	0.0011334383	0.0031377878	0.00019310598	0.0004986205	0.0020471672	0.00087140466	0.0043432564	0.00065543765	0.002256609	0.0014750536	0.001124164	0.0014182059	0.0045123217	0.00266734	0.00093932025	0.010147247	0.0005137895	0.010147247	0.029100435	0.0037152981	0.0011355511	0.00095703406	0.00022945661	0.000498324	0.001759786	0.00012325135	0.00039541043	0.0012172255	0.00072700763	0.0006948039	0.0008784328	0.00068642094	0.00037777622	0.0008784328	0.000552401	0.0015073423	0.0030980543	0.0004252576	0.0003808845	0.00071911205	0.0027110723	0.0005427297	0.0015724592	0.01159599	0.00040895262	0.00121176	0.00087767316	0.018982459	0.003968114	0.0021170771	0.0008276398	0.0021683893	0.0013964382	0.00026748385	0.0032868234	0.0016321331	0.00031953517	0.0024622737	0.0006248305	0.0027324061	0.0013544165	0.00010439326	0.0032868234	-21.90035057067871
s01e10a	265.0	5.0	0.57265437	0.57265437	0.029767033	0.0052059414	0.00039271283	0.00839564	0.18571427	0.003409409	0.013911814	0.0019222137	0.0010880993	0.0006090678	0.0017828988	0.006857121	0.0018725564	0.0010347693	0.0057579204	0.0005001656	0.01092597	0.08268215	0.0036167076	0.0036167076	0.0010419501	0.0017924476	0.00082531257	0.0017924476	0.13090973	0.014811059	0.004583246	0.0011073222	0.0009867009	0.0014152006	0.008043214	0.00032563164	0.0013758104	0.0008815276	0.0008815276	0.00044201786	0.0013102432	0.0010690092	0.00027607972	0.0013102432	0.0010281977	0.004075642	0.004451056	0.0011473824	0.00092431996	0.0007306457	0.0039683552	0.00093415944	0.0020788496	0.022859491	0.00014427514	0.0021132969	0.0019324246	0.0011891848	0.00040842703	0.00018713693	0.00019892938	0.0004995215	0.00044737066	0.00028763813	0.0020359715	0.0040078256	0.004121617	0.0137500595	0.0010322429	0.0033676445	0.010436031	0.00019021553	0.020171527	-22.07909393310547
s01e10a	270.0	5.0	0.8856635	0.8856635	0.036717925	0.060684755	0.0002649586	0.004536233	0.12491366	0.0012094175	0.0007996572	0.00809829	9.6586395e-05	0.00040234675	0.0028558278	0.019996801	0.0032900695	0.00048222212	0.0019328798	0.0002777917	0.0021445102	0.079827644	0.01123783	0.0058388948	0.0020146375	0.004562834	0.001064669	0.004562834	0.02762391	0.0025658915	0.0008764388	0.00048226534	0.00020699679	0.00061152654	0.0009882253	0.00015900907	0.00020817229	0.00081844546	0.00043460316	0.00081844546	0.00093927514	0.0003192675	0.00013665676	0.00093927514	0.0027666194	0.001393264	0.0011782185	0.00033791593	0.00056005624	0.0006369702	0.0020362195	0.0049049216	0.0010059294	0.0080369655	0.00050907524	0.003990102	0.001493554	0.003983019	0.0004898786	0.003391504	0.0020955587	0.0009181949	0.00044298658	0.00045166828	0.007374973	0.00084773696	0.00029652254	0.0015992199	0.00069504924	0.02038894	0.002924352	0.00015992716	0.007374973	-22.295413970947266
s01e10a	275.0	5.0	0.7931737	0.7931737	0.014238794	0.05060566	0.0013594481	0.0025484797	0.024140278	0.00074321934	0.0013235069	0.0012142292	7.367708e-05	0.0004578553	0.0015955999	0.012262811	0.0005762447	8.4089734e-05	0.0008358688	0.0024465385	0.0009665973	0.0042285062	0.021168627	0.0078089437	0.0019639584	0.0448409	0.0032236641	0.0448409	0.10345988	0.007492666	0.002077989	0.0005626858	0.000505578	0.00095738244	0.0029578647	0.0009923129	0.0006134479	0.0016549573	0.0010029768	0.0013971219	0.002025184	0.0006002789	0.000484588	0.002025184	0.0017982536	0.005099673	0.0058336165	0.0005111105	0.001052514	0.0028766734	0.0026288505	0.0031619968	0.0041330336	0.0068810815	0.0010303938	0.0016605288	0.0031876748	0.038330443	0.0015624773	0.004657793	0.0006038786	0.0020867048	0.0030427985	0.00027183097	0.0059639513	0.0034027547	0.0006511912	0.0016196712	0.0011364948	0.005319081	0.003260631	4.3117172e-05	0.009032375	-23.106216430664062
s01e10a	280.0	5.0	0.845988	0.845988	0.039140742	0.0070445235	0.0022028596	0.0061196336	0.3415699	0.0012047556	0.0018971711	0.0012609547	0.0021358645	0.0009190221	0.0034167543	0.0049088914	0.004517281	0.001100515	0.0011922818	0.0008859492	0.0043220404	0.03202738	0.003928361	0.0025554444	0.0010955329	0.0048465137	0.0015277171	0.0048465137	0.11125276	0.011982159	0.003675506	0.0010938242	0.0005574602	0.00152704	0.0044307876	0.00033949755	0.0009203746	0.0006505157	0.00021352748	0.0003910027	0.0014209902	0.00029362214	0.000106470994	0.0014209902	0.0011467044	0.0013644061	0.0013257931	0.00018643469	0.0005429258	0.0006428233	0.0014577938	0.0008117994	0.0008169377	0.0070611164	0.0005816946	0.0006226607	0.0007760297	0.028440982	0.00065116456	0.0022386964	0.0007126232	0.0016202466	0.0017191832	0.00026442736	0.004376199	0.0013113205	0.00073619874	0.0026687318	0.0010557601	0.0024043554	0.003664762	0.00013094586	0.006284102	-21.99261474609375
s01e10a	285.0	5.0	0.7783777	0.7783777	0.044508126	0.031536672	0.0004069636	0.0015280349	0.0042120623	0.00057016977	0.0034687088	0.00047624978	0.00072408706	0.00025366616	0.0047033476	0.0095457705	0.0016778654	3.922256e-05	0.0006414992	0.0016620061	0.00042991972	0.0023616776	0.006267084	0.005377134	0.00097443187	0.003607339	0.0015056238	0.003607339	0.21379732	0.022928704	0.0076471404	0.001101023	0.0007706849	0.0021505614	0.011215049	0.00075914373	0.0014590007	0.0016178641	0.00073384936	0.0013144165	0.0010845476	0.00083003315	0.0007152801	0.0010845476	0.00082368474	0.005752807	0.0039734794	0.00019045237	0.00038948894	0.0011424039	0.0014176219	0.0008729733	0.0013596275	0.002470789	0.00055394636	0.0050478876	0.0017541067	0.03088266	0.0006730995	0.004622185	0.000339555	0.0021927655	0.0011514424	0.00017110055	0.011944035	0.0019343504	0.002254907	0.0011964724	0.0008744193	0.005770119	0.0016498836	0.00014682808	0.013786739	-23.52204322814941
s01e10a	290.0	5.0	0.85372657	0.85372657	0.1218449	0.0025986542	0.0011819488	0.008193713	0.36739165	0.0026711992	0.0010364895	0.0011930974	0.00014658496	0.00058692816	0.00094805885	0.0044237073	0.005889173	0.00018038007	0.0030554628	0.00028608498	0.0026515848	0.09301276	0.0021238239	0.0021238239	0.0008604115	0.0037321774	0.0009768999	0.0037321774	0.047968674	0.020375138	0.009421152	0.00083890057	0.00025968655	0.00093703956	0.0061970707	0.00040908947	0.00041158238	0.00056306727	0.00045115856	0.00045717342	0.0015135003	0.00069217186	0.00016405697	0.0015135003	0.0010503738	0.0043912376	0.002029731	0.00029765494	0.00046450432	0.0008596358	0.0008024253	0.0010941823	0.0010039274	0.008089179	0.0002849254	0.002096981	0.00071516563	0.0075196503	9.877366e-05	0.00046806812	0.00033770644	0.0012194541	0.00028573387	0.00028891783	0.006327615	0.00078430044	0.0005976956	0.0054016053	0.0010004854	0.0015043332	0.0035298413	0.0001271412	0.006327615	-22.41181182861328
s01e10a	295.0	5.0	0.73214906	0.73214906	0.037455678	0.00987584	0.0005853664	0.00069011055	0.0015514031	0.0003601259	0.0014030494	0.00073395536	0.0007601181	0.0004173985	0.0033228006	0.0034386707	0.001185966	8.43402e-05	0.0005752767	0.0013259768	0.0005424098	0.0015154248	0.004602229	0.0023581132	0.0022989595	0.005815751	0.0009185012	0.005815751	0.081401125	0.023824569	0.0108648185	0.0014650995	0.0010220318	0.0030357477	0.0047004665	0.0006401598	0.0006428748	0.0017411495	0.0008974266	0.0017411495	0.0013231478	0.00046898815	0.0007452548	0.0013231478	0.003224859	0.0049704383	0.005728367	0.00027852127	0.00080813677	0.0021455614	0.0017829515	0.0008930183	0.0027046055	0.0026362576	0.0007315933	0.0034261963	0.0013255664	0.03504299	0.0009788624	0.003157857	0.00013196495	0.0016575339	0.0009359697	0.00031292057	0.016022336	0.0024470252	0.0014435812	0.0016676838	0.0007714899	0.0031485735	0.00079400826	0.00013038842	0.016022336	-23.32509994506836
s01e10a	300.0	5.0	0.884717	0.884717	0.06984994	0.016873075	0.0015053278	0.0008009056	0.003637317	0.0027096095	0.0015899584	0.00092043856	0.00039500504	0.00030367554	0.025989294	0.011037993	0.004643007	7.3685434e-05	0.0005609438	0.000982015	0.00034406915	0.006511484	0.0196308	0.0019451391	0.001410572	0.00055570714	0.0014149001	0.00498148	0.024489217	0.004110486	0.0029950023	0.00048555786	0.00043247727	0.00048082537	0.0015042811	0.0024155085	0.0002443446	0.005480381	0.004626335	0.0030732844	0.0022672638	0.0027454565	0.0010540979	0.0027454565	0.0027216286	0.015623337	0.007162066	0.00084834016	0.0007897437	0.00030178137	0.0076890597	0.004136179	0.0021191814	0.008838386	0.00066847424	0.009716777	0.008605306	0.008269075	8.3112114e-05	0.0028689818	0.00086675695	0.003503089	0.005400593	0.0004146652	0.21242929	0.00420061	0.0020348907	0.0010312677	0.0116950385	0.020396542	0.006111915	0.00036349337	0.21242929	-25.92541885375977
s01e10a	305.0	5.0	0.6963785	0.6963785	0.16669856	0.013556103	0.00023903213	0.0037747337	0.1293661	0.00045530786	0.0036139644	0.00364751	0.00011331204	0.00039027576	0.0006979722	0.008676363	0.0004309057	0.0006116886	0.025293957	0.00020950819	0.3160494	0.062364455	0.0011263797	0.0011145099	0.0011263797	0.0013254395	0.00030388002	0.0013254395	0.045774292	0.03377217	0.011576414	0.0025520797	0.0006470883	0.0015956722	0.006855127	0.00049629086	0.0003960814	0.00036649642	0.00029869482	0.0003174549	0.0006447613	0.00041357917	7.630864e-05	0.0006447613	0.00039741478	0.0015049794	0.00202855	0.0003559074	0.0003223781	0.000658021	0.0029437405	0.00041538646	0.0008485221	0.009331187	0.0002537796	0.0012876807	0.0010944064	0.0014986006	0.00011506507	0.00030227838	0.0004472666	0.0009046467	0.001024505	0.00020935845	0.0021949762	0.0005963436	0.0002198192	0.0011284621	0.00028560316	0.0019183882	0.004095502	0.00016359646	0.004335368	-20.30646514892578
s01e10a	310.0	5.0	0.78244174	0.78244174	0.038378336	0.090329506	0.0009576889	0.0023983982	0.2557314	0.0012403127	0.004074036	0.0121354405	3.1062107e-05	0.0005946536	0.0047396496	0.0038494458	0.0017084618	0.0022011024	0.04816138	0.00028815883	0.05352007	0.026497815	0.003380861	0.003380861	0.001783583	0.0040877843	0.00014869832	0.0040877843	0.052012507	0.015229001	0.0038619216	0.00091838697	0.00027793873	0.0005398168	0.0053944006	0.00044091782	0.00032006812	0.00035715493	0.00018127148	0.00029983724	0.00025395752	0.00014819499	6.1699946e-05	0.00025395752	0.00116542	0.0005282578	0.0008931975	0.00016944435	0.00029200662	0.00035075276	0.0027788284	0.0009193062	0.0007543216	0.009606421	0.00019515374	0.016349051	0.0036682368	0.004356581	0.0004997667	0.0012806858	0.0008043128	0.0006193875	0.00049292017	0.0003468989	0.0022741314	0.00021389264	0.000537593	0.0031362772	0.0009146481	0.001486064	0.0049810195	0.00018763238	0.0060900645	-23.091413497924805
s01e10a	315.0	5.0	0.77716523	0.77716523	0.067645684	0.043824703	0.00024424773	0.0049150656	0.07596636	0.00039267953	0.0057898783	0.0043036686	5.832229e-05	0.0007448189	0.0015238307	0.0062114177	0.0012310945	0.0006746758	0.041823898	0.00025256668	0.18488728	0.061643694	0.0029928717	0.0029928717	0.0014128535	0.0009953694	0.00016233175	0.0009953694	0.043236353	0.02867842	0.012598573	0.0027868752	0.0013782969	0.0016173642	0.008114202	0.0006599727	0.00059632596	0.00045060477	0.00045060477	0.0003011129	0.00071478955	0.00049508695	8.308231e-05	0.00071478955	0.0005269927	0.0010592585	0.0007013652	0.00033305323	0.00029912344	0.00071746134	0.0030208058	0.00044116186	0.0005698805	0.0052206926	0.00024200637	0.0033080145	0.00074136566	0.000912859	0.00021385758	0.0009179565	0.0007362503	0.0011647574	0.0004916804	0.00039837672	0.001445675	0.00040204407	0.000251041	0.0014104109	0.00056603696	0.0027956152	0.00492974	8.3049286e-05	0.00492974	-21.50414657592773
s01e10a	320.0	5.0	0.755047	0.755047	0.01270324	0.006417009	0.0025098943	0.0047240877	0.026297031	0.00080499094	0.017800936	0.0055132755	0.0003202943	0.0004605745	0.0014645325	0.011686245	0.0011594075	0.0012451006	0.0010532687	0.0014424352	0.010227819	0.02674565	0.019170174	0.0065368335	0.019170174	0.009097048	0.0007703314	0.009097048	0.71998554	0.038217794	0.013125155	0.0016342681	0.0014753578	0.002023553	0.0159832	0.0015158238	0.0029970335	0.0010382977	0.0010382977	0.00040752476	0.002353187	0.002850328	0.00012504039	0.002850328	0.00052877516	0.0056125005	0.015371475	0.001280218	0.0016663508	0.00060671754	0.009989416	0.0017975073	0.0030650774	0.004255399	0.0004910584	0.0011384365	0.005170639	0.0014287825	0.00021611359	0.0013864349	0.0011912034	0.0026683486	0.00073243043	0.00028743062	0.0015425738	0.0020502987	0.0017751161	0.0073924754	0.007051792	0.0042466046	0.0035484114	0.00014464084	0.0073924754	-19.79999542236328
s01e10a	325.0	5.0	0.24667199	0.24667199	0.0006573732	0.0009537221	0.00036797015	0.00058314984	0.00037621928	0.0013937698	0.023770511	0.0015777	0.00026440996	0.00017652955	0.001870369	0.0007268455	0.0011278201	0.0004875905	7.673494e-05	0.00016779843	0.00012958165	9.775053e-05	0.28254345	0.018646521	0.28254345	0.002865444	0.002532189	0.002865444	0.8702592	0.13860595	0.120912984	0.0012905925	0.00052075327	0.0006663917	0.008817404	0.0018246415	0.0036860313	0.00035596133	0.00022081322	0.00035596133	0.00050381006	0.00055766024	0.0001638828	0.00055766024	0.00021066902	0.001769228	0.0033949905	0.00012872032	0.00030073963	6.975214e-05	0.00076534366	0.0012959285	0.0004825817	0.0008344126	0.000687321	0.00058572384	0.00021162853	0.00071545126	0.00017523972	0.00039353038	0.0010887054	0.0035431231	0.0032740543	0.0004986552	0.0009660025	0.001445225	0.0003850167	0.00084983575	0.00017260069	0.002400582	0.00030714102	0.00090609374	0.00784925	-19.17374610900879
s01e10a	330.0	5.0	0.51531154	0.51531154	0.04984297	0.0050463593	0.0008205832	0.004944613	0.1772592	0.0010091546	0.0017403176	0.0037481815	0.000117618576	0.0017284778	0.0014843647	0.0036582872	0.0016288736	0.001205383	0.003690985	0.00045275307	0.00977609	0.058431465	0.004955464	0.002476411	0.0024892455	0.06399479	0.04490837	0.06399479	0.018997373	0.0041759615	0.0015906815	0.000581203	0.00011081959	0.00082471746	0.00301738	0.0011494522	0.00034767794	0.0046893344	0.0046893344	0.0014693729	0.0077345134	0.011079917	0.00056905136	0.011079917	0.0008180455	0.010248577	0.009270234	0.0016727853	0.0018728587	0.00029240944	0.009999527	0.0015765416	0.0011310623	0.005376024	0.0003183775	0.0008634095	0.0008892874	0.00068388483	0.00020891555	0.00057635654	0.0007899526	0.0007139059	0.0002987723	0.00067253195	0.0015469771	0.00041096978	0.0011436985	0.004187196	0.0005897895	0.005466171	0.0013578766	0.0007228925	0.004187196	-27.891530990600582
s01e10a	335.0	5.0	0.81247437	0.81247437	0.0055616666	0.3589289	0.0006684108	0.00047841854	0.0017537643	0.0019530328	0.002826833	0.058559697	0.00021936026	0.00019693024	0.0013529634	0.00564942	0.0011488529	0.00021979824	0.002683584	0.0007814324	0.00015595678	0.00065958407	0.01816658	0.0125290295	0.002031836	0.0052719484	0.005142613	0.0052719484	0.05948203	0.0051608128	0.0015093252	0.00092034653	0.001088781	0.00090924226	0.0011870448	0.0008559377	0.00048317778	0.0052598016	0.0015387236	0.0052598016	0.0036779025	0.0010234845	0.0009785771	0.0036779025	0.001737959	0.0043263105	0.004734353	0.0001806279	0.00029527675	0.0005880242	0.000996135	0.0014280322	0.0011486784	0.00066794123	0.00058517844	0.0013545854	0.00065203616	0.0049589262	0.0013185217	0.02168828	6.465469e-05	0.0005936046	0.001966523	0.00012290478	0.004554436	0.00026629833	0.0003930868	0.00029811842	0.0006962257	0.0041462653	0.0009695432	0.0004244225	0.004554436	-24.83955383300781
s01e10a	340.0	5.0	0.8111603	0.8111603	0.006402969	0.03945302	0.00011851044	0.0018856891	0.3945943	0.00026383885	0.0021479537	0.0065928875	0.00012629296	0.0002695619	0.0012677062	0.0011986078	0.0046959003	0.006349909	0.0030577702	0.00046458002	0.002253129	0.030898655	0.006694049	0.004034627	0.0008599779	0.012436962	0.0012324824	0.012436962	0.039382983	0.006797583	0.0032944805	0.0011567186	0.0007052929	0.0009928908	0.0022331688	0.0006956188	0.00068138534	0.0010341554	0.0007470734	0.0010341554	0.0017061115	0.0010117085	0.00040335886	0.0017061115	0.00047994714	0.002665102	0.012690572	0.00040204005	0.00072405115	0.0008605685	0.0035967133	0.0014858879	0.013329506	0.0071813073	0.0014749223	0.0034480856	0.00093287905	0.0077344766	0.0010828886	0.0010945877	0.00050233625	0.0014490216	0.00074986153	0.00027963103	0.0018705407	0.000388778	0.000560919	0.004340292	0.0014156179	0.004122874	0.0022076073	0.0001435321	0.004340292	-23.4373836517334
s01e10a	345.0	5.0	0.85272646	0.85272646	0.02126508	0.023411626	0.0005381702	0.007808157	0.3891204	0.0008679198	0.0012826187	0.0011297787	0.0005050436	0.0003250997	0.0018911923	0.002407923	0.0019302242	0.0008074848	0.0016809962	0.0014075005	0.004719059	0.014979979	0.011665423	0.004760592	0.0012957545	0.007186476	0.0015158354	0.007186476	0.06853369	0.007132827	0.003138344	0.00090257777	0.00035081714	0.00091864343	0.0023956662	0.00033133707	0.0005718981	0.0012479941	0.0005361749	0.0012479941	0.0028574388	0.00073103537	0.0003306706	0.0028574388	0.00079563784	0.0030472162	0.006399881	0.00037835285	0.0003908853	0.0005236733	0.0022521836	0.0012340365	0.009826116	0.005210379	0.00036632892	0.0010327278	0.002136212	0.009851591	0.0014875024	0.0013074421	0.001120737	0.0009282407	0.00044438036	0.00032930242	0.0035824876	0.0010574738	0.0007959924	0.004999304	0.0011582534	0.003901892	0.0035071264	6.486021e-05	0.0054349406	-24.51827812194824
s01e10a	350.0	5.0	0.86946756	0.86946756	0.016272025	0.26286104	0.00045145303	0.0048050643	0.09392247	0.003777315	0.0032003531	0.013667817	0.0002692973	0.0012316798	0.0018174422	0.0046680993	0.007899287	0.0008450553	0.002985949	0.0037287788	0.0029946805	0.07267071	0.010784842	0.0035289559	0.0020468575	0.0019935472	0.0009102725	0.0020608117	0.077994116	0.008321435	0.0036814916	0.0014660101	0.0009156242	0.0014033113	0.0029215752	0.00084809895	0.0007333296	0.0039604036	0.0026199853	0.0039604036	0.009213818	0.0027788258	0.00093402376	0.009213818	0.0013008756	0.007511576	0.0076843165	0.000687247	0.0006814769	0.0012448255	0.0041412576	0.0022800139	0.0039800126	0.0026959032	0.00086051965	0.0010733196	0.00094710995	0.010743643	0.0021220127	0.0073250495	0.00039752887	0.0022176725	0.001502023	0.0005786571	0.002330557	0.00045002205	0.00060166616	0.001480938	0.001089415	0.006527736	0.004324216	0.0001721093	0.004324216	-24.989822387695312
s01e10a	355.0	5.0	0.87806207	0.87806207	0.007929865	0.1398922	0.0005542358	0.0010776663	0.002598527	0.001544733	0.0020285733	0.025839059	0.00052688096	0.000309605	0.007391348	0.016656118	0.00069498597	0.00019716509	0.0012927195	0.000500442	0.00040965222	0.0031267235	0.121718794	0.053542573	0.0031036264	0.0033767056	0.005720697	0.009867819	0.04953167	0.0027166978	0.0010252148	0.0006933051	0.00064652145	0.0007060677	0.0051527326	0.0007383374	0.00050298165	0.006315151	0.004358449	0.006315151	0.0020632844	0.0021291857	0.0024273563	0.0021291857	0.004853763	0.011027603	0.014664358	0.00072028453	0.000500168	0.0010813309	0.0032293333	0.006908521	0.002217721	0.027716741	0.0015814782	0.01778997	0.0011728527	0.002009029	0.0008019847	0.011905381	0.0003757315	0.0011241211	0.001534981	0.0002813739	0.0031034197	0.0018861315	0.0023696541	0.011537836	0.0007924146	0.021664744	0.006436736	0.00039260465	0.05816753	-24.91056632995605
s01e10a	360.0	5.0	0.8874553	0.8874553	0.0152376415	0.20046568	0.0018127132	0.0027044164	0.17255174	0.003616792	0.0027741045	0.043221917	0.00021085229	0.00065066956	0.0040187626	0.004864845	0.0051672747	0.0018145251	0.005426974	0.0005512791	0.0008991667	0.015513048	0.007330953	0.006617044	0.0016110966	0.0077030607	0.0020099862	0.0077030607	0.059218805	0.005931854	0.0018634383	0.0006847705	0.00032178639	0.00058928545	0.0016552993	0.0005033221	0.00038939278	0.0013227428	0.00046144045	0.0012066276	0.0024500045	0.00060084957	0.00023629956	0.0024500045	0.0010283138	0.001960368	0.0017106598	0.00013834007	0.00041374046	0.0002850444	0.0013475951	0.001326717	0.0009119987	0.004919055	0.0006482243	0.0017530749	0.0020550536	0.00756415	0.0011231792	0.017637812	0.00024255824	0.00089975627	0.0008989328	0.00032448658	0.0015796241	0.00040668692	0.00044744485	0.0046223826	0.0008635156	0.0067428937	0.0022552502	0.00025915826	0.0056719813	-24.126296997070312
s01e10a	365.0	5.0	0.29684123	0.29684123	0.012359676	0.0047986247	0.00033042385	0.002717923	0.3649612	0.0006060361	0.0024170475	0.002039439	9.148745e-05	0.00034310925	0.0009309931	0.0034497052	0.0007765068	0.0013659351	0.0025024775	0.00044027332	0.022333186	0.029011805	0.005711754	0.0043225163	0.005711754	0.05624981	0.0053872294	0.05624981	0.0656301	0.013499483	0.0043321685	0.0015435898	0.000816844	0.001771064	0.0030150397	0.0011441632	0.0010017568	0.0010806713	0.0008591903	0.0010806713	0.0017306701	0.0009940019	0.00040050148	0.0017306701	0.0005458471	0.0044375174	0.0077343197	0.0014756843	0.002564408	0.0018765008	0.061948895	0.0013085796	0.0063607283	0.0011771114	0.0006432073	0.0008419445	0.002398031	0.0013730198	0.00010624198	0.0003951738	0.00024107737	0.0014548412	0.00056399725	0.0031592834	0.003600685	0.00054728234	0.0006611884	0.0021330612	0.0004959634	0.0018024199	0.0011759055	0.00014424253	0.016539877	-22.913742065429688
s01e10a	370.0	5.0	0.6446339	0.6446339	0.0013330213	0.15684484	0.00021698675	0.0005143792	0.00037143996	0.0005883993	0.011624899	0.0432585	0.00020367347	0.00019492424	0.0014329322	0.0018822163	0.0006722846	0.0002549612	0.011473204	0.0009781469	0.00036781895	0.0004616448	0.0042419676	0.0036397513	0.0013763503	0.0015706449	0.0015301753	0.001680484	0.028054707	0.004110751	0.0021818224	0.00055702013	0.00023757228	0.00044107018	0.0020348944	0.0014504954	0.00073083234	0.004326214	0.0018957811	0.004326214	0.0021124703	0.00083899056	0.001500612	0.0021124703	0.0015394834	0.0048389924	0.017505161	0.00067476416	0.0005270484	0.0007917601	0.0027646401	0.00048328278	0.0040118364	0.0016071958	0.00045484112	0.0010822976	0.00081637857	0.00435788	0.0031355587	0.006843165	7.618678e-05	0.0015350218	0.0032458894	0.00029663736	0.009550897	0.00071286235	0.00060201035	0.00044918738	0.00029082943	0.00665078	0.0006415267	0.0005478097	0.009550897	-25.17828369140625
s01e10a	375.0	5.0	0.8644602	0.8644602	0.011304285	0.32093167	0.0030223343	0.0005879491	0.0017828479	0.00289411	0.006737525	0.041473407	0.0002514518	0.0004745296	0.009639359	0.011103982	0.0041596578	0.00044414512	0.008133125	0.00026583308	0.00039691996	0.0021259503	0.021144917	0.009164957	0.0025763784	0.0032240117	0.0035181837	0.0035181837	0.01356058	0.0034419666	0.001528323	0.0007015814	0.00037238412	0.00059140165	0.0008152305	0.0013522691	0.00028281493	0.0064128144	0.0022411228	0.0013798309	0.0029027725	0.00088138855	0.00030741436	0.0029027725	0.003748176	0.0049179066	0.008345595	0.00066668773	0.00096465193	0.0008480614	0.002513146	0.005596853	0.0012745745	0.0021021403	0.00053815305	0.002326153	0.0006422719	0.0022166092	0.00041466005	0.029907439	0.00041204836	0.0008923966	0.0034069277	0.0003261297	0.0059472537	0.0007156647	0.0005104613	0.00035396442	0.0011092727	0.05351152	0.0013738562	0.00087603636	0.007708742	-25.217235565185547
s01e10a	380.0	5.0	0.86919737	0.86919737	0.05261642	0.25550887	0.00047445524	0.0018641603	0.19354764	0.0024330553	0.002897161	0.009172499	8.131738e-05	0.00046246205	0.004985287	0.0023889088	0.0022375775	0.0018384481	0.0019823904	0.0004032057	0.0018195611	0.043720245	0.0036725737	0.0019384873	0.0036725737	0.0031327712	0.00085958873	0.0031327712	0.028028779	0.0066210795	0.0031572538	0.0009227796	0.00040062523	0.00088406994	0.0026707975	0.00041740568	0.00037306207	0.0028094905	0.0028094905	0.0026447237	0.0034779778	0.0035324486	0.00079586724	0.0035324486	0.0016535122	0.0063492167	0.0069709546	0.002050564	0.0006901875	0.001564091	0.0040628766	0.0027743788	0.0032334789	0.004149265	0.00041539953	0.0013090526	0.0009525093	0.0030515885	0.00049120886	0.017107137	0.0006791761	0.0010774903	0.00052080385	0.00057649193	0.0025435078	0.00084535975	0.0006890052	0.002048515	0.0037331546	0.017127208	0.0032198096	0.00026928398	0.0037331546	-25.36698532104492
s01e10a	385.0	5.0	0.89961505	0.89961505	0.3662859	0.02246501	0.0009122794	0.015347258	0.039968736	0.0027177266	0.0020048067	0.0012257741	0.00027795357	0.0004553695	0.00072035973	0.029634373	0.0015039408	5.1700554e-05	0.0018851892	0.00076649437	0.0044044075	0.027757289	0.0053323596	0.0052716006	0.0010190984	0.014892268	0.0011602145	0.02175636	0.044365253	0.0068843705	0.0030961963	0.0007185843	0.00039899224	0.00063691346	0.0031271607	0.0003547049	0.00031008324	0.0017186293	0.0008153913	0.0008597456	0.0011363594	0.00077730045	0.00029817643	0.0011363594	0.0012322125	0.0041081416	0.00208668	0.0004523325	0.0007862887	0.0026259928	0.001605411	0.0016279598	0.0015091096	0.0058443057	0.00021033324	0.0024487646	0.002197411	0.00490602	0.0001482043	0.0005181553	0.00059322454	0.0021523281	0.0002239314	0.00047813272	0.0037459952	0.0020212606	0.0009842593	0.0012581354	0.00049422454	0.0078102476	0.0029807296	0.000109504406	0.0127840005	-23.394100189208984
s01e10a	390.0	5.0	0.8323562	0.8323562	0.094784595	0.06311874	0.0006312468	0.0040949867	0.25604898	0.0049336622	0.0049812486	0.007749976	0.00025825252	0.00032377892	0.0052441494	0.0030532484	0.0029870195	0.0030551418	0.012574583	0.00032751996	0.0045407224	0.06426509	0.0027411974	0.0027411974	0.0019649784	0.00065437966	0.00045036344	0.0010765822	0.023777587	0.0070898123	0.0033335877	0.0012976613	0.00041293429	0.0014724951	0.002636121	0.0005713394	0.00036651755	0.000840756	0.00061458675	0.0004557597	0.0016311365	0.0008855623	0.00015253907	0.0016311365	0.0005508331	0.0019586456	0.0017453175	0.0003942756	0.00065849687	0.0011838559	0.00125832	0.0011339546	0.00092527113	0.006279545	0.0021968496	0.003638076	0.0007819907	0.008141441	0.00079240545	0.0024764156	0.0007179685	0.0010355583	0.0037894878	0.0002887358	0.002754215	0.000837354	0.0008618527	0.0087932525	0.001065638	0.0038838454	0.008493243	0.0005782185	0.0087932525	-24.66157913208008
s01e10a	395.0	5.0	0.74819565	0.74819565	0.0050202636	0.032204594	0.00024715933	0.0016875417	0.23410323	0.00026966858	0.0032961408	0.0129256435	0.00044668562	0.0006814532	0.0017336071	0.0005638884	0.0050758114	0.0023243022	0.0020916844	0.0047001946	0.0035356425	0.002635286	0.046395775	0.0009553427	0.0012573705	0.006453194	0.00062914996	0.006453194	0.043272268	0.00672945	0.005832845	0.0010521625	0.00051967276	0.0007926924	0.002696434	0.0004424818	0.0005360278	0.0021366328	0.0021366328	0.0016152897	0.0069801067	0.0032974286	0.000999404	0.0069801067	0.002038365	0.004761365	0.0081383195	0.0005537843	0.001499108	0.0007358957	0.0115161585	0.0006129412	0.005803396	0.005003711	0.00036691962	0.0005732846	0.00091536954	0.0067526256	0.0014359485	0.0034420516	0.00029986267	0.001270366	0.0009308157	0.00085804163	0.0019888547	0.0013466361	0.0006136918	0.0014255348	0.0007140399	0.018066354	0.0005002274	0.0005410665	0.003950905	-22.425636291503903
s01e10a	400.0	5.0	0.86699444	0.86699444	0.030450737	0.029941585	0.0008064064	0.0053367894	0.060484312	0.0043824385	0.0019586857	0.004124709	0.0015815595	0.00035245827	0.0028336274	0.022097189	0.001246717	0.0012401071	0.0014863916	0.0012308143	0.002126792	0.103324525	0.01417655	0.010751684	0.0015652217	0.002804768	0.005241123	0.005241123	0.0852525	0.007480896	0.0039470955	0.0009907231	0.0003950949	0.0010794073	0.0027911442	0.00047679667	0.000657205	0.002130187	0.001621265	0.0019198788	0.0017739176	0.002182462	0.0007451721	0.0022491105	0.0019570012	0.006262159	0.00486621	0.001178154	0.0005471655	0.0006581668	0.0026855436	0.0018915578	0.0012468932	0.009150291	0.00129745	0.0017957311	0.00068802683	0.0105377985	0.00022401423	0.0022129873	0.00041877234	0.00085942046	0.0023298797	0.00023979475	0.0021447367	0.0008804204	0.004431303	0.0045928652	0.0014441698	0.00310833	0.0036116573	0.00021872348	0.025614062	-22.769983291625977
s01e10a	405.0	5.0	0.85552543	0.85552543	0.003951363	0.13317226	0.0012491572	0.00063736824	0.035560627	0.0020144333	0.001437756	0.032213308	0.00038588792	0.00053926604	0.0026542621	0.0022013267	0.0063163578	0.0008131516	0.0038405259	0.0003976964	0.00021953938	0.001091778	0.020898476	0.010216766	0.0013239546	0.029079601	0.0018271776	0.032105286	0.033512447	0.0037623493	0.0013882285	0.0005483292	0.00038150317	0.00046051329	0.00078254903	0.00076910056	0.00040162363	0.00063544675	0.0005497749	0.00063544675	0.0009995088	0.00030475826	0.00017703323	0.0009995088	0.0011045755	0.0022886295	0.005183973	0.00013721627	0.0005847296	0.00048259733	0.0014456628	0.0012771793	0.002169571	0.014149719	0.0021704042	0.0027107615	0.0014574801	0.0044546705	0.0013549693	0.005306091	0.0006014463	0.001565317	0.010118465	0.00016417982	0.007977795	0.0008208248	0.0002872364	0.0047891997	0.0006857684	0.0022642715	0.0042478293	0.00029829727	0.016493078	-24.030147552490234
s01e10a	410.0	5.0	0.8535035	0.8535035	0.0074152844	0.14346905	0.00020902474	0.0016802632	0.33266678	0.00039921352	0.0023744793	0.007350358	0.00011857781	0.00028403956	0.0013395044	0.0008020202	0.003010113	0.0034971335	0.0017355342	0.0007388097	0.0020877756	0.0045776214	0.00324948	0.0025502502	0.00078866153	0.011991488	0.00073299004	0.011991488	0.06030276	0.008353874	0.0033931695	0.0010097865	0.00041981114	0.0006942876	0.002502712	0.00031988294	0.00062232127	0.0007286633	0.0003267085	0.0007286633	0.0006656218	0.0005151459	0.0002711846	0.0006656218	0.00036349337	0.0015405613	0.0031254904	0.00023654367	0.00064792106	0.00065166125	0.0060859853	0.00031672002	0.0042232373	0.008291853	0.0008743826	0.0024259456	0.0005659884	0.005600598	0.0013339124	0.003443511	0.00036412463	0.00086151774	0.0013213973	0.00021035028	0.0033940566	0.00076371647	0.0003184504	0.0016798459	0.0006287097	0.0013977387	0.0018036315	8.7718545e-05	0.0033940566	-23.15485191345215
s01e10a	415.0	5.0	0.7437784	0.7437784	0.011495224	0.007847628	0.00027211205	0.0028585542	0.074673876	0.0008225062	0.0025418724	0.003214221	0.00010623894	0.00029108408	0.0004695052	0.0020764323	0.00020265763	7.132427e-05	0.0017696804	0.0013249392	0.0070102485	0.0318003	0.015496437	0.015496437	0.00035992134	0.010072119	0.0007928201	0.010072119	0.0800138	0.0055775684	0.0014144811	0.00032309347	0.0002958874	0.00027416882	0.0018064979	0.0026129098	0.00036934818	0.00028114545	0.00017074819	3.8338603e-05	0.00015921099	8.387622e-05	1.1642753e-05	0.00015921099	0.0005460594	0.00042165487	0.0021929052	0.00032920038	0.0001367733	0.00036114597	0.0013342567	0.0028633836	0.00034538144	0.04676857	0.0004356316	0.0012047872	0.00217279	0.00041700757	4.3743294e-05	0.00040715994	0.0038549132	0.0011004757	0.00073392596	0.00015674125	0.000756585	0.00053370814	0.00067842996	0.021351196	0.0068529006	0.003750226	0.0046199854	9.116506e-05	0.19654101	-23.070077896118164
s01e10a	420.0	5.0	0.46867839	0.46867839	0.015908124	0.0074051693	0.0005320921	0.0029679236	0.14350466	0.0008688134	0.0022372452	0.003382481	3.9954914e-05	0.0005394385	0.00093088043	0.007219881	0.0011710386	0.0010188683	0.0021240392	0.0008065593	0.009790947	0.144272	0.010408982	0.010408982	0.0017210697	0.019517528	0.0022195545	0.019517528	0.05233628	0.013355789	0.0038543346	0.00070913223	0.0004987693	0.0009813682	0.0036606707	0.008542061	0.00070281746	0.0013543017	0.0013543017	0.0005544805	0.0031111299	0.0011923726	0.00023183491	0.0031111299	0.000520489	0.006635229	0.0028675348	0.0008676391	0.0013277017	0.0008966569	0.010946514	0.0027684225	0.0021841375	0.006033457	0.00037829985	0.00037825207	0.0015801485	0.0015526497	7.597638e-05	0.00040853373	0.0009869632	0.0030220542	0.00054642855	0.0006529549	0.0052686585	0.00084053766	0.0009237895	0.0014187252	0.0033996985	0.0032153914	0.005578505	0.00011474787	0.023328489	-21.930835723876957
s01e10a	425.0	5.0	0.81676215	0.81676215	0.01576415	0.014081874	0.00020384326	0.002163106	0.152805	0.0001932725	0.00077941135	0.0018770404	0.000113946444	0.00014536938	0.00061575964	0.002060904	0.0011822889	0.0006203357	0.0005283348	0.0010511451	0.0036470143	0.04081776	0.01721147	0.008940211	0.0020912595	0.0072094295	0.001568271	0.0072094295	0.032053214	0.008301025	0.002576533	0.0008092553	0.0002343185	0.0005198526	0.0016154553	0.0008190068	0.00029008783	0.0005720745	0.00029130507	0.0003299853	0.0014129174	0.00036164487	9.30939e-05	0.0014129174	0.0003653482	0.0017193272	0.002451935	0.0004693141	0.0005828506	0.00028349092	0.0029849014	0.0014315002	0.0023473988	0.0036145637	0.00015016609	0.0009121421	0.0011197878	0.0032679494	0.000111016416	0.00051628286	0.001399905	0.000866657	0.0002405816	0.0002230843	0.003232019	0.0009018437	0.00029923383	0.0011757263	0.0011643592	0.0017443614	0.0041474923	5.605957e-05	0.03426465	-23.67529296875
s01e10a	430.0	5.0	0.73194426	0.73194426	0.12742978	0.00926147	0.00012600883	0.008824671	0.09016209	0.00040772333	0.0026025316	0.00089540397	0.00047919448	0.00018850013	0.00022473543	0.005062416	0.00028476844	0.00019306585	0.0070611835	0.0008180751	0.09331626	0.02399073	0.0019921446	0.0009042666	0.00031858825	0.0010339795	0.00033492295	0.0010339795	0.0665395	0.029737331	0.010222159	0.0010791688	0.00034927874	0.00058372755	0.0075337663	0.0002988606	0.00036138808	0.00047685124	0.0003610713	0.00042313163	0.00096610794	0.00075519976	7.986645e-05	0.00096610794	0.0004114115	0.0018028661	0.0019633735	0.0005090861	0.0004932083	0.00040120195	0.0012878334	0.00047315133	0.00044880176	0.024636611	0.00020281864	0.002051738	0.00073492853	0.00097403646	0.00020441196	0.00017713588	0.000135873	0.00070915656	0.0002930019	0.00012538437	0.0011419011	0.0003486935	0.00030375662	0.0038351114	0.0003122158	0.0046053426	0.007835489	8.212214e-05	0.032944623	-23.87993049621582
s01e10a	435.0	5.0	0.7151972	0.7151972	0.009740174	0.0078465175	0.0012504988	0.0033508278	0.040218417	0.0012615828	0.0015358428	0.0066223876	0.00063726533	0.00011880044	0.009614355	0.0029747186	0.0029583655	0.00017850415	0.0014680156	0.00062911253	0.0012058187	0.009468015	0.54473996	0.54473996	0.00091818656	0.010591025	0.0015244946	0.010591025	0.07147522	0.0076785884	0.002080628	0.00029211884	0.00017359378	0.00044928523	0.004570073	0.01477983	0.0007189904	0.0005508841	0.00038782906	0.00016000008	0.00079906	0.00037897466	7.646526e-05	0.00079906	0.0003411587	0.0023513732	0.0037114539	0.00090185483	0.00079904933	0.00034334138	0.007416678	0.0119536845	0.0006063892	0.008222484	0.0016022179	0.00052257837	0.001115655	0.000879514	8.009243e-05	0.00010977393	0.000879323	0.022883132	0.001796681	0.00020567788	0.0025047162	0.002504428	0.0007981696	0.001612348	0.023861332	0.0012753791	0.0039522224	0.0003358174	0.023861332	-22.89657211303711
s01e10a	440.0	5.0	0.6863093	0.6863093	0.0017418964	0.015035305	0.0004158738	0.00089308346	0.004463048	0.00018928936	0.004055617	0.10547791	8.855708e-05	3.8539445e-05	0.0022758555	0.0032304956	0.00075383007	5.8089885e-05	0.0020326762	0.00060160423	0.00018929875	0.0011429273	0.024270268	0.019445216	0.0015871708	0.0033079986	0.0011504063	0.021240158	0.10180586	0.0024274949	0.000686109	0.00018391779	0.00013430945	0.00018157835	0.004985469	0.0015336208	0.00077840756	0.0012007271	0.0007107676	0.0003024992	0.00072338973	0.00033928707	9.534989e-05	0.00072338973	0.00044631193	0.0025646654	0.01041943	0.00033508136	0.0004673831	9.205944e-05	0.00784556	0.022865893	0.004568711	0.008611183	0.000583791	0.002738814	0.0036637974	0.00091215083	0.0003335041	0.0006227811	0.0044469438	0.0006524035	0.0006695429	9.961673e-05	0.02476842	0.004718383	0.0012921189	0.012134857	0.012867024	0.0074622785	0.003228187	0.00019933798	0.02476842	-23.759212493896484
s01e10a	445.0	5.0	0.71473515	0.71473515	0.0041099	0.04615719	0.0009035264	0.00020561944	0.0019946517	0.002475989	0.001993887	0.013009917	0.0014400629	0.00071942084	0.004815906	0.006223029	0.0019816293	0.0002501071	0.0016923896	0.0003346641	0.00020799431	0.00052921916	0.106293365	0.0441326	0.0067761056	0.028554328	0.02916952	0.02916952	0.0738985	0.008539267	0.002003545	0.0008546175	0.00066748145	0.000789965	0.0017744934	0.0008910677	0.00042789875	0.002448739	0.0016755338	0.002433113	0.0014208386	0.0010763366	0.0008784613	0.0014208386	0.0009390085	0.006908194	0.0045185206	0.00031462658	0.00066756253	0.0003727816	0.003458322	0.0009926269	0.0017627715	0.04657488	0.00030595827	0.005578597	0.003933251	0.004085502	0.0011740223	0.045570005	0.00028058203	0.0018461858	0.0050319266	0.0008952633	0.00532839	0.00097243505	0.0002736606	0.0014318342	0.0020328357	0.004997391	0.0022167303	0.00043268673	0.00532839	-26.487468719482425
s01e10a	450.0	5.0	0.8566259	0.8566259	0.014713205	0.016602237	0.0006100909	0.00075350393	0.0062271883	0.0011431844	0.0009570837	0.0019662515	0.00059137744	0.00020679401	0.0017865296	0.0012971461	0.00029826854	9.8875425e-05	0.0004472229	0.0011573551	0.00057713105	0.0015750066	0.05583053	0.05583053	0.0018653797	0.008324524	0.0037423135	0.023813259	0.1433098	0.01518117	0.0029798963	0.0008290688	0.00051336945	0.0012213582	0.002540462	0.0016673171	0.00032855797	0.0021253799	0.00041136725	0.0010897103	0.0010026686	0.00023072923	0.0001867099	0.0010026686	0.00067256397	0.0020401059	0.0009622639	0.00016467698	0.00018726493	0.00043620903	0.0009302461	0.000564897	0.0013890066	0.0026872263	0.00041094198	0.0013975725	0.0014381737	0.01067809	0.00025770575	0.0008177972	0.0003975774	0.000557618	0.00027251136	0.00041730126	0.0042872024	0.0014016432	0.00013622027	0.00083934347	0.0014749918	0.008423995	0.0031972833	8.97097e-05	0.017146468	-25.043869018554688
s01e10a	455.0	5.0	0.8229662	0.8229662	0.01955301	0.03749502	0.0005325845	0.0015890056	0.1853215	0.0011385683	0.0016077085	0.002606374	0.00028040714	0.0013704161	0.0024427406	0.0024366525	0.0056198207	0.0007531723	0.0025301	0.00047236404	0.006598937	0.028341249	0.009848224	0.009848224	0.002378891	0.009564109	0.0039761374	0.009564109	0.16317889	0.013561677	0.0026900633	0.0012584877	0.00037347965	0.0017370633	0.0025049807	0.00048453675	0.0015430908	0.0008044925	0.0004212216	0.00075555965	0.002297289	0.0007096075	0.0001846016	0.002297289	0.0008875998	0.0031964446	0.003123515	0.0006165251	0.0007929954	0.0010886535	0.0039206105	0.0011855272	0.0020473874	0.008702305	0.0005278096	0.0018358268	0.0010675234	0.008489633	0.0015980486	0.004774556	0.00033764512	0.003790766	0.00068494445	0.001133758	0.0021805014	0.00093542144	0.00036659514	0.0049913977	0.0018409771	0.003512798	0.0070733367	0.00016973057	0.0070733367	-22.99224090576172
s01e10a	460.0	5.0	0.8231616	0.8231616	0.00709454	0.028429672	0.0015911881	0.0018293076	0.32096532	0.0008157635	0.0032473153	0.002944432	0.0001318598	0.0010566436	0.003156703	0.00073946017	0.002834397	0.002557183	0.0019028019	0.000686383	0.001629191	0.0023149655	0.0035511993	0.0035511993	0.0013384484	0.014440202	0.0016565354	0.020553125	0.114805795	0.019422418	0.0063701286	0.0014951747	0.00049933203	0.0013752327	0.007779921	0.0011709399	0.002046273	0.0009258629	0.0009258629	0.0008844138	0.0012682526	0.0007156429	0.0003581282	0.0012682526	0.00085461873	0.0025059353	0.0027801222	0.00023087185	0.001172197	0.00042818006	0.001972822	0.00060605	0.0026940398	0.003149994	0.00032496956	0.00091473747	0.0010089931	0.0032480254	0.00032065483	0.0022914186	0.0007948633	0.0012894253	0.00028021872	0.00061167777	0.00243704	0.0013499195	0.00047874768	0.0037706369	0.00080636947	0.0024889577	0.0028626006	0.00016384311	0.0037706369	-24.465221405029297
s01e10a	465.0	5.0	0.8212083	0.8212083	0.15253131	0.021216031	0.0004668483	0.0062783128	0.3409231	0.0021699758	0.0024239582	0.004090732	4.1403215e-05	0.00033546844	0.00073368684	0.0023523923	0.004999468	0.0007492904	0.0052120048	0.00024357355	0.011086068	0.14010803	0.0021801153	0.0021801153	0.0011619648	0.0021548583	0.00040788736	0.0021548583	0.020522684	0.009497925	0.0037522966	0.00111643	0.00036415653	0.0012355474	0.003112047	0.000597478	0.00034334304	0.00021272949	0.00017365787	0.000105536994	0.00049495435	0.0002325411	4.1389398e-05	0.00049495435	0.0005491373	0.0011300682	0.00082641904	0.00024379542	0.000204875	0.00052298646	0.001246512	0.0008562579	0.00070126326	0.005123257	0.0001832998	0.0007048609	0.000862609	0.0015130651	0.000108416774	0.00059749855	0.00055576034	0.0007065955	0.00020303884	0.00015849274	0.0026287218	0.0010050203	0.00037596186	0.0018776569	0.001217365	0.0017200132	0.0032008293	7.396246e-05	0.0032008293	-22.379148483276367
s01e10a	470.0	5.0	0.9083167	0.9083167	0.12981848	0.031749055	0.0029399279	0.0007969247	0.09306282	0.00983571	0.00093227753	0.004273809	0.00045938868	0.00039369962	0.0054525966	0.012079774	0.015664825	0.00079868163	0.002348681	0.0007525413	0.0024301729	0.0018189506	0.008992621	0.0056090336	0.0024142747	0.0064651836	0.0023821613	0.0064651836	0.10061704	0.009222593	0.0020691128	0.00090705557	0.00056626654	0.0008026777	0.0013937935	0.00084809575	0.00048303272	0.0064225346	0.002090381	0.0064225346	0.016957825	0.0024668328	0.0008212841	0.016957825	0.0022764173	0.016322326	0.0026425913	0.00025123014	0.00034902125	0.0006769742	0.0013620756	0.0025765672	0.0007830066	0.010381825	0.00030311584	0.0044453526	0.0014652997	0.014838465	0.00025960585	0.002637789	0.00048138443	0.0012234399	0.0025257694	0.0006300191	0.008511464	0.00051407015	0.0002476724	0.0019094234	0.00063764927	0.03958179	0.001263566	0.0001438914	0.008511464	-26.831972122192383
s01e10a	475.0	5.0	0.89077765	0.89077765	0.12849051	0.027881756	0.00044827693	0.0009723128	0.0032942926	0.0012295394	0.0014691519	0.0006982756	0.00015106182	0.0003032387	0.0034385433	0.0041127624	0.0008312572	8.482383e-05	0.00043151568	0.0006973376	0.0003057311	0.0025001029	0.0041601714	0.0028009482	0.0013824939	0.0047449633	0.0024495753	0.0047449633	0.09208005	0.014649346	0.0075580673	0.0010893974	0.00096043333	0.0012371141	0.003573114	0.00077220774	0.00036968564	0.0021612553	0.00090629456	0.0010420866	0.0011285514	0.00061663095	0.00041208882	0.0011285514	0.001365701	0.0058031264	0.0041135633	0.0002931296	0.00034230485	0.0010866568	0.0012545455	0.0006136809	0.0030674096	0.0027754873	0.0005601752	0.0019770232	0.00085308106	0.015709871	0.00048661663	0.00541218	0.00034994414	0.00093224243	0.0019068288	0.00020455274	0.0072799465	0.0035109126	0.0008033086	0.00034884995	0.0010455726	0.0033119535	0.0008135177	0.00021806006	0.0072799465	-25.12819480895996
s01e10a	480.0	5.0	0.8766709	0.8766709	0.11683714	0.008523331	0.00055446697	0.004686302	0.34704286	0.0010879065	0.0014520535	0.00082959636	0.00018880826	0.00010608335	0.0023291782	0.003083182	0.0051531945	0.00096900243	0.0014985014	0.0007731454	0.0030300524	0.0055931755	0.0032186543	0.0032186543	0.0016265863	0.0042655235	0.0011581017	0.0042655235	0.030737929	0.012570558	0.0055635287	0.00083634525	0.0004427995	0.0007761106	0.0019204335	0.00014741223	0.00020221542	0.001311418	0.00057846954	0.0005320787	0.0019539515	0.0006361269	0.00020565336	0.0019539515	0.0010031473	0.0020858708	0.0032674184	0.00031968934	0.00037355462	0.00042293462	0.0014298748	0.00090761756	0.0040066685	0.009083136	0.00010784646	0.0015190525	0.0018609733	0.0046420223	0.0003561029	0.0026937143	0.0027247753	0.0003075621	0.00012690561	0.00018892513	0.0075849183	0.0027152076	0.0004484158	0.0034785082	0.00085318467	0.0036756387	0.003722062	2.270301e-05	0.015398655	-23.99898147583008
s01e10a	485.0	5.0	0.043493807	0.043493807	0.00023546293	0.00059897755	0.00033000924	0.0017824967	0.00022928033	0.00023695246	0.044171102	0.0022088438	5.8581933e-05	8.2350496e-05	0.0008712864	0.0018301107	0.000103210616	0.00013449194	0.00030675912	0.0001128798	0.0016851609	0.0031588238	0.003937636	0.003295411	0.003937636	0.0013098238	0.0016150953	0.0016150953	0.85557985	0.36521932	0.21924306	0.008540866	0.005207189	0.0059595546	0.037221055	0.012911166	0.00813049	0.000739512	0.0005622885	0.0006369942	0.0013449684	0.0017794619	0.00021676715	0.0017794619	0.00025437435	0.0038738044	0.0037671244	0.0002484458	0.0009334984	0.0002556937	0.001515427	0.0017272581	0.0007293347	0.00041368563	0.00016564708	0.0012258629	0.00021315728	0.00041939734	0.0004137673	0.00021905595	0.0011593059	0.00031417637	0.0003997356	0.0003111615	0.0009750122	0.00066065486	0.00049494684	0.0014411515	0.00066193176	0.0017386251	0.0013112219	0.00017271032	0.015162829	-19.716392517089844
s01e10a	490.0	5.0	0.77381593	0.77381593	0.004313545	0.0022483594	0.0001373769	0.0010198535	0.00052944035	0.00019345393	0.009467907	0.0013173027	0.0001326767	0.00013213165	0.0016564785	0.00055509043	0.000273836	8.3741e-05	0.00036781144	0.00042432058	0.00029696614	0.00044602252	0.0013934373	0.0013934373	0.0008565848	0.0023603162	0.0020329317	0.0023603162	0.82856923	0.468126	0.46472716	0.0040119886	0.00037451222	0.0035530557	0.014190698	0.0011646526	0.0050907293	0.00089248334	0.0002728366	0.00089248334	0.0009863292	0.0007924674	0.00026481313	0.0009863292	0.00018272742	0.0017878728	0.001318123	0.00016053616	0.00030211156	0.00015922466	0.00059343834	0.00086096465	0.0006826174	0.0013664835	0.00083059334	0.00085095316	0.0018480037	0.0074182437	0.00041881963	0.0025682368	0.00024916575	0.00037298136	0.0009937264	0.00014342717	0.001295718	0.005132012	0.00059229066	0.0006832207	0.0009060411	0.0061727907	0.001212942	0.00014954322	0.005744709	-22.99791145324707
s01e10a	495.0	5.0	0.83332187	0.83332187	0.013040065	0.0023348639	0.00042845667	0.0002756502	0.0006897913	0.001269078	0.0012620625	0.0014097991	0.0005553166	0.0010216745	0.01043357	0.003956503	0.002775717	0.000120341014	0.0018410727	0.00021966959	0.00016648554	0.00050329935	0.01236912	0.01236912	0.0061378307	0.05968389	0.0023736437	0.05968389	0.012655759	0.005934275	0.0027978255	0.001405494	0.0004715936	0.0011049022	0.0005568789	0.0002639123	0.00014283198	0.0033323048	0.00060875295	0.001284778	0.0008746618	0.00022862958	0.00037467844	0.0008746618	0.0064700246	0.0018430005	0.0021058104	0.00011962868	0.00087103364	0.0009437244	0.0006949767	0.0020706374	0.0006596627	0.0038837167	0.00063348305	0.0012689233	0.0007173294	0.0045641875	0.0002406151	0.005935114	0.00043194985	0.0039149798	0.009258622	0.0005430627	0.0098440405	0.002164018	0.00025862016	0.00043131522	0.00034084404	0.014650736	0.00328327	0.00097098807	0.009949153	-26.61771583557129
s01e10a	500.0	5.0	0.79831564	0.79831564	0.002590707	0.10759785	0.0011826876	0.00031152988	0.008463243	0.00037462325	0.0023542654	0.05871387	0.0013035913	0.00062482274	0.003133881	0.0012394111	0.0036000349	0.0022123852	0.0039611263	0.00068965164	0.00033543358	0.00040144718	0.02992277	0.02992277	0.0018654019	0.013392055	0.008240578	0.013392055	0.06981701	0.0073517887	0.0023396504	0.0007441878	0.00054990046	0.00062956236	0.0021507004	0.0020021668	0.0008751908	0.0028416517	0.0006914618	0.0028416517	0.0012997976	0.00044104687	0.00086810754	0.0012997976	0.00072131905	0.0019699924	0.005560058	0.00014803496	0.0004075232	0.00046639482	0.0038521674	0.00058339024	0.004106882	0.0028712293	0.0013142551	0.0011176931	0.0027405443	0.012946783	0.007145928	0.035612952	0.00028220244	0.0013691259	0.008340013	0.00053751684	0.02482323	0.0015830775	0.00032648776	0.000768847	0.000980954	0.018406767	0.0010769669	0.00016178134	0.02482323	-24.655941009521484
s01e10a	505.0	5.0	0.8019512	0.8019512	0.11748306	0.0066498634	0.0009074999	0.010027757	0.24383478	0.001958395	0.0022088974	0.0022247361	0.00077258237	0.0012623294	0.004263108	0.00958056	0.0020949028	0.0012777329	0.0040779156	0.00040471062	0.017439125	0.036120366	0.0037541292	0.0036988703	0.0032337015	0.009564123	0.00323931	0.009564123	0.04591777	0.022529684	0.014790702	0.001686546	0.0004860374	0.0016969346	0.009547028	0.00061741367	0.00039297575	0.0014725373	0.0014039957	0.0014725373	0.0033074233	0.0019294168	0.00040580836	0.0033074233	0.0012660971	0.0051659783	0.002525868	0.00060230907	0.00049098744	0.00082721876	0.0031925288	0.0020921773	0.0009239906	0.004232669	0.00026138613	0.0013050187	0.00067242363	0.0034316222	0.0002326307	0.0017208011	0.0019472453	0.0010372684	0.00043689713	0.00050501834	0.0034157268	0.0019468812	0.0017413417	0.0036576388	0.0019681088	0.004455798	0.0025448047	0.00025221752	0.0037845783	-23.471134185791016
s01e10a	510.0	5.0	0.81590086	0.81590086	0.0344773	0.0065961396	0.0002586828	0.0005704168	0.0024757842	0.0005032612	0.0017825492	0.0008133395	0.00016819667	0.00039678416	0.007225297	0.005266422	0.0021613643	7.353725e-05	0.001650296	0.0010414182	0.00096949417	0.0015355254	0.013825388	0.0032942519	0.0032243629	0.0017456507	0.0016177116	0.0034930077	0.03699298	0.01802798	0.009400779	0.0015401829	0.00094458717	0.0016265522	0.0032037974	0.00035796608	0.0002875304	0.0031744298	0.0011476055	0.002121716	0.0035923736	0.0004982071	0.0003828054	0.0035923736	0.004826212	0.00698902	0.0030116735	0.00018170374	0.0004954254	0.00047387712	0.0016752563	0.001713019	0.001180679	0.013276661	0.00049837906	0.005396082	0.0017687002	0.005900353	0.0003334135	0.004899223	0.00045609064	0.0009194586	0.0017659174	0.00041816797	0.012323673	0.002781282	0.0003262771	0.00063179474	0.0006905033	0.014140576	0.00083248114	0.00034785297	0.012323673	-26.176977157592773
s01e10a	515.0	5.0	0.838116	0.838116	0.05651762	0.006584526	0.00024334583	0.007344165	0.26483294	0.0014837402	0.00445354	0.0031393077	9.08866e-05	0.00020429293	0.0006451245	0.0024356954	0.007936312	0.0005306792	0.0013235405	0.00018338214	0.0040200697	0.6610076	0.0035662702	0.0035662702	0.0020127343	0.0021966374	0.00034694516	0.0021966374	0.041984394	0.015241886	0.007880031	0.0011405488	0.00031448444	0.0015787897	0.0019223465	0.0004574127	0.0002680263	0.0004843841	0.0004843841	0.0002386493	0.0012266571	0.0007098003	0.00015275771	0.0012266571	0.0006728685	0.004720515	0.0022130504	0.00042675936	0.00041625992	0.0004877109	0.0018214405	0.0014298324	0.0010694865	0.0055847457	0.00023096871	0.0012453105	0.00055119925	0.0037395605	0.000117160744	0.0007547523	0.0007182419	0.0005243089	0.00012675855	0.00015694345	0.0012410536	0.00044169417	0.0007698008	0.007672668	0.003052472	0.0028114924	0.0027206023	0.000118598735	0.007672668	-23.169208526611328
s01e10a	520.0	5.0	0.8586267	0.8586267	0.035707418	0.0039201155	0.0006892055	0.0008077957	0.0021018782	0.00019852672	0.0014707918	0.0014736636	0.00036397608	0.0003819668	0.011839551	0.006737528	0.012475263	0.00015396412	0.0017673277	0.00019596952	0.0004777206	0.0010919013	0.012574388	0.00734568	0.002300549	0.0019224288	0.0016160775	0.0056694644	0.03207718	0.008633079	0.005046891	0.0009097414	0.00041905305	0.0010571239	0.0020110665	0.000339703	0.00015623467	0.004516466	0.0014607803	0.004516466	0.0029248802	0.00074706407	0.0008161775	0.0029248802	0.005243356	0.0030853343	0.0011717521	0.00015853383	0.00033533032	0.00040116103	0.000660325	0.0050136796	0.00070966606	0.017162949	0.0006852582	0.010777306	0.0043893578	0.004789261	0.00039868144	0.012605616	0.0011377259	0.0006718209	0.0035972514	0.00024927483	0.052806962	0.0037084755	0.0007524556	0.0017063519	0.0009151951	0.027504565	0.0031983426	0.00063522335	0.052806962	-27.08319091796875
s01e10a	525.0	5.0	0.8785598	0.8785598	0.0735367	0.009621777	0.0009932294	0.0012943366	0.012369842	0.0058543435	0.0015662684	0.0012387802	0.0026054827	0.00081989693	0.11730234	0.0048412015	0.0011435008	0.00045833192	0.0008584866	0.0021401583	0.00024635778	0.0020156328	0.0068992954	0.0043609804	0.006682448	0.00277497	0.00313539	0.00313539	0.044870663	0.010080466	0.0045955954	0.0010931519	0.0005190614	0.0011195655	0.0022552223	0.00049314485	0.00018920004	0.004456699	0.002580233	0.0016936257	0.004471673	0.002864011	0.00065795775	0.004471673	0.00221122	0.010500708	0.0046576867	0.00027420803	0.000587094	0.0005911497	0.0030870698	0.0014773646	0.0010930498	0.0037835988	0.0006180748	0.002668865	0.000767008	0.018465323	0.00071793876	0.010039053	0.00042702182	0.0012802241	0.0024223307	0.0005251026	0.006025432	0.0022872863	0.0006698007	0.0009371414	0.00060088275	0.012207511	0.001511081	0.00031866538	0.006025432	-26.00814819335937
s01e10a	530.0	5.0	0.80063075	0.80063075	0.037908554	0.018665122	0.0008084999	0.0042416095	0.27791077	0.0011596085	0.0015521278	0.0006026254	0.0008550627	0.0005571919	0.0029003944	0.0045424188	0.004504478	0.00045164264	0.0023042394	0.0005791437	0.0033449507	0.025039613	0.0073471237	0.0073471237	0.002066175	0.008556214	0.003814273	0.008556214	0.056323733	0.008845883	0.0038133652	0.00059326977	0.00046193402	0.00085695094	0.0025326298	0.00034239102	0.0005016678	0.00080118416	0.0004835934	0.0006214799	0.0019044019	0.0006905079	0.00022002531	0.0019044019	0.00080994883	0.0035278762	0.002572003	0.00042697726	0.0011042968	0.0010134488	0.0025177451	0.0010831517	0.0017450126	0.005137505	0.0003443929	0.002070685	0.0011825	0.022716466	0.00034303957	0.0039670547	0.000676358	0.0021227521	0.0017670888	0.00031404578	0.0052083973	0.00091942836	0.0006557538	0.005275976	0.00087661215	0.004945669	0.0029985611	0.00013695106	0.005275976	-23.997404098510746
s01e10a	535.0	5.0	0.8357345	0.8357345	0.022456152	0.00530667	0.0003170348	0.00052059395	0.0010497676	0.00034678282	0.002519427	0.00055515365	0.0013287859	0.00045805651	0.019236939	0.000688341	0.00059772347	9.74621e-05	0.00067838666	0.0007435321	0.00022557458	0.0006993638	0.0031086523	0.0031086523	0.0018185586	0.003665615	0.0008711046	0.003665615	0.04585246	0.018244823	0.010004508	0.0012017076	0.0005354765	0.001764957	0.0041755764	0.0004898097	0.0006052759	0.0022349854	0.00038059684	0.0015376433	0.0012636345	0.00024778154	0.0005897999	0.0012636345	0.0012388894	0.0013633895	0.0010218283	8.4771105e-05	0.0002996955	0.0006999856	0.0012183975	0.0005215167	0.00091252633	0.0016572902	0.00023199036	0.0025664186	0.0011866869	0.008386265	0.00033524464	0.004995499	0.00014653688	0.0013285517	0.0013155737	0.0002587647	0.013205773	0.0018494627	0.0008045776	0.0013896854	0.0005757537	0.0023322008	0.000800595	0.00025567957	0.013205773	-25.448205947875977
s01e10a	540.0	5.0	0.740017	0.740017	0.051208682	0.0025194485	0.00040945836	0.0010592343	0.0022334103	0.0005661222	0.0012317501	0.0006289713	0.0044142124	0.00057381514	0.012550444	0.004600008	0.0015019722	0.00039610878	0.0008353433	0.002234522	0.00031239446	0.00305709	0.004639104	0.0027750123	0.0039543025	0.0023042886	0.0024871107	0.0035460398	0.03083373	0.008825563	0.005535372	0.00084833574	0.0009659726	0.0010463558	0.0016138018	0.00069073826	0.00030265958	0.026489165	0.015903108	0.026489165	0.019708715	0.020694	0.008509838	0.020694	0.0045845713	0.043855883	0.013323875	0.0012173796	0.000648985	0.0018414118	0.004294773	0.0021158243	0.0067426385	0.005035712	0.00047225758	0.0038971952	0.001719897	0.012560955	0.00086591253	0.054988217	0.00052063266	0.0022348398	0.0034403151	0.00061199936	0.03271504	0.008498139	0.0014694505	0.0026873732	0.0017123504	0.026689926	0.000954327	0.00038201557	0.03271504	-26.283370971679688
s01e10a	545.0	5.0	0.8955439	0.8955439	0.023797281	0.22784767	0.001679953	0.002125316	0.03396422	0.0026025414	0.00089569367	0.019194739	0.00028688335	0.0005412138	0.0028434438	0.004216751	0.0030907998	0.0011263469	0.0014961575	0.00027143682	0.0008807493	0.012727847	0.0090125725	0.007992122	0.0019727075	0.0023111359	0.0013546358	0.0023111359	0.0408736	0.0031626371	0.0010160194	0.00066584954	0.00042514852	0.00063561	0.0017218482	0.00041466698	0.00018113911	0.0137956105	0.00705269	0.0137956105	0.0058968607	0.004393577	0.003754267	0.0058968607	0.0063708806	0.009335931	0.012485554	0.0022959297	0.0006223391	0.0022701975	0.005906498	0.0038958294	0.003241246	0.0032969161	0.0008205222	0.0016938306	0.00078821107	0.0075562936	0.0014087255	0.008200652	0.00032210775	0.0013771188	0.001845547	0.00032759493	0.0048133237	0.00035948463	0.0015344884	0.0019998546	0.0013602595	0.007943133	0.0042287474	0.00019636868	0.006446679	-25.358572006225582
s01e10a	550.0	5.0	0.7836948	0.7836948	0.025651583	0.024523897	0.001471832	0.00764046	0.43422666	0.0010456503	0.006925252	0.0019104959	0.0056721205	0.0010142544	0.0013173693	0.0020046283	0.0045339316	0.000705957	0.0016168578	0.0021277638	0.003465147	0.005076529	0.028316775	0.0010566853	0.0014421777	0.0006326962	0.00096414064	0.00096414064	0.06763453	0.006822791	0.005357891	0.0015360776	0.00079226354	0.0013709258	0.003814969	0.00096240785	0.001001576	0.0006108522	0.0004251437	0.000564204	0.0006322716	0.00042970793	0.00033681118	0.0006322716	0.00070037664	0.002012853	0.004670003	0.00026348364	0.0014564818	0.0005278637	0.0035777178	0.0002142345	0.005370736	0.0027178067	0.0002754524	0.000784337	0.0011345294	0.006960858	0.00068808324	0.0015493481	0.0008775832	0.0013547027	0.00075659005	0.0012011325	0.0036600379	0.0008535116	0.000444295	0.0044638645	0.0007580391	0.0013440908	0.0018138334	0.00013087646	0.0044638645	-23.775829315185547
s01e10a	555.0	5.0	0.88252115	0.88252115	0.02073572	0.19053699	0.000604457	0.0020915968	0.093046516	0.0013320912	0.0022835918	0.011477315	0.0015830518	0.0005046591	0.0037077214	0.0019930026	0.00091317215	0.00085172785	0.0011187056	0.002162575	0.0018683395	0.017939895	0.04433868	0.01001705	0.011979144	0.005246508	0.003568679	0.005246508	0.07620797	0.0064400546	0.002073572	0.0012141684	0.0005923299	0.00075663254	0.00242231	0.00034317045	0.0005921857	0.0012190511	0.00043242922	0.0007742569	0.0012071048	0.00040117555	0.00032752997	0.0012071048	0.00066232553	0.0018747466	0.004485944	0.00047604553	0.0004554329	0.0004689734	0.005346927	0.0009156627	0.001825267	0.0041293986	0.0005081066	0.0012565539	0.00079258974	0.019072615	0.0009146124	0.0035492412	0.0002754185	0.001101651	0.00212729	0.0004285674	0.0017091832	0.0003926157	0.0005446328	0.0019585711	0.0010576678	0.0023885907	0.0017757466	0.00011539351	0.0025418557	-24.444843292236328
s01e10a	560.0	5.0	0.8493642	0.8493642	0.072136045	0.013202665	0.0002834947	0.0029708685	0.13401398	0.00064721657	0.0021698992	0.0027282124	0.0002041535	0.0004890155	0.0012596054	0.0038356779	0.00065985485	0.0008108632	0.0018066801	0.0007696534	0.0054728882	0.09413032	0.027097749	0.0037976764	0.0027210903	0.010256983	0.00074068276	0.010256983	0.060108453	0.006906359	0.002088185	0.00057359476	0.0003528962	0.00047596387	0.0036467873	0.000602672	0.00031694112	0.00095599785	0.00085384626	0.0005138203	0.0032803407	0.0010803008	0.00014489304	0.0032803407	0.0006378772	0.0026659577	0.001537412	0.00021643507	0.00027736722	0.00060727727	0.0019516244	0.001412333	0.00086052663	0.005016314	6.628966e-05	0.0008863933	0.0009856485	0.0050801574	0.00017160607	0.00023078953	0.0005421692	0.0005977158	0.00013173826	0.00041887953	0.0015961061	0.00024311739	0.000592808	0.0021469349	0.00044296333	0.0023501676	0.0021167304	8.397513e-05	0.013166769	-23.945507049560547
s01e10a	565.0	5.0	0.2884743	0.2884743	0.01684959	0.002439695	0.0013020935	0.0008937347	0.032789543	0.0028955028	0.003058141	0.0008923689	0.0068870448	0.0001448704	0.053629134	0.0032694673	0.0031567914	0.005008492	0.0008037167	0.0005034104	0.0005887022	0.0016877378	0.14403272	0.08116156	0.011962169	0.011247647	0.0018901143	0.011247647	0.044111196	0.010301934	0.0037763803	0.00050843484	0.000367725	0.0006687648	0.002447742	0.0004776965	0.00035536714	0.002343625	0.0023061235	0.001149207	0.003549177	0.0021016842	0.0008114429	0.003549177	0.0010362674	0.028866895	0.0051331026	0.00045755773	0.00066511764	0.0006056204	0.011655262	0.0030015963	0.0025626011	0.008832277	0.00020343396	0.0055683856	0.0031128784	0.008829476	9.922102e-05	0.00096464687	0.00020454261	0.00085912563	0.0005857532	0.0003672419	0.021159811	0.0022722085	0.0009840135	0.007778482	0.001326314	0.018966645	0.00037638645	0.0007212902	0.021159811	-26.62994766235352
s01e10a	570.0	5.0	0.9039354	0.9039354	0.079722345	0.009108992	0.0013518429	0.003029194	0.3014226	0.0016346447	0.002555002	0.0010416643	0.00031148148	0.00028375429	0.0016076328	0.003831535	0.002900651	0.00034515647	0.0015424768	0.0006609685	0.0021757218	0.050560113	0.0073324526	0.0014277289	0.001695189	0.0016659969	0.00052597024	0.0027772328	0.026252998	0.0055163535	0.0030813403	0.00056051975	0.0002634088	0.0005658805	0.0012279933	0.00035159997	0.00013478813	0.0006655786	0.0005108862	0.00048344315	0.002669817	0.0007176316	0.00012838384	0.002669817	0.0020146298	0.0047091744	0.0044326372	0.0008092437	0.0005640905	0.0008284785	0.002704617	0.0021182983	0.0030380487	0.013099874	0.00035603804	0.0013827875	0.0012616892	0.011826643	0.00020841935	0.001228858	0.0008598497	0.00097078265	0.00059220736	0.00033719942	0.0062179323	0.0027047766	0.00049039297	0.0038262245	0.0025539717	0.008850901	0.0034277383	0.00023156848	0.0062179323	-24.60186004638672
s01e10a	575.0	5.0	0.86986846	0.86986846	0.032823134	0.059347402	0.00055710535	0.00473929	0.28629914	0.0016027016	0.0028109415	0.0016818822	0.00013094125	0.00040197527	0.0015596516	0.0037821177	0.003886311	0.0008726256	0.0021969886	0.0012047545	0.01116503	0.046707787	0.003781396	0.0028018686	0.0015725356	0.0026955006	0.00037265688	0.0026955006	0.10155185	0.010485776	0.0027450388	0.0007840135	0.00025823677	0.0008172169	0.0043775043	0.00024439517	0.00038345534	0.00049611775	0.00036284316	0.00044087958	0.0010766771	0.00036665646	0.00010169605	0.0010766771	0.000655696	0.0026670774	0.0036976633	0.00043026783	0.00046314785	0.0005664998	0.0035187474	0.0010583794	0.0027803709	0.010328137	0.00031044442	0.0022650624	0.0012439318	0.015830489	0.00046274406	0.0013330448	0.00047544716	0.00065996015	0.00039487967	0.00024927696	0.0026512207	0.00068372977	0.00026819092	0.0034749382	0.0005781725	0.0047083884	0.006456093	3.9203976e-05	0.024169208	-22.833127975463867
s01e10a	580.0	5.0	0.73711216	0.73711216	0.017375404	0.0018106212	0.0068254834	0.0020177807	0.008321444	0.006878	0.0014505085	0.008459871	0.0017277349	0.00028410836	0.00903667	0.0037532113	0.0022046377	0.0014005397	0.006340742	0.00010029193	0.0014649795	0.000573027	0.004365944	0.004365944	0.0020075687	0.0012622512	0.0037388625	0.01182262	0.47368607	0.019800443	0.002573792	0.0007053766	0.00014353813	0.0006536171	0.006618041	0.00029457014	0.0010000927	0.014429139	0.0016692327	0.014429139	0.0012655328	0.0015672947	0.0020858324	0.0015672947	0.015716435	0.001946747	0.003320196	0.00033480898	0.0006759726	0.0001764863	0.0010307167	0.016610553	0.00071070454	0.012083889	0.0015485407	0.011677139	0.006750832	0.020162405	0.00039657767	0.00066595833	0.00021278263	0.0011153271	0.006690008	0.00030226423	0.010319822	0.0007660796	0.003569218	0.008600468	0.0014834095	0.009191279	0.010866413	0.00029982295	0.113506675	-25.294509887695312
s01e10a	585.0	5.0	0.72554326	0.72554326	0.029695142	0.012206477	0.00029847052	0.0020959468	0.2154011	0.0007364331	0.0021999823	0.0027021358	0.00024793443	0.00040408378	0.0013539934	0.0036826546	0.0054928963	0.0017382568	0.0015881116	0.00030376937	0.019310778	0.06634888	0.009241657	0.009241657	0.0028888858	0.008974031	0.0014688091	0.008974031	0.061814196	0.0133461105	0.006081781	0.001387923	0.00058555667	0.0016485724	0.0035134344	0.00052160845	0.0004348692	0.0016325807	0.0016325807	0.0010017501	0.008340565	0.002616608	0.00046731354	0.008340565	0.0010240853	0.008485649	0.0074273995	0.0026090876	0.0041464604	0.0014284524	0.020872379	0.002403236	0.00358131	0.002119113	0.00045730328	0.0008546684	0.0014909549	0.0016181853	0.00022358003	0.0018085885	0.00060901005	0.0011397245	0.0007415122	0.00093925005	0.00722777	0.0006629236	0.0012378065	0.0036006235	0.00079746026	0.0077535193	0.0019472621	0.00061425765	0.00722777	-22.213594436645508
s01e10a	590.0	5.0	0.10978567	0.10978567	0.0027403124	0.0020312113	0.003290961	0.0006785027	0.106135614	0.0011874919	0.034733336	0.0021170066	0.00012878256	6.206908e-05	0.0010256554	0.0012189245	0.0015566977	0.0011482249	0.0009914794	0.0003853488	0.005352214	0.006682923	0.003529796	0.003529796	0.00061923463	0.004422338	0.0030257846	0.004422338	0.74127877	0.44273552	0.30592492	0.0021114233	0.0009529755	0.0014798992	0.015094816	0.001251203	0.0075466875	0.0026376008	0.0017601346	0.0026376008	0.011839256	0.009950849	0.0009349501	0.011839256	0.00015781788	0.0085636005	0.005149649	0.00062963617	0.00244484	0.00018541854	0.00504771	0.000654414	0.0008372966	0.0010037232	0.00028644907	0.000842253	0.00011197498	0.00031882798	0.0004002202	0.00019063441	0.00030764655	0.0006914252	0.00042230473	0.00024196968	0.00084631727	0.00037911415	0.0009848314	0.00041991	0.00021983322	0.0026537864	0.0003280656	0.00017188773	0.0014879452	-24.19184875488281
s01e10a	595.0	5.0	0.015707793	0.015707793	8.0256505e-05	0.00018738047	0.00013699978	3.857114e-05	0.00016748688	8.5172185e-05	0.0052493857	0.00023993838	3.162321e-05	8.8567635e-05	0.0018644131	0.0023417517	0.0033381518	0.00028173468	0.00025777725	0.00035385718	0.00037583985	7.8325174e-05	0.0025106703	0.0016515974	0.0020605223	0.00075679406	0.0003833311	0.0008566643	0.8247353	0.48428753	0.48083362	0.0054818164	0.0007464941	0.003937013	0.057408933	0.00042776988	0.0040345984	0.0019063208	0.0014327208	0.0011440439	0.001982029	0.0018148992	0.00044144772	0.001982029	0.0018111867	0.0046880883	0.0038325253	0.00016813092	0.00019926766	0.00018666041	0.0013250551	0.005859672	0.0008288954	0.0008749577	0.00036840732	0.001210713	0.0038704313	0.00070272764	0.00074347825	0.0005710117	0.0015274254	0.0004163998	0.0014717003	0.00015522091	0.005601143	0.0018062312	0.0012682334	0.0007712591	0.0027150474	0.0092984615	0.0018459125	0.00019291828	0.013976362	-20.441822052001957
s01e10a	600.0	5.0	0.597301	0.597301	0.005366362	0.00931325	0.0008969381	0.0002183253	0.0013723974	0.00049835007	0.01403964	0.003193532	0.00023749757	0.00016652126	0.004177536	0.002981574	0.001597952	0.00015927144	0.000521307	0.00065154943	0.0015567511	0.00053027924	0.0029476157	0.0029476157	0.0019979598	0.009675383	0.0024044137	0.009885389	0.7323078	0.45007768	0.3542731	0.003700461	0.0023083868	0.0026255446	0.08845869	0.0014064849	0.0026262526	0.007212577	0.0041043414	0.007212577	0.006732325	0.021126604	0.0037311602	0.021126604	0.00084914773	0.031359494	0.03832679	0.0012933181	0.012144721	0.00021951445	0.010624396	0.0046156454	0.0031304935	0.000873597	0.00011177782	0.0009679372	0.0006544296	0.001741321	0.00033231394	0.00081657164	0.0018492162	0.0011353522	0.00064536533	0.00036515095	0.0025046305	0.0012507394	0.0013593109	0.00058957026	0.00089757156	0.0106797125	0.0010827137	0.00013500126	0.004327344	-20.158164978027344
s01e10a	605.0	5.0	0.755295	0.755295	0.038900644	0.30326277	0.00050004263	0.0034543772	0.015587635	0.0050244145	0.007457593	0.0049943635	0.00036028694	0.00018137676	0.0019166799	0.004706623	0.0023487895	0.00026095982	0.0027482768	0.001877755	0.001189714	0.010569177	0.007389837	0.0051385723	0.002337559	0.004345302	0.0019163532	0.004345302	0.16893256	0.008240033	0.0023226386	0.000764484	0.0008964797	0.00060807273	0.0037955751	0.00224953	0.0013476054	0.0037778802	0.0024377168	0.0037778802	0.003000586	0.003012037	0.0016858355	0.003012037	0.0012037761	0.013196735	0.01846027	0.0007726851	0.0010678173	0.00089641643	0.0054423506	0.001148732	0.004496693	0.0039605014	0.00083152385	0.003768155	0.001613751	0.028117176	0.0010445124	0.005650497	0.0007345218	0.0011361019	0.0030090301	0.0009873252	0.004470773	0.0009940886	0.0008671874	0.0013788969	0.0010019152	0.0062661096	0.002118542	0.00020376552	0.004470773	-23.99567031860352
s01e10a	610.0	5.0	0.55537575	0.55537575	0.0010619533	0.0820897	0.0006888286	0.00015407222	0.0006444265	0.00014088201	0.0009237402	0.011353683	3.8231883e-05	0.00014151804	0.0012827062	0.02145286	0.00019052502	8.430418e-05	0.00081002526	0.0002642051	0.00042424252	0.00026052253	0.009127815	0.0017691583	0.0037877238	0.0016324859	0.0010940977	0.0016324859	0.02525139	0.0024704107	0.00058214105	0.0004923513	0.0005665722	0.0004251267	0.0012919725	0.0010670811	0.00022145102	0.0034039533	0.0022309516	0.0014349805	0.0027711538	0.00078979036	0.00044106116	0.0027711538	0.0018292172	0.005122414	0.0045518917	0.000172426	0.00021839526	0.0002002585	0.0038258026	0.001950734	0.0014403104	0.013128868	0.0002985442	0.02186759	0.01138177	0.00281381	0.00029536206	0.0024073666	0.00020107356	0.00034009232	0.0019995996	0.00016479699	0.039264414	0.0013918012	0.00085775886	0.0016974725	0.001031737	0.04195225	0.0028096868	0.00027880154	0.039264414	-25.6506462097168
s01e10a	615.0	5.0	0.8951209	0.8951209	0.008579213	0.040363368	0.0013184451	0.0034745436	0.07086653	0.00056179514	0.00058770034	0.015360906	0.00033423875	0.00032508513	0.0010618208	0.0015421368	0.002540751	0.0008903506	0.00069680845	0.0002959221	0.0007446482	0.009104732	0.016951203	0.009747457	0.006533778	0.006037862	0.001681353	0.008147459	0.06584497	0.0037193755	0.001105783	0.00029307455	0.00014932465	0.0007207542	0.0020903451	0.00046837158	0.00018015764	0.0010213378	0.00024945693	0.00038051122	0.0005824077	0.00019027086	0.000116327494	0.0005824077	0.0014465759	0.0011280059	0.0018129738	0.00016990512	0.0006481407	0.00042659868	0.0020218943	0.0007280005	0.0016746584	0.01245316	0.0002750097	0.001446199	0.0008440824	0.011662543	0.0005461234	0.0036574514	0.00062817126	0.0004229437	0.00037103918	0.00032642393	0.0034496086	0.0013776224	0.0005627839	0.0013346443	0.0012982028	0.0023114693	0.0051098685	6.741625e-05	0.0067646615	-24.681304931640625
s01e10a	620.0	5.0	0.86427104	0.86427104	0.04313447	0.017622681	0.0010322812	0.0022322226	0.10511278	0.0018840231	0.0030311618	0.006349479	0.0005540288	0.00039224105	0.0012763944	0.006001038	0.0050053066	0.0007605695	0.0024162347	0.00042204335	0.003894545	0.025287447	0.022626964	0.004734843	0.0015750607	0.0036434175	0.00189411	0.00823018	0.034130152	0.01338529	0.0109033715	0.00073065545	0.00035444598	0.001026638	0.0033425223	0.00041941713	0.00030020738	0.0019097851	0.0009798724	0.001659789	0.015783997	0.0011900607	0.00030330144	0.015783997	0.002369669	0.012913068	0.0072335307	0.0004088961	0.0015231067	0.00022438515	0.0017574246	0.009144032	0.0045562736	0.0058294525	0.00018945712	0.001941534	0.0011899667	0.0034906636	0.00017541242	0.0023911782	0.00065771537	0.00093389914	0.00030200212	0.00028334392	0.006122851	0.0011766035	0.0011869554	0.0054026577	0.003186919	0.011289468	0.0040424946	0.00022049554	0.006618019	-24.389633178710938
s01e10a	625.0	5.0	0.88293797	0.88293797	0.2105474	0.010987046	0.0010476655	0.0024650334	0.12479398	0.0021754412	0.0028715709	0.0031993662	0.00071036094	0.00068671437	0.015142494	0.009642427	0.006227436	0.0006532584	0.0040355967	0.00021697662	0.0012064943	0.03509746	0.022795497	0.008362047	0.0015463239	0.005072913	0.0012028625	0.007914664	0.021534063	0.006408146	0.0034136693	0.0010799967	0.00022216902	0.00096823054	0.0021283976	0.0005863713	9.717099e-05	0.0029710226	0.001017885	0.001936702	0.0009871287	0.00057858427	0.00076309015	0.0009871287	0.0032204173	0.0017724338	0.0017938996	0.0005920993	0.00027341285	0.00041372466	0.0013103792	0.0028829582	0.0011351369	0.009895148	0.00050932204	0.0016561128	0.0038032725	0.0038587968	0.00015971946	0.0020603028	0.0019335856	0.0008140746	0.001105554	0.00023788556	0.0021600372	0.002159961	0.0010510575	0.0036207875	0.009957109	0.0049606017	0.028506078	0.0005443697	0.028506078	-26.044479370117188
s01e10a	630.0	5.0	0.84641385	0.84641385	0.05632093	0.019760294	0.00026797163	0.0037537336	0.11491128	0.0010439731	0.004853211	0.0043311855	0.00019463955	0.00053024234	0.0026540994	0.0028914816	0.0011340815	0.0006996848	0.002075424	0.00028458034	0.0064525395	0.076134205	0.21790393	0.21790393	0.0014366624	0.00078540953	0.0004188859	0.0013029124	0.049849868	0.008252317	0.002948877	0.0007237876	0.00048095788	0.00072512665	0.0028181765	0.0006439436	0.00032923493	0.0006933579	0.00028205395	0.00032261547	0.0014787305	0.00033580122	0.000117800184	0.0014787305	0.00021703477	0.0015555797	0.0009901762	0.0002305597	0.0007774345	0.00016060722	0.001933616	0.0013589006	0.0004305969	0.004339035	0.00034215543	0.0008053098	0.0004988729	0.002105636	5.3238913e-05	0.00051491836	0.00049423915	0.00030732673	0.00028932217	0.00022043941	0.0015026182	0.0002563926	0.00058898365	0.0024926588	0.0007939863	0.0021748007	0.0042066956	0.00013956633	0.01793846	-23.426130294799805
s01e10a	635.0	5.0	0.69401115	0.69401115	0.01687142	0.06719238	0.00015550625	0.00095128495	0.002373761	0.0005570013	0.005120835	0.0019580137	0.00086770894	0.00043836766	0.0021129185	0.001576074	0.0005574522	0.00017570888	0.0012770905	0.0006207429	0.0004974074	0.0024399408	0.006377742	0.0022664906	0.00082832255	0.0014401225	0.0011580366	0.0014401225	0.14443797	0.020624269	0.004304774	0.005187574	0.008844621	0.0059288316	0.008156993	0.0011161428	0.0013317999	0.001332857	0.0010389002	0.001332857	0.000832831	0.0006933242	0.00045997385	0.000832831	0.0022311693	0.0030752763	0.006650487	0.0005735177	0.00080361596	0.0015894544	0.002094515	0.00060509046	0.0020124316	0.009584407	0.006241147	0.012832148	0.008080285	0.016887698	0.0011582838	0.005563563	0.00038875468	0.0040473817	0.05417307	0.00027788308	0.01288808	0.0022638827	0.00080545555	0.005915901	0.0022387924	0.0041715577	0.009346441	0.00012192205	0.025193205	-24.3912410736084
s01e10a	640.0	5.0	0.81937116	0.81937116	0.017266436	0.08476135	0.00028275995	0.0063226726	0.27195987	0.0016657083	0.005071609	0.009454411	0.00050618	0.0005607367	0.0034930045	0.002528831	0.004425837	0.0017982724	0.0029072533	0.0014764244	0.0012814575	0.0149559975	0.008902805	0.0024377876	0.0013309454	0.0009413106	0.0003971442	0.0015011186	0.073910646	0.010571296	0.004361616	0.0017195211	0.0006707777	0.0014649606	0.0034201108	0.0005285058	0.0008154767	0.0011432812	0.0009343878	0.0011432812	0.0030180772	0.0012828998	0.0005091191	0.0030180772	0.0024626474	0.004604733	0.010280977	0.0011016993	0.001390397	0.0018227529	0.0033015404	0.0020206315	0.0051245266	0.0075012315	0.00027325493	0.002111795	0.0013820291	0.008181801	0.0006686109	0.0055731586	0.0007054099	0.0012150274	0.00035576557	0.00022487131	0.0034797117	0.0010233657	0.0009264886	0.0041221925	0.002120427	0.008663527	0.0052173925	0.00021602951	0.0052173925	-24.496341705322266
s01e10a	645.0	5.0	0.8419441	0.8419441	0.012114991	0.023452116	0.00067349215	0.0012301204	0.019662218	0.0011912975	0.0019636406	0.016453516	0.0069108773	0.0014034857	0.009866798	0.0031694255	0.0008989996	0.0013511016	0.0010706215	0.0045871222	0.0012531965	0.002266773	0.4871793	0.004955878	0.011964198	0.008549224	0.0013111439	0.008549224	0.052317765	0.009078098	0.006259492	0.0019164061	0.0015267143	0.0012137278	0.0038135282	0.00055792474	0.00049843517	0.001625087	0.0007009065	0.001625087	0.0032724303	0.00059171574	0.00068717956	0.0032724303	0.0022456956	0.002580396	0.002661428	0.0001758599	0.00025032563	0.0004974287	0.0018099862	0.0019368569	0.00080865057	0.011722693	0.000580199	0.003006096	0.0009942093	0.0089662615	0.0005835101	0.0015161523	0.0004600471	0.0013920823	0.0017248834	0.0006376429	0.003019937	0.001715627	0.000595679	0.006159218	0.0016251906	0.005626206	0.0015374449	0.0003728203	0.006159218	-25.390625
s01e10a	650.0	5.0	0.87856644	0.87856644	0.1632175	0.04958135	0.0006203635	0.0065363967	0.2295256	0.00409067	0.0026285932	0.0009168451	0.00026545065	0.00020474513	0.00089411833	0.006771447	0.001435444	0.0002564173	0.0023643754	0.0012370552	0.008873771	0.058974855	0.008443926	0.0024269868	0.0010015658	0.0010868582	0.00036820644	0.00216257	0.03339822	0.006944867	0.002103295	0.0006378836	0.00022521376	0.00041418956	0.0050548897	0.0003643496	0.00037911415	0.0011807038	0.000584429	0.0011807038	0.0018984373	0.0012937062	0.0004780714	0.0018984373	0.00055718824	0.003561808	0.005440199	0.001149871	0.0007318053	0.0006042822	0.0023603365	0.0011385081	0.0020793907	0.0076224077	0.00015926566	0.0013982208	0.0011411895	0.007608458	0.0003461856	0.00020785593	0.00047061555	0.00088093185	0.00050437823	0.0003038047	0.0015671059	0.00063257624	0.00043716747	0.003043008	0.00074329367	0.004327981	0.0022752373	0.0001571537	0.009265549	-23.502397537231445
s01e10a	655.0	5.0	0.7997157	0.7997157	0.01513217	0.28825623	0.0017635477	0.0019366542	0.0063125337	0.010991156	0.031205213	0.03443774	0.00037267464	0.00024040964	0.00076287054	0.004135282	0.0021984107	0.0004206099	0.0109294485	0.000660483	0.0006352548	0.0033396785	0.015791407	0.0019212179	0.00076450506	0.0013463926	0.0015150879	0.0035096887	0.065053485	0.009959088	0.0047513065	0.0012300671	0.0009195169	0.0008675448	0.003183529	0.0011309572	0.002359133	0.0019374876	0.0010191707	0.0019374876	0.0019826547	0.0007952622	0.00041519586	0.0019826547	0.001129782	0.0042297393	0.0036968184	0.00025247375	0.00040258156	0.0005038153	0.00078710774	0.0014554295	0.0008669573	0.0039340747	0.0023322671	0.004380186	0.0008563595	0.0072306828	0.000597848	0.0029773684	0.00035923335	0.003215697	0.012551715	0.00020823005	0.008031798	0.00077366765	0.0005652207	0.0004516392	0.00044786025	0.00374754	0.0016988815	0.00080326875	0.008031798	-24.046424865722656
s01e10a	660.0	5.0	0.87789565	0.87789565	0.050582163	0.119498104	0.0044977777	0.0018426032	0.025021099	0.0298048	0.0051794862	0.018852366	0.0006568503	0.00039283006	0.008987722	0.00721549	0.0042534783	0.0008289641	0.001968362	0.0011765845	0.00055100274	0.0024251796	0.034403868	0.034403868	0.0021513146	0.011991201	0.0076690163	0.011991201	0.060388487	0.005536259	0.0024926625	0.00093269645	0.000624907	0.0009501862	0.0023070495	0.00067837763	0.000888096	0.0029703137	0.0007401218	0.0019899397	0.0010254873	0.00050378894	0.0005498758	0.0010254873	0.0016401573	0.0024619014	0.004591954	0.00022154542	0.0004945257	0.0008199345	0.0014157203	0.0024922618	0.0011395453	0.007772685	0.0021214483	0.003287167	0.0024359226	0.036626127	0.0008014304	0.028534956	0.0008005477	0.0021390314	0.007116144	0.00036994866	0.009760537	0.0015032664	0.00098905	0.0022637113	0.0013546705	0.007417748	0.0028183346	0.000629596	0.009760537	-24.47553253173828
s01e10a	665.0	5.0	0.8262685	0.8262685	0.017572965	0.040603198	0.0007751853	0.0013729661	0.23328015	0.0007986101	0.0021968486	0.0094947135	0.0007336004	0.0007688155	0.0053760805	0.0017844874	0.008569788	0.005056075	0.0020525537	0.0005199755	0.001181681	0.0031571249	0.0074215764	0.0074215764	0.0038227418	0.0031640264	0.0007577004	0.0031640264	0.04671624	0.0134405345	0.0060093896	0.0016504632	0.0005763705	0.0014911053	0.0033927422	0.00053433445	0.00053421804	0.001812708	0.0008460597	0.001812708	0.0027606164	0.0008215839	0.00059594697	0.0027606164	0.0008767963	0.001636811	0.0014846956	0.00019623466	0.00034978238	0.00037113874	0.0017383288	0.0012555214	0.001213896	0.0036749002	0.0005650664	0.0012445255	0.00061328954	0.0034975286	0.0003315848	0.010671483	0.0008254156	0.0005854512	0.000670617	0.00028845074	0.0031105904	0.00051589817	0.00057044154	0.0045238943	0.0016175983	0.0037433233	0.0015003791	0.0002015986	0.0045238943	-23.932802200317383
s01e10a	670.0	5.0	0.82912546	0.82912546	0.11610206	0.044275623	0.00073070626	0.010852614	0.09209255	0.0071877628	0.0024677988	0.0018212533	0.0037728623	0.00031085877	0.0044935415	0.013654458	0.0026895925	0.0004730429	0.0021582413	0.0011119202	0.0014416538	0.03418068	0.009301621	0.009301621	0.0021106075	0.0061634076	0.0029920791	0.0061634076	0.11369596	0.008616313	0.0022479275	0.0007504477	0.00065897964	0.000874841	0.003229232	0.0009285454	0.00080946967	0.0014962187	0.000546277	0.0010110938	0.0014626649	0.0008030675	0.00033338522	0.0014626649	0.0014049916	0.0037992152	0.0041345023	0.00026412023	0.000546565	0.0014865191	0.0012667387	0.0016822584	0.0018368459	0.007889342	0.00034469034	0.0026700953	0.0009152448	0.018134499	0.00023310384	0.003785019	0.00059958245	0.0008732337	0.0011708356	0.00022819491	0.006801837	0.00091065804	0.0013593788	0.009146953	0.001626169	0.0056151086	0.0037875762	8.56645e-05	0.009307919	-24.08175468444824
s01e10a	675.0	5.0	0.8613684	0.8613684	0.01192816	0.036561042	0.00040173795	0.005250895	0.29170686	0.0008644418	0.010845139	0.0018054474	0.00014517836	0.0003243706	0.0006046238	0.0030998134	0.002271709	0.0007181345	0.002166569	0.0010275474	0.005988008	0.060321715	0.010740228	0.0027400623	0.0015953106	0.0037233161	0.00082816195	0.0037233161	0.49276346	0.035591576	0.0052258214	0.002224083	0.0004786357	0.0034488349	0.007952396	0.00091861363	0.0041882577	0.0003493305	0.00032930836	0.00034042934	0.0008758465	0.00044004884	0.00019040478	0.0008758465	0.0013405668	0.0024280746	0.0034593346	0.00040112433	0.0005817292	0.00035024254	0.003906337	0.0007580283	0.0034082877	0.0058741756	0.00064099376	0.001288936	0.0019361824	0.011427595	0.00030784577	0.00041051186	0.00092990045	0.00088864745	0.0014334549	0.0005083173	0.001940627	0.0013330887	0.0003613807	0.0011986187	0.00081496674	0.0010488959	0.013069149	0.00015311514	0.013069149	-23.559349060058597
s01e10a	680.0	5.0	0.67192656	0.67192656	0.011931763	0.0063116965	0.0001830626	0.00066326105	0.0008708041	0.00023193705	0.0009614368	0.0010080823	0.00042878703	0.00021222461	0.0018073544	0.027571114	0.0040708394	2.5434609e-05	0.00055788807	0.0017068767	0.0011380722	0.0006662405	0.01571884	0.005985752	0.0045239264	0.0024185001	0.00247925	0.0028798676	0.25839788	0.014841532	0.0029234567	0.0010709786	0.00071098097	0.00090294506	0.0015534349	0.0005512502	0.0007214737	0.0056908857	0.0030685472	0.0056448868	0.006705994	0.00270512	0.00075918064	0.006705994	0.002428332	0.018431718	0.00402877	9.2441755e-05	0.00024774586	0.0003954977	0.0011497966	0.0023829818	0.0011084587	0.0025892719	0.00082236563	0.0047303378	0.003778268	0.004578717	0.00043493384	0.003924777	0.00029720407	0.00092414167	0.00059075607	0.00046780516	0.0036437237	0.0016312243	0.00025920273	0.00095771265	0.00056506344	0.0273852	0.0010851522	9.984983e-05	0.019275744	-24.784852981567383
s01e10a	685.0	5.0	0.9025996	0.9025996	0.1071603	0.033026833	0.0006247953	0.0012963655	0.009867614	0.0014087516	0.0010195164	0.0035055333	0.00022339827	0.00016508842	0.0037338126	0.057875823	0.0037945728	0.00025006084	0.0019215717	0.00036020728	0.0014391848	0.0037955842	0.01465873	0.005435719	0.0023801678	0.0028304858	0.0008930949	0.0064096036	0.027692325	0.003910165	0.0011651514	0.000403891	0.00032746003	0.0002924588	0.00087643374	0.00030481434	0.00014819174	0.004562134	0.0011458566	0.0015419364	0.0010826163	0.00051090814	0.00020218245	0.0010826163	0.0022968124	0.00461756	0.0025200527	0.00014238745	0.00030356352	0.00018951185	0.0010513079	0.0021147514	0.0010942094	0.028875787	0.000103085404	0.017809577	0.0021931014	0.002187883	0.00026118185	0.005421037	0.00026478863	0.00046693042	0.0015192053	0.00034146948	0.0050814715	0.0018732242	0.00028252765	0.0023216389	0.0009674827	0.012208546	0.0049316213	0.00032389502	0.020247605	-27.515796661376957
s01e10a	690.0	5.0	0.77983665	0.77983665	0.054845296	0.015495026	0.00021894234	0.002697769	0.31899577	0.0007206024	0.0012025853	0.0011874972	0.00016752906	0.0004060721	0.0021270106	0.003500879	0.010442071	0.0014782513	0.0038411606	0.0005804584	0.0075939796	0.008718326	0.0030084949	0.0025573373	0.0022586328	0.0045502437	0.00045111513	0.0045716506	0.03226031	0.00751669	0.003259051	0.0010856547	0.00053844886	0.0009876168	0.0021661494	0.0005026701	0.00034293477	0.0012597566	0.0012597566	0.0005740632	0.0028813877	0.0014923121	0.00018679822	0.0028813877	0.00091015495	0.006582708	0.0069407746	0.00038214144	0.0009645141	0.00067301927	0.0040738503	0.0020440405	0.0040951385	0.0057746973	0.00025294744	0.0014860308	0.0013712778	0.002208206	0.0002550755	0.0011030235	0.00082732824	0.000917251	0.0001752018	0.00048048134	0.0065197344	0.00064516213	0.0006615924	0.0065807444	0.0006754668	0.003940856	0.0026174271	9.785285e-05	0.0065807444	-23.872243881225582
s01e10a	695.0	5.0	0.8307652	0.8307652	0.02372322	0.011190451	0.000519194	0.00054371706	0.14794107	0.0007213056	0.0017171532	0.0017511068	0.005249684	0.00031847256	0.004905862	0.009169493	0.025517954	0.0017834827	0.0008655553	0.0005641787	0.0010804258	0.004648277	0.06353887	0.025040865	0.0023786486	0.0025734566	0.00032195915	0.0025734566	0.05060032	0.014136284	0.0056043575	0.0010340008	0.0003397164	0.00077320513	0.0028200517	0.00038721322	0.00020674571	0.0006962864	0.00052636315	0.00048447325	0.0007089038	0.0003322797	0.00027545553	0.0007089038	0.0011456645	0.0029697614	0.003286739	8.9280686e-05	0.00064706977	9.92409e-05	0.006876795	0.001088005	0.0051956936	0.00979023	0.00024868562	0.002263553	0.0012030103	0.0048239683	0.000118176984	0.0032830844	0.002357199	0.0004193176	0.00044215695	0.000602266	0.006972595	0.00039179818	0.0008951046	0.002842165	0.0024751695	0.0032892677	0.003993949	0.000116384304	0.012865662	-26.361082077026367
s01e10a	700.0	5.0	0.7959097	0.7959097	0.09375724	0.030857297	0.0004450595	0.0013667867	0.22785239	0.0013228832	0.0019736183	0.0020355142	0.0002921879	0.00024627885	0.0064741117	0.005937418	0.0015420618	0.00051456335	0.0023883043	0.00057320565	0.0045145713	0.018702973	0.0045320382	0.00255829	0.0041254396	0.0023760474	0.0013135338	0.0023760474	0.0404803	0.011280652	0.0041994452	0.0008337251	0.00027777554	0.000496201	0.004902325	0.0002690694	0.00017481398	0.0027128868	0.001293116	0.0027128868	0.0014792638	0.0018418657	0.0012505846	0.0018418657	0.0014230397	0.0095408885	0.011436083	0.00066166435	0.00069854583	0.00026380614	0.030006701	0.0018360348	0.0035753355	0.021982817	0.0004206927	0.0036251007	0.0005811969	0.0038162863	0.00017216921	0.008099838	0.001097412	0.00073664717	0.00073028204	0.0010682961	0.0045749024	0.0019906661	0.00082781404	0.0023087952	0.0016327485	0.0041845324	0.001123808	0.00014184012	0.0150750205	-23.917177200317383
s01e10a	705.0	5.0	0.8576475	0.8576475	0.015950566	0.030200522	0.00024673366	0.0014237325	0.057751134	0.0010824255	0.0052803094	0.010598973	0.00011833756	0.0002985078	0.0015836648	0.0149443615	0.0017381732	0.0013856606	0.0025473018	0.00073376717	0.0027153727	0.09507287	0.018962063	0.005684624	0.0021686328	0.0036505023	0.00065064785	0.0036505023	0.3297282	0.010393134	0.0027419822	0.0005760147	0.0003991796	0.00062378444	0.004583851	0.0005409814	0.0010315916	0.0012804271	0.0009527671	0.0012804271	0.0014479216	0.0007810188	0.0002174457	0.0014479216	0.00215448	0.008061907	0.0040792166	0.00049187563	0.00074350834	0.0005563338	0.0023229194	0.006681205	0.0011047102	0.024003025	0.0006411685	0.017139487	0.0021110463	0.004397438	0.0004544264	0.0016851792	0.00109966	0.0013083428	0.00073520734	0.0005286769	0.0043745665	0.00053194375	0.0011274887	0.0047288607	0.00097315846	0.006066075	0.008535448	0.00029528464	0.07677394	-24.495582580566406
s01e10a	710.0	5.0	0.8765755	0.8765755	0.083318874	0.15501119	0.0009423403	0.0038691964	0.13283655	0.005372927	0.0017097195	0.006236804	0.00033612998	0.00024261005	0.0018134813	0.00412923	0.002862364	0.0010285665	0.0032288255	0.0009993716	0.011828806	0.02920165	0.004143014	0.0029747977	0.0019815953	0.001643077	0.0009381478	0.001643077	0.029805627	0.004267754	0.0018197362	0.00093769515	0.0004963921	0.0006158266	0.00312907	0.00032449214	0.0003932763	0.001266424	0.0007496429	0.00082257675	0.0017410963	0.0010246026	0.00021329694	0.0017410963	0.000967774	0.0026420283	0.009463123	0.0014290307	0.0018003527	0.000616148	0.006321463	0.0012150169	0.0020289933	0.011308752	0.0002403599	0.0033851855	0.0009837525	0.0067328415	0.0009703379	0.0017336854	0.00049157004	0.0010518678	0.00094645284	0.0006084954	0.002248198	0.0005730554	0.0014699781	0.0028705606	0.0008138551	0.005812107	0.004283121	0.00014630066	0.008822481	-23.417800903320312
s01e10a	715.0	5.0	0.86404395	0.86404395	0.031311933	0.0184588	0.000308356	0.00030910215	0.0025121062	0.00024275397	0.00086034794	0.0017670097	6.11886e-05	0.00018091698	0.007159951	0.014047022	0.009730874	5.9092174e-05	0.0031189735	0.00048238444	0.0008146418	0.00091112545	0.017114626	0.004282157	0.0014704522	0.0019383037	0.0010930388	0.009004075	0.02547995	0.006163116	0.002717163	0.00068081805	0.00025061003	0.00085442653	0.0013855577	0.0004845552	0.00018315479	0.008252555	0.00180178	0.0050241714	0.003661022	0.0009275652	0.00070448517	0.003661022	0.0040810225	0.007037846	0.0017444196	0.00018439365	0.00037137832	0.0004213306	0.0015482495	0.0062017827	0.0011710504	0.011985061	0.0006752264	0.019144969	0.004803391	0.0028847188	0.0004893638	0.011408607	0.0015011278	0.0013045246	0.0033528765	0.00031676018	0.044663	0.003265771	0.00061753194	0.0012024897	0.00162547	0.05320966	0.0025715197	0.00023767924	0.044663	-25.90900230407715
s01e10a	720.0	5.0	0.9292901	0.9292901	0.022318028	0.14779648	0.0024717143	0.0013510706	0.11696317	0.0021557484	0.0014010812	0.009925447	8.411787e-05	0.00014502976	0.0037417999	0.0016755196	0.0071158544	0.0024605151	0.00169108	0.00031905208	0.0008443631	0.0136243915	0.007023246	0.007023246	0.0024313247	0.0028550131	0.0005075144	0.0028550131	0.101146825	0.00945811	0.0017809233	0.0008103491	0.00034766897	0.0007059147	0.0015344621	0.00018510727	0.00036284074	0.00091428787	0.00016178751	0.0008711071	0.0007089684	0.00014664521	0.0001347853	0.0007089684	0.0016250344	0.0005779262	0.0008259348	0.00014032683	0.00017048513	0.00021714489	0.0014427168	0.0008744135	0.0009551385	0.0027462842	0.00019083155	0.0019550389	0.0019606545	0.016458731	0.00053124403	0.024929807	0.00033544237	0.00026060824	0.0007819512	0.00016051032	0.0022917097	0.00065158395	0.00034558002	0.0012837896	0.0009881825	0.016414484	0.0009787752	8.459804e-05	0.0060605113	-26.85992813110352
s01e10a	725.0	5.0	0.80584395	0.80584395	0.07814148	0.014580879	0.0008584841	0.0042699594	0.21137436	0.002317264	0.002691316	0.0011523004	0.0010964	0.0005026893	0.0071585746	0.012019519	0.002652936	0.0008837899	0.0013290872	0.0011395871	0.003876256	0.13034156	0.005439835	0.005439835	0.0027737012	0.0060808933	0.0040884055	0.0060808933	0.07286034	0.013692151	0.0060975277	0.00088997226	0.0003230821	0.0009902135	0.0039660716	0.00032063833	0.00038271546	0.0015573679	0.0015573679	0.0008841146	0.004012446	0.0024953198	0.00029599151	0.004012446	0.0009893988	0.007270841	0.0036157882	0.0009600752	0.0007369154	0.0010043053	0.0028790324	0.0023231183	0.0011659897	0.0049450872	0.00031254816	0.0019023102	0.00034445693	0.005004305	0.00033300754	0.004511409	0.0004142239	0.00078663003	0.0004278698	0.00026330887	0.004294863	0.0015580116	0.0008134717	0.0046220818	0.0013999688	0.0058416026	0.0028365608	0.0003611124	0.019094644	-23.59210777282715
s01e10a	730.0	5.0	0.8292055	0.8292055	0.07055345	0.006222932	0.0015613611	0.0013279516	0.0030578428	0.0041326256	0.0024470787	0.0015492456	0.002508629	0.0003566514	0.006471738	0.009406874	0.0012190036	0.00064849714	0.0014796491	0.00021023079	0.0004447251	0.001617215	0.016229946	0.016229946	0.004403841	0.01037029	0.013106293	0.013106293	0.023216771	0.005415949	0.0026016752	0.0009293832	0.00042436426	0.0009812952	0.0016122675	0.0012603867	0.00046358534	0.008995187	0.0034434684	0.0008429555	0.0015979597	0.00087997003	0.00049594516	0.0015979597	0.0033060606	0.0104877455	0.017094482	0.00019503637	0.0014147586	0.0012667099	0.0016420512	0.005268519	0.0033004985	0.016765866	0.002844431	0.004855901	0.0010138149	0.007311761	0.0007344643	0.015496159	0.0009829805	0.0016470248	0.0010642796	0.00074487244	0.002761504	0.0030806037	0.005279751	0.004272973	0.0052553676	0.012482903	0.005679158	0.09038373	0.007870933	-28.9150447845459
