episode_id	onset	duration	talking	speech	man_speaking	woman_speaking	baby	shout	laughter	cry	singing	kids	groan	whistling	breathing	walking	mouth_sounds	fart	hands	heartbeat	cheering	crowd	mammal	dog_bark	cat	rooster	duck	bird	music	musical_instrument	guitar	piano	organ	electronic_instrument	percussion	bell	ambient_music	weather	wind	rain	river	wave	thunder	river_sea	fire	boat	car	traffic	car_honk	emergency_vehicle	train	cycling	engine	door	doorbell	knock	dishes	radio_tv	dryer_vacuum	zipper	keys	alarm	telephone	whistle	mechanisms	tools	boom	bang	glass	water	beep	silence	sudden_noise	db
s01e15b	0.0	5.0	0.87489784	0.87489784	0.009759745	0.001988639	0.0024604837	0.0072753336	0.1706539	0.0017881189	0.0015069197	0.002299397	0.0057750177	0.00025660612	0.017032187	0.0007207751	0.020773457	0.0022856765	0.0009825156	0.0009594818	0.00073024334	0.0036608307	0.037744205	0.037744205	0.0007789162	0.003988045	0.00040268517	0.003988045	0.049367644	0.0053080395	0.0030261716	0.0010502667	0.00026237886	0.0011201357	0.0014916209	0.00029446036	0.00024490437	0.0010457708	0.0006831787	0.0010457708	0.0015756404	0.00047745844	0.00048543361	0.0015756404	0.00062530197	0.0024427802	0.002574496	0.00019330882	0.00036155523	0.00011482581	0.0009815239	0.00066403206	0.0008225392	0.0017466114	0.0004137038	0.0002602326	0.00016699877	0.0021399334	0.00021214006	0.0006920755	0.00031051753	0.0012984977	0.0005955376	0.0003760029	0.0017956808	0.00087595714	0.0003439637	0.0031440328	0.00072758703	0.0013866086	0.0008665645	0.00043584302	0.0031440328	-20.116350173950195
s01e15b	5.0	5.0	0.68448395	0.68448395	0.106709816	0.007883107	0.00043501015	0.0052787242	0.1351388	0.0014046603	0.00421735	0.005448618	0.0010391556	0.00058868394	0.0030421796	0.01556692	0.0041452437	0.00054741197	0.011102107	0.0006066016	0.06231115	0.07125497	0.021091688	0.019572284	0.0023996683	0.013356807	0.001237582	0.013356807	0.032926533	0.014371274	0.0046520797	0.001075595	0.00086810376	0.00090359704	0.002883438	0.00031057408	0.00026887094	0.0022638687	0.0018023478	0.0022638687	0.0060692728	0.0015936724	0.0007453461	0.0060692728	0.0024500717	0.007864873	0.0077322703	0.0022383844	0.00061498466	0.001053485	0.011898742	0.009106797	0.0021800739	0.008652886	6.257042e-05	0.0035766861	0.0016645779	0.0056691687	0.000594327	0.0010427446	0.00087823777	0.0017457254	0.0005475129	0.00031558578	0.009635404	0.0013436447	0.0010289527	0.0056905346	0.0017061196	0.009069224	0.006319049	0.00012244306	0.028636854	-18.314085006713867
s01e15b	10.0	5.0	0.8767541	0.8767541	0.005916939	0.004403655	0.00059805	0.0020241337	0.17507726	0.0006174407	0.0016690372	0.0018610397	0.00069936947	0.00028972575	0.002837787	0.0004154706	0.004591008	0.0004935857	0.000669688	0.0005933792	0.00024612277	0.0014933761	0.020311479	0.0013902136	0.0006654023	0.0040543647	0.0002986897	0.0040543647	0.07342585	0.020190649	0.011977114	0.0016284497	0.00073993276	0.0016112423	0.0017391432	0.00015719821	0.00056303316	0.0004938431	0.0004938431	0.00047908322	0.0010631183	0.00035512936	0.00012878417	0.0010631183	0.0013543133	0.0026104269	0.004745164	0.00010791982	0.00023728165	0.0004251984	0.00031640826	0.00056407816	0.0071670697	0.0050776587	0.00041484964	0.0005292141	0.00057753024	0.011202744	0.00079070986	0.0023430386	0.0012692509	0.002000382	0.0009947399	7.8123245e-05	0.0048285713	0.0030401265	0.0002000478	0.0014979808	0.0007586842	0.0059165354	0.0009364845	0.00021995192	0.0048285713	-18.213998794555664
s01e15b	15.0	5.0	0.8388128	0.8388128	0.008757375	0.100690685	0.0009163962	0.0009431384	0.0031376043	0.0032382188	0.0050240094	0.008430319	0.0007973197	0.00047849814	0.0024288278	0.0016648062	0.00077622756	0.00018969878	0.0033958054	0.000550151	0.00028814786	0.0010289449	0.0024776137	0.0018176836	0.00096270774	0.0020258278	0.0012203465	0.0020258278	0.030322906	0.005146222	0.0030674986	0.0007425485	0.00067355693	0.0007274623	0.0017556988	0.0005203134	0.00028102592	0.0010511426	0.00045593677	0.00097613403	0.0006912486	0.00025580855	0.00028988655	0.0006912486	0.00072177494	0.001569564	0.0017553394	0.00010737372	0.00016265853	0.0005073064	0.00078395	0.00028346363	0.0010444148	0.00091078994	0.0012817425	0.001304442	0.00091130595	0.01560346	0.00074021704	0.013922443	0.00012812653	0.0016929116	0.01142404	0.00012421765	0.007997526	0.000832309	0.00030032874	0.00029775657	0.0005316885	0.0023312254	0.00095962983	0.0008334745	0.007997526	-18.87287139892578
s01e15b	20.0	5.0	0.8061263	0.8061263	0.006616051	0.04212908	0.000103457554	0.0022172388	0.34491837	0.0003192158	0.0009791828	0.0031823672	5.43379e-05	0.0003790735	0.0012098051	0.002789958	0.0021820944	0.0013572288	0.0036019906	0.0023664888	0.0061307717	0.020580307	0.07151495	0.0018084128	0.0009422519	0.0078207785	0.000750879	0.0078207785	0.035357818	0.0031553213	0.0016852731	0.00057574955	0.00018443163	0.00043513253	0.0017735477	0.0003026114	0.00037653898	0.0017197856	0.0017197856	0.0016226341	0.002421401	0.0026861797	0.00041031817	0.0030403838	0.0005729317	0.0030499191	0.006412392	0.0008848883	0.00078890997	0.0006433685	0.01374327	0.0008738813	0.0035621263	0.0023937388	0.00017212653	0.0010132239	0.00094642397	0.0016003959	0.0014028837	0.00089764677	0.0001744347	0.0014563687	0.00053572486	0.00054248766	0.001355124	0.00043210943	0.00051850505	0.0022787936	0.00039767934	0.0021758077	0.0010895422	0.00012272969	0.0051329886	-18.19179344177246
s01e15b	25.0	5.0	0.85819507	0.85819507	0.028799681	0.008966269	0.000874184	0.0017615318	0.2991227	0.0010812249	0.001630718	0.008179751	6.0275645e-05	0.00028426608	0.0022903832	0.0021237866	0.00589356	0.003210004	0.0039751064	0.00023431695	0.002571005	0.1405086	0.0025100089	0.0025100089	0.001719103	0.0053471653	0.00068066944	0.0053471653	0.04233153	0.011566717	0.003445675	0.0006942049	0.00020445135	0.0009371726	0.0032360293	0.00035298738	0.00025561327	0.00079855527	0.00079169334	0.00079855527	0.004002477	0.0014474756	0.00015877151	0.004002477	0.0010399291	0.003460048	0.0016243291	0.00051000336	0.00063497276	0.0005389012	0.0034854359	0.0018876267	0.0013977814	0.0041843	0.00023050365	0.001281892	0.0005954772	0.0025971294	0.0003385767	0.0023958988	0.00052957714	0.0007330407	0.00028417175	0.0003104045	0.004098775	0.00084297155	0.00053692213	0.0031732137	0.0013809779	0.0022895834	0.0049353386	0.00020049348	0.0049353386	-21.43150329589844
s01e15b	30.0	5.0	0.8556148	0.8556148	0.050805185	0.00883133	0.0005387338	0.0013972503	0.030777194	0.00085188856	0.0021781102	0.001360424	0.0006153733	0.00040160737	0.0031505045	0.00480245	0.0019070066	0.00027834816	0.0012859176	0.00043915628	0.0008136736	0.010810358	0.0049383766	0.0049383766	0.0021581438	0.0062762843	0.0025528944	0.010234947	0.059673265	0.0140565215	0.005839532	0.0023403228	0.002219981	0.0027397939	0.0033004514	0.00034517766	0.0003969033	0.0026845708	0.0006154012	0.0011406499	0.0022402573	0.00040179963	0.00026086927	0.0022402573	0.0029371055	0.002982677	0.0038216452	0.0001782849	0.00059452525	0.00056773954	0.0015869032	0.0023021947	0.0024221798	0.0133008575	0.0011874677	0.0031046267	0.0024675545	0.019599877	0.0007352785	0.018676432	0.0019624112	0.0011660219	0.0029800406	0.00030543396	0.008077519	0.0055186874	0.0008560189	0.0018556896	0.0025355574	0.021246132	0.0027667838	0.00030792973	0.008077519	-20.90457534790039
s01e15b	35.0	5.0	0.79067945	0.79067945	0.041508317	0.0081392815	0.023475815	0.0016091557	0.021043269	0.010322735	0.0017306982	0.011477768	0.0013633702	0.00041006284	0.018684303	0.0061372397	0.02399457	0.0059824763	0.0033198565	0.00027617818	0.0003891564	0.0009072324	0.06338257	0.06338257	0.014094365	0.020815792	0.0128950775	0.020815792	0.025612094	0.011418044	0.0027412584	0.0008686797	0.00022564363	0.00083034125	0.002144147	0.00035813963	0.00021896364	0.008580584	0.0022948093	0.004764077	0.0040130485	0.0009079074	0.0010840235	0.0040130485	0.003829357	0.0037498516	0.0026329658	0.00046828276	0.0008748277	0.00029140478	0.0012036419	0.00582874	0.00045589288	0.0038263334	0.00020631425	0.0021191088	0.0006117017	0.003636213	0.00015692353	0.00075518753	0.0015928374	0.00037348463	0.005425587	8.972698e-05	0.0033814071	0.0005440838	0.00047877734	0.0012973796	0.0010950847	0.0040854826	0.0017923862	0.0002740465	0.0033814071	-25.181716918945312
s01e15b	40.0	5.0	0.8047493	0.8047493	0.03314815	0.0057061072	0.0080250865	0.0023891837	0.03408514	0.015459787	0.002076542	0.012951835	0.0005750761	0.0019428503	0.008297709	0.005609321	0.019151552	0.0006784345	0.0038065314	0.0003839036	0.00036046116	0.0019143634	0.17125814	0.17125814	0.007726565	0.035431243	0.012533661	0.035431243	0.016814806	0.008084915	0.0023249204	0.0016869007	0.0014402417	0.0017742113	0.0018888778	0.0005953472	0.00017643161	0.004539927	0.0016526144	0.001096331	0.0035364826	0.00075709197	0.00028695146	0.0035364826	0.0030983665	0.0034164996	0.0024562846	0.00017781039	0.00053916685	0.0010051543	0.0009070518	0.0039235353	0.0014110699	0.004667098	0.00072293624	0.002802006	0.00088882487	0.0020375282	0.00039528907	0.0052850926	0.0010907728	0.0010735993	0.0010612609	0.00029901764	0.008092601	0.0021583624	0.0007387372	0.009200546	0.0017149753	0.0037665265	0.0036849738	0.00053650263	0.014447948	-24.39734649658203
s01e15b	45.0	5.0	0.9035894	0.9035894	0.032357194	0.012111123	0.020162873	0.000850937	0.01621923	0.010386407	0.00090101745	0.12251029	0.00013100343	0.00041075767	0.00995536	0.0054497165	0.007219628	0.0009175421	0.014623248	0.00019628106	0.0004249174	0.0025539692	0.033056777	0.033056777	0.007836972	0.0047962917	0.003401177	0.0047962917	0.011019249	0.0030046601	0.0013864151	0.0005565364	0.0002302798	0.0006471913	0.00089034846	0.0003244343	0.00012252272	0.0030303923	0.00044000667	0.0011135685	0.0014304515	0.00020744807	0.0002363712	0.0014304515	0.0011992416	0.00072210585	0.0010809072	0.00013410367	0.00015631573	0.0001935266	0.0004242514	0.0018714846	0.0006617624	0.0045754756	0.00019775421	0.004447886	0.0009473785	0.0018528963	0.00027842462	0.0059881248	0.0004560715	0.00029203502	0.0017607848	0.00012242649	0.002692964	0.0018970005	0.0002372199	0.0022147463	0.0012894793	0.0038737385	0.002099571	0.00046702012	0.0061101513	-22.626140594482425
s01e15b	50.0	5.0	0.830318	0.830318	0.027276823	0.0031158496	0.0006511931	0.0023061277	0.21554077	0.0013638228	0.0015659492	0.0045490214	0.00013381524	0.0005728834	0.003948399	0.00214732	0.0013843066	0.0010091922	0.0011633969	0.00052983314	0.0018918802	0.030639794	0.016758267	0.016758267	0.0015161609	0.15780397	0.0034242528	0.15780397	0.045703	0.010545452	0.0036483728	0.0016589684	0.00031863624	0.0015662891	0.0031887856	0.00022502744	0.00025031558	0.0026649334	0.0011024195	0.0026649334	0.012579132	0.002313248	0.00065774895	0.012579132	0.00083928794	0.008608155	0.003939097	0.0006055581	0.00064605364	0.00029373387	0.005803082	0.002643762	0.0017440236	0.002601116	6.361682e-05	0.0013801653	0.00046332006	0.0016296718	4.8998132e-05	0.00018127666	0.00044391738	0.00062722125	0.0007331986	0.00037565304	0.0015227377	0.0002499052	0.00096010085	0.0031529588	0.0006041814	0.018665453	0.00073756947	0.00015522477	0.004000113	-20.35395622253418
s01e15b	55.0	5.0	0.818432	0.818432	0.032363217	0.0017334552	0.0021844027	0.003532066	0.3631217	0.003167102	0.004740374	0.002623106	0.00041171108	0.000571249	0.002368286	0.0017681447	0.006626787	0.0035033152	0.0029792248	0.0009447631	0.0020347822	0.026728656	0.013780147	0.01075567	0.003281947	0.017772997	0.0011261308	0.017772997	0.14649297	0.028171793	0.010749001	0.002225186	0.0009414169	0.0029930396	0.008084735	0.00067648885	0.0010867459	0.0004147603	0.0002972959	0.00035478102	0.001173017	0.00043396684	0.00019822351	0.001173017	0.0009803468	0.002033399	0.0049047866	0.00020942092	0.00042209442	0.00028274028	0.0026173447	0.0008367917	0.0026669176	0.0045544747	5.6301407e-05	0.0011869407	0.000969436	0.008200904	0.0002712296	0.0004707645	0.0008770127	0.0010287341	0.00033067656	0.00060549687	0.002138946	0.001833573	0.001245129	0.0041810726	0.001237862	0.002070746	0.0014960684	0.0002410461	0.0041810726	-20.52923393249512
s01e15b	60.0	5.0	0.43203548	0.43203548	0.027063018	0.006144399	0.00038003505	0.015751911	0.028051026	0.0011352396	0.004678524	0.03948508	0.00012240665	0.002776765	0.0012916526	0.057562992	0.00075529335	0.00053405005	0.028429117	0.00047614265	0.16109084	0.21777962	0.028304754	0.028304754	0.002075647	0.04788544	0.0054811663	0.04788544	0.051338032	0.009613973	0.0029061118	0.0012146895	0.0005033893	0.0011262948	0.0035411771	0.0012276132	0.0004504869	0.0018012921	0.0018012921	0.00086122303	0.0011282756	0.00063538924	0.00026069	0.0011282756	0.007812901	0.0026454357	0.03340353	0.004015241	0.0029293364	0.012380992	0.013756487	0.008527185	0.0015905412	0.0050334525	0.00015256119	0.002337013	0.0021861629	0.0006131983	0.000102637154	0.0009232677	0.0004648733	0.012999275	0.0011573177	0.0012335171	0.0038402157	0.00041265294	0.0013459385	0.0026946752	0.0006512481	0.0045375787	0.0028851028	0.00019369756	0.005011511	-17.596431732177734
s01e15b	65.0	5.0	0.7721244	0.7721244	0.17584106	0.005434843	0.00026917103	0.0074416925	0.38195336	0.0007916386	0.0023216822	0.0023882235	0.0002544954	0.00048549075	0.001900201	0.008093669	0.002653592	0.0016493622	0.0020217656	0.0004369406	0.017913368	0.117423184	0.011336622	0.0028071895	0.0019860873	0.020644475	0.002703294	0.020644475	0.04639776	0.015896952	0.007895554	0.0014378409	0.0005740296	0.0018500579	0.0038973135	0.0005692464	0.0008148445	0.0010137511	0.0008999217	0.0010137511	0.0029038796	0.001325692	0.00050815335	0.0029038796	0.000926519	0.006314272	0.004065123	0.0011613872	0.00045796178	0.0016777279	0.0056751636	0.00154663	0.0022855655	0.0034610215	0.00012985092	0.0009996193	0.0011562676	0.0019974464	0.00013431495	0.00024013796	0.0010922649	0.00094338285	0.0011801257	0.00028714357	0.006202771	0.0010634571	0.00078665523	0.0020993093	0.0004931201	0.0035017226	0.0014519666	0.0001262188	0.006202771	-21.314180374145508
s01e15b	70.0	5.0	0.79077405	0.79077405	0.02852291	0.017769882	0.0009996516	0.0030400108	0.29226488	0.003380016	0.004476337	0.030763872	0.00014189126	9.4057774e-05	0.01947928	0.0027313682	0.055895407	0.0050901957	0.0059256796	0.0006460512	0.0014211647	0.009895989	0.0045144404	0.0045144404	0.0016680523	0.034731716	0.00031315215	0.037666313	0.013559343	0.0030384478	0.001187389	0.00035266194	0.00018584669	0.00037812607	0.00060392433	0.00048469982	0.00019897318	0.000544753	0.000544753	0.00035042255	0.0003759328	0.00020251276	0.00017618047	0.0003759328	0.0005116323	0.0005210228	0.00085419137	0.0002137112	0.00021923229	0.00017525158	0.0016885172	0.00082013995	0.0007675454	0.003155707	5.630533e-05	0.0011652125	0.00033536385	0.001701507	0.00016720797	4.809448e-05	0.00016755717	0.00047843906	0.00013517258	8.431768e-05	0.0018101601	0.00035746457	0.00022027301	0.003707841	0.00089588744	0.0009953163	0.0024239284	9.351278e-05	0.00381921	-23.81664657592773
s01e15b	75.0	5.0	0.8439536	0.8439536	0.085023865	0.008148214	0.0009483443	0.0046811737	0.23425762	0.0018769384	0.00093350105	0.0044709323	0.00065699493	0.0008134449	0.003424217	0.002331901	0.0026296508	0.00096789113	0.0013886582	0.00042833498	0.0019004921	0.0076906313	0.0149554005	0.0149554005	0.0023669852	0.007902097	0.0017632078	0.007902097	0.016402878	0.0055848276	0.0029687649	0.0009249618	0.00026318262	0.0007827907	0.0019250914	0.00017745674	0.0002330623	0.003277799	0.00076290435	0.003277799	0.003777322	0.0012499071	0.000873408	0.003777322	0.0009582018	0.0024457031	0.0041594817	0.00080055	0.00060108013	0.0012650633	0.0025696212	0.0019721517	0.001296063	0.00785308	5.4795917e-05	0.00066552724	0.0005792533	0.0021591554	0.00013727765	0.0007110741	0.00022763685	0.0011048575	0.00034648113	0.0004327903	0.0012063185	0.0004049603	0.0010228022	0.0027227458	0.0005105216	0.0054614884	0.0012895426	8.752669e-05	0.0027227458	-18.601694107055664
s01e15b	80.0	5.0	0.836414	0.836414	0.06834411	0.0019120824	0.00032377648	0.0020690646	0.09342122	0.0019427226	0.002367716	0.0024104284	0.006598086	8.501087e-05	0.00241672	0.0019739068	0.022156477	0.004497357	0.002490077	0.00035706116	0.006017721	0.039173122	0.090643965	0.013024185	0.0007812902	0.011637293	0.00028015807	0.011637293	0.041630525	0.014825915	0.004599735	0.0004812328	0.00047669624	0.00074286066	0.0055789966	0.0004258996	0.00027587212	0.0007082064	0.0006369508	0.00062764017	0.0035072092	0.0014862629	0.00030041265	0.0035072092	0.001333878	0.010049114	0.0011469082	0.00042636067	0.00034753908	0.00052412355	0.0017007175	0.00043376707	0.0007166065	0.0066438876	5.5044744e-05	0.0016759073	0.00041218664	0.0030645414	0.0003824361	0.0002963674	0.00051033864	0.0004341886	0.00016757795	0.00017171787	0.005150932	0.0008464431	0.00055595057	0.0023032594	0.0006822828	0.0048402897	0.0010500591	0.00052716275	0.014223656	-20.83920288085937
s01e15b	85.0	5.0	0.5086702	0.5086702	0.0055088876	0.0054745474	0.00021186756	0.005001881	0.37347218	0.0007736462	0.0023864373	0.00284789	3.0809162e-05	0.00052671623	0.00073842745	0.0010077957	0.0030990914	0.0035474622	0.0020833751	0.0011370947	0.0032901682	0.06751676	0.00465576	0.00465576	0.0011165789	0.006155296	0.0010353413	0.006155296	0.050370395	0.011882036	0.0051408275	0.0012517358	0.0005478053	0.0015789873	0.0035561232	0.0010985819	0.0005527278	0.0013108136	0.0013108136	0.00060032465	0.0027188254	0.002142878	0.0003589208	0.0027188254	0.00039579472	0.0044058715	0.007067763	0.0005093487	0.0005100678	0.0007793357	0.013376736	0.0010194266	0.00488123	0.0013829883	0.00012046088	0.00024370688	0.0010402125	0.0018037003	0.00015624227	0.0002794855	0.0003384634	0.0012337004	0.00015067829	0.00040667993	0.0016387384	0.00028283653	0.0011912243	0.002212361	0.0005988965	0.0017162575	0.0005786708	0.00016026592	0.002212361	-18.81004524230957
s01e15b	90.0	5.0	0.4530584	0.4530584	0.0169525	0.0048663686	0.00056047353	0.004916577	0.22482991	0.0014054452	0.0037721344	0.003885222	0.00020345589	0.0005150464	0.0011482976	0.0069916947	0.0026871967	0.0017351931	0.0024327869	0.00053698046	0.011138219	0.17064217	0.007132118	0.006609454	0.0032563459	0.030370077	0.002809596	0.030370077	0.06973415	0.016698329	0.008380706	0.0011088327	0.0007167517	0.0015242958	0.004740266	0.00084775913	0.00064184965	0.0011501356	0.0011501356	0.0010121809	0.001932467	0.0013021103	0.00040162323	0.001932467	0.0009996955	0.0068071443	0.006316214	0.0013084786	0.0011731533	0.0015798926	0.023480538	0.0023095226	0.0044045183	0.0042322287	9.381645e-05	0.00093686144	0.002079848	0.001373108	7.08461e-05	0.0011103166	0.0004839655	0.0012121663	0.0003357468	0.0013759021	0.0024481125	0.0006315528	0.0016704457	0.0034062946	0.0010435589	0.0022932966	0.0010316761	0.00013308735	0.0072271437	-18.47698783874512
s01e15b	95.0	5.0	0.5687318	0.5687318	0.035326213	0.009123331	0.00013930773	0.0030712383	0.030572686	0.00017969374	0.0038442523	0.004354455	8.380131e-05	0.00051219884	0.0010094633	0.0052969283	0.00021160411	0.00023657503	0.013832456	0.00022203349	0.30059153	0.05988743	0.001535171	0.00149858	0.001535171	0.007004856	0.0004104285	0.007004856	0.104454845	0.037297904	0.008802002	0.002820855	0.0006899445	0.0019884629	0.0076835128	0.0006374961	0.00088329747	0.00040262972	0.00023960049	0.00031581757	0.00068911945	0.00025566542	4.423536e-05	0.00068911945	0.0003270248	0.00091298245	0.00048770997	0.000110449495	0.00022290868	0.00057515746	0.0033242155	0.00022656958	0.00051202014	0.0021176361	0.0002117876	0.0011578845	0.0013437445	0.00057979376	0.0002481546	0.00021517169	0.00021516369	0.000671762	0.00059833337	0.000444882	0.0011413764	0.00054050825	0.00022912888	0.0005343963	0.00016758114	0.0019952832	0.0015183858	0.00010326782	0.0022677267	-18.023889541625977
s01e15b	100.0	5.0	0.8166358	0.8166358	0.044108856	0.004188305	0.00026442637	0.0027309475	0.29392463	0.0003710004	0.0036257762	0.0039919824	7.931491e-05	7.457301e-05	0.0009304761	0.0005076569	0.0012699425	0.0022818923	0.0144453	0.00015230218	0.11441001	0.051999636	0.001151557	0.00094104564	0.0009909321	0.005559035	0.0001864427	0.005559035	0.16489935	0.1235496	0.04556001	0.0036648752	0.00062034663	0.0032442561	0.010898338	0.00077404	0.0008763995	0.00033399856	0.00022190544	0.00033399856	0.0013496528	0.00048827025	0.00011874822	0.0013496528	0.00024771632	0.0019398994	0.0019726155	0.000116005154	0.0002751579	0.00011237235	0.0017358565	0.00038464705	0.00078712765	0.003956666	0.000115582916	0.0007878484	0.00017749296	0.0042121885	0.0001548608	0.00031178095	0.00032611538	0.0007927514	0.00018761253	0.0002729222	0.001225495	0.00028358714	0.0007360826	0.0023178281	0.0004912426	0.0069015827	0.00074950035	0.00017743136	0.0023178281	-20.604856491088867
s01e15b	105.0	5.0	0.75930136	0.75930136	0.089014	0.00585725	0.000314584	0.0068243165	0.28690565	0.0010647826	0.00405678	0.0022972736	7.2334034e-05	0.00083456363	0.0008097667	0.0029875021	0.0042358856	0.00087140175	0.0023208538	0.0005464361	0.008688351	0.07397047	0.0038900103	0.0029462173	0.0027373026	0.006519179	0.0008454093	0.006519179	0.060577393	0.022312848	0.00971319	0.0011822112	0.00054708205	0.0014319733	0.008186369	0.0009989224	0.00070140295	0.0013584023	0.0013584023	0.0008248416	0.004305328	0.0023386066	0.00035161152	0.004305328	0.00068205845	0.0074589103	0.0044463235	0.00096618576	0.0007583007	0.00086580194	0.010108764	0.0014798632	0.003678556	0.004704053	8.413745e-05	0.001339637	0.001403874	0.002869252	0.00018472977	0.00044913538	0.0006379207	0.0012084052	0.00018800005	0.0007238552	0.0032300518	0.0009848685	0.0009180344	0.002857069	0.0011457163	0.0018955392	0.003021922	0.0001336877	0.0063656755	-17.59476089477539
s01e15b	110.0	5.0	0.8368132	0.8368132	0.11444517	0.009331231	0.002626139	0.0035045156	0.26765192	0.0055373386	0.004878118	0.001090726	0.001677831	0.0005900442	0.0036285955	0.0027747087	0.0033672892	0.0012799609	0.00094854087	0.00036926265	0.0030195985	0.020787526	0.0075376537	0.004605863	0.0075376537	0.0036864306	0.002201558	0.004200083	0.06518261	0.009297157	0.0031453199	0.00083904923	0.00048684207	0.0012231533	0.0071058087	0.0004037436	0.00054862694	0.0008508741	0.0004539657	0.00059749966	0.0020603999	0.0007357372	0.00019044656	0.0020603999	0.00097001344	0.0044573485	0.005880394	0.0006470775	0.00092375785	0.0012141285	0.0025969788	0.0018234227	0.0029340838	0.004047324	0.0001617201	0.0008142216	0.00069513934	0.037537508	0.00029260298	0.0017467545	0.0020835993	0.00067736267	0.0015376228	0.000686211	0.0026382364	0.0016735443	0.0015466154	0.004883079	0.0020939999	0.004308518	0.0027702134	0.00011643804	0.006059963	-17.793991088867188
s01e15b	115.0	5.0	0.78404623	0.78404623	0.084729046	0.0021821496	0.0007150613	0.009657137	0.15958999	0.001300234	0.004123561	0.0017707042	0.0002691356	0.00077907945	0.0013354365	0.0074030664	0.0033077032	0.00021466636	0.004841112	0.0009814865	0.0062269233	0.09795631	0.008771788	0.008771788	0.0014385805	0.010413066	0.00070576	0.010413066	0.0529385	0.009605994	0.005007378	0.0006998572	0.00058928574	0.0008630221	0.004978843	0.00047393903	0.00068648084	0.00072820403	0.00072820403	0.00057571277	0.0010768268	0.00078310183	0.00037992257	0.0010768268	0.0018731501	0.0043211416	0.004000282	0.00040116295	0.00030415365	0.0004264625	0.0026809564	0.0008038894	0.0023649852	0.011416471	9.3962575e-05	0.0011091749	0.0017225828	0.0036093742	9.095153e-05	0.00025525625	0.0006374998	0.0018780518	0.00044716962	0.00046766363	0.0023386257	0.001430333	0.00092239276	0.0034945118	0.0013125932	0.002516045	0.0041739075	0.000116305986	0.013312727	-18.95315933227539
s01e15b	120.0	5.0	0.7840871	0.7840871	0.121913776	0.013802541	0.00053152465	0.008164998	0.06492593	0.0013596378	0.0033765738	0.001220178	0.0006878479	0.00043609174	0.0037485852	0.038290706	0.0016015224	0.00013692846	0.0026327004	0.0008916287	0.009426427	0.029031584	0.008542804	0.006071177	0.0014963056	0.0057437103	0.0019258949	0.0057437103	0.039839815	0.012863348	0.00691326	0.00083112414	0.00045305138	0.0010148822	0.009207534	0.00030092432	0.0004487669	0.0016588633	0.0016588633	0.0014074268	0.001694245	0.0014525433	0.0005953282	0.001694245	0.002741381	0.009992142	0.007307837	0.0011218832	0.0005652444	0.0010202447	0.009904847	0.001956134	0.0034109903	0.013854218	0.00037454916	0.0028055655	0.0023476088	0.008804432	0.00066039775	0.001066796	0.00040387735	0.0015250536	0.00061219104	0.000549175	0.007253827	0.0020943715	0.0030333183	0.0027358723	0.00096127705	0.007488958	0.004475292	0.0001813899	0.016123535	-19.60803604125977
s01e15b	125.0	5.0	0.76637787	0.76637787	0.0021656395	0.00097206637	7.665829e-05	0.00048769024	0.0002228785	0.00015672107	0.008766388	0.0026453754	0.00018213774	0.00049289083	0.00039500318	0.0033803484	0.0005661551	4.588701e-05	0.00028586903	9.229448e-05	0.00023744052	0.0004265592	0.003518418	0.002010745	0.0011233601	0.0041759694	0.00036201705	0.0050550867	0.03418444	0.0067239506	0.0012891453	0.00073294435	0.0014185396	0.00090879964	0.00080675835	0.00032339888	0.00048276896	0.0027247248	0.002296762	0.0027247248	0.0035641175	0.0013127702	0.0015240533	0.0035641175	0.0018984518	0.007786443	0.0067447727	0.00025718464	0.0015310614	0.0010500427	0.0026899278	0.0041302145	0.0012039418	0.019399976	0.0007919608	0.0037935292	0.0009293796	0.004460365	0.00052913564	9.856478e-05	0.0020615915	0.0149851935	0.5793816	0.0009245679	0.0071894266	0.0011253598	0.0005622105	0.012448739	0.0002714746	0.002656539	0.01393254	0.0015242202	0.01393254	-22.199460983276367
s01e15b	130.0	5.0	0.85355586	0.85355586	0.009466172	0.0011733555	0.0001956512	0.000355073	0.0021192601	0.00026355425	0.00085950154	0.0024741292	0.00020280492	6.917841e-05	0.0040132273	0.031281926	0.00086983177	0.0004999602	0.00064040517	0.00015541789	0.00020132544	0.0007943833	0.01752396	0.01752396	0.0039685983	0.0025514718	0.001977298	0.00625329	0.011208958	0.0034481564	0.0028745267	0.00067479897	0.00024710162	0.00047478665	0.0006078592	0.00029882014	0.00012909979	0.004709318	0.004709318	0.0040947283	0.0022572577	0.0026138108	0.0012463507	0.0026138108	0.0034305037	0.02391591	0.07299395	0.00038108515	0.00096186745	0.00022903911	0.019473722	0.006947035	0.026740264	0.33896405	0.00031668768	0.0069323326	0.002366482	0.0017981294	0.0008938049	0.00075476343	0.0034775662	0.00032952445	0.0007115314	0.0009813523	0.006526449	0.004006193	0.0015356819	0.004197942	0.00079704705	0.0052301562	0.0024703778	0.0006244194	0.0153712155	-24.26772689819336
s01e15b	135.0	5.0	0.90911037	0.90911037	0.21605869	0.070038274	0.0004718587	0.0019326067	0.03846131	0.004373003	0.0017384877	0.0011540019	0.00037009927	0.00016048322	0.01035975	0.00749222	0.0006798818	0.00028191227	0.000546491	0.0006963086	0.00049532484	0.010038542	0.006378371	0.0022812963	0.0057580266	0.0010367102	0.0007135852	0.0013918716	0.017286878	0.0033747705	0.0015178395	0.0007132265	0.00027301355	0.00046748488	0.0017374122	0.00033173244	0.00014905237	0.0033454658	0.001583547	0.00058214937	0.00032366443	0.0011602064	0.0002172389	0.0011602064	0.0011265804	0.003710303	0.003906881	0.00044314368	0.00036831584	0.0003624297	0.004052259	0.0005800033	0.0017083089	0.007167897	0.00024919404	0.0025828297	0.0010999502	0.005731986	0.0002125616	0.0044608964	0.00066862843	0.0005182941	0.0013554164	0.00049915543	0.0016555216	0.0021084736	0.0008563427	0.0009116104	0.000761102	0.012121004	0.0016694702	0.00036647022	0.00496257	-22.451461791992188
s01e15b	140.0	5.0	0.9159736	0.9159736	0.10034233	0.009907948	0.00036180642	0.00071193185	0.0037285376	0.00075370754	0.0015671558	0.0017371873	6.7406734e-05	0.00023307519	0.013491389	0.007372285	0.0023532622	0.00014125422	0.0013979265	0.00050731417	0.00029114235	0.0012022262	0.0064474796	0.0022573692	0.0008544478	0.0015719772	0.00096350466	0.010324722	0.012350215	0.005182362	0.004415648	0.0010652631	0.000520265	0.0010375016	0.0020391538	0.0005240838	0.00015345495	0.0024025217	0.0007827649	0.00064336887	0.00048675158	0.00021844087	0.0002305542	0.00048675158	0.003937533	0.0016625538	0.0012454849	0.0001030512	0.000281529	0.00017118556	0.00070857257	0.0014079469	0.00076614314	0.02211262	0.00028359634	0.0063882605	0.0039607496	0.003951524	0.00019530767	0.0092225885	0.0015159306	0.0012045697	0.007133732	0.00032533097	0.03612078	0.0044901813	0.00021370164	0.000578272	0.0011023623	0.011180371	0.0017143828	0.0005654244	0.03612078	-20.132888793945312
s01e15b	145.0	5.0	0.84657043	0.84657043	0.069343366	0.005799034	0.000116548894	0.001339753	0.15498814	0.00040932433	0.0015310848	0.000922937	9.954836e-05	0.0003005599	0.0016502009	0.0009854087	0.0017888594	0.00043243106	0.0010381923	0.0003053559	0.0012644425	0.0033340014	0.0024275503	0.000993928	0.0022206318	0.005667164	0.00085771555	0.005667164	0.026912006	0.00868622	0.0060163257	0.0020567304	0.00043604954	0.002404119	0.0019133432	0.0001936584	0.0002682733	0.002245437	0.002245437	0.0006554208	0.003518324	0.003793558	0.00023318187	0.003793558	0.0008495888	0.010840157	0.009782111	0.0003036964	0.00043080197	0.0003112431	0.0027413864	0.0011863348	0.014458128	0.004836501	0.00020163416	0.0005509749	0.00075312384	0.003920737	0.0002855231	0.0052254847	0.0018477767	0.00050500024	0.00041972392	0.00030777243	0.004711643	0.006478364	0.0003459484	0.0019605202	0.0010442884	0.006760126	0.0009068158	0.00042920455	0.006478364	-23.462989807128903
s01e15b	150.0	5.0	0.90670776	0.90670776	0.03566727	0.010642977	0.0007980943	0.00083251053	0.0057898234	0.0015582726	0.0014162658	0.0013137244	0.000982614	0.00030938577	0.027220726	0.005708042	0.0016188696	0.000267001	0.0009383967	0.00054700306	0.00021888349	0.0012967958	0.009424027	0.0044663358	0.0015200186	0.0025235286	0.0026431507	0.005972393	0.03284936	0.008969283	0.0041622776	0.0010529356	0.0004576035	0.0011665585	0.0029455337	0.00056737196	0.00024454715	0.006284846	0.0016005787	0.0032031639	0.0023998704	0.00070828194	0.0007335159	0.0023998704	0.003098966	0.004079019	0.0018761292	0.000118235585	0.0002845638	0.0005622665	0.00092684873	0.0020543593	0.0009914378	0.007896368	0.00055391656	0.003943468	0.00165768	0.010845108	0.00027314475	0.04487971	0.0006929556	0.0009795523	0.003945703	0.0001777336	0.020694822	0.0026225634	0.0005065567	0.0007059809	0.0013278928	0.013929659	0.0014128898	0.0005337793	0.020694822	-19.735992431640625
s01e15b	155.0	5.0	0.91042703	0.91042703	0.035208255	0.1104018	0.0002448822	0.00023134428	0.00086086534	0.00062292774	0.0016548833	0.0022648436	6.8509835e-05	0.00024612347	0.00343956	0.0014271247	0.00070623396	9.9295605e-05	0.0012212348	0.00026960045	0.0001514658	0.0009192625	0.002215912	0.0015412333	0.00090640504	0.00076264597	0.0007499662	0.0016546926	0.02990798	0.0054973788	0.0027197835	0.0009078645	0.0007095013	0.0009320048	0.0015579803	0.0007860643	0.00019530395	0.002286538	0.0011907876	0.0018959452	0.00047742383	0.0006700854	0.0005708536	0.0006700854	0.0014676508	0.0026670925	0.0020213972	0.00014276363	0.00011860959	0.00038533815	0.00074958854	0.00055704534	0.0007245102	0.0015464312	0.00033556376	0.0027183716	0.001485694	0.0036169926	0.0006041325	0.04097807	0.00029183464	0.00072000764	0.005355226	0.00014375303	0.006260916	0.0016539627	0.00027450596	0.00030477133	0.0008159034	0.013668447	0.0003963369	0.0005640034	0.009737981	-21.05910873413086
s01e15b	160.0	5.0	0.8223303	0.8223303	0.0210963	0.05439154	0.0015438859	0.0038703266	0.02563398	0.0025968442	0.0051977867	0.02067115	0.0011305274	0.0002627356	0.0060712406	0.014618754	0.0025857277	0.0018243341	0.0042675943	0.00059375115	0.0035117967	0.020274349	0.075714834	0.075714834	0.003832671	0.003874813	0.00580295	0.00580295	0.27876282	0.016018862	0.0029016274	0.0015395744	0.0009720404	0.0015506647	0.008093041	0.0014076097	0.0016882842	0.0018576796	0.001114082	0.001133595	0.00097538764	0.0010031587	0.00041379605	0.0010031587	0.0011720619	0.0022617488	0.00682168	0.0014779288	0.0012823475	0.0006780589	0.007127608	0.0014318001	0.001979309	0.014474004	0.0004929827	0.010085835	0.0014895074	0.008314607	0.0008736602	0.002370581	0.001084091	0.00094951194	0.00043517942	0.00057056744	0.0044547278	0.0016474028	0.0011379009	0.0042068358	0.0009875576	0.0038191173	0.010072451	0.00012979188	0.032024495	-20.411378860473636
s01e15b	165.0	5.0	0.8772641	0.8772641	0.13329235	0.08659869	0.0005859897	0.0017530565	0.07783417	0.0023279553	0.0013355941	0.0022404802	0.00070378795	0.00028815033	0.00092415925	0.0017822881	0.0019841394	0.00041413703	0.0003564381	0.00021991228	0.00038752766	0.009190255	0.0025791114	0.0021815817	0.0016574046	0.00091030326	0.0016888331	0.004017818	0.035980858	0.0039056968	0.0013625233	0.0004899033	0.00035160378	0.0005094745	0.0010051458	0.00041124548	0.00029526887	0.0010825641	0.0003271935	0.00046758022	0.00040476635	0.00027475707	0.0001498897	0.00040476635	0.00070116366	0.0017193747	0.0026832637	0.00022545911	0.00017138678	0.00038784163	0.0018040936	0.00047984286	0.0010416687	0.0020899363	0.0002867212	0.0011187621	0.0006079824	0.017590178	0.0003723405	0.0019551737	0.0005423036	0.00063874107	0.011220348	0.00019334015	0.0015102914	0.00056870026	0.0002024276	0.0004973943	0.0003990476	0.0023084262	0.001040272	0.00018890784	0.004000428	-22.155162811279297
s01e15b	170.0	5.0	0.71133626	0.71133626	0.112048924	0.03925585	0.0006739345	0.006798494	0.0146207735	0.012084784	0.010545115	0.0012359452	0.0027724062	0.00014780069	0.0009961354	0.0014123477	0.012795879	8.002251e-05	0.00096520036	0.000990523	0.0005603581	0.002919387	0.040717952	0.040717952	0.0012332	0.0008436976	0.00069852656	0.0023095938	0.03107533	0.0035465234	0.0012877316	0.00057722186	0.00064911676	0.00046837496	0.0017559688	0.0006767455	0.0010605338	0.0012082551	0.0010668789	0.0004006508	0.00063587236	0.00068982184	0.00039118313	0.00068982184	0.00038024868	0.0037848586	0.003271093	0.00027945117	0.00042293663	0.00039471898	0.0022110003	0.00026538334	0.0014175266	0.0015216903	0.0006426175	0.00095192145	0.0013131027	0.008951172	0.00022631868	0.00023639284	0.00055689935	0.0018691665	0.00854095	0.0003322677	0.0021691716	0.0009742039	0.00039986614	0.001361931	0.00025123326	0.0021902088	0.002281473	0.00018056505	0.0067284745	-21.105268478393555
s01e15b	175.0	5.0	0.7344562	0.7344562	0.044495493	0.083540864	0.00032869613	0.005606486	0.12331462	0.003637706	0.0023826372	0.008318209	0.0012554886	0.00033125587	0.005098275	0.0018369011	0.0043172045	0.002106108	0.00928103	0.00042195362	0.007176291	0.013051269	0.0026679083	0.0011772437	0.0006637055	0.001318938	0.0014044597	0.0014044597	0.024688972	0.0041766353	0.0017625433	0.0008865513	0.0002699374	0.0006405514	0.003172131	0.0008201005	0.0005038852	0.0038203765	0.0021913387	0.0038203765	0.0035513954	0.0054446873	0.00075829454	0.0054446873	0.0010401733	0.0038835173	0.01193864	0.0028604646	0.00200866	0.0023485883	0.010863794	0.0008219966	0.0031560955	0.011135714	0.0022016033	0.0042796894	0.0008039335	0.0038961805	0.0026299923	0.002686131	0.0004441053	0.0038409526	0.004290709	0.00032852162	0.0061273184	0.0011207301	0.0008610056	0.003982183	0.0014473143	0.0054860837	0.004946474	0.00039504308	0.0068143895	-20.28745460510254
s01e15b	180.0	5.0	0.8114067	0.8114067	0.07974106	0.0072956425	0.00019941364	0.002466312	0.15066428	0.00029105437	0.007049305	0.004041059	0.00012984696	0.000117356525	0.00057294674	0.025511114	0.0005428202	0.0011937739	0.045046013	0.00015044872	0.13043797	0.21988449	0.00451094	0.00451094	0.0021912563	0.0016991185	0.00052582734	0.0016991185	0.6503702	0.14947683	0.04432051	0.0023609642	0.00064950815	0.0027308238	0.03234728	0.00072952866	0.0017227386	0.00085810054	0.0007827116	0.00085810054	0.0030550284	0.001883896	0.00023663482	0.0030550284	0.0011487238	0.0065688905	0.009787739	0.0013806892	0.0014312582	0.0009958721	0.00420552	0.0035158207	0.002029759	0.01090386	0.00019034653	0.0036161046	0.00089735055	0.0015655169	0.00029225086	0.00012621688	0.00075224374	0.001520953	0.00030816998	0.00027790852	0.0011746214	0.0006733525	0.0006347564	0.006805855	0.0009980767	0.004045412	0.026177026	0.00024018719	0.026177026	-21.57984733581543
s01e15b	185.0	5.0	0.027724711	0.027724711	0.0002727825	0.00056076713	0.0021677094	0.0019013326	0.00032979596	0.00095398066	0.049189445	0.0015902187	7.9288744e-05	0.00018980337	0.0012139597	0.0016190823	0.00020088807	0.00037141977	0.0001411438	0.00023176243	0.00051009207	0.00050646643	0.026683412	0.0058586607	0.026683412	0.0042854627	0.005012845	0.005012845	0.8009475	0.22366454	0.19917105	0.00203081	0.0002821535	0.0010766048	0.058577668	0.003498463	0.0064112134	0.002571751	0.0022337758	0.002571751	0.003313528	0.0084134	0.0010564167	0.0084134	0.00031587176	0.009304855	0.011684901	0.00087704527	0.0029963723	0.00027306794	0.0043886513	0.0026574538	0.0010737287	0.00079733983	0.0014018607	0.0012320078	0.00045102055	0.00047449503	0.00021680207	0.00039906165	0.00097615825	0.0006180136	0.0006057809	0.0008269385	0.0017762241	0.0041698464	0.0015428852	0.0013235342	0.00060202414	0.0049194377	0.0008169148	0.00062951795	0.02421713	-21.58296585083008
s01e15b	190.0	5.0	0.729679	0.729679	0.0033010854	0.017048234	0.01064377	0.004043468	0.040677153	0.029003277	0.005027338	0.051792566	0.0014817112	0.0008362704	0.0062076724	0.0018502182	0.007983431	0.017807225	0.0017397063	0.00028394265	0.00013171729	0.00028216103	0.0043041976	0.001278758	0.0043041976	0.005492032	0.0010302789	0.005492032	0.5113859	0.02386688	0.005972894	0.0005053152	0.0003718382	0.0005139778	0.011680936	0.00037217757	0.003823895	0.0038699463	0.0013581222	0.0038699463	0.0005669808	0.0011731739	0.0037782877	0.0011731739	0.0006662227	0.0029965134	0.0025550993	0.00018603604	0.00032176034	0.0002194046	0.0013211904	0.0014809592	0.0006141763	0.01940551	0.00054986007	0.04196993	0.0043203784	0.0010806107	0.00095028576	0.00029446514	8.731595e-05	0.0012935947	0.006620283	0.0006153288	0.0019021383	0.0006940574	0.0015665024	0.03606777	0.0011809871	0.008956318	0.0017032097	0.00019066605	0.14778288	-22.752321243286133
s01e15b	195.0	5.0	0.87480056	0.87480056	0.011470846	0.043871462	0.0013461226	0.0019899758	0.03788956	0.019684302	0.0011089451	0.0109042255	0.00499082	0.00094903214	0.032299478	0.0029748457	0.010039745	0.0019002688	0.0006516134	0.0010391605	0.00047047445	0.0057263714	0.051306598	0.051306598	0.0034519648	0.0029069933	0.0043147863	0.0043147863	0.044474423	0.0028423	0.0011622095	0.00044316353	0.00020645259	0.00039150997	0.0013776887	0.00019835643	0.0002522204	0.013625775	0.013625775	0.0106177805	0.021029932	0.036757123	0.0025991818	0.036757123	0.0014481858	0.035866924	0.02395512	0.002045214	0.0024541905	0.0017338911	0.012976114	0.0012854658	0.003075133	0.002732458	0.0012776271	0.0012454186	0.00041468814	0.0022184502	0.0016343505	0.020378385	0.00018851343	0.0014861758	0.0012209115	0.0008026957	0.0011183241	0.00084041717	0.0012993123	0.0036908274	0.0010393853	0.057214625	0.0009262577	0.0003364737	0.004781837	-22.2409610748291
s01e15b	200.0	5.0	0.7524984	0.7524984	0.010584951	0.0009645191	0.000118445474	0.0015550058	0.014269305	0.00064546586	0.0012144905	0.0015724496	0.0007272481	0.00017318841	0.0020775087	0.0036838446	0.00021193849	0.00029440114	0.0014296896	0.00027426556	0.0036994992	0.019182075	0.005033321	0.0015543648	0.003128109	0.0013520374	0.00048530937	0.14870879	0.040595938	0.0048164492	0.0019250334	0.00025464952	0.00013690274	0.00029597658	0.0022852067	8.419877e-05	9.2078764e-05	0.0055522337	0.0052117477	0.0055522337	0.013699306	0.010529524	0.0008563836	0.013699306	0.012343586	0.042562693	0.013509647	0.00064883963	0.00024738023	0.0005448532	0.007089225	0.0070215496	0.0065532224	0.006340658	8.8276734e-05	0.0019582561	0.00046449256	0.0008957445	0.00068359356	0.001093481	0.00023960872	0.00057025487	0.00017730013	0.0005939323	0.003413585	0.0019730728	0.00949327	0.012100699	0.0022927294	0.18538038	0.0006813445	0.00026179838	0.033508833	-23.313905715942383
s01e15b	205.0	5.0	0.8647227	0.8647227	0.012044476	0.015218206	0.00038472994	0.002971544	0.06759943	0.0014110813	0.0027027181	0.042598166	0.00025620934	0.00026326795	0.0018277343	0.0015437559	0.0010051285	0.0010883041	0.01046005	0.00026576163	0.0018876815	0.0064666113	0.0034759636	0.0021134214	0.00072850706	0.0007172026	0.00022908673	0.0021528034	0.023070939	0.0021142843	0.001259552	0.00026861188	0.00016591487	0.00018700334	0.0008482876	0.00015207798	0.00018050325	0.0010576658	0.00061725243	0.0010576658	0.0011252322	0.0006831699	0.0002063239	0.0011252322	0.0032300856	0.0021252737	0.0045400904	6.95733e-05	0.00014711663	8.243653e-05	0.0025113763	0.0052447068	0.0016672472	0.013569768	0.00017097074	0.011281163	0.000337126	0.00052308914	0.00038461993	0.001276437	0.0003826332	0.00025581	0.0003163027	0.00028112452	0.0019622713	0.0008199442	0.0069134724	0.11102844	0.0042056795	0.02915226	0.0008457518	0.00017877787	0.11102844	-20.64697265625
s01e15b	210.0	5.0	0.8116083	0.8116083	0.032875944	0.03430163	0.0025262379	0.0030032776	0.06741462	0.008442616	0.0017857407	0.042477157	0.0024786768	0.00042050987	0.0027270566	0.0014576016	0.0017644757	0.0027219248	0.0018324361	0.0021708452	0.0014792961	0.007498023	0.034252375	0.0050701317	0.0024296828	0.0028256422	0.0022316214	0.0040071635	0.034950066	0.00306215	0.0012812915	0.0005763019	0.00018330119	0.00048088958	0.0009216079	0.00026945013	0.00062552193	0.0080474075	0.0080474075	0.0062809316	0.006094205	0.012615597	0.0033608784	0.012615597	0.0011228974	0.01723721	0.043943606	0.002924605	0.0019726343	0.00060280325	0.020983662	0.0027838966	0.0032116172	0.00951651	0.0008112875	0.0011395442	0.00068248855	0.012329891	0.00077146856	0.0015662706	0.00068971934	0.0009518734	0.0025506308	0.0010463608	0.004452157	0.000543037	0.0013745511	0.0031691259	0.0011651453	0.014955955	0.0022242386	0.00035696893	0.004452157	-21.5225772857666
s01e15b	215.0	5.0	0.8583339	0.8583339	0.13725172	0.037009202	0.0012818591	0.0025779158	0.21775346	0.0018760687	0.0021596486	0.0032654887	0.00028887624	0.00020447474	0.0033151784	0.009063325	0.0036120964	0.0009517224	0.010221031	0.00066253357	0.009327846	0.21656395	0.004014089	0.004014089	0.0016061281	0.0023141978	0.00048314166	0.0043207887	0.029585281	0.010158355	0.005693903	0.0007609458	0.00015773092	0.0007102157	0.0035720312	0.00019978761	0.00019766598	0.0013215162	0.0013215162	0.00088840275	0.0014698935	0.0011839686	0.00037651727	0.0014698935	0.001059204	0.007504286	0.0025281587	0.0005316984	0.00037101243	0.0005133653	0.001768749	0.0019619472	0.0009834348	0.022200417	0.00026730463	0.0050614723	0.0019198696	0.005833495	0.0005137084	0.0010388512	0.0003990084	0.00081866817	0.000118207856	0.00023745274	0.0016583863	0.0010391789	0.0009249591	0.0089883255	0.0011002886	0.0052722134	0.0054893345	0.00022315684	0.01069114	-22.52931785583496
s01e15b	220.0	5.0	0.89131826	0.89131826	0.023676792	0.0066735665	0.006360029	0.0007444598	0.060258225	0.009070771	0.0008750011	0.011517755	0.004213635	0.00023006847	0.010300602	0.0048122066	0.34310418	0.04707955	0.0023937935	0.0005877116	0.00019058297	0.00034278393	0.0848808	0.025411457	0.0044002444	0.0010364288	0.00038388144	0.0011666868	0.03786806	0.0068087694	0.0018562089	0.0013548551	0.0007991757	0.0015424489	0.002039511	0.00019215127	0.0005406314	0.002004117	0.0011818559	0.002004117	0.0007718873	0.00036578384	0.0006676717	0.0007718873	0.0030472367	0.0027781387	0.002091779	0.00022266015	0.0003586337	0.0002754046	0.0017507484	0.0020187998	0.0011893474	0.014890373	0.0007008941	0.005621268	0.01353502	0.007137563	0.0002834166	0.0031113296	0.0009001052	0.00044148453	0.0029362526	0.00034953456	0.010026972	0.0023381005	0.0026073237	0.0036794702	0.0012931925	0.0018631518	0.0010281815	8.120231e-05	0.04352591	-25.083101272583008
s01e15b	225.0	5.0	0.7922935	0.7922935	0.055875186	0.00768428	0.00068234187	0.0011756558	0.07419553	0.0013011353	0.0022353225	0.0032714289	0.000121266596	0.00025182008	0.0029114238	0.0064942846	0.0048262626	0.00054899545	0.0032058095	0.00018199036	0.0006566384	0.015888369	0.010395797	0.0017383089	0.0053089107	0.0022856265	0.0008992558	0.0050289123	0.028497342	0.006451873	0.0028465427	0.0004777767	0.00041742972	0.0006072914	0.0017571185	0.00062463875	0.0002470088	0.0013926505	0.0013926505	0.000679644	0.0018534545	0.00061578926	0.00017568727	0.0018534545	0.0020440775	0.0055705826	0.005269313	0.00038881117	0.00019718878	0.00047855606	0.0024083308	0.0034133173	0.0016572822	0.015496815	0.0007623844	0.0066613825	0.009152651	0.005909766	0.0006996515	0.0038853402	0.0023167315	0.0017756628	0.004798944	0.00031093403	0.019747436	0.0058060815	0.00049150304	0.0047467784	0.005753838	0.009570778	0.0041366545	0.00042307778	0.030831888	-26.349464416503903
s01e15b	230.0	5.0	0.53273255	0.53273255	0.0088107055	0.0040286398	0.00012156148	0.0020680202	0.27023655	0.00023686528	0.0018212369	0.00079580006	6.0524122e-05	0.00033560055	0.000824153	0.002685748	0.0018922619	0.0010328045	0.0006367177	0.0018464194	0.002642706	0.14344208	0.026882213	0.0038757334	0.0019783727	0.012558863	0.002485028	0.012558863	0.06514528	0.0074178367	0.005523033	0.0011085438	0.00076302176	0.0017607848	0.0036507328	0.0005401663	0.00061172264	0.0024468645	0.0024468645	0.0009095212	0.005399118	0.004073622	0.00040041178	0.005399118	0.00058676256	0.012230026	0.005126656	0.00062848895	0.0004811872	0.00043739236	0.009707244	0.0014446093	0.005792662	0.0024555589	7.064237e-05	0.00041372786	0.0016954085	0.00083719165	5.2656393e-05	0.0004675838	0.00024366203	0.000683845	0.0002668198	0.0006949436	0.0015345176	0.00025917753	0.0009224979	0.0024275987	0.00025687317	0.0026835673	0.0005020404	0.00011578611	0.0027869178	-22.840476989746094
s01e15b	235.0	5.0	0.8237015	0.8237015	0.07235995	0.006596577	0.00016914879	0.0052157547	0.03418244	0.000676095	0.0024644954	0.00091401517	0.00041008787	0.00025615317	0.00073625415	0.007247773	0.0021117458	0.0007022761	0.0015523857	0.0006960064	0.0063012107	0.04605076	0.013135598	0.010419588	0.0018575081	0.0031160659	0.0016028595	0.0031160659	0.04875431	0.005210611	0.0020662711	0.000826623	0.0002717066	0.0006878898	0.0038098183	0.0005738794	0.0003739993	0.0052548316	0.0052548316	0.0022054235	0.0066533354	0.011741668	0.0011688966	0.016185937	0.0011807971	0.02340551	0.04602004	0.015871743	0.0016964743	0.0019117657	0.020933772	0.002922367	0.006720487	0.013053191	0.0002518746	0.0018944137	0.0032394906	0.0027973133	0.00016968703	0.0009951896	0.0003771089	0.001959662	0.0003622114	0.0007125234	0.0020373652	0.0008280527	0.004490919	0.0038564259	0.0015448	0.0075526536	0.0062114885	0.0002738287	0.0480684	-21.170061111450195
s01e15b	240.0	5.0	0.79594415	0.79594415	0.10323476	0.007376977	0.00061629014	0.0075720935	0.32107836	0.0018955609	0.0021956093	0.0010083873	0.00013828045	0.00040706003	0.0006212436	0.0026700508	0.00476644	0.0005354102	0.0030979146	0.00027648354	0.007837521	0.12023265	0.0027712593	0.0027712593	0.0023781077	0.002353731	0.00076981296	0.004264205	0.03615776	0.010655481	0.0067165825	0.0010142782	0.00030932648	0.0012930115	0.00298573	0.00046450295	0.00035467988	0.0006417527	0.0006417527	0.0005098238	0.0015574169	0.0011569428	0.00013878057	0.0015574169	0.0006891628	0.0034148942	0.0065313336	0.0021184697	0.0013135156	0.0013601914	0.010588138	0.0009427817	0.0031670223	0.0062044077	0.00038188216	0.0017378175	0.0009973362	0.0025220325	0.00035006527	0.0018724744	0.0004498484	0.0013459129	0.000647277	0.00047258838	0.0018147712	0.0013284435	0.00047350916	0.0032125895	0.0019091853	0.002095866	0.0055545084	0.00021009734	0.0055545084	-22.19290542602539
s01e15b	245.0	5.0	0.86541164	0.86541164	0.040132906	0.039888162	0.0001863691	0.002995401	0.023788238	0.0007471353	0.0018450939	0.0026194246	0.0003077073	8.3932144e-05	0.0043669846	0.011792748	0.0002783089	0.00025225047	0.0013255072	0.00094259577	0.002931471	0.027376145	0.009730883	0.0037494458	0.00062925945	0.003825192	0.0009081687	0.003825192	0.05357241	0.0075517963	0.0018122594	0.0007344524	0.0006642349	0.0007960951	0.012216704	0.00025714296	0.00028819428	0.001772212	0.001032653	0.001772212	0.0010647157	0.00043832857	0.0009469083	0.0010647157	0.002628772	0.0044260556	0.0035544776	0.00038273935	0.0003359999	0.00041001046	0.0015940116	0.003675899	0.0012745096	0.047014404	0.00043558114	0.011958715	0.002215111	0.0046674856	0.0018539734	0.00060314575	0.001191491	0.0005336262	0.0004238815	6.779934e-05	0.0015366158	0.0031257786	0.004834624	0.023251783	0.00301936	0.007027889	0.006528097	0.00024485137	0.024612527	-24.779489517211918
s01e15b	250.0	5.0	0.72656834	0.72656834	0.040143754	0.0056035975	0.0005514018	0.00490819	0.13525876	0.0016965314	0.0014337437	0.0042082244	0.00032202667	0.0003857612	0.0015550333	0.0019284869	0.0014565713	0.0013088955	0.0010488944	0.0005566568	0.0018014971	0.06513062	0.0045097903	0.0045097903	0.0042204508	0.0026014922	0.0011127584	0.0026014922	0.036082916	0.0054058484	0.002701712	0.0003647079	0.00018387256	0.00057139795	0.0053123664	0.00086915283	0.00036801785	0.023899162	0.023899162	0.002567328	0.012323395	0.04231975	0.0018167953	0.04231975	0.0025749502	0.034978103	0.021589734	0.012317622	0.003931919	0.0011507181	0.04991848	0.002511621	0.0027853318	0.0035642225	0.0001337086	0.0003198061	0.0005067226	0.00081428327	0.00022424568	0.0003343382	0.00042010096	0.00089181174	0.00025005845	0.0009375013	0.0015594215	0.0005415479	0.00452685	0.003663587	0.0017974423	0.006882809	0.00097567483	0.00033065607	0.0126321195	-20.29891586303711
s01e15b	255.0	5.0	0.89797515	0.89797515	0.008538451	0.044950206	0.00032985196	0.0013264719	0.016687864	0.001715876	0.0010728013	0.028935516	0.00017850722	0.00014349926	0.0053291866	0.007977241	0.006297244	0.0004546712	0.0034729324	0.0001857636	0.0002692696	0.004775712	0.020395601	0.020395601	0.0018613535	0.008772887	0.0022071684	0.009584728	0.105814844	0.0031886175	0.000841539	0.0009727177	0.0007298941	0.0008974843	0.001239159	0.00035460212	0.00036822454	0.0012687456	0.0012687456	0.00074719655	0.0010833689	0.000644039	0.0002877399	0.0010833689	0.0022985635	0.0077918386	0.009209631	0.00020099555	0.00016890123	0.00043181484	0.004799848	0.0048525655	0.0022465985	0.09025906	0.0062424275	0.07758012	0.00778819	0.0026871136	0.00065808126	0.0065904586	0.0013464418	0.0007002545	0.0024501802	0.00020605454	0.006130554	0.01316841	0.0002751802	0.006634145	0.004558407	0.013247595	0.011563795	0.00040002208	0.066962846	-23.84737205505371
s01e15b	260.0	5.0	0.8450772	0.8450772	0.008794808	0.091991134	0.007831991	0.00084194203	0.0039059455	0.00061781623	0.0036442464	0.20788123	0.00030207928	0.00078634795	0.008082865	0.025794819	0.0034846659	0.0013015387	0.016659273	0.00018703526	0.0010491087	0.0015644424	0.04427992	0.04427992	0.011198351	0.0034403475	0.00639558	0.00639558	0.028711665	0.0038544685	0.0016923501	0.0007648862	0.00060498406	0.0008626267	0.0012138601	0.0009837436	0.00057572377	0.0019200543	0.001201881	0.00088345824	0.002161822	0.00041733726	0.00023024973	0.002161822	0.002395981	0.0028146827	0.0073766066	0.00032972396	0.00056534115	0.0006916025	0.0026526165	0.0036437947	0.0020122747	0.013755316	0.00075969304	0.023717135	0.0025695942	0.0014972705	0.00056960626	0.005073483	0.00023011233	0.0010714858	0.012003046	0.00028856628	0.003595693	0.0016713811	0.0007178946	0.0023607542	0.002525779	0.006249001	0.022286445	0.0006887069	0.17388079	-24.87399101257324
s01e15b	265.0	5.0	0.53736526	0.53736526	0.0018398628	0.0029666936	0.0015706096	0.0015466906	0.002410582	0.015462406	0.0008956625	0.017989049	0.003453696	0.0039334693	0.063444495	0.0035440896	0.013458624	0.001889295	0.00088154944	0.00010910396	0.00022336077	0.00059977104	0.03431302	0.021022744	0.03431302	0.0020803083	0.001521839	0.009186665	0.030493142	0.0027016308	0.0008697551	0.00020558827	8.3552986e-05	0.00021269439	0.00074293115	0.0027501709	0.00012003205	0.002921467	0.002921467	0.0022991889	0.00054798386	0.0007207068	0.0012050725	0.0007207068	0.002475504	0.0026260104	0.0029477428	0.00029705762	0.00049726514	0.00031060903	0.0018720494	0.0037579942	0.0012431465	0.0043797055	0.000921338	0.0010465253	0.0008362441	0.0026367025	0.00011609357	0.007391373	0.0018351838	0.029377643	0.021608667	0.0017057689	0.018909667	0.00053122983	0.00030819466	0.0011568085	0.0014191814	0.0064363005	0.06501255	0.00091569626	0.06501255	-30.923921585083008
s01e15b	270.0	5.0	0.88264066	0.88264066	0.018667536	0.03729359	0.001655337	0.004527527	0.3973548	0.0077479193	0.0031129285	0.021646496	0.00022513155	0.00040151033	0.018085647	0.009231639	0.04586112	0.006321726	0.0077530826	0.00010683662	0.0009969044	0.010756305	0.00613909	0.00613909	0.0014352587	0.0039458023	0.00030156595	0.0039458023	0.026523106	0.004671626	0.0020648774	0.0008374765	0.0003786249	0.0007023347	0.00072799384	0.000260377	0.00025952296	0.0010833044	0.0003755195	0.0010833044	0.00076987164	0.00022027994	0.00019497685	0.00076987164	0.0032336386	0.0012485189	0.005228008	8.320172e-05	0.00022534565	0.00033551292	0.0013764696	0.0049772374	0.002220108	0.09546185	0.00032640062	0.027018426	0.003590534	0.0040783645	0.00097514235	0.0062224953	0.009556249	0.0008531022	0.0013439301	0.0005175718	0.0043504094	0.0010841546	0.0008776225	0.016468028	0.0013549029	0.0034048397	0.018892512	0.00024858324	0.023903232	-25.905807495117188
s01e15b	275.0	5.0	0.8972857	0.8972857	0.014992571	0.062384788	0.017549008	0.0036909026	0.047676884	0.021242335	0.0293406	0.025353396	0.0014443651	0.00063867593	0.008249741	0.0025967108	0.005542051	0.002981227	0.0020558713	0.00020917346	0.00035626246	0.001822791	0.017636068	0.017636068	0.0027620764	0.0068498836	0.0048990273	0.0068498836	0.024064591	0.008574817	0.002942471	0.0013379157	0.0006494264	0.0010719259	0.0021775912	0.0002447872	0.00042605939	0.012376042	0.0014744118	0.012376042	0.0059168353	0.0012913629	0.0020518582	0.0059168353	0.0020515947	0.002941958	0.0026308906	0.00013032179	0.0010959493	0.00020590294	0.002458842	0.0030332608	0.00066853606	0.0033708757	0.00073646894	0.0021036973	0.0010405236	0.0039803884	0.00022163267	0.006384968	0.00039647822	0.00073603244	0.0016403822	0.0003574007	0.0024504694	0.00052968034	0.0007502575	0.0074497056	0.00089167326	0.015068657	0.003631391	0.00082626665	0.0074497056	-25.97583770751953
s01e15b	280.0	5.0	0.8476352	0.8476352	0.023053251	0.018907826	0.00019497797	0.0014959736	0.1394963	0.0014407563	0.0016551473	0.0013178713	0.0002507183	0.00016285967	0.0024778293	0.008843643	0.005297551	0.002710558	0.0010158728	0.0006675167	0.0026094425	0.16274644	0.012531677	0.012531677	0.0022599848	0.008420002	0.0006987109	0.008420002	0.061613116	0.0068162484	0.0023803206	0.0006712315	0.00025469225	0.0006848684	0.0026416958	0.0003458915	0.00025566178	0.001918264	0.001918264	0.0013496084	0.0032358558	0.001898301	0.00050814997	0.0032358558	0.0014099985	0.0128667755	0.0073959255	0.0011279613	0.0008521882	0.0003019215	0.0076361736	0.0028235994	0.0042858287	0.013479767	0.00013593909	0.0014707658	0.0013232115	0.0017973806	0.00014954894	0.0006713146	0.00026891453	0.0010799731	0.00020167763	0.00049698394	0.002206763	0.0008004386	0.0047758343	0.005659052	0.0017308374	0.007590308	0.003133111	6.869301e-05	0.010502899	-22.63353538513184
s01e15b	285.0	5.0	0.754304	0.754304	0.0012883339	0.03770407	0.00028690306	0.00057392614	0.001084744	0.0004065458	0.0039450377	0.029944254	0.00028270792	0.00022371607	0.0008618507	0.0019799382	0.00057698943	0.00019991052	0.0036413684	0.00043550474	0.00016364685	0.0004616732	0.0062030177	0.004167928	0.00073534297	0.0027375433	0.00084269413	0.010501491	0.018708032	0.0024374549	0.0016171935	0.00050194305	0.0002968113	0.00041730743	0.0013368106	0.00094897795	0.00031211105	0.0016400167	0.0016400167	0.0008492982	0.0018703004	0.0008358489	0.00021825724	0.0018703004	0.001262434	0.007870747	0.014166298	0.00025305696	0.0007820969	0.0006370264	0.0033585504	0.0025380864	0.003331456	0.094675675	0.0016011435	0.016320672	0.012529831	0.0033124478	0.002035645	0.0038535455	0.0007302218	0.0021265512	0.0052514356	0.00026301606	0.029745447	0.0036842683	0.0012692799	0.005345821	0.0014283655	0.003232781	0.0016802648	0.0008371945	0.06665125	-23.4566707611084
s01e15b	290.0	5.0	0.8970927	0.8970927	0.008892044	0.103858575	0.005176473	0.0012023683	0.036100548	0.0050907056	0.0010856579	0.22414197	0.0036604553	0.00066648156	0.0034924136	0.002362073	0.001230063	0.0020755632	0.0008838262	0.00033274223	0.0011055124	0.0026598435	0.022009468	0.01041445	0.022009468	0.0073286355	0.02635271	0.02635271	0.05012304	0.002086	0.0008448915	0.0003648524	0.00023434265	0.00033935226	0.00096368557	0.0005586953	0.00044851628	0.0018739242	0.0010076992	0.0018739242	0.0023615833	0.0009300927	0.00053923187	0.0023615833	0.00036812696	0.0029210642	0.015214755	0.00055519916	0.0013523606	0.00031687645	0.033427835	0.00069734594	0.0028999532	0.0029109614	0.0007722004	0.0011647486	0.0003417973	0.0041428446	0.00073455676	0.005841849	0.0002801076	0.0003496782	0.0050314185	0.0011074641	0.0017366732	0.00037622216	0.00049200084	0.00077451667	0.00026388967	0.00306299	0.0003989451	0.00010319959	0.015788361	-21.130577087402344
s01e15b	295.0	5.0	0.8990757	0.8990757	0.010554033	0.16976753	0.0012039922	0.0006162796	0.0031679014	0.006244892	0.0019286346	0.059647787	0.0002735894	0.00070996664	0.006125472	0.002227759	0.0030514188	0.00037373896	0.0031874569	8.6420994e-05	0.00017807237	0.00034790355	0.020813493	0.020813493	0.0010518037	0.0014358937	0.003388216	0.003388216	0.022235332	0.0017548691	0.00044515624	0.0006195646	0.0003882763	0.00055407314	0.00062561524	0.00067076075	0.00022953843	0.0013695067	0.00073076546	0.0013695067	0.0027261944	0.0005049815	0.00026662755	0.0027261944	0.0011723757	0.0028701755	0.004950177	0.0001518541	0.00010555501	0.0004562122	0.0011201799	0.00077375094	0.0007930673	0.0010305331	0.0013073201	0.00084222207	0.0017396549	0.0036480073	0.0013022497	0.009984989	0.00022069135	0.00051853474	0.006516344	8.910998e-05	0.0013686215	0.00021929061	0.00020693662	0.0003761558	0.00061930605	0.014310478	0.00074533396	0.0017922668	0.0016773527	-23.628494262695312
s01e15b	300.0	5.0	0.5400971	0.5400971	0.022399938	0.0024175432	0.0009838298	0.0033843461	0.45146826	0.0010705797	0.005168094	0.001075451	0.00062738685	0.00029756868	0.0018115599	0.0028196375	0.002803781	0.0011258723	0.0010344599	0.0017174492	0.0032401711	0.09306573	0.005784369	0.0029086524	0.0020939999	0.0005425243	0.00018694345	0.0005425243	0.66356814	0.04959915	0.041152626	0.0014520136	0.00077945483	0.0021570576	0.0076351184	0.00034760966	0.004114794	0.00025346503	0.00025346503	0.00023928499	0.0020461036	0.00073428627	7.0921946e-05	0.0020461036	0.00028785132	0.0030782642	0.005854813	0.00021501583	0.00022804961	0.0005053614	0.0016849394	0.0016184843	0.0026037127	0.0030869143	0.000111638496	0.00064679113	0.00040285144	0.0027579265	0.00052274775	0.00067122857	0.00041428133	0.0007792421	0.0001408158	0.00021365233	0.0023407883	0.0005424719	0.0010603898	0.006959948	0.0009304588	0.0019451726	0.0015203644	0.00022823885	0.006959948	-23.016082763671875
s01e15b	305.0	5.0	0.091137975	0.091137975	0.0015876975	0.0003905687	0.00059075543	0.008751806	0.0019748558	0.0009181638	0.05746685	0.0013745859	0.00017230486	0.0003611372	0.001971632	0.016624408	0.00044922443	0.00017414469	0.0016578513	0.0022843524	0.006959207	0.01139258	0.012867842	0.0019942266	0.00056314934	0.008410853	0.0044086897	0.008410853	0.7856103	0.13116321	0.10548941	0.00074608054	0.00021858276	0.0025154194	0.04605904	0.0008762501	0.013570649	0.0035811837	0.0035811837	0.001035617	0.004239584	0.00328033	0.0005852654	0.004239584	0.00092274573	0.0064223404	0.0074659633	0.0005323201	0.00032780267	0.0009860904	0.0012780713	0.011836607	0.00080188835	0.0016357813	0.00024762258	0.0033437333	0.0005519723	0.0006693189	0.00031382852	0.0010901231	0.00047349493	0.00090730883	0.00045090815	0.0004966865	0.0014015937	0.0009029171	0.0013448246	0.0036520236	0.0012569807	0.007440473	0.0026457894	0.0002257409	0.02959978	-18.25613021850586
s01e15b	310.0	5.0	0.6892791	0.6892791	0.028445356	0.14136276	0.00032421015	0.02933616	0.009763247	0.004605078	0.037527174	0.045883387	7.22724e-05	0.0005738671	0.00055557076	0.048455928	0.00026510947	0.00012153088	0.02702783	0.0054332884	0.19654775	0.1488423	0.0014768195	0.0014768195	0.00039615692	0.0015230582	0.0002258029	0.0015230582	0.6211689	0.04487323	0.030095695	0.0021653469	0.00073394796	0.0014511482	0.006011406	0.0022014093	0.006845395	0.00077831815	0.00021998443	0.000485775	0.0010959463	0.00028856573	8.8049244e-05	0.0010959463	0.0004702335	0.0007076582	0.0010064504	4.3164237e-05	0.00010636911	0.00019996561	0.00045817858	0.0025498727	0.00021413363	0.003379672	0.00046447577	0.0042967554	0.0009536898	0.0017347529	0.0005463931	0.0014484338	0.00028725146	0.00042364033	0.00040481132	0.00016743626	0.0010123112	0.00023078623	0.00063952134	0.00092124846	0.0011273979	0.0044607143	0.0007592002	0.00011020584	0.0023624068	-20.3350830078125
s01e15b	315.0	5.0	0.6866499	0.6866499	0.11408281	0.08482298	0.00015227284	0.006030135	0.00424957	0.00027222052	0.006362467	0.0017321982	6.0997736e-05	0.0009543193	0.00062574825	0.003151508	0.00020755551	0.0002538307	0.03663895	0.00017091581	0.77434546	0.017932823	0.0009688728	0.0009688728	0.000531285	0.0007578102	0.00011680346	0.0007578102	0.029166907	0.029172877	0.007848029	0.0021680787	0.00035723514	0.0009799453	0.012969185	0.00028175884	0.00023712829	0.0006941288	0.00021566053	0.0005482302	0.0006367599	0.00034923045	5.3529195e-05	0.0006367599	0.00042000727	0.0006354495	0.0007402227	8.050432e-05	0.00013538517	0.00017770547	0.0004594395	0.00023039819	0.00014975171	0.002885609	9.722493e-05	0.0029782988	0.0005487088	0.00064175	0.00024786495	0.00017183088	7.4721145e-05	0.00040834784	0.00039899492	0.0007864499	0.0008970393	0.00095244584	0.00017898325	0.0016224718	0.00019660979	0.0017564404	0.0027953945	0.00010233401	0.0028994237	-22.24639892578125
s01e15b	320.0	5.0	0.78624785	0.78624785	0.038028147	0.0060957414	0.00017090343	0.003107482	0.47880968	0.0004991845	0.0018043872	0.000529149	0.0010000574	0.00035266244	0.0012352426	0.0014193463	0.011051462	0.00080811256	0.0010869908	0.0016807376	0.0034268913	0.04487555	0.021020863	0.009492382	0.0012389077	0.011643833	0.0010868654	0.011643833	0.06973471	0.013895124	0.008352705	0.0010981221	0.0005637382	0.0010256614	0.0043341103	0.00048744577	0.0006756925	0.000819351	0.000819351	0.0005936649	0.002276844	0.0017187585	0.00032163275	0.002276844	0.00057460734	0.0058969944	0.010102964	0.00061974535	0.00077960454	0.0006701525	0.0065690707	0.0010365424	0.0050359746	0.005247765	0.0001677466	0.00089536904	0.00084152695	0.008655713	0.00031890732	0.0010185621	0.00057851616	0.00072228	0.00056277803	0.0004942052	0.0020085033	0.00078969926	0.0007163272	0.0033174467	0.0023627328	0.0017216679	0.00097440486	0.00011496955	0.0033174467	-22.628517150878903
s01e15b	325.0	5.0	0.86009693	0.86009693	0.016619194	0.07405883	0.0015743604	0.004564391	0.07826117	0.008292414	0.001303674	0.022988752	0.0028222476	0.00013513779	0.0023713468	0.0031524552	0.00080729666	0.011804418	0.0009877562	0.0017558326	0.00074518943	0.013169223	0.007332549	0.0022372345	0.003761856	0.0002824832	0.0017425705	0.0017425705	0.37649593	0.015810732	0.0067202444	0.0010171952	0.0004706328	0.0014773548	0.0056993696	0.00050260423	0.0013762625	0.0011223472	0.000715825	0.00057049136	0.0006440673	0.0013058105	0.00021095284	0.0013058105	0.0007413861	0.0035524382	0.00559766	0.00017416876	0.00126113	0.00026458953	0.0037729626	0.001364219	0.001823827	0.0042924453	0.0005455366	0.0020418435	0.00041878133	0.0055693937	0.00032817415	0.010931701	0.00035847662	0.00054261636	0.0013021388	0.00095318025	0.0018556992	0.0005941302	0.002028079	0.0038111901	0.0011197159	0.005109752	0.0049904836	0.0002942566	0.006220249	-24.800064086914062
s01e15b	330.0	5.0	0.87655514	0.87655514	0.010687872	0.57511514	0.0006939744	0.0003499435	0.0035794468	0.004398866	0.001843183	0.013152973	0.000257821	0.00035960515	0.0039592865	0.0014882619	0.0010756975	0.00065703463	0.0029853997	0.00046211018	0.00019292453	0.0010078129	0.0061254953	0.0061254953	0.0019587239	0.0016951937	0.0019268668	0.0019268668	0.034938786	0.0041366345	0.0014720199	0.000815706	0.0007562721	0.0006683335	0.0014647954	0.001063831	0.0003085689	0.0021497	0.0012383177	0.0008373197	0.0010492482	0.001172694	0.00020528505	0.001172694	0.00084361923	0.003970348	0.0081807645	0.0004534363	0.00030063986	0.0011461038	0.0029401234	0.0005955904	0.002140575	0.0010951478	0.00065661746	0.0012272717	0.0012348079	0.007943911	0.0018750187	0.076433785	0.0001624623	0.0014051761	0.0030340916	0.00061047624	0.00811416	0.0010187435	0.00034945758	0.00022074311	0.0010426925	0.0078346105	0.00091414194	0.0004942267	0.00811416	-24.10317611694336
s01e15b	335.0	5.0	0.8601809	0.8601809	0.057571907	0.029135114	0.00031420484	0.0036005413	0.23247857	0.0013387104	0.0022461335	0.003103107	0.0002541484	0.0003534608	0.0010583511	0.0025913552	0.0024628136	0.0013290391	0.0041813324	0.0001890529	0.0052155317	0.0631296	0.0041783378	0.004085762	0.0012448432	0.0062648687	0.00084439054	0.0062648687	0.035140675	0.0072737397	0.0036167502	0.0011997896	0.00042935988	0.0011476142	0.0039287102	0.00038148608	0.00027672772	0.0008092426	0.0005563396	0.0008092426	0.0022091875	0.0010127139	0.00016680858	0.0022091875	0.001001563	0.0027627517	0.0022537948	0.00057397404	0.0005876018	0.00038592765	0.0029839633	0.0014160223	0.0012307873	0.0060867523	0.00036458642	0.0015918253	0.0006465865	0.0014881549	0.00021042711	0.0011227069	0.0006302834	0.00064351753	0.00054063887	0.00032909558	0.0017100574	0.0005356325	0.0010675498	0.0054782843	0.0012033621	0.0028208564	0.004761421	0.00011658402	0.0065277144	-22.466657638549805
s01e15b	340.0	5.0	0.8692332	0.8692332	0.086205274	0.011861361	0.0003331012	0.0021151397	0.24811296	0.00085193326	0.000988588	0.0016508366	0.00027649064	0.00029622446	0.0030825066	0.0018541763	0.011313401	0.0021435828	0.0011396821	0.00039809506	0.0018849209	0.008309937	0.0044625932	0.0016175437	0.0017407193	0.0028712773	0.00041601533	0.0028712773	0.030368157	0.009053026	0.005069641	0.00086284283	0.0004888253	0.0009705145	0.0027512687	0.0002375184	0.0002118825	0.0018185213	0.0015241955	0.0018185213	0.0027465536	0.0014000848	0.00054017967	0.0027465536	0.0010069007	0.0034636406	0.0030799552	0.00029957748	0.000391163	0.0003253744	0.0023467122	0.0009650031	0.0030160376	0.0035094582	8.5927284e-05	0.0010355298	0.00064501143	0.002725904	0.00021258552	0.0025898386	0.0013934717	0.0003420527	0.0002940177	0.00026093345	0.002276891	0.00087511446	0.00067931536	0.0023511047	0.0011268439	0.002098772	0.0010988489	0.00016137952	0.0023511047	-23.03646469116211
s01e15b	345.0	5.0	0.92186224	0.92186224	0.009719995	0.045089036	0.00026844422	0.0008139229	0.04785371	0.0008444561	0.0029846318	0.016588619	0.00013109879	0.00010223295	0.0017207273	0.0528375	0.0058904374	0.00044025652	0.006321259	0.0023807904	0.0016301777	0.02282607	0.029367743	0.029367743	0.0013750185	0.0015348574	0.00029107576	0.0015348574	0.4323235	0.008597813	0.001417815	0.00052504754	0.0005600055	0.00072165806	0.00280966	0.00037502777	0.0031149508	0.00040331102	0.00040331102	0.0003019411	0.00059282663	0.00023535114	6.982781e-05	0.00059282663	0.0012589517	0.0021503607	0.0013241533	4.7084835e-05	0.00015532605	0.00010542896	0.0013212803	0.00067377527	0.0014348959	0.012189872	0.00033766605	0.020497203	0.0018838726	0.0017296086	0.0005449771	0.004000379	0.00012041782	0.00078400306	0.00027228723	0.00036703385	0.000875426	0.0007437535	0.0007832104	0.0074268086	0.00020427247	0.0069908802	0.012882537	6.5891094e-05	0.018485986	-24.66011428833008
s01e15b	350.0	5.0	0.87376475	0.87376475	0.03778653	0.099906996	0.0003530121	0.0055681504	0.19410357	0.0023707119	0.0048391	0.0067577027	0.0003617721	0.00086758117	0.001959923	0.0028865696	0.0047013364	0.0018436157	0.0035148454	0.0019638042	0.0070573334	0.13927838	0.006922367	0.0033405786	0.0018166605	0.0011504161	0.000660478	0.0016494853	0.028832536	0.0050984733	0.0024557519	0.000690101	0.00025478212	0.00071295677	0.002233358	0.00042508412	0.00034674085	0.00081595633	0.00057323324	0.0005908515	0.0033426462	0.00083111	0.00019209541	0.0033426462	0.000597363	0.0024277628	0.0021440613	0.0003154384	0.00024069841	0.0007469729	0.0025273315	0.0015401769	0.0010169753	0.0036207442	0.00028020696	0.0010435336	0.000510607	0.0040444843	0.00039061467	0.0070125596	0.0004060268	0.0008578659	0.00046350912	0.0002393085	0.001193563	0.0005124105	0.00062468403	0.0021090857	0.0021582157	0.0034965782	0.0028440724	0.000299929	0.0028440724	-20.33271598815918
s01e15b	355.0	5.0	0.8899262	0.8899262	0.08546084	0.07087264	0.0012036746	0.00639412	0.2726371	0.010209989	0.002182004	0.0034213446	0.00015455484	0.0006173595	0.0016576776	0.0008217495	0.0027175806	0.0010402601	0.003574941	0.00030420147	0.0029721712	0.02336082	0.004668006	0.004668006	0.001135589	0.0030096208	0.0003800135	0.0030096208	0.015862457	0.0036607038	0.0020524657	0.0005375599	0.00020337228	0.00052175537	0.0028671287	0.0003393044	0.00029237015	0.0005267112	0.0003958483	0.00032957311	0.00078421296	0.0005109454	0.000111489884	0.00078421296	0.0004912159	0.0016559991	0.0045793317	0.00067860907	0.00043246243	0.0014511676	0.0018301631	0.0013086101	0.0012873613	0.0062212804	0.00040205917	0.0009119474	0.0009427731	0.0040662526	0.0011982095	0.0027083766	0.00036501887	0.0012169002	0.0012143725	0.00040508268	0.0011977991	0.0012733066	0.00047831982	0.0046057845	0.001429088	0.0016787283	0.0036447938	0.00021732383	0.0046057845	-20.66903114318848
s01e15b	360.0	5.0	0.75675327	0.75675327	0.07240485	0.06813444	0.0006726649	0.013259181	0.20029081	0.0036098992	0.0038058138	0.0064614136	6.4274536e-05	0.00095956126	0.0015347463	0.016814	0.0019816312	0.00045214494	0.00651661	0.0013701043	0.020958962	0.18624663	0.003960287	0.0029248802	0.0015778285	0.011267593	0.0007564429	0.011267593	0.044890963	0.00955161	0.0044007315	0.0010045504	0.0005920254	0.00092698477	0.0055527124	0.0007816566	0.0007061074	0.0008407287	0.0008407287	0.0005619836	0.0021745285	0.0010677909	0.00020865515	0.0021745285	0.001069699	0.003566689	0.0028978884	0.00073642534	0.0004191489	0.0025956538	0.0029357988	0.0017046347	0.0014464945	0.008159277	0.00019568832	0.00129713	0.0016376434	0.0042112786	0.00091581704	0.0009518444	0.0005655117	0.0017476435	0.0004834542	0.00029205505	0.0014270983	0.00055440277	0.00084117346	0.0022784371	0.0015430497	0.0031133906	0.0068359156	0.00012563798	0.020371675	-20.101869583129883
s01e15b	365.0	5.0	0.8889149	0.8889149	0.013073424	0.04436914	0.0008601463	0.0022783114	0.20880061	0.0051155537	0.0023307533	0.0142687755	0.0007459568	0.00047807212	0.004442829	0.002770955	0.0014403104	0.0046117036	0.0010836172	0.00031307753	0.0008259136	0.025479743	0.03566184	0.03566184	0.0012239389	0.042311598	0.004358277	0.042311598	0.088910855	0.003923813	0.000995524	0.00043763654	0.0003191339	0.00063279906	0.001127812	0.0004886767	0.0005783141	0.0015251539	0.00039998794	0.0015251539	0.00090531673	0.00048251296	0.00041034518	0.00090531673	0.0010089423	0.00139179	0.0057179937	0.00043863934	0.00064581574	0.0006201486	0.0017454878	0.0025862134	0.0009538707	0.0028886057	0.00043550265	0.0012666446	0.00032911001	0.0032110969	0.00015521812	0.0025493258	0.00025837074	0.0012759143	0.0010608875	0.0004541916	0.0008785433	0.00025918492	0.00089749583	0.004043591	0.001231587	0.0012900807	0.0015943281	0.00015088402	0.004043591	-22.17765617370605
s01e15b	370.0	5.0	0.85789376	0.85789376	0.0064251306	0.06844896	0.00064994063	0.007926606	0.18332832	0.0022023008	0.00208686	0.04880042	0.00028359285	0.00079164736	0.0011750668	0.0020191032	0.004492038	0.0051001958	0.0042330646	0.00085295876	0.0054273754	0.118750975	0.009830678	0.005898731	0.0019667812	0.0065748612	0.001960591	0.0065748612	0.024547143	0.0035729276	0.002150934	0.0009156679	0.0007127455	0.00084601494	0.0026653544	0.0013083023	0.0007406372	0.0020438372	0.0006996765	0.0020438372	0.004185995	0.0007659515	0.00035433314	0.004185995	0.0010742991	0.0021499046	0.009800918	0.00081151095	0.0007593275	0.00094353076	0.011150174	0.0026337975	0.00503852	0.0023535274	0.0015509186	0.0018991395	0.0011151768	0.004052253	0.0011032558	0.0010236533	0.0003961535	0.003180096	0.0015097636	0.00094917865	0.0028915738	0.00045645167	0.00071812834	0.0011084978	0.000946414	0.0027186002	0.001830826	0.00045980597	0.003623448	-20.7271785736084
s01e15b	375.0	5.0	0.8997117	0.8997117	0.010759842	0.1522645	0.0067908675	0.0005603136	0.004355646	0.0015120239	0.0016039846	0.08373636	0.00024943173	0.00025769617	0.0074081738	0.013259394	0.006340153	0.0011510991	0.004044004	0.0005697458	0.00042525557	0.0010157475	0.026435874	0.017178126	0.0047766278	0.0016558021	0.0018065358	0.0018065358	0.059355523	0.004899334	0.0011110753	0.000855793	0.00048453631	0.0006436218	0.0012091578	0.00042099238	0.00026339348	0.0033632529	0.0020780247	0.00333259	0.0023692755	0.0011049523	0.0007080741	0.0023692755	0.0014515857	0.0050968793	0.0026215394	0.0002390141	0.00035160314	0.0004044331	0.002264141	0.0017608628	0.00071801606	0.001796717	0.0003835409	0.004060496	0.0008154099	0.0054955385	0.0011087017	0.008143629	8.372598e-05	0.000589242	0.0016730513	0.00014563091	0.001855867	0.00012899002	0.00044428481	0.0010097297	0.00040582614	0.009419986	0.001150654	0.00017623724	0.005584131	-27.49430656433105
s01e15b	380.0	5.0	0.75553	0.75553	0.0011570697	0.08305049	0.001591579	0.00020604668	0.00078996306	0.0007756682	0.00093311997	0.06777809	0.0005245486	0.0003611935	0.0021853351	0.0026921046	0.0022892568	0.00020080955	0.002067125	0.0012049198	0.00011200157	0.00020753809	0.015088508	0.009520094	0.006006721	0.0020125199	0.0022409717	0.0024972004	0.03548297	0.0024270467	0.0009530576	0.00039266344	0.0004088797	0.00040074345	0.0013987442	0.00426209	0.00030129694	0.0029486553	0.0029486553	0.0018330294	0.0016528663	0.0013757789	0.00086563197	0.0016528663	0.0009143976	0.005623576	0.0051273177	0.00018253762	0.0003012504	0.0004870419	0.0023788582	0.00426209	0.0015473188	0.0036063965	0.0024392805	0.0014331213	0.01926202	0.0032047082	0.00090846507	0.02705548	0.0003627989	0.00068500976	0.0020388162	0.00013836315	0.022360096	0.0005315641	0.00026043935	0.0006179938	0.0039555784	0.009583969	0.0020657228	0.0004008466	0.022360096	-22.51852798461914
s01e15b	385.0	5.0	0.8759992	0.8759992	0.063559614	0.016779086	0.0002432934	0.0026943793	0.2834769	0.002172458	0.0055356426	0.004988969	0.00036318164	0.00021273557	0.002732614	0.0056498754	0.0042253393	0.0025859736	0.008283541	0.0003548588	0.0025056289	0.13580668	0.004006651	0.0016012999	0.0029253836	0.0007876078	0.0006229411	0.004802548	0.024038978	0.0049143005	0.002147461	0.0008300174	0.0003913965	0.0011966297	0.0011750881	0.0001632734	0.00017083058	0.0007699131	0.0007699131	0.000652365	0.0042573554	0.0011660524	0.00013874496	0.0042573554	0.0013527741	0.0031406914	0.0021741954	0.00072463654	0.00045662574	0.00047333536	0.0023916173	0.0043076286	0.0015650637	0.008922285	0.00039791368	0.0043886867	0.0011993536	0.00508484	0.00047159047	0.0023680788	0.0011620424	0.00053169637	0.00047292613	0.00032376166	0.0037402965	0.0010530158	0.0007119098	0.015709924	0.0018275063	0.006196125	0.01579412	0.0002784817	0.01579412	-23.68988037109375
s01e15b	390.0	5.0	0.74156725	0.74156725	0.059220463	0.019833416	0.00014357947	0.0016905199	0.3831741	0.00054987264	0.002903446	0.0018681367	0.00016979872	0.00024974014	0.00399656	0.0009904362	0.014754482	0.0024835854	0.03492685	9.498806e-05	0.0057526818	0.052839458	0.0061149397	0.0061149397	0.001203274	0.0020210836	0.00023398138	0.0020210836	0.038023703	0.0048952983	0.001936011	0.0003637596	0.00013184533	0.00047720046	0.0009697109	0.00034121418	0.00019871553	0.00013505483	0.00013505483	0.00010384708	0.0004951752	0.00012464814	5.6648452e-05	0.0004951752	0.00026471872	0.0010837585	0.0015975131	0.00012060639	0.00029185048	0.00014272892	0.002409596	0.0020750447	0.0014655399	0.0024341643	0.00033072135	0.0011155742	0.0011943363	0.00053940277	2.713565e-05	0.00047804427	0.0011805542	0.0005794405	0.0003907521	0.00016008447	0.0026994671	0.0028696244	0.0009167866	0.028806558	0.01074633	0.0015587073	0.0066895485	0.00020183383	0.028806558	-22.877384185791016
s01e15b	395.0	5.0	0.8371871	0.8371871	0.18447044	0.03770215	0.00016828024	0.007073079	0.3159696	0.0006175802	0.002306539	0.0022242863	6.0609367e-05	0.0003938995	0.00045986427	0.0044015544	0.00091227517	0.00036630518	0.0038528151	0.00017033156	0.023952436	0.024479039	0.0036948167	0.003507601	0.0013027176	0.0097993	0.0015228305	0.0097993	0.00901491	0.002954587	0.0016939612	0.00064607523	8.764847e-05	0.0003954941	0.0009781403	0.00015820042	0.00013458713	0.000372047	0.00014597096	0.000372047	0.000557478	0.00022238518	7.780126e-05	0.000557478	0.0003526902	0.0007656607	0.0024017503	0.0004886078	0.00031970034	0.0009160143	0.0049038255	0.00063638523	0.0009474154	0.006536168	0.0004018582	0.000998088	0.0011028465	0.0010395343	0.00020125596	0.000679747	0.00017746622	0.0014723185	0.00096617	0.00043951685	0.0011575399	0.0005728965	0.00019352845	0.0017986883	0.00038972814	0.00092632347	0.0024167406	4.0797004e-05	0.007981014	-19.234100341796875
s01e15b	400.0	5.0	0.77585185	0.77585185	0.053309593	0.019109748	0.00024338433	0.007039605	0.15472367	0.0011174413	0.0056356792	0.0041907243	0.00016407277	0.00030918437	0.0005997819	0.0072234157	0.0009572566	0.0012076948	0.0055085323	0.0009327089	0.02845232	0.36162543	0.0040811547	0.0040811547	0.0030445433	0.0025342673	0.00068179396	0.0025342673	0.1065113	0.016423032	0.006081101	0.0010522327	0.00055928674	0.001035726	0.010284845	0.0011343207	0.0010979024	0.0010392363	0.0010392363	0.00035350327	0.0012993049	0.0009836846	0.00025214683	0.0012993049	0.00063081045	0.0064608753	0.0030672988	0.00063331367	0.0006797315	0.0008314886	0.01016329	0.0012842817	0.0020327314	0.01603904	0.00026879224	0.0009471925	0.0014452139	0.0016970404	0.00013463077	0.00047497632	0.00046872557	0.0011310785	0.00036363894	0.00060225424	0.002427823	0.0005546792	0.0013427767	0.0026425864	0.0006377891	0.00269958	0.005760389	0.0001523414	0.010377104	-19.56328773498535
s01e15b	405.0	5.0	0.76999664	0.76999664	0.029698059	0.035569906	0.00056882686	0.0032058172	0.4413164	0.0013668948	0.0014953342	0.002369174	0.0014703702	0.00035792222	0.0010392278	0.0025429814	0.0022052599	0.0023188484	0.0009623382	0.00068241835	0.002592779	0.052945152	0.010561565	0.004152052	0.004332621	0.0048993207	0.0013067636	0.0048993207	0.0633364	0.004190008	0.0013936177	0.0010848391	0.0005528745	0.0012765761	0.0025997492	0.00090234604	0.00056423194	0.0026662925	0.0010002361	0.002097537	0.0010836404	0.0012587106	0.0017610556	0.0012587106	0.0009125993	0.003634339	0.0080140745	0.0007963941	0.0010799154	0.0006017362	0.022656616	0.0010759671	0.007864267	0.0020664807	0.0007899936	0.0005580125	0.0016325745	0.004597365	0.00018300432	0.0006945738	0.0007945953	0.0011388129	0.0020615198	0.0017411677	0.0019598457	0.0010815937	0.0022794334	0.0029878602	0.00269024	0.0007459298	0.001697009	0.000132397	0.009568537	-21.20805931091309
s01e15b	410.0	5.0	0.9457948	0.9457948	0.0182658	0.34143856	0.0034187182	0.0019691656	0.059337623	0.080807924	0.0062930146	0.017900554	0.00019631887	0.00027161077	0.008351686	0.0027130833	0.0040940205	0.0019446106	0.003183054	0.00031441578	0.00021587675	0.0012207847	0.0041105226	0.0024782196	0.0008365171	0.00079826434	0.00071772904	0.0012716703	0.07209854	0.004266407	0.0013989912	0.0005784387	0.00016789767	0.00043276427	0.0016397958	0.00048286468	0.00053542573	0.000778531	0.00048782086	0.00038693295	0.0005990501	0.0002826764	9.3057155e-05	0.0005990501	0.000535887	0.0011203608	0.0013383548	8.928494e-05	0.00047450338	0.00034789942	0.00077306916	0.00047443106	0.000654686	0.0021725232	0.001128446	0.0021778988	0.000520148	0.01654509	0.0017001826	0.006916731	0.0002163742	0.0008793615	0.0031642083	0.000117502546	0.0026778283	0.00041628073	0.00021474579	0.0017302913	0.0003525838	0.0023953016	0.0021360472	0.0004358029	0.0026778283	-22.007266998291016
s01e15b	415.0	5.0	0.9186871	0.9186871	0.013825479	0.11465742	0.0010258211	0.00017762094	0.0014422869	0.0009303046	0.0017401006	0.009340144	9.271525e-05	0.0003708756	0.006543144	0.0019071938	0.002053215	0.00030484516	0.027868893	0.0001230888	0.00015829307	0.0005564778	0.0035300325	0.00188108	0.0004575891	0.0020061887	0.0011531047	0.002965388	0.017007219	0.0070985425	0.0034143573	0.00090483855	0.0007752647	0.0010990629	0.0010993896	0.00032950717	0.00013487427	0.0011795408	0.00066045247	0.00074752985	0.00062512537	0.00034674053	0.00018318588	0.00062512537	0.001388883	0.002040233	0.0021873054	0.00014459065	0.00026987356	0.00058722415	0.0007250675	0.0005857638	0.00062613597	0.0021676735	0.0009801493	0.003785882	0.004700596	0.008919768	0.0021721697	0.05814512	0.00064339914	0.0004909163	0.035759438	8.251321e-05	0.019492868	0.0015301302	0.00030498934	0.0009811242	0.0009860082	0.017777376	0.0012702565	0.00020053095	0.057209045	-25.250940322875977
s01e15b	420.0	5.0	0.8648448	0.8648448	0.03832408	0.009179831	9.454282e-05	0.0029957085	0.43300498	0.0005463176	0.0018212775	0.0009535849	6.844447e-05	0.000320583	0.0010221846	0.0010004105	0.0046366802	0.0016363848	0.002778502	0.00020629754	0.0037512146	0.04203328	0.0022686871	0.0022686871	0.0008339352	0.0011423886	0.0001671117	0.0011423886	0.045573767	0.012600329	0.008258637	0.001988056	0.00063906866	0.0023230773	0.0035168685	0.0003897404	0.0006230952	0.00068488275	0.00068488275	0.00033549182	0.001660087	0.0013687427	0.00012822625	0.001660087	0.00028483034	0.003623496	0.0037344692	0.00031254312	0.0008185	0.00031398502	0.0044213957	0.0004871436	0.0021001687	0.0021367203	0.00026085138	0.00033282852	0.0006271809	0.002192442	0.00010958421	0.0007337393	0.00056281424	0.0006308742	0.00021922938	0.00016459974	0.0012666013	0.00034952804	0.00054001855	0.003963928	0.0005074631	0.0010081318	0.002048866	6.724905e-05	0.003963928	-19.433149337768555
s01e15b	425.0	5.0	0.86869615	0.86869615	0.018591013	0.0094356835	0.0002723641	0.0022515869	0.5233855	0.0006265019	0.0016019486	0.0023840987	0.00019628182	0.00022018208	0.0016449654	0.0019776216	0.006926521	0.0027187504	0.0017990916	0.0008252929	0.0009458678	0.08941876	0.020971809	0.0035262525	0.0012985447	0.0030943956	0.0005780545	0.0030943956	0.032200847	0.008782977	0.006699454	0.0014973945	0.00044799712	0.0019468692	0.003135815	0.0006892127	0.00048334175	0.00036818892	0.00036818892	0.000250265	0.001300306	0.0004377223	0.000101360296	0.001300306	0.0008307722	0.003214444	0.0035307738	0.00023956713	0.00037408224	0.00030393043	0.0021386112	0.0010259554	0.0040216376	0.005553834	0.00017326404	0.0008570718	0.00095840095	0.002262864	6.412638e-05	0.00035100902	0.00091907236	0.00055586686	0.0006034741	0.00022236694	0.0017206012	0.00057274196	0.0004506634	0.0025630055	0.0014855397	0.0015397298	0.0016283101	6.7960515e-05	0.0025630055	-21.370201110839844
s01e15b	430.0	5.0	0.8697625	0.8697625	0.021936167	0.036737964	0.00030438512	0.0024581358	0.240987	0.00074771256	0.0033097488	0.0063735493	4.4487027e-05	0.0003775591	0.0018028746	0.0047402233	0.008403035	0.0024138924	0.009333665	0.00036152077	0.006980596	0.18104789	0.017538562	0.017538562	0.0011768473	0.010894741	0.00061410223	0.010894741	0.05551719	0.008052655	0.0029109737	0.0008725342	0.00031443225	0.00081998605	0.0024596164	0.00093021325	0.00064133696	0.0003609873	0.00029711737	0.00024310302	0.0010227555	0.00035707717	8.382704e-05	0.0010227555	0.00049286545	0.0011223749	0.0008825828	0.00012923946	0.00028036756	0.00026305893	0.0038359256	0.0010689482	0.0011491117	0.0051954244	0.00023650602	0.0012743117	0.0008992943	0.0023537704	0.0003046519	0.0011676318	0.00051798194	0.0010329757	0.00030030872	0.00035377117	0.0016863757	0.0003469323	0.00066837744	0.0061738556	0.00053185277	0.0017858061	0.011525933	0.00011961728	0.011525933	-22.55071258544922
s01e15b	435.0	5.0	0.81860036	0.81860036	0.04865792	0.03361843	0.0007149963	0.0013878437	0.005140021	0.0021071536	0.00083799695	0.015189563	0.0018800335	0.00040348808	0.003671546	0.0070724697	0.0043459376	0.0006005055	0.0004614708	0.00073830853	0.0006395897	0.0027637964	0.028205449	0.01819652	0.0031887358	0.013792517	0.010956839	0.018911343	0.03708994	0.002584314	0.00070445094	0.00063765596	0.00052475487	0.0007415098	0.0012209732	0.0006429186	0.00051402487	0.05095548	0.0031968046	0.05095548	0.005309034	0.0020517479	0.009069288	0.005309034	0.0046022926	0.008704782	0.006805778	0.00044306088	0.00042323305	0.0006421201	0.0031047475	0.0035466466	0.0014027487	0.0044244295	0.0006107055	0.0017095128	0.0008311796	0.012793403	0.00053735654	0.017497478	0.0006875582	0.001546829	0.013981686	0.0003751073	0.009542574	0.0008940089	0.00092436175	0.0020249141	0.00089758995	0.017576175	0.0017194713	0.00032537626	0.009542574	-22.62723731994629
s01e15b	440.0	5.0	0.5199589	0.5199589	0.021944579	0.0041746628	0.00043269273	0.006556517	0.32468605	0.0018135417	0.0039628367	0.0039501805	0.000103282786	0.0003405449	0.0012890815	0.003006639	0.0029690643	0.0011152676	0.0015497361	0.0006029963	0.010112592	0.38002092	0.0036411518	0.0028231307	0.0034209918	0.010630556	0.0017738813	0.010630556	0.116500095	0.015468614	0.005645639	0.0005463421	0.00029648014	0.0010016413	0.004154401	0.0013127351	0.0010326869	0.0011565804	0.0011565804	0.0004832499	0.0011278345	0.0014044503	0.00034765888	0.0014044503	0.0006215465	0.008347762	0.005350879	0.00069100293	0.00068606716	0.0005987915	0.009359758	0.0011901538	0.0028328663	0.0035539155	0.00019995282	0.00051498873	0.0011133326	0.0019421071	9.4927025e-05	0.00074109156	0.00051259395	0.00088099693	0.00027078338	0.0006728102	0.0023227613	0.0007113615	0.0013639124	0.002811979	0.0009083192	0.0016632187	0.00081084535	0.0001564477	0.002811979	-22.302440643310547
s01e15b	445.0	5.0	0.49301565	0.49301565	0.015678808	0.0043884222	0.00036667098	0.0030770092	0.41717216	0.0018259891	0.0037659754	0.0027594771	5.4983255e-05	0.00030683138	0.0013099493	0.0018989579	0.003624681	0.0017908642	0.004258362	0.00030099606	0.0065975212	0.2265417	0.0026250777	0.002079641	0.0026250777	0.0075702453	0.0005371911	0.0075702453	0.057420325	0.01175542	0.0036949238	0.0010675184	0.0003138806	0.001506056	0.003826888	0.0008527604	0.0005816491	0.00052294857	0.00052294857	0.00035817805	0.0015623866	0.00093722	0.00017434156	0.0015623866	0.0005333374	0.0043755574	0.0027715836	0.00039640476	0.00084439456	0.00044169478	0.008284167	0.0013629983	0.0018254877	0.0027434963	0.00023742557	0.0010845187	0.00074723497	0.0010600232	0.00015105231	0.00030334308	0.0004118473	0.0008738571	0.00018353906	0.00048814414	0.0025364875	0.0005477935	0.0010064485	0.0036497875	0.0015532064	0.0014431064	0.0025814872	0.00021857108	0.0036497875	-21.87980842590332
s01e15b	450.0	5.0	0.65973413	0.65973413	0.021407563	0.0018770831	0.00082532945	0.0030518828	0.12672861	0.0043401127	0.0021341231	0.0017320218	6.518139e-05	0.00058078824	0.0033996254	0.0008549466	0.0010549608	0.00096159306	0.0004615929	0.00038349777	0.0036278905	0.22792894	0.022333354	0.003140075	0.022333354	0.0141550945	0.001369203	0.0141550945	0.031331174	0.005623571	0.001622193	0.0007810605	0.00012950815	0.0010416186	0.003097978	0.00035974418	0.00028624077	0.001996838	0.001996838	0.00082093786	0.0034725463	0.0038868021	0.00066359236	0.0038868021	0.0014734897	0.012815639	0.00646124	0.00096298935	0.0007256745	0.0009185064	0.029013269	0.00094715186	0.0024782326	0.0016193613	4.835514e-05	0.00030878963	0.00052181905	0.0027020946	0.00017860341	0.00010913674	8.62407e-05	0.0011183731	0.00027310752	0.003113583	0.0013536168	0.0004247552	0.0019282089	0.0010299359	0.00063976465	0.0042563328	0.0004909601	0.000106771935	0.005022627	-22.90513801574707
s01e15b	455.0	5.0	0.65316945	0.65316945	0.06500261	0.008536982	0.00052444584	0.007443527	0.35514003	0.002313105	0.0042763627	0.0037712995	0.0007333258	0.00077207974	0.0021873866	0.0066678096	0.0010742019	0.00164475	0.0051286803	0.000978488	0.010757234	0.035447646	0.008928924	0.0026795936	0.0010724937	0.0076006274	0.0016883052	0.0076006274	0.019512136	0.003076642	0.0015993044	0.00042055594	0.00024210954	0.00035361873	0.003689465	0.0002904858	0.00026343515	0.0009948612	0.0009948612	0.0004080443	0.0014458919	0.0015289241	0.0001903193	0.0015289241	0.0005546834	0.0037556938	0.0065420563	0.00094610977	0.00094961695	0.0012010729	0.005368707	0.0015037876	0.0008374645	0.03159378	0.0003016568	0.0035824806	0.00074249296	0.0020406777	0.00056508824	0.0004518244	0.00039714837	0.0012390681	0.0012930385	0.0004709701	0.0021959685	0.00042336766	0.0013861648	0.0108689815	0.000513576	0.0034578454	0.0025369471	0.00023693891	0.056005668	-20.61835479736328
s01e15b	460.0	5.0	0.8371074	0.8371074	0.10141278	0.014397931	0.0002914034	0.0076393317	0.27103758	0.0025124026	0.0025871806	0.0012622115	8.025298e-05	0.0006974316	0.00050592294	0.007229916	0.0017030531	0.00046091422	0.0056271716	0.000749535	0.014220153	0.21049447	0.005044325	0.0016466163	0.001246286	0.0033049122	0.00069332455	0.0033049122	0.056032147	0.0048116865	0.0019358719	0.00050244114	0.000295899	0.0005285227	0.004158757	0.0014201042	0.000755537	0.0008142026	0.0007622191	0.0006770087	0.0024372311	0.0014422799	0.0002411231	0.0024372311	0.00085137004	0.0066245743	0.008946339	0.0016411789	0.000722677	0.0013585673	0.0035597	0.0016366442	0.0024949268	0.0071606226	0.0013036509	0.0008033568	0.0019938264	0.0026282992	0.00014896953	0.00058454234	0.0005261826	0.0021949282	0.004055264	0.0006480183	0.0030191864	0.0007505736	0.0014990603	0.0042470144	0.0017546663	0.002091992	0.0029111232	0.0001232175	0.0132636605	-21.11697769165039
s01e15b	465.0	5.0	0.7981801	0.7981801	0.03265156	0.038500562	0.00017622365	0.0060362765	0.1011439	0.0009511173	0.0008997949	0.0038433326	0.0011528779	0.00028095493	0.0018876727	0.004926773	0.004406223	0.000497769	0.002897577	0.0010585629	0.0025268244	0.08129052	0.0047864118	0.0047864118	0.0014192678	0.0006297358	0.0005467489	0.0012311138	0.06888876	0.006443711	0.0032769344	0.0009089486	0.00038033174	0.0010014696	0.0015355898	0.0003492033	0.00027689268	0.00072100153	0.00035198746	0.00072100153	0.0016061709	0.0006812918	0.000133942	0.0016061709	0.0014301552	0.0017685218	0.0032094077	0.0005409667	0.0003770532	0.00085698516	0.0017407807	0.0011516146	0.001223802	0.007011885	0.0018126874	0.0015732807	0.0015274762	0.004298755	0.002053596	0.006994473	0.0003283284	0.0010419908	0.00094967213	0.0002134021	0.0042833607	0.000739894	0.0005618843	0.005673283	0.0037934065	0.0055190013	0.01063148	6.609285e-05	0.01063148	-22.33721160888672
s01e15b	470.0	5.0	0.8960807	0.8960807	0.03118858	0.095482975	0.0003202546	0.0021199035	0.07047363	0.0012932965	0.004077954	0.010974696	8.807695e-05	0.0001827027	0.0007312977	0.022454813	0.0005772474	0.00045667033	0.06453556	0.0011907592	0.010458047	0.008502784	0.0024540958	0.0024540958	0.001022811	0.00078541925	0.00053847634	0.00078541925	0.030218882	0.002742359	0.001878658	0.0005343538	0.00018959824	0.00041981236	0.0013408413	0.00024636224	0.00039681175	0.000654554	0.000654554	0.00036477015	0.00069689384	0.0007328346	0.00010355053	0.0007328346	0.00067661266	0.0018113452	0.004356124	0.00027455098	0.000582125	0.00036116064	0.0029553135	0.0005070666	0.0011729571	0.019241942	0.00035747056	0.022847705	0.00082538766	0.0027246224	0.00047723777	0.0018144913	0.00023135354	0.0008259514	0.0008794043	0.00031329252	0.0010653761	0.0015448462	0.00085879833	0.013136661	0.00023675463	0.005522423	0.029737597	0.00012052937	0.03364938	-22.747461318969727
s01e15b	475.0	5.0	0.46414718	0.46414718	0.088831596	0.0094448775	0.000112925874	0.0049563884	0.12661447	0.00028317783	0.0043867035	0.0037525764	9.749659e-05	0.00051027443	0.0003945087	0.0034585686	0.0008283633	0.00022419715	0.043753184	0.00010698515	0.138621	0.08316073	0.0016902431	0.0009232783	0.0016902431	0.00126369	0.00013114067	0.00126369	0.035100084	0.014739204	0.007477763	0.0016082474	0.0003627626	0.0010664902	0.0045461524	0.00044898535	0.00020237628	0.00019280867	0.00019172614	0.00017523888	0.00028713976	0.00027135143	6.8156776e-05	0.00030037743	0.00036496026	0.0007702716	0.0012371029	0.00020341495	0.00026044183	0.00048318884	0.0020978835	0.00028649822	0.0012219452	0.0048487172	0.00024583313	0.001452434	0.0014244817	0.00036624653	4.014883e-05	0.00027555905	0.0003290184	0.00046986385	0.0003493703	0.0002357925	0.0005835988	0.00038465677	0.0004216223	0.00183561	0.00034746784	0.0010861834	0.0087637445	0.00021729607	0.0087637445	-20.233991622924805
s01e15b	480.0	5.0	0.8850989	0.8850989	0.26452732	0.045705415	0.00045904354	0.003159052	0.038403034	0.0017129129	0.003991552	0.008437884	0.00013874048	0.0002548725	0.008147674	0.015216926	0.001081975	0.00076172495	0.026497269	0.00032010564	0.020725982	0.013060049	0.0077834115	0.0077834115	0.0015900627	0.0019993607	0.0005477747	0.010989663	0.03003902	0.009272165	0.0032362447	0.00049239845	0.0002452862	0.00031208605	0.0038531409	0.00019805197	0.00020448353	0.001116412	0.00035044592	0.00051244616	0.00062392955	0.00023877632	9.933339e-05	0.00062392955	0.0016849315	0.0011020624	0.00079361873	0.00014013013	0.00017938766	0.00027340138	0.0007033206	0.0020665291	0.0007040667	0.014293956	8.810148e-05	0.026922096	0.0020602471	0.0028840962	0.0001905152	0.00082853495	0.0005322131	0.0003927211	0.00058340695	0.00021135187	0.0032077956	0.0009512777	0.0003229589	0.0052380366	0.0006415564	0.005370232	0.009129381	0.00035568417	0.022360705	-24.450485229492188
s01e15b	485.0	5.0	0.62723845	0.62723845	0.029385557	0.0053713173	0.00022829915	0.001106527	0.05643755	0.0002685123	0.0023219504	0.0022587487	0.00015572704	0.0003905778	0.0028889382	0.0013033851	0.00033857216	0.00049236347	0.0650129	6.624517e-05	0.015938915	0.014570572	0.0030300985	0.0030300985	0.0010044173	0.0033612521	0.0005094585	0.006830638	0.016128838	0.0043933205	0.0018302621	0.00046457734	0.0003143846	0.00057483825	0.0015952429	0.00011660537	0.000179222	0.0013332062	0.00068298663	0.0013332062	0.0013665505	0.0006495146	0.0001741535	0.0013665505	0.0055106618	0.0028732806	0.0026457603	0.00015587367	0.00066825	0.00038650917	0.002415358	0.0021767074	0.0020938823	0.004487801	0.00013114267	0.0035784454	0.002213613	0.0012800425	0.0002017361	0.001062817	0.00021893962	0.00041528867	0.00012357804	0.0007330627	0.0025737565	0.004410287	0.0033012375	0.05466429	0.012624153	0.012655741	0.0050445283	0.00020152365	0.12702988	-22.03742790222168
s01e15b	490.0	5.0	0.7498269	0.7498269	0.03338877	0.028769793	0.0006785373	0.0012206307	0.09144155	0.0025294456	0.0036326523	0.0044226763	0.0012040288	0.0004355934	0.016781917	0.008823962	0.007068603	0.0017344524	0.00067567086	0.0011255033	0.0015484205	0.052745856	0.011242102	0.005097158	0.0050423415	0.0023676148	0.00032840826	0.010092469	0.04226103	0.008003441	0.001356916	0.0007059335	0.00029927745	0.00046517956	0.0061676153	9.539863e-05	0.00026447125	0.0017744022	0.0015778166	0.0017744022	0.0008852328	0.00075727527	0.0003096599	0.0008852328	0.0030674315	0.0045976546	0.00403797	0.0004585253	0.0003525127	0.0004311446	0.009788053	0.003647886	0.0015429278	0.0063456832	0.00016478049	0.004287308	0.0006649154	0.0045146546	0.00023856605	0.0026506972	0.00061110494	0.0007941244	0.0011333132	0.00093901256	0.0029019874	0.0005302909	0.0010709113	0.0020731655	0.0006632133	0.006587275	0.0009459674	0.00019099393	0.010230113	-28.513751983642575
s01e15b	495.0	5.0	0.89208263	0.89208263	0.013682925	0.028745534	0.0003976308	0.0031475618	0.21850118	0.003158384	0.00086565793	0.012628957	0.00019010565	0.00048192317	0.002989001	0.005763257	0.017044758	0.004547141	0.0027033312	0.00032935358	0.0016519065	0.032991607	0.0094500985	0.0094500985	0.0012143968	0.004570774	0.0010957015	0.0051588938	0.049982827	0.003939989	0.0010657524	0.00046037525	0.00021128639	0.000553426	0.0014224458	0.0007012799	0.0003395801	0.0014384558	0.000907143	0.0013143809	0.010644242	0.0007232092	0.00015542308	0.010644242	0.0019891975	0.0065103024	0.0029200118	0.00037575833	0.0011115136	0.00022799482	0.0018721687	0.0069161807	0.001985063	0.0015203861	0.0002698872	0.0021701697	0.00064346235	0.0012064714	0.00017669222	0.0014513596	0.0010587203	0.00062055094	0.00020323426	0.00038971996	0.0030233646	0.00044304188	0.0007778158	0.0023904003	0.002761286	0.010125871	0.0023235206	0.00019560604	0.0030233646	-21.502477645874023
s01e15b	500.0	5.0	0.7963567	0.7963567	0.07669096	0.009407652	0.00042245592	0.0047679446	0.2075162	0.0011173195	0.0019619528	0.0017937159	0.004774683	0.00049081806	0.0056803427	0.0030931572	0.013476768	0.0016943242	0.0012612675	0.0017068605	0.0017537067	0.034055803	0.1195493	0.006669418	0.0027308825	0.002748657	0.0010121642	0.002748657	0.059598844	0.016597256	0.016233196	0.0023737475	0.001795755	0.0035227372	0.002431829	0.0003834956	0.0005135625	0.0014337512	0.0014337512	0.0011899287	0.0058701895	0.0021280553	0.00040649076	0.0058701895	0.00066246977	0.0068157315	0.0048531736	0.00066011486	0.0012137747	0.0010446277	0.0035791174	0.0012425114	0.0038551495	0.0018345795	0.00011897763	0.00083021034	0.00081287156	0.0054887305	0.00015076595	0.0015574894	0.0005609738	0.0010076435	0.00067495654	0.0007064564	0.0060396823	0.00040886237	0.0010251616	0.005232397	0.0010735109	0.0027054532	0.0021649038	0.00013174015	0.0060396823	-21.67662811279297
s01e15b	505.0	5.0	0.72492504	0.72492504	0.005627487	0.015257568	0.00038007364	0.0018453223	0.0045152484	0.000991864	0.004738975	0.005961368	0.0002103186	0.00054463465	0.0037798549	0.0021621285	0.007846491	0.00012273414	0.0007945044	0.00015278248	0.00019738461	0.0008651558	0.047296423	0.047296423	0.002728215	0.011670978	0.00550151	0.029004881	0.02686713	0.0048601795	0.0018887997	0.0006410623	0.00036299747	0.00069795625	0.001470567	0.00025064588	0.00089723425	0.0014430027	0.000851044	0.0012583091	0.0019201785	0.0005176138	0.00020549617	0.0019201785	0.0036028016	0.0056153964	0.003207727	8.4774496e-05	0.00015061566	0.0003022922	0.00050695136	0.0016219012	0.0024351974	0.005881275	0.0006206731	0.0012431288	0.006360909	0.009341723	0.00071955664	0.029635822	0.004986735	0.0016790368	0.0064013763	0.00022696826	0.039830744	0.0017153068	0.00038073945	0.0010346875	0.0010053833	0.024738975	0.0014838792	0.00024064632	0.039830744	-21.85086250305176
s01e15b	510.0	5.0	0.8853478	0.8853478	0.11018443	0.07629747	0.0010539151	0.020705203	0.025980193	0.0076324916	0.0038296485	0.019582761	0.00038853532	0.000732541	0.000435511	0.01798978	0.0013694742	0.00023191539	0.006488008	0.001019449	0.0075105885	0.11062675	0.004939351	0.0021058044	0.0018218211	0.0008134177	0.0008243152	0.0031686814	0.040618412	0.0030791396	0.001241872	0.00047476534	0.00037251602	0.00054796325	0.0017906416	0.0006363701	0.0007502668	0.0026569194	0.0018771689	0.0026569194	0.0063513503	0.0023164747	0.000622415	0.0063513503	0.0017712632	0.009412674	0.005462745	0.0005446388	0.00041314692	0.000954835	0.0022849895	0.0026495492	0.0013682304	0.0048967637	0.0006518954	0.0017823966	0.0013897642	0.0034616366	0.00026181163	0.001378209	0.00032963254	0.0016330859	0.0038410076	0.0003601144	0.0021800469	0.0006496261	0.0018697912	0.0026269672	0.0007737723	0.005944444	0.0018850636	0.00040794455	0.005870078	-20.2399845123291
s01e15b	515.0	5.0	0.77066636	0.77066636	0.032488406	0.04268813	0.0005234917	0.010570275	0.17273606	0.0022600086	0.003961751	0.004489399	0.00019484769	0.0005667126	0.0004658776	0.0045300853	0.0029242795	0.0011972557	0.002176663	0.0015102453	0.0072054276	0.14518353	0.023198362	0.0048801554	0.0021058444	0.008655267	0.0016453124	0.008655267	0.056200597	0.005621092	0.002557779	0.0005553084	0.0004125023	0.0005258569	0.0032047566	0.0012947965	0.0009575671	0.0036888833	0.0036888833	0.0024982602	0.0074807373	0.0073613087	0.0009209605	0.008103383	0.0010738325	0.012969056	0.019478748	0.0030508835	0.001811609	0.001095212	0.026074838	0.0023348606	0.004255165	0.003359117	0.00017214689	0.0004750845	0.0013952386	0.0020274404	0.00045424228	0.0014527162	0.00025890511	0.0035252639	0.0007432845	0.001741713	0.0010751555	0.00046411395	0.0016935848	0.0021472352	0.00094903895	0.004783719	0.0010814962	0.0001704193	0.0062531773	-20.76163101196289
s01e15b	520.0	5.0	0.8520651	0.8520651	0.061830208	0.003642498	0.00019528421	0.006626005	0.030075764	0.0023578114	0.0024177087	0.00068473595	8.4479776e-05	0.00021919425	0.00023846418	0.013959438	0.0026080543	0.00014495938	0.0018188459	0.0005698126	0.0030174374	0.1923575	0.0041990248	0.0041990248	0.0008536572	0.00028356552	0.0002942468	0.0020332732	0.022419743	0.0044028	0.0017641867	0.0002805692	0.00014619886	0.00032119395	0.0035957186	0.00042575024	0.00018350825	0.0019921171	0.0019921171	0.00021848232	0.0016208428	0.001459348	0.00012618523	0.0016208428	0.0010090705	0.021699509	0.0132713895	0.0011097341	0.00030739998	0.0009445367	0.00092686113	0.0038521602	0.0013009084	0.016549071	0.00010555752	0.00089844124	0.000756007	0.00045736236	7.072703e-05	0.0009734817	0.00034613907	0.0005410417	0.00019487688	0.00012615815	0.0022985996	0.00033030004	0.0016544658	0.0031678458	0.0005807611	0.0035162917	0.0014888196	0.00012500546	0.015532532	-20.68007469177246
s01e15b	525.0	5.0	0.620042	0.620042	0.04976797	0.0070216996	0.0003663916	0.010632534	0.0042959396	0.0010911552	0.0032077422	0.046630926	0.00023079944	0.00064317725	0.001639464	0.2785937	0.0005120328	0.00026253753	0.011001927	0.0009814505	0.22793481	0.29985362	0.0068291984	0.0025927322	0.0012517346	0.002749699	0.0011758574	0.002749699	0.049723167	0.011607631	0.0038905127	0.0010631138	0.0005769344	0.001100861	0.008637308	0.0006933176	0.00065620174	0.009375396	0.009375396	0.002841084	0.003773909	0.0045078555	0.0011781164	0.0052910973	0.009966284	0.028813249	0.01090297	0.002601798	0.0014349055	0.0014390519	0.009166751	0.00566365	0.0015992861	0.008266186	0.00010680066	0.0014792074	0.0022164541	0.00027739498	7.028061e-05	0.00025327154	0.00037208252	0.0019126039	0.00039271527	0.00032039508	0.0016032723	0.0003039904	0.0069749267	0.0023908608	0.0007409514	0.008235907	0.0007353289	0.00038624456	0.0072850278	-19.02013397216797
s01e15b	530.0	5.0	0.80857056	0.80857056	0.021510215	0.17930095	0.00022450007	0.00745621	0.0071777995	0.0012564319	0.00364246	0.15178806	0.00012441551	0.00011458189	0.0018361947	0.012326779	0.0020023745	0.00051614235	0.041198373	0.0007225037	0.010458501	0.010852573	0.005869249	0.005869249	0.00039187307	0.0012663817	0.001240988	0.0013132372	0.013079552	0.003601479	0.0015024951	0.0005902253	0.00033998938	0.00041893206	0.0016957177	0.0006523914	0.00064350804	0.002093912	0.00077539764	0.002093912	0.0028487185	0.0007197143	0.00037876645	0.0028487185	0.00096036436	0.0017831604	0.0016614405	0.00015393566	0.00019948589	0.00038600143	0.0007856873	0.002124027	0.0006447533	0.0045425873	0.000828931	0.01039078	0.0019283924	0.0010146082	0.0011477491	0.000896806	0.0002497687	0.0012443016	0.00097616104	9.621998e-05	0.0020679159	0.00041012286	0.00024856284	0.0010768387	0.0006943088	0.005261147	0.00785321	0.000174194	0.009597424	-20.89943122863769
s01e15b	535.0	5.0	0.8891367	0.8891367	0.008684976	0.35602632	0.009511734	0.00072335143	0.011218767	0.016716363	0.0022307553	0.22433649	0.00041623926	0.00078899076	0.015592889	0.0015886751	0.014402703	0.0032390147	0.003696395	9.643252e-05	0.00018532963	0.0007189836	0.007989733	0.007989733	0.0008537759	0.0027742444	0.0016067139	0.0027742444	0.015561579	0.0033655008	0.0015783936	0.000946479	0.000615664	0.0006259027	0.001843992	0.0013092484	0.00031668768	0.0014651421	0.00033158544	0.00033684392	0.0010323589	0.0002054946	0.000121282435	0.0010323589	0.00050679944	0.0009834208	0.0057328255	0.00014191278	0.00068522024	0.0008617423	0.0016562799	0.0016528898	0.0007749065	0.0009949807	0.00037968325	0.0008792195	0.00023663278	0.0023283826	0.0016565227	0.0075037666	0.00024401354	0.0005441977	0.0018818786	0.00042423847	0.0017653106	0.0003935137	0.00028795944	0.00051357696	0.00049858936	0.0016604932	0.0005871914	0.0006140791	0.0025683236	-24.654409408569336
s01e15b	540.0	5.0	0.93184906	0.93184906	0.01798983	0.24899383	0.0005286187	0.002153161	0.1138871	0.0068839598	0.0020466996	0.040104307	0.0003800164	0.00025626237	0.0012567898	0.0027415075	0.0105265435	0.0008863068	0.0019071539	0.0008837335	0.0014849895	0.05470408	0.01643967	0.0026024773	0.0014266586	0.0016387664	0.0008962345	0.0019666306	0.08530122	0.0048065768	0.0019433625	0.0006949406	0.0003608696	0.001096271	0.001617138	0.0008648809	0.00064801925	0.0008150646	0.00026020256	0.0008150646	0.0033769335	0.00045663942	0.00015648753	0.0033769335	0.000406944	0.0026965237	0.007135353	0.00015204115	0.00040227675	0.00069639715	0.0019980036	0.0012577304	0.0021113057	0.0047544506	0.0022399249	0.0025847587	0.0008221705	0.010025074	0.0013295966	0.010784272	0.00017234626	0.0020898846	0.0013661237	0.00025211726	0.0014167582	0.00083820976	0.00031249307	0.0010584792	0.0020119376	0.0024058553	0.0034595793	0.000498106	0.0034595793	-22.22747611999512
s01e15b	545.0	5.0	0.609963	0.609963	0.0025695919	0.009063355	0.0015872009	0.00053716375	0.0014730401	0.00035194925	0.0027247635	0.033096902	0.0011224129	0.00069561816	0.003386473	0.0011455347	0.0008772751	0.0005140035	0.0016531548	6.0526778e-05	0.0004103252	0.00090801466	0.013006202	0.005280222	0.0012584458	0.0016397326	0.0021810844	0.0021810844	0.037342053	0.010540628	0.0006754526	0.0003202418	0.00011291005	0.00023840505	0.008482091	0.07706758	0.00046501533	0.0016123634	0.0011355188	0.0016123634	0.00057756057	0.00068742456	0.00042078635	0.00068742456	0.0011433243	0.0025053427	0.0074459123	0.00023891933	0.00040701267	0.00085604296	0.0033089798	0.07706758	0.0009012256	0.0020414053	0.105525166	0.0008522978	0.09837212	0.00068579713	0.00041857295	0.00054494775	0.00070461206	0.0012355455	0.0021281363	0.0003983813	0.0017753011	0.015868504	0.0011342906	0.002455738	0.018232739	0.0011849231	0.32651088	0.00014004424	0.32651088	-23.11582374572754
s01e15b	550.0	5.0	0.4070954	0.4070954	0.017511068	0.004707586	0.00048073533	0.006118422	0.37167287	0.0011375243	0.035727654	0.0013538708	0.00035105285	0.00014121462	0.00081418594	0.0019135334	0.0020569477	0.001333786	0.004160871	0.00084758265	0.021291848	0.09382636	0.003584069	0.003584069	0.0021302386	0.0034100409	0.00045926718	0.0034100409	0.703484	0.11984735	0.07834245	0.00473124	0.0014009058	0.0039064335	0.037166446	0.0010239171	0.004703827	0.001260673	0.001260673	0.0003536971	0.004103149	0.0047881478	0.0001929317	0.0047881478	0.000361724	0.010799983	0.020053275	0.002367171	0.0033088855	0.001665499	0.025105445	0.001720118	0.0042271893	0.008813254	0.00035879185	0.0010197675	0.0006509173	0.0027900059	0.001763599	0.00039536634	0.00047544285	0.0020301165	0.00036589004	0.0011394346	0.0020097443	0.0007641089	0.0014450075	0.006182114	0.0013752785	0.0034169771	0.0074804467	0.00023607213	0.0074804467	-19.969078063964844
s01e15b	555.0	5.0	0.8264308	0.8264308	0.0049974876	0.08492259	0.00024321732	0.0013834185	0.000838807	0.0012789737	0.020103823	0.023209045	7.200088e-05	0.00023241676	0.0026690403	0.0045439303	0.0006049893	0.00018204085	0.00037519654	0.00039914993	0.00027940693	0.0008685886	0.0039655613	0.0039655613	0.0023578294	0.0034592326	0.0027142728	0.0034592326	0.8792621	0.047862876	0.024075648	0.0052875397	0.0014083988	0.0033690853	0.009520975	0.0051068366	0.010482585	0.0037226884	0.0037226884	0.0021189232	0.0053148135	0.014520983	0.0006045872	0.014520983	0.0005208364	0.022669796	0.06891412	0.004487837	0.0024754498	0.0019964762	0.007407935	0.004002532	0.006024804	0.00095039356	0.0011675751	0.0013743456	0.0010597596	0.0041758465	0.0026329271	0.009480736	0.0002321986	0.0010462841	0.00025053718	0.00029723495	0.0013584883	0.0026830647	0.0005891942	0.00023160514	0.002551535	0.07888492	0.003853218	0.00027309684	0.006287536	-20.315380096435547
s01e15b	560.0	5.0	0.91172206	0.91172206	0.006428392	0.09482723	0.0007687705	0.0011170965	0.1951691	0.001578562	0.0015399262	0.017197087	0.00016309104	0.00023808863	0.0028205505	0.0056862794	0.009199612	0.0021376295	0.0045242226	0.0010462606	0.0010069333	0.0068281638	0.0893735	0.00865827	0.0029782818	0.0017677794	0.0005422653	0.0018586994	0.06436945	0.0059627956	0.0019061964	0.0011218126	0.00019524177	0.001053599	0.0018673268	0.0006602064	0.0007113066	0.0009098905	0.0006848168	0.00074730726	0.0015749482	0.00063090725	0.00016095921	0.0015749482	0.0017390571	0.0023532105	0.0027667247	0.0002961866	0.0005167757	0.00021848065	0.003678348	0.0016225461	0.002864793	0.010465343	0.0018748136	0.0039207987	0.0014939508	0.003897554	0.00058060477	0.0038005963	0.0008704889	0.0007058884	0.0007149718	0.00019817664	0.001364115	0.00040786678	0.0003032971	0.0033061614	0.004673373	0.007435679	0.014442618	0.00010327786	0.014442618	-22.88047409057617
s01e15b	565.0	5.0	0.8943267	0.8943267	0.03203383	0.0854076	0.00017125234	0.0041705673	0.31375545	0.0021346372	0.0030833946	0.0031204221	0.00011537073	0.00025821806	0.000560753	0.0013661009	0.0032931594	0.0018560102	0.0011462943	0.00056454074	0.0031531774	0.34567943	0.0036361683	0.0036361683	0.001589216	0.004385192	0.00074701494	0.004385192	0.05256722	0.0042186915	0.0018665307	0.00072200474	0.00023734363	0.00071839866	0.0016777025	0.0006593764	0.0005784175	0.00030502016	0.00030376704	0.00028722134	0.0010270699	0.00053505454	0.00010872924	0.0010270699	0.0003726661	0.0020234028	0.0036951064	0.0006718484	0.00037176124	0.000744843	0.0056806314	0.0005874612	0.0018208468	0.0033294205	0.00055246364	0.0010666659	0.0006854926	0.0038901526	0.0002567642	0.0012768285	0.00039362925	0.000585507	0.00048179898	0.00027208924	0.0010686946	0.00046206347	0.00027022374	0.0017928879	0.0012738293	0.0014150632	0.0026612086	7.523508e-05	0.004117769	-20.605566024780277
s01e15b	570.0	5.0	0.8930888	0.8930888	0.019623885	0.21292312	0.0002512601	0.0022191068	0.43478915	0.0016378384	0.0024820252	0.012014378	4.6844423e-05	0.0001248256	0.00433537	0.0013489228	0.0015531331	0.0014517342	0.0036765907	0.00041848698	0.0016767331	0.03967428	0.007526087	0.007526087	0.0009141598	0.008568552	0.00080615125	0.008568552	0.059966326	0.008681409	0.0028708335	0.0008697833	0.0003404149	0.000773183	0.0012071967	0.0002963654	0.00049909076	0.00073614606	0.0004965703	0.0006202618	0.0015321954	0.0006268131	0.00013187224	0.0015321954	0.00042805803	0.0019406168	0.0035741378	0.00024637845	0.0003287328	0.0006943329	0.0014915734	0.00078654574	0.0021883817	0.0078469515	0.0007390026	0.0013469709	0.0009693695	0.005521436	0.0007992084	0.0057085403	0.00047854192	0.000781724	0.00026588325	0.00013140567	0.0020075173	0.00045106743	0.00020523416	0.0046077	0.0013938852	0.0023787336	0.009471889	5.366126e-05	0.009471889	-23.05078125
s01e15b	575.0	5.0	0.812754	0.812754	0.0877945	0.0069224914	0.002529963	0.002990691	0.2914833	0.003433586	0.0019679244	0.012985693	0.00060724135	0.00043563513	0.013070613	0.005235391	0.001315808	0.00055396435	0.0028504678	0.0006782609	0.0018236015	0.16818821	0.013160389	0.013160389	0.0028163572	0.004036333	0.00087873585	0.01968421	0.021631878	0.016798047	0.011525026	0.0007076713	0.00020764419	0.0006672315	0.00092367106	0.0001360763	0.0002228445	0.0013485419	0.000805829	0.0009479577	0.0008883067	0.000844918	0.00034093534	0.0008883067	0.002161032	0.003641211	0.006676039	0.0013495564	0.0003048777	0.00045405398	0.0013489493	0.0024097634	0.003000017	0.011018688	4.7652284e-05	0.0013751108	0.0009561536	0.0074717393	0.00025284835	0.0032800243	0.0007862902	0.0007554373	0.00026380512	0.00016022191	0.00598409	0.0025630898	0.0004961629	0.0049546696	0.0019356875	0.0033231322	0.001734373	9.778214e-05	0.00598409	-25.06605529785156
s01e15b	580.0	5.0	0.8500081	0.8500081	0.012263719	0.071897104	0.0004459288	0.0011597477	0.009647825	0.001538052	0.0014778114	0.008764738	0.0010699903	0.00019836116	0.0025467859	0.011352747	0.0008257055	0.0007248817	0.000797164	0.0008712283	0.0007382037	0.056037467	0.034005925	0.020407911	0.0021473588	0.008174839	0.0048771324	0.010026303	0.08791337	0.011989838	0.002937759	0.0008146705	0.00038125305	0.0012394872	0.0020650062	0.0020645503	0.00042098676	0.0019370451	0.0016422777	0.0019370451	0.0027505974	0.001918558	0.00085933524	0.0027505974	0.0009804276	0.009022697	0.006060753	0.0010688922	0.0006835642	0.00026810222	0.012872603	0.0015050855	0.0022902722	0.0050776657	0.00057598116	0.0015463016	0.0016484453	0.005282278	0.00033065735	0.00990321	0.0011162024	0.0005353693	0.00042916732	0.0005558369	0.003235734	0.0010098558	0.0011999741	0.0020164654	0.00926431	0.003743021	0.0026476923	0.00040384114	0.022872355	-24.09408569335937
s01e15b	585.0	5.0	0.89188594	0.89188594	0.03141496	0.04722599	0.0006123725	0.00047392526	0.0028228813	0.0011270746	0.0011508294	0.0019341102	7.646292e-05	0.00021942971	0.001884052	0.0049206214	0.0012865149	0.00010208323	0.00065968593	0.00074330077	0.00016031238	0.0020302478	0.015241964	0.0027211665	0.0012761543	0.00195461	0.0030504367	0.0045180763	0.09518248	0.0077616707	0.002553685	0.0011461033	0.0013430446	0.0011040864	0.0039746156	0.0004590227	0.0003974991	0.009023579	0.0028861812	0.0038642923	0.0011806565	0.0014031703	0.00097034447	0.0014031703	0.0024012418	0.0074409554	0.0046264804	0.0002546927	0.00022640222	0.0003695493	0.0009457209	0.0010883512	0.0021088629	0.006078271	0.0009496441	0.0051770597	0.0030248684	0.007664736	0.00070453616	0.053217895	0.00048386084	0.00082198565	0.0020510617	0.00026305567	0.011852601	0.0030905823	0.00043285423	0.0006730295	0.0043534567	0.017884323	0.0029243464	0.00018769968	0.011852601	-24.99131393432617
s01e15b	590.0	5.0	0.89832217	0.89832217	0.015299406	0.047306612	0.0005550214	0.003018202	0.19880936	0.0014110476	0.00074388325	0.008325599	7.461049e-05	0.00017151119	0.0019571846	0.002407827	0.0024437378	0.00054834643	0.0010982131	0.0011031538	0.0014222681	0.12274254	0.005558556	0.0021964503	0.001099682	0.001130696	0.00040860928	0.0013798152	0.052133027	0.004011371	0.001320511	0.00042080882	9.769444e-05	0.00042619507	0.0025458846	0.0002785473	0.00019017201	0.000519952	0.00046787472	0.0005078374	0.0013795642	0.0007167055	8.238097e-05	0.0013795642	0.00080698176	0.0024158165	0.0022641313	0.0003780821	0.00037453935	0.0003538212	0.0010649246	0.0011033104	0.00088032644	0.010387627	0.0012774604	0.001668991	0.0017150455	0.004422918	0.00089348387	0.0040078578	0.0006198171	0.0004814542	0.00018875625	0.00015201824	0.0008525175	0.00077581085	0.00038980355	0.0031833537	0.0028798743	0.0031725862	0.009824121	0.00013281377	0.015459663	-22.284259796142575
s01e15b	595.0	5.0	0.8432204	0.8432204	0.004740104	0.04541592	0.00015255333	0.00048782738	0.0067765648	0.0007285702	0.0015131185	0.010631329	0.0010573978	3.2563163e-05	0.0066494597	0.003719395	0.00060984236	0.0004531121	0.00060128554	0.0017002837	0.00017993807	0.01032044	0.020097723	0.018560011	0.0013161015	0.0030985242	0.0014340557	0.00509228	0.23807828	0.008094837	0.0016548889	0.00046142878	0.0005086098	0.00074982474	0.0022623495	0.002051952	0.0003709078	0.0007978373	0.0006589194	0.00067968806	0.00042006336	0.00036826966	0.00030282035	0.00042006336	0.00066016143	0.003797716	0.007977659	0.0006508791	0.00026913075	0.00037765072	0.0023902024	0.0018780535	0.0014454398	0.018320356	0.00065997243	0.006123254	0.0030823217	0.0060834764	0.0005221594	0.0025171835	0.0015718484	0.00055708626	0.00037591148	0.00012357168	0.0055312	0.0012520947	0.0005630063	0.0027925076	0.0038477548	0.008427067	0.005335474	0.00017592144	0.14647782	-24.953140258789062
s01e15b	600.0	5.0	0.78575987	0.78575987	0.048131213	0.01984758	0.00047287924	0.0023645689	0.05310829	0.00073160965	0.0011379524	0.0013746879	9.507315e-05	0.00029675558	0.0007820059	0.013362917	0.002858319	0.00028141655	0.0017308745	0.0005572233	0.0020849085	0.20327349	0.020142073	0.01662338	0.0065347995	0.012050725	0.00069589005	0.012050725	0.04134541	0.0071708807	0.002823958	0.0005868359	0.0004642909	0.00059628277	0.0034495953	0.00072981557	0.00025183544	0.0012858693	0.0012858693	0.00034129925	0.0014690161	0.0008595884	0.00013725802	0.0014690161	0.0008622503	0.009611081	0.0051702247	0.0009483484	0.0006497295	0.0005596835	0.038598597	0.0020052923	0.006202118	0.006970093	0.00014475978	0.0015076862	0.002241574	0.0024065995	7.1201815e-05	0.00027020826	0.0003349811	0.0014277806	0.0004335141	0.0013618972	0.0035866022	0.00050296844	0.00077474996	0.0029252723	0.0016846362	0.002038463	0.004862242	0.000110870424	0.01631872	-22.005409240722656
s01e15b	605.0	5.0	0.57066464	0.57066464	0.003396388	0.0015089615	0.00017288102	0.00032173484	0.0011764393	0.0001057557	0.0034650038	0.0010592217	9.9106415e-05	2.3541525e-05	0.0008061989	0.012808383	0.00012181119	3.6292586e-05	0.00045119255	0.0004391242	0.0005541912	0.0025412948	0.02242276	0.0022209564	0.0016582742	0.00094079506	0.00037443117	0.0014962336	0.07262201	0.0054566497	0.0012057148	0.00089529564	0.00052594265	0.0009786688	0.0031856846	0.004362635	0.00018677667	0.0042809458	0.0042809458	0.0029564644	0.0007217378	0.000584641	0.0010971825	0.0007217378	0.003411963	0.013845784	0.01462847	0.00049307477	0.0005543103	0.00022367448	0.01517422	0.017941004	0.005972432	0.045511264	0.0016850148	0.006117714	0.100147486	0.00037500882	7.768886e-05	0.00020192083	0.0040486194	0.00043390685	0.000122038364	0.00021159503	0.048956502	0.020011762	0.001664795	0.012554718	0.16815935	0.013330554	0.024349598	0.00024119508	0.16815935	-23.38995933532715
s01e15b	610.0	5.0	0.8976936	0.8976936	0.015514452	0.034035936	0.0047998	0.0009528251	0.17555055	0.026112547	0.00095036183	0.0048151924	0.00020673663	0.00020021954	0.007814444	0.0054636593	0.011684427	0.001436694	0.0021152967	0.00077022053	0.0003381878	0.00491507	0.007909035	0.005257666	0.0015988157	0.0034325356	0.0022749105	0.0034619789	0.1039568	0.006338928	0.0012463952	0.00067185133	0.0003368253	0.0006448722	0.004137523	0.00038957325	0.0003701148	0.0013701121	0.0011957239	0.0012927812	0.0010939623	0.00071946747	0.0002949276	0.0010939623	0.0028473157	0.005999727	0.0021925338	0.00012768878	0.00032169497	0.00022071028	0.00080394687	0.003373222	0.00082791736	0.00833497	0.0011205727	0.0045685787	0.0043351147	0.0066737817	0.00031778106	0.016146494	0.0005387479	0.00046682006	0.000642073	0.00024234879	0.0034356622	0.0010548644	0.0009160902	0.0043407744	0.006309819	0.027791938	0.006766405	7.703731e-05	0.006766405	-21.69321060180664
s01e15b	615.0	5.0	0.86492807	0.86492807	0.01887589	0.023904579	0.00085040805	0.0008164179	0.4766371	0.0010342327	0.0021123788	0.0024571095	0.00050075527	0.00032863	0.0045000114	0.00083134754	0.0038374132	0.0015218026	0.0032456429	0.0031587654	0.00075470016	0.0047328547	0.03531883	0.007966136	0.0015772907	0.0032685848	0.00037878682	0.0032685848	0.026701413	0.0042148274	0.0017092444	0.0013206014	0.0002549809	0.0007836617	0.0012481486	0.00010490838	0.00035447636	0.0008182142	0.00065624464	0.00052052794	0.0011059664	0.000705961	0.00016496662	0.0011059664	0.0012043994	0.00255157	0.0025360857	0.0002514475	0.00040947966	0.00014324962	0.003255337	0.0010973288	0.0017699467	0.009516475	0.0006457902	0.003578282	0.0029116413	0.005185116	0.000431062	0.0025003904	0.0009754629	0.0006603075	0.00043959456	0.00041896178	0.0052484996	0.0016767108	0.000210947	0.0023939721	0.004900083	0.0045704115	0.0027682697	6.546495e-05	0.0052484996	-21.208858489990234
s01e15b	620.0	5.0	0.87255174	0.87255174	0.04941686	0.11796325	0.0006240919	0.0023941966	0.19422701	0.002216279	0.003769623	0.0034739524	0.000116288684	0.00029461988	0.0010763858	0.001350023	0.0049969144	0.0010306451	0.0031871116	0.00056386774	0.0042410335	0.09648656	0.0066343998	0.0066343998	0.00134978	0.0042722835	0.00046763505	0.0042722835	0.08946168	0.014150444	0.0055627637	0.0016041518	0.00050009676	0.0014889671	0.0064462856	0.0006077393	0.00069314946	0.00044864797	0.00021106309	0.00025211772	0.00068839354	0.00027064374	6.203624e-05	0.00068839354	0.0010849114	0.0015166295	0.0016740359	0.0003042528	0.0006926205	0.00039978497	0.0014714851	0.000592147	0.0013049428	0.006924183	0.0006122237	0.0017521739	0.001717727	0.008460118	0.0003173696	0.0033849282	0.00067494495	0.001378935	0.0009914814	0.00028154513	0.001167266	0.00079178653	0.00029923153	0.0027940976	0.0021129448	0.0042545306	0.006074516	0.00013179066	0.006074516	-22.195240020751957
s01e15b	625.0	5.0	0.863599	0.863599	0.056577228	0.013140556	0.0003218042	0.0024684584	0.43950543	0.0012566951	0.001085359	0.0004813966	0.00012507009	0.00025635594	0.0011032915	0.0009972388	0.0023572978	0.001699591	0.0012497528	0.0013065253	0.009450573	0.025131157	0.004178431	0.002175674	0.0013547641	0.0028842785	0.00044255122	0.0028842785	0.039056543	0.0067388234	0.002684471	0.0006519122	0.0003582192	0.00060011185	0.003236354	0.00035675307	0.0003398434	0.000986785	0.000986785	0.00090038916	0.0054961066	0.0020396526	0.00021490126	0.0054961066	0.00067116943	0.0047514597	0.019938556	0.0027248645	0.0011706377	0.0011094941	0.004253595	0.0010144815	0.004675787	0.006060603	7.1972805e-05	0.0005556687	0.0019712332	0.0057504424	0.0005090672	0.0005267795	0.0006656275	0.0022894877	0.00022478256	0.00027288473	0.001461842	0.00070008036	0.00096930214	0.0025662074	0.0005654999	0.004992608	0.0018957144	7.026894e-05	0.016294595	-21.017337799072266
s01e15b	630.0	5.0	0.7455557	0.7455557	0.019096313	0.00061642233	0.00074332947	0.00028894123	0.0048492076	0.0008245862	0.0022620847	0.0018143653	0.00039908677	0.00012518928	0.002653115	0.008273042	0.001583489	0.0004044067	0.001167608	6.669197e-05	0.000100351055	0.0011157633	0.021501634	0.014261132	0.0007931828	0.010457129	0.0020678	0.11239319	0.19210668	0.047578298	0.015955722	0.0014080596	0.0007298298	0.0016999438	0.004202118	0.0010972405	0.0004628872	0.0019094744	0.0017847108	0.0012147775	0.00307544	0.0010634409	0.0003340957	0.00307544	0.0022000829	0.014019766	0.004812042	0.00026490353	0.00043543294	0.00032663997	0.0015975344	0.0038892692	0.001623995	0.016541218	0.0021551321	0.0036809284	0.09867649	0.00412648	0.00043101824	0.0043096025	0.0015853235	0.00065216946	0.0015506322	0.00017828643	0.009662401	0.022105021	0.0005259153	0.00197415	0.015351207	0.019519722	0.0072578937	0.00026688035	0.022105021	-22.791547775268555
s01e15b	635.0	5.0	0.8247249	0.8247249	0.014091701	0.0020273544	0.0016489774	0.00029039913	0.0026140905	0.0009698998	0.0016850053	0.0005416217	0.00055955094	0.00027604154	0.0039883987	0.004893224	0.00034856805	5.1066054e-05	0.0014759374	0.0005463981	0.00010730494	0.0010460578	0.005794799	0.0030516582	0.0005541199	0.0041920897	0.003197598	0.0041920897	0.26523718	0.018915474	0.00505559	0.0017546128	0.002263662	0.0030892103	0.0071781185	0.0061579132	0.0007194853	0.0016000469	0.00061045267	0.00027331722	0.0011729565	0.00029248837	0.00011308288	0.0011729565	0.0008108149	0.0052014985	0.0029564376	8.3283885e-05	0.0008933473	0.0006068823	0.0010709919	0.0009270351	0.0019213997	0.004738035	0.0142974155	0.0015856164	0.0060572606	0.024831923	0.00036385082	0.0064995536	0.0009900526	0.00706881	0.0025620915	0.00024881915	0.014218543	0.010102669	0.0021317524	0.0013565607	0.03490536	0.005914701	0.0062227785	0.000101740276	0.03490536	-21.930683135986328
s01e15b	640.0	5.0	0.81050634	0.81050634	0.03460549	0.056645226	0.00022738133	0.0025544697	0.079462826	0.001347728	0.0024854194	0.0016087971	0.0005030516	0.00036276985	0.001318857	0.007956031	0.0016332321	0.0009791533	0.0025820408	0.0015198375	0.0129717365	0.020785144	0.018095996	0.0010334019	0.00084643945	0.0020635377	0.000577832	0.0020635377	0.034066305	0.006362422	0.0036218627	0.0010204643	0.0005647364	0.0007064574	0.0037571087	0.0003446205	0.00026005623	0.0023135275	0.0023135275	0.0019688976	0.003843064	0.0048702033	0.00060515216	0.0048702033	0.0019701498	0.010307293	0.031301998	0.0040155	0.0020991815	0.000736544	0.01062928	0.0031535788	0.0022678885	0.008215597	0.00048545122	0.0014457151	0.0005882552	0.0029203892	0.0015343364	0.0027737168	0.0006774976	0.0035937596	0.0010747613	0.00032610015	0.0011702151	0.00079514936	0.0009165547	0.0018342355	0.0024103227	0.006661162	0.0015921951	0.00031520994	0.00849219	-21.739295959472656
s01e15b	645.0	5.0	0.75916874	0.75916874	0.013172744	0.017024446	0.00044939702	0.0003910588	0.0031688306	0.00073353195	0.0033236344	0.009150623	0.0017013281	0.00015587531	0.0053109983	0.0072172014	0.0009216022	0.001618814	0.0013297253	0.00026465562	0.0002467193	0.0030750073	0.06375975	0.06375975	0.0032268553	0.00495783	0.0025931923	0.10806433	0.11391766	0.007945489	0.0026657851	0.0005980454	0.0006841505	0.000586343	0.0021856148	0.0021763926	0.00047016313	0.0041564275	0.0041564275	0.0019085495	0.0014019734	0.0016218548	0.0007895134	0.0016218548	0.0012090702	0.019776495	0.009477241	0.00063829805	0.00078503956	0.00016220025	0.019881565	0.0048063053	0.0034795827	0.022090537	0.001050622	0.0058288174	0.01263573	0.0024165222	0.00013665324	0.004071947	0.0010819709	0.00064184814	0.0008387115	0.00050147943	0.007780621	0.0032537314	0.0003233446	0.0028034921	0.013495539	0.005891222	0.032455754	0.00016250629	0.032455754	-24.40579605102539
s01e15b	650.0	5.0	0.8121004	0.8121004	0.02781835	0.05059849	0.0024375478	0.0024983885	0.035847224	0.0029664116	0.004855816	0.002024783	0.005008941	0.00030879435	0.018796809	0.0020642665	0.001191444	0.00089419546	0.0013860144	0.001308035	0.00048895023	0.0019229586	0.005728663	0.005728663	0.0010466131	0.0022594335	0.0021747001	0.0022594335	0.047574516	0.009040984	0.0045741485	0.0009307115	0.00075144094	0.00086360204	0.0032816539	0.00047795704	0.00070261717	0.0011076244	0.000600466	0.0011076244	0.0005365614	0.00031250497	0.00066556054	0.0005365614	0.0009619514	0.0019692238	0.0017996972	0.00013063595	0.00020281614	0.00049056247	0.0018105945	0.00046395249	0.0011061456	0.002857868	0.0006613957	0.0022949087	0.001865814	0.016215296	0.00052967935	0.014068806	0.0006273277	0.0024994619	0.007985671	0.00026413306	0.004309226	0.0010433298	0.00056473474	0.0024834955	0.0007792131	0.0018869424	0.0019159319	0.00026041825	0.012863523	-20.85195541381836
s01e15b	655.0	5.0	0.80532116	0.80532116	0.06337362	0.024588134	0.00040521132	0.002430366	0.2793461	0.0014215262	0.0034789115	0.0013732328	0.0018412793	0.00047004814	0.0021031187	0.0022624	0.0048173247	0.0018455717	0.0028453316	0.0014897238	0.008675068	0.021322584	0.012284547	0.012284547	0.0016398848	0.003403112	0.00067319185	0.003403112	0.05602679	0.010082621	0.0053713275	0.0016655067	0.0006671666	0.0015578069	0.004678686	0.00044264065	0.00052585144	0.0014887509	0.0013466432	0.0014887509	0.002316792	0.0019295905	0.0006893737	0.002316792	0.0007179128	0.0050525814	0.0037390792	0.0009153852	0.0009300396	0.0005088838	0.02758241	0.00064796273	0.002846655	0.004592259	0.00033443893	0.002226018	0.00090411375	0.002823716	0.00024005324	0.003178846	0.001210777	0.0010788399	0.0018667866	0.0007992606	0.0023133252	0.00091708056	0.0009041659	0.0041793855	0.0013545764	0.0018963496	0.0016846434	0.00032708124	0.009201693	-22.559932708740234
s01e15b	660.0	5.0	0.9338775	0.9338775	0.012022984	0.020003157	0.00048641418	0.0011537678	0.021676883	0.000835399	0.0025270383	0.01773507	0.00031176605	0.00022248951	0.0026854733	0.009906394	0.05164334	0.0017888314	0.0071264915	6.340563e-05	0.00030543044	0.00022741513	0.08309462	0.08309462	0.0006337705	0.0004251238	0.00019061896	0.0009810895	0.039787974	0.0021380445	0.00070391275	0.00048469732	0.00014128101	0.0003730361	0.0010673556	9.285009e-05	0.00046907936	0.0010361327	0.0010361327	0.00069081096	0.00042158837	0.00040603027	0.00030916877	0.00042158837	0.0012104795	0.00229857	0.0022324985	6.284298e-05	0.0002475388	0.00010617697	0.00145532	0.0010951301	0.001162225	0.11225407	0.0012371789	0.02185163	0.0026518446	0.00049918663	0.0007639705	0.00045418277	0.00039854596	0.0004879325	0.0006530222	0.0004986024	0.0007374026	0.0040287757	0.0017482034	0.08379956	0.0014474301	0.0026217026	0.011012604	0.00011383351	0.2636095	-23.635194778442383
s01e15b	665.0	5.0	0.111222036	0.111222036	0.009606171	0.0017608493	0.0013780416	0.0069306754	0.14209168	0.0047166008	0.03237185	0.0020677536	0.0043868246	0.0002736987	0.065735035	0.0068360907	0.026174761	0.0066930344	0.0024271854	0.002275993	0.006824679	0.0076073203	0.013520983	0.0072424184	0.001635666	0.004191612	0.0004424624	0.004191612	0.6972505	0.09737862	0.054301728	0.0035232892	0.0023705629	0.0019464579	0.01785613	0.0013331757	0.0037961234	0.0025898113	0.0025898113	0.0023122006	0.0036269855	0.005223073	0.00062602083	0.005223073	0.00087190093	0.008837334	0.031632263	0.0013627075	0.0012622536	0.0013076178	0.0062737158	0.0020143767	0.0034872997	0.0020753497	0.00021542625	0.0030657186	0.0008079493	0.0036083022	0.00081673113	0.0012205418	0.0003107281	0.000714126	0.00037253735	0.00024030561	0.0024722386	0.0007947626	0.0005526359	0.002393436	0.00088073255	0.0044173026	0.0018426531	0.00055073627	0.0064280997	-22.16057586669922
s01e15b	670.0	5.0	0.024976702	0.024976702	0.00096985494	0.0008037956	0.00019876556	0.00251482	0.0014004762	0.003727084	0.024536997	0.0020073508	0.0027887642	0.00042019933	0.0015210131	0.0014147573	0.00027932436	0.0002230037	0.00039479256	0.00063479546	0.003130824	0.0032339154	0.0024320337	0.0013503567	0.0006044602	0.0031755585	0.0011019318	0.0031755585	0.76829904	0.10051793	0.10051793	0.007614768	0.000448234	0.005648793	0.0055804807	0.0063164653	0.016680494	0.001773876	0.0015727542	0.0016166524	0.0016128224	0.004482591	0.00073974667	0.004482591	0.00038391477	0.006680717	0.10257724	0.0021387993	0.0011972102	0.0026602533	0.0060387123	0.0009796979	0.0036691101	0.00059905666	0.0054051774	0.00043964424	0.0008498682	0.0011194727	0.0012737092	0.0003612114	0.00015322817	0.0017731696	0.0026984862	0.00032546904	0.00034443673	0.00091933506	0.0014098978	0.002383026	0.0016011305	0.00226673	0.005376009	0.0021245305	0.017290013	-22.89684295654297
s01e15b	675.0	5.0	0.6882855	0.6882855	0.00043541304	0.0009934765	5.25902e-05	8.358447e-05	0.00018776895	0.00012288497	0.050621368	0.0024073825	2.3985827e-05	0.00012387027	0.00056967844	0.00013269416	0.00019644022	0.00013022836	0.0002084583	5.5996523e-05	0.00017891295	0.0007484836	0.0011227694	0.0011227694	9.086e-05	0.00041526216	0.00018895359	0.00092075526	0.91452163	0.8521061	0.78520733	0.0008109327	1.2410004e-05	0.00059888564	0.0013208142	0.0003125303	0.0026290244	0.00011954499	0.00011680067	9.591491e-05	0.00024106633	0.00034404176	3.8721766e-05	0.00034404176	4.489818e-05	0.00097416685	0.00033657267	0.00015268591	0.00015957485	9.604653e-05	0.000292069	0.0003125303	0.000113236856	0.00017288448	0.0001095931	0.0005148528	0.000107923006	0.00012824632	7.40045e-05	0.00023396777	9.976769e-05	0.0005454383	0.00025629022	0.00011313282	0.0003984618	0.0004597376	7.623657e-05	0.00012830771	0.00021710493	0.0005256367	0.00050038286	0.000107352425	0.0022330382	-22.47105026245117
s01e15b	680.0	5.0	0.8914297	0.8914297	0.01597825	0.29657754	0.0025285797	0.0027499318	0.060096238	0.014923487	0.0025659536	0.033971637	9.121775e-05	0.00038242113	0.0016750842	0.0027682749	0.0046918923	0.0009621237	0.0021949783	0.0014313515	0.0016049218	0.10042103	0.00930715	0.0036077437	0.0018598569	0.0016574449	0.0012580096	0.0021118934	0.10384475	0.006451546	0.0018807334	0.00086623355	0.00036958925	0.0011655821	0.0020933622	0.0004064528	0.0007455546	0.0007137481	0.0003413593	0.00047913162	0.0018615138	0.00038409064	9.526418e-05	0.0018615138	0.0011238289	0.0013624064	0.0029955748	0.00058070413	0.00101845	0.0005812332	0.0019938045	0.0019249785	0.0017174794	0.0037499731	0.00022704944	0.0014717942	0.0009069788	0.008533476	0.0031830026	0.0039968863	0.00023270036	0.0016295081	0.00036431212	0.00042229003	0.00093823404	0.00037558444	0.00086243026	0.0016168524	0.0016818733	0.0071263327	0.003786438	0.00028900764	0.003786438	-22.647113800048828
s01e15b	685.0	5.0	0.89441067	0.89441067	0.017092021	0.06624392	0.0022431784	0.09908845	0.01387649	0.011141303	0.0027127166	0.019517846	0.0055829845	0.00025706648	0.005770502	0.0013628217	0.0073319003	0.0036319918	0.002151931	0.00014547573	0.0028794457	0.007814243	0.052939154	0.052939154	0.0033363139	0.0023299693	0.0015332447	0.0023299693	0.031249776	0.0043536676	0.0023662557	0.00073187775	0.00048139406	0.0005747495	0.0011390711	0.00013557455	0.00020816314	0.00085647823	0.0004541685	0.00085647823	0.0007196478	0.0003834155	0.00013880956	0.0007196478	0.0004954493	0.00054229377	0.0027211222	0.00037019703	0.00081836747	0.000975357	0.0021966195	0.0014981383	0.00090118486	0.004364377	0.0004290109	0.0014359424	0.00029927405	0.0026772653	0.0016796491	0.004788461	0.00036855257	0.0017996338	0.0017782967	0.00070355256	0.0014343773	0.0013394323	0.0005531813	0.00307347	0.0008138081	0.003918127	0.0017577417	9.879437e-05	0.007067984	-20.511661529541016
s01e15b	690.0	5.0	0.55109143	0.55109143	0.013220134	0.0039211134	0.017102279	0.016868858	0.0110232355	0.010240896	0.012631073	0.01808798	0.00096572225	0.00019631776	0.00064469676	0.036205877	0.0014055141	0.00036507263	0.0015903746	0.00022461802	0.01992402	0.09555204	0.03351504	0.013144162	0.005134698	0.053158496	0.02838324	0.053158496	0.065021425	0.01794423	0.0044460534	0.00039244504	0.00014669793	0.0005864666	0.0021700046	0.00045250735	0.0009584466	0.0033008044	0.0020063997	0.0033008044	0.004946115	0.0017919564	0.0012892301	0.004946115	0.0016484658	0.009279878	0.013332635	0.0009894035	0.007245965	0.00061091746	0.008579351	0.0026549906	0.0017528388	0.0011390733	7.564023e-05	0.00040889258	0.00043880893	0.000663679	3.7433776e-05	6.926654e-05	9.983564e-05	0.0034888112	0.00069978717	0.0018417115	0.0010127076	0.00028140502	0.0018630151	0.00084629876	0.00026595755	0.011811111	0.00057572953	0.00012380969	0.0018630151	-19.74930191040039
s01e15b	695.0	5.0	0.808659	0.808659	0.026325325	0.01696296	0.028634295	0.007943013	0.086858705	0.0110373115	0.014039455	0.062152628	0.0006053036	0.0005393488	0.0031562576	0.004116498	0.002312229	0.0028457607	0.0040083663	0.0002991012	0.0035378758	0.020242734	0.027543781	0.010629143	0.027543781	0.0060601095	0.0337	0.0337	0.2549594	0.013568543	0.003061367	0.00027170143	0.00016272307	0.0005052174	0.0026134667	0.0010146323	0.003289574	0.0005908771	0.00040750435	0.00048632818	0.0006017674	0.00028647063	0.00024896296	0.0006017674	0.00027434426	0.0012711152	0.0031241535	0.00035579188	0.0008206465	0.00010372396	0.0032115546	0.0006901691	0.00032075268	0.0025274397	0.00023016457	0.0023455536	0.0002791947	0.005744048	8.9747606e-05	0.0003061237	0.00040160678	0.001192622	0.0019914876	0.000389437	0.0013636	0.0002158786	0.0005392352	0.0034187424	0.00026745195	0.00239765	0.001387407	0.00018768912	0.0034187424	-20.075828552246094
s01e15b	700.0	5.0	0.37409428	0.37409428	0.011655219	0.0030883367	0.0002641197	0.04608667	0.0051906584	0.008268567	0.05572217	0.005459842	0.027660707	7.7956916e-05	0.0072841863	0.0033414026	0.00076776237	0.00034356373	0.0030501352	0.0019248292	0.012859256	0.046697877	0.014321635	0.014321635	0.0017149551	0.009392817	0.0039732866	0.009392817	0.5741052	0.027190173	0.02187192	0.0010850602	0.00027699908	0.001733409	0.010354349	0.002415134	0.0070543336	0.0012463821	0.0012463821	0.00021940272	0.0011931378	0.0017887582	0.00017433392	0.0017887582	0.00065970793	0.0033531091	0.030962236	0.0014452649	0.0009107023	0.0023519828	0.004981948	0.00095255015	0.0015376888	0.008384809	0.0006089688	0.0024656386	0.0014737085	0.0027205856	0.00024967775	0.0012849688	0.0008215424	0.0017233817	0.0006968683	0.0002016557	0.00073565973	0.0007164474	0.0035578792	0.009736794	0.0032792154	0.00360316	0.007920252	0.020995993	0.02949764	-21.279518127441406
s01e15b	705.0	5.0	0.06330213	0.06330213	0.0014178345	0.004460219	0.000843725	0.00055626006	0.0012057051	0.0026003974	0.01047129	0.0027358995	0.0063803536	4.5577282e-05	0.0034250305	0.0016875981	0.0028750927	0.0003884529	0.0060520065	0.00034968587	0.0011594351	0.0036983644	0.004923085	0.0019644042	0.0026194195	0.0031538308	0.0009381742	0.0039249333	0.17126955	0.031621266	0.0112818545	0.0019657968	0.00082288217	0.002664836	0.0052901288	0.0011403543	0.0012504227	0.0059050643	0.0043103513	0.0052909744	0.0007630876	0.00077132526	0.00212859	0.0010870503	0.0006901158	0.0076939682	0.020707596	0.0001866524	0.00041312503	0.0016220162	0.0018816834	0.00070168404	0.0031082372	0.002775176	0.0063690846	0.0023541264	0.00524668	0.000767499	0.0015932742	0.00036701336	3.4963552e-05	0.0016188294	0.0014984787	0.0016797914	0.0047709118	0.0039911936	0.0026593504	0.0031461348	0.002265406	0.0030836437	0.0035849428	0.5564652	0.015939865	-inf
