episode_id	onset	duration	talking	speech	man_speaking	woman_speaking	baby	shout	laughter	cry	singing	kids	groan	whistling	breathing	walking	mouth_sounds	fart	hands	heartbeat	cheering	crowd	mammal	dog_bark	cat	rooster	duck	bird	music	musical_instrument	guitar	piano	organ	electronic_instrument	percussion	bell	ambient_music	weather	wind	rain	river	wave	thunder	river_sea	fire	boat	car	traffic	car_honk	emergency_vehicle	train	cycling	engine	door	doorbell	knock	dishes	radio_tv	dryer_vacuum	zipper	keys	alarm	telephone	whistle	mechanisms	tools	boom	bang	glass	water	beep	silence	sudden_noise	db
s06e05a	0.0	5.0	0.19660532	0.19660532	0.00027809752	0.0006057411	0.00018931969	0.0011049386	0.00047914856	0.0015984069	0.07956265	0.0055131475	0.0004756702	4.9199283e-05	0.0012695094	0.00054752885	0.00014019094	0.0006541951	0.0005271286	0.00014383571	0.00016324726	0.00013011195	0.0054246606	0.0054246606	0.00077625754	0.0030410604	0.0013264422	0.0030410604	0.76864576	0.088077895	0.088077895	0.0009749593	0.0002506906	0.0005688646	0.022231797	0.0006257196	0.0018054552	0.00037626358	0.00037626358	0.00032241867	0.0009779735	0.00043378733	0.00019590712	0.0009779735	0.00026569652	0.0024675943	0.006532769	0.000116717834	0.00045797447	5.6295183e-05	0.00071758515	0.009670189	0.00022594696	0.0011778921	0.0007117257	0.0012315542	0.0002160969	0.00045176773	0.00014718412	0.0001245063	0.00011121624	0.00038010697	0.00034809	7.3111354e-05	0.00028897595	0.00030592558	0.00054159743	0.004033405	0.0029252004	0.0012280904	0.0003278133	0.29515842	0.006678996	-20.672731399536133
s06e05a	5.0	5.0	0.82059777	0.82059777	0.0037378042	0.054392815	0.00029748757	0.0014016177	0.0039749877	0.0011090233	0.0013610953	0.010350793	0.0039944174	0.00025959942	0.0047941315	0.007435394	0.00047802218	0.00028929018	0.00081136165	0.00047161742	0.00018229394	0.0016234725	0.016680222	0.005640844	0.0034951498	0.002232318	0.0011554395	0.0022975674	0.05225036	0.0012438252	0.00033135034	0.0001932736	0.0002442051	0.0001452174	0.00072354137	0.00027751506	0.00020227752	0.0023861479	0.0014048663	0.0023861479	0.00044650002	0.00058960094	0.00092867017	0.00058960094	0.0021449102	0.0020253719	0.0034854342	0.0001460648	0.00045400768	0.00032868265	0.0019993312	0.0010070753	0.00051772426	0.09584059	0.00046931504	0.026487596	0.0020821304	0.0027581481	0.00047781764	0.0047297697	0.0005463697	0.00061536895	0.002934458	0.000208106	0.001376277	0.00084549026	0.008630994	0.06448682	0.0009148446	0.010787015	0.0020212866	0.0002730039	0.06448682	-19.32615089416504
s06e05a	10.0	5.0	0.9084254	0.9084254	0.004180163	0.060769666	0.00034655628	0.0008830458	0.06426767	0.00049576676	0.0023713852	0.044552475	0.00073634955	0.0003004098	0.0011992496	0.0012680268	0.0032014074	0.0018631162	0.0022405654	0.0015517133	0.0021372715	0.013966056	0.098875314	0.001573892	0.00087213435	0.0006983898	0.0005733002	0.002150103	0.04781887	0.0018020612	0.0016268999	0.0008361616	0.00036138808	0.00058191695	0.0010170053	0.00026922184	0.0005486408	0.0011316987	0.0005020595	0.0011316987	0.0028834243	0.0006716128	0.00026691295	0.0028834243	0.0010507171	0.0021002577	0.017517162	0.0007007361	0.0010741932	0.00057099614	0.0051980354	0.00072138745	0.0067212316	0.006105352	0.0030760425	0.003291047	0.00047732028	0.002644876	0.0012758225	0.0005481534	0.00017615056	0.0016111119	0.0023381652	0.00032462087	0.001109945	0.00061753223	0.0002752694	0.0007614314	0.0011893377	0.0062126783	0.0009798009	0.00066896435	0.0018058342	-18.83509063720703
s06e05a	15.0	5.0	0.86108226	0.86108226	0.008406504	0.040152576	0.0001547318	0.005544956	0.07238401	0.0027004415	0.0016714479	0.0072381864	0.004202214	0.00019026197	0.0018475342	0.0037900694	0.0021585247	0.001418855	0.0018326438	0.0027855942	0.0013080562	0.013520524	0.030780278	0.0024651883	0.0005756549	0.0007410845	0.0005176197	0.0007410845	0.05322436	0.0032345057	0.0020276392	0.0008814545	0.00068019936	0.0007450194	0.0010693505	0.00048953714	0.0004810711	0.0023112965	0.0018891644	0.0023112965	0.005247822	0.0029701483	0.0004772773	0.005247822	0.0012140671	0.006634158	0.01928049	0.0007366159	0.00056050776	0.0010088105	0.0023272177	0.0016696824	0.004727817	0.001960938	0.00060213485	0.0007524965	0.00045534197	0.0015121073	0.0011556433	0.0045923744	0.00014412568	0.0018041176	0.00040903	0.00014590444	0.0017183308	0.000801133	0.000607994	0.003249256	0.0015517133	0.00837661	0.0016358412	0.00017172276	0.0035725539	-19.20571517944336
s06e05a	20.0	5.0	0.8861406	0.8861406	0.05086176	0.057527862	0.0013964608	0.0032278248	0.2719842	0.005698813	0.0022733903	0.0056575313	0.0006667077	0.0004540211	0.001947885	0.0038490542	0.0023958578	0.0010250674	0.0010722629	0.0010155936	0.0021561207	0.02290872	0.008564365	0.003645999	0.0021164434	0.002266689	0.0010421546	0.004083173	0.091697395	0.010716119	0.0030114441	0.0014476575	0.0005597144	0.0016064101	0.0042077904	0.000608572	0.0005310853	0.0011764836	0.0006947466	0.00089079776	0.005049957	0.0013130922	0.00025891152	0.005049957	0.0005860905	0.006533304	0.00556772	0.00028740926	0.00066051073	0.001434221	0.002238756	0.0013537447	0.0015685786	0.0030073095	0.0010679242	0.0013094995	0.0004902219	0.010937096	0.00055220147	0.006600537	0.00047576454	0.0010652276	0.00090457645	0.00025739364	0.0017743921	0.0007044899	0.0008574835	0.0015149825	0.0012370388	0.0073881056	0.0049155178	0.00027234046	0.0049155178	-20.40899085998535
s06e05a	25.0	5.0	0.9171468	0.9171468	0.07684669	0.045096427	0.00046235384	0.0003691632	0.0038638667	0.0016987723	0.0014467563	0.0010883658	0.00024727744	0.0003511201	0.002286267	0.0022865215	0.00041347276	8.8350505e-05	0.00041704712	0.00033873637	0.000120535566	0.0015050124	0.0029585722	0.0022278852	0.00071040826	0.0025313834	0.00077657856	0.004204723	0.02740408	0.0073113386	0.0024911657	0.00085566903	0.00073466805	0.00084293546	0.0023950532	0.0005049146	0.00013525858	0.0023224996	0.0004679927	0.00059715606	0.000698997	0.0003016749	0.00018659457	0.000698997	0.0008208776	0.0024688765	0.0027805557	0.00015917912	0.00025366835	0.000579596	0.0005881677	0.0005963612	0.0010915461	0.0019238228	0.00028169143	0.0009308055	0.0009759501	0.0337329	0.00083658873	0.0067063402	0.0010238786	0.0011657786	0.0054001906	0.00017292504	0.0077664168	0.0021141637	0.0003118166	0.0002825037	0.00060791575	0.0027778244	0.0007504355	0.00013399502	0.022427868	-19.149356842041016
s06e05a	30.0	5.0	0.720204	0.720204	0.019286126	0.010746061	0.0003879167	0.0013297315	0.16721407	0.0009769948	0.0036496504	0.0029214614	0.00035220987	0.0007810538	0.0021075967	0.0017712843	0.0012252722	0.000595264	0.0020444763	0.0006866542	0.014786366	0.009172331	0.008675945	0.008675945	0.0013800011	0.009846002	0.0018203417	0.009846002	0.121150196	0.012235961	0.004306939	0.0013060321	0.00031400478	0.0012466534	0.003066564	0.00028807094	0.0005355528	0.0008874784	0.00077843317	0.0008874784	0.014520703	0.0017570464	0.00011059293	0.014520703	0.00048817697	0.004586293	0.0054377327	0.0009204693	0.0006594518	0.0007086482	0.006335769	0.00073110714	0.0015701619	0.0032562981	0.00015486479	0.0010630925	0.0007073541	0.0021898295	0.0009976147	0.003052012	0.0005313141	0.0008684194	0.0005973738	0.0004631379	0.0022058287	0.0007715211	0.00027284934	0.0022650547	0.00041597727	0.046114255	0.0036076973	9.6407704e-05	0.010273169	-19.025596618652344
s06e05a	35.0	5.0	0.7526673	0.7526673	0.03457111	0.02010695	0.0009004505	0.008602228	0.20479488	0.002290987	0.004652954	0.007556644	0.0041770027	0.00062890537	0.007474526	0.0011909442	0.0020785073	0.0034411063	0.0012275091	0.0016588918	0.013526587	0.045608316	0.0037388855	0.00079331326	0.0037388855	0.0017431015	0.0004603309	0.0017431015	0.03816202	0.0049312096	0.0019890962	0.0004976661	0.0004728943	0.0006123675	0.0045486325	0.00028219007	0.0002469881	0.0009196944	0.0005796164	0.00073847256	0.0011177614	0.00090351485	0.0002690176	0.0011177614	0.0011748553	0.0018134777	0.0034141722	0.000541261	0.0005635558	0.00052172877	0.0046600043	0.0008818808	0.0016764785	0.009008191	0.0005388149	0.0021190634	0.0004733415	0.00403802	0.0009566935	0.0021517426	0.00030707105	0.0010790383	0.00048869394	0.00019630391	0.0035432542	0.0015302139	0.00123225	0.0030130309	0.0022972976	0.0051990813	0.0015784544	0.00018561416	0.006419441	-20.23341178894043
s06e05a	40.0	5.0	0.84862244	0.84862244	0.020959545	0.10961352	0.00066081487	0.002611486	0.042720392	0.002717437	0.0012092395	0.0096817175	0.000676448	0.00040107727	0.004392931	0.0018465443	0.0026733442	0.0007052785	0.0015626529	0.00067240506	0.0023948208	0.047877908	0.0036007054	0.0034972562	0.0020786833	0.0007970523	0.0009045385	0.0009045385	0.05093741	0.0033737766	0.0009352852	0.0006805057	0.00015102538	0.00055700075	0.0008534977	0.00041799262	0.00021620015	0.0020795194	0.0018879889	0.0020256417	0.004924819	0.0073167672	0.00036184056	0.008909674	0.0010450399	0.003638691	0.016708136	0.0040388335	0.00075215375	0.0027188822	0.007096617	0.0011434011	0.0017918088	0.0036683904	0.0010220396	0.0006466903	0.00040953333	0.0030145524	0.0018673687	0.01760599	0.00017701398	0.002242644	0.0004118147	0.00042333073	0.0010670648	0.0004574378	0.00082053355	0.0023556186	0.0033351535	0.006024084	0.0037827736	0.00042939364	0.0044176127	-19.818269729614254
s06e05a	45.0	5.0	0.88911426	0.88911426	0.013816517	0.103500366	0.0009885224	0.002000087	0.10832022	0.0017112405	0.0013770838	0.07937582	0.0014836482	0.0005919713	0.0009110286	0.001250736	0.0052246987	0.001812205	0.0018154297	0.0011532332	0.004076394	0.014994092	0.011835234	0.0021483502	0.0009641451	0.0004662412	0.00046376543	0.0018429848	0.028809652	0.002674556	0.0018417554	0.00052458537	0.00032437648	0.00049367506	0.0012573333	0.00031704598	0.000449935	0.0023952345	0.0007229931	0.0023952345	0.010295451	0.0014422244	0.0005856203	0.010295451	0.00084820646	0.0028095813	0.018036919	0.0011167007	0.00095588394	0.00062813173	0.003394797	0.0007633767	0.0033575194	0.0024718612	0.0009485508	0.0017209026	0.00034068179	0.004767569	0.00059962587	0.002035158	0.000188174	0.0007313601	0.003962022	0.00018614694	0.0017288456	0.00044879984	0.00083590864	0.00090596126	0.0006880452	0.013782097	0.0009914133	0.000698223	0.0017288456	-19.52767372131348
s06e05a	50.0	5.0	0.7554328	0.7554328	0.050286137	0.0021523251	0.0005867374	0.007090558	0.2868559	0.001129089	0.0021267545	0.004627877	0.00014889527	0.00047928237	0.0029338636	0.0012148648	0.0025918765	0.0027873882	0.0014363895	0.000380738	0.002333699	0.0073005483	0.009389432	0.0020403925	0.001939881	0.006075524	0.00093662407	0.006075524	0.019195043	0.006341208	0.006032567	0.0015721509	0.0009689393	0.0020375745	0.0016653213	0.00033590593	0.00038694235	0.0016740327	0.0015664578	0.0016740327	0.008884647	0.0029293923	0.00032688485	0.008884647	0.0013673869	0.004273109	0.010195533	0.0009592944	0.0006617365	0.0010254995	0.0059559057	0.0022946214	0.00444179	0.004246966	0.00015411586	0.0009427171	0.0010213475	0.0030218847	0.00016653124	0.00096449297	0.0025087462	0.00093637913	0.0008588662	0.0004591549	0.004867856	0.0017932755	0.00070290384	0.0024934392	0.0009574198	0.009380641	0.000788524	0.00014546825	0.004867856	-20.3828067779541
s06e05a	55.0	5.0	0.84352374	0.84352374	0.027633034	0.093254425	0.0007152188	0.0036668659	0.10314319	0.0029698266	0.0038697182	0.007140862	0.000260927	0.00078263186	0.002140743	0.0020336322	0.0011379855	0.0011345381	0.004707642	0.00036809116	0.02511088	0.019689877	0.011632018	0.011632018	0.0013895762	0.0026922545	0.0016557588	0.0026922545	0.06698723	0.012520041	0.004052813	0.0017696248	0.0003909654	0.0010802313	0.0029786485	0.00041050444	0.00044953843	0.0023649605	0.0008722354	0.0022736695	0.008221652	0.0017564044	0.00028826107	0.008221652	0.0009742726	0.002966516	0.017475808	0.007864911	0.00972453	0.0032837694	0.010300514	0.0018119869	0.0032097006	0.006727544	0.0007164726	0.0010680605	0.00091132766	0.0024133392	0.0009984039	0.0059383498	0.00028142755	0.0028178305	0.00054118695	0.00065193145	0.0016207836	0.00038546417	0.001235196	0.006847934	0.001988639	0.007903806	0.008875616	0.0003212619	0.008875616	-19.394989013671875
s06e05a	60.0	5.0	0.8024562	0.8024562	0.14744665	0.014402432	0.0001318945	0.004427308	0.2122097	0.00046012405	0.0016381362	0.0004743261	0.0001802537	0.0003185928	0.00047332165	0.0019689605	0.0026566554	0.00019743392	0.0044326372	0.00029795137	0.11784804	0.015883882	0.0032274723	0.0032274723	0.0013299981	0.003798885	0.00047357884	0.003798885	0.022701226	0.013018523	0.008150496	0.0015476951	0.00051429047	0.0011346212	0.004662867	0.00044216492	0.00032830215	0.0007530047	0.0007530047	0.00072176463	0.0031532897	0.0015793722	0.00013182245	0.0031532897	0.00086631527	0.005198913	0.005900439	0.0006200939	0.0003309342	0.00073523604	0.0030158225	0.00081226835	0.002747557	0.0037784653	0.00015918123	0.0003815181	0.0011020913	0.0015128562	0.0004143985	0.0051187803	0.0003082828	0.0013803567	0.00015776581	0.00024302401	0.0028126957	0.003127024	0.00047584594	0.00118372	0.00091654074	0.0068201227	0.0047097513	0.00015514309	0.0059205103	-18.326602935791016
s06e05a	65.0	5.0	0.8210012	0.8210012	0.021355022	0.012015063	0.0020699499	0.0024367906	0.004914895	0.0026067074	0.008699171	0.0012640854	0.002392143	0.000493749	0.029444652	0.004282027	0.0005394938	0.00011321397	0.0011545265	0.00039016083	0.0012124077	0.0029220919	0.009986437	0.007968898	0.0011810963	0.0037265262	0.0029782192	0.005742545	0.1088458	0.021517351	0.006952484	0.0009055402	0.00052913715	0.0017213646	0.0028770687	0.00076977	0.0009108481	0.0011072066	0.00034246105	0.00021601614	0.0007975845	0.00020982846	8.3146755e-05	0.0007975845	0.0010494066	0.0023122984	0.0025109604	0.00018315688	0.0011700747	0.0032455195	0.00079081155	0.0007012398	0.0012697091	0.0052885083	0.0007461292	0.003488808	0.022063786	0.02889517	0.00021416017	0.0058300276	0.0019295738	0.0021875675	0.0016834257	0.00017746368	0.028547054	0.0056617362	0.0010032835	0.00057549775	0.0077230413	0.005950635	0.0038308129	0.00049070345	0.028547054	-18.95351791381836
s06e05a	70.0	5.0	0.8631701	0.8631701	0.08636422	0.08113201	0.00059541274	0.011015327	0.12563446	0.002771279	0.0030392825	0.0034098106	0.00029259015	0.00044277462	0.0022730194	0.0051468774	0.0018830784	0.00047378274	0.00690372	0.0006048526	0.0078443615	0.04475044	0.0054170024	0.0054170024	0.0004878808	0.002395411	0.00062029547	0.002395411	0.023341049	0.00810587	0.0032985823	0.0011460045	0.00026119058	0.0007312322	0.0019319978	0.0003157697	0.00025447403	0.00069617224	0.0003255407	0.0005673998	0.00040907503	0.00026289973	0.00017520513	0.00040907503	0.0011698367	0.0008370269	0.0010079345	0.0002188238	0.00017403132	0.00064968364	0.00070914713	0.0008370592	0.00051458884	0.006966932	0.0003472107	0.0020522089	0.00055131584	0.0024317387	0.0003070122	0.0037711924	0.00042500877	0.00092948455	0.00040876318	0.00013739277	0.0008117878	0.0005137684	0.0003751506	0.0044712336	0.0012597938	0.0015746669	0.0064236214	8.975968e-05	0.0064236214	-18.856645584106445
s06e05a	75.0	5.0	0.77625793	0.77625793	0.1423074	0.00574292	0.0010439035	0.004545909	0.39752412	0.0025385623	0.0033182586	0.0015360307	0.00067024765	0.0002775537	0.04830714	0.005108562	0.0010851754	0.0013300666	0.0025309836	0.0066421665	0.0024455052	0.00867645	0.03159629	0.0011498355	0.0044338494	0.0012173976	0.0005911044	0.0015850563	0.032407895	0.00907183	0.005234644	0.0018976226	0.0006716288	0.0018149976	0.0040012263	0.00022080775	0.00027195955	0.0065993243	0.004229352	0.0065993243	0.0065777428	0.006696307	0.002335155	0.006696307	0.0016250979	0.008911029	0.006099169	0.0006875949	0.00062696607	0.0006468287	0.013260254	0.0013878384	0.0033208793	0.028492538	0.00020940613	0.0058112694	0.0021118934	0.010704942	0.0009303817	0.0030333095	0.0024978966	0.0010474869	0.0006279205	0.0006213668	0.007391243	0.0068778563	0.0010872844	0.005572992	0.0026683244	0.0054697567	0.0015611806	0.00018724153	0.018544985	-22.162376403808597
s06e05a	80.0	5.0	0.8067696	0.8067696	0.025711574	0.0064011673	0.0011098038	0.0018465547	0.11520966	0.0030467645	0.0033070475	0.012420328	0.0006785864	0.00042208759	0.026332349	0.015925549	0.011574187	0.0024740868	0.0018521424	0.0009855396	0.0012040186	0.0038040315	0.02514768	0.013541241	0.02514768	0.0019799287	0.0003737452	0.0019799287	0.012760893	0.004504427	0.001996577	0.0008327548	0.00022953648	0.00064605	0.0014751266	0.00014714681	0.00032549136	0.002845172	0.00076605915	0.0004887249	0.0013867102	0.0005243334	0.00027435317	0.0013867102	0.001252727	0.0014355758	0.0031005752	0.00032927984	0.001441923	0.00016684437	0.025608867	0.0021735178	0.0032946388	0.014083118	0.000113430746	0.0021039816	0.001011885	0.0047051846	0.0002450459	0.0007996206	0.0010690377	0.0007500899	0.0010891171	0.00037295397	0.0021274642	0.000966473	0.001272284	0.0068695047	0.0015897147	0.003551881	0.00578779	0.0008742969	0.0068695047	-27.048158645629883
s06e05a	85.0	5.0	0.45989257	0.45989257	0.04422697	0.008359576	6.173838e-05	0.0066909743	0.10787132	0.0003863213	0.01327192	0.0019087926	0.00015200042	0.00042082125	0.00020668814	0.0059955544	0.0001517477	0.00015653245	0.008278841	0.0005584563	0.24864529	0.10051558	0.00053672766	0.00045750232	0.00020779668	0.00035982323	0.00011366549	0.00035982323	0.465798	0.0913206	0.027819278	0.0048696306	0.0014921487	0.0034484433	0.02466422	0.0004018634	0.003984366	0.00022717826	0.00022717826	0.00015486641	0.00080005464	0.00070535747	3.797643e-05	0.00080005464	0.000102620324	0.0015816928	0.0013080698	0.0001625672	0.00021101761	0.00043323464	0.00053101266	0.00027376812	0.00019921904	0.0057354295	0.00013865173	0.00028124783	0.00051210535	0.0007322936	0.00018346994	0.0001801635	9.552134e-05	0.002680031	0.00035227617	0.00018979776	0.00026258384	0.000114490584	0.00036908276	0.0010085674	0.00014986041	0.0008959997	0.00312164	0.00015532426	0.008211996	-20.79235076904297
s06e05a	90.0	5.0	0.0114430385	0.0114430385	0.00018536107	0.0002938095	0.00014630651	0.0011337602	0.00019153737	0.0001473209	0.011364302	0.00090313004	8.1266684e-05	0.00031393534	0.00057957496	0.00026180863	0.00013971225	0.000119294695	0.00021095766	0.0004391776	0.00045517983	0.0005687502	0.0010022512	0.00085197255	0.0010022512	0.0017129553	0.0005890659	0.0017591335	0.8909061	0.3372857	0.2998501	0.00069236086	0.00032457695	0.0015913214	0.06996897	0.0017387203	0.01556098	0.00035999462	0.00028290125	0.0003055114	0.00091898703	0.00046676377	0.00019429911	0.00091898703	0.00029425943	0.0007379259	0.001842727	0.000121346064	0.0004976414	0.00024484858	0.0006986484	0.0014707113	0.00047652042	0.00029237516	0.00022349646	0.0006559926	0.00055805827	0.0010403591	0.00047042803	0.00029691518	0.00076580374	0.00035779923	0.000638198	0.0009927602	0.00061412127	0.0030416069	0.00090158725	0.0015464916	0.0012433556	0.0015003362	0.0005240431	0.00047492288	0.020118997	-21.135665893554688
s06e05a	95.0	5.0	0.021326909	0.021326909	0.00026920182	0.00016894068	0.00019690396	0.0018359369	0.0004052057	8.904229e-05	0.11669037	0.0003208135	0.0001016154	0.00017364311	0.00054231443	0.00057927566	0.00036533896	0.00012620701	0.00037666608	0.00018958776	0.00040580894	0.00042188325	0.0024046083	0.0024046083	0.00056558015	0.001916885	0.001259621	0.001916885	0.8417032	0.10728469	0.060436156	0.002375017	0.00030519816	0.001988005	0.060673587	0.009500106	0.029595353	0.00049407786	0.00049407786	0.00033638725	0.0004941544	0.00042324016	0.00015659262	0.0004941544	0.0003466032	0.0016322746	0.0020054965	9.302866e-05	0.00014137724	0.00019957799	0.0010194537	0.0019150986	0.00045917326	0.0010038539	0.00035693898	0.00084655	0.0008757568	0.0010691992	0.00011972946	0.0001499579	0.0009080397	0.00037539258	0.0007404206	0.00026497376	0.0019357261	0.0007885345	0.0011417392	0.00029064648	0.0006247346	0.0011007981	0.0013079714	0.0004669188	0.027640965	-19.76510238647461
s06e05a	100.0	5.0	0.04210158	0.04210158	0.00022417727	0.00022259372	8.8375105e-05	0.006144588	0.00022524985	0.00012357497	0.16307409	0.0005906519	6.536695e-05	0.0004208511	0.00039011377	0.00016235621	0.00016316943	3.4062054e-05	0.00028399896	0.00017014003	0.00017932472	0.0006478519	0.0017189181	0.0017189181	0.000486525	0.00095495273	0.00077533233	0.00095495273	0.8680643	0.15063445	0.07571266	0.0014669808	0.00028239406	0.0012977713	0.09468211	0.012877501	0.02565889	0.0002757062	0.0002757062	0.0001307223	0.00015451034	0.00028688033	9.092959e-05	0.00028688033	0.00012077326	0.0005090842	0.0007606159	6.628953e-05	0.00016048062	0.00015459154	0.0007091187	0.000386542	0.00016006462	0.00050923805	0.00044999545	0.0003902836	0.00030338386	0.0005554566	0.00011457555	6.9588634e-05	0.0008258164	0.00038323572	0.0005179968	0.00059943215	0.00092527206	0.0003468139	0.0012886556	0.00034763233	0.00037515702	0.00040276026	0.0010750444	0.0006540873	0.057836004	-19.95760154724121
s06e05a	105.0	5.0	0.033134196	0.033134196	0.00042006793	0.00043118797	0.00018713837	0.0021091579	0.00029606576	0.00017024227	0.17532827	0.000549733	9.861583e-05	0.00022316597	0.00064293604	0.00060682284	0.000468177	3.776408e-05	0.00040432307	0.00090496737	0.0004521122	0.0005342463	0.002523914	0.0020517919	0.00087565626	0.0018892139	0.00047648003	0.0018892139	0.8629489	0.09644556	0.060302034	0.0019725629	0.00041795595	0.0026635842	0.038431443	0.006839115	0.04529614	0.00053696794	0.0004945262	0.00044910389	0.00038297934	0.0004529795	0.000318349	0.0004529795	0.0002058888	0.0010580352	0.0023560533	8.348115e-05	0.00031350585	0.00020059866	0.0016880223	0.0006543523	0.0004938394	0.00041330745	0.00026294283	0.0012619218	0.00019561184	0.0019069632	0.00012597688	0.000121263365	0.0002589977	0.0004953468	0.0010108193	0.00049700926	0.00096129486	0.0003197756	0.0010236411	0.00043975658	0.00025106658	0.0007387312	0.001239316	0.00022730176	0.030807296	-18.99007606506348
s06e05a	110.0	5.0	0.040064152	0.040064152	0.0009288069	0.00046953786	7.812034e-05	0.0075398264	0.00027393366	0.00015072226	0.1797208	0.0005167373	6.06724e-05	0.00023283374	0.0015469578	0.0010708357	0.00010366019	3.3373202e-05	0.00038154755	0.0016008903	0.00026271757	0.0009259008	0.001628141	0.0016159152	0.000676279	0.0026089586	0.0007619257	0.0026089586	0.8768702	0.11626104	0.07834349	0.0010651448	0.00023084875	0.0036189195	0.08319591	0.0026568903	0.04750001	0.0006611361	0.0006611361	0.00029919302	0.0002647864	0.00053482637	0.00025835203	0.00053482637	0.0003020862	0.0010769515	0.0017081163	6.293852e-05	0.00020111709	0.000382749	0.001192843	0.0013327491	0.00035615193	0.00042060108	0.0002535668	0.0007313207	0.00026244743	0.0012702582	9.305342e-05	0.00016130538	0.0006663326	0.00068933226	0.0007411332	0.00034985927	0.0005030224	0.00038518885	0.0012180598	0.0005779551	0.0004903888	0.0005388781	0.0014694666	0.00019277079	0.034828242	-18.95954704284668
s06e05a	115.0	5.0	0.010397529	0.010397529	0.00015259902	0.00025034806	0.00012974943	0.0041139363	0.00019195533	0.00013345372	0.21183585	0.00051432307	0.00013312315	0.00011495092	0.0003384647	0.00042982714	0.00030063384	9.788103e-05	0.00037898694	0.0003612138	0.00044984877	0.00075876625	0.0011826623	0.0009809345	0.0006016943	0.0008300711	0.00034656536	0.0008300711	0.78806394	0.06645038	0.045475166	0.0019966748	0.00070481555	0.0012218393	0.04851396	0.019092724	0.024037855	0.00044353964	0.00044353964	0.0003329923	0.00029453618	0.00031255503	0.00019806407	0.00031255503	0.00022792484	0.0006159481	0.0010156183	5.182831e-05	0.0001335077	0.00010256094	0.00069141435	0.0010292134	0.0004039232	0.00024287852	0.00033029186	0.00031264115	0.00019032693	0.0004663026	7.943207e-05	7.5944e-05	0.00041391328	0.00019581972	0.00019024363	0.00026868487	0.00068139966	0.00038982843	0.0010903624	0.00048269602	0.00023526904	0.00043541446	0.0009240448	0.00016238609	0.024110641	-19.211593627929688
s06e05a	120.0	5.0	0.012776534	0.012776534	0.00024865623	0.00027986657	0.00015635374	0.0008521593	0.00024042593	0.00016646362	0.024770753	0.00027673747	8.572938e-05	0.00029313043	0.00126822	0.00042479206	0.00029919986	0.00019394039	0.00016618292	0.00019901474	0.00044674292	0.00042648404	0.001236541	0.001236541	0.0011705016	0.0014094508	0.0025212371	0.0025212371	0.8430148	0.17907281	0.124881364	0.0045679063	0.0019730953	0.0029335846	0.036717787	0.005113397	0.01588596	0.00044249804	0.00033594883	0.0004229622	0.0009895256	0.0005649423	0.00019215219	0.0009895256	0.00019945909	0.0013868528	0.0022925374	7.104013e-05	0.00044871838	0.00013068091	0.0010988378	0.0020124384	0.0010084142	0.0005668814	0.00025305286	0.00031730783	0.0004915047	0.00078173436	0.0009963528	0.00026599687	0.0013502911	0.00035902436	0.0008164253	0.0008647796	0.0012684755	0.0034445354	0.00088922505	0.0006747009	0.0010522668	0.0015460794	0.00091462367	0.00025845572	0.0137476595	-20.15012550354004
s06e05a	125.0	5.0	0.7333229	0.7333229	0.0046528284	0.0007853602	0.00034551398	0.00029854677	0.00045183685	0.00029735995	0.0027576	0.00235868	0.0014574358	0.00042703445	0.0015928791	0.0022028773	0.0017907071	0.00024723783	0.00044477388	0.00021250386	0.00013840405	0.0007983187	0.25151372	0.013679888	0.025526945	0.006816868	0.004997651	0.06480049	0.66323835	0.052204084	0.02228379	0.0015368748	0.0021603515	0.0025290728	0.0046770344	0.00078971585	0.002556711	0.0052442392	0.00103882	0.0036551268	0.0010346866	0.0006546061	0.00072967925	0.0010346866	0.009866286	0.003174594	0.0031953037	0.00034271792	0.00034272674	0.0004197339	0.00045755444	0.008504014	0.0006289716	0.0025529612	0.00032600967	0.0004611966	0.0027240769	0.0048543527	3.170172e-05	0.0023922534	0.0013127326	0.0010025081	0.00018445625	0.00073790405	0.0043051643	0.0015213912	0.0010015802	0.0013528713	0.0029731097	0.009879664	0.0011694569	0.000116921794	0.0051959744	-19.67253875732422
s06e05a	130.0	5.0	0.8546394	0.8546394	0.08319604	0.002661805	0.00063173036	0.001900106	0.013254321	0.0008947602	0.0009109839	0.0007995581	0.00029651404	0.00012603839	0.007311352	0.012437805	0.0033790926	7.613623e-05	0.00084279565	0.0006959175	0.0016552749	0.017877316	0.0060013453	0.00259402	0.0017740424	0.0014630444	0.0009165032	0.022975508	0.031694815	0.005227718	0.0020448247	0.0003438606	0.00022158047	0.00030212651	0.0015923217	0.00027976066	0.00017664034	0.0052889595	0.0039774347	0.0052889595	0.012668449	0.0060645947	0.00086119317	0.012668449	0.008905565	0.027748296	0.01351243	0.0012722459	0.00031646737	0.00060236704	0.0025415593	0.010818484	0.0026259753	0.009007556	7.182964e-05	0.001557356	0.002615594	0.0022239233	0.00035241776	0.0070162388	0.0016634887	0.00095807825	0.00031869274	0.00017650532	0.009193173	0.0028987483	0.00086417084	0.0023446132	0.0038340841	0.060759936	0.00088289735	0.00019087449	0.009193173	-20.733755111694336
s06e05a	135.0	5.0	0.8006258	0.8006258	0.006351606	0.002005509	0.0003365329	0.00060252927	0.041623596	0.00015722984	0.0013892957	0.0004953239	0.00021873745	0.0007326978	0.0011238803	0.0016853502	0.0014610876	0.00020392667	0.0008577564	0.0024579277	0.001574215	0.0031685159	0.15643376	0.00035245373	0.0031953265	0.008040171	0.0008383192	0.008468791	0.051837593	0.0037763517	0.002320238	0.00084911456	0.0004199288	0.0006387368	0.0017986781	0.00024005988	0.00023009282	0.016567396	0.016567396	0.009073767	0.025480062	0.034047317	0.0024923922	0.040291436	0.006526236	0.037369337	0.05750597	0.0037659255	0.000844615	0.0012406388	0.019437267	0.0014498553	0.017999943	0.0063170847	0.00015020205	0.00053419976	0.0010613095	0.004896727	0.005107217	0.0007762161	0.0003006453	0.0016243785	0.00075878354	0.0018112832	0.0054888297	0.0055395835	0.0013554178	0.0007901411	0.001487751	0.022270875	0.00050801097	0.00010815842	0.007608472	-19.551557540893555
s06e05a	140.0	5.0	0.6539685	0.6539685	0.07714715	0.01309659	0.00035348829	0.004746387	0.10161895	0.0020731753	0.004069612	0.001609152	0.0030948147	0.00048593016	0.0028101718	0.0051873354	0.00097600574	0.001007895	0.0013609307	0.00082513015	0.007616476	0.05611772	0.011947785	0.004061468	0.007892724	0.0028789132	0.0006657245	0.0036536441	0.045816824	0.008453017	0.002913253	0.00069948117	0.0008936304	0.0010300766	0.0030490407	0.0003957253	0.0004974837	0.0034684467	0.0034684467	0.0024491118	0.0039905948	0.0030152632	0.0011208417	0.0039905948	0.0025619282	0.011111974	0.03469498	0.014923676	0.0038179457	0.0029417635	0.026132623	0.0032291908	0.009065419	0.011887702	9.53317e-05	0.0013654551	0.0026013856	0.0042136386	0.00017230619	0.0006746228	0.00061558746	0.0023380106	0.00096892816	0.0012654713	0.008390445	0.0013336125	0.002477365	0.0074895434	0.002176983	0.0055252127	0.0027984735	0.00046180194	0.010660746	-19.32295227050781
s06e05a	145.0	5.0	0.880294	0.880294	0.040999617	0.07193101	0.00040479508	0.01006184	0.07451479	0.001256551	0.0017884431	0.0011613474	3.4009798e-05	0.00039203992	0.0007354698	0.03407397	0.0021412717	0.00015049448	0.00090941595	0.00078551064	0.0067022024	0.06940443	0.02082174	0.0040790485	0.0011628972	0.013867743	0.0009723026	0.013867743	0.17425883	0.012833664	0.003119064	0.0015950736	0.00046172136	0.001116145	0.0076241787	0.0010704013	0.0007612555	0.0015849763	0.0015849763	0.001062853	0.0028579577	0.0021035932	0.00015263307	0.0028579577	0.0005271356	0.008097015	0.0028663706	0.00061226625	0.0002949768	0.0005794717	0.0018714115	0.00070561067	0.00147179	0.0071429717	0.000804263	0.0014077009	0.0012412611	0.0045335162	0.0002590866	0.0014791911	0.0010826967	0.0006501618	0.00042947923	0.0004679842	0.0021905703	0.0009641195	0.00051719113	0.0012468665	0.00069329713	0.024058614	0.008375074	4.9183047e-05	0.15251136	-19.99775695800781
s06e05a	150.0	5.0	0.83127344	0.83127344	0.019574724	0.0039735623	0.00013805108	0.002913696	0.095806874	0.00041679136	0.0013709905	0.0019424935	0.0007471617	0.000101144986	0.0009743432	0.008652264	0.002593165	0.0005804106	0.0008036347	0.0003854028	0.0015442653	0.021060409	0.0060015987	0.0056768833	0.0010841592	0.0010802262	0.00022298457	0.0021418068	0.10803658	0.004881221	0.0009643924	0.00023947055	0.00013758561	0.00019121003	0.001506135	0.0002692642	0.00012323678	0.00095154654	0.0008613921	0.0004370406	0.0013982381	0.00067647663	9.762069e-05	0.0013982381	0.0009165748	0.009450397	0.012624736	0.0010578744	0.00074987725	0.00026493738	0.0028252178	0.0063559893	0.0012369716	0.17145057	0.00026852996	0.010471744	0.0007591137	0.00085094105	0.0001603896	0.00018664387	0.002207481	0.001336989	0.00017245543	0.00033474003	0.007209928	0.00071046245	0.00095369347	0.018270688	0.0028445646	0.010975383	0.01467342	9.97421e-05	0.31969523	-19.852970123291016
s06e05a	155.0	5.0	0.8420077	0.8420077	0.05561695	0.010518857	0.0008195299	0.0051176413	0.24492647	0.0017396848	0.0021142059	0.0011082899	0.00035497994	0.0008764993	0.0020761054	0.004803022	0.0018418974	0.0005306248	0.0021630793	0.000840241	0.010090553	0.096027784	0.0057137473	0.005553115	0.0028941843	0.003549968	0.0015142527	0.003549968	0.08203866	0.01331445	0.0052455724	0.001101332	0.0003715912	0.0012177373	0.0027946688	0.0003500431	0.00043341823	0.0015201921	0.0015201921	0.0011285841	0.00651211	0.003862006	0.00026737293	0.00651211	0.00087039435	0.013235209	0.011965557	0.001512468	0.0012483597	0.0014022986	0.003483838	0.0013111932	0.0024957233	0.0050230585	0.00012984981	0.0009028014	0.00077293185	0.0039961403	0.00013939157	0.0027617784	0.00051987637	0.0017859736	0.00039020268	0.00045711786	0.0013943405	0.00081171206	0.0008470724	0.0038795166	0.0010191115	0.0028710903	0.0028699818	0.00014004543	0.004833422	-19.351701736450195
s06e05a	160.0	5.0	0.7981402	0.7981402	0.025678925	0.0077652526	0.0002980886	0.0019811983	0.09642711	0.00040693782	0.001069435	0.00042773926	0.00025466626	0.00019586958	0.00076141144	0.005543528	0.0013454272	0.00018402551	0.0020574518	0.0024050933	0.019013233	0.0077786115	0.012902235	0.0021166017	0.00058486644	0.003536414	0.00022769893	0.003536414	0.033547785	0.006800088	0.0015536562	0.0007760711	0.00041743834	0.00043119313	0.0055379737	0.00018138229	0.00017677396	0.0030267239	0.002183322	0.0021647885	0.0037373938	0.0020301463	0.00015588378	0.0037373938	0.00074387615	0.0032085108	0.002080918	0.00038970285	0.00040172724	0.00024393585	0.0022804432	0.0007024947	0.0009663624	0.026157646	5.7196594e-05	0.002862956	0.00078629097	0.0010052343	0.00045259707	0.00036838694	0.0001645996	0.00068538095	9.9228586e-05	0.0004699187	0.002491174	0.0029975746	0.00046081186	0.0029033301	0.00036580392	0.032953613	0.004597456	2.5832795e-05	0.3064555	-18.92262077331543
s06e05a	165.0	5.0	0.8727722	0.8727722	0.070583336	0.005240007	0.000117227915	0.0005013503	0.004624862	0.00044240503	0.00052681414	0.00086922164	0.00034032066	0.00019886754	0.0022409789	0.034750633	0.0016822016	6.343865e-05	0.00048412013	0.00028947036	0.00040251826	0.007832413	0.016525062	0.007533335	0.000968428	0.0053572045	0.0030706513	0.052434232	0.04430134	0.003208718	0.0009264136	0.00036295477	0.00032748436	0.00035662996	0.0007109393	0.00028079533	0.00014955264	0.017800521	0.0056224912	0.017800521	0.009620086	0.0059882496	0.002934141	0.009620086	0.0075521255	0.038928874	0.005893074	0.00040350982	0.00034895455	0.00045534997	0.0011948922	0.0061693164	0.0012418547	0.0053001847	0.00060262746	0.001158275	0.00084901985	0.007464479	0.00015608293	0.0025618076	0.0005822065	0.00068523135	0.0009018402	0.0001968773	0.005474636	0.0016726068	0.0009871837	0.0010447925	0.0008422417	0.032106094	0.0020965363	0.00013878704	0.010136315	-19.421537399291992
s06e05a	170.0	5.0	0.7410009	0.7410009	0.086790174	0.021469634	0.00043879388	0.006848158	0.19461161	0.0011639378	0.0032723136	0.00362788	0.00020654433	0.0010041895	0.001866942	0.011168796	0.000894579	0.001560653	0.0075795506	0.0006195328	0.064311616	0.03556245	0.011590766	0.0054080873	0.001901566	0.014681743	0.0027467678	0.014681743	0.03670315	0.01296897	0.0054645767	0.0015053736	0.000536763	0.0011991903	0.0066208914	0.0010392724	0.00075362175	0.0018318571	0.0011782825	0.0018318571	0.0039652106	0.0016443399	0.00051344774	0.0039652106	0.00071152457	0.0035578758	0.0055889627	0.0018219721	0.0015560383	0.0018415063	0.0104415575	0.0021367914	0.0025336093	0.008096464	0.00061588234	0.0036339608	0.0017939003	0.0020837658	0.00037183112	0.00030742137	0.00083753676	0.0018146521	0.0015932681	0.0010151544	0.0032336372	0.00095692783	0.0007329282	0.0031453362	0.0009022674	0.0030629423	0.0044349376	0.00015738643	0.013488895	-19.066659927368164
s06e05a	175.0	5.0	0.89249796	0.89249796	0.004632523	0.10351037	0.0005672781	0.0009466787	0.011938365	0.0025463183	0.0010015897	0.02921836	0.001318455	0.00027517835	0.013436691	0.008564308	0.001627694	0.00040817173	0.001988923	0.0015011508	0.00072310027	0.0053967806	0.21429713	0.21429713	0.0022989768	0.0033125295	0.004333839	0.004333839	0.25401464	0.0067862635	0.0011255216	0.0016883324	0.0011703862	0.0019228928	0.0032639804	0.0010606433	0.0019558289	0.00976666	0.0023152991	0.00976666	0.0021805977	0.0016439861	0.0031757772	0.0021805977	0.0013885894	0.00499526	0.0074674757	0.000568825	0.0005583642	0.00051358383	0.006463689	0.0016073688	0.002868949	0.0057076444	0.0020551172	0.0039221044	0.0008183016	0.0033998534	0.001631055	0.02315614	0.00026766572	0.0014932838	0.00065324287	0.00034310925	0.0038224768	0.0015248727	0.0011193553	0.0040336135	0.001018127	0.005775453	0.0045458223	0.00014528997	0.0057619778	-20.484474182128903
s06e05a	180.0	5.0	0.883891	0.883891	0.0035549877	0.067683995	0.00032014074	0.00069830957	0.0059190206	0.0006900708	0.00086509436	0.05775644	0.0002921489	8.645173e-05	0.011204287	0.010359637	0.0013433767	0.0003218275	0.00063857913	0.00079743296	0.00020183767	0.017061742	0.023256442	0.016181845	0.002528736	0.0027612217	0.0017096202	0.0051272595	0.061421484	0.0018229671	0.0005096025	0.00051708834	0.0002512117	0.00047182429	0.00093201734	0.00043802572	0.00031179935	0.008189675	0.006946597	0.008189675	0.00671748	0.006169638	0.0024147367	0.00671748	0.0012858743	0.010688074	0.03058099	0.0029626624	0.0013573399	0.0004675096	0.024237748	0.0051630605	0.005593873	0.04013296	0.00076816813	0.009778948	0.0008109482	0.0016136174	0.002468111	0.010525842	0.0009878963	0.0009321607	0.00048796527	0.0005198333	0.01158411	0.0010766955	0.00071885757	0.0029879794	0.0012246876	0.006335505	0.0013396874	0.00025633664	0.01158411	-21.736661911010746
s06e05a	185.0	5.0	0.859334	0.859334	0.053234585	0.12427025	0.00038154045	0.0044973483	0.119031176	0.00626037	0.0021221237	0.0057030893	0.00023304495	0.00059869647	0.0022177768	0.0060380506	0.0058973944	0.0007861561	0.0020611568	0.0012056339	0.004114585	0.13844846	0.013342757	0.0052690506	0.0053877784	0.0046816757	0.0017715836	0.0046816757	0.048867695	0.005212556	0.0026942012	0.0010150549	0.0005262295	0.0010631406	0.0024984516	0.0007641962	0.0004551714	0.0018855319	0.0015733624	0.001557657	0.009531134	0.002587108	0.000319308	0.009531134	0.0012243341	0.008441028	0.0077559985	0.00090781477	0.0008824752	0.000768873	0.0072668493	0.0028604155	0.0039191213	0.008673308	0.00104306	0.003260749	0.0012565282	0.013298467	0.0035664756	0.0058565033	0.0006801008	0.0015031921	0.0012022462	0.0008234591	0.00264432	0.0023439731	0.0008682366	0.0034024282	0.0029055509	0.0064713797	0.005980398	0.00033833663	0.009716759	-19.83955192565918
s06e05a	190.0	5.0	0.8389628	0.8389628	0.014184463	0.16622804	0.00034299903	0.013303148	0.027298944	0.0030124865	0.0046697236	0.003529734	0.0011216764	0.00018649141	0.0016963345	0.003944622	0.0016829177	0.00019081772	0.0018990871	0.0017161204	0.0021560737	0.04749235	0.0052682934	0.0027174256	0.001657007	0.0004533454	0.00048305944	0.0008689806	0.19187278	0.008331683	0.0033990587	0.001505325	0.00062256213	0.001288375	0.0030055714	0.00036023476	0.001128832	0.0049838065	0.0021498573	0.0049838065	0.0063320897	0.0046505122	0.0007446318	0.0063320897	0.0011777029	0.0059023895	0.007389907	0.00062614435	0.00044283437	0.0031182826	0.0027872345	0.00090842694	0.001783476	0.0053097163	0.002346713	0.00085038575	0.0009055479	0.004732781	0.013293056	0.07621371	0.0001673836	0.0035708295	0.00078422675	0.00041685614	0.0021470084	0.0013296372	0.00058171677	0.0018809323	0.0017551791	0.007624781	0.004419977	0.00016894295	0.004550948	-20.53347396850586
s06e05a	195.0	5.0	0.76660055	0.76660055	0.007869906	0.12535453	0.0003572406	0.007907938	0.009357574	0.0026992168	0.004901741	0.012789916	0.0006426662	0.0004067551	0.00046588204	0.015609909	0.0008809171	0.0007810058	0.0011496745	0.0035790235	0.010012408	0.04099626	0.014992959	0.004395572	0.0013235895	0.0020612197	0.0011958674	0.0020612197	0.27373424	0.01205859	0.001885392	0.0012029038	0.0006560439	0.0016182669	0.0054583475	0.0014199323	0.0026907285	0.0025620768	0.0018260543	0.0025620768	0.004017186	0.0026268072	0.000790948	0.004017186	0.00067855866	0.008215127	0.019520326	0.0010313218	0.0007679479	0.0019881506	0.008180292	0.0016751367	0.0050216503	0.0037605301	0.00041577945	0.0007843901	0.0007946816	0.002543112	0.00074043364	0.0011736618	0.00014214883	0.0012817626	0.0008678429	0.00024420093	0.001554305	0.00040867084	0.0022181144	0.001152357	0.0005664963	0.006427052	0.0013648213	0.00016609342	0.009076829	-19.70601463317871
s06e05a	200.0	5.0	0.9015757	0.9015757	0.003014862	0.2074061	0.00042572038	0.0010465408	0.0023037614	0.0016102232	0.0013247132	0.008350849	0.00020150002	0.00031064192	0.00072367274	0.002833354	0.00066425226	0.00013513134	0.0005909639	0.00021255754	0.000121251906	0.0015666874	0.07377246	0.07377246	0.0012575088	0.0057103615	0.0044671455	0.009392266	0.06637151	0.0038672192	0.0013687237	0.0009005836	0.0004754732	0.0007295704	0.0009324645	0.0058986917	0.0006087013	0.0015226927	0.0004159364	0.0003456952	0.0006570641	0.00036093756	8.009717e-05	0.0006570641	0.00029269926	0.0026652121	0.0051784283	0.00022438128	0.00026125705	0.0008590385	0.0017270647	0.0007665952	0.0010101194	0.0041157007	0.002899082	0.000943764	0.0024638858	0.008090117	0.00072310644	0.02666668	0.0009178341	0.00082575384	0.0012847878	0.00019944215	0.003956933	0.0005398153	0.0003103808	0.0009534749	0.0024667752	0.0031187793	0.0068353014	0.00022551157	0.0068353014	-21.637001037597656
s06e05a	205.0	5.0	0.9130881	0.9130881	0.060459495	0.064012446	0.00078727014	0.003043548	0.13347866	0.0034744677	0.000848231	0.0032396752	0.0002413064	9.361199e-05	0.0066145277	0.0025757232	0.0019631025	0.00033568311	0.0017349361	0.0016003479	0.0012811658	0.08109595	0.004074001	0.0018393288	0.0034789944	0.0010378882	0.0005000541	0.019571168	0.04194411	0.0051307706	0.002346231	0.00044938998	0.00015633719	0.00047644865	0.0016095564	0.00018800219	0.00016898016	0.0024302793	0.001010029	0.0012456179	0.0021853924	0.0020901773	0.0002714741	0.0021853924	0.0009867967	0.0049025435	0.0047204033	0.0005038703	0.00022111702	0.00029597685	0.002006077	0.0012579592	0.0037372927	0.011852294	0.00057671894	0.0019875823	0.0012638115	0.010193311	0.0012360517	0.012025217	0.0004762593	0.000452826	0.00024745526	0.00037994375	0.0060881227	0.004011122	0.000706781	0.0014726971	0.004990839	0.008422674	0.0038499008	0.00012057718	0.0060881227	-21.25095558166504
s06e05a	210.0	5.0	0.78900886	0.78900886	0.010687953	0.027399652	0.00046200093	0.001799269	0.004254777	0.00088123744	0.006347394	0.028175775	0.002839566	0.00012143982	0.0013923746	0.0059957867	0.0019157623	0.00026650075	0.0017307014	0.0005779962	0.0022743335	0.034617573	0.04510767	0.009152698	0.0008479191	0.004262493	0.0009179526	0.004262493	0.062493384	0.0076417546	0.0021207167	0.00090185826	0.00041486628	0.000714765	0.002504733	0.0015065725	0.00045853664	0.0014457859	0.0010765879	0.0014457859	0.00075804966	0.00072019396	0.00065804017	0.00075804966	0.0014698375	0.0027858363	0.002383601	0.00024423932	0.00029064537	0.00018055007	0.0019047201	0.0010807047	0.00052943226	0.010104242	0.00080393464	0.003288036	0.0049259965	0.0014973881	0.0002753248	0.00094325206	0.0008410821	0.0005445313	0.00032859147	0.00013852316	0.002167264	0.00094423123	0.0010181861	0.0047824886	0.008433062	0.007466408	0.017318118	0.00017254917	0.07021968	-22.233444213867188
s06e05a	215.0	5.0	0.8117649	0.8117649	0.005666393	0.06688746	0.0012010216	0.0066671846	0.11673421	0.0016654878	0.0017824186	0.07285206	0.00035819344	0.0003803335	0.0021021243	0.0027879584	0.00391224	0.0023423969	0.0039592003	0.0015496048	0.004893238	0.046570696	0.012327418	0.0026587837	0.0014463622	0.0009577341	0.00024017482	0.0009577341	0.058664687	0.007312065	0.003980899	0.0012546303	0.00042735817	0.0012535547	0.0033485196	0.00061770855	0.00046783438	0.0012832669	0.00043650452	0.0012832669	0.0022065844	0.00067625067	0.00035356276	0.0022065844	0.0010895276	0.0010875812	0.0037694904	0.00058293337	0.00040841184	0.001843899	0.0047620246	0.0006289731	0.003634745	0.0038041093	0.0006686355	0.0008102599	0.0007414953	0.0023938094	0.0018821841	0.0053425212	0.0002894731	0.0026176486	0.0004021696	0.00046918573	0.002163448	0.00047476083	0.00069365604	0.001421131	0.0010277368	0.0044294316	0.0015903027	0.00019749568	0.002163448	-18.06612777709961
s06e05a	220.0	5.0	0.5456974	0.5456974	0.010040664	0.0033548912	0.0003828441	0.011538956	0.0757103	0.0007891674	0.04199841	0.0034007696	0.0002359704	0.00036237616	0.00041271292	0.0037996594	0.000851956	0.00043500084	0.002038432	0.0012312949	0.022485983	0.032114815	0.008450268	0.008450268	0.0009620787	0.019178025	0.002725821	0.019178025	0.74292946	0.114148065	0.04902568	0.0023926494	0.00093929796	0.0013222087	0.07852373	0.0006552581	0.0063807704	0.00089921115	0.00089921115	0.00041628213	0.0054577757	0.0024969059	0.00027913426	0.0054577757	0.0002459684	0.006075852	0.006595049	0.00055816065	0.0014699537	0.0010649302	0.008552632	0.0021885338	0.00077435945	0.0031032234	0.00028593253	0.0011085559	0.00038560567	0.0006585515	0.00043198842	9.5649855e-05	0.00021200538	0.0011844762	0.00056166557	0.00039465405	0.0006224844	0.00041588608	0.0016282155	0.0068169683	0.00040468146	0.006852352	0.002075669	0.00026496768	0.017904295	-17.72172737121582
s06e05a	225.0	5.0	0.6348725	0.6348725	0.0015567584	0.04067053	0.00086983555	0.0033784069	0.0009896287	0.0008476166	0.065753296	0.028448312	0.00034662185	0.00013889256	0.0010421785	0.0010576874	0.0012016704	0.0001577007	0.0012964112	0.0012690731	0.00044897228	0.0003962364	0.003859959	0.002201903	0.0010111834	0.0016792326	0.00050106464	0.0016792326	0.7855647	0.076165855	0.049345113	0.0044515715	0.00096160034	0.00312929	0.02673909	0.0023158686	0.009873103	0.0010457016	0.0007848357	0.0010457016	0.0006929503	0.0009657191	0.00048177416	0.0009657191	0.0006610479	0.002126961	0.005193333	0.00026754022	0.00028720024	0.00025527913	0.002414059	0.0025164902	0.00091004476	0.0017632631	0.0030156777	0.0027834927	0.0038255486	0.0020820017	0.000705505	0.0024057694	0.00019778815	0.00058779004	0.0009923044	0.00013370402	0.0037453778	0.0006275692	0.0004672895	0.00086141477	0.0020397864	0.007470752	0.0042582573	0.0005525332	0.0042582573	-20.869853973388672
s06e05a	230.0	5.0	0.7970894	0.7970894	0.014064936	0.06408711	0.0005486714	0.00052740955	0.003140905	0.0009477179	0.00093725923	0.0131925875	0.00016565072	0.00024226517	0.0016903059	0.030984633	0.0014366658	0.00030229738	0.0014923285	0.00016162361	0.00029503278	0.0029597653	0.06567075	0.004529171	0.0012159003	0.003485118	0.0012087898	0.003485118	0.01791065	0.0011388942	0.00040492977	0.00028361852	0.00032187937	0.0002597502	0.00069975347	0.004763234	0.00019312937	0.0043286528	0.0022434199	0.0017232142	0.0007159959	0.00047028685	0.0003458043	0.0007159959	0.005476669	0.0029581264	0.007993143	0.0004159404	0.00026245494	0.0008541645	0.002625009	0.009454635	0.0014799034	0.01740233	0.0015166714	0.017051015	0.01023557	0.000954951	0.00034581913	0.0044979975	0.0012734769	0.0012357279	0.004441117	0.00013591057	0.0050258692	0.0032914195	0.0006043625	0.002144461	0.008408113	0.015776133	0.02301379	0.00044459032	0.12990338	-23.168840408325195
s06e05a	235.0	5.0	0.8521972	0.8521972	0.015636887	0.05552248	0.00017846483	0.0019025945	0.041585468	0.001569345	0.002482423	0.0066861054	0.0023347307	0.00085154606	0.0066659846	0.0037426085	0.0036523496	0.00069913454	0.0011607258	0.0017507775	0.0040940787	0.0064284713	0.019059092	0.0058584306	0.0018357865	0.0023636345	0.0010858616	0.002524232	0.052021947	0.0033665083	0.0017246691	0.00091343536	0.00036637957	0.00060229667	0.0010822229	0.00044793563	0.00030640984	0.005710879	0.0028010467	0.005710879	0.013231117	0.0062667094	0.0010486156	0.013231117	0.0011646111	0.008993976	0.019530617	0.0020808824	0.001505907	0.0010070158	0.005791457	0.0021617871	0.0033364724	0.0033837864	0.0009870402	0.0009209307	0.00055571564	0.003130879	0.0012813855	0.007721354	0.00030010348	0.0012792959	0.0023587719	0.00062963733	0.0015812155	0.0006808583	0.0006565092	0.0016185383	0.002088318	0.012082672	0.002550916	0.00036222592	0.003825316	-20.63173484802246
s06e05a	240.0	5.0	0.8169864	0.8169864	0.014945506	0.31924358	0.0010399504	0.007517003	0.13687135	0.0044511002	0.0058029313	0.026707115	0.00062046875	0.00080441777	0.004233318	0.0014033125	0.0027540552	0.0017643858	0.0021300511	0.000836068	0.0074079954	0.020318078	0.00860285	0.005269136	0.0024128754	0.0026599625	0.0012259282	0.0026599625	0.1289939	0.0067354124	0.002414632	0.0013298835	0.00068415015	0.000925302	0.002001197	0.0010824183	0.00092289306	0.0010318898	0.00044886637	0.0010318898	0.0017212442	0.00062898005	0.00019862574	0.0017212442	0.0006556323	0.0015853326	0.009536388	0.0007086242	0.00085589977	0.0024457541	0.0057738707	0.001090434	0.0022444949	0.0040989188	0.0017943486	0.0014681868	0.00073135283	0.009089018	0.0077352417	0.011322056	0.00029438795	0.002415859	0.0026843816	0.00035873457	0.0025866786	0.00039676446	0.0005014139	0.0014692232	0.001676422	0.0022603548	0.0033443593	0.00028167857	0.0033443593	-19.386615753173828
s06e05a	245.0	5.0	0.86998844	0.86998844	0.0076550366	0.13829657	0.0005424752	0.003509018	0.07148114	0.002490193	0.0038280096	0.057598222	0.00016041927	0.00025631784	0.002133185	0.002987724	0.0026604836	0.0025823002	0.002585708	0.0006405956	0.004190018	0.054129977	0.012125103	0.010640949	0.0011004647	0.0030116187	0.0016815524	0.0030116187	0.034829315	0.00529631	0.0017662974	0.0006288634	0.00023631172	0.0006432121	0.0015549243	0.00074915617	0.00050020043	0.00076785305	0.000613583	0.00076785305	0.0068132402	0.00056742574	0.00017386561	0.0068132402	0.0004959908	0.0031946509	0.006014142	0.0004653776	0.0004626338	0.0006588964	0.00292838	0.0020969273	0.0019037178	0.0015496963	0.00026593145	0.0005236112	0.00078113825	0.0037050731	0.00084876624	0.0015748665	0.00021349003	0.0013220614	0.0006708957	0.0002664281	0.0011005307	0.0002836734	0.00034688663	0.0010019414	0.0004330701	0.007116326	0.0027194319	0.00014024536	0.004824252	-21.64116859436035
s06e05a	250.0	5.0	0.85314876	0.85314876	0.06375909	0.15669206	0.00050394214	0.0043659355	0.069616444	0.0072314423	0.0029634347	0.043552823	0.0006535224	0.00039374223	0.004799153	0.0017719461	0.00068768044	0.0029277673	0.0012317302	0.00030661176	0.0023062923	0.012876924	0.0067607635	0.004504153	0.0015025866	0.0034255092	0.0015679075	0.0034255092	0.02125611	0.0030876717	0.0010743794	0.0007588248	0.0002894524	0.00055426324	0.0010508642	0.00044873802	0.00032714798	0.006158894	0.0027106458	0.006158894	0.007601102	0.00406349	0.0018154079	0.007601102	0.00073793787	0.0036294525	0.013686528	0.001336719	0.00091376354	0.0012642184	0.0077173654	0.0019705119	0.0013414935	0.0034206586	0.0016962513	0.0038182212	0.00026460137	0.0040818835	0.0005477687	0.0011963118	0.00031168168	0.00101143	0.0022762204	0.00013536775	0.0014525709	0.00020796359	0.00045425916	0.001215268	0.0010412005	0.0017972318	0.0025130217	0.0017933215	0.0025130217	-19.60133934020996
s06e05a	255.0	5.0	0.915075	0.915075	0.006595977	0.021220418	0.0009780145	0.0030442395	0.013757801	0.012958641	0.0013768984	0.024503618	0.0007443605	0.00033974266	0.0019062962	0.01343374	0.00093860953	0.0004998463	0.0009804197	0.00022316833	0.001995195	0.15695322	0.16353008	0.16353008	0.0030777976	0.0003876884	0.0009506376	0.0039203987	0.052165437	0.0028859836	0.00093737	0.00035847918	0.00013536283	0.0007181115	0.0013779012	0.0003149438	0.00038632867	0.0004674042	0.00034981806	0.00042988674	0.0020565405	0.0007417515	0.00011687186	0.0020565405	0.00052517094	0.0029606996	0.0021834206	0.00018090403	0.0001252558	0.0007375062	0.00076419476	0.0036060694	0.00030765007	0.0019945502	0.00041042457	0.00047954696	0.00027029638	0.0005183257	0.00012520647	0.0017959687	0.00019042185	0.00062098465	0.0001469257	0.000116297546	0.0005625791	0.00031422699	0.0017391862	0.00076970033	0.0012088278	0.0027371438	0.00083235506	0.00020379448	0.009722731	-19.642004013061523
s06e05a	260.0	5.0	0.91803074	0.91803074	0.00684687	0.48548168	0.01192712	0.00075631577	0.010650516	0.026724966	0.0015378337	0.04373969	0.0013778408	0.0007547699	0.023314254	0.0008657265	0.018060805	0.000555754	0.0015891154	0.00034462838	0.00033046608	0.00073920935	0.0024653794	0.0024653794	0.0006777844	0.0035727117	0.0014069121	0.0043703215	0.0758821	0.0033057574	0.0010119558	0.0012905655	0.00017738587	0.0012355832	0.0015981323	0.00043736002	0.0006325111	0.0012801163	0.0008601119	0.00047947635	0.0006048388	0.00046242127	0.00015835089	0.0006048388	0.00039459145	0.0023892475	0.011745819	0.0002799098	0.001523444	0.001102483	0.0032998773	0.0008564689	0.0012064053	0.0007463515	0.00035033922	0.000823012	0.00031973477	0.022674108	0.00089313573	0.03436743	0.00021783002	0.0016701372	0.012456075	0.0001911743	0.0040042507	0.0006117291	0.00048777997	0.0005868837	0.0004599059	0.003446402	0.0013916767	0.00037229218	0.004863086	-23.25000762939453
s06e05a	265.0	5.0	0.8203087	0.8203087	0.023022212	0.035000738	0.00013910807	0.0026150243	0.40258974	0.0009744189	0.0028544676	0.0011624498	0.00014477925	0.00032261023	0.0022396583	0.001216986	0.0022159184	0.0013541204	0.0042304746	0.0009173865	0.014951594	0.03751152	0.0034698313	0.0014192259	0.0034698313	0.0017611326	0.00015111412	0.0017611326	0.040304262	0.008737918	0.0041514626	0.0012401284	0.00050417444	0.0010165955	0.0048489934	0.0005031981	0.00039618995	0.0011843455	0.0011843455	0.0006873842	0.002292161	0.0023106765	0.00018451079	0.0023106765	0.0008405237	0.004739926	0.0070169796	0.0014047306	0.0017520023	0.0010268022	0.015200865	0.0006135438	0.0046648793	0.0031579803	0.00021634388	0.0009424853	0.00072672224	0.001436371	0.00047516398	0.0010138438	0.00040161217	0.0011375736	0.00020974386	0.00068122626	0.0017189278	0.00043380988	0.00031722317	0.003040673	0.0012218178	0.004215708	0.002609501	0.00011625664	0.0045810295	-20.163509368896484
s06e05a	270.0	5.0	0.7557499	0.7557499	0.02268568	0.022651158	0.00017344157	0.009771937	0.2083686	0.004391692	0.007195276	0.0020234038	0.0018993709	0.00041289296	0.0005999895	0.0050384724	0.00092638267	0.00082004536	0.0065604197	0.008203945	0.018212311	0.02560913	0.02050691	0.00197682	0.0009457091	0.0036368456	0.00071585027	0.0036368456	0.1422191	0.012693566	0.0046484317	0.001108208	0.0010555006	0.00088746235	0.013255831	0.0006845623	0.0015220809	0.0018273889	0.0018273889	0.001269484	0.0044440315	0.0025702543	0.00039851616	0.0044440315	0.0008836918	0.008126999	0.004888643	0.00048668293	0.0003839878	0.00039360128	0.004304717	0.0016001322	0.0022201925	0.011808657	0.0006678947	0.003401337	0.0009167971	0.0017308934	0.00057681126	0.0010649008	0.0003762272	0.0020119587	0.0006040605	0.00035457846	0.0016680817	0.00051925884	0.0014112586	0.0076099234	0.0011001293	0.0066759377	0.0029275015	0.00015266	0.0076099234	-20.44928741455078
s06e05a	275.0	5.0	0.76033115	0.76033115	0.0073980154	0.029156985	0.0003033312	0.0020184394	0.11137025	0.00040559313	0.0011661873	0.009198047	8.4081476e-05	0.00034050725	0.0010683703	0.0029719833	0.0012788274	0.00071706553	0.0032180424	0.00059511093	0.0017117457	0.009276218	0.00465172	0.00076277205	0.000790146	0.0017652602	0.00056959945	0.0017652602	0.012887821	0.0037420823	0.0025929294	0.0006070912	0.00033220436	0.0004560915	0.0022437987	0.00020597244	0.0003024992	0.0011338098	0.0011338098	0.0005223585	0.0030501236	0.0015525321	6.0656435e-05	0.0030501236	0.001643263	0.0035016194	0.0063514253	0.00035356008	0.0007338175	0.00044055417	0.0024103732	0.0011744234	0.0017614856	0.019499455	0.00032179098	0.012917919	0.0006012775	0.0019193215	0.0014256855	0.0031883114	0.00043457787	0.00085871154	0.00044225706	0.0010188489	0.001083465	0.0011188426	0.0008537096	0.003284077	0.00035365496	0.0077969935	0.0021654086	0.00025700178	0.028741913	-20.080793380737305
s06e05a	280.0	5.0	0.7380259	0.7380259	0.0051605753	0.0037752665	0.00016779172	0.00022517877	0.00072484993	0.00023603115	0.0010401931	0.0021482562	0.00013046912	0.00033363036	0.0029322458	0.0044017844	0.0022906796	5.5704342e-05	0.0019403351	0.00024423373	0.00014151009	0.0006821579	0.0033061157	0.0013292625	0.00081761024	0.0018881201	0.0012358227	0.0018881201	0.017019076	0.0050257905	0.002376292	0.000986293	0.00043417996	0.0010160466	0.002374364	0.0002323638	0.00030137223	0.0011876057	0.00088636676	0.0009321199	0.0007525843	0.0003149378	0.0002186826	0.0007525843	0.021790734	0.0034269092	0.020883981	0.00029190112	0.0014531229	0.00084327086	0.0014320347	0.0027627451	0.0024170463	0.033934914	0.0020520769	0.01396406	0.00359957	0.0044521443	0.0020840692	0.0033024724	0.006228065	0.0010894358	0.010672823	0.00030049513	0.007034374	0.0033581723	0.00035032033	0.004746977	0.0012396702	0.009439705	0.0012221623	0.0002930131	0.11273355	-19.568479537963867
s06e05a	285.0	5.0	0.88560414	0.88560414	0.013840406	0.23387943	0.0019590969	0.000603376	0.01540348	0.001755774	0.0010195369	0.019642394	0.001059156	0.00024152851	0.006951184	0.0070591173	0.0016414875	0.00089646596	0.00080981344	0.001232951	0.00034158456	0.00209094	0.009284999	0.009284999	0.00431056	0.0024819674	0.002135387	0.0024819674	0.06339244	0.004046336	0.00073237804	0.00065427466	0.0004523081	0.00054319546	0.001216844	0.00039632103	0.00030567747	0.004228968	0.0011178635	0.0030010766	0.0010113308	0.0011391612	0.000811876	0.0011391612	0.0014103034	0.002276958	0.006134326	0.00046284552	0.0003298595	0.0005718125	0.0030567383	0.0012255273	0.0021337273	0.007334576	0.0012180645	0.0014519887	0.0019252608	0.006683164	0.0021000449	0.107933536	0.00036380038	0.0007461825	0.0018496404	0.00044487053	0.0036264516	0.0011364331	0.0007560927	0.0011167682	0.002292231	0.012851862	0.0024992088	0.00012864314	0.006163919	-20.951255798339844
s06e05a	290.0	5.0	0.8587106	0.8587106	0.005601536	0.030473385	0.00021301383	0.0016418291	0.03251535	0.0009966063	0.0021026826	0.007392401	0.00051701936	0.00010744357	0.00072785234	0.0062498003	0.0013309302	0.0005475568	0.00077650754	0.002744287	0.0011210692	0.05793819	0.019557334	0.0031870476	0.00091061724	0.0016898552	0.0008518756	0.0016898552	0.08927561	0.0049006413	0.001317919	0.00041807152	0.00021956218	0.0005057484	0.0020648972	0.00041052594	0.0008955047	0.0020715087	0.0019954038	0.0007146111	0.0015365412	0.0020423566	0.00023766112	0.0020423566	0.0006972628	0.0074288896	0.007827409	0.0010258987	0.00036978468	0.00074021105	0.0037323744	0.0018651225	0.0022010691	0.02617681	0.00032363203	0.0022826598	0.0006761095	0.0013285124	0.00028532147	0.0009929078	0.00015710006	0.0010582377	0.00056685327	0.0001512991	0.0012823805	0.0005204471	0.0018335215	0.0017641329	0.0006145153	0.020612886	0.0041894508	5.5057237e-05	0.07293249	-19.620561599731445
s06e05a	295.0	5.0	0.87464625	0.87464625	0.0054726005	0.054104697	0.00025112694	0.0024791758	0.13680805	0.0012843227	0.0013209298	0.021286478	0.00060116546	9.106713e-05	0.013164434	0.0075974916	0.045036044	0.001221136	0.00432668	0.0011223386	0.0007090593	0.0026391991	0.109801054	0.109801054	0.00072132214	0.0010629061	0.000385704	0.0010629061	0.021306185	0.00096256	0.0005989045	0.0005814396	0.00024961992	0.0004066636	0.00081860146	0.00016743243	0.0002436639	0.00038495133	0.0003577223	0.00034133685	0.00047869247	0.00023685128	9.353436e-05	0.00047869247	0.0006932298	0.00069786713	0.003731396	0.00011778963	0.0002362581	0.00035885975	0.0027307668	0.00091427215	0.004433035	0.06461311	0.0017274832	0.008642266	0.00045754964	0.001196252	0.002820167	0.0094286	0.001229414	0.0015261925	0.0005631155	0.00017704199	0.0034767732	0.00084110367	0.00042151965	0.010864691	0.000617421	0.0013837795	0.01074154	0.00016677486	0.014540907	-20.812854766845703
s06e05a	300.0	5.0	0.8295001	0.8295001	0.015378563	0.026423348	0.00037031685	0.004246601	0.18493202	0.0016364675	0.009466191	0.0074537047	0.0011696245	0.00024746894	0.00094697735	0.0011827626	0.001719103	0.0044499384	0.0037397577	0.00040920143	0.007210918	0.023788609	0.0089120325	0.0049345237	0.0006021615	0.0018622865	0.0006429299	0.0018622865	0.025090849	0.008401033	0.0035697438	0.0013221834	0.0004402364	0.0012038397	0.0018701409	0.00019318867	0.00036448476	0.0011288751	0.00045854604	0.0011288751	0.002482305	0.00047069337	0.00033099702	0.002482305	0.00057439075	0.0018856226	0.0016928439	0.00015775845	0.00040904345	9.660888e-05	0.0011910144	0.0012276027	0.00064467714	0.007123732	0.0006210267	0.0007856169	0.00082937663	0.0015365486	0.0002324786	0.0013396121	0.00032359007	0.0060396767	0.00043449755	0.000118694676	0.0013784885	0.00024123002	0.00048788034	0.0036916602	0.0010021925	0.0020338683	0.0051516844	0.00015655528	0.0051516844	-19.226428985595703
s06e05a	305.0	5.0	0.77836293	0.77836293	0.0040814183	0.075365186	0.0011588179	0.00083993917	0.004720327	0.0007306374	0.0010799926	0.07391365	0.0008204171	0.00028393886	0.003304457	0.0034285919	0.0025903385	0.002900044	0.002080154	0.0010116531	0.00014371451	0.0008093436	0.016651073	0.012797023	0.0036358451	0.008241423	0.004215368	0.008241423	0.047202896	0.002056289	0.0006560904	0.00042986378	0.0003172395	0.00061443914	0.0013647908	0.0003582853	0.0003408499	0.0040442017	0.00095548556	0.0040442017	0.00092515745	0.00046374643	0.0011755242	0.00092515745	0.0018358479	0.0018134329	0.0037475885	6.9805574e-05	0.00025383552	0.00033133233	0.00092596695	0.0011792998	0.00070430525	0.018333474	0.0015247863	0.0068396013	0.0011613795	0.0019079972	0.002165858	0.027545312	0.00023495205	0.00038518975	0.0020115287	0.00011589437	0.0014270045	0.00065147213	0.0017125476	0.012260068	0.0005000889	0.0022790344	0.0012890471	0.00020275812	0.027066331	-19.66552352905273
s06e05a	310.0	5.0	0.8138832	0.8138832	0.01690299	0.2662423	0.00036048537	0.0007745351	0.003492487	0.0018372114	0.0028813959	0.0050197733	0.0006463517	0.00027396213	0.004115013	0.0023061035	0.00074918685	0.00022397304	0.0007730932	0.0014744651	0.00020254675	0.0011044702	0.004500849	0.0028104738	0.0014660513	0.0023483504	0.0011402207	0.0023483504	0.043675475	0.007337039	0.0020919552	0.0008188102	0.0007812161	0.00072128297	0.0026165883	0.0004609052	0.00036904513	0.0026041635	0.0011788062	0.0026041635	0.0007083555	0.0010469252	0.0009815487	0.0010469252	0.0004671265	0.0039025557	0.0046316525	0.00021894735	0.00015880133	0.00062447955	0.0017573527	0.00035548315	0.0017847209	0.0016078341	0.0007628989	0.003273815	0.0014247749	0.006650534	0.00082245335	0.00775313	0.00019095806	0.0011677481	0.0042614974	0.00018707522	0.0063330256	0.0008252894	0.0002627158	0.0007520936	0.0009914302	0.0044517214	0.0015847877	0.00025189956	0.015005182	-19.397371292114254
s06e05a	315.0	5.0	0.8667889	0.8667889	0.013199909	0.019159265	0.0004202536	0.0019328807	0.14260517	0.0011631864	0.006069894	0.011308447	0.0014689448	0.0007874825	0.002910819	0.0040260786	0.0037982808	0.0023778556	0.0029724594	0.0022031635	0.004140589	0.018900605	0.05616912	0.05616912	0.0014780964	0.0053398204	0.0006927027	0.0053398204	0.08968928	0.007180865	0.003700266	0.0012032704	0.00037716338	0.0009486755	0.0027448835	0.0004894184	0.00027940745	0.0014460903	0.0014403282	0.0014460903	0.0036830206	0.0015617581	0.0009069899	0.0036830206	0.00063107745	0.002539049	0.005310789	0.0005749352	0.00092463876	0.00041881224	0.00850375	0.0014867937	0.0028030507	0.014576221	0.0011479127	0.0023116725	0.000722929	0.002062549	0.00030849155	0.0011909907	0.00028488517	0.0010022661	0.00044974717	0.00050572935	0.0018080582	0.00096264353	0.0023760758	0.005574374	0.0010632728	0.007921152	0.002610063	0.00034832818	0.019278226	-20.838314056396484
s06e05a	320.0	5.0	0.8566453	0.8566453	0.0028230262	0.15016165	0.0003117206	0.00051973766	0.0011955963	0.0016342385	0.0030908142	0.05033152	0.00012820816	0.00023660007	0.0065456466	0.006502329	0.0010830897	0.00089539506	0.0044179484	0.00030829778	0.00028679063	0.0011945001	0.008260501	0.0051536276	0.008072466	0.0014870911	0.0006749057	0.002446747	0.07131747	0.002252996	0.0005714434	0.00041440796	0.000325344	0.00038725862	0.0020627268	0.0009437006	0.00056978216	0.0015422564	0.0004028046	0.00048610853	0.00022250226	0.00019588247	0.00014175115	0.00022250226	0.0015755316	0.0006705748	0.0077521214	0.0004670163	0.00052779075	0.0007675882	0.0042458265	0.0021229219	0.0010097779	0.015970215	0.0005414862	0.008785452	0.0022501969	0.0018321484	0.00094798434	0.001941693	0.00078967895	0.0007207233	0.0006114621	0.0006578564	0.006242206	0.000581966	0.001499862	0.0019998148	0.0021193458	0.031535856	0.0013771907	0.00089682906	0.006242206	-21.78569984436035
s06e05a	325.0	5.0	0.7100595	0.7100595	0.05596565	0.007695961	0.00043085928	0.0026649802	0.22527842	0.00046009227	0.0026132031	0.0024462454	0.00030546976	0.0005396872	0.0026354487	0.003174867	0.00061484246	0.0012834241	0.0026387298	0.0006910003	0.022091744	0.008108931	0.009128104	0.0055161756	0.0044143926	0.026636535	0.0030479888	0.026636535	0.035817053	0.007081251	0.0036863605	0.0016471839	0.0007220825	0.0014309487	0.0034245977	0.00046494283	0.00023352494	0.0026151673	0.0023009323	0.0026151673	0.0077151824	0.0035189379	0.0006377301	0.0077151824	0.0008315979	0.0051903776	0.010457928	0.0013639429	0.0019749561	0.0010122012	0.04221323	0.0017176674	0.0033977423	0.0038641782	0.0003905899	0.0008860936	0.0014989475	0.0010209584	0.0005357979	0.002703668	0.00054225913	0.0016262974	0.0003160555	0.001819828	0.0028991369	0.0013716983	0.0010857178	0.003160566	0.0004901794	0.008478121	0.0013347225	0.00014649161	0.020437572	-17.60284423828125
s06e05a	330.0	5.0	0.12917568	0.12917568	0.0013746237	0.0013042265	0.00043771518	0.030522704	0.0021373183	0.0005006999	0.09213826	0.0019239463	0.00028666842	4.0141364e-05	0.0008317216	0.009677626	0.00028467286	5.1779156e-05	0.0014800583	0.000857378	0.03771681	0.01752648	0.0031890874	0.0024581978	0.00094405725	0.007760554	0.0028538974	0.007760554	0.78178555	0.120594814	0.07443254	0.00027851356	6.914952e-05	0.0007349499	0.048777338	0.00040351503	0.0067064734	0.001576498	0.0014768245	0.0008230923	0.009020774	0.0043846215	0.00019517067	0.009020774	0.00028767792	0.019060174	0.016353853	0.00035486996	0.0006416362	0.00033677137	0.0007532843	0.008523984	0.0013303547	0.0023114407	9.245304e-05	0.0018306726	0.00024179765	0.00039544058	0.0009804509	0.00023722374	7.782567e-05	0.00046623126	0.00014456197	0.00019597923	0.00068776263	0.0005097431	0.0013409422	0.010840393	0.0002546903	0.007741532	0.0014588436	2.9413184e-05	0.016339147	-19.24337577819824
s06e05a	335.0	5.0	0.011939815	0.011939815	0.0001522203	0.0002841097	0.00021760023	0.000981028	0.00010979885	0.00034148252	0.02396292	0.00036693027	0.00016645077	0.00013901247	0.0007806907	0.0018090379	0.0003816283	0.00016073421	0.00023074377	0.00032744944	0.0006116492	0.0006712685	0.002339804	0.00082809094	0.002339804	0.0013289099	0.0006310293	0.0013289099	0.84773386	0.41647938	0.36812887	0.0006645246	0.0004498158	0.0009913094	0.12554672	0.00065624865	0.011238413	0.0020858054	0.0007743204	0.0016306846	0.0013595206	0.001325353	0.0007222521	0.0013595206	0.00037099814	0.0015173742	0.0020883756	0.0002765634	0.0018851892	0.00018049293	0.0011468426	0.0011429415	0.00047828726	0.00024028315	0.00029961605	0.0012543962	0.0004733171	0.0004926719	0.00020337578	0.00024178335	0.00043305522	0.00050763634	0.00032744848	0.0005110172	0.00056542683	0.0006596869	0.0005860785	0.00073346694	0.0006044849	0.0024009622	0.00061083067	0.00043200486	0.009732808	-19.729921340942383
s06e05a	340.0	5.0	0.40361273	0.40361273	0.013481257	0.0076348186	0.0003484398	0.00088372634	0.008295277	0.0007158107	0.005547144	0.0037248817	0.0001993087	0.00022359003	0.000817317	0.010948754	0.003501879	0.00042390413	0.0010549889	6.549392e-05	0.00951589	0.013666081	0.013160284	0.013160284	0.0031418337	0.003611153	0.0062550264	0.0062550264	0.64354163	0.09427963	0.058300093	0.0044015567	0.0021558602	0.0033838924	0.0069586136	0.0036820476	0.0016052459	0.013965497	0.0058334116	0.013679393	0.017166015	0.016353317	0.0036513223	0.017166015	0.0029263964	0.036115054	0.049080536	0.0039496664	0.012022067	0.00083042594	0.023930755	0.0055097337	0.002253827	0.0012118939	0.0011008421	0.0034016892	0.001932443	0.0022579548	0.00024699466	0.0022813473	0.0028184177	0.005090693	0.0018071196	0.001445554	0.003193131	0.0009315312	0.0018697628	0.0013153796	0.0041721123	0.05136732	0.0024122775	0.0006116233	0.005078172	-22.565837860107425
s06e05a	345.0	5.0	0.19325167	0.19325167	0.000911659	0.00020041628	0.00032592673	0.00040818923	0.0003498324	0.00044010842	0.0015578247	0.0023983605	0.00022124377	4.5164903e-05	0.0004629735	0.004062213	0.0011867225	0.000112737376	0.00089057203	3.805532e-05	0.00022686613	0.002172177	0.0048880028	0.0030503743	0.0005210427	0.0014449952	0.0036602553	0.015038307	0.029791242	0.0031718656	0.0013260122	0.0007403976	0.00010970497	0.00048698086	0.0012499708	0.0006141493	0.00014708845	0.09814645	0.09814645	0.04667134	0.017539417	0.04730596	0.014996993	0.04730596	0.013419262	0.2462263	0.054083377	0.004001458	0.0011666485	0.0010247119	0.0062298775	0.022393852	0.0015579344	0.06743616	0.00024429476	0.011543042	0.00058198906	0.00016396737	0.00018396534	0.00014034756	0.0141449375	0.0016200953	0.0002024558	0.00028528422	0.00505388	0.0036873254	0.0025872986	0.0028369306	0.0023370385	0.01205353	0.0007390044	0.0011058848	0.02106193	-25.99250602722168
s06e05a	350.0	5.0	0.765598	0.765598	0.021019785	0.004764452	0.0003010058	0.0016973206	0.036248162	0.0028324353	0.0010776935	0.0033889634	0.00067733886	0.00031398743	0.0030454367	0.018674478	0.0038033414	0.0005738356	0.0017679123	0.00079240056	0.005953456	0.028298665	0.015686972	0.015686972	0.0018194339	0.0022964748	0.0011613646	0.21793664	0.1656044	0.0063521294	0.0016230257	0.0005302884	0.00022410376	0.0005124535	0.0036816613	0.00019106096	0.0005656462	0.0044157426	0.0044157426	0.0014817563	0.0067790076	0.0051123756	0.00041184534	0.0067790076	0.0028084244	0.029359633	0.0033963558	0.0013956479	0.000948259	0.00032362647	0.0041940287	0.006154383	0.00076063804	0.024097987	5.702901e-05	0.0025412391	0.000819312	0.0004728391	0.00016360723	0.011074019	6.125574e-05	0.0004248536	0.00014847914	0.00055475003	0.0015483717	0.0009789161	0.0020983885	0.01177292	0.0012955342	0.023996675	0.009083655	0.00011563959	0.14190026	-21.454256057739254
s06e05a	355.0	5.0	0.82527465	0.82527465	0.017117763	0.009521757	0.00037396065	0.00051016355	0.0033763957	0.00028485886	0.0009928042	0.009015405	0.00018973244	8.3512045e-05	0.002698562	0.14620619	0.0025743137	0.00019746914	0.0010734709	0.0004157305	0.0011761246	0.011889287	0.0924011	0.0074029015	0.0027786489	0.0016852113	0.0019123608	0.0023752102	0.06889447	0.0064413124	0.0027884594	0.0008475896	0.00051719876	0.0005925493	0.0016772776	0.00045874648	0.00039516872	0.010360668	0.010360668	0.007839026	0.005394329	0.0040804995	0.0016990514	0.005394329	0.0059926617	0.07000157	0.019266434	0.0013984125	0.0007455344	0.00042187257	0.006842245	0.012598478	0.002291921	0.043961417	0.0005301183	0.020060612	0.00095665205	0.0006860612	0.00022360646	0.0022142385	0.00018021469	0.001088078	0.0003139165	0.00023596275	0.012037844	0.0014216249	0.0020906904	0.005808598	0.0010378225	0.03251578	0.0022007506	0.00037735704	0.020102758	-23.310136795043945
s06e05a	360.0	5.0	0.75340664	0.75340664	0.030157562	0.031370215	0.0001487427	0.0017615837	0.12395866	0.0009895383	0.0023642248	0.005642625	0.000533224	0.00033904763	0.0018559033	0.005534519	0.001620137	0.0019241542	0.003022922	0.00054572173	0.015813582	0.019522356	0.012076082	0.0057604187	0.0012040627	0.0037354114	0.0012896003	0.0037354114	0.06243303	0.0083803935	0.0039697783	0.0013782955	0.00043753578	0.0012278343	0.0024150328	0.0003914635	0.00023540814	0.026108619	0.009377828	0.026108619	0.024458313	0.012336088	0.00427062	0.024458313	0.002372781	0.024234962	0.017085101	0.0049216254	0.0023347382	0.0008760581	0.016328206	0.0086546	0.0084738135	0.0036848686	0.00025270492	0.0016687781	0.0015869199	0.0018667192	0.00033845066	0.0022705141	0.00059298036	0.0011655793	0.0003854987	0.00045266873	0.0044808825	0.00089049904	0.001984623	0.0031669273	0.0012431069	0.018771002	0.0029712417	9.514444e-05	0.009860423	-20.087963104248047
s06e05a	365.0	5.0	0.7930702	0.7930702	0.03510123	0.0068751965	0.00037131482	0.0011291826	0.0031398854	0.00085100427	0.00069802045	0.0018174648	0.0010864545	0.0003643062	0.0073740366	0.011776134	0.0010553715	0.0002701042	0.00067309046	0.00065227016	0.00084940187	0.04156869	0.012041288	0.006262097	0.002212657	0.0018130721	0.0047191978	0.0047191978	0.03950339	0.004802361	0.001399605	0.0006052243	0.0002899941	0.0006093256	0.0020375166	0.0004605328	0.00016219282	0.05250094	0.034174737	0.05250094	0.050160162	0.06485928	0.00835645	0.06485928	0.0042346464	0.08250302	0.02965083	0.01000996	0.0018764033	0.0010554483	0.0057502408	0.007118749	0.0021418058	0.0096555045	0.00011693819	0.002092457	0.0006834848	0.0019774598	0.0001256877	0.004529457	0.00027021675	0.0009343001	0.0010607415	0.000567204	0.004337482	0.0009028121	0.0055032396	0.0032516287	0.0013900276	0.03402416	0.0020942918	0.00020681036	0.010519969	-21.671611785888672
s06e05a	370.0	5.0	0.8377778	0.8377778	0.015463553	0.0075916476	0.00023441817	0.0025489186	0.100187086	0.002996767	0.0024001137	0.002019631	0.0018956602	9.8076765e-05	0.0073947213	0.021112308	0.0048871166	0.0018437558	0.0010915358	0.0010967808	0.001685878	0.010370784	0.006716923	0.0033835964	0.001452575	0.0012440858	0.00039875327	0.0012440858	0.05521262	0.0049214712	0.001545384	0.00033476972	0.00042353856	0.00026838813	0.0026179524	8.641778e-05	0.00027077383	0.0014394931	0.0014394931	0.0009551675	0.0020685145	0.0017260769	0.00018200927	0.0020685145	0.0009635676	0.0067813965	0.0022363437	0.0004056322	0.00033070968	0.000209284	0.0028963126	0.0016999275	0.00199885	0.18002611	4.0465482e-05	0.019433346	0.0006797813	0.0008173173	0.00014325918	0.0028617445	0.00012681852	0.00038917494	0.000101943835	0.00017923703	0.002191224	0.0007638828	0.004860299	0.023212455	0.0008058548	0.04496676	0.008276414	0.0001073167	0.44444242	-20.118616104125977
s06e05a	375.0	5.0	0.5651802	0.5651802	0.002599925	0.009725485	0.0027468812	0.0028301845	0.0027458144	0.0017188436	0.012280712	0.02036637	0.00017963002	0.00011147161	0.0011233118	0.0020696486	0.00049880065	0.0005069018	0.00036299057	0.0002765062	0.0015408973	0.0023613495	0.0029982105	0.0029982105	0.0019017298	0.012612556	0.002443059	0.012612556	0.7146917	0.18112342	0.12621568	0.0009627728	0.000368177	0.0007343083	0.08079594	0.0014374767	0.005979862	0.0017264558	0.0011339551	0.0017264558	0.0028277566	0.0037950901	0.0010415015	0.0037950901	0.0002964061	0.0042155697	0.007924521	0.0007217302	0.0010004672	0.0011042337	0.0028275629	0.001042678	0.001608452	0.00091577385	0.00069791236	0.0014074576	0.001162664	0.0028988158	0.0032729886	0.0018582623	0.00026698827	0.0013071477	0.00060222787	0.0005513495	0.0016685479	0.0042442787	0.0019629903	0.0028314	0.0007693384	0.0047545005	0.0025830115	0.00029678302	0.0071199085	-21.40776824951172
s06e05a	380.0	5.0	0.8692521	0.8692521	0.005435291	0.36329436	0.00052356307	0.0009548864	0.0015157864	0.0017958721	0.0015779787	0.033268213	0.00031029974	0.00029771964	0.0017542152	0.0031814296	0.0014853687	0.0002905714	0.0008104796	0.0005501657	0.0002901603	0.0029752064	0.00684757	0.0058969697	0.001243631	0.003223906	0.0017270343	0.003223906	0.04905921	0.00288659	0.00089562073	0.00044722183	0.00062908913	0.0004152829	0.0016107186	0.00059121626	0.0004618763	0.0033285744	0.0025080768	0.0033285744	0.0034859974	0.0030480712	0.0006353153	0.0034859974	0.0018125803	0.008687509	0.014382465	0.00069242815	0.0002902613	0.0015947905	0.0029052636	0.0010465044	0.0036074745	0.0010416008	0.000660904	0.000886803	0.0013161929	0.0041998224	0.005154329	0.055519264	0.00014910212	0.001149439	0.0017025968	0.00036731665	0.009518862	0.0008102059	0.0005146889	0.0003461805	0.0007766001	0.007432987	0.0010369166	0.00028252334	0.009518862	-20.212556838989254
s06e05a	385.0	5.0	0.85526824	0.85526824	0.030822594	0.14595085	0.0005016744	0.003598739	0.028240366	0.0014274	0.0013685576	0.004217492	0.000508079	0.00043176915	0.006195673	0.005082638	0.00095496007	0.0010292757	0.00058558345	0.0005340984	0.0024654532	0.025110533	0.01134423	0.0085489005	0.00249452	0.0035128284	0.001933164	0.0035128284	0.07333463	0.004055478	0.0010582493	0.0004957786	0.00012350311	0.00054378546	0.0021589026	0.0001754626	0.00030769818	0.0031425776	0.0018193377	0.0031425776	0.001846082	0.0029706173	0.0007422641	0.00353489	0.0012745211	0.0036686135	0.01818254	0.0031852215	0.00055532565	0.0021954107	0.005810152	0.0011769701	0.0024680546	0.0035336055	0.00020888688	0.00089334766	0.0012438453	0.004602467	0.0015715663	0.006838957	0.00020248262	0.0012661284	0.0001640038	0.0003627128	0.0012144292	0.00039587548	0.0018248309	0.0016005216	0.0014044557	0.003372893	0.004548175	0.00014136323	0.007901159	-21.04566764831543
s06e05a	390.0	5.0	0.88121766	0.88121766	0.054520234	0.015782079	0.0018554882	0.0034117785	0.1346893	0.0015786128	0.0021967764	0.0038571367	0.0010451523	0.00021359895	0.003190276	0.005795192	0.00081285596	0.00078435946	0.0010087029	0.0010959671	0.0033203093	0.024443008	0.007090732	0.006654202	0.0035064546	0.018070858	0.005304571	0.018070858	0.18525988	0.012276628	0.0037141896	0.00080620043	0.00022189043	0.0011427255	0.0020682937	0.00037449237	0.00080168975	0.0021995008	0.0007154778	0.0021995008	0.003009512	0.0013919378	0.00050726195	0.003009512	0.0007909148	0.006095872	0.010096014	0.0008116811	0.00061377656	0.0009584959	0.0033631774	0.0016429267	0.002714402	0.007968495	0.0005865437	0.0010433835	0.00072801573	0.007421755	0.0006291857	0.002760187	0.0005425151	0.0008289949	0.0014608024	0.00059634075	0.0029126075	0.0013729235	0.0009006818	0.0013446388	0.0016297122	0.0036796292	0.003266412	0.00012457352	0.003266412	-20.04901885986328
s06e05a	395.0	5.0	0.67557085	0.67557085	0.018469896	0.0056299665	0.0005765161	0.0030276708	0.09940047	0.0016661761	0.001732901	0.0015799933	0.0002894168	0.0003654175	0.00080611976	0.0022138783	0.0015025451	0.0008661769	0.00073250436	0.00061371987	0.0035615445	0.28602165	0.004078847	0.0026152446	0.002571553	0.002229811	0.0017250583	0.002229811	0.03485746	0.0068207434	0.0038578147	0.00065859576	0.00025401468	0.0010510029	0.002781151	0.00037612068	0.00030731093	0.0029435374	0.0029435374	0.0014233881	0.009056531	0.006080922	0.00057949184	0.009056531	0.0011962103	0.019806182	0.015376701	0.002377998	0.00073869457	0.0006847366	0.007148747	0.001603712	0.007138841	0.0034550764	4.4269036e-05	0.00036046904	0.001145221	0.0012220675	0.00021324489	0.0007006747	0.00023883278	0.001050563	0.00017833606	0.00055813644	0.0013692961	0.00061779446	0.001959815	0.0013629185	0.0007440623	0.010919149	0.0007763814	0.0002959151	0.001959815	-22.209806442260746
s06e05a	400.0	5.0	0.87405205	0.87405205	0.035941284	0.0070981896	0.00039591434	0.0025698594	0.31500188	0.00075475767	0.0020023296	0.00073912163	0.00066201284	0.00020880364	0.0016406539	0.0047602803	0.0027776964	0.00035492916	0.0012929104	0.0043923594	0.0054585603	0.0430851	0.022200752	0.0035689706	0.0022597	0.0098790955	0.0017901388	0.0098790955	0.043625977	0.004772705	0.0024434682	0.00037721122	0.0003036605	0.00058071903	0.0021123025	0.0010729812	0.00019212379	0.0022816272	0.0018033991	0.0022816272	0.0062334975	0.0048934426	0.0005988132	0.0062334975	0.0009412523	0.0120337	0.016436955	0.0014043961	0.00058816123	0.00068259396	0.011174943	0.0008069221	0.02744092	0.008224499	0.00021183364	0.0007104513	0.0011365105	0.0068251863	0.0007411699	0.00289072	0.00075712876	0.0006735464	0.00026804217	0.0008471879	0.0023605174	0.003365731	0.0019005166	0.0019140181	0.001802818	0.008429765	0.0015710936	0.0003307141	0.0136186965	-20.677947998046875
s06e05a	405.0	5.0	0.8090436	0.8090436	0.010731295	0.20891967	0.0011865557	0.003187899	0.06273307	0.0047544013	0.0019970976	0.034312285	0.00041967828	0.00036995977	0.0012181667	0.0034651123	0.003514675	0.00087467936	0.0022902002	0.0021241058	0.0033700846	0.0250747	0.006081804	0.0035208361	0.0013272959	0.0038358965	0.0010829959	0.0038358965	0.09083194	0.008977144	0.0020122575	0.0012750098	0.000543508	0.0020798638	0.004618352	0.0006068072	0.0008937513	0.002514583	0.0012512661	0.002514583	0.0074699847	0.002407552	0.00056421605	0.0074699847	0.00057303574	0.0038590427	0.005133987	0.00064439146	0.0007087951	0.0013506808	0.0048260055	0.0009780877	0.0015173996	0.002575896	0.0013564897	0.0007465079	0.0009999531	0.0047727507	0.005714197	0.010271603	0.00024042593	0.0012235857	0.0010032391	0.0002096337	0.002421197	0.0006942006	0.00081883586	0.0011732795	0.0008315496	0.0045126323	0.0031135045	0.00031175985	0.0031135045	-19.30573463439941
s06e05a	410.0	5.0	0.82197326	0.82197326	0.049523596	0.029727232	0.0002625578	0.0009293601	0.0016580975	0.00061310246	0.0067697093	0.0007193311	0.0023059477	0.00024208275	0.0036368866	0.0025423586	0.0009217234	9.735444e-05	0.00057603774	0.00057131244	0.00032272312	0.0018011618	0.0020926502	0.0020926502	0.00088851916	0.0035670905	0.0008789887	0.0035670905	0.064675294	0.01136292	0.004791075	0.0012323621	0.00043789254	0.00101022	0.0047677727	0.0004964394	0.0006401776	0.0015934395	0.00084415916	0.0015934395	0.00073217636	0.0005082885	0.00051388127	0.00073217636	0.0013842164	0.0038969265	0.003061498	0.00014070721	0.00014460196	0.000590299	0.0010215295	0.00069515425	0.0010851315	0.0037698739	0.00094512635	0.0042990674	0.00088157126	0.018553223	0.00048107753	0.005380935	0.00020239982	0.0010995724	0.0017961389	0.00019757687	0.009235233	0.0014860916	0.0011377665	0.0034323786	0.0008231033	0.0031424863	0.0015317913	0.0002619165	0.019662678	-19.266817092895508
s06e05a	415.0	5.0	0.86432904	0.86432904	0.049315892	0.01754535	0.0006369872	0.0037931476	0.11537391	0.0013330474	0.0016287675	0.0007891054	0.0005254744	0.00047182493	0.002820057	0.011127426	0.0016497783	0.00023992466	0.0007236521	0.0009041258	0.0040866276	0.05592844	0.0039173067	0.0039173067	0.001577384	0.0021888858	0.0013446362	0.0021888858	0.08915601	0.012981867	0.006356396	0.0010992022	0.0004309104	0.001240354	0.0073850886	0.00040589637	0.00050360814	0.002275023	0.002275023	0.0010814726	0.0034080157	0.0044475985	0.00030274934	0.0047706445	0.0009616448	0.012617176	0.0063004345	0.0012296846	0.0006518659	0.001369921	0.0052567013	0.0009867784	0.0016370573	0.0027297281	0.0006035742	0.0006788077	0.00060960645	0.004893911	0.00044692543	0.005476448	0.00034180595	0.0010593901	0.00050643244	0.00029719048	0.003730205	0.0020966767	0.001720457	0.0011224893	0.0015676648	0.0069970232	0.0023440912	0.00022937327	0.004081949	-19.626096725463867
s06e05a	420.0	5.0	0.8686657	0.8686657	0.055787615	0.014338782	0.00042553904	0.0031781527	0.19010158	0.0015174819	0.0018382077	0.0011321715	0.0005518287	0.0002565078	0.003575765	0.0023155492	0.004288428	0.000751364	0.0018040352	0.0010879315	0.004491633	0.020675551	0.0028855337	0.0028855337	0.0011160446	0.0009880154	0.0009045321	0.00227569	0.07006572	0.011324502	0.009043548	0.0007675378	0.00036104303	0.0009004252	0.0063367174	0.0007381285	0.00046899417	0.00276323	0.0026597057	0.00276323	0.013990472	0.006322801	0.0003339623	0.013990472	0.0010890565	0.012798909	0.020916864	0.0032459435	0.001892778	0.0011722825	0.003400482	0.002172515	0.0030392	0.005593242	0.0006498205	0.0011619504	0.00073534506	0.006294637	0.00096834305	0.021427805	0.0003826188	0.0013686018	0.0010440726	0.00024076016	0.002336923	0.002772952	0.0013226961	0.0034030797	0.001944669	0.012441737	0.002197094	0.00020445953	0.0048596514	-20.616992950439453
s06e05a	425.0	5.0	0.86548656	0.86548656	0.012625473	0.08848855	0.020013802	0.0011032242	0.00920079	0.017381608	0.11248185	0.031493917	0.0007066022	0.0007349558	0.0051024896	0.00055036397	0.0009425949	0.0005736505	0.0042413794	0.00026365754	0.0002081689	0.0011113749	0.00977777	0.00977777	0.0017630332	0.0028882914	0.0030400672	0.0044508893	0.022949865	0.032078218	0.0048232493	0.0009310263	0.00045001198	0.0010304359	0.0010891986	0.00020887332	0.0002307803	0.0012745362	0.00063371495	0.00055058434	0.0011292391	0.00056731544	0.00021678286	0.0011292391	0.00047105626	0.0021790888	0.003367347	0.00014486762	0.00021873035	0.00010663284	0.0006310624	0.00088019186	0.00043916673	0.001687492	0.0002693795	0.0015439801	0.00023318187	0.0039591305	0.00045411807	0.0061616437	0.00028250556	0.00068843877	0.004197665	0.0014447254	0.0020230957	0.0009843516	0.00039001767	0.00078682613	0.00037299664	0.0039730263	0.0011528016	0.000658075	0.0031020865	-19.24024200439453
s06e05a	430.0	5.0	0.8592245	0.8592245	0.012552335	0.17442486	0.0005299311	0.0021876437	0.078809455	0.0009820735	0.0021085266	0.014375896	0.0010762376	0.0008859155	0.0009000006	0.0029982533	0.0020136253	0.001253289	0.0023077629	0.0021442664	0.007895188	0.023243332	0.015572773	0.0034233576	0.0011720625	0.0020312064	0.0009334036	0.0020312064	0.09932564	0.009964341	0.003670547	0.0017610001	0.001097043	0.0013320309	0.003574447	0.00088213	0.0009173183	0.0020332742	0.0006799502	0.0020332742	0.0037688012	0.0010112576	0.00038896667	0.0037688012	0.00048565157	0.002810506	0.0044810274	0.00049452664	0.00031534248	0.0017201196	0.0036505093	0.0006658597	0.0024085348	0.0033963008	0.00085785653	0.0009143261	0.00068646803	0.005896611	0.0010058067	0.0047203046	0.00036969443	0.0017769032	0.0047330954	0.00030205568	0.0014881032	0.00040921412	0.00036832565	0.00078998005	0.0010852235	0.004202545	0.002533383	0.00013104804	0.002533383	-19.178691864013672
s06e05a	435.0	5.0	0.7239992	0.7239992	0.010702065	0.002834812	0.00086314225	0.0019251123	0.12275426	0.00088174175	0.00511444	0.001861489	0.0011279861	9.987944e-05	0.00063714903	0.0027241237	0.0012664528	0.004051245	0.0030014361	0.00097606156	0.006454295	0.003185335	0.03200273	0.001043996	0.0005655694	0.0018089439	0.0010366796	0.0018089439	0.6414898	0.0205201	0.007183116	0.001090189	0.00073153473	0.0008627573	0.005837644	0.0028000788	0.0036973928	0.0009659874	0.0009659874	0.0008228657	0.0043237805	0.001537661	0.000107841224	0.0043237805	0.0016024773	0.009085651	0.043104425	0.00034475903	0.0025017764	0.00019168829	0.00061792287	0.006695613	0.011887327	0.0021493707	0.00040867084	0.0017996997	0.00071806053	0.0053989873	0.000241599	0.0008524151	0.0020675028	0.005852374	0.0010687211	0.00012281281	0.0016230505	0.0011022793	0.001754606	0.004006176	0.0020137413	0.0052242526	0.005611154	0.00021009933	0.005611154	-19.392038345336918
s06e05a	440.0	5.0	0.15929012	0.15929012	0.0011941408	0.0024795497	0.10498472	0.006439945	0.0020613885	0.01359049	0.1544592	0.13629372	0.00021061698	0.000113166476	0.0018291144	0.0004686085	0.00047720657	0.00041336793	0.0033756143	0.0013050833	0.001152632	0.0027833802	0.07410228	0.0021816657	0.07410228	0.0012128443	0.0031635389	0.0031635389	0.6442692	0.041240886	0.025747864	0.0020685499	0.0005234231	0.0019720597	0.017820157	0.0012600758	0.007963694	0.0015202601	0.00076561695	0.00053531013	0.0010621774	0.0009566716	0.00028138034	0.0010621774	0.0002892935	0.0013471171	0.0045703747	0.00014872839	0.00015516485	0.0001626534	0.00078528834	0.0010765694	0.0007011911	0.00071056845	0.00017250575	0.0012142244	0.00034621533	0.00096550386	0.0005754264	0.00013365914	0.00047962586	0.00017811448	0.0006734591	9.234828e-05	0.0011603986	0.00054387935	0.0015342166	0.0024477888	0.00023316276	0.0015995185	0.0038367368	0.00020933148	0.009545793	-23.531795501708984
s06e05a	445.0	5.0	0.8869532	0.8869532	0.011632506	0.015771795	0.0022184986	0.0070658927	0.022470407	0.003526155	0.0013481298	0.11931769	0.00057133555	0.0002717965	0.0036131933	0.0023918846	0.002702344	0.003032616	0.0011522258	0.0010553236	0.0011052634	0.148044	0.015720477	0.0073044025	0.015720477	0.0017953465	0.001078677	0.0017953465	0.103928626	0.0036097034	0.0011429568	0.0005104024	0.0002527946	0.0008848146	0.002258998	0.00018934008	0.00037976287	0.0011299886	0.00091723964	0.0011299886	0.0074445773	0.0013156546	0.00027425456	0.0074445773	0.0015198434	0.0032263247	0.0040314915	0.0003414418	0.00046760164	0.0003979241	0.0019506987	0.0028716854	0.0014924428	0.0022721565	0.0002670267	0.00063617784	0.0003759328	0.0030280366	0.00039711202	0.0008507505	0.00016364452	0.00091082207	0.0005344226	0.0002092846	0.0013849495	0.00037215257	0.0019045704	0.0019832407	0.0005955095	0.01152664	0.0017521615	0.00045869753	0.0019832407	-21.756816864013672
s06e05a	450.0	5.0	0.8989394	0.8989394	0.0051451265	0.0572446	0.00029476595	0.0013017104	0.008982873	0.0010473616	0.0005752041	0.03231988	0.000294221	0.0004781279	0.0029260695	0.0068186824	0.0022839003	0.00027331224	0.00064859295	0.00068656093	0.00047536194	0.027744891	0.02185263	0.0050961785	0.0013577174	0.0015918919	0.001645498	0.002574213	0.06450223	0.0039221975	0.00094733195	0.0012121571	0.0005233004	0.001010133	0.0010517015	0.00025021704	0.0002728259	0.007878257	0.0014883846	0.007878257	0.015378058	0.0021434787	0.0005931683	0.015378058	0.004522696	0.0049831658	0.0029593334	0.0003473516	0.00017805606	0.001255023	0.0007791196	0.0026656254	0.00088820845	0.0020080062	0.00082108495	0.0015419495	0.0024067801	0.0029280987	0.0026946855	0.0094026085	0.00015902348	0.0011967078	0.0003743441	0.00014189423	0.0032110782	0.0006510876	0.0003419151	0.00085471314	0.002707232	0.025823785	0.0017532501	0.00022231224	0.027195528	-19.76150131225586
s06e05a	455.0	5.0	0.73425967	0.73425967	0.04772926	0.0031436174	0.00012673764	0.0022426813	0.21747597	0.0005268945	0.0011113305	0.00066566677	7.984719e-05	0.00019320102	0.00095571554	0.0024554622	0.0011037741	0.000535427	0.0031495045	0.001373306	0.024692865	0.04303124	0.005243135	0.0012963291	0.002423996	0.0022248111	0.0002781492	0.0057334313	0.032654706	0.0121299485	0.005246976	0.0009758031	0.00060266134	0.0010197933	0.0067659146	0.00035464403	0.00055067043	0.004902844	0.004902844	0.0027480246	0.015931362	0.017296042	0.00056488684	0.017296042	0.0014955328	0.016353745	0.027962161	0.0071042543	0.0010636182	0.0007963238	0.0151255	0.0026426618	0.0072517814	0.009347034	0.00021843483	0.0008578104	0.00082249095	0.0019925798	0.00046613484	0.00090228027	0.0008294611	0.0017140915	0.00034789974	0.0004432271	0.0028202396	0.0011104014	0.0020239872	0.0036491079	0.0017325215	0.007857934	0.0016850886	0.0002302708	0.010151606	-19.87877082824707
s06e05a	460.0	5.0	0.7930651	0.7930651	0.013359408	0.001571193	0.0010444964	0.0018029329	0.009874045	0.0005748481	0.00065218814	0.003491531	0.0005420984	0.0001179147	0.005372841	0.013636245	0.00027761405	0.0004954998	0.0015098009	0.001040843	0.0013766807	0.024355149	0.019376002	0.0011162024	0.001970116	0.00472845	0.001673173	0.00472845	0.15247793	0.0060747233	0.0015333097	0.00022157752	7.130482e-05	0.0007344437	0.0060148146	0.00013345716	0.000344322	0.0034384942	0.0034384942	0.0024962197	0.003021432	0.0042972695	0.000816258	0.0042972695	0.0035202405	0.012714973	0.011871907	0.0018826122	0.00080853805	0.00044977656	0.0022937877	0.002928679	0.0007685712	0.22478257	0.0004922532	0.029816912	0.00093259156	0.0021526816	0.0007831533	0.00044144285	0.00025756843	0.0013652251	0.00022839167	0.00020587939	0.0022005183	0.013028526	0.021135597	0.03415404	0.001518809	0.008572726	0.0027662169	0.0002619582	0.15852611	-19.902271270751957
s06e05a	465.0	5.0	0.7155224	0.7155224	0.021309737	0.007918061	0.0005915894	0.0015462796	0.0034072823	0.0008477297	0.0021586264	0.0034673293	0.00036267148	0.00016626027	0.012696842	0.008607365	0.0006036729	0.00018425235	0.0017027078	0.00072109635	0.0005332947	0.007133816	0.01817617	0.005186469	0.0012463881	0.0102422675	0.00258425	0.0102422675	0.06352142	0.00815574	0.0037962804	0.0004958464	0.0006105295	0.00071803865	0.0077646715	0.00037701277	0.00032313133	0.002784148	0.0023014697	0.0009315845	0.00096029654	0.00092283764	0.00037895946	0.00096029654	0.003615752	0.0058177584	0.00555849	0.00030524822	0.0004657975	0.0006040936	0.0012289715	0.0023046264	0.0013237458	0.049651843	0.0010056717	0.021777565	0.0048412383	0.013741777	0.00037052858	0.0046777716	0.001176914	0.0012405467	0.0036937268	0.00018629679	0.009772513	0.0045851762	0.0065050432	0.025957573	0.0036466173	0.0044701663	0.0034721866	0.00025988472	0.16989474	-20.61917304992676
s06e05a	470.0	5.0	0.8286441	0.8286441	0.03415156	0.012336838	0.0002716869	0.00225174	0.21141751	0.0008012658	0.0027952695	0.0005371264	0.0002572771	0.00024465978	0.002323218	0.002166842	0.003477201	0.0003031797	0.003813925	0.00044734613	0.014316143	0.014883848	0.002134435	0.002134435	0.00047877987	0.0019178158	0.0003016545	0.0019178158	0.021122579	0.008790058	0.0045251637	0.00086132647	0.00023282063	0.0004900187	0.0023971025	5.119742e-05	0.00011013903	0.00029183071	0.00027082392	0.0001503515	0.0016140753	0.00047296533	3.2729567e-05	0.0016140753	0.0005470492	0.0023851276	0.0017294621	0.00023528899	0.00035345764	0.00019065349	0.0016693932	0.000518621	0.0005974905	0.013663839	7.547178e-05	0.0036136312	0.00041009957	0.0027699722	0.00030026174	0.0004356777	0.0002466024	0.000745187	0.00032359193	0.0002094331	0.0012266454	0.00039028845	0.00016852222	0.005244625	0.0001886722	0.010344904	0.0020447	0.0001320674	0.014701816	-19.84372329711914
s06e05a	475.0	5.0	0.79401594	0.79401594	0.014699228	0.015622106	0.00030376067	0.00042329522	0.0009338417	0.00029184602	0.0011740141	0.00106383	0.0004490275	0.00018565186	0.0061907484	0.0016179311	0.00031476788	4.5649922e-05	0.00043762109	0.0002233103	0.00021360508	0.0017002659	0.0012426091	0.00095449254	0.00086037413	0.0017245961	0.0005539097	0.0017273246	0.032536764	0.0066892635	0.0023864054	0.00087551563	0.0005828789	0.0013648154	0.0028452424	0.00017634415	0.00022776928	0.0015673215	0.0008091743	0.0009529668	0.0006225176	0.0003944987	0.00024237794	0.0006225176	0.0018478542	0.002537722	0.006417422	0.00039295177	0.00037646573	0.0012006772	0.0010343741	0.00063251413	0.0014635168	0.008266116	0.0008603422	0.0070771757	0.003063388	0.006401482	0.00054624263	0.0020653973	0.00036855342	0.0013182384	0.003504862	0.00011887454	0.007195205	0.002132355	0.00039569306	0.002248292	0.0005629572	0.0037959698	0.0013740794	0.00018995543	0.06874357	-18.937911987304688
s06e05a	480.0	5.0	0.9017561	0.9017561	0.18375097	0.03186209	0.00062402466	0.0017719639	0.007522541	0.002251498	0.0018818723	0.0005486544	0.00041215736	0.00014934046	0.0028213032	0.0032180853	0.00030067482	7.300992e-05	0.00059742364	0.0004516771	0.00039824157	0.0016605178	0.002609666	0.0010112879	0.00059086893	0.0017363838	0.00059912144	0.0052951896	0.024241298	0.006803612	0.004517296	0.0008870785	0.0004320751	0.00077291374	0.0024528028	0.0007995299	0.0002017553	0.0026602938	0.0008476392	0.00081272825	0.0007605202	0.00071745727	0.0002052592	0.0007605202	0.0003463733	0.0033442543	0.0023047577	0.00028310387	0.00014340105	0.00050355465	0.0008566231	0.00037467183	0.0012144662	0.002621209	0.00029736478	0.0019517406	0.0009205469	0.0126338145	0.0007526371	0.0023461105	0.0005010761	0.0017688535	0.0029162546	0.00010424185	0.0066984957	0.0037018168	0.00075382	0.00027540696	0.00039092608	0.003882274	0.0018867619	0.00021407053	0.019353338	-19.779979705810547
s06e05a	485.0	5.0	0.8612299	0.8612299	0.15622121	0.006933777	0.00026193573	0.004074493	0.30112013	0.0011757968	0.002418905	0.0029475216	5.1070438e-05	0.0003365133	0.0003976437	0.0013405298	0.0022851285	0.0007691717	0.0026728814	0.00069180684	0.008777076	0.1376666	0.0044909036	0.00041722346	0.0044909036	0.0007548616	0.00037637047	0.0010380148	0.009799725	0.0033526628	0.00291773	0.0006074535	0.00033045816	0.00096065534	0.0021860402	0.00031842335	0.0002806968	0.0010757621	0.0010757621	0.00050507655	0.0027011312	0.0024280492	0.00020411437	0.0027307915	0.0006941427	0.0045962194	0.0071147196	0.0013889928	0.00030560145	0.00051469484	0.0033870344	0.0009068535	0.0023651437	0.003674345	0.00021634264	0.0012154452	0.0006713648	0.0011456307	0.00021223939	0.00093535107	0.00045653846	0.00060846115	0.00020502332	0.0003251034	0.0013650039	0.0015367417	0.00076181645	0.0014306293	0.00080195296	0.0026697794	0.0015179464	0.00017884643	0.0018016323	-19.7114372253418
s06e05a	490.0	5.0	0.8132355	0.8132355	0.061893564	0.008412023	0.00086134294	0.003405364	0.1819548	0.0008599726	0.009795765	0.0008511125	0.0011158793	0.0005138495	0.0011079246	0.0017723342	0.00090145576	0.00043466984	0.0010820163	0.000606754	0.0133925155	0.0055056256	0.002829213	0.002638273	0.0012096588	0.014639568	0.0017468076	0.014639568	0.11051178	0.024537597	0.0058258283	0.0023942261	0.00058178883	0.0017739648	0.0065870783	0.00029846423	0.000957522	0.0008678458	0.0005137454	0.0008678458	0.0025475975	0.00080866984	0.00015035622	0.0025475975	0.00059793144	0.0027029172	0.0022187573	0.00040153673	0.0010097745	0.00077530753	0.0028172869	0.00060965726	0.0012565713	0.0027434833	0.0002949324	0.00061644876	0.0009503641	0.004860438	0.00021422878	0.0010622598	0.0010326983	0.0010893719	0.00052644825	0.0002472411	0.0013348032	0.0012500273	0.00066095876	0.0011180302	0.00036414023	0.003995715	0.0026252687	0.000152728	0.0026252687	-19.90768241882324
s06e05a	495.0	5.0	0.8512742	0.8512742	0.032975577	0.0075483415	0.002130637	0.0008742777	0.0061867717	0.0009540842	0.0012264234	0.001480957	0.0035473125	0.00018754975	0.016656876	0.0054832436	0.0101843225	0.00013017537	0.00096143543	0.0014966391	0.00047180091	0.0010266012	0.09726108	0.09726108	0.005112623	0.007821811	0.0043198452	0.007821811	0.19016412	0.013029152	0.0027840342	0.0008949631	0.0018468255	0.0014516071	0.0054423353	0.00038110078	0.0007729182	0.0014134672	0.00040949837	0.0007771842	0.0010987389	0.00027732993	0.00022256358	0.0010987389	0.0015365982	0.0021298523	0.0018333958	8.951606e-05	0.00050382136	0.00065479585	0.0013954757	0.0016315582	0.00080726587	0.004648954	0.0013603411	0.005909674	0.002004556	0.011822259	0.000517673	0.012290971	0.0009188592	0.0007469758	0.0027801502	9.595389e-05	0.008397899	0.0025250486	0.0004707912	0.0025310344	0.0008633161	0.008767518	0.0018367926	3.4478806e-05	0.024896378	-20.30376625061035
s06e05a	500.0	5.0	0.6744603	0.6744603	0.006168141	0.05846274	0.0003077017	0.0011803316	0.0019736446	0.0008483463	0.008489473	0.039260723	0.00019555737	0.00022966036	0.0043185367	0.011370233	0.0013802134	0.00012765554	0.014664115	0.0008444299	0.0007580356	0.0012918931	0.0042441315	0.003074709	0.0012883684	0.0012908987	0.0013512508	0.0018017697	0.0578878	0.0038010657	0.0021111015	0.00038038936	0.0002404101	0.00069049635	0.0025663455	0.0010643192	0.00043608656	0.0015251762	0.0012670223	0.00043300074	0.0011651902	0.0005326995	0.0001499865	0.0011651902	0.0009010062	0.0044060973	0.004008553	0.00012306086	0.00025306756	0.0006314038	0.0019761606	0.0010050768	0.001229108	0.07847906	0.0011820485	0.19045122	0.0027608185	0.0011666451	0.0024375094	0.0033442765	0.00018383224	0.0013184877	0.0013450416	0.0005162811	0.0013439211	0.0019456004	0.00063028943	0.01910569	0.0006790247	0.014705908	0.0056470977	0.0006370631	0.14794818	-19.08999252319336
s06e05a	505.0	5.0	0.8039013	0.8039013	0.009237633	0.04717016	0.00011793033	0.0007948035	0.010155925	0.0006145469	0.00095570274	0.010065864	0.0009712693	0.00018478105	0.0023714392	0.0072733196	0.0005599153	0.00029247164	0.0017826374	0.002565207	0.0017804973	0.0036302044	0.035578962	0.0014412516	0.0009889628	0.0012412074	0.000411171	0.0018633186	0.07302525	0.0026143566	0.0011910087	0.0004377469	0.00049395894	0.00056644605	0.001485578	0.00018399584	0.00036383263	0.0056981537	0.0056981537	0.004692086	0.007412421	0.008000935	0.00070522673	0.008000935	0.0036076868	0.010577982	0.009269643	0.0007884361	0.0006715715	0.0007172569	0.0024101762	0.004748565	0.0022054466	0.027534816	0.00033747876	0.0064713308	0.0008057193	0.0038557923	0.0033509042	0.002665192	0.00029033906	0.0012381986	0.0007429414	0.00022697281	0.003724841	0.00089359033	0.0028248872	0.008313093	0.0052460157	0.04685715	0.0024785758	0.00029989268	0.07209721	-20.37364196777344
s06e05a	510.0	5.0	0.8808887	0.8808887	0.013003569	0.06384734	0.0001821058	0.0012097008	0.22443654	0.0005260156	0.0013032437	0.002749899	0.00034772928	0.00032730398	0.0017208002	0.0010392062	0.0045400346	0.000864679	0.0010489469	0.00085329404	0.0010378037	0.030493228	0.008626633	0.0014047995	0.0022615993	0.001997106	0.0008879395	0.0020882287	0.0792571	0.0053647896	0.002545289	0.0017561568	0.0006187733	0.0020888457	0.0016020348	0.00040483524	0.0005627378	0.0020180754	0.0013290263	0.0020180754	0.0034641938	0.0020599745	0.0004389838	0.0034641938	0.0009417825	0.0051349415	0.005292518	0.0006742149	0.0006256832	0.0006148859	0.0035913428	0.00063509017	0.0044301907	0.006542927	0.0019173896	0.0022351684	0.0009533692	0.0039701024	0.000836869	0.004048593	0.00074108946	0.00066454103	0.0010983638	0.0004213071	0.0013586825	0.0011675924	0.00016942578	0.001424414	0.0026886489	0.006624467	0.0033665565	0.00024747697	0.0033665565	-21.375476837158203
s06e05a	515.0	5.0	0.7656691	0.7656691	0.058837418	0.013161962	0.0002854099	0.0059671355	0.12522343	0.00035986802	0.005275893	0.0029214115	0.00017882528	0.0005565656	0.0014184909	0.0017525911	0.00092300907	0.00082183094	0.0056700935	0.0004136462	0.011467332	0.022134509	0.0017908487	0.0017908487	0.0009518897	0.0044712466	0.00084231637	0.0044712466	0.13280554	0.031916782	0.0104837185	0.0011742512	0.00037464377	0.000739808	0.006595024	0.00048900757	0.00052803376	0.0016671624	0.0009174585	0.0013326742	0.0035940127	0.0024792335	0.00026546963	0.0035940127	0.00046562523	0.0028683655	0.0034646876	0.0010101801	0.00081827893	0.0008067399	0.005000218	0.00063601235	0.0010085338	0.012441343	0.00017765872	0.0023246738	0.00066961366	0.0026917192	0.00039702668	0.0014242667	0.00025418232	0.0023773252	0.00037033856	0.0003502794	0.0016362657	0.0005535252	0.0004847576	0.0034841541	0.00050824345	0.0045180423	0.0039369497	0.00023024248	0.020548703	-20.33050346374512
s06e05a	520.0	5.0	0.7827861	0.7827861	0.016264426	0.0022627132	0.0005000217	0.0023894748	0.0022165617	0.0013987562	0.0064840475	0.0022813494	0.0011288589	5.4991386e-05	0.0028081709	0.009930149	0.0010693495	0.00022570087	0.0011764758	0.0008656353	0.0015899348	0.006577301	0.009654903	0.009599804	0.001648406	0.009715328	0.005392843	0.009715328	0.6348846	0.08372694	0.0681606	0.0020495981	0.00021708361	0.0015225426	0.0059276824	0.0016133623	0.0025485875	0.023448443	0.023448443	0.013673282	0.010277445	0.044730876	0.003872962	0.044730876	0.0032914958	0.13088442	0.052452147	0.00090996065	0.0006303272	0.00013227058	0.0026168444	0.00758269	0.003670873	0.003345561	0.00021941715	0.0023509513	0.0004110901	0.00085691334	8.3440325e-05	0.000796831	0.00019769256	0.00092528004	0.00015625553	0.00019437193	0.001354428	0.0014329336	0.003925474	0.0044320226	0.00079760887	0.011555279	0.005261746	0.0001270394	0.007998555	-21.949188232421875
s06e05a	525.0	5.0	0.83726734	0.83726734	0.052522767	0.006826922	0.0003337414	0.001473129	0.010527075	0.0004512614	0.000748013	0.0018826895	0.0006750482	0.0003121197	0.0023633703	0.0686291	0.0006720329	0.00023696173	0.0009206289	0.00078647083	0.0014608859	0.050574195	0.017861197	0.008586317	0.0010038409	0.004093958	0.0030966676	0.0042315875	0.08451961	0.0107162	0.0028266595	0.000764402	0.00040455573	0.0008074374	0.0033844407	0.0004081581	0.00022080775	0.03268655	0.021142928	0.03268655	0.018743228	0.03074299	0.005431807	0.03074299	0.006607507	0.053258937	0.009638062	0.0026547355	0.00059332233	0.0010057191	0.0028756724	0.005753838	0.0018475561	0.011372882	0.00021008289	0.0039716945	0.00068537926	0.0015596553	0.00014990929	0.0030491669	0.0002507647	0.0011390266	0.00017036471	0.00038110875	0.0038808081	0.0012776477	0.0050212643	0.00848765	0.0024811812	0.041593898	0.004405213	8.964206e-05	0.12398874	-20.6644344329834
s06e05a	530.0	5.0	0.7343095	0.7343095	0.05229867	0.017281573	0.00030464408	0.0018013256	0.14140433	0.00075724104	0.0030322429	0.0009145065	0.00013289195	0.000103555365	0.002312229	0.008545115	0.0036434017	0.0005535236	0.0023959638	0.00082134205	0.00366065	0.046576697	0.0067022378	0.0038158277	0.001197202	0.0014170671	0.00029031304	0.0014170671	0.058854435	0.0078093023	0.0029173514	0.0006546563	0.0001503578	0.0004237062	0.00188706	0.00019467277	0.00014870826	0.0063963654	0.0063963654	0.0020504333	0.0052135256	0.011932982	0.0006327782	0.011932982	0.0010732102	0.03001855	0.03152195	0.008082181	0.0014194037	0.000438742	0.023752697	0.0028402952	0.0026489757	0.023050109	0.00023510377	0.003709811	0.0005842795	0.0013110022	0.00033301453	0.0012722773	0.00052875426	0.0011269152	0.0004788584	0.00026473208	0.0015561018	0.0007880259	0.00094031694	0.0046647377	0.0012719228	0.004848837	0.0036113914	0.00014202662	0.027409595	-20.816051483154297
s06e05a	535.0	5.0	0.78332204	0.78332204	0.009754415	0.0016633144	0.00055504096	0.0013653426	0.003984389	0.00040481886	0.0006134149	0.0018068969	0.0004011702	0.00013320887	0.0011325221	0.21470429	0.0013321254	0.00010961065	0.0009605881	0.0005079744	0.0030220626	0.02723108	0.097135104	0.004007015	0.0010960182	0.0022011697	0.0008036646	0.0045880894	0.1578549	0.0087829195	0.0020756233	0.000625963	0.0002042419	0.00091905403	0.0035070928	0.0001781498	0.0006493364	0.008216611	0.008216611	0.004669436	0.0027351673	0.0046255975	0.00051586673	0.0046255975	0.006651615	0.015199766	0.012896455	0.0014100616	0.00097099587	0.00080732204	0.0049724574	0.0072893053	0.0020353477	0.023352982	0.00021798024	0.008811092	0.0008308427	0.00038936327	0.00034698885	0.0029825666	0.00019974589	0.0018081762	0.00018719512	0.00043088512	0.010832184	0.00171366	0.0021271706	0.0043942947	0.00030337257	0.05530467	0.0017541619	0.00012554445	0.1283312	-22.634376525878903
s06e05a	540.0	5.0	0.7787502	0.7787502	0.01079983	0.00068861595	0.00070377724	0.00031238314	0.0026915069	0.0018109307	0.0007854013	0.003546537	0.0004108599	0.00017392183	0.0024591861	0.005022258	0.0012386529	0.00014125825	0.00035667332	0.00046528425	8.185506e-05	0.0025614542	0.012594279	0.008261274	0.0031614134	0.0029902575	0.0037242416	0.0037242416	0.10160716	0.0054257466	0.0017048157	0.00067275565	0.00030279436	0.00054119935	0.0011711636	0.00012732585	0.000309078	0.1254319	0.1254319	0.008774475	0.057232913	0.18587182	0.0030207052	0.18587182	0.0009635542	0.49022806	0.0035367096	0.0009400146	0.00031797588	0.00039661129	0.0017481969	0.0018098302	0.00035345525	0.0032618186	7.5628544e-05	0.0012412481	0.00095296727	0.0003919426	8.332376e-05	0.003195073	0.00015807345	0.0008881582	0.00027942343	0.00062104175	0.0021663196	0.002564653	0.0006708043	0.001875381	0.0003940567	0.07157719	0.0005081393	0.00018376477	0.0036039369	-22.92673110961914
s06e05a	545.0	5.0	0.79531205	0.79531205	0.032702897	0.003487545	0.00061693776	0.0010617226	0.2952716	0.000587578	0.0032403574	0.0016619301	0.00029193703	0.00016918556	0.0025618675	0.0056339265	0.001386821	0.0007327323	0.0019327356	0.0033646629	0.0018720387	0.012583901	0.019963296	0.0010133176	0.004094806	0.003789358	0.00064927235	0.003789358	0.10047351	0.008957845	0.0032525703	0.001056866	0.00053346244	0.0012113462	0.00485656	0.00029180624	0.00052323204	0.04741157	0.02048445	0.04741157	0.035997815	0.037770145	0.017832112	0.037770145	0.0019089726	0.045959372	0.010296763	0.0018292887	0.00093163236	0.0002249129	0.022404555	0.0028233887	0.0062901825	0.010228737	0.00010411123	0.00353167	0.00085969234	0.0038402337	0.00020243187	0.0004842269	0.0008386876	0.00068554987	0.00023249145	0.00093413366	0.004637807	0.001062277	0.001226521	0.0033545943	0.0022501037	0.026634067	0.0022760753	0.00014140771	0.013192531	-20.48392868041992
s06e05a	550.0	5.0	0.7374481	0.7374481	0.029282117	0.0072504734	0.00038577628	0.0008183351	0.002157186	0.00022469171	0.0006436853	0.0021373343	0.0003433391	0.00018467447	0.0022587809	0.029447107	0.0021027345	8.271173e-05	0.0007863093	0.000539311	0.00051656837	0.004198181	0.012201631	0.0057142996	0.0013168788	0.0044741705	0.0029843282	0.0044741705	0.11844949	0.010543413	0.003581594	0.00086285686	0.00026264242	0.0010620822	0.0036715216	0.00047377165	0.00047699033	0.11027308	0.11027308	0.049637664	0.018005801	0.106097415	0.017580664	0.106097415	0.0016366537	0.2681257	0.011678009	0.0016406727	0.00045446536	0.00081883866	0.004601598	0.006163761	0.0012366482	0.0060689477	0.0008802665	0.0029220725	0.0018054328	0.0011535177	0.00016210545	0.0033559357	0.00013220236	0.00089443446	0.00026256655	0.0005422798	0.0040672435	0.0012568862	0.0023670876	0.0019143953	0.0023074632	0.030986596	0.00334732	0.00017684528	0.0051746806	-19.922786712646484
s06e05a	555.0	5.0	0.85138416	0.85138416	0.048078578	0.010728339	0.00013840696	0.006644338	0.08028864	0.00077436096	0.0032022079	0.0015720356	0.0013927214	0.00027558187	0.0070174513	0.022420788	0.005400708	0.00024447325	0.0032075364	0.00091325	0.0045544985	0.030326726	0.027541246	0.0035168368	0.00074191124	0.0013271304	0.00041197785	0.0018490903	0.025042793	0.0055235783	0.002669034	0.0009835267	0.00027571592	0.00064171816	0.0012776636	0.000152274	0.00015752576	0.0060031777	0.002533013	0.0060031777	0.0043812613	0.0036191056	0.0015193152	0.0043812613	0.0021608616	0.0067408374	0.007758113	0.0010375541	0.00031578745	0.0004498057	0.0042410414	0.0037016142	0.002080216	0.015739895	0.0001915385	0.0017698675	0.00063672743	0.001684366	0.00023824054	0.0028721606	0.00043539182	0.0008511129	0.00020912242	0.00020106282	0.0021859508	0.00083437836	0.0006901302	0.0044243457	0.0011179956	0.009502192	0.0060437517	0.0002648288	0.02607032	-19.53524208068848
s06e05a	560.0	5.0	0.8525815	0.8525815	0.014807513	0.029051812	0.00024354033	0.0012192485	0.0007118182	0.00059699645	0.0017013524	0.001932993	0.0003145645	0.00037792066	0.0017575107	0.018007066	0.0016402799	5.5793123e-05	0.0004934723	0.0017522406	0.0005549264	0.013209756	0.016365193	0.004974312	0.0012372507	0.0031938658	0.0019325203	0.0031938658	0.1309167	0.008296603	0.0027236314	0.00076051295	0.00049170805	0.002075254	0.0030298452	0.00033784396	0.0006171154	0.030817645	0.0146391345	0.030817645	0.005006418	0.012358552	0.006751433	0.012358552	0.004644153	0.027772581	0.029585343	0.0018931202	0.0009925559	0.0017052483	0.003478915	0.0052238386	0.004331412	0.0067307376	0.0003632038	0.0033267823	0.0011505531	0.0041236435	0.0004602114	0.008492082	0.00027741693	0.0012409857	0.0003647418	0.00038820083	0.004883086	0.0018410499	0.0028406843	0.0035324336	0.0026018717	0.020679075	0.0019314435	0.0002333885	0.0099249	-19.890968322753903
s06e05a	565.0	5.0	0.7663983	0.7663983	0.0016137202	0.0007160914	0.00013131948	0.0005382713	0.0023971403	0.0019602776	0.00027280173	0.0019969218	0.0004354375	6.635461e-05	0.0010081135	0.018719237	0.003089172	0.00017780886	8.472164e-05	0.0002108728	5.3544103e-05	0.009092553	0.06171671	0.011028212	0.0016026931	0.000935033	0.0008166985	0.000935033	0.109796554	0.0028837835	0.00045023556	0.00023969462	0.00016018037	0.00034259088	0.00066126685	0.0001712396	0.00012294545	0.011689027	0.011689027	0.0080767395	0.007263734	0.013726166	0.0009630197	0.013726166	0.004749102	0.025277048	0.027832143	0.0019277161	0.00046736276	0.00030209168	0.001985939	0.005061936	0.0017788096	0.0045473613	6.990736e-05	0.0006611014	0.00054604147	0.00045510003	5.810612e-05	0.0069244257	0.063458	0.0009101567	0.00010456701	0.0003480112	0.0026218274	0.0019113855	0.0053751166	0.0054124133	0.0058536557	0.03979375	0.0038115599	3.2415435e-05	0.12930173	-21.270301818847656
s06e05a	570.0	5.0	0.83926475	0.83926475	0.011234275	0.0019067499	0.00020250774	0.0001926532	0.0014592758	0.00019772178	0.0002682068	0.0010250718	0.00020329126	9.203039e-05	0.003652839	0.102220155	0.0049849227	2.8654462e-05	0.0005160246	0.00017959783	0.00048129194	0.0021691788	0.22023863	0.0037529205	0.00082449114	0.0024918255	0.0023734686	0.007765869	0.076090634	0.0039597023	0.00095695746	0.0003987624	0.00014039816	0.0003770498	0.0027409329	0.00012530261	0.00020339614	0.015035714	0.010409066	0.013628108	0.002421279	0.003183057	0.0014925288	0.003183057	0.00911027	0.018693669	0.0088201165	0.00057434913	0.0013861259	0.0009954472	0.0022915048	0.009824488	0.0010638605	0.025158618	0.00041202834	0.016245645	0.0013232802	0.0008681828	0.00021390569	0.0024252834	0.00075637666	0.0013784525	0.0005184868	0.0002259543	0.0030255516	0.0027176125	0.0038531045	0.004680725	0.0006844446	0.066611156	0.0034830966	7.173313e-05	0.059185714	-20.73106384277344
s06e05a	575.0	5.0	0.6798892	0.6798892	0.010595343	0.0030010485	0.00013356334	0.0029251252	0.11561552	0.003677253	0.004971271	0.000948118	0.0022000985	5.2481333e-05	0.0006191839	0.0019224735	0.0025444634	0.0005099924	0.0029403737	0.00065682054	0.0044129738	0.012455928	0.008303095	0.0012722834	0.00035844414	0.0030669065	0.00077950914	0.0030669065	0.047690157	0.010596303	0.005941469	0.0008375567	0.00037457558	0.000591405	0.0034745962	0.00014498108	0.0002383228	0.016457543	0.016457543	0.0029790986	0.015719092	0.03490188	0.00066253636	0.03490188	0.0011560649	0.09733355	0.08842276	0.0013535905	0.0005657422	0.00029090513	0.0042339633	0.004085684	0.046634767	0.018941734	0.00028266478	0.0029031083	0.00086615223	0.0005942233	0.00052783	0.0010643571	0.0013959509	0.00045596543	0.0002562096	0.00010169595	0.0019057846	0.0012489264	0.00033750094	0.0069760666	0.00038206766	0.014747219	0.0039151306	0.00037734825	0.015516375	-20.237207412719727
s06e05a	580.0	5.0	0.8580793	0.8580793	0.0017237788	0.240697	0.00246886	0.00034584105	0.005303897	0.0045728288	0.0011546947	0.11891071	0.00012214058	0.00033693804	0.0009096825	0.0021926276	0.001089097	0.00028680323	0.0011164342	0.0005731098	0.0001803223	0.00036311135	0.013476096	0.013476096	0.0073866444	0.006541192	0.004408129	0.006541192	0.13245961	0.007847969	0.0019265641	0.00063091866	0.00050304685	0.0005524465	0.0017543071	0.0037319276	0.00072652	0.002238429	0.00089758995	0.002238429	0.0013924862	0.0005545687	0.00051040604	0.0013924862	0.0006640564	0.003382894	0.008166786	0.00014284234	0.00031935	0.0014097495	0.0014025304	0.0011262756	0.0015500475	0.0009914681	0.0006930745	0.000543269	0.0014103613	0.005120796	0.0034799944	0.016404925	0.00011802798	0.0011391535	0.0033547524	0.00015916106	0.0044123624	0.00022042196	0.00035593688	0.00038038683	0.00040455244	0.0043300567	0.00062125694	0.00019209064	0.0044123624	-20.688087463378903
s06e05a	585.0	5.0	0.8151833	0.8151833	0.009814107	0.18534888	0.0012741456	0.0013680051	0.06183863	0.0019891595	0.0024922215	0.011836963	0.00024098107	0.00021968887	0.0142254	0.002408206	0.0017322311	0.0012151019	0.0018887365	0.0016236379	0.001011259	0.005492433	0.0730387	0.0017625265	0.0021741777	0.0022728897	0.0004841508	0.0022728897	0.040114366	0.003416045	0.0012992474	0.0008240607	0.00016641982	0.0007982787	0.0019224791	0.00016762542	0.00019473347	0.004120627	0.0039753406	0.0028800948	0.0033925164	0.0060600517	0.0006517041	0.0060600517	0.0014741388	0.0052497047	0.009691762	0.0009330853	0.0011740889	0.00083437003	0.0056359675	0.001133244	0.0037015895	0.0047556083	0.00055133214	0.0020030588	0.0012860094	0.002160337	0.0016670949	0.006029523	0.00075023965	0.0020629694	0.00020397411	0.00047484614	0.0019290175	0.0018740847	0.00042874168	0.0010388814	0.002340815	0.0038510256	0.0036244087	0.0001761247	0.009294724	-19.854454040527344
s06e05a	590.0	5.0	0.8498687	0.8498687	0.0085358	0.02451564	0.00019811997	0.0016668164	0.05047638	0.0004880553	0.0029835748	0.006114737	0.0007091924	0.00010621787	0.0018768776	0.0031846024	0.00082035136	0.0006251572	0.001947342	0.00027995784	0.00062584487	0.002524502	0.00158436	0.00158436	0.0005472059	0.0009929223	0.00043840002	0.0009929223	0.0279036	0.005459417	0.0011469846	0.0003904937	0.00012666987	0.00025107426	0.010642917	0.0001753335	0.0002599063	0.002106137	0.0012047786	0.0017897264	0.00018847515	0.00045620892	0.0014940539	0.00045620892	0.002214876	0.0010589169	0.002717517	0.00028885307	0.0003856895	0.00022810875	0.0015414754	0.00065079855	0.00040953897	0.15786804	0.0011410677	0.0279187	0.00039782605	0.0005126081	0.00095218635	0.007910015	0.00023688673	0.0004708336	0.00043208332	0.00014421172	0.0006661609	0.0020207777	0.025889112	0.063394494	0.00087584107	0.0064238436	0.0014245469	0.0003993275	0.063394494	-20.025096893310547
s06e05a	595.0	5.0	0.82138765	0.82138765	0.0053949077	0.11952067	0.00028577854	0.002082618	0.0713397	0.0003819519	0.0021193095	0.019952733	0.0003413266	0.00044300893	0.0010650286	0.0022119314	0.003657208	0.0035868816	0.0018576249	0.0012293508	0.003929451	0.0052676615	0.054302733	0.0051601636	0.0018532993	0.008665583	0.0011946919	0.008665583	0.059918158	0.004699541	0.0019547252	0.0010495676	0.0007637773	0.001059044	0.0030845148	0.00045301556	0.00067927875	0.0067165405	0.001709726	0.0067165405	0.008111918	0.002276842	0.001369945	0.008111918	0.0008822212	0.0040210993	0.011962401	0.0006996678	0.0010605919	0.0004917521	0.016848752	0.0020913053	0.01031353	0.0030257686	0.0006524735	0.0025563317	0.0016617799	0.0030497902	0.0015283856	0.0021992812	0.0005841158	0.0014083687	0.0011211284	0.00057949935	0.0025072503	0.0012129494	0.0008713507	0.00095328287	0.0011384148	0.009802327	0.0015653201	0.00018915297	0.005067806	-19.44800567626953
s06e05a	600.0	5.0	0.88505363	0.88505363	0.045867298	0.033206057	0.00064317905	0.003787328	0.04969392	0.0040835855	0.0014214016	0.0012475116	0.0019369841	0.0007277556	0.0069272197	0.0028026428	0.0020410216	0.00080053625	0.00066565094	0.001941621	0.0019978818	0.06302852	0.002793489	0.002058673	0.0022298575	0.00081885303	0.0009027721	0.0012546219	0.08868366	0.007751142	0.002638785	0.0006963531	0.0003050568	0.00063600694	0.0030645763	0.0005928125	0.00042900065	0.003921581	0.003921581	0.0025267857	0.0061872257	0.013216614	0.0008856876	0.013732164	0.0014059485	0.017131817	0.04998481	0.012413451	0.0027274028	0.002965385	0.008109571	0.0029000798	0.006084105	0.003371887	0.0006616378	0.00053588115	0.00095609215	0.0055045187	0.0007371079	0.007350773	0.00061669556	0.0014702701	0.00072227383	0.0004905148	0.002255056	0.001266486	0.002745835	0.0018945517	0.0037581301	0.0063273273	0.0021731837	0.00084613665	0.0044516795	-19.32305908203125
s06e05a	605.0	5.0	0.8150358	0.8150358	0.011202756	0.19011612	0.0006505229	0.00085860677	0.001962643	0.0024103802	0.0032622062	0.009817286	0.00082536764	0.0005001995	0.0021835682	0.0045154286	0.0017469057	0.0002722945	0.0007665554	0.0006395287	0.00016555077	0.0021373956	0.006163653	0.006163653	0.0012575855	0.0026967213	0.0021412116	0.0026967213	0.106660105	0.0096285315	0.0025433153	0.001521074	0.0017152727	0.0014911976	0.003016508	0.000994045	0.0006413611	0.0030541224	0.0013764197	0.002253815	0.0013039961	0.001122823	0.00061329594	0.0013039961	0.0012919848	0.0051042065	0.007037326	0.0002101985	0.00036909227	0.001432111	0.0011134259	0.00090983283	0.0010427366	0.0014101415	0.001586598	0.0020713825	0.001511281	0.011204102	0.0015308516	0.07272992	0.00029133674	0.0016825189	0.010692578	0.00017357078	0.0055392953	0.0006915069	0.00034785017	0.0011253383	0.0008031368	0.0042107864	0.0016240863	0.0003713966	0.022347016	-20.36647605895996
s06e05a	610.0	5.0	0.8517826	0.8517826	0.015334373	0.078110315	0.00030409187	0.004166242	0.22302231	0.00057006086	0.001961654	0.0047363983	0.00025920867	0.00040754865	0.0018243898	0.001887033	0.0033279227	0.0012499148	0.0026269874	0.0024522077	0.0028516133	0.030433366	0.01982552	0.0054527414	0.0015031641	0.003534638	0.00056300603	0.003534638	0.05949967	0.0059379106	0.0026744201	0.0015900916	0.00040441923	0.001280107	0.0023221173	0.00031649665	0.0005712373	0.001486747	0.00091990165	0.001486747	0.0018148326	0.0013206456	0.0005289148	0.0018148326	0.00059525983	0.0021236956	0.00477578	0.0006979669	0.00045201156	0.00089165627	0.008855116	0.0008745185	0.0041923267	0.004243503	0.0005276474	0.0015454141	0.00080423994	0.0029111067	0.0009036797	0.0036554327	0.0011742366	0.0008844445	0.00081479514	0.00040096106	0.0011628966	0.00039541893	0.00067583675	0.0020306595	0.001014715	0.0024480275	0.0041649467	0.00018316369	0.0041649467	-19.73751640319824
s06e05a	615.0	5.0	0.8311257	0.8311257	0.00917546	0.015035036	0.00067140994	0.00074820337	0.1021227	0.00036664616	0.00071829394	0.0010749272	0.0014353619	0.00042452046	0.003986136	0.005591497	0.0024262643	0.000582204	0.0007030579	0.0066306144	0.0004579199	0.002885074	0.6283579	0.0010683617	0.0035565675	0.007868025	0.00077046716	0.007868025	0.041205373	0.002774011	0.0017739006	0.00060099905	0.0006980278	0.00049678667	0.0013662714	0.00023362161	0.00024256218	0.0017563374	0.0016708409	0.0011570663	0.002159517	0.0014979208	0.00045186057	0.002159517	0.0047102207	0.0074756583	0.008362961	0.00075950514	0.00075910176	0.001162571	0.005218848	0.0007758101	0.0049458994	0.004801593	0.0001783417	0.0016381346	0.0009768365	0.005552039	0.0011804574	0.001375175	0.0005039313	0.0010232574	0.0009450764	0.0013176949	0.005871041	0.0015707788	0.0008545023	0.00043783287	0.0014666233	0.007181623	0.00048117293	4.5317414e-05	0.00854648	-19.211856842041016
s06e05a	620.0	5.0	0.8741178	0.8741178	0.108912	0.023838213	0.0009835145	0.0037835266	0.1729985	0.0008706482	0.005732589	0.0022832344	0.0018796417	0.00053599	0.0011949656	0.0041793617	0.0040627783	0.00051059603	0.0020569046	0.00062610855	0.005858697	0.048666902	0.0061238143	0.0035102973	0.0061238143	0.0026503708	0.0016217468	0.0053449743	0.022827458	0.0045451666	0.0018906965	0.00076141366	0.00035420814	0.00089565106	0.0017423176	0.00021682917	0.00020169876	0.0016159805	0.00055816676	0.00094592455	0.0023018157	0.00068000786	0.00024006446	0.0023018157	0.0008108099	0.0029317578	0.001835652	0.00027854677	0.00044355742	0.00033200806	0.0030313346	0.0024780794	0.0013900441	0.0058943033	0.00063416775	0.0019717144	0.0007332577	0.0019504228	0.0002394251	0.0038712772	0.0008317049	0.0008840923	0.00083909277	0.00053156714	0.0031234496	0.0024795379	0.00047233547	0.0025348484	0.0013314196	0.011314325	0.006885906	0.00014107506	0.006885906	-19.775611877441406
s06e05a	625.0	5.0	0.7345051	0.7345051	0.0067719026	0.003568499	0.004649621	0.0066952417	0.13495463	0.010911181	0.0014620195	0.003111019	0.00088948774	7.4307165e-05	0.01680594	0.0036473642	0.003048109	0.00032316527	0.0027413107	0.0011619482	0.0011881437	0.010849323	0.004011044	0.0006629226	0.0010197933	0.00056138856	0.0001341396	0.00056138856	0.023986632	0.004586173	0.0020136079	0.0007425988	0.00043880497	0.0005886691	0.0040971558	9.836947e-05	0.00022091345	0.00067057734	0.00067057734	0.00052253774	0.0019810372	0.0010695853	0.0001551792	0.0019810372	0.001342661	0.0041372436	0.013208972	0.00026506017	0.00018936662	0.00018494621	0.002521657	0.0018708542	0.0053884075	0.09482938	0.0003867886	0.007983786	0.0006323451	0.0019110688	0.004786898	0.0034173164	0.001469615	0.0007293677	0.00031909283	0.00015425244	0.01031598	0.0076684724	0.0012120093	0.007739928	0.0010098212	0.0032309133	0.0023313975	0.00014571578	0.030359434	-19.55677032470703
s06e05a	630.0	5.0	0.8442714	0.8442714	0.011539806	0.45504308	0.0006647507	0.0004707037	0.0012080923	0.0032159905	0.006989248	0.016619772	0.0003940028	0.00039669676	0.0028498294	0.0023236377	0.0005051519	0.00018236348	0.0020930755	0.00038306694	0.0005408839	0.0010785126	0.010414558	0.010414558	0.003530539	0.0055873785	0.0015129434	0.0055873785	0.031759143	0.0036909413	0.0012654117	0.0007478526	0.00063004135	0.0006595555	0.0010275547	0.0013591134	0.0005070976	0.0037161133	0.0016075555	0.0037161133	0.0012004628	0.0009370664	0.0010550835	0.0012004628	0.0018151444	0.004744547	0.01287224	0.000505347	0.0002220807	0.0012202517	0.0023674897	0.0013591134	0.0028382796	0.00070723105	0.0005408997	0.0010210907	0.00064931845	0.0071431305	0.0008969461	0.007581997	0.00019287743	0.0007364317	0.0017562078	0.00020746846	0.0043919194	0.00050807756	0.00047665264	0.0005969811	0.0006637426	0.00864079	0.0007322814	0.0005498821	0.0043919194	-19.937366485595703
s06e05a	635.0	5.0	0.90315205	0.90315205	0.02944605	0.08970829	0.00024394611	0.0033191515	0.19329637	0.0020315042	0.0012891219	0.00307481	0.00019130486	0.00057502836	0.0013902222	0.0013279489	0.0032410922	0.0027515432	0.0006993012	0.00036924466	0.00090593233	0.033257227	0.0029655823	0.0016909038	0.0029655823	0.0016218749	0.00056182	0.001708853	0.048687745	0.0032265673	0.0014286857	0.000896481	0.00052930263	0.0011304672	0.0013402349	0.00032032176	0.0004194251	0.0010993467	0.0010993467	0.0009080103	0.0027062523	0.00248061	0.00022182504	0.0027062523	0.0007435771	0.0047918344	0.017442191	0.001992574	0.0016423872	0.0014913083	0.0032303112	0.0011671397	0.005402609	0.004115214	0.0011483326	0.0026803266	0.0011465707	0.0020363708	0.0005380138	0.0024531353	0.00046672393	0.0016120756	0.0015264933	0.0006594684	0.0016917395	0.000641303	0.0014088087	0.0021488438	0.0011272975	0.0026292633	0.002609966	0.00022389874	0.0029971474	-21.589223861694336
s06e05a	640.0	5.0	0.7722987	0.7722987	0.036342457	0.020337436	0.0006184558	0.0027855518	0.14823891	0.00097491196	0.0018289125	0.007880174	0.0002454378	0.00023835553	0.0037610624	0.008858334	0.0015482509	0.0006403533	0.004396275	0.00067908043	0.025028715	0.059059545	0.0080207605	0.0080207605	0.0012477172	0.016821507	0.0011906668	0.016821507	0.05523991	0.011777765	0.00287036	0.001074272	0.00030421134	0.0007061374	0.0030872226	0.00030017414	0.0003028677	0.0011503383	0.0005857347	0.0010959202	0.0024886192	0.0008635486	0.00014831797	0.0024886192	0.0007278915	0.0015618957	0.0019578217	0.00042289594	0.00024655517	0.0007417228	0.0008308981	0.0013007647	0.00042759106	0.017555438	0.00021541699	0.0018728123	0.00050299405	0.0016332445	0.0009438921	0.0025106813	0.00038677678	0.0017480903	0.000557112	0.00017830887	0.0012726513	0.0004912599	0.0004904804	0.0024255028	0.00048381957	0.006062827	0.009820198	9.569036e-05	0.04873312	-20.31123924255371
s06e05a	645.0	5.0	0.80647373	0.80647373	0.0111309895	0.026435213	0.0011535601	0.0011586121	0.0051521147	0.0008471411	0.00084341347	0.009788548	0.000327017	0.000112376096	0.004399317	0.031116389	0.0005236656	0.00041951868	0.00089084526	0.00058518234	0.0003318147	0.007834893	0.024729537	0.005476874	0.001370433	0.011426102	0.0064384104	0.011426102	0.052916616	0.0035355804	0.0010390972	0.00036700934	0.00037512538	0.00058173056	0.0033646945	0.00041109556	0.00025450584	0.0045736562	0.0036300786	0.0019387236	0.00096243166	0.0018066983	0.0007740769	0.0018066983	0.0029391046	0.010383021	0.0051362864	0.00042955187	0.0005453185	0.00069909595	0.002317341	0.0031205306	0.00089445495	0.02950353	0.00054966565	0.04620226	0.0016677204	0.002388169	0.0007264238	0.0070476495	0.00026752846	0.00056409324	0.0009291751	0.00013400984	0.0021555054	0.006785849	0.030798584	0.014199733	0.0024500345	0.027518976	0.0033028303	0.00021841546	0.091516614	-20.450023651123047
s06e05a	650.0	5.0	0.8645011	0.8645011	0.050266583	0.025523346	0.00026704633	0.0061884723	0.15103763	0.0019345087	0.0021874553	0.0026682662	0.00071436045	0.00018062654	0.004229233	0.0068054106	0.0025472848	0.0012150968	0.0029172073	0.0010482696	0.02102475	0.054662496	0.005948711	0.0023753028	0.000670065	0.00045864374	0.00073638046	0.00096317794	0.04058905	0.007072335	0.0049897544	0.001169078	0.00028613652	0.00094914297	0.0033357113	0.00033743933	0.0003387331	0.0011628817	0.00086034264	0.0011628817	0.0036868965	0.0015076086	0.00018050635	0.0036868965	0.0007544776	0.004110698	0.011412178	0.00081935845	0.0008508234	0.0004731572	0.0014597671	0.0023341575	0.001812834	0.009828844	0.00034038618	0.0016834657	0.00038827816	0.002756268	0.0003007316	0.004325536	0.00033399413	0.0018185326	0.00030610326	0.0001274274	0.0022741898	0.0008496325	0.0012118535	0.002596617	0.001892433	0.0050646937	0.0055070017	0.00039928048	0.011626466	-19.86298179626465
s06e05a	655.0	5.0	0.8120848	0.8120848	0.09534768	0.014593545	0.00075036613	0.002178103	0.031699605	0.00093872496	0.0011350045	0.0030644322	0.00012718777	0.00033571382	0.0042425017	0.013389207	0.0014341275	0.00021200115	0.0025013625	0.00046608815	0.0022546859	0.0051758173	0.011433403	0.011330952	0.003950858	0.0063292696	0.004018289	0.03664781	0.03730399	0.005352524	0.003017232	0.0006650745	0.00031943008	0.0005775157	0.0026140134	0.00031118435	0.00025675344	0.003247337	0.0009935384	0.0011390673	0.0019910764	0.0006101912	0.00022639596	0.0019910764	0.0015604314	0.00484343	0.0076298737	0.0006968231	0.00062424445	0.0012284402	0.002972998	0.006848978	0.0020714437	0.01886774	0.00047393967	0.009682838	0.0017043565	0.0039394298	0.0006085447	0.0053072944	0.00067892735	0.001051459	0.0006371093	0.000468724	0.012056966	0.0039758617	0.00056652975	0.001256503	0.0008571559	0.01260218	0.0022910873	0.00019209008	0.012056966	-20.69111633300781
s06e05a	660.0	5.0	0.8222222	0.8222222	0.095589	0.0104516335	0.00012393016	0.0033355118	0.27779192	0.00051297934	0.0026672324	0.000995688	0.00012089495	0.0002692809	0.0007052422	0.0022019658	0.0037811084	0.0009271287	0.002055928	0.00050367706	0.006792434	0.069849275	0.004053275	0.004053275	0.003125134	0.0032048116	0.00049361255	0.0032048116	0.05451934	0.010690394	0.006584773	0.0007924311	0.00039341146	0.0011020341	0.0025219808	0.00041988955	0.00032142826	0.00089833606	0.00089833606	0.0006190511	0.0031784156	0.0014854762	0.00022142315	0.0031784156	0.0004867966	0.0063198516	0.006604084	0.0010347259	0.0007709894	0.00072309957	0.004037006	0.001459601	0.003369819	0.0045619	8.679809e-05	0.0017634874	0.001388173	0.0015364607	0.0001417417	0.00055775803	0.00034358093	0.0007306697	0.0002921322	0.0003807068	0.0026410725	0.0007171025	0.0008215999	0.004530285	0.0005448122	0.0019370506	0.0031684479	9.2737624e-05	0.0051647485	-21.01509475708008
s06e05a	665.0	5.0	0.11524219	0.11524219	0.03150015	0.00679758	0.0042916257	0.005106631	0.06913226	0.013809806	0.005488504	0.0024428498	0.0039241468	0.00020616637	0.033426657	0.0031897635	0.0023984953	0.0008753656	0.0057244846	0.0007698603	0.0057977475	0.024487767	0.009249162	0.0031233293	0.002347363	0.002953479	0.0011086974	0.002953479	0.082178205	0.013419963	0.0069338097	0.0012947194	0.00033024023	0.0014533076	0.0025756485	0.001101682	0.00090768636	0.0034386413	0.0014209299	0.00056179403	0.0011828324	0.0012706594	0.0002587632	0.0016773607	0.0017667187	0.00376926	0.019343304	0.0003598632	0.0015591261	0.0024135008	0.0038661428	0.0005916802	0.0061141257	0.016062364	0.0050726193	0.006480596	0.003168138	0.019078527	0.00088437373	0.012476345	0.0001473171	0.0024090207	0.0007570671	0.0012336212	0.0029203226	0.0023301977	0.010884715	0.005934666	0.0046257824	0.0028920467	0.015368386	0.039481506	0.034958664	-32.538124084472656
