episode_id	onset	duration	talking	speech	man_speaking	woman_speaking	baby	shout	laughter	cry	singing	kids	groan	whistling	breathing	walking	mouth_sounds	fart	hands	heartbeat	cheering	crowd	mammal	dog_bark	cat	rooster	duck	bird	music	musical_instrument	guitar	piano	organ	electronic_instrument	percussion	bell	ambient_music	weather	wind	rain	river	wave	thunder	river_sea	fire	boat	car	traffic	car_honk	emergency_vehicle	train	cycling	engine	door	doorbell	knock	dishes	radio_tv	dryer_vacuum	zipper	keys	alarm	telephone	whistle	mechanisms	tools	boom	bang	glass	water	beep	silence	sudden_noise	db
s06e22a	0.0	5.0	0.4437781	0.4437781	0.0013962007	0.0023750407	8.6135835e-05	0.0024320139	0.0004312332	0.0050201304	0.06312524	0.0027218496	0.000614875	4.137716e-05	0.0008512086	0.00026030702	7.194453e-05	0.00037972996	0.00038936327	0.00024802238	0.00013839798	0.0002996032	0.0012418678	0.0012418678	0.0004691706	0.0011011463	0.0005052945	0.0011011463	0.79970425	0.13066338	0.13066338	0.0050930963	0.0004070119	0.0034421138	0.015779503	0.0016614192	0.0071352795	0.00042856493	0.00020603059	0.00042856493	0.000316698	0.00031226492	0.0003488004	0.000316698	0.00018285048	0.00063645566	0.0019651756	0.00012135567	0.0005907656	7.925049e-05	0.0005860212	0.00090493937	0.00028695638	0.00022600451	0.0024634078	0.0002478328	0.00017070945	0.002252415	0.00010159253	8.762466e-05	0.00011894087	0.0010246016	0.0012627381	7.65512e-05	0.00016037445	0.00027897942	0.00030975262	0.0005259354	0.00072512694	0.00077426207	0.0009865805	0.11148354	0.008336752	-20.029830932617188
s06e22a	5.0	5.0	0.8476848	0.8476848	0.0040306514	0.15812457	0.00036349217	0.0009916745	0.0042557954	0.0007134951	0.0019263441	0.024017295	0.00010350778	0.00024267922	0.0015624127	0.0096352175	0.0011630218	0.0004761819	0.0026038056	0.0009622291	0.0003594286	0.0035820075	0.020990618	0.007102506	0.0022701921	0.002140736	0.0012424565	0.0038059496	0.055574976	0.0024979608	0.00099029	0.00066019665	0.000686773	0.00055413356	0.0015417513	0.000533788	0.00045529183	0.013956584	0.012298447	0.013956584	0.010334676	0.010872314	0.0037944107	0.010872314	0.0036163724	0.022800831	0.02799492	0.0026561222	0.0014240531	0.0007256039	0.012905692	0.0062412056	0.006902017	0.020698084	0.00054266554	0.00903949	0.0058302516	0.002406384	0.002050208	0.0045432104	0.0003420315	0.0027258343	0.0013464963	0.000486245	0.0051788087	0.0012644262	0.0020783292	0.005851275	0.0008982769	0.011934203	0.0032201295	0.00024212523	0.053903375	-18.365428924560547
s06e22a	10.0	5.0	0.801888	0.801888	0.004805297	0.40589833	0.00022274231	0.0011801393	0.002356578	0.001554917	0.008240161	0.013326746	4.550957e-05	0.0001482805	0.0008399212	0.0024674195	0.0008055834	5.0898812e-05	0.0030619113	0.0006705767	0.00044443735	0.0016442992	0.0031126477	0.0020394828	0.00076192786	0.002134176	0.00059133006	0.0028053694	0.056237265	0.004402589	0.0015330447	0.00077510584	0.0006292849	0.00061237835	0.001540573	0.000664277	0.0006922216	0.0014279723	0.00082653324	0.0010101348	0.0006341795	0.0005279764	0.00025414114	0.0006341795	0.0012653141	0.002344524	0.0060600922	0.00023587457	0.00021424555	0.0005690131	0.0010425971	0.0004622657	0.0020751117	0.0083612325	0.00085763866	0.012576999	0.003645973	0.002657148	0.0026319767	0.009024364	0.00022587222	0.00060216413	0.0014018461	8.471389e-05	0.005630647	0.0009849187	0.0009398579	0.0009782503	0.0003210418	0.006851992	0.0030419827	0.00022346876	0.019636534	-18.761045455932617
s06e22a	15.0	5.0	0.7187278	0.7187278	0.2060972	0.006508804	0.0002795604	0.012516623	0.37052634	0.00078853	0.002387306	0.0018012081	0.00049097976	0.0005752997	0.0025888286	0.0022479403	0.0019926226	0.0005103902	0.003205363	0.00052256713	0.007652027	0.026700055	0.004285043	0.002633463	0.0019170885	0.0015413301	0.0002994139	0.0026714911	0.024292836	0.0044785948	0.002421849	0.00082552416	0.00062174676	0.00093049067	0.0069415825	0.0001860011	0.00030345735	0.0011154887	0.0008567753	0.0011154887	0.0006932073	0.00081235234	0.0005079219	0.0008448307	0.0018169398	0.0019535702	0.0031015112	0.0007187767	0.0004226438	0.00062990835	0.004652899	0.0018117436	0.0036321036	0.013288747	0.00018693382	0.0015220375	0.0022656086	0.0026726946	0.0003838502	0.0008411466	0.001616319	0.0007678139	0.00029304938	0.0005065116	0.016253686	0.0022235126	0.001355809	0.009145588	0.0012805583	0.0020704642	0.0038539756	0.00010558985	0.016253686	-18.446195602416992
s06e22a	20.0	5.0	0.89892596	0.89892596	0.00637457	0.1797141	0.00076316355	0.00051026134	0.005651625	0.0018332544	0.0019366634	0.020020934	0.00024197939	0.00020043767	0.00338567	0.0017565256	0.00071466796	0.00019586342	0.0026467408	0.00041167066	0.00017754102	0.00079790415	0.008102789	0.00460349	0.0026900559	0.0023120148	0.00137033	0.0025264649	0.047595132	0.0027264252	0.0008757952	0.00047003228	0.00036339776	0.000351283	0.0015666814	0.00051289453	0.00026166515	0.0021435695	0.0016293825	0.0012541619	0.0012872135	0.0019164864	0.0005190238	0.0019164864	0.0007919533	0.0061307773	0.011320327	0.00043878006	0.00035290056	0.0005590301	0.0064772596	0.000819362	0.0026997211	0.005365265	0.0013924523	0.0033108925	0.005195432	0.011949636	0.0032876485	0.011274086	0.00039703143	0.00090918597	0.0021605901	0.00062895124	0.005552262	0.0027239488	0.0005475471	0.0013032411	0.0018724772	0.01022853	0.0025358205	0.00022206311	0.00627956	-19.21922492980957
s06e22a	25.0	5.0	0.81729656	0.81729656	0.023620674	0.06961713	0.00022484236	0.004371743	0.13902538	0.0014270683	0.001975776	0.010222044	0.0012782965	0.00097379886	0.0029866984	0.0029655346	0.0018479035	0.002836716	0.0027593551	0.0020128512	0.0062254737	0.03205541	0.006060641	0.0040877904	0.0014924137	0.0070864568	0.0015572973	0.0070864568	0.050342545	0.0071026	0.00300914	0.0010794732	0.0004898543	0.0013656295	0.004509185	0.0004983772	0.00043339678	0.011514151	0.0026009008	0.011514151	0.008089271	0.004309725	0.0048581595	0.008089271	0.0011043946	0.005903218	0.007634316	0.0013604932	0.00117564	0.0008985804	0.020057295	0.001791883	0.003571953	0.004022222	0.0006587825	0.0024107401	0.00065742177	0.0019653814	0.0006063788	0.0032014165	0.0006340629	0.00089536735	0.0011826584	0.0006211794	0.0019487594	0.0006727211	0.0016689418	0.0018313637	0.001204069	0.0070810267	0.0013238702	0.00036889035	0.0047473847	-18.219636917114254
s06e22a	30.0	5.0	0.9079068	0.9079068	0.039917767	0.030933307	0.00038331226	0.0047855396	0.15803996	0.0032765202	0.0034176784	0.0062443325	0.00035580646	0.0005055527	0.0013331331	0.00613312	0.002332082	0.0008415029	0.0025142448	0.00040577954	0.0035215204	0.048047688	0.005719569	0.0048840055	0.0023183124	0.0011592695	0.0010403448	0.001895348	0.09554724	0.0050446168	0.0015468304	0.0011878953	0.00065196655	0.0011537282	0.0017161538	0.0006404128	0.0007686214	0.0014025563	0.0008364756	0.0014025563	0.006261396	0.0012477778	0.00056049624	0.006261396	0.000862194	0.005738691	0.008579837	0.0005076944	0.0012632001	0.0006403985	0.0038537376	0.002675149	0.0029779957	0.0059365737	0.00033835534	0.001662485	0.0013864216	0.0050448566	0.00025633568	0.0011957216	0.0008104707	0.0011867146	0.0010004382	0.0006310708	0.0034624361	0.0003151799	0.0013657322	0.00526604	0.0007388174	0.0067513916	0.0050549954	0.00011226878	0.00526604	-18.679065704345703
s06e22a	35.0	5.0	0.8313315	0.8313315	0.012301882	0.14483097	0.00011833213	0.0043855626	0.08014302	0.0005778155	0.0028596134	0.006046476	0.00031060696	0.00060653454	0.0014821782	0.004753679	0.0063738395	0.0014280023	0.0012392984	0.0010089759	0.002925993	0.057808243	0.021493992	0.004306342	0.001902446	0.0018629567	0.0008801369	0.0018629567	0.091957025	0.0053380076	0.002238687	0.0012430033	0.0009083058	0.0012011382	0.0034787545	0.00086412305	0.0009380633	0.0022423752	0.0022423752	0.0020207171	0.0029481116	0.0024020462	0.0010199333	0.0029481116	0.0010926469	0.008652612	0.009262035	0.001281472	0.0005727925	0.00084829895	0.012863372	0.0015015983	0.005751877	0.0062879953	0.00063008035	0.0029765577	0.0015596531	0.008342608	0.0006997311	0.0033367833	0.0007767466	0.00075824436	0.0013601241	0.00048494636	0.0033611627	0.001341947	0.0009114323	0.0021404854	0.001561026	0.0037127307	0.003645457	0.00020408558	0.0043875244	-18.155311584472656
s06e22a	40.0	5.0	0.8526171	0.8526171	0.012674488	0.40193188	0.00084748544	0.000945497	0.0038919083	0.001354268	0.001870051	0.024919454	0.00012207445	0.00018247357	0.00482297	0.009008165	0.0020162065	0.00035085776	0.0017195008	0.0008465593	0.00033913506	0.0012224488	0.049917035	0.049917035	0.0018236447	0.0035726505	0.0016077781	0.0035726505	0.039017282	0.005393111	0.0015536523	0.0014587145	0.0009395155	0.0010616543	0.0018959489	0.00073078845	0.000283419	0.0062522055	0.0026588952	0.0054645846	0.0016591342	0.001896734	0.0019429178	0.001896734	0.0011540646	0.0039469926	0.0042321864	0.00038163486	0.0002480056	0.00039981524	0.004589213	0.0010162116	0.0015592418	0.002434602	0.00032808626	0.0027773224	0.0016471227	0.0029613487	0.0005494135	0.018730849	0.00017502146	0.0005172138	0.00056987396	0.00044830388	0.0037181545	0.00044024875	0.00039987607	0.000639764	0.0014468879	0.012080861	0.0017750636	0.00021803324	0.0041650594	-19.771987915039062
s06e22a	45.0	5.0	0.8504402	0.8504402	0.0056580785	0.022086702	0.0003005917	0.0025463898	0.38249087	0.001275817	0.0020400574	0.0064929803	0.0002723041	0.00029288683	0.001432096	0.0008612703	0.0035728305	0.004826269	0.0015376733	0.0003800345	0.002821177	0.032507718	0.0036697239	0.001963522	0.0010501042	0.00175751	0.000636452	0.00175751	0.0542123	0.013032653	0.011395245	0.0012878518	0.00025913748	0.0015161285	0.0021359457	0.00026480856	0.0005369462	0.00092971354	0.00074047805	0.00092971354	0.0035183358	0.002001158	0.00037070893	0.0035183358	0.00047082533	0.0045291735	0.00782649	0.0003559878	0.0015219499	0.00033969764	0.0076414943	0.0005762703	0.00607519	0.0033624282	0.00048632006	0.000900705	0.0010598091	0.002037922	0.0008859602	0.0032142194	0.0004143574	0.0012165642	0.00020930833	0.0005467995	0.0013659525	0.00046747952	0.0005716453	0.0020959256	0.00086423254	0.004932466	0.0013050367	0.00018964417	0.0025026596	-17.833166122436523
s06e22a	50.0	5.0	0.7754012	0.7754012	0.057088077	0.06878561	0.0004414881	0.0035303547	0.2894566	0.0022474525	0.009947496	0.004762653	5.202847e-05	0.00045271034	0.0008936031	0.003080072	0.002462022	0.0010573958	0.0039185532	0.00091282243	0.007920545	0.14771585	0.0043131947	0.0043131947	0.001192597	0.0037316196	0.0002714741	0.0037316196	0.057116523	0.009552228	0.003365566	0.00063054264	0.00037179247	0.0005331585	0.0020681513	0.0005286373	0.00070143637	0.0004152166	0.00037962082	0.00024717065	0.00088875246	0.00043881038	0.00013334141	0.00088875246	0.00039386275	0.0021708638	0.002319996	0.00047185304	0.00063394994	0.00067013776	0.010856669	0.0009949825	0.0014426138	0.0042651184	0.00014625784	0.0013443616	0.0014689154	0.0027659354	7.538913e-05	0.0005448514	0.00018390534	0.000698257	0.0005450122	0.00025488393	0.0018693882	0.00028252118	0.00037708355	0.0027434311	0.0010425613	0.0013391606	0.0020725816	0.00011376405	0.0027962003	-18.32996368408203
s06e22a	55.0	5.0	0.8888663	0.8888663	0.120695174	0.021415327	0.00047966035	0.0026834013	0.034132317	0.0020062898	0.0013230167	0.00080385	0.00016429288	0.00022443713	0.002463436	0.026777351	0.00093594874	7.0068134e-05	0.0014216886	0.0014952382	0.00094795495	0.047345966	0.0071896277	0.0025045255	0.0021267405	0.0017030387	0.00072087446	0.00457581	0.07480274	0.0062816967	0.0023411915	0.00054047944	0.0003511678	0.00072632	0.0037849538	0.00029817698	0.00039681743	0.012227365	0.012227365	0.003837867	0.004851122	0.011798739	0.0015083489	0.011798739	0.0024726372	0.030732092	0.0074847382	0.0013984764	0.00051618146	0.0005265659	0.0088135535	0.002220877	0.0028889163	0.021440914	0.0002877155	0.0050955135	0.0026704827	0.009646012	0.00038699975	0.0006861871	0.00059909	0.0011083458	0.00078121014	0.00037512125	0.00802473	0.0028232383	0.0011670319	0.0026961723	0.0020606902	0.012351017	0.0047191735	0.00011602507	0.012557301	-18.695070266723636
s06e22a	60.0	5.0	0.78470397	0.78470397	0.014813196	0.0066726157	0.00030025747	0.0036804704	0.37924892	0.00030198542	0.0053076316	0.001121997	0.00012061456	0.00051290944	0.0005936329	0.0012576807	0.0019507757	0.0004090029	0.0047307415	0.0003778349	0.017045349	0.035556298	0.0019598298	0.0012403813	0.0006007156	0.02145117	0.00049716444	0.02145117	0.17471367	0.025623055	0.0061127697	0.0014400113	0.000631911	0.0013658582	0.004280677	0.0003938323	0.0012668921	0.0004989942	0.00026126328	0.00038586766	0.0066985465	0.0005482474	5.3505206e-05	0.0066985465	0.0005195707	0.0023773976	0.002590341	0.00033568198	0.0005964158	0.0002466492	0.0017265165	0.0008011716	0.0022957113	0.004061511	0.00041874676	0.0009904753	0.0011070932	0.0030762164	0.0005034954	0.0004782813	0.0004952158	0.001331559	0.00049648766	0.00020796318	0.003934512	0.0008007552	0.0001789121	0.0026700064	0.00089963886	0.011314405	0.008122553	8.2067185e-05	0.008122553	-17.683080673217773
s06e22a	65.0	5.0	0.85952824	0.85952824	0.01230777	0.016771378	0.00162962	0.0019456105	0.035540897	0.0035718968	0.0028943247	0.00549236	0.00088210986	0.0004317041	0.007098485	0.01083891	0.0006516398	0.00049633626	0.0011112796	0.0010452509	0.00068917987	0.010798576	0.07879789	0.07879789	0.0055253436	0.021867096	0.011800487	0.021867096	0.3149512	0.016417833	0.0029829622	0.0009787015	0.0004738832	0.0017512551	0.004306759	0.00062183454	0.0011122169	0.0015617693	0.00034595665	0.00071938935	0.0009305745	0.0003383392	0.00020541387	0.0009305745	0.001592625	0.002046275	0.00233341	0.00026233034	0.0006473282	0.00072760024	0.0015681292	0.0013647699	0.0009677298	0.013637156	0.0007389512	0.003997386	0.0018679962	0.0124612665	0.00035745424	0.01786133	0.00093416474	0.0010305395	0.0022072291	0.00020607104	0.0051805824	0.0017485764	0.00054812257	0.004088697	0.0012251928	0.0041407384	0.0094862105	0.000111326495	0.015256262	-17.916942596435547
s06e22a	70.0	5.0	0.84213454	0.84213454	0.004411179	0.01562132	0.00020306883	0.0006644409	0.0029659208	0.000828818	0.0013096187	0.0057788817	0.0004244393	0.0003071387	0.0074780644	0.01759711	0.0006620504	0.00012736786	0.00067493785	0.0003451196	0.00040158918	0.011453265	0.085482396	0.04468952	0.0017811963	0.0038048325	0.0053328453	0.038169745	0.32935265	0.011077398	0.0016471415	0.0010904154	0.00073958456	0.0010374523	0.004225686	0.00034038734	0.001334437	0.004766085	0.0020512706	0.004465257	0.00099647	0.0010678046	0.0010651362	0.0010678046	0.0021006784	0.007336927	0.0057890713	0.00039016453	0.00044550092	0.0006136494	0.0028924264	0.0023386658	0.0017603012	0.024520531	0.000908771	0.009329838	0.0012828532	0.0031676816	0.00056672335	0.0024660914	0.00041835496	0.0008712814	0.00060279726	0.0003549938	0.0054307384	0.0015610757	0.00068146	0.004041416	0.00063680205	0.011539816	0.011413167	5.9930942e-05	0.03238958	-18.5513858795166
s06e22a	75.0	5.0	0.7701732	0.7701732	0.03321799	0.023473859	0.0018202298	0.010038807	0.47371238	0.0056214808	0.012308708	0.0011476169	0.0023588773	0.00036224182	0.003867105	0.007008443	0.0034559546	0.001029083	0.0013525917	0.00025539548	0.0030565073	0.26368758	0.004554051	0.0028388696	0.0016256047	0.0025310607	0.0013603786	0.0025310607	0.13959089	0.022354795	0.0057780496	0.0012850643	0.0005449239	0.0014727308	0.010934424	0.00057422277	0.0010468763	0.001500192	0.0014090523	0.001500192	0.0025848437	0.0028389627	0.0007199925	0.0028389627	0.0013107649	0.012265543	0.0075586466	0.001310748	0.0029918258	0.001871686	0.0025749994	0.001506782	0.0017018287	0.0044070263	0.0019472268	0.00080493535	0.0009643978	0.010110454	0.00042860332	0.0031411648	0.0013224517	0.001245249	0.0016336178	0.0003017293	0.0034077095	0.0013210708	0.0012185078	0.0065747616	0.0022995938	0.004264971	0.007142573	0.00037239195	0.009013117	-17.519916534423828
s06e22a	80.0	5.0	0.8026878	0.8026878	0.03308778	0.014875601	0.0006761701	0.0025169356	0.30183193	0.0016041824	0.0034937048	0.001303531	0.00038270853	0.0009504366	0.012563049	0.0031602327	0.007909058	0.0017139912	0.0044307816	0.00087354874	0.003635712	0.014946945	0.0034875215	0.0034875215	0.0015890669	0.0020639698	0.0012103319	0.0022862353	0.038743105	0.010210616	0.003674958	0.003216018	0.00047385524	0.0022544167	0.0075200135	0.0003436078	0.00049135595	0.011996811	0.011996811	0.006070645	0.016789613	0.0272294	0.0030374744	0.0272294	0.0017356128	0.015359296	0.008509432	0.003874338	0.0035361028	0.0009883444	0.009204808	0.0015275358	0.0027989126	0.011069044	0.00028523552	0.0015288688	0.0013895094	0.002243947	0.00079302565	0.01811824	0.0018884202	0.0012917405	0.00024140974	0.00069053716	0.003569164	0.0028098417	0.0013257886	0.004027263	0.003227888	0.008971313	0.0042193127	0.00037565015	0.008627383	-18.160371780395508
s06e22a	85.0	5.0	0.87571317	0.87571317	0.029626884	0.0080630975	0.000252142	0.0006083412	0.0013295056	0.00052969577	0.0008846784	0.00055492984	0.00037291757	0.00012614926	0.009131133	0.013986314	0.00036343586	0.00017057976	0.0004934072	0.00039850816	0.00024645223	0.0056589693	0.007905451	0.004166337	0.0016230684	0.0017156277	0.0010401877	0.002404622	0.07635232	0.0058446834	0.0023035784	0.00045731786	0.00047213808	0.0007366521	0.0024422968	0.0003260675	0.0002477291	0.0054721828	0.0041415365	0.0054721828	0.0014073598	0.0026240654	0.002370609	0.0026240654	0.004181628	0.010545587	0.012607035	0.0011375254	0.00045317406	0.00054160465	0.0036770308	0.002559205	0.005537635	0.04626773	0.00028742597	0.006015029	0.0016345778	0.0039419304	0.0007176952	0.00997981	0.00034642065	0.0006682143	0.00039711903	0.00041811136	0.016832614	0.011181015	0.009062293	0.009686108	0.0027988127	0.016939368	0.0039727907	0.0001868009	0.016832614	-18.796951293945312
s06e22a	90.0	5.0	0.8686082	0.8686082	0.044277985	0.09664042	0.00073025207	0.0038371943	0.0595786	0.0015331747	0.0031388737	0.004797382	0.00046799428	0.00047365925	0.0041168756	0.0042011286	0.00067325594	0.0003522792	0.0027626755	0.0012917706	0.0021857054	0.021465477	0.007322151	0.007322151	0.0015976721	0.008469111	0.0011950555	0.008469111	0.09203212	0.010439346	0.00342321	0.0011154121	0.0005116733	0.0011704643	0.0038744356	0.0003185767	0.00054199767	0.0026192612	0.001695001	0.0026192612	0.0013390649	0.0017656997	0.0015624937	0.002124963	0.001294749	0.00443342	0.0056094564	0.0013233828	0.0004191641	0.0014681448	0.00490881	0.001066096	0.002739757	0.008795618	0.00073116535	0.0026777326	0.0013080088	0.0102396	0.0012933846	0.0035612076	0.0006916588	0.001326124	0.0010362288	0.0003943162	0.0056792414	0.0012186895	0.0011680729	0.0032838024	0.0019576745	0.0032168925	0.002892469	0.00018125626	0.0056792414	-18.337421417236328
s06e22a	95.0	5.0	0.8710571	0.8710571	0.017834324	0.13643879	0.00062240724	0.0033707637	0.4217225	0.0034170551	0.0022138255	0.011661905	0.00078544696	0.00043868762	0.0015003677	0.0021438613	0.009223731	0.0014336318	0.0018829922	0.0010281873	0.0028409786	0.09472762	0.0076255538	0.003618194	0.0013614155	0.0012075946	0.0012465946	0.0012465946	0.07575929	0.0082005905	0.0036226357	0.0012785681	0.0004531922	0.0014344765	0.0024019205	0.0005012292	0.001128087	0.001280782	0.000539257	0.001280782	0.0023280426	0.0011016924	0.0005720797	0.0023280426	0.0005051151	0.0031897451	0.007401217	0.00043857645	0.0005885429	0.00071122625	0.0037316598	0.001107626	0.0025005357	0.004919566	0.0017981449	0.000594557	0.0008613183	0.0093758395	0.0014430123	0.017550858	0.0004387261	0.0010125919	0.0012035066	0.00032515766	0.0016120003	0.00083730376	0.0005329217	0.0021209416	0.0024964286	0.004098543	0.0039321617	0.00018381541	0.0039321617	-18.30706214904785
s06e22a	100.0	5.0	0.82244545	0.82244545	0.065267436	0.030810537	0.0011387598	0.007324806	0.227372	0.003679652	0.009704416	0.0018258683	0.00041547953	0.00050902355	0.004141063	0.0689512	0.0023877046	0.00047354502	0.0012680921	0.0006108697	0.0052716685	0.0798168	0.039278936	0.008996177	0.0019212444	0.041974932	0.009745726	0.041974932	0.071372464	0.0081552	0.0024886522	0.0007805501	0.00069728773	0.00077672437	0.005324232	0.0015004749	0.001058514	0.0047520665	0.0027304098	0.0043607587	0.010182534	0.0037237282	0.0012768892	0.010182534	0.0021317839	0.023616936	0.0067320317	0.0011662751	0.0015246456	0.0011355327	0.0039751893	0.0037906761	0.003438973	0.004323912	0.00057999	0.002416152	0.0013629736	0.0037663083	0.0001376696	0.0027977908	0.0020861689	0.0008076941	0.0008391124	0.00045726687	0.009610632	0.0013783751	0.00066271354	0.0018488502	0.0020621126	0.04344214	0.00230493	0.00032138627	0.013800555	-18.273632049560547
s06e22a	105.0	5.0	0.80176187	0.80176187	0.18173094	0.010871422	0.00050813204	0.013451078	0.21254101	0.0011573982	0.0029993323	0.00449091	0.00040584954	0.0011763244	0.0023835883	0.0054940013	0.0013182919	0.00089468854	0.0073705097	0.00039002363	0.056468464	0.06513498	0.0023815427	0.0019630147	0.0009725147	0.0020306981	0.0011068411	0.0020306981	0.030525412	0.027830048	0.015998611	0.0025410748	0.0008181464	0.0022011069	0.009938309	0.00071125134	0.0003844821	0.0012312849	0.0012312849	0.0010051472	0.0025991052	0.0020582273	0.00024499476	0.0025991052	0.0008392359	0.0034999992	0.0025031702	0.0011941112	0.0004496064	0.0013798795	0.0025613692	0.0008359238	0.0006070808	0.010199759	0.00037892643	0.00055548444	0.00041673577	0.0017460703	0.00047134215	0.002349612	0.00081865257	0.0018118541	0.0002471855	0.00021489592	0.0020116253	0.0015020252	0.0005820825	0.0020921254	0.0014554724	0.004717863	0.0051834313	0.00013080983	0.0059511424	-17.41702651977539
s06e22a	110.0	5.0	0.81780803	0.81780803	0.23305905	0.077348396	0.001058855	0.010635228	0.040973105	0.0036450585	0.0052918154	0.0032922267	0.00028114786	0.00045713832	0.0012403611	0.01929147	0.00050223235	0.00035739798	0.014613446	0.00044480374	0.2740115	0.03546252	0.0018897626	0.0016100892	0.0010097678	0.003995501	0.0004017435	0.003995501	0.054963935	0.017979894	0.0077942866	0.0018806637	0.0005105056	0.001206338	0.00683692	0.00053817744	0.0006596224	0.0010968507	0.00047671964	0.00086697796	0.0016306513	0.0006000215	0.0001168771	0.0016306513	0.0017173641	0.0022925788	0.0022606817	0.00045781163	0.00026416857	0.0012680419	0.00094333704	0.00063054776	0.0006510935	0.008952704	0.00033575337	0.0033439905	0.0011231268	0.002183453	0.00035436032	0.0006489132	0.00028659822	0.0017914814	0.00072598644	0.00021235619	0.002278642	0.0011548806	0.00050300104	0.00089756685	0.0004792682	0.0037783703	0.0026974767	0.000103073224	0.003288061	-18.820816040039062
s06e22a	115.0	5.0	0.8442613	0.8442613	0.09342498	0.029229395	0.00055225834	0.017245404	0.56395507	0.002792254	0.0073739183	0.00089097006	0.00083043106	0.0006197489	0.0014103128	0.0017210254	0.0048762946	0.00061069446	0.0024641848	0.00084527157	0.003802205	0.021164602	0.008555017	0.0021910197	0.0008927198	0.015910663	0.0010009249	0.015910663	0.05366301	0.011597898	0.0066264635	0.0008924706	0.0004907451	0.0007788319	0.0036455314	0.0012456938	0.0013757318	0.00095155515	0.0006361888	0.00054642383	0.0029918188	0.0010004434	0.00016058072	0.0029918188	0.00092295284	0.0027198559	0.0030479003	0.0003330504	0.00042779613	0.0008433946	0.0008067142	0.001540504	0.00094724895	0.0022938563	0.00029908493	0.0007496925	0.0011262242	0.010649219	0.00032908554	0.0016755251	0.0006942843	0.0009165251	0.0007174771	0.00026755882	0.0026676888	0.0006765472	0.00061153085	0.0036911762	0.0009992764	0.002596207	0.0029062831	0.00015799177	0.0036911762	-16.800518035888672
s06e22a	120.0	5.0	0.36273375	0.36273375	0.010585181	0.0026210495	0.0015714203	0.0022067062	0.5223323	0.0038607237	0.0036576218	0.00054851064	0.00038776768	0.00014183905	0.0014711482	0.0009192033	0.0023219273	0.0011678126	0.0011372729	0.0004824605	0.0024897524	0.041352045	0.008040856	0.008040856	0.0034115205	0.011540942	0.002207414	0.011540942	0.09527743	0.012180964	0.0036901366	0.0010331726	0.00041531556	0.0011159303	0.0021356114	0.0007178289	0.00068770396	0.0011057219	0.0011057219	0.00040079022	0.0011985347	0.0016571766	0.0002449053	0.0016571766	0.0005611681	0.006111165	0.018022584	0.0018775568	0.0010272347	0.00045805043	0.042228743	0.00058885425	0.0029789319	0.0023759527	9.829568e-05	0.00028144044	0.00076148077	0.0066503864	0.00026464628	0.00044656816	0.00016064168	0.00071778754	0.00053987704	0.0011345705	0.0027159448	0.00061081117	0.0004947704	0.005375318	0.00079581334	0.0007501785	0.00036781668	8.184749e-05	0.009384532	-18.22337532043457
s06e22a	125.0	5.0	0.75058466	0.75058466	0.09867721	0.0105332155	0.00018122687	0.007179509	0.13016069	0.00032575804	0.00164603	0.0041041756	7.462188e-05	0.00051308324	0.0007713591	0.03193591	0.00062124094	0.0002665521	0.00791566	0.00026615922	0.052118756	0.12166431	0.0055731772	0.0024179136	0.0027498312	0.010814428	0.0013611835	0.010814428	0.05681086	0.013267144	0.0046703555	0.0015150202	0.0005586777	0.0014172831	0.0046938634	0.0006124119	0.0005927187	0.0006527512	0.0006527512	0.00039465743	0.0013394806	0.0006972775	0.00012332565	0.0013394806	0.00060783257	0.003913132	0.001789178	0.0007238283	0.000689625	0.0013589964	0.005004466	0.0008105248	0.0019308304	0.005599308	0.0002983095	0.0013923104	0.002384599	0.0011861009	0.00026471264	0.00018624299	0.00037272612	0.0011612003	0.00033777955	0.00061076024	0.0028579251	0.0012232962	0.0004971886	0.00117708	0.00030880672	0.0023554135	0.003958766	0.00015296148	0.0134327905	-17.902536392211914
s06e22a	130.0	5.0	0.8257414	0.8257414	0.08428378	0.012685417	0.00023260542	0.0016038312	0.20711814	0.0046461374	0.0052254796	0.0008111777	0.0018085161	0.0006838438	0.038318608	0.009266884	0.004087573	0.001405814	0.002517848	0.0004594631	0.0031271263	0.015578987	0.006341535	0.0027459266	0.006341535	0.0023308962	0.0006031239	0.0023308962	0.029570172	0.0068119112	0.002358992	0.0005181607	0.00022123555	0.00045331684	0.0016022339	0.00021758508	0.00012021933	0.0045005586	0.0045005586	0.0018711328	0.009893042	0.008473934	0.0005671992	0.009893042	0.0024357382	0.02634531	0.00540966	0.00043871984	0.0004774054	0.0003618908	0.010329483	0.002191372	0.002063143	0.043982666	9.794219e-05	0.0057016267	0.0026915707	0.0041394862	0.0003141084	0.0013131328	0.0020470053	0.0007399018	0.0002789084	0.0009355868	0.0038539153	0.0030565422	0.0013280085	0.013588994	0.0021960188	0.018609144	0.0066065523	0.00027513664	0.03636003	-21.827178955078125
s06e22a	135.0	5.0	0.87389755	0.87389755	0.03328956	0.0047631073	0.0003181184	0.00058562425	0.0023140262	0.00028677314	0.001029113	0.0011528032	0.00028082717	0.0005750761	0.010767295	0.0070591774	0.0011973594	8.9516914e-05	0.00074831955	0.0007680737	0.000605886	0.0010477139	0.008659826	0.0029421328	0.0013353614	0.005505602	0.0033423	0.00634332	0.06487827	0.008921944	0.0059220684	0.00071312184	0.0002716667	0.0010160495	0.0046838317	0.00073876884	0.0003605163	0.005733725	0.0018198867	0.0049932026	0.0062379423	0.0012605373	0.00089104014	0.0062379423	0.0020092737	0.0067333393	0.0019450855	0.0001004968	0.00034368807	0.00032279512	0.0011767447	0.0030543027	0.0008343712	0.006368261	0.00088650273	0.007331088	0.0029742206	0.0051186997	0.00024739793	0.006593056	0.00057909626	0.0010003481	0.0015661371	0.00035794044	0.012061999	0.003960253	0.0010809576	0.0009422133	0.0009724415	0.018074438	0.0011366626	0.00020038724	0.012061999	-19.152076721191406
s06e22a	140.0	5.0	0.884663	0.884663	0.045408253	0.010725475	0.0007313298	0.002768504	0.42065552	0.0021193891	0.0021188566	0.0007420639	0.0010893076	0.00053576904	0.01856488	0.0023833255	0.0036613976	0.0019088781	0.0014395425	0.001093469	0.0014002583	0.01583211	0.0035429108	0.0019225304	0.00070626487	0.0009569966	0.0005748596	0.0009569966	0.029754696	0.010046533	0.005160881	0.00082847144	0.00036886154	0.00075938104	0.0067737214	0.00018872817	0.0003077771	0.0007680053	0.0007680053	0.00041715705	0.0012200943	0.00084083364	0.00017350756	0.0012200943	0.0009256882	0.0029600777	0.0014919988	0.00026556253	0.00067807414	0.0005669176	0.0020353303	0.00073203753	0.0009086685	0.009908985	0.00027522218	0.002487541	0.0005999214	0.004146539	0.0001640102	0.009046873	0.00036724223	0.0006832718	0.00033922255	0.00037323442	0.0031594937	0.0016537769	0.0009371771	0.0043916004	0.0015699078	0.0026805827	0.0015776288	0.00015457813	0.0048993947	-19.054912567138672
s06e22a	145.0	5.0	0.8364617	0.8364617	0.019046525	0.004585015	0.0030367898	0.0069783623	0.51691055	0.0018363197	0.0028114656	0.00068570307	0.00035874703	0.00075256533	0.0016885817	0.0020736174	0.0032476825	0.0003097925	0.0014957835	0.0008122459	0.002432132	0.018567398	0.003265515	0.003265515	0.0020568047	0.007928049	0.0017380458	0.007928049	0.2667804	0.018514702	0.00789241	0.0016131811	0.000532682	0.0031346837	0.0074230414	0.00034830227	0.0026023856	0.00063108525	0.00031264024	0.0002017861	0.0013974573	0.00042493094	7.296711e-05	0.0013974573	0.00056291185	0.0023946979	0.0026254882	0.00013601131	0.00039719342	0.0003479022	0.0014678234	0.0008790809	0.0010692236	0.0044726925	0.00055267324	0.0006930435	0.0009522389	0.05224127	0.0007407788	0.0013434655	0.0011240622	0.0007321066	0.0005717019	0.00025133268	0.0033551748	0.0017095064	0.0010761726	0.0041565755	0.0005190092	0.0021674454	0.0039972337	7.045991e-05	0.0041565755	-18.514249801635746
s06e22a	150.0	5.0	0.8578542	0.8578542	0.026770499	0.0047884705	0.00030326008	0.00040797642	0.0013437996	0.00029817218	0.00092562387	0.0011824669	0.00012227937	0.00030986397	0.0022805627	0.0153933065	0.001414919	3.4125977e-05	0.0004965284	0.00046241004	0.00031553977	0.0042661536	0.021198252	0.0064551416	0.002911187	0.002237162	0.0012257076	0.0068220384	0.05005643	0.005851786	0.0023586035	0.0005059241	0.00056531606	0.0008080667	0.0035480168	0.00060563395	0.00026060877	0.0042569675	0.0015999875	0.002471532	0.002734517	0.0005571324	0.0005619499	0.002734517	0.0036237615	0.006313623	0.0024467667	0.00023157311	0.00084638305	0.00059392693	0.0010886794	0.0045165475	0.0017312008	0.0050663278	0.00035755424	0.0049513984	0.0029587422	0.0035270916	9.179856e-05	0.01222277	0.00035648618	0.0006451664	0.0013983246	0.00023244867	0.010231532	0.0037171727	0.0006133711	0.0012054065	0.0009893558	0.016523542	0.00048721235	0.00047664193	0.010231532	-20.11317253112793
s06e22a	155.0	5.0	0.8688522	0.8688522	0.015292885	0.013002896	0.00019870112	0.0018423691	0.33062994	0.00065662997	0.0021155726	0.0018795908	4.0886116e-05	0.00017512396	0.001702738	0.005085344	0.004134624	0.0016029074	0.0017285888	0.00050891534	0.00095964357	0.10510099	0.003699164	0.0010826864	0.003699164	0.0022358533	0.0001913968	0.0022358533	0.031797815	0.0039208694	0.0011775094	0.0004781569	0.00040909435	0.00053488225	0.00237873	0.00019971296	0.0002392852	0.0005234171	0.00045670036	0.00033436783	0.0014502447	0.0005303657	0.0001432801	0.0014502447	0.0014537479	0.0042113727	0.0047199144	0.00020300942	0.0005187582	0.00016215075	0.0031312364	0.0019578852	0.021954892	0.013020184	0.00028320402	0.0047402144	0.0013331668	0.0036513153	0.0002651777	0.000614308	0.0016865605	0.00025491646	0.00021539543	0.0003948364	0.0024408882	0.0011600748	0.0008365485	0.0130513	0.0046379613	0.0051953387	0.0075975275	0.0001928265	0.013476704	-19.823488235473636
s06e22a	160.0	5.0	0.86760837	0.86760837	0.019772891	0.009539402	0.0008989525	0.0006959199	0.0015701574	0.00056109513	0.0037045365	0.00083106244	0.00032584718	0.0002931215	0.011424687	0.002380564	0.0007150658	7.8973324e-05	0.0032854523	0.00064185454	0.0003700291	0.0014553083	0.0037557743	0.0022308147	0.0010796485	0.0029712713	0.0015457622	0.0029712713	0.06097149	0.022065062	0.015503036	0.0014089327	0.0010781916	0.001764726	0.0075160814	0.0010704319	0.00056814443	0.0022176818	0.0007720084	0.00073431915	0.0013257015	0.00035541624	0.00023849373	0.0013257015	0.0018262645	0.0030430702	0.0013092434	8.2016246e-05	0.0003718589	0.0007007001	0.0006827586	0.00066813984	0.0011808657	0.0020119243	0.0009280789	0.0041285045	0.0022731968	0.01730976	0.0005660812	0.029120307	0.0002919696	0.0010846287	0.0028555698	0.00018355095	0.024576724	0.0045106234	0.00054844783	0.00048191127	0.0011166183	0.0060562044	0.0007787514	0.0004653102	0.024576724	-18.324934005737305
s06e22a	165.0	5.0	0.76360047	0.76360047	0.029596338	0.0032205197	0.00038306753	0.0006872942	0.0010242356	0.0004118192	0.001480116	0.00081133854	0.0039854697	0.0003175978	0.0028495425	0.004884312	0.00087071286	0.000119360004	0.00037824718	0.0009309182	0.00018907868	0.0012074757	0.003175157	0.0015462929	0.0029493342	0.004256846	0.0012680859	0.004256846	0.04747617	0.007029497	0.0026186646	0.00070011505	0.0006633084	0.0012682049	0.0025454161	0.0012268148	0.00041491532	0.0038410693	0.0012467253	0.0038410693	0.0020947102	0.0007216546	0.00085975707	0.0020947102	0.002113156	0.0039746515	0.0028300176	0.00016530628	0.0003172903	0.0008740557	0.0014134733	0.0009501871	0.0012375136	0.0014788861	0.00033178373	0.0017750476	0.0009584571	0.042360168	0.00031191413	0.0015444984	0.00016806135	0.0010341898	0.001477905	0.00023399056	0.011308027	0.0017321784	0.0005021342	0.0005519936	0.0007284679	0.0047524343	0.0008353692	0.0001020732	0.035479624	-18.50053977966309
s06e22a	170.0	5.0	0.13682385	0.13682385	0.009740592	0.002228939	0.00085755374	0.005032435	0.045506883	0.00036932385	0.02724678	0.0021495332	0.00025057205	0.00030764216	0.00036408365	0.01013639	0.00037689702	0.00021102847	0.0033669854	0.00051441696	0.19926189	0.023610659	0.002047749	0.0013669325	0.00082509284	0.008162002	0.0020282017	0.008162002	0.6960018	0.22818601	0.18825606	0.0018602624	0.0015162678	0.0013781879	0.05243037	0.00058779673	0.005327728	0.00071148487	0.0006335271	0.0006519603	0.0017270147	0.0013387271	0.0001859282	0.0017270147	0.0003124862	0.001941865	0.0036788324	0.00049656676	0.0010199671	0.00053093216	0.0044711046	0.0010396928	0.0005601478	0.0020183176	0.00012121364	0.0015312699	0.00047338207	0.0010753501	0.00029955493	0.000260926	0.00022618902	0.0010930784	0.00016598466	0.0004504564	0.0005801	0.0004589219	0.00082320994	0.0023188132	0.00035031216	0.0017053426	0.0010183151	0.00010406893	0.0126363905	-18.04998207092285
s06e22a	175.0	5.0	0.023120843	0.023120843	0.00029986582	0.00028514524	7.5499345e-05	0.0027123452	0.00016562166	0.00011125667	0.097873546	0.0007977472	4.8432947e-05	0.00017642925	0.000881599	0.00021808875	0.00012668617	7.794912e-05	0.00012484132	0.00035438142	0.00037144066	0.0005399938	0.001125147	0.001125147	0.00082932995	0.002449063	0.0013324934	0.002449063	0.8725895	0.3111585	0.22796464	0.00070604414	0.0001599438	0.0016904941	0.06177078	0.004358513	0.018716218	0.00033083896	0.00033083896	0.00031136596	0.00050947303	0.00042598	0.00020574122	0.00050947303	0.0001879479	0.00069520227	0.0014000009	0.00012878503	0.00040150707	0.00017197954	0.0006699424	0.0014000982	0.00032421015	0.00023501525	0.00027386576	0.00039004962	0.00027151653	0.000809243	0.00026839736	0.0001733685	0.0010084055	0.00026218907	0.00032610047	0.00047645957	0.0004449087	0.001064629	0.0009597117	0.0009310449	0.0007043177	0.0007487968	0.00052039843	0.00023958406	0.04334253	-18.87535858154297
s06e22a	180.0	5.0	0.023123594	0.023123594	0.0002618356	0.00016551274	0.00018762541	0.0020343794	0.00034898982	8.5831714e-05	0.106012754	0.0002533679	8.315564e-05	0.00032620897	0.0007911236	0.00040932116	0.0005084533	5.8660473e-05	0.0007109119	0.00027272658	0.00052738993	0.00037747665	0.002746376	0.002746376	0.00053528795	0.0021461637	0.0011497276	0.0021461637	0.8345921	0.10106711	0.057950556	0.0021876686	0.00025534656	0.0017835668	0.057278663	0.0037212032	0.024425095	0.00056978164	0.00056978164	0.00024712284	0.0004052584	0.00047270843	0.00013935781	0.00047270843	0.00035312842	0.0015613626	0.0017600709	9.738007e-05	0.00018302108	0.0002238364	0.0010605928	0.0012206772	0.000381162	0.0014301934	0.00026142053	0.0009853415	0.0012049731	0.0010776592	0.00013934665	0.00011938062	0.0007910316	0.00042704705	0.00083494507	0.00031636513	0.0015357755	0.0006656046	0.0010667436	0.00059069635	0.0005663397	0.0014402131	0.0013725772	0.00053334906	0.026556756	-19.0933780670166
s06e22a	185.0	5.0	0.044699144	0.044699144	0.0003191202	0.00030808654	5.635093e-05	0.0069524907	0.00017520113	0.00012819644	0.15761499	0.0006704981	5.7107318e-05	0.00036147598	0.0004524707	0.00026335404	0.0001704076	3.040262e-05	0.00021432585	0.0003792562	0.000108938766	0.0004425383	0.001657026	0.001657026	0.00026179466	0.001284743	0.0004109259	0.001284743	0.89238715	0.10774922	0.0737686	0.00087098003	0.0002114708	0.0022389062	0.062056802	0.005895899	0.044865597	0.00025301255	0.00025301255	0.00014054791	9.768457e-05	0.00021297281	9.265206e-05	0.00021297281	0.00017275776	0.0004928349	0.0009445637	7.484151e-05	0.00013953146	0.00024111898	0.0006272771	0.00046692285	0.00016037522	0.000333328	0.00022946908	0.00035627437	0.00016433849	0.00075814786	7.154225e-05	5.9341157e-05	0.00043584988	0.00035380622	0.00096394774	0.00035510652	0.001074533	0.00020341476	0.0020458174	0.00037074534	0.00019650317	0.00041385897	0.0006201548	0.00029497064	0.037817087	-18.591333389282227
s06e22a	190.0	5.0	0.03482287	0.03482287	0.0005751139	0.00037167213	0.00018821169	0.00264386	0.00059573626	0.00029005905	0.16385281	0.0004881446	9.4776246e-05	0.00030627492	0.0010471566	0.00081936666	0.0002435654	7.301987e-05	0.0003080742	0.0009642044	0.00041202124	0.00083763414	0.0019897087	0.0019897087	0.0006855665	0.0024947904	0.0008442059	0.0024947904	0.85627055	0.12532833	0.08309539	0.0021230895	0.0005814726	0.0030383233	0.076244205	0.003411931	0.039105088	0.00053891685	0.00053891685	0.00037882748	0.0003041368	0.0005096277	0.0003590252	0.0005096277	0.00024954783	0.00093370606	0.0019612107	0.00012040139	0.00032232955	0.00033671965	0.0010759947	0.00091252197	0.00043600425	0.00043274695	0.00040004015	0.0007134964	0.0002785701	0.0018512928	0.00013644336	0.00022575553	0.00043970038	0.0007054728	0.0016336886	0.00037903443	0.0010425891	0.00031535904	0.0016909884	0.00092636095	0.00026736324	0.00043676322	0.0013678226	0.00023249723	0.0401763	-18.3800106048584
s06e22a	195.0	5.0	0.04674075	0.04674075	0.000572408	0.00091349764	9.520924e-05	0.0072200927	0.00030078235	0.0002442645	0.22278892	0.0011513107	6.885645e-05	0.00019042549	0.000620561	0.0010160223	0.00028188055	5.1936713e-05	0.0008923651	0.0010103197	0.00041227153	0.0008299011	0.0019366902	0.00173926	0.00085158466	0.0019244849	0.00032150518	0.0019244849	0.8102359	0.102789015	0.056513526	0.00093941827	0.00033528556	0.0021506187	0.060278133	0.0050813626	0.031289484	0.0007155655	0.0007155655	0.00036971646	0.00032991735	0.00044028088	0.00024387307	0.00044028088	0.00044540796	0.00090181443	0.0013180295	6.766396e-05	9.229783e-05	0.00017478497	0.0006103267	0.0012623173	0.00035127948	0.00020822606	0.00017301146	0.0009268214	0.00021769175	0.000939332	0.0001818932	8.173166e-05	0.00017907014	0.00024835888	0.00036028353	0.00030184325	0.00041339884	0.00032530678	0.001111385	0.000667428	0.00026655666	0.0005445692	0.00086225354	0.00022313726	0.02680225	-18.619430541992188
s06e22a	200.0	5.0	0.015653139	0.015653139	0.00016891121	0.00016567695	7.3558294e-05	0.0028755765	0.00010888882	7.8581936e-05	0.20327587	0.00033772225	4.7736747e-05	0.00032412485	0.0005173748	0.00016669426	0.00015607147	0.00010040571	0.00020735474	0.00043261476	0.0002163024	0.00043849574	0.0009450629	0.00077196094	0.00027602416	0.0009782652	0.00036998885	0.0009782652	0.8231952	0.10937857	0.078116395	0.0021422135	0.00064827624	0.0017125998	0.03289208	0.0037139126	0.013103784	0.0002650526	0.00018463045	0.00021860859	0.00031611306	0.00014603876	0.00011330804	0.00031611306	0.00012480584	0.00041177194	0.0005588583	3.0331208e-05	0.00021610205	6.827921e-05	0.00033657395	0.0013545854	0.00038901955	0.00023144156	0.00015956374	0.00019590804	0.0002045972	0.0006624884	9.524166e-05	7.062728e-05	0.00055966317	0.00025462767	0.00026960636	0.00050865393	0.0011616627	0.0007403109	0.00061915145	0.00034472416	0.00023759586	0.0005857867	0.00053500995	0.00020693957	0.022901341	-18.951112747192383
s06e22a	205.0	5.0	0.023344714	0.023344714	0.0002655276	0.00018769341	0.00013045334	0.001954182	0.00020328621	9.105741e-05	0.023676617	0.0002220538	0.00014764068	0.00028586088	0.0006349219	0.0056378334	0.00038411721	0.000110618144	0.00030149752	0.00013553319	0.0020873027	0.0010504398	0.0026967688	0.00060132705	0.00036412565	0.0010429184	0.0009738717	0.0010429184	0.8245534	0.066659495	0.04809821	0.0013013887	0.00020547383	0.0013991052	0.034482826	0.00064891076	0.007855399	0.007688677	0.007688677	0.0017984915	0.0047691707	0.016851872	0.0009874029	0.016851872	0.0009992656	0.027885782	0.20313373	0.007003036	0.0023196142	0.0027109783	0.019415153	0.0074149542	0.0031711513	0.0010163757	8.584432e-05	0.000695699	0.0004165177	0.00019271731	0.0004932377	0.00018933756	0.00015269392	0.0023701615	0.00042513318	0.00083244505	0.0011800089	0.0019806996	0.0016822512	0.0015323698	0.000715319	0.0017332103	0.0004994591	0.0001981432	0.009388137	-18.44329071044922
s06e22a	210.0	5.0	0.7436758	0.7436758	0.0077326805	0.06737964	0.0005777318	0.006205593	0.0015353814	0.003862035	0.003228104	0.005290365	0.002917375	0.00013372798	0.0045243003	0.0028314337	0.0006242043	0.00094965135	0.0007282936	0.0014026392	0.0015459323	0.018629165	0.007691144	0.0037938647	0.0012385538	0.0017791907	0.0013493719	0.0017791907	0.20092963	0.014312631	0.0028602008	0.0010822563	0.00044561797	0.001128159	0.007109564	0.00069725886	0.0013358365	0.014417467	0.014417467	0.0117353285	0.011132322	0.03576488	0.008022058	0.03576488	0.0023812165	0.027225683	0.13774762	0.015887346	0.0047298954	0.0035672926	0.01943973	0.0019897001	0.014629289	0.015258692	0.00034886738	0.0013725451	0.0026123952	0.003354228	0.006277028	0.0014770313	0.0004969503	0.0016000712	0.00020772754	0.00093847816	0.004611741	0.0017239362	0.011707363	0.0034960234	0.0021950619	0.006625092	0.0015346726	0.000269675	0.014321009	-18.65599822998047
s06e22a	215.0	5.0	0.83485746	0.83485746	0.023169233	0.004298008	0.0007023079	0.001553619	0.007702496	0.0022529361	0.011891747	0.00069668033	0.003991353	0.00037303468	0.013789786	0.005057601	0.0006086404	0.00015163647	0.0037208796	0.00074717804	0.00059174787	0.0020831414	0.014685746	0.014685746	0.0022858875	0.003969711	0.0016703464	0.0054247947	0.11742254	0.014555421	0.00513264	0.0009346473	0.00038594438	0.0010311758	0.004472964	0.0005413265	0.0006537261	0.003147466	0.0013024868	0.0012990426	0.0018130669	0.0009345613	0.0005369175	0.0018130669	0.0012098247	0.0038989908	0.0011481259	0.00013162011	0.00022210546	0.0004276276	0.0007634931	0.0009458803	0.0005056628	0.0076140976	0.00070239493	0.0030971267	0.0043645427	0.04472286	0.00048367732	0.0030040473	0.00062095386	0.0011409862	0.0045553786	0.000156532	0.0045247814	0.0027665037	0.00079847657	0.0026726425	0.0003934173	0.005846894	0.0029321706	0.00030497942	0.025053522	-18.92217254638672
s06e22a	220.0	5.0	0.8620408	0.8620408	0.062920734	0.007942659	0.0015442286	0.0022175005	0.06898093	0.0021098233	0.0015741363	0.0007197734	0.0012631045	0.00011802426	0.0052081253	0.007952589	0.0013959788	0.0001542489	0.0013484469	0.0007030392	0.001022624	0.018713167	0.009818185	0.0010377853	0.0007085358	0.0012899688	0.0012307914	0.00401032	0.048874266	0.012157811	0.0058469167	0.0012765821	0.00068484724	0.001843655	0.004837424	0.00038388273	0.00041618868	0.003611263	0.0029049222	0.0029769682	0.007226056	0.00325313	0.0008715284	0.007226056	0.0018987834	0.015100588	0.008007841	0.0016000256	0.0004692408	0.00094884186	0.003204239	0.0016916904	0.0048169405	0.008055084	0.0015643366	0.0017786234	0.0014858504	0.023483807	0.00044822542	0.0017028173	0.00039790914	0.0010860396	0.0014645576	0.00013348147	0.0081472425	0.0035958162	0.0019541031	0.0010261148	0.0033547604	0.008250131	0.004647408	0.00018385064	0.0081472425	-18.94395446777344
s06e22a	225.0	5.0	0.7512788	0.7512788	0.034723546	0.0044932193	0.00073050644	0.00057639997	0.067174636	0.0007270631	0.0008397271	0.0016050976	0.0003156484	0.00012911738	0.004384014	0.005298089	0.0017194794	0.00049735926	0.0007691467	0.0011899752	0.000928583	0.018316228	0.0050658206	0.0010348053	0.0050658206	0.0013344378	0.0005264969	0.0023999163	0.07152256	0.008324056	0.003648983	0.000554597	0.00017023642	0.0005219703	0.001567735	0.0002170832	0.00017538968	0.042773496	0.042773496	0.02467183	0.030870121	0.1295509	0.009342262	0.1295509	0.0013981821	0.06265266	0.015678095	0.0023949188	0.0012708923	0.00027735558	0.018191967	0.0023557665	0.0018892455	0.0061146244	0.00013652976	0.0014876355	0.0006982044	0.0028979848	0.0003100126	0.005800332	0.00046161335	0.00064851757	0.00028338825	0.00084737595	0.0020882038	0.00086949865	0.0011874547	0.0016631101	0.00083665614	0.008529946	0.00032475955	0.00034162577	0.009770184	-20.06339263916016
s06e22a	230.0	5.0	0.8008396	0.8008396	0.11480155	0.008892133	0.0010712867	0.01377957	0.34043658	0.0025653765	0.0030668818	0.0027080777	0.0005182239	0.0005341886	0.0014903055	0.0076015233	0.00263032	0.00039476433	0.0026433545	0.0008261434	0.009064644	0.08048751	0.005994679	0.0022803869	0.002245578	0.0036189987	0.0010938633	0.0036189987	0.050984867	0.009742294	0.007132922	0.00074270705	0.00021982276	0.00068128406	0.0033582551	0.0002844523	0.0003104675	0.0021865396	0.0021865396	0.0016794357	0.0027882976	0.0036533768	0.0008694672	0.004398513	0.0013957369	0.0110720815	0.017706875	0.0037552263	0.00096204254	0.0021833656	0.018716577	0.0017528113	0.0059111416	0.0067519317	0.000111009314	0.0008659958	0.0018606874	0.008520781	0.000403361	0.0008485892	0.0005252333	0.001340166	0.0005221693	0.0011245614	0.0025676275	0.0015970211	0.0008865754	0.0045274626	0.001755083	0.0033428622	0.0027065035	0.0001215937	0.008462219	-18.53414535522461
s06e22a	235.0	5.0	0.89690864	0.89690864	0.031112157	0.057400536	0.000700418	0.002116098	0.043702688	0.002062089	0.0022665057	0.0035908548	0.00012345648	0.00048549214	0.0014388092	0.011613875	0.0020577016	0.00020754164	0.0014997305	0.00054787105	0.0014109872	0.021175148	0.007884819	0.0032786324	0.0018829582	0.005051131	0.001405211	0.011613026	0.0686908	0.009335013	0.0024871295	0.00090523995	0.0004082978	0.0009143357	0.002899673	0.0001608598	0.00028880517	0.0025550409	0.00054307433	0.00083534454	0.0040522953	0.000648166	0.000110641864	0.0040522953	0.001514759	0.0033997209	0.0019805487	0.00017736302	0.00020489121	0.000468707	0.0012692072	0.00152094	0.001095704	0.010299265	0.00045497098	0.003234183	0.0021260898	0.013323292	0.0018725324	0.009001328	0.00089935947	0.0005598718	0.002193574	0.00021266214	0.0038228345	0.0016355352	0.00032832153	0.001613499	0.0008009971	0.00926765	0.0072601135	0.00032143225	0.01168239	-19.644943237304688
s06e22a	240.0	5.0	0.8311822	0.8311822	0.014566471	0.111016154	0.0013457212	0.0020917691	0.083091475	0.0021254707	0.0039402195	0.019940322	0.00045420206	0.000635137	0.0034075833	0.0024523933	0.0013166561	0.0006595919	0.0044297134	0.00063549186	0.0059623485	0.014267582	0.017003646	0.017003646	0.009913712	0.005477352	0.0010064926	0.005477352	0.06174094	0.0028792543	0.000676921	0.0008422915	0.00021021374	0.0010133451	0.0008964873	0.00021421572	0.0005390589	0.0015685025	0.00080867443	0.0009979237	0.0013542261	0.0011190462	0.0003368531	0.0014579945	0.0016950025	0.0013739865	0.0048906333	0.0019800984	0.00063826033	0.00084314396	0.041076753	0.0012240986	0.0022470965	0.010768723	0.0007804973	0.0020544063	0.0014203503	0.003878444	0.0029790294	0.0037271318	0.0003751341	0.001384316	0.00074040575	0.0005101624	0.0013908572	0.0004012423	0.00036795944	0.0055330787	0.0014830938	0.007951539	0.018999172	0.0001547073	0.018999172	-19.153226852416992
s06e22a	245.0	5.0	0.8513421	0.8513421	0.017679658	0.09001151	0.0004905344	0.003143704	0.16801661	0.0025650372	0.0048273983	0.003746214	0.0019537767	0.00038584007	0.0023274058	0.0024374062	0.002845329	0.0011311711	0.0006713005	0.0021171717	0.0028935212	0.020410517	0.008744793	0.0026581162	0.008744793	0.00095419335	0.0007459856	0.0010509844	0.20478754	0.009509865	0.0024018565	0.0008324462	0.00025366712	0.0014046183	0.0022475745	0.0002740311	0.0013035267	0.00067867734	0.0002041977	0.00054634287	0.0007263432	0.00034348233	0.00010608547	0.0007263432	0.0016638364	0.0011841429	0.0027294387	0.00042617152	0.0005467758	0.00040315455	0.0035104323	0.00082964136	0.0019402603	0.007978901	0.0003076759	0.0016219337	0.00086738606	0.007888663	0.00034202304	0.0027301593	0.00037107614	0.0005681336	0.0006341687	0.00027112025	0.0027236636	0.00026926573	0.00040970725	0.0027648557	0.0013699646	0.0063449703	0.004280084	8.290267e-05	0.010836195	-18.982255935668945
s06e22a	250.0	5.0	0.73208874	0.73208874	0.021896744	0.008277127	0.00019041006	0.0014533374	0.04420303	0.0007070329	0.0013240876	0.0017199673	0.0008803281	0.000116828625	0.0076763975	0.010693889	0.001444806	0.0004761826	0.0015086009	0.00082355365	0.0016362439	0.0035407552	0.015645506	0.00612636	0.0020126835	0.0017465465	0.00064164936	0.0031126803	0.020762868	0.003788845	0.0019477783	0.0006019556	0.0002825341	0.0004412403	0.0009105656	0.00010841781	0.00011711752	0.005123882	0.005123882	0.0015227434	0.0047537335	0.009984485	0.00051674666	0.009984485	0.003197499	0.0129186725	0.03613262	0.003052961	0.0015120093	0.0004567265	0.021449659	0.0037510884	0.0059252046	0.03904856	8.2068975e-05	0.0034519157	0.0006885614	0.002283002	0.0014186017	0.012017911	0.0007152798	0.0008581937	0.00047777372	0.00034044753	0.008855898	0.002060694	0.00063963054	0.006385162	0.0010338746	0.0061956174	0.0024485318	0.00022165697	0.014607596	-19.96083068847656
s06e22a	255.0	5.0	0.7323193	0.7323193	0.033925787	0.00384571	0.0008590913	0.0022646883	0.011715431	0.0010162789	0.0016710176	0.002788682	0.0008156108	0.00043390313	0.0035633706	0.007814673	0.0008442409	0.0007058191	0.00082568027	0.0002666283	0.0017650435	0.039117265	0.006710697	0.0058934484	0.0024541495	0.0036691295	0.0028900963	0.007130784	0.04292847	0.006551599	0.0024676062	0.00073040277	0.00027821446	0.0007799359	0.0034731717	0.0003406566	0.00020159937	0.06629958	0.019815588	0.06629958	0.01747107	0.03134732	0.027353046	0.032992046	0.008350368	0.022883315	0.051139582	0.015972037	0.0012630449	0.0023335123	0.014700815	0.0089049	0.0046980847	0.009611132	0.00029612475	0.0009996641	0.0017738094	0.0031332523	0.00041424364	0.009425278	0.0010915851	0.0018584544	0.0007253419	0.00035232102	0.0057409494	0.0016472772	0.015145722	0.006005631	0.0026411829	0.008231896	0.0011292822	0.00078222546	0.015145722	-21.36247444152832
s06e22a	260.0	5.0	0.84036684	0.84036684	0.060605753	0.0034919323	0.00026767084	0.0019063742	0.07738634	0.0008863579	0.0017405113	0.0010122032	0.00046417632	0.00037909608	0.0018133777	0.0072815837	0.0026963532	0.00049144425	0.0015744818	0.00093251164	0.0025129188	0.061828047	0.00887011	0.0026666704	0.0011208411	0.0013017091	0.00067731395	0.0049286387	0.03840516	0.0059935935	0.0028044973	0.0014727133	0.0005626292	0.0015835561	0.002689979	0.0004065886	0.00047755448	0.012069609	0.012069609	0.010879885	0.010390138	0.023069471	0.0052554975	0.023069471	0.0047223815	0.020557363	0.013318467	0.0021889608	0.00052925723	0.0005961106	0.002174747	0.004363399	0.0019665912	0.009354711	0.00029912856	0.0010953153	0.00071477896	0.0015707533	0.00011847169	0.0063781687	0.0011417097	0.0014158821	0.00028450412	0.0002614509	0.0016492411	0.0009224134	0.010081717	0.004265874	0.0026209946	0.005442064	0.004852416	0.0006873269	0.019797217	-19.305559158325195
s06e22a	265.0	5.0	0.80490273	0.80490273	0.0399044	0.0025824232	0.003296285	0.0028433031	0.20617881	0.0019063978	0.002233085	0.00206647	0.0013750826	0.00030247468	0.0017653257	0.0024318704	0.00333259	0.0011277819	0.0007928945	0.0004033091	0.0054328195	0.04266412	0.0033839424	0.0026134616	0.0033740683	0.003643078	0.001392687	0.0039440035	0.09362763	0.025179572	0.0066207154	0.002443059	0.00075883203	0.0025660964	0.010211763	0.0006777104	0.0006816302	0.0030059572	0.0018836583	0.0030059572	0.014045351	0.006205131	0.0015423432	0.014045351	0.0010874217	0.016375376	0.013042507	0.002469694	0.0048799887	0.0017302269	0.014826939	0.0014050336	0.0046625193	0.0032886611	0.00021602624	0.00071425363	0.00054272293	0.005878343	0.0004479608	0.00078965863	0.0005236616	0.0012860659	0.0007842859	0.00085718406	0.0021507395	0.0017385589	0.0021950242	0.0034734441	0.0008184537	0.0056531415	0.0014126612	0.00044342826	0.004390087	-18.95050430297852
s06e22a	270.0	5.0	0.8788368	0.8788368	0.001873397	0.00091171724	0.00034464957	0.0002461906	0.0021834269	0.00039942248	0.0012243796	0.00459656	0.0003237067	8.719098e-05	0.01758078	0.020236228	0.0017082747	0.00013356819	0.00079065294	0.0001030858	0.00012255766	0.0005552285	0.021895606	0.021895606	0.002897103	0.015038836	0.005152603	0.015038836	0.06535684	0.0041423137	0.0016910463	0.00058122573	0.00027874787	0.0005412976	0.0010938237	0.00012373415	0.00019838689	0.005236176	0.0012068443	0.0026655772	0.001278646	0.0007353608	0.0007664783	0.001278646	0.010403276	0.0027232505	0.008607492	0.00017084817	0.0009766662	0.0002093271	0.0022039772	0.003305704	0.0012694817	0.07390965	0.00031044622	0.0025550066	0.0028505668	0.0011321002	0.00024535522	0.041970633	0.0075479983	0.0008042783	0.0012746796	0.00015705213	0.0052452986	0.00528906	0.0007143639	0.0020799213	0.0009141598	0.01955902	0.0017282087	0.0003052069	0.013877566	-21.204814910888672
s06e22a	275.0	5.0	0.8751213	0.8751213	0.17666909	0.0052083526	0.00048894837	0.012847476	0.15609647	0.0023184458	0.0023265136	0.0011115666	0.0005832735	0.0004766186	0.006827407	0.007408286	0.0023906708	0.00026914998	0.002454731	0.0015466058	0.0032978456	0.024100386	0.014947816	0.0011042283	0.0015223019	0.00060781604	0.00039100196	0.006562785	0.036136597	0.007438037	0.0059714955	0.000928722	0.00027117427	0.0009317789	0.0027919486	0.0003088188	0.00017219187	0.0054102424	0.0054102424	0.0046700826	0.0046773716	0.0071533136	0.002053951	0.008327241	0.0020980132	0.012832868	0.011629721	0.0034104863	0.00072845817	0.0020821681	0.006878463	0.0022980804	0.006809344	0.014905096	0.00024295726	0.0013840068	0.0011336176	0.0058068307	0.0005413167	0.0017246044	0.0011554956	0.0016747898	0.00022197422	0.0006092254	0.0023938913	0.0023832403	0.0009542615	0.0045673517	0.0029831931	0.0047777793	0.004929609	0.00019394705	0.0062829764	-18.55570602416992
s06e22a	280.0	5.0	0.818251	0.818251	0.026790377	0.0044919103	0.0002759584	0.0009795056	0.0067498274	0.001021841	0.0010243352	0.0016387041	0.0047030863	0.0003206701	0.01197137	0.009364468	0.0017208748	0.0005541632	0.00040040913	0.00046923052	0.0015857869	0.02081102	0.016994819	0.0049359566	0.0013422085	0.0026460197	0.0005933492	0.0026460197	0.045752212	0.004549127	0.0015088136	0.0003514599	0.00021167657	0.00040473952	0.0022485477	0.00026734028	0.00025432027	0.0023113305	0.0023113305	0.0015326631	0.0005769528	0.001412138	0.0007620375	0.001412138	0.0043371567	0.005645462	0.027971437	0.008484618	0.00087375136	0.0010643263	0.020128196	0.0039233267	0.0040070186	0.042999893	0.00045823515	0.0018053899	0.0026481356	0.0023417305	0.00019909238	0.0011810524	0.0020759592	0.0020193954	0.0015117718	0.00021331951	0.008499955	0.00302677	0.004487752	0.003974706	0.006066877	0.0047901566	0.0016141183	0.00013049836	0.011949427	-21.52044677734375
s06e22a	285.0	5.0	0.73256	0.73256	0.003507251	0.03660489	0.00044031572	0.001562159	0.014267441	0.0011440265	0.0013945252	0.0055678044	0.00023301497	0.00021689676	0.0014890146	0.0039310153	0.0012251892	7.990569e-05	0.00043152433	0.0013987267	0.00060581206	0.024617393	0.008218181	0.004706547	0.0017578815	0.0025307538	0.0005753332	0.002913149	0.0615883	0.0039753746	0.00056282873	0.00040649503	0.00028716933	0.0007047407	0.001545579	0.00032934855	0.000454736	0.0024019675	0.0024019675	0.0017552376	0.0023997517	0.0010351426	0.00043593548	0.0023997517	0.0014457054	0.0066341017	0.009979094	0.0014616039	0.0002901531	0.00077356404	0.0062374985	0.0013959522	0.0034844768	0.043880742	0.00038791262	0.05086809	0.0027063822	0.00259478	0.0012790504	0.00016984763	0.00037382127	0.00074806	0.00070875493	0.00023410725	0.008517736	0.001790125	0.00035987917	0.0033597527	0.000733353	0.046339165	0.004787325	6.785082e-05	0.07078903	-18.87537002563477
s06e22a	290.0	5.0	0.79471457	0.79471457	0.028980121	0.017148292	0.00029693104	0.006083222	0.24154626	0.0013351719	0.003867043	0.001397854	0.00012934154	0.0005004627	0.0010062965	0.006698969	0.0024189155	0.00062397117	0.0010615339	0.0004139247	0.008583436	0.3268609	0.0029146562	0.0013160995	0.0023108853	0.002650991	0.00052853656	0.002650991	0.05889527	0.0125952875	0.0039343475	0.0011680257	0.00044066086	0.0012187029	0.0063620117	0.0002472338	0.00041469684	0.0010819265	0.0010819265	0.000949664	0.00240529	0.0018220693	0.00046161885	0.00240529	0.0009051671	0.005307138	0.0044486923	0.0015816371	0.0008355726	0.0005075318	0.0105319675	0.001026545	0.0023357738	0.004691376	0.00012515	0.00084297	0.0012926082	0.0022766364	0.00018599063	0.0007629523	0.00031748883	0.0010959202	0.00021521807	0.0005960578	0.0012433111	0.00038995594	0.0010314712	0.0028606753	0.00075801456	0.0022514937	0.002648748	0.00012451438	0.007088876	-18.33208465576172
s06e22a	295.0	5.0	0.5454364	0.5454364	0.007915027	0.02120709	0.0006222267	0.010911597	0.0028815658	0.0017333414	0.025855875	0.0045037	0.00015281714	0.00022401789	0.0009421333	0.02044182	0.00030262553	0.00013558217	0.00065806526	0.0015979285	0.0025982969	0.0039129574	0.009569788	0.008824462	0.00158962	0.012532311	0.007892608	0.012532311	0.7387426	0.08645979	0.049766727	0.0010344491	0.00016546002	0.0021204555	0.04813525	0.002201317	0.017782489	0.0031159783	0.002605789	0.002030819	0.0026694273	0.0045541893	0.0008949068	0.0045541893	0.0007627114	0.011951889	0.014723528	0.0015516173	0.00084041874	0.0021926695	0.0035267598	0.005555921	0.0020299773	0.002296749	0.00044643728	0.0034488838	0.00080171874	0.0011123896	0.00037393087	0.0007371956	0.0001553028	0.0014196113	0.00024412549	0.00047734805	0.0012220017	0.0007086343	0.0017663949	0.011931887	0.0012023763	0.009582008	0.004472066	6.614001e-05	0.019890727	-20.15498161315918
s06e22a	300.0	5.0	0.7700237	0.7700237	0.004843382	0.01871952	0.0004220868	0.0007590494	0.0021166438	0.00068937766	0.0046921796	0.010021472	0.00031123834	0.0001526354	0.001260721	0.016803356	0.0006016541	8.236856e-05	0.005059458	0.00092439086	0.0005616779	0.00068988104	0.03007298	0.007435788	0.0018377703	0.0016971963	0.00057332177	0.0016971963	0.15323086	0.008087955	0.0024740985	0.00035365985	0.00025792624	0.00025479353	0.0018869217	0.00018585093	0.0005864383	0.0022339937	0.0011359568	0.0017882992	0.0009789952	0.00066650636	0.00029063402	0.0009789952	0.0061074765	0.003203065	0.0024629752	7.377705e-05	0.0004432024	0.00018988953	0.000831884	0.0029239934	0.0009831444	0.032798573	0.00086713285	0.055496003	0.006778776	0.0013029061	0.00058875274	0.004020244	0.00032093926	0.0010693657	0.0005775003	0.00020885024	0.0042395936	0.0016981936	0.0033959975	0.029725047	0.00078846834	0.022316273	0.022080615	8.070508e-05	0.050668873	-20.475547790527344
s06e22a	305.0	5.0	0.89870685	0.89870685	0.016683625	0.08468856	0.00021797547	0.007504314	0.05531491	0.0028869896	0.001449143	0.011258714	0.00091950287	0.0003333843	0.0031793583	0.004082891	0.0018282266	0.0009032669	0.0035811244	0.001221214	0.0012024821	0.006941438	0.0073276777	0.0059540938	0.0009089654	0.0007760977	0.0020754377	0.0020754377	0.04294057	0.0019736972	0.00093052356	0.0005995413	0.00012772933	0.00039027503	0.0006937122	0.00015639339	0.00026721187	0.006537942	0.0023377347	0.006537942	0.008046144	0.0043724054	0.0019032449	0.008046144	0.000693857	0.0042411624	0.010866746	0.0014877015	0.0008969145	0.00030412985	0.0071602594	0.0013041266	0.0014329951	0.008788085	0.00021812471	0.0018475675	0.00036033607	0.0027186056	0.000969819	0.0036455211	0.00016474357	0.00072588783	0.00028467234	0.00016627247	0.0025793996	0.0002878793	0.0019452262	0.02378154	0.0015925886	0.005832007	0.0027599286	0.00031905939	0.02378154	-19.457847595214844
s06e22a	310.0	5.0	0.8397954	0.8397954	0.004253252	0.14759871	0.0010056329	0.0006745443	0.0024808096	0.0009117416	0.00300773	0.0075263255	0.00018919444	0.00032183796	0.001963691	0.0030055745	0.0027048024	7.9929e-05	0.002302795	0.00071494415	0.00029307342	0.0005308808	0.008559023	0.0043033212	0.0011865919	0.0025076915	0.002058479	0.0025076915	0.09803445	0.007356164	0.0014600174	0.0010433239	0.0007542576	0.0010816081	0.0064911167	0.0002919707	0.0011509215	0.01928431	0.0022044312	0.0173918	0.0042864005	0.0016936371	0.0035108125	0.0042864005	0.0017826342	0.0067235148	0.0025514583	0.00017455248	0.0001325926	0.00047639644	0.002115029	0.0006754134	0.0013041538	0.0037556314	0.00033587965	0.009288193	0.0051539377	0.005252589	0.0013232342	0.012400976	0.000215935	0.00067716517	0.0015330658	0.0001479022	0.011043762	0.00080760603	0.00042596273	0.00072475255	0.0010558234	0.018551659	0.0022115242	0.00015370977	0.015645493	-20.073862075805664
s06e22a	315.0	5.0	0.8481511	0.8481511	0.014832227	0.06722389	0.00053513335	0.0013380182	0.27265042	0.0011888439	0.0011651886	0.011595536	0.0003039197	0.0004683783	0.0033090902	0.0034181383	0.0062861447	0.0011195345	0.0030085407	0.00061946426	0.003782019	0.04652434	0.006977239	0.0023077892	0.0010832296	0.0052994783	0.0008172819	0.0052994783	0.039926484	0.007347805	0.002468158	0.0015538314	0.0006765762	0.0015112939	0.0018016085	0.00036025417	0.00058678247	0.009028881	0.0016330299	0.009028881	0.00764726	0.0021085318	0.0019214328	0.00764726	0.0011884035	0.0042192484	0.0024211477	0.00046005583	0.00040193848	0.00038334113	0.0049471734	0.001186301	0.0024694472	0.0047125844	0.0002552947	0.0029898565	0.0008787743	0.0016750236	0.0011245373	0.0153233465	0.00053893204	0.0009734918	0.00032278468	0.00022830414	0.0025208318	0.0004936582	0.0004420705	0.0013073462	0.0012266185	0.0074236947	0.0016645216	0.000117267715	0.0025208318	-18.859943389892575
s06e22a	320.0	5.0	0.8760741	0.8760741	0.019478697	0.17936112	0.00023827644	0.00225963	0.13083895	0.0009949143	0.0024914818	0.007076288	0.00056121766	0.0004555727	0.002627682	0.0033669246	0.0030164935	0.00058566633	0.001963779	0.00066299876	0.0040426636	0.021955399	0.010484371	0.009306728	0.0011673516	0.0027621905	0.001181143	0.0027621905	0.0720304	0.005002636	0.0017680521	0.0011071338	0.0006143373	0.00077834114	0.0025032142	0.00042821394	0.0005475033	0.0012646243	0.0008494613	0.0012646243	0.0015117913	0.0010109175	0.00052066316	0.0015117913	0.0008204667	0.003651569	0.007325327	0.0009945125	0.0006323195	0.0009651497	0.015214319	0.00073124195	0.003163145	0.0076311524	0.00088261004	0.0032830453	0.0012334097	0.0058158915	0.0004685594	0.00906055	0.0006346651	0.0013839481	0.0019537217	0.0005200186	0.0021222734	0.00043333767	0.00046646374	0.002682442	0.0014493226	0.0027439217	0.0036262914	0.0002449889	0.0056401514	-18.75303649902344
s06e22a	325.0	5.0	0.8818351	0.8818351	0.010590376	0.29297152	0.0008988964	0.0014903048	0.008529486	0.003234226	0.0016210721	0.004711768	6.69533e-05	0.00024924535	0.0018060439	0.0043654833	0.00096524355	0.0001703764	0.0011797987	0.0011325933	0.0004288373	0.0030563911	0.010483085	0.010483085	0.0047685374	0.0052040056	0.002815993	0.010346445	0.11038166	0.0046348916	0.0010047054	0.0006831588	0.0005484223	0.00058652443	0.0023523073	0.0008011155	0.0007253661	0.004115957	0.0010659477	0.004115957	0.0026356995	0.0008931583	0.0008428764	0.0026356995	0.0011698501	0.0033103926	0.003152942	0.00019483636	0.00016228363	0.0004935142	0.0017627261	0.0011662596	0.0021851147	0.0030474872	0.0011075294	0.002476683	0.0025799836	0.020825366	0.004972226	0.027436037	0.00046740336	0.0005756365	0.00047289458	0.00049588206	0.0050269016	0.00137736	0.000452373	0.0011598791	0.0013136431	0.009796279	0.0030329002	0.00012976897	0.006486155	-19.68693351745605
s06e22a	330.0	5.0	0.7545655	0.7545655	0.0042757373	0.011661048	0.0010932831	0.00037532373	0.0012220336	0.0013509709	0.00091459195	0.0049827946	0.001177386	0.00046278178	0.0027946238	0.007612268	0.0017001017	0.00030118867	0.00066899584	0.00057227706	0.0016600499	0.0003511295	0.024913043	0.024913043	0.004031057	0.003362022	0.009442125	0.009442125	0.064286225	0.0077608735	0.0013064699	0.0012188038	0.0007958107	0.001152768	0.0050103227	0.000386942	0.0004163478	0.0676431	0.0019722343	0.048908185	0.008349744	0.0010710137	0.002409305	0.008349744	0.005969393	0.0043301	0.0010348521	0.0001294758	0.00014312647	0.00050104555	0.0015184531	0.0015277745	0.0009742865	0.002171159	0.00037103298	0.0043198285	0.0019007935	0.001894447	0.00064341817	0.0053677363	7.595856e-05	0.000682619	0.0007471417	0.00028325882	0.0024372104	0.0012854137	0.00077129656	0.0011363518	0.00047544786	0.043419547	0.0018902734	0.00013336824	0.043788053	-19.73119163513184
s06e22a	335.0	5.0	0.6932245	0.6932245	0.005083009	0.18663485	0.00016973722	0.0004884304	0.0013679353	0.0004384734	0.0016634673	0.0035613647	0.00028749366	0.00024242091	0.002914012	0.0039834334	0.0014178312	0.00012856073	0.00089389435	0.0013900574	0.00016286277	0.0004924907	0.030924315	0.030924315	0.002592281	0.0019738767	0.0023251725	0.0023251725	0.069293566	0.004346528	0.0007835299	0.00053198205	0.0007791036	0.0005550621	0.0020146067	0.00021799249	0.00036691225	0.0021832483	0.00064564554	0.0015945224	0.0006398189	0.00042916468	0.0004893997	0.0006398189	0.0015614608	0.0022669663	0.0039964803	0.00011548884	0.0003023879	0.0006226292	0.0009808368	0.00078837294	0.0013398833	0.0011479859	0.00018901215	0.0021755653	0.0040377863	0.018684788	0.0024693604	0.01933888	0.00017332932	0.00072569837	0.003585144	7.737236e-05	0.0044523664	0.0006672957	0.00043965093	0.0009933108	0.00049107056	0.0077339867	0.00069276744	7.6997356e-05	0.03595222	-18.821489334106445
s06e22a	340.0	5.0	0.908461	0.908461	0.017628932	0.07462333	0.0005966023	0.0026206383	0.16590007	0.0029152827	0.0021259554	0.008542311	0.00015606299	0.00038094714	0.0020840208	0.004267515	0.008770748	0.000755972	0.0020759047	0.0004446414	0.0009904145	0.018018825	0.009138711	0.003680138	0.0011393706	0.0030443552	0.0009014618	0.0132311545	0.031847827	0.004560792	0.0023037856	0.0023920336	0.0007057649	0.002218638	0.002514583	0.0003825522	0.000976429	0.0027714977	0.0010053867	0.0027714977	0.002324446	0.00065468915	0.00068271824	0.002324446	0.002312482	0.0020304758	0.0023994413	0.00028990532	0.0003507123	0.00033679514	0.00202226	0.0012129125	0.00198722	0.013081542	0.00039451133	0.0018982864	0.0023485292	0.0058327033	0.0008461044	0.027464839	0.0019290476	0.0007711297	0.0010736325	0.00036656266	0.0025987048	0.0006144945	0.000666018	0.0029740215	0.0012483633	0.005604639	0.0047238343	0.00021721487	0.0047238343	-20.12059783935547
s06e22a	345.0	5.0	0.8567754	0.8567754	0.0045714877	0.05043263	0.0002605419	0.00051338365	0.0032124936	0.0016543965	0.0031766861	0.0074584195	0.000903356	0.000109148394	0.008627424	0.004662774	0.0027273458	0.0006993985	0.0009070738	0.00065807655	0.00022801722	0.00052505586	0.027526163	0.019348342	0.00095911894	0.0012022429	0.0012268324	0.003299462	0.045180105	0.006576674	0.0022059504	0.0009596422	0.0006536311	0.0007404538	0.0022374005	0.00028815333	0.0002371613	0.0035157423	0.0031402467	0.0035157423	0.0047520595	0.00297946	0.0011973977	0.0047520595	0.0028759239	0.014496282	0.0024497341	9.9789475e-05	0.00011362972	0.00036361537	0.0009325365	0.00062253367	0.0013221501	0.013002824	0.00093349256	0.0031062386	0.0040299315	0.003149527	0.0015200169	0.29966116	0.00066158554	0.0004200177	0.0014549729	9.499421e-05	0.009283701	0.0027380798	0.0005729126	0.003858487	0.0016478725	0.025152368	0.0008081818	0.00042842442	0.009283701	-19.43166160583496
s06e22a	350.0	5.0	0.8405475	0.8405475	0.017140668	0.098707154	0.0010747946	0.0010587666	0.051839005	0.0021476205	0.0029071441	0.01112141	0.00042073743	0.00045303215	0.0016247575	0.010508981	0.0037979686	0.0006699328	0.0024083287	0.0005239537	0.0058895717	0.014513431	0.03464035	0.028941602	0.0030685298	0.004630975	0.001742111	0.004630975	0.065000065	0.0059251823	0.0016876027	0.0014835747	0.0004278157	0.00084858795	0.0015375189	0.0005274392	0.00038917793	0.0042077843	0.0014375396	0.0042077843	0.0039433646	0.0016433772	0.0014672357	0.0039433646	0.0020343727	0.008311612	0.007304154	0.0007398348	0.0011753041	0.0002882935	0.049030576	0.0052202693	0.0042919805	0.015940284	0.0006372274	0.0047970265	0.0016377667	0.0044442723	0.0003629582	0.004987776	0.0011078856	0.00074447435	0.0010287267	0.0010269446	0.0029959308	0.0009545894	0.0009956135	0.005137227	0.0026874996	0.00787721	0.0060880273	0.00032857832	0.016525729	-19.92023468017578
s06e22a	355.0	5.0	0.8561438	0.8561438	0.0022290896	0.027839376	0.00467885	0.00023837732	0.003673139	0.0014852498	0.0013490783	0.15909553	0.00025031512	0.0003277792	0.003021244	0.0052805375	0.0014077579	0.0005314228	0.004424665	0.0004589654	0.0010204988	0.00024202139	0.08633529	0.08633529	0.0073783873	0.0020744365	0.0023121247	0.0052504716	0.29548228	0.0092467675	0.0011290546	0.0017771306	0.0012592311	0.0016059215	0.00245489	0.00046580125	0.0014791827	0.0069359574	0.00052176754	0.0049160826	0.0042247316	0.000517615	0.00044730114	0.0042247316	0.0011212924	0.0018621633	0.0009162827	8.941164e-05	8.3880856e-05	0.00018913674	0.0008111913	0.0010791246	0.0005430593	0.0102021275	0.0006207189	0.009760537	0.002415297	0.0041894573	0.0019063487	0.0055967197	5.8887188e-05	0.00063160993	0.0015812771	0.00013598822	0.0031384842	0.00037384353	0.0002206827	0.004443852	0.000339449	0.020426063	0.0022997502	0.0001275644	0.008842723	-19.63994407653809
s06e22a	360.0	5.0	0.813405	0.813405	0.0037185205	0.3929075	0.00064713944	0.0010316569	0.0019080462	0.0046028495	0.0066819205	0.03159417	0.0002949577	0.00035447706	0.0013447367	0.003856184	0.00054617756	0.0001195516	0.0022207354	0.0015169675	0.00052883464	0.0014339971	0.009375808	0.005456365	0.0014709058	0.004516792	0.0018431566	0.004516792	0.1830443	0.0064940234	0.0013618576	0.001058695	0.0015480983	0.0009808429	0.0028295494	0.0011063932	0.0021582022	0.0025546618	0.0009269786	0.0025546618	0.0019535238	0.0008945589	0.0009143105	0.0019535238	0.0011297904	0.0053456333	0.012640271	0.0002283479	0.00042237737	0.0014376321	0.0029640417	0.00062817964	0.003448453	0.00086325983	0.0009933306	0.0012325095	0.000908443	0.0082937395	0.0029640628	0.0048463754	0.00015083066	0.0010681165	0.001537041	0.00049867824	0.0069139735	0.00030318723	0.0007378859	0.0003673967	0.00065059145	0.0033023313	0.0011760108	0.000735569	0.0069139735	-18.24242782592773
s06e22a	365.0	5.0	0.87008256	0.87008256	0.0033171645	0.23946233	0.00038380132	0.0005197324	0.002625838	0.002204731	0.0027752656	0.03350216	0.00014581099	0.0004972704	0.0033883983	0.0029512148	0.0008647672	0.0004872669	0.0020620201	0.00056151144	0.00015885872	0.00107174	0.011502786	0.011502786	0.001154615	0.0022919506	0.0015321436	0.0043511526	0.058287	0.004774171	0.0015415121	0.0011988648	0.0014381668	0.0010765136	0.0021962705	0.001493827	0.00057786645	0.0031154396	0.0015830533	0.0031154396	0.0023790402	0.0012908432	0.0010023086	0.0023790402	0.0013248173	0.0032899086	0.0072020344	0.00033924877	0.00024352825	0.0010200911	0.0021616102	0.0008663586	0.0017960491	0.003736279	0.0012384446	0.0020304574	0.0029069174	0.006335361	0.0043083383	0.044556968	0.00029110129	0.00066318514	0.0026701235	0.00018939354	0.009913094	0.00071744254	0.00066244265	0.0010941796	0.0008726145	0.0053566257	0.0010539542	0.0005204034	0.012561826	-19.7885684967041
s06e22a	370.0	5.0	0.87214416	0.87214416	0.024338251	0.09323267	0.00046182834	0.00314755	0.048846956	0.002170429	0.0031500375	0.008977386	0.00051268045	0.0007889938	0.0022134043	0.00779816	0.0027616168	0.0007678454	0.0016997593	0.0010202476	0.010254166	0.027242174	0.025360342	0.019353975	0.0023054893	0.007887326	0.0018804953	0.007887326	0.06574696	0.007859714	0.0024050933	0.0016797251	0.00048160224	0.001242021	0.0025806993	0.00065827667	0.0006007139	0.0019302443	0.0011529097	0.0019302443	0.0019984047	0.0008801109	0.00078872463	0.0019984047	0.001852101	0.004795581	0.015503146	0.0013954724	0.00092614524	0.0011692975	0.010705559	0.0026901453	0.002804601	0.005657472	0.0008811866	0.0020125944	0.0017769666	0.007868126	0.00033223664	0.0037079048	0.00081038586	0.0025861766	0.0016084933	0.00037572737	0.0027143722	0.00030783846	0.001256086	0.0016632108	0.0020706858	0.002576337	0.0030731382	0.00043407068	0.0034724872	-19.059307098388672
s06e22a	375.0	5.0	0.81597275	0.81597275	0.0032220434	0.07010469	0.0027600361	0.00017759825	0.00091836596	0.001340665	0.0007921325	0.17061648	0.00021009933	0.00037454595	0.0030166798	0.014351133	0.0045542023	0.00039948875	0.008460671	0.00012956435	0.00014731668	0.00021007769	0.02957754	0.01218027	0.0013525229	0.0021833905	0.0046075513	0.0046075513	0.020237872	0.0023511571	0.00079575955	0.0011363216	0.00096329453	0.0011049239	0.0008126988	0.0006809316	0.00020755829	0.076874316	0.0029868148	0.057662293	0.012891612	0.0017174049	0.005497801	0.012891612	0.009410812	0.006941734	0.0038134435	0.00017572111	0.00018905777	0.00049947907	0.001186162	0.002077922	0.0009926666	0.002138722	0.00038517072	0.0019043484	0.0020765974	0.0021665937	0.0007368915	0.010747526	0.000120918	0.0005384073	0.003663914	9.9976256e-05	0.0039024968	0.00018983503	0.0004901266	0.00028273487	0.0005573465	0.017504325	0.0003726645	0.00072284054	0.009212451	-20.757858276367188
s06e22a	380.0	5.0	0.7700984	0.7700984	0.0017295658	0.0413792	0.00069467974	0.00028714028	0.0021920623	0.004450906	0.0008618987	0.0067103594	0.001295805	0.00038591292	0.051264532	0.005430375	0.0020184587	0.0007500917	0.00064064417	0.0004924569	0.00020592453	0.00022744984	0.04746902	0.04746902	0.002317437	0.001250761	0.002030965	0.0025324263	0.05401848	0.0034662965	0.00069491146	0.0010260561	0.00087981665	0.0009963494	0.001564006	0.0007055935	0.0005524376	0.011870765	0.0014565727	0.011870765	0.0028182836	0.0007695247	0.0010534945	0.0028182836	0.0039150617	0.0023418698	0.0017926337	7.5884716e-05	9.104794e-05	0.00041574534	0.0022257343	0.0011472196	0.0011536052	0.0017195989	0.001111628	0.0019274245	0.0023717869	0.002074934	0.0026821524	0.02142887	0.00012253698	0.00056788506	0.00061580545	0.00020320773	0.002414191	0.0006935635	0.0009916684	0.0054483935	0.0009727367	0.008574741	0.0013086287	8.755007e-05	0.013107676	-18.933815002441406
s06e22a	385.0	5.0	0.86485004	0.86485004	0.053002495	0.06996506	0.00092628517	0.0054446273	0.35018682	0.0068889624	0.0028889629	0.003788244	0.0009341932	0.00055499305	0.00094580103	0.0022994352	0.0030563765	0.0012252232	0.0014773969	0.00094456645	0.004831482	0.10526599	0.0077610244	0.0077610244	0.002764489	0.0013038316	0.0006596174	0.0018719665	0.08098546	0.0056262407	0.0021696833	0.0010003691	0.0004922433	0.0011101664	0.003562177	0.00069632754	0.00076012575	0.0016009659	0.0010891478	0.0016009659	0.0074108285	0.002183458	0.00044258326	0.0074108285	0.0011445966	0.004957477	0.0068403496	0.0009740207	0.0015496336	0.0016802904	0.004800415	0.001674581	0.002908744	0.003952215	0.0008706092	0.00078985956	0.0005611144	0.0045491294	0.00066403934	0.012010106	0.000600367	0.001269686	0.00069183187	0.00040221598	0.0029075104	0.0013047004	0.0009506639	0.0036489398	0.0018429655	0.0046041426	0.002771921	0.00020024761	0.003995681	-18.789106369018555
s06e22a	390.0	5.0	0.80876356	0.80876356	0.016344305	0.045580953	0.0013333235	0.0032002938	0.0044837464	0.009137749	0.012551195	0.002270244	0.0023363817	0.0005196881	0.011519372	0.008173982	0.004413448	0.00010347018	0.001829791	0.00070739316	0.0015399981	0.0060321013	0.008560694	0.0053308625	0.00076595624	0.002109977	0.0017182064	0.0049666213	0.039017055	0.0060508796	0.0016789008	0.00061473233	0.00029141034	0.00047228797	0.0026068275	0.00034251803	0.00048650947	0.004354583	0.004354583	0.0035640325	0.0043231077	0.0029362217	0.001524798	0.0043231077	0.0034925032	0.0088695735	0.0046571386	0.000484622	0.0005163808	0.0006290717	0.0017567187	0.0019194876	0.00087389955	0.005837157	0.0007032603	0.003957089	0.002188389	0.020313377	0.00036526186	0.025313376	0.0006123538	0.00058026536	0.0031373166	0.00012048592	0.0054097935	0.0008567052	0.0012597686	0.0021922512	0.0013536847	0.06260902	0.0029717274	0.00066116574	0.007417352	-21.07589340209961
s06e22a	395.0	5.0	0.81923926	0.81923926	0.032581825	0.082518645	0.00025122415	0.005330549	0.42945868	0.001505064	0.00459423	0.0032003894	0.00013992864	0.00037087276	0.001139896	0.00082365563	0.0038338145	0.0029814749	0.0030562747	0.000559832	0.03672339	0.053676177	0.0013677784	0.0013677784	0.000955864	0.0011934493	0.00031348015	0.0011934493	0.08314655	0.010858047	0.0025734494	0.0013187489	0.00032723753	0.0010447397	0.0063859243	0.0008998292	0.0009054327	0.00044555616	0.00044555616	0.00038074926	0.0013248798	0.00085251307	0.00016199684	0.0013248798	0.00049609126	0.0017639297	0.0025212273	0.0007562613	0.00078266085	0.00088490645	0.0067008375	0.00033886716	0.0017340768	0.0031115278	0.00042278084	0.001076656	0.0009898815	0.0034653756	0.00077687914	0.0012903565	0.00044133476	0.0007868783	0.0002754579	0.00029034071	0.0013451447	0.00040732825	0.00038358424	0.0015520317	0.00060071325	0.0022352906	0.0038456772	7.761438e-05	0.0038456772	-18.066743850708008
s06e22a	400.0	5.0	0.7256984	0.7256984	0.008782213	0.013316462	0.00030874842	0.00832971	0.2292458	0.0011491085	0.005873293	0.0024154878	0.000346331	0.00038419044	0.0012817394	0.0014617124	0.0021278337	0.0010928712	0.0035136763	0.00056994567	0.0035928686	0.018225601	0.002520857	0.0013046283	0.0005486442	0.0018784273	0.0003024666	0.0021491733	0.5462423	0.02106323	0.00599911	0.0006041031	0.0005263885	0.00088127184	0.008250826	0.0012615132	0.003633355	0.00030028808	0.00030028808	0.00026272357	0.00034014013	0.000632736	0.00012614926	0.000632736	0.0007063231	0.0014902259	0.0047531333	0.00018380016	0.0003864101	0.0004194979	0.0010562968	0.00092688453	0.0023113394	0.007596535	0.000446387	0.003680911	0.0013599842	0.0043797535	0.002629487	0.0022644482	0.0006510845	0.0008831153	0.00053036114	0.00037785506	0.0016698272	0.00070347416	0.00096350285	0.0077991555	0.0017540985	0.002132089	0.014139081	8.740075e-05	0.0143995555	-19.504472732543945
s06e22a	405.0	5.0	0.7995495	0.7995495	0.0074711232	0.002686426	0.00030534572	0.00022007778	0.00081363245	0.00021961788	0.0012491543	0.0010981263	7.6830125e-05	0.00016352379	0.0036089474	0.0031425464	0.00038452938	0.00013038568	0.001267166	0.0002122129	0.0001924505	0.00045284972	0.0035574462	0.0016691977	0.00042098356	0.0012861345	0.00054636656	0.007838574	0.056601923	0.010051434	0.0045214533	0.0013785581	0.00038257614	0.0013956692	0.008313553	0.001199702	0.00027357062	0.0038572429	0.002686941	0.0038227744	0.002662719	0.0018123956	0.000945384	0.002662719	0.00556889	0.0052199275	0.008145616	0.00033580442	0.0005660351	0.00048437816	0.0015115322	0.0073446585	0.0022965567	0.058110476	0.0013949303	0.017650854	0.015132668	0.003347794	0.0009070021	0.002857398	0.0020196992	0.00097324746	0.002455817	0.0002528018	0.015120862	0.008212815	0.0034128032	0.0037468532	0.00328264	0.012621722	0.0017279142	0.0009815721	0.036337983	-19.25867462158203
s06e22a	410.0	5.0	0.88512385	0.88512385	0.103352465	0.009852084	0.00033416483	0.0036917373	0.5256558	0.0023726332	0.0018287993	0.00044976606	0.00086538465	0.00026064404	0.0040951017	0.0021990205	0.00923061	0.0008704793	0.001146415	0.0016852379	0.0029300926	0.038095478	0.013544504	0.00064696925	0.0019755203	0.0005850925	0.000560931	0.0011995147	0.021767918	0.0034579113	0.002007034	0.0005940291	0.0002013717	0.00055416685	0.001344923	0.00020581971	0.00022311769	0.0011036715	0.0010458007	0.00050797174	0.0016201817	0.0026920058	0.00028263137	0.0026920058	0.0010540276	0.008318885	0.005906198	0.00072225864	0.00050719955	0.0002316705	0.0028814536	0.00048117706	0.003488168	0.0058755986	0.0001707687	0.0013825906	0.0008726323	0.003443604	0.00014685665	0.0007984297	0.0010916033	0.00057855836	0.00041133448	0.00036257296	0.0018658353	0.0008559944	0.00047261608	0.0025447747	0.0014053388	0.0026149834	0.0016278303	0.00019205749	0.0025447747	-18.318117141723636
s06e22a	415.0	5.0	0.89047277	0.89047277	0.064171575	0.023664912	0.0002872386	0.0024566385	0.17888483	0.0020536615	0.002601116	0.0014958284	0.00028174973	0.0012160069	0.004789643	0.0014352219	0.0020623687	0.00099049	0.0010178908	0.00034519692	0.0014687071	0.040834267	0.012551337	0.0016975389	0.0026653544	0.001180327	0.00046583542	0.0029777861	0.038301997	0.0065677576	0.0054259086	0.0016013912	0.00067490246	0.001939904	0.0021137693	0.0003498219	0.00040400232	0.004755146	0.0034177792	0.004755146	0.008437301	0.009729266	0.0014775869	0.009729266	0.0013743856	0.00975359	0.010009629	0.0023819641	0.00088295416	0.0010864721	0.0042749494	0.0014708317	0.0033452574	0.0045696413	0.00042947265	0.0015738882	0.00081032707	0.004688264	0.00013075596	0.0010829117	0.0013058318	0.0011341361	0.0009125663	0.00084812805	0.001971007	0.00114829	0.00088532385	0.002802691	0.0021476368	0.0026341958	0.0019527782	0.00034374575	0.002802691	-21.17302131652832
s06e22a	420.0	5.0	0.880506	0.880506	0.031049684	0.014758356	0.0002368603	0.0024316045	0.41901666	0.00049983204	0.0010590239	0.0013811666	4.870534e-05	0.00021025844	0.001157412	0.0028748328	0.002796284	0.0014545773	0.0023632285	0.00021010415	0.00683209	0.16264912	0.0017624936	0.0015703496	0.0007511692	0.0046925894	0.0003115266	0.0046925894	0.033856947	0.009903215	0.0029922456	0.00085123663	0.00017557254	0.0009273443	0.0018951839	0.00019601811	0.00017570033	0.0005545325	0.0004054758	0.0005545325	0.0013021263	0.00076075864	0.000285089	0.0013021263	0.00030459414	0.0022131717	0.001604345	0.00030507075	0.0006569298	0.00024340756	0.004569114	0.00061181013	0.0014624601	0.0038152842	0.00015498075	0.0008266502	0.00065009616	0.0019174179	7.594842e-05	0.0009895307	0.00025525625	0.0004489787	0.00029994873	0.00013922526	0.00090484414	0.00020970665	0.0010343362	0.0025512085	0.0005027439	0.0008585344	0.0016584306	9.4114934e-05	0.006428085	-18.63578987121582
s06e22a	425.0	5.0	0.69054234	0.69054234	0.080019444	0.006953011	0.0004507137	0.0041369884	0.0134329805	0.004461087	0.010122105	0.00025642783	0.0070624272	0.00048629666	0.018502384	0.002720957	0.00016750653	7.402681e-05	0.0006648743	0.001335252	0.0007391125	0.005737445	0.0035798058	0.0016022995	0.0010724933	0.0013528423	0.00072769215	0.0027809963	0.06127151	0.008604038	0.0029215824	0.00077425246	0.0003625434	0.00062528625	0.0049595027	0.0006894788	0.0004971732	0.001247388	0.0008950419	0.0011385677	0.00045412587	0.00067134853	0.00087722624	0.00067134853	0.0011173578	0.0028675103	0.0026200325	0.00032156895	0.00038267788	0.00038908052	0.0018530241	0.00063378405	0.0010626039	0.0076690423	9.715394e-05	0.0032035962	0.0013884763	0.01809398	0.00014387057	0.0012875065	0.00058400753	0.0017816474	0.0026271483	0.00026205063	0.0021627839	0.0024036956	0.001645375	0.003462887	0.00045360232	0.0032694144	0.0014048531	0.00018437959	0.01685226	-18.470705032348636
s06e22a	430.0	5.0	0.73711675	0.73711675	0.021979917	0.007854878	0.001487312	0.00312813	0.00869213	0.0016017831	0.0022737538	0.00078333466	0.001219252	0.00014057512	0.008481738	0.0025245755	0.00085310824	0.00016105901	0.001863691	0.0007691251	0.0003450268	0.0025432294	0.0037818593	0.0037818593	0.0012115205	0.0036411502	0.0013698603	0.0036411502	0.09902535	0.014279242	0.003961711	0.0009260155	0.00047851502	0.00089667016	0.0041340506	0.0008546741	0.0006896713	0.00068265543	0.00038638856	0.00036918622	0.00050163287	0.00030623228	0.00014838757	0.00050163287	0.0004662948	0.002246033	0.0020493525	0.00013036007	0.00037290598	0.00046776482	0.000980743	0.0004075605	0.0010777469	0.011922704	0.0011033025	0.007426418	0.03363833	0.0068727904	0.00018914124	0.0022658112	0.004938454	0.0048912023	0.0024703343	0.00043307795	0.005425402	0.0032640314	0.0002652824	0.0021421686	0.007054774	0.0039415373	0.0063695344	7.9795274e-05	0.015123142	-18.864425659179688
s06e22a	435.0	5.0	0.88527954	0.88527954	0.056520708	0.014386175	0.00067190477	0.0033298985	0.06394972	0.0013816258	0.0025256132	0.0005980754	0.00046976263	0.00016904817	0.00082760304	0.013155937	0.00083675503	0.0001355805	0.0021481959	0.00020122316	0.0014413367	0.038586326	0.0047894884	0.0041055228	0.0010688412	0.0018457929	0.0008572098	0.0056029465	0.04248253	0.007875626	0.0036501396	0.0011756804	0.00039452146	0.0011172652	0.002887639	0.00055600196	0.00023429816	0.001723695	0.0006164044	0.00057416665	0.0015239184	0.0006895104	0.00014640615	0.0015239184	0.00066937885	0.0041211843	0.0017454197	0.00032551092	0.0003003485	0.0011698317	0.0010899927	0.0009887363	0.0009975083	0.009539898	0.0024516596	0.0029525862	0.0027749436	0.015313119	0.00029356676	0.0026634915	0.000757564	0.0011886831	0.0021702112	0.00014309562	0.009509385	0.0020916336	0.00081680267	0.0022896968	0.0014131723	0.0063116695	0.015776614	0.00025098235	0.015776614	-19.14766311645508
s06e22a	440.0	5.0	0.86636317	0.86636317	0.031033462	0.040892784	0.0005914084	0.00069823366	0.0037037004	0.00093726726	0.00252712	0.0010952824	0.00023245245	0.00020366335	0.0066406066	0.0018727883	0.00037157934	0.00016259588	0.0011974222	0.0008372407	0.0002726673	0.002530537	0.0025156492	0.0014674376	0.00054477795	0.0015325462	0.0006466259	0.002836217	0.031840213	0.006615177	0.003019927	0.000807379	0.00056303234	0.0008464697	0.0032733607	0.0002611445	0.00029924265	0.0013735474	0.0008427146	0.00078121235	0.00096392154	0.00045839002	0.00034635197	0.00096392154	0.00079726765	0.0033905986	0.0025212707	0.00016691917	0.00015620085	0.00043297722	0.0014072639	0.0004359789	0.00091458234	0.0063915425	0.00048727012	0.0062486865	0.0028794813	0.00916925	0.00079107156	0.008354001	0.00042106042	0.0012554133	0.010799701	0.0001644032	0.00858357	0.0021670826	0.0005368663	0.0013352534	0.000551382	0.0032814448	0.0015026919	0.00025469493	0.07830372	-20.51209259033203
s06e22a	445.0	5.0	0.7657382	0.7657382	0.06943169	0.011602982	0.0002250652	0.005756872	0.19264196	0.0003950502	0.0035898858	0.0017856641	0.0008982231	0.0005852431	0.0022102061	0.0023821	0.001662704	0.0010662925	0.0076415087	0.0006792568	0.017409476	0.007150619	0.0025174327	0.0023830656	0.00089582906	0.003875218	0.00040585766	0.003875218	0.040057022	0.011835798	0.0038131643	0.0015024393	0.00034995616	0.00097539695	0.0034649826	0.000120439625	0.00033156425	0.0030800956	0.0009275724	0.0030800956	0.002569048	0.0016973626	0.0007547616	0.002569048	0.0011256476	0.0023505567	0.0020392498	0.00077827217	0.000636725	0.00071802735	0.005846883	0.0009865646	0.0019281702	0.01828722	0.00016409218	0.008824437	0.0013631942	0.0035704344	0.00047924538	0.0021734496	0.0005829889	0.002162894	0.0003648475	0.00055606	0.0059235874	0.0021717832	0.0007414709	0.006914291	0.0007561215	0.0041062054	0.007535314	0.00012944333	0.010866777	-18.34276580810547
s06e22a	450.0	5.0	0.4836753	0.4836753	0.00343036	0.0016102073	0.0012652664	0.0148157645	0.0051976214	0.0013015028	0.07922031	0.006450137	0.0004238793	0.00014109955	0.0025395162	0.003619157	0.00094860326	0.00010495551	0.0015104639	0.00044288987	0.002549549	0.0071138097	0.01687135	0.01687135	0.0037553818	0.07804618	0.053712167	0.07804618	0.70476085	0.11741132	0.09333691	0.00084713375	0.00022478	0.0009051792	0.063048236	0.00077243516	0.0071873884	0.00041297483	0.0003952823	0.00032485306	0.0016156905	0.0009851744	0.00016778645	0.0016156905	0.00041296225	0.004811855	0.0012885205	7.3293755e-05	0.00036316674	0.000103892446	0.00075672776	0.0017927496	0.0003247608	0.004386287	0.00025401782	0.007643157	0.0004436238	0.0014795518	0.0012280997	0.0004902214	0.0002512869	0.00016440416	0.0004535781	0.00023622139	0.0007080609	0.00051295024	0.0019799862	0.012744677	0.00021089149	0.0026506835	0.003625952	0.00021721155	0.041093115	-19.905105590820312
s06e22a	455.0	5.0	0.7995804	0.7995804	0.0045983423	0.062030002	0.0006755682	0.002029989	0.0031310576	0.0011024079	0.012779265	0.009591915	0.00021050879	9.2815746e-05	0.012075348	0.012955414	0.002515679	0.00034138843	0.0035326972	0.00089314557	0.0010142892	0.0023833537	0.00393086	0.00393086	0.0012905224	0.0010894472	0.00066605135	0.0010894472	0.23459147	0.012985144	0.0013264543	0.0005155767	0.000246925	0.0013077267	0.0051206625	0.00016306556	0.0010262135	0.0009199603	0.0005565884	0.00057672884	0.0010039299	0.00036751613	0.00019014065	0.0010039299	0.001449016	0.0011829118	0.0030600228	0.00011066509	0.0001406136	0.00032247155	0.0010212327	0.00087941176	0.0009646607	0.028807871	0.00036376464	0.01929637	0.009556339	0.0031259004	0.008014856	0.0038710271	0.0006319496	0.00063944067	0.0010226195	0.000240846	0.0007667099	0.004010857	0.0003289566	0.0033494632	0.0005879637	0.004391957	0.016337477	0.00010707414	0.08571048	-20.02989196777344
s06e22a	460.0	5.0	0.73601353	0.73601353	0.008462747	0.0064901267	0.00028531847	0.00044300727	0.0014097919	0.00019439936	0.002132152	0.0006015128	0.00038812455	0.0008833724	0.002868387	0.010657598	0.0004403711	4.543195e-05	0.0009355053	0.00072607916	0.0003622974	0.0010199483	0.0062043993	0.0017520932	0.0022319655	0.004386508	0.0008507626	0.004386508	0.102852836	0.014743167	0.005369702	0.0020180168	0.0015667098	0.001820944	0.006982448	0.00043576554	0.0009846006	0.004151078	0.0021329457	0.0023236026	0.0029069989	0.0012991811	0.0005794521	0.0029069989	0.0036619685	0.005785019	0.0040808814	0.00020471858	0.0013136044	0.0007640343	0.0015402099	0.001320428	0.0012682804	0.028391106	0.0010771197	0.01213807	0.0063979286	0.009407856	0.0011785171	0.0057789613	0.0006047206	0.0011053924	0.007073049	0.0008262989	0.007933977	0.00786807	0.0012346337	0.0028530348	0.0005037935	0.00762147	0.0037193915	0.00028314948	0.04291411	-19.892967224121094
s06e22a	465.0	5.0	0.8197411	0.8197411	0.067403525	0.0055821957	0.00052750984	0.0020589111	0.046993982	0.00084163126	0.0017506409	0.00048026472	0.0009044253	0.00034495234	0.005993108	0.012327028	0.0037634913	0.00020072628	0.0011214579	0.0016059261	0.0027865665	0.018466258	0.008953698	0.005206964	0.0024509367	0.0031793374	0.0017459365	0.0031793374	0.05828776	0.010331921	0.0052827518	0.0009671449	0.00039545284	0.0010746731	0.00885573	0.00062816043	0.00032267362	0.0060820463	0.0060820463	0.001803993	0.0036042004	0.008929115	0.0016562293	0.009999654	0.0017044961	0.024027212	0.011786265	0.0021470217	0.0011620983	0.0009662754	0.02028577	0.0020696654	0.0024172936	0.00906751	0.00046209872	0.0020927805	0.00093164394	0.010157703	0.00065628026	0.005068999	0.0003710075	0.0024029138	0.0013221054	0.00079914794	0.0051157307	0.0042320136	0.004934882	0.0020485509	0.0013769954	0.00638446	0.0015994422	0.0002872912	0.008971728	-19.80083274841309
s06e22a	470.0	5.0	0.9015015	0.9015015	0.026222175	0.012271825	0.0007898031	0.0033813124	0.27537555	0.0038034536	0.0020703264	0.004616695	0.001698889	0.00037352755	0.011598313	0.0036256695	0.003875056	0.0014254982	0.002017627	0.00087802985	0.0017158141	0.01895097	0.013404169	0.0043311566	0.0016905039	0.0020545647	0.0009755884	0.0020545647	0.03993226	0.006343615	0.0034710104	0.00078688236	0.00033386104	0.0009177466	0.002272189	0.00017251809	0.0002053009	0.0013773639	0.00070996094	0.0013773639	0.0043847426	0.0009621232	0.00041032364	0.0043847426	0.0014266329	0.004133448	0.004162084	0.00030276147	0.00054526783	0.0002811682	0.0011831513	0.002631814	0.0015718903	0.00711576	0.00017682757	0.0016410672	0.00061515166	0.0027167676	0.00011081335	0.0039140037	0.00110899	0.00063580327	0.00045633048	0.00027819775	0.0026230933	0.00093268935	0.0012753621	0.0049438253	0.00090570236	0.0077229105	0.0024169704	0.00016542942	0.0060277632	-20.18643951416016
s06e22a	475.0	5.0	0.7828161	0.7828161	0.009723745	0.00468848	0.0004125829	0.000657107	0.0005801078	0.00087379676	0.0048414636	0.0139585845	0.0016616208	0.00025334736	0.0035935207	0.009829299	0.0014002249	0.0005874282	0.001154446	0.00013235284	0.0012745485	0.0017928232	0.15603131	0.025316771	0.004217706	0.0119768875	0.012710189	0.13174029	0.08523316	0.01864668	0.006848031	0.0010814113	0.00049518276	0.0010599676	0.0017657408	0.00014973643	0.00038162465	0.006635968	0.0009829646	0.004299588	0.01775184	0.0013289119	0.00051996857	0.01775184	0.0014328558	0.0056791822	0.0058017676	0.00016923074	0.0004333418	0.00018651027	0.0012783154	0.0024981177	0.00069195183	0.0011678193	0.00030456972	0.0014262749	0.0006638491	0.001055909	7.268072e-05	0.00082891947	2.6158617e-05	0.0022713935	0.000626753	0.00045991535	0.002174844	0.00029149314	0.00033999342	0.00043973915	0.00017178009	0.0134216985	0.0019113582	0.0010595502	0.002174844	-24.443195343017575
s06e22a	480.0	5.0	0.8283655	0.8283655	0.00554992	0.005999127	0.0049799867	0.0004465041	0.0013933284	0.0011974542	0.0037717333	0.011661417	0.0001814764	0.00042381886	0.01466063	0.002466088	0.0008967846	0.00020108871	0.0023336378	0.00016795963	0.0002721406	0.00039871602	0.011589779	0.011589779	0.0033432627	0.004844467	0.0020290262	0.004844467	0.019459328	0.009606579	0.005140123	0.0010297475	0.00022350627	0.0009397639	0.0028692875	0.00029647534	0.00013059448	0.001883635	0.0004638386	0.0003684535	0.00075065333	0.00015365408	9.02575e-05	0.00075065333	0.0010412297	0.00094171247	0.0008977978	4.1551266e-05	0.0001544423	0.00011076401	0.00070799474	0.0012323017	0.00033957718	0.0030598366	0.00030552162	0.0024121925	0.0023682704	0.0062794136	0.00024160086	0.003609952	0.00023389082	0.00043214142	0.00504782	0.0006669839	0.004654529	0.003285315	0.0005553632	0.00038316593	0.0002893884	0.0078108427	0.00090638647	0.00043366227	0.0052722963	-20.017017364501957
s06e22a	485.0	5.0	0.8487954	0.8487954	0.024940902	0.037067793	0.0007424494	0.0048876293	0.58886534	0.0011087281	0.0019553655	0.0038238168	0.00016953664	0.00080330786	0.003531475	0.0014843731	0.0025628582	0.0011718989	0.0016812329	0.00014689502	0.004611612	0.1835285	0.0021510485	0.0021510485	0.0015655452	0.0064399485	0.0010863851	0.0064399485	0.054945525	0.013166757	0.0041181757	0.0010682619	0.00038168306	0.0014318416	0.0022450374	0.00039366397	0.00060570874	0.0002744081	0.00021090056	0.0002744081	0.0009262459	0.00032133178	0.00011235735	0.0009262459	0.000525414	0.0012839081	0.0011777141	0.00018906785	0.00052115374	0.00046819975	0.0012837382	0.0004439978	0.001564607	0.0023848484	0.00055323035	0.00058365555	0.00061617914	0.0047603524	0.00093813345	0.0033267762	0.00051710237	0.00056889735	0.0003266755	0.00030630763	0.003427934	0.00075674284	0.00055621186	0.0025390633	0.0012293409	0.0019955682	0.0026290945	9.3251336e-05	0.003427934	-18.12607765197754
s06e22a	490.0	5.0	0.7711065	0.7711065	0.02183263	0.008699077	0.001470301	0.00045504255	0.026058305	0.017280998	0.0028613922	0.002602096	0.0020718223	0.0008515153	0.055404585	0.0018436436	0.005498067	0.0010764956	0.0005846861	0.00019832786	0.00023971841	0.0019769254	0.056593433	0.0031743904	0.056593433	0.0014680051	0.0006820571	0.0016167046	0.027207857	0.007789486	0.002609358	0.0006228218	0.00033900997	0.0006122231	0.0030347304	0.00022587932	0.00027437593	0.0011567633	0.000819228	0.00051407557	0.00053063896	0.00033191437	0.00026401397	0.00053063896	0.0012185315	0.0010150742	0.0017446672	0.00014842012	0.00024404614	0.00040330447	0.0033705265	0.0013050161	0.00050691416	0.0023134812	0.00010264489	0.0011954381	0.0010855177	0.006962948	0.001890971	0.0012036636	0.00033411547	0.00042916057	0.0004699693	0.00080179976	0.01138961	0.004899909	0.00094064174	0.0011373991	0.00047304961	0.059835844	0.00046388572	0.00023054366	0.016802127	-19.32876205444336
s06e22a	495.0	5.0	0.85343707	0.85343707	0.0071731624	0.16295363	0.00034319644	0.00024511883	0.00043023785	0.0004064363	0.0016634641	0.014683869	0.00012422334	0.00031387398	0.0023142959	0.0017707228	0.00032716265	0.00020109233	0.0036211333	0.00019359251	0.00014398913	0.0002996032	0.0035404605	0.0020464894	0.0010149871	0.0009034124	0.001214276	0.001214276	0.021658141	0.0030147345	0.0009130073	0.00080613204	0.00047592938	0.000862824	0.0010181657	0.00054279435	0.00018708645	0.02985339	0.001389131	0.02985339	0.0015678275	0.0006812769	0.0032498566	0.0015678275	0.0023835874	0.0014228107	0.0024160624	0.00019466404	6.997619e-05	0.0005118213	0.0010792469	0.00054279435	0.000974774	0.0003817933	0.00019787964	0.0008625502	0.0012149105	0.0014338646	0.0005576892	0.03237639	5.035591e-05	0.00039031374	0.0015222817	0.00012786266	0.0013918682	0.00077469123	0.00022000224	0.00021643631	0.00089792954	0.02247978	0.0002877937	0.0002757664	0.008392615	-20.68846893310547
s06e22a	500.0	5.0	0.7634647	0.7634647	0.0040570656	0.0073260968	0.0035178177	0.00080811407	0.005714284	0.0042280024	0.0015841059	0.021289721	0.00028928136	0.0007432289	0.008213088	0.013913261	0.062368624	0.0019078018	0.0008329064	7.0666625e-05	7.5535136e-05	0.00038636866	0.042522784	0.042522784	0.005184093	0.00801279	0.0014846665	0.00801279	0.0075890403	0.002877943	0.0011467143	0.0005336547	0.00039195622	0.00044828164	0.0012404622	0.00026026435	0.00013260738	0.0036708326	0.00066552823	0.0006585113	0.00084493536	0.0001354425	0.00020475588	0.00084493536	0.00501114	0.0007570422	0.0020641643	0.00015098766	0.00035331261	0.00021734124	0.0010149794	0.0029229228	0.00042461354	0.0069907117	0.000116886906	0.0004186506	0.007167198	0.001418593	0.00016529066	0.006395825	0.0015473505	0.0005422276	0.0018551826	0.0003305801	0.0036306079	0.0016465189	0.00080368645	0.00052891904	0.0012799181	0.008462175	0.0016597322	0.00067999645	0.0058061588	-24.60737419128418
s06e22a	505.0	5.0	0.89415926	0.89415926	0.019248031	0.003468285	0.0038013074	0.0004503218	0.0061404426	0.010618608	0.0012055816	0.011636826	0.0014967396	0.0009848713	0.0100603625	0.0018111444	0.008961771	0.0011239697	0.0023738875	0.00036775882	0.0003169236	0.0002859241	0.030249223	0.022668079	0.025726894	0.003469495	0.0014775398	0.014804556	0.025561465	0.0035650523	0.0010344303	0.00033814815	0.00023935277	0.00030878608	0.00061642175	0.00025975564	0.00013985221	0.0020441008	0.0008644966	0.0013936993	0.0022919911	0.00028776267	0.0004667344	0.0022919911	0.003258873	0.0019247202	0.0010676627	0.00016820437	0.00028073776	0.00063709286	0.0021604544	0.002431202	0.0007271116	0.0012076522	0.00019827153	0.0009660987	0.0014594613	0.002753834	0.00020500728	0.0012748229	0.0001538259	0.000638819	0.0009683214	0.00034830376	0.0043321233	0.00092117646	0.0006146383	0.0034328324	0.00035340287	0.004885663	0.0011930936	0.00055869314	0.0043321233	-25.128475189208984
s06e22a	510.0	5.0	0.7064644	0.7064644	0.06068516	0.021238431	0.0002442873	0.0047453935	0.18305483	0.0008804976	0.0016704376	0.0011081178	0.00033098157	0.00019017745	0.0012522808	0.0038767573	0.0006710127	0.00066245685	0.0053319926	0.00052852323	0.048676495	0.019726044	0.0041021165	0.0035150158	0.0027461748	0.008813533	0.0014706418	0.008813533	0.026405076	0.009742791	0.0029470578	0.0013035334	0.00040655604	0.0009011565	0.0088657215	0.00027024743	0.00025330027	0.003388556	0.003163312	0.003388556	0.0038782563	0.004387795	0.0010701851	0.00493524	0.0015331374	0.007739514	0.022217227	0.0054103835	0.0019981177	0.0013325447	0.020131106	0.0010908471	0.01262423	0.009598131	0.00011711529	0.0017677719	0.0025264951	0.0029437838	0.002014626	0.0015900234	0.0005492499	0.0023913896	0.00022707929	0.0009923829	0.0028518573	0.0023025463	0.0012733532	0.0039728526	0.0011570113	0.0059842854	0.0031739906	0.00015887873	0.018089196	-18.18583297729492
s06e22a	515.0	5.0	0.86872476	0.86872476	0.110788	0.011861982	0.0031953645	0.0027149725	0.11921589	0.020983035	0.00577895	0.0013649006	0.0029440748	0.00031272016	0.060134534	0.012876675	0.0039573763	0.0011147095	0.0026249515	0.0011625694	0.000986652	0.011743548	0.042531427	0.013967933	0.0035501502	0.005844533	0.0022949337	0.005844533	0.047173332	0.01435834	0.0041006086	0.0010483804	0.00029908406	0.00091794296	0.0092198225	0.00030249718	0.00032495684	0.0026165522	0.002315862	0.00063842186	0.0024656914	0.0011837116	0.0002665813	0.0024656914	0.0014356024	0.0107021555	0.0022169233	0.00029446065	0.00044244743	0.00050705747	0.0011261496	0.0015691015	0.0010283251	0.0112036485	0.00029188886	0.006974352	0.0010568913	0.008777155	0.000115427065	0.0005076605	0.0010968414	0.00045233028	0.0015138425	0.0002530005	0.005883216	0.0015116927	0.00056106894	0.0047545317	0.0005519268	0.00495395	0.004423476	0.0001759092	0.01315338	-19.47079086303711
s06e22a	520.0	5.0	0.85639006	0.85639006	0.033544168	0.042589184	0.00040997742	0.004002667	0.400499	0.001650842	0.0038205325	0.0022745684	0.00034399025	0.00037391981	0.0021901191	0.0015840312	0.00787465	0.0019920622	0.0032070973	0.00046380304	0.0034936054	0.03820451	0.0031136775	0.0031136775	0.0013293099	0.002902135	0.0006782225	0.002902135	0.03872512	0.009108097	0.0039144424	0.00091412145	0.0002255249	0.000839216	0.002937815	0.00027202387	0.00037563013	0.00041010135	0.00037848778	0.00039901602	0.0007334128	0.0006144825	0.0002065985	0.0007334128	0.0008344436	0.0017319492	0.001657119	0.00034234335	0.00090759504	0.00031760265	0.0056736674	0.0006212889	0.0018257849	0.008198112	0.00021603385	0.0021538772	0.00087676663	0.0028146221	0.00027811236	0.004587255	0.00072813506	0.00080908876	0.0003438006	0.00038310568	0.0015596278	0.0008748448	0.0006035449	0.003916434	0.002048821	0.005070134	0.004003045	0.00017127079	0.004003045	-18.83201789855957
s06e22a	525.0	5.0	0.8730907	0.8730907	0.045031495	0.05806795	0.0012920437	0.003976906	0.32199907	0.0029989376	0.0021080682	0.0044006603	0.00013015165	0.00032776114	0.00090145064	0.0062295	0.009404119	0.0006713607	0.0024965403	0.00063870335	0.0051172217	0.20562741	0.0039552306	0.0027312601	0.0012699533	0.0024208103	0.0008782864	0.0027534803	0.05265833	0.011228238	0.0059382566	0.0012887781	0.00055305165	0.0013903718	0.009647647	0.00051830546	0.0006382129	0.0007036411	0.00039495065	0.00042672886	0.0018840088	0.0006169683	0.00013574997	0.0018840088	0.00094026094	0.00255903	0.0025955995	0.000439806	0.00049186224	0.000739661	0.0028645438	0.001041125	0.0017744766	0.0051320633	0.00094295514	0.0016733155	0.00080664345	0.007565239	0.0008349272	0.004707119	0.00044571864	0.0006197223	0.0007852023	0.0002636706	0.0024220324	0.0015058869	0.00064393476	0.0017503634	0.0024058416	0.0032663022	0.005749306	0.00021528208	0.005749306	-18.87212562561035
s06e22a	530.0	5.0	0.84408396	0.84408396	0.014524504	0.024271885	0.000544018	0.0002920662	0.0015544995	0.0004966084	0.001940252	0.0033995495	0.0011285482	0.00060838315	0.005668446	0.005120728	0.0015481869	0.00027291698	0.0023967102	0.00053335464	0.00019745086	0.00055281766	0.008449226	0.008449226	0.005381438	0.0035689166	0.0016552228	0.0037299446	0.055034	0.014290281	0.004359051	0.0014560776	0.0010995917	0.0018441798	0.0062707076	0.00045698453	0.00039005282	0.009276884	0.0018543034	0.008690237	0.004584086	0.0010278465	0.0019031832	0.004584086	0.0033253613	0.003771751	0.0014232032	9.50002e-05	0.00034664135	0.0004330992	0.00094825757	0.0011816955	0.0009771651	0.003568189	0.00019182579	0.0064853006	0.0034808528	0.0052274107	0.0013063984	0.05793572	0.0003055685	0.0005438554	0.0021621122	0.00024162848	0.006449001	0.003255682	0.0006235161	0.0015298694	0.0007310141	0.014478397	0.0017468908	0.00045642073	0.01348793	-20.368412017822266
s06e22a	535.0	5.0	0.82573307	0.82573307	0.011862105	0.059391275	0.0008007606	0.0007446989	0.0016114862	0.004921287	0.0051019886	0.03475112	0.005279651	0.0005832852	0.005425173	0.0031617412	0.0016830923	0.000676185	0.0009211268	0.00026159978	0.0005083973	0.00063894445	0.02191504	0.018085405	0.007198387	0.00232406	0.0025334188	0.0085747605	0.11432045	0.0069123437	0.00073688204	0.0012021249	0.00039971806	0.0027648308	0.0009824979	0.0006252826	0.0010930691	0.011896712	0.00051363034	0.009268675	0.002097125	0.0002366066	0.0012013236	0.002097125	0.001956841	0.0008957206	0.0015742285	8.8035296e-05	0.00016296591	0.00046933585	0.0011480012	0.0009295005	0.0006204992	0.0014198155	0.0006818472	0.0009731293	0.00061274116	0.0034003397	0.00027909648	0.049593788	0.00014912587	0.0011704464	0.0012292953	0.00025561888	0.0006628026	0.0009052865	0.00023535475	0.0016551362	0.00037361536	0.005921448	0.0038612317	0.00047453053	0.009770949	-20.59925079345703
s06e22a	540.0	5.0	0.8565837	0.8565837	0.012162778	0.090815365	0.0009340183	0.0017054627	0.27318665	0.0024227973	0.0037920594	0.028586075	0.00053838035	0.00063498906	0.0034725564	0.0013698831	0.0037187643	0.013787848	0.0019055306	0.0007182114	0.0013227578	0.008285515	0.003931887	0.003185276	0.0013556534	0.0032867454	0.0005381082	0.0032867454	0.051316388	0.006348486	0.0019741445	0.0013704625	0.0004078866	0.0016169194	0.0019973838	0.0004396767	0.000937839	0.005653163	0.0014540115	0.005653163	0.0028466375	0.0016623709	0.0023941123	0.0028466375	0.0015281491	0.0019782598	0.0034433834	0.0005678207	0.0008475011	0.00037578843	0.006234712	0.0015070388	0.0013613423	0.0036414028	0.0004679936	0.0009407816	0.00055913476	0.0022966615	0.00055427855	0.009184963	0.00060213316	0.0005667928	0.0010255509	0.0001769782	0.0012580298	0.0003368404	0.0007959651	0.002693868	0.0011473672	0.0046917945	0.0022313274	0.00025852647	0.002693868	-19.427791595458984
s06e22a	545.0	5.0	0.6476799	0.6476799	0.003426245	0.0016487828	0.0021629105	0.00021836569	0.0006669212	0.00081257534	0.003335978	0.013000296	0.009455305	0.00023509613	0.0036927864	0.00592691	0.022325806	0.007135232	0.004328591	0.00019896046	0.0006306022	0.00015915756	0.05390402	0.05390402	0.01324838	0.0009181053	0.00071961316	0.00284888	0.024257632	0.0059839934	0.0014305707	0.0006167773	0.00026408094	0.0015705416	0.001227273	0.0003759529	0.00011116037	0.024766283	0.0028199486	0.024766283	0.0021971182	0.0007205832	0.013986611	0.0021971182	0.0072975354	0.0024940965	0.0014739695	0.0001863819	0.00022874275	0.00021744592	0.0045930045	0.002012925	0.0011291482	0.0026049388	0.0006284105	0.00079201517	0.0019498346	0.00096529315	0.0006132357	0.0014691085	0.0009000529	0.0004458408	0.0010334207	0.00035601124	0.00429066	0.00094169046	0.00064290204	0.00083717925	0.0012252645	0.008151705	0.0012890293	0.00048255778	0.0045952355	-25.044628143310547
s06e22a	550.0	5.0	0.22542551	0.22542551	0.0020204142	0.001601591	0.0001771913	0.00014914536	0.001375866	0.00010827379	0.001684734	0.0031717934	8.2921484e-05	2.787589e-05	0.0014653514	0.010106798	0.00018716049	4.0614515e-05	0.00034270517	0.00028371075	0.00013874947	0.00035168376	0.006065175	0.0042741643	0.0009299333	0.0062797796	0.0019781317	0.073927425	0.011024976	0.00082520803	0.0005670705	0.00014528014	9.092648e-05	0.00024939844	0.00086303113	0.00023565404	0.00013833163	0.0027604825	0.0013133304	0.0004661173	0.00024500434	0.00027104942	0.00019212562	0.00027104942	0.0016025138	0.004796048	0.009688811	6.0579434e-05	0.0003028192	0.00012286071	0.003721408	0.007706819	0.0016499935	0.2937476	0.0001706048	0.037751973	0.0012129853	0.00021740342	0.00017591624	9.466163e-05	0.0004683122	0.0002967819	0.0004423618	0.0003251344	0.0041337856	0.008999762	0.0005762607	0.02302526	0.0018623741	0.00039535522	0.0004734322	0.0005222097	0.18523286	-27.31351089477539
s06e22a	555.0	5.0	0.16065843	0.16065843	0.0030465922	0.0013909466	0.0007775775	0.0014587325	0.03211308	0.0016386003	0.0035043112	0.0025672622	0.0008817586	0.00016856498	0.015779547	0.009486564	0.00048534267	0.00035618283	0.0005203449	0.0005502748	0.0018822433	0.0111109475	0.026353406	0.020076595	0.020325588	0.0048469324	0.0021603084	0.006799792	0.09748756	0.010685393	0.0024330693	0.00094078603	0.00030045706	0.0008902967	0.0067466185	0.00039199882	0.0005113047	0.010909184	0.010741231	0.010909184	0.011788148	0.024081048	0.0030102117	0.024081048	0.0050715944	0.019056456	0.005229204	0.00043573772	0.0007651257	0.00043636642	0.01971219	0.0030981782	0.0013650156	0.0032769393	0.00022705397	0.0014406567	0.0005361205	0.0017774369	0.00015685263	0.006231723	0.00010817286	0.0012105152	0.000101984086	0.001724143	0.0018480548	0.0013551848	0.0040900954	0.0045610643	0.00086502807	0.014347661	0.0006769842	0.0006073855	0.008494259	-27.216455459594727
s06e22a	560.0	5.0	0.88512886	0.88512886	0.034165494	0.041127484	0.00030486373	0.0051054	0.095464274	0.0023688967	0.0032973972	0.0052777827	5.1565643e-05	0.00048255964	0.0007627979	0.013885308	0.0030035775	0.0006677865	0.0037871301	0.0004676442	0.005519928	0.44515786	0.009190663	0.0023307963	0.001235901	0.0008754781	0.0004772218	0.001000513	0.02491336	0.00500326	0.0023621798	0.00080347166	0.0003352651	0.0008522913	0.0029684205	0.0009127181	0.00054822315	0.0011916205	0.0011916205	0.0011417369	0.0034562915	0.000995875	0.00049483974	0.0034562915	0.001572394	0.006941589	0.002715023	0.0005527328	0.00039902856	0.00056772114	0.0020056674	0.0034700457	0.0015060116	0.0049005016	0.0002135898	0.00086337584	0.0009912839	0.0011735142	0.00012429302	0.00058457133	0.00041619147	0.00076120615	0.00025225143	0.00018474316	0.0008562563	0.00031703964	0.0024445355	0.0030471194	0.0010753676	0.005046132	0.0023529588	0.00020618425	0.0043720235	-19.910303115844727
s06e22a	565.0	5.0	0.7221078	0.7221078	0.024337154	0.014441206	0.00013566237	0.007840369	0.08446537	0.0005993202	0.013101668	0.0051340987	9.106079e-05	0.0003628712	0.00019351537	0.003430745	0.00075928774	0.0002557444	0.002331688	0.0014450874	0.02036784	0.3295732	0.0012636393	0.0012636393	0.000931037	0.0012425588	0.00028890654	0.0012425588	0.37905243	0.025135217	0.005423665	0.0009434439	0.0005187913	0.0010192198	0.0066959136	0.0012849058	0.0030462183	0.00032371812	0.00032371812	0.00015148545	0.0009223506	0.00056249835	8.010427e-05	0.0009223506	0.0002555572	0.0019182842	0.0013580471	0.00026522245	0.00045278415	0.0004929822	0.0015454112	0.0005104131	0.0005849601	0.0072808596	0.00050040265	0.0005626472	0.001256922	0.0007823142	0.00010500466	0.00063746277	0.00044137557	0.00047646163	0.00041464999	0.00015205579	0.0007319755	0.00018392394	0.0005829911	0.0015373762	0.00017731433	0.0015859305	0.002436582	0.0001291558	0.010444047	-18.03912353515625
s06e22a	570.0	5.0	0.5439672	0.5439672	0.0123284515	0.0027613698	0.000111164714	0.0043731174	0.18216339	0.00035648432	0.0069478634	0.0017514294	4.3224252e-05	0.00016673352	0.0002343147	0.0029912726	0.0007564898	0.0005550195	0.0021584323	0.000890785	0.013105399	0.105974935	0.0012730549	0.0011977542	0.0011707864	0.003812132	0.00041796474	0.003812132	0.3911183	0.04842394	0.013622835	0.0016448565	0.00079018105	0.0015870074	0.007897848	0.0007304946	0.0022671204	0.00059626484	0.00059626484	0.0001633153	0.0008387004	0.0008574201	9.082759e-05	0.0009853068	0.00022369901	0.0035405883	0.0013667562	0.00021438081	0.0004887051	0.00032927073	0.0031596122	0.00064114534	0.0004904238	0.008097525	0.00013435927	0.0007571966	0.0012876863	0.00062594627	4.509613e-05	0.00027711186	0.00030225416	0.00074035884	0.00026505563	0.00022885684	0.00060886494	0.00015664652	0.00068131654	0.0017197143	0.00011389799	0.00069037563	0.0019333059	5.1954492e-05	0.008099628	-18.609907150268555
s06e22a	575.0	5.0	0.8343875	0.8343875	0.010104023	0.0018970013	0.00025546757	0.0011200988	0.027455363	0.00057939655	0.0012554857	0.0024112472	0.00048700825	6.2561056e-05	0.0019994655	0.024960712	0.00048193723	0.000120372235	0.00086586585	0.0002583668	0.00053649396	0.013918829	0.005179241	0.0029081989	0.002176754	0.005469269	0.0001884588	0.00912531	0.032556072	0.003997811	0.0015398148	0.00037984617	0.00019293961	0.00030359448	0.0032547691	0.00011296907	0.00018454826	0.0042096754	0.0042096754	0.0032983846	0.0041034725	0.0038452714	0.0005005214	0.0041034725	0.0039917133	0.02042708	0.06784628	0.00052989123	0.0009949238	0.00019060078	0.0065955524	0.0043932647	0.011457266	0.19917028	0.00010757746	0.0116252825	0.0011298874	0.00056365493	0.00050109427	0.0007572312	0.0060343775	0.0010671634	9.4271665e-05	0.0003227742	0.01692797	0.0065222117	0.000728321	0.006410439	0.0011158049	0.0072123995	0.0010019152	0.00035856618	0.027256392	-24.60405540466309
s06e22a	580.0	5.0	0.8262931	0.8262931	0.0060031465	0.00046486533	0.0006968483	0.0007030355	0.004663509	0.00041062417	0.0007703237	0.0019887905	0.002048859	9.851206e-05	0.006259459	0.008661767	6.046257e-05	0.00032537006	0.00035141013	0.00017963893	0.00038549065	0.015093086	0.008598141	0.002247549	0.00037581692	0.0022822819	0.00019785154	0.032166537	0.0541224	0.0045421734	0.0014664716	0.00027032217	0.00013823602	0.00034621515	0.0038501588	0.00015295038	0.00016374582	0.0013932004	0.0013932004	0.00028043627	0.0001141324	0.0004206514	0.00030425165	0.0004206514	0.00368231	0.004407148	0.0074374382	0.00031334718	0.0003551749	0.0002155902	0.0033377826	0.002622886	0.0029353383	0.27239335	0.00018800651	0.014089702	0.003265625	0.0007415748	0.00013282656	0.0001490781	0.0010122977	0.0005161414	0.00035113486	0.00014540722	0.0047220723	0.026728807	0.01268048	0.031920966	0.006967295	0.0011423521	0.0021497817	0.0004043144	0.031920966	-21.106788635253903
s06e22a	585.0	5.0	0.8579428	0.8579428	0.0077356845	0.0023494533	0.00014828969	0.0020363862	0.002976532	0.0057528694	0.0040412275	0.0010620822	0.00033650914	0.00039391566	0.00050414755	0.01534674	0.0002944873	0.0003665834	0.00085621304	6.828279e-05	0.0010033385	0.0022144597	0.3731048	0.002606752	0.0010040886	0.0017978582	0.0006681112	0.003127965	0.054752503	0.005087219	0.0021446939	0.003627851	0.0010282887	0.005087219	0.0025298633	7.799403e-05	0.0011044177	0.003355127	0.0010841562	0.003355127	0.0002710117	0.00032460818	0.0008468731	0.00032460818	0.0016953584	0.0016916131	0.0032020467	0.0002991562	0.00068277353	0.00031041217	0.005993497	0.004494666	0.0017329307	0.0013323665	0.00082143984	0.0023964162	0.00044170427	0.0054810625	0.00022841997	0.00011346829	0.002083986	0.0045118527	0.20415476	0.0005995799	0.0021771032	0.0023474535	0.0007031497	0.0007789199	0.0005336923	0.0007504348	0.003350551	0.00024689108	0.0047098454	-22.63904190063477
s06e22a	590.0	5.0	0.80487686	0.80487686	0.063343905	0.052816026	0.0002637699	0.0012241038	0.0024438193	0.0012170312	0.0021198723	0.0010968392	0.0008887503	0.00044458226	0.020844648	0.004503313	0.0015656481	0.00019439231	0.0010828493	0.00072634005	0.00023643501	0.001274764	0.00574025	0.003101243	0.0010102566	0.0018299	0.0037569162	0.0037569162	0.02199603	0.010576455	0.0077723567	0.0007959866	0.0006193846	0.00077813945	0.0025005215	0.0006448135	0.00024603642	0.003662539	0.0021510015	0.0011428725	0.0008780964	0.00090991386	0.0005372876	0.00090991386	0.0026700976	0.0063187703	0.0061197267	0.00023717374	0.0006540377	0.00059479906	0.0016224355	0.0013051473	0.0013758385	0.006094003	0.00042898758	0.0034143734	0.0016527829	0.015353919	0.00047412363	0.014011807	0.00080958003	0.0019015571	0.033275045	0.00029711737	0.009406562	0.0020312422	0.00052154256	0.0011186188	0.0008617763	0.014626627	0.0008186498	0.000333417	0.01661236	-20.73019027709961
s06e22a	595.0	5.0	0.85090053	0.85090053	0.027712593	0.05409588	0.00027625376	0.0033663455	0.2548267	0.0025108412	0.0017135629	0.0014723999	0.00056451163	0.00071004656	0.004676022	0.0033000845	0.0045130798	0.0014312208	0.002206408	0.0019060603	0.002800486	0.030363739	0.013506267	0.000923782	0.0006693135	0.00015273294	0.00037251017	0.0011085803	0.034511782	0.003874044	0.0023512512	0.0007459006	0.00016971746	0.00064407894	0.00091208256	0.00023199391	0.00022391047	0.0022207438	0.002017576	0.0022207438	0.0028866108	0.0024043452	0.0010020573	0.0028866108	0.0015520104	0.009208226	0.0064840596	0.00071000087	0.0011196198	0.0004491048	0.0030222437	0.0022007371	0.0027387543	0.0052151163	0.0007403723	0.001211962	0.00080928305	0.01464949	0.00023783157	0.0013348489	0.00059500453	0.0011554946	0.0005026701	0.00040735968	0.0028750845	0.00035471877	0.00078795914	0.006218528	0.001881447	0.0037114187	0.0012124995	0.0005384802	0.006218528	-20.90277862548828
s06e22a	600.0	5.0	0.7139811	0.7139811	0.005124811	0.08244451	0.00030837275	0.0010399949	0.0006909641	0.0011017108	0.004117951	0.0014837302	0.0015792805	0.00080294354	0.001146882	0.0007657552	0.0009804579	0.00017309793	0.0006001147	0.00032151685	0.00028857178	0.0007346596	0.002659464	0.0014923568	0.0011540403	0.00065969035	0.0018914327	0.0018914327	0.028307935	0.008768592	0.0041203117	0.00075628224	0.0006171895	0.0007201006	0.0023597495	0.00064051076	0.00035096015	0.0013302617	0.00056355476	0.00089024205	0.00045380148	0.00025586394	0.0004472758	0.00045380148	0.0014598102	0.0021467796	0.0048137004	0.00011909954	0.0033847417	0.0012856158	0.0010611437	0.00035131548	0.0007899842	0.0013340495	0.00057467306	0.0011863337	0.001382796	0.027556205	0.0005861882	0.0107021155	0.0002523053	0.0064980024	0.08019383	0.000285592	0.00873028	0.0006871759	0.0004938379	0.000534958	0.00031944836	0.0061577437	0.0014545184	0.0015657017	0.00873028	-20.839433670043945
s06e22a	605.0	5.0	0.7105299	0.7105299	0.012211629	0.031791564	0.00052868447	0.0033162911	0.012072146	0.0010533851	0.00490694	0.011099615	0.001958422	0.000102278005	0.0060290233	0.008097693	0.0014688161	0.0003825236	0.007258007	0.00055625086	0.009854754	0.020203982	0.017003128	0.001818363	0.0007267368	0.0015786941	0.0006694937	0.0015786941	0.029199816	0.0048620617	0.0019637977	0.0003533397	0.0002758069	0.00022808004	0.0014457812	0.00016097902	0.00025766742	0.00045549776	0.0003420677	0.00045549776	0.0003958087	0.00023706046	0.0002313606	0.0003958087	0.004711495	0.002553397	0.0028451749	0.00014577247	0.00042127157	0.00034979306	0.0019315475	0.0017403456	0.0012326374	0.030484434	0.0001034464	0.01759626	0.0051577045	0.003483754	0.0008563081	0.0007006276	0.0004789061	0.0012666144	0.0031895149	0.0001889073	0.0046513337	0.0017604422	0.0015640276	0.0051031923	0.0007668502	0.004274712	0.001915301	0.00039671262	0.06639728	-20.66657829284668
s06e22a	610.0	5.0	0.7713288	0.7713288	0.056649175	0.004710802	0.00036254962	0.0018600507	0.2711029	0.00038853625	0.0026271094	0.0008027581	0.0002926334	0.000229033	0.0007848238	0.014256568	0.003401143	0.00042238805	0.008302388	0.00019611888	0.011375783	0.11818572	0.0022194774	0.0022194774	0.001953574	0.017790835	0.0037646734	0.017790835	0.08756262	0.009296016	0.0024332197	0.00053817435	0.00037948822	0.00044067262	0.0023938026	0.00017043426	0.000739402	0.0011227267	0.0011227267	0.00018568941	0.0015383565	0.00102896	8.618036e-05	0.0015383565	0.00090064487	0.0062279054	0.00400636	0.00059439044	0.0008190731	0.0004238395	0.0022433356	0.0019496127	0.0009001482	0.01508653	0.00012700609	0.0031798345	0.0007699043	0.0007953225	6.159924e-05	0.00070665637	0.000308321	0.00046283647	0.0004005183	0.0003351296	0.001942549	0.0010753942	0.0018200774	0.0074355938	0.00060012157	0.013348979	0.008988316	0.000100027944	0.045479227	-19.65058898925781
s06e22a	615.0	5.0	0.7168238	0.7168238	0.0048762667	0.007999187	0.00072190014	0.0026323209	0.10403316	0.0018520736	0.006649725	0.00951243	0.001057816	8.363836e-05	0.00038471544	0.001573988	0.0013950724	0.0019799438	0.0007464656	0.0007571342	0.004787298	0.001930669	0.047823135	0.0020897952	0.0005723458	0.009657639	0.0012588846	0.009657639	0.71414894	0.06122112	0.054899797	0.00054197956	0.0003479956	0.00039621245	0.01157158	0.00028138811	0.00355711	0.0027860312	0.001546343	0.0027860312	0.0043685916	0.0040674983	0.00120228	0.0043685916	0.00027064892	0.0049033766	0.030467257	0.00066938397	0.0014689356	0.00035367403	0.0057787504	0.001456287	0.005809281	0.0013411051	0.00049245433	0.0009204395	0.00051006	0.0010136985	0.0007191604	0.0001542017	0.00012432052	0.0016220687	0.000799741	0.00023931694	0.00035758407	0.00050666806	0.0018931113	0.006463217	0.0011796133	0.0050863912	0.000681525	0.00013946655	0.006463217	-19.26715660095215
s06e22a	620.0	5.0	0.76646274	0.76646274	0.018824788	0.0034596024	0.0003447493	0.0028379976	0.0014610194	0.0005143878	0.014067534	0.0018666507	0.0010455995	0.0008397535	0.0018554025	0.0031181388	0.0023474167	0.00023880249	0.0006344202	0.00033963076	0.0013463245	0.0011449477	0.01024775	0.01024775	0.0034800426	0.0033326978	0.0036301976	0.0046106223	0.71957093	0.11949194	0.10739537	0.002140966	0.00028667774	0.0020662525	0.02161206	0.00050812913	0.006388866	0.017984575	0.0008199958	0.017984575	0.0023988592	0.0009329711	0.0049644965	0.0023988592	0.0053154565	0.002649321	0.004724298	0.0005417332	0.00029234367	0.0002561187	0.00070105743	0.0057016616	0.00069549354	0.0037438176	0.000650015	0.0016876324	0.0014498222	0.0040035606	0.00017684443	0.0007338403	0.0011620999	0.0005434005	0.00272416	0.000310857	0.0021503996	0.000708686	0.00054818287	0.002179964	0.0008571861	0.011122275	0.0012471683	0.000369686	0.006364843	-24.012306213378903
s06e22a	625.0	5.0	0.7663821	0.7663821	0.006475808	0.0021162352	0.00055099773	0.00041028435	0.00063766754	0.0007871508	0.0056308606	0.000904346	0.0021800988	0.00047634603	0.0013338551	0.008480455	0.003943908	0.00013997749	0.0004681819	0.0011009155	0.00032330392	0.0005269686	0.01146664	0.0028128214	0.0011257039	0.0043174033	0.0061509367	0.014782484	0.04369033	0.007963743	0.0022585015	0.0014714887	0.0007420442	0.0018355778	0.0055118767	0.00016194432	0.0002490007	0.13234976	0.0014128011	0.080905855	0.0077284523	0.00040202393	0.0070003937	0.0077284523	0.013329825	0.0032956707	0.0025032547	9.159953e-05	0.00014577984	0.00016161498	0.0007032808	0.0033510667	0.00052243564	0.005379868	0.000966293	0.0036566241	0.002194901	0.01634399	0.00020618466	0.0014424475	0.00087045156	0.00032407077	0.0024848601	0.0002145348	0.003554096	0.0014509099	0.0017414603	0.0013436262	0.0013709201	0.025998984	0.0010903344	0.00060027605	0.100040406	-21.00305557250977
s06e22a	630.0	5.0	0.83072156	0.83072156	0.005290932	0.0042120903	0.0012441949	0.00034563686	0.008749481	0.0033727777	0.0017148677	0.012247088	0.00031235753	0.00012892584	0.043637063	0.019695306	0.0041777147	0.0006046869	0.0044212635	0.0018450596	0.00021377255	0.000273688	0.08094552	0.08094552	0.011757492	0.001514126	0.00039455816	0.001514126	0.035411872	0.0077472553	0.002604374	0.0015892787	0.00032200213	0.0009919272	0.0012353555	0.0007517704	0.00019208422	0.012723534	0.0017705912	0.012723534	0.0030767268	0.0013705244	0.0031737613	0.0030767268	0.0032442578	0.0049002133	0.0005375517	4.9261296e-05	0.00011080057	9.525682e-05	0.0021403183	0.0021205037	0.00048011667	0.006392481	0.0005049117	0.0046949107	0.001421709	0.004995255	0.0003146497	0.00030309852	4.031857e-05	0.0003886342	0.00019811129	0.00021862173	0.0012496933	0.00027449994	0.0004752437	0.00659137	0.00027134444	0.010932841	0.0004963377	0.00047747936	0.00659137	-26.32586669921875
s06e22a	635.0	5.0	0.46981296	0.46981296	0.04509873	0.0075086337	0.00027427156	0.0077427337	0.32887226	0.001237859	0.008646458	0.0049718134	0.0006688305	0.00088257896	0.0009701161	0.0060842894	0.001623423	0.0015768457	0.0021119246	0.0007996815	0.015960852	0.09741945	0.0056404993	0.0042657	0.0021529223	0.01480213	0.004817069	0.01480213	0.070353955	0.01451472	0.0058192424	0.0012955318	0.00079469825	0.0014602175	0.0041546514	0.0010970838	0.00085080194	0.0011573473	0.0011573473	0.0009047821	0.0024442645	0.0014310633	0.00047561486	0.0024442645	0.00072772056	0.00662362	0.006998004	0.0009103857	0.0011807121	0.00081495236	0.015150076	0.0013822878	0.0027522827	0.009235626	0.00030893215	0.0023919302	0.001683877	0.0015602353	0.00011884235	0.0010324386	0.0010835532	0.0009440743	0.0005120416	0.0006059845	0.0036549014	0.00070782035	0.0013267209	0.0054959557	0.000781832	0.005860133	0.0016753561	0.00027112386	0.0054959557	-19.7116813659668
s06e22a	640.0	5.0	0.84076506	0.84076506	0.047368616	0.0143386675	0.0012875537	0.016539807	0.079790995	0.009396655	0.0078940755	0.0063797613	0.0027557702	0.0013741278	0.0033259762	0.005263775	0.0027182696	0.0014355547	0.0023326855	0.00044675314	0.0070775305	0.15273392	0.0065091033	0.0065091033	0.0025305168	0.0008812127	0.0011427086	0.0016461837	0.02435507	0.005621649	0.003620968	0.0010102302	0.00058689376	0.0012247604	0.0027295658	0.00046732737	0.00037569334	0.0018336663	0.0018336663	0.0013751383	0.0046379017	0.0024830962	0.00046080112	0.0046379017	0.0017861912	0.005118637	0.005882089	0.0013362902	0.00055545877	0.0016102148	0.003127162	0.0023161618	0.0013112363	0.0043974547	0.0012616419	0.001566871	0.00048556062	0.002562957	0.00014302059	0.0011686322	0.00061262207	0.0009565637	0.00059120497	0.00036604688	0.0015718709	0.0004908574	0.0018375865	0.021115875	0.003060625	0.004638837	0.0045243516	0.0010724744	0.021115875	-18.539106369018555
s06e22a	645.0	5.0	0.94183016	0.94183016	0.074466534	0.021028781	0.0004347745	0.0016714926	0.010579135	0.0060583805	0.0016006397	0.008093133	0.0008110494	0.00052415027	0.006834634	0.0072339172	0.0019686092	0.0010549306	0.0005464822	8.2593506e-05	0.0009831041	0.00730645	0.008121689	0.0042257486	0.0010217305	0.0026362024	0.0017059109	0.013815231	0.014525009	0.0023214214	0.00069336715	0.0004942641	0.00015741916	0.00046290839	0.0005820634	0.00027117995	0.00011178263	0.01628325	0.00095766067	0.01628325	0.007389533	0.0005826501	0.001286953	0.007389533	0.00805547	0.0028648935	0.0050394884	0.0002679111	0.0001396004	0.0003851292	0.00070796604	0.00588778	0.00097480975	0.004018688	0.00023259256	0.0026022815	0.00049313233	0.005012236	0.00012836572	0.0013181185	0.00053633645	0.0004079212	0.0030453163	7.1422626e-05	0.0027138458	0.00041509885	0.00043746116	0.0005041624	0.00053368777	0.008639994	0.0019904834	0.000990104	0.0068721757	-19.94480323791504
s06e22a	650.0	5.0	0.87104875	0.87104875	0.04009504	0.089900546	0.00048014868	0.002317663	0.08055665	0.0026579495	0.0015818314	0.021040235	0.0010280522	0.00024279933	0.0019152772	0.0036742701	0.0020236946	0.0014861086	0.0014072432	0.00038229118	0.004435037	0.00831349	0.008797286	0.0016752349	0.00054067106	0.0012190024	0.0006293998	0.0014727265	0.021344472	0.0017144367	0.0006932377	0.00065408606	0.00028216964	0.00059016567	0.00089354947	0.00021057444	0.00023869755	0.010398712	0.0015163674	0.010398712	0.015835296	0.0014401911	0.0011899939	0.015835296	0.002001081	0.0040796315	0.004557961	0.0006470211	0.00027900576	0.00044480417	0.002620546	0.002476597	0.0011579528	0.0023548342	0.00044867536	0.0028584022	0.0007294025	0.0014861383	0.00017358451	0.0022200719	0.0002846148	0.0006406243	0.00085800653	0.00015138886	0.0013614091	0.00025526402	0.00043279998	0.0008314105	0.0013274906	0.019454887	0.001686317	0.00016302046	0.001686317	-20.13505172729492
s06e22a	655.0	5.0	0.40968055	0.40968055	0.00448592	0.003517689	0.00078367366	0.00024565388	0.0018535692	0.0010154776	0.00059881376	0.009211215	0.00022756742	7.45472e-05	0.0039781923	0.08621849	0.0015817124	0.00029973834	0.00082595926	8.406568e-05	0.001124819	0.00080723356	0.09596069	0.09596069	0.008032759	0.0038814333	0.0015868247	0.004526534	0.010244622	0.0010112171	0.000378938	0.00038254767	0.00017314035	0.00022230546	0.00043123524	0.0008267644	9.630479e-05	0.06493444	0.004960362	0.06493444	0.0022889476	0.001007295	0.0089814635	0.0022889476	0.070350535	0.0056870934	0.0023321263	0.00023822965	0.00025708487	0.00024783445	0.019118395	0.01108624	0.0011365338	0.01945543	0.0012307498	0.0049958285	0.004515221	0.0007438999	0.00031156075	0.00051771046	9.1319234e-05	0.00051631976	0.00030100494	0.0006583262	0.002977367	0.0027148977	0.0014102376	0.0034037363	0.0012907579	0.040475696	0.00090835383	0.0006963955	0.0833518	-30.536954879760746
s06e22a	660.0	5.0	0.7500907	0.7500907	0.004851886	0.005012852	0.00033034352	0.0003916505	0.0011096188	0.0020561393	0.0016783448	0.0029755093	0.0012492964	0.00013109467	0.03674746	0.04617192	0.0011147276	0.000290749	0.0010369399	0.00018880214	0.00037767357	0.00047311027	0.26731384	0.26731384	0.0026502046	0.0050037396	0.0021422543	0.0050037396	0.03659142	0.001910385	0.0005175837	0.0006159302	0.0005149463	0.0005301645	0.0006031205	0.00021305752	0.0002190056	0.007387759	0.0023693657	0.007387759	0.00054850563	0.00054765696	0.002110016	0.00054850563	0.0067795017	0.006530139	0.0039547835	0.00019210821	0.00023382863	0.00036895403	0.004227882	0.004284374	0.0009294761	0.014933296	0.0017808947	0.0149786845	0.0037878752	0.0037662454	0.0005197679	0.001795756	0.00043983807	0.00057283044	0.0010506836	0.0002165934	0.0015884694	0.004214067	0.0003745545	0.018121874	0.0010509084	0.008953842	0.0028812878	0.0006357923	0.02077659	-21.62792587280273
s06e22a	665.0	5.0	0.61391276	0.61391276	0.015861461	0.011448742	0.001382407	0.02083905	0.0042953664	0.007912807	0.016473358	0.005505414	0.037606772	0.0010498106	0.012845819	0.0018956449	0.001732125	0.00040601654	0.0041805324	0.0008818561	0.0006108941	0.002134381	0.011006847	0.011006847	0.0046131	0.0028390826	0.005449753	0.005449753	0.10140577	0.009238619	0.0037681784	0.0018421464	0.00040643226	0.0012929239	0.0019263679	0.0012750195	0.0015447226	0.001677875	0.0005882137	0.0012717441	0.0004408415	0.00035794234	0.00090765906	0.0004408415	0.0005803583	0.0016587898	0.0057762116	0.00015011756	0.0010259412	0.00085871073	0.002440636	0.0009669445	0.0014064962	0.0044387183	0.0024405317	0.004439262	0.0009894166	0.007426587	0.00034891395	0.005434969	0.0001848286	0.002181018	0.0069611976	0.00058547995	0.0070137773	0.0013767496	0.0013831194	0.03139492	0.0031188948	0.0033647588	0.0074090925	0.11388477	0.03139492	-30.7357234954834
