episode_id	onset	duration	talking	speech	man_speaking	woman_speaking	baby	shout	laughter	cry	singing	kids	groan	whistling	breathing	walking	mouth_sounds	fart	hands	heartbeat	cheering	crowd	mammal	dog_bark	cat	rooster	duck	bird	music	musical_instrument	guitar	piano	organ	electronic_instrument	percussion	bell	ambient_music	weather	wind	rain	river	wave	thunder	river_sea	fire	boat	car	traffic	car_honk	emergency_vehicle	train	cycling	engine	door	doorbell	knock	dishes	radio_tv	dryer_vacuum	zipper	keys	alarm	telephone	whistle	mechanisms	tools	boom	bang	glass	water	beep	silence	sudden_noise	db
s06e24d	0.0	5.0	0.85032	0.85032	0.07490745	0.0203546	0.0010809957	0.0019217316	0.06432414	0.0011347954	0.0015309039	0.008863971	0.0014544784	0.00025498576	0.0057206103	0.0015143667	0.0038824107	0.0016368843	0.0016452561	9.173521e-05	0.00081701524	0.075695775	0.009997219	0.0032209437	0.0011903851	0.0018120282	0.0009014356	0.0023733512	0.012739118	0.0024512212	0.0011017343	0.00043583306	0.00020281071	0.00047736196	0.001014758	0.0002654071	0.00010353384	0.004330799	0.0014955819	0.004330799	0.0036231002	0.0017713339	0.0012483365	0.0036231002	0.0012167935	0.0023528936	0.0014554205	0.00044677957	8.741659e-05	0.00036425862	0.0008582138	0.0006911007	0.0002894679	0.0008058763	0.0003386884	0.0008678458	0.00028979703	0.0039057005	0.00012624648	0.0042407494	0.0003520014	0.00034513226	0.0053450856	0.00012398737	0.0007394147	0.0006094963	0.00011943925	0.00081492675	0.0008628865	0.0010508968	0.0009006608	0.0019214812	0.008825851	-27.674219131469727
s06e24d	5.0	5.0	0.8747959	0.8747959	0.17336684	0.014052048	0.0007832832	0.0024180745	0.3295412	0.002367439	0.00088817807	0.0043714833	0.00015306375	0.00015290387	0.0039623077	0.0016260225	0.0012274518	0.00055695727	0.0015740801	0.00038907313	0.0024895156	0.06515673	0.0042196494	0.0023625733	0.0010940415	0.0039514867	0.0011801623	0.0043123104	0.021788498	0.005973797	0.0016713508	0.0009036121	0.00024616948	0.0009671021	0.0017356928	0.0005347	0.00029721996	0.011725865	0.00082810275	0.011725865	0.002622643	0.001682796	0.0031151227	0.002622643	0.0010486366	0.0027212221	0.003794409	0.0009512759	0.00018713248	0.00037498397	0.0007903998	0.0011067938	0.0014417354	0.0032160273	0.00013191046	0.0004890341	0.0004517766	0.0028581345	0.00025550413	0.0036715511	0.00089377	0.0003972383	0.001175298	9.863181e-05	0.0008740424	0.00075904175	0.0005773685	0.0015185522	0.0017833317	0.0029939488	0.0015593949	0.00014521352	0.0018526996	-25.62891387939453
s06e24d	10.0	5.0	0.87906283	0.87906283	0.2472714	0.011782917	0.0009974925	0.0025137796	0.13160034	0.00359925	0.0009739204	0.0010262066	0.0010162712	0.0004914384	0.04197049	0.012450287	0.0011784919	0.0003293652	0.0009093457	0.00029904017	0.0034750586	0.026999692	0.008466473	0.0027106302	0.0036709914	0.0033292084	0.0014770165	0.0037267406	0.02899618	0.006980927	0.0031824186	0.00090068346	0.0002660618	0.0007115761	0.003816082	0.00050268136	0.00016320663	0.0034540207	0.003410459	0.002757971	0.00405428	0.005548217	0.0016664236	0.005548217	0.0028119027	0.022714019	0.016566603	0.0016223784	0.000559259	0.001338233	0.004389666	0.0033578097	0.0045218053	0.018241482	0.00056909287	0.001450706	0.0010103649	0.013734412	0.00038592046	0.008541124	0.0040402184	0.0010722899	0.004282397	0.00038551193	0.004949937	0.0051037413	0.006861769	0.0019016966	0.0018731946	0.009954073	0.0012935386	0.0003756514	0.006861769	-21.71658515930176
s06e24d	15.0	5.0	0.8989114	0.8989114	0.012499384	0.040598527	0.00016132167	0.0015602427	0.33336893	0.00038831035	0.001792719	0.0036473228	0.00019597083	0.00013414792	0.005381231	0.0024469318	0.0017827332	0.001208761	0.0009812813	0.0007240305	0.0007493722	0.020333815	0.088909455	0.0012301063	0.00070458587	0.0013834639	0.00043426026	0.0044132317	0.014048137	0.0020404486	0.0010315075	0.0008494107	0.00010610936	0.00069879217	0.00062727235	7.2036935e-05	0.00015274664	0.00216218	0.0007774953	0.00216218	0.0037845334	0.0015757319	0.0004168279	0.0037845334	0.0004572148	0.0018708542	0.002457764	0.00024864674	0.00012183291	7.5042975e-05	0.0011885246	0.0010184573	0.0011233418	0.0071500055	0.0001917011	0.0012327255	0.00035939075	0.0021203938	0.00038453928	0.0032019585	0.001953932	0.00031992563	0.00042164102	0.00029909547	0.0036875498	0.00068477506	0.00011717985	0.0018385148	0.0010458296	0.0023310226	0.0021295424	0.00018654548	0.0036875498	-22.995704650878903
s06e24d	20.0	5.0	0.85145456	0.85145456	0.010577912	0.029528698	0.0016642087	0.0036389611	0.08715512	0.0042649345	0.0046332045	0.039785594	0.001334014	0.00056009705	0.003361463	0.005446526	0.0188365	0.0009657743	0.005323313	0.00032550844	0.0010192862	0.008995859	0.033893816	0.00661293	0.0018005652	0.00063093187	0.00014457907	0.0011807797	0.018316468	0.0018847092	0.00091523834	0.0007489074	0.00031760478	0.00048032723	0.00089495233	0.0001531036	0.00024082926	0.00091038045	0.00073444616	0.00091038045	0.0014374151	0.0006399607	0.00021683742	0.0014374151	0.0013282038	0.0012083079	0.0018487761	0.00018283915	0.00031144463	0.00034356798	0.0017585526	0.001119018	0.0008114247	0.027707089	0.00037428056	0.00793728	0.001156879	0.001150198	0.00045845754	0.0027796042	0.00048619744	0.00069019274	0.0010860312	0.00046492158	0.001159455	0.0002934173	0.0006459336	0.013012153	0.0005130818	0.0014887112	0.008149007	0.00044804622	0.05584422	-20.5838680267334
s06e24d	25.0	5.0	0.6382332	0.6382332	0.010794914	0.001382168	0.0001235983	0.00016354703	0.0003530863	0.00041244624	0.00058994576	0.0014929118	0.00018509102	5.583033e-05	0.0014095877	0.069164164	0.00040144718	8.275047e-05	0.00031376898	5.7687288e-05	0.00042181145	0.0004897698	0.006204996	0.0035588003	0.003484835	0.0022250717	0.00059270347	0.009386688	0.015690543	0.0016392143	0.0005800309	0.00043078986	0.00057786447	0.00028567587	0.0014269366	0.00018567064	0.00011754749	0.15750566	0.011220549	0.15750566	0.00057499827	0.0016792701	0.10907501	0.0016792701	0.036361184	0.011148229	0.0041123014	0.00018776536	0.0005438697	0.00027845276	0.0034482991	0.010191617	0.0011851268	0.11222845	0.00035841615	0.01785449	0.0015707301	0.0017054294	0.00040076693	0.00025084047	0.00072964863	0.0003768144	0.0028198934	0.00043725478	0.0071752546	0.007059599	0.008372682	0.04403295	0.003071688	0.005794368	0.0016818597	0.00028156658	0.04403295	-25.22602844238281
s06e24d	30.0	5.0	0.7660538	0.7660538	0.006428148	0.0087559065	0.0005043694	0.00042160344	0.00089081854	0.022255694	0.00030280417	0.003293297	0.009220228	0.00018334803	0.0041630287	0.01778153	0.004234136	0.0009839657	0.00034898668	0.0001200039	0.0003983456	0.00074430555	0.023339333	0.018596478	0.0019023863	0.0013766282	0.000542109	0.0034593064	0.018920187	0.0014512214	0.00025978463	0.00020077317	6.824458e-05	0.00016448004	0.00237506	0.00029984352	8.8045206e-05	0.033995237	0.0037115102	0.033995237	0.0008548944	0.0009737135	0.010053721	0.0009737135	0.009477402	0.0015895481	0.0024986393	0.00045103775	0.0005045071	0.000615312	0.0027383412	0.0022000764	0.000563584	0.014911573	0.00021686348	0.0058255135	0.0043989494	0.00058929756	0.0002865277	0.000923269	0.0016179834	0.00084261945	0.0008107936	0.00029199437	0.0073509915	0.0024726703	0.006092542	0.0076002097	0.0019680415	0.0065502645	0.004741699	0.00045493	0.023644457	-22.38075256347656
s06e24d	35.0	5.0	0.78495145	0.78495145	0.08369415	0.019122258	0.00036714214	0.0022190392	0.09482971	0.0016050311	0.004167554	0.0023060685	0.0032464357	0.00093164045	0.018838268	0.0030692825	0.0027107773	0.0014657791	0.00269578	0.0001655506	0.0053033386	0.011327518	0.0084254695	0.0057624974	0.0020746812	0.0017249146	0.0006133506	0.0017691448	0.022913603	0.012531471	0.008405598	0.0031925272	0.00043675237	0.0021375094	0.0034447154	0.00034191803	0.00016989799	0.0071182163	0.0019669197	0.0071182163	0.0015075612	0.0018870798	0.0046661394	0.0018870798	0.0020640602	0.005254139	0.0069695185	0.0009558603	0.0011768803	0.0009113803	0.008371867	0.002759767	0.0023977	0.014247471	0.00067781535	0.0016012532	0.0013548976	0.0035161534	8.594261e-05	0.0054848013	0.0031156735	0.0013433273	0.0020683282	0.00039878883	0.0048855194	0.0019177146	0.0046520047	0.005020616	0.0025200862	0.0028679206	0.0029121644	0.00052992505	0.0057515088	-22.753597259521484
s06e24d	40.0	5.0	0.7574794	0.7574794	0.02140139	0.010872929	0.00028293577	0.001318597	0.1311206	0.0003529889	0.0024414372	0.008340889	0.0002530982	8.821606e-05	0.00373283	0.0038219085	0.006544967	0.0063010855	0.0010070005	0.00013631265	0.0022343157	0.014150091	0.004181178	0.0009991137	0.0015918169	0.0006591364	0.00031384436	0.0006591364	0.011694365	0.0032443146	0.0010788969	0.00071954017	0.0005571545	0.00079592067	0.0012452714	0.00024669437	0.00026355073	0.0007397876	0.0006169966	0.0007397876	0.0026440357	0.00036284697	0.00017567135	0.0026440357	0.0014778782	0.0020187008	0.0017050479	0.00017414187	0.00010647424	0.00032291916	0.0006843823	0.002723551	0.0009523669	0.026703382	0.00027772205	0.00579542	0.03835418	0.0015197668	0.0011773283	0.005388453	0.002017461	0.00037368145	0.00057683577	0.0002013239	0.030880248	0.05064726	0.00059323414	0.0013517129	0.00957374	0.0114726955	0.008744396	9.2788134e-05	0.119077474	-23.89044189453125
s06e24d	45.0	5.0	0.89444464	0.89444464	0.00022145185	0.00021449653	1.1488219e-05	0.000125834	2.2392025e-05	0.00015529465	0.0029943243	0.0017492955	1.4074255e-05	2.9536242e-05	9.423257e-05	0.00013529613	0.0008802518	0.00014201023	0.0003598625	1.5886031e-05	2.5917854e-05	9.506581e-05	0.0006683844	0.00035244584	0.00013675675	5.656521e-05	9.4705065e-05	0.00018304793	0.013438114	0.003616273	0.0013701668	0.00031077876	0.00016593654	0.00090537197	0.0010976034	9.675519e-05	8.55427e-05	0.00037718855	0.00037718855	5.3558142e-05	0.0064506605	8.409654e-05	4.5804554e-05	0.0064506605	0.00020578282	0.00538167	8.576176e-05	9.013352e-06	8.743085e-05	5.6598452e-05	8.5718595e-05	0.00030139348	3.0989708e-05	0.003043082	0.00061510975	0.012633595	0.009968011	0.00015889811	1.2347756e-05	0.00021571564	0.00020130281	0.00010011354	0.0035200284	0.000207604	0.0002284202	0.0010040127	0.00010601631	0.0010438199	0.012705798	0.5434127	0.0019768379	0.0007583416	0.0212385	-22.53939819335937
s06e24d	50.0	5.0	0.7765536	0.7765536	0.0052862107	0.00071269117	9.678277e-05	0.0002041033	0.00016004739	0.00029158793	0.00037649626	0.0006583638	0.00013828256	0.00022386287	0.0017579165	0.00066733925	0.016879585	3.1322415e-05	0.0032588309	3.22609e-05	9.093133e-05	0.00037145943	0.0024542746	0.0024542746	0.00059490674	0.00050057465	0.0015536369	0.0015536369	0.011832468	0.0022057162	0.00068156596	0.00064322964	0.0001924494	0.000663079	0.0010101921	0.0013476406	9.3273564e-05	0.054372046	0.00077901786	0.030466545	0.0025628349	0.0002611918	0.0063836253	0.0025628349	0.0046695573	0.00090084533	0.0009979721	0.00013424696	0.00012892042	0.00015156911	0.000908507	0.0006331257	0.00020612449	0.0009968935	0.0003893232	0.0012691155	0.0022235308	0.00062406925	0.00011080848	0.001056571	0.0005002696	0.00034779776	0.0034576054	0.00013293073	0.0010322231	0.00069230446	0.00026905967	0.00015774793	0.0011058853	0.2580018	0.0003184437	0.0016125062	0.035010163	-22.726398468017575
s06e24d	55.0	5.0	0.83943135	0.83943135	0.008732055	0.08420792	0.00063335657	0.00059225113	0.002434147	0.0010071367	0.0017001242	0.005323533	0.00018768302	0.00030834394	0.0040069385	0.005177777	0.0033000328	0.00013481358	0.002668535	0.00022520259	0.00028891122	0.00096965174	0.0069966554	0.0039839763	0.0011744066	0.0007829175	0.00093904475	0.004851509	0.02666951	0.004014798	0.0011567137	0.0013186114	0.0006570081	0.0011994222	0.0018366973	0.0001915372	0.0002675208	0.012821619	0.0021403406	0.012262771	0.001444068	0.00078012433	0.0015772022	0.001444068	0.0021591925	0.0023880498	0.0017458983	0.00013937574	0.00029137783	0.00057125255	0.0009852176	0.0011451173	0.0004820833	0.008697066	0.00037795847	0.0095511945	0.0035665296	0.0022653695	0.0016555262	0.05749558	0.00075351115	0.0008084638	0.0034679752	0.00019037539	0.01186779	0.0013830081	0.00033041535	0.0008322206	0.0006639697	0.008700133	0.0029251557	0.000118157375	0.023407787	-21.965126037597656
s06e24d	60.0	5.0	0.91538835	0.91538835	0.0069171106	0.391048	0.0045813476	0.0011190302	0.0124162985	0.0009979835	0.005505704	0.0388856	0.00030096679	0.00034314097	0.002672106	0.0019939884	0.0015781298	0.0004369508	0.0045910715	0.00024906077	0.00036031014	0.0014269025	0.004119782	0.0035603447	0.0014238864	0.0034465394	0.0009207565	0.0034465394	0.032876093	0.005011649	0.0015515746	0.0010760269	0.00035243272	0.0005234408	0.000803745	0.00039969024	0.0002928053	0.0016409399	0.00050772197	0.0014676172	0.0008158552	0.0003833636	0.00046350027	0.0008158552	0.00056541525	0.00082483335	0.001415667	8.784143e-05	0.00029457296	0.00036889003	0.00088280486	0.00025405586	0.00066600123	0.003941773	0.0010361524	0.0011349224	0.0010202379	0.0067112274	0.0013924211	0.020436704	0.00018839841	0.00047420338	0.0023893064	0.0002760184	0.008303754	0.0008000417	0.00020476212	0.0003973201	0.00046720353	0.009308166	0.00062296126	0.00029879282	0.008303754	-22.845882415771484
s06e24d	65.0	5.0	0.8905416	0.8905416	0.034121715	0.027458515	0.00015674035	0.004588333	0.12490102	0.00036134126	0.0040891008	0.0011734404	0.00052663044	0.00019582793	0.0030595297	0.000794543	0.0009625692	0.00046416087	0.0022263338	0.00077733124	0.003719425	0.014526819	0.035899676	0.0021696764	0.00081474433	0.0011080111	0.00042772724	0.0011080111	0.030936323	0.006711577	0.004650605	0.0014693995	0.00052543706	0.0009979451	0.002341861	0.00011233989	0.00023547705	0.0007569646	0.0006509785	0.00067386864	0.0024310816	0.001128718	0.0003072963	0.0024310816	0.0004478246	0.0033045888	0.007093983	0.00048438137	0.00021002442	0.0007865221	0.0026483636	0.000546453	0.0050312104	0.007886334	0.00018660312	0.0013954033	0.00048489784	0.008702169	0.0011145503	0.0028902765	0.0005364929	0.0005643871	0.00048617154	0.00024480632	0.0014399949	0.0018266437	0.00041364663	0.0018704729	0.0010369592	0.0047969446	0.0015330666	0.00012479466	0.0024463802	-20.445213317871094
s06e24d	70.0	5.0	0.78649104	0.78649104	0.026198374	0.001675435	9.6354575e-05	0.0010904066	0.000875373	0.0006208893	0.000658276	0.0032294025	0.0014818248	0.00010708088	0.0017424958	0.0147762215	0.008992404	0.00047233547	0.00036411596	0.00016356137	0.00076104	0.009010788	0.0035568837	0.00247194	0.0014332162	0.004192225	0.001829104	0.004192225	0.027428504	0.0031469723	0.001203963	0.0006957415	0.00021134743	0.0012464949	0.0016426407	0.000705505	0.00023703337	0.0041363067	0.0041263467	0.0041363067	0.010862878	0.0054425574	0.0014634158	0.010862878	0.007860748	0.014613074	0.010016474	0.0011827017	0.00059482735	0.0012242397	0.003020032	0.0015372948	0.0028155285	0.009987493	0.000377702	0.0034131533	0.001560104	0.0020638215	0.0010589069	0.010598964	0.0014729396	0.0012722573	0.0010481811	0.00024444598	0.002595607	0.0047743134	0.0038878066	0.0046572294	0.0059462474	0.08418417	0.0016665997	0.0009529722	0.008704548	-24.064912796020508
s06e24d	75.0	5.0	0.83277106	0.83277106	0.046434484	0.008100375	0.00042070294	0.0005287638	0.00034758647	0.0005314719	0.0009426304	0.0010611658	0.0003317505	0.00029144896	0.0018287933	0.0068479143	0.011672858	0.00016106592	0.005976448	0.00013870171	0.0002414682	0.001106223	0.005573716	0.005261396	0.0033757782	0.0018159689	0.001952364	0.001952364	0.008654207	0.0022720883	0.0009277067	0.00074086804	0.00022932385	0.00076824205	0.00063449575	0.0013705792	0.00011893214	0.010406488	0.0015937461	0.010113628	0.0017353367	0.00080424687	0.0020673275	0.0017353367	0.0052926736	0.0011716896	0.0020439122	0.00036649033	0.00013826002	0.0003314173	0.0011585839	0.002701649	0.0003997156	0.0016433835	0.00030699582	0.002487385	0.00046070074	0.0018767668	6.126743e-05	0.004268084	0.0003786971	0.0010240454	0.008268015	0.0001126729	0.092400774	0.00095151336	0.00048617477	0.00019088705	0.0009145222	0.011886594	0.0015965772	0.0036309098	0.092400774	-25.55233383178711
s06e24d	80.0	5.0	0.73211926	0.73211926	0.02061863	0.104853675	0.0007140025	0.0001288145	0.0011100745	0.00051244686	0.0011772409	0.004829355	0.0022302978	0.0013922852	0.0090826	0.0012046616	0.007815053	0.00013171954	0.00095911213	8.857929e-05	6.995698e-05	0.0007175031	0.021906806	0.0054382225	0.0048694457	0.0031724959	0.00095410924	0.003363296	0.012913166	0.0051952004	0.0020629428	0.0013143377	0.00063402	0.0011149739	0.0006922322	0.0004637555	0.0001844756	0.0025279508	0.0010087024	0.0025279508	0.0005142397	0.00039087058	0.0011905398	0.0005142397	0.0017352072	0.0015858066	0.0052803094	0.00083776657	0.00030109452	0.0004872186	0.0012273255	0.00083597563	0.0003608746	0.0007048142	0.0002271759	0.00055465754	0.0069032037	0.0034265218	0.00024715558	0.0023061563	0.00024214464	0.0015400207	0.01153831	0.00045123385	0.0029598158	0.0011535749	0.00044000984	0.00010514293	0.0014991681	0.00519704	0.00025787705	0.00087874586	0.008077141	-23.44419479370117
s06e24d	85.0	5.0	0.8745423	0.8745423	0.089658804	0.12672138	0.00059972994	0.00043205137	0.0011253994	0.0013971366	0.0010948067	0.00330037	0.00052752264	0.00048098128	0.004392013	0.005033173	0.0020473318	0.00023711383	0.00055165385	0.00036913346	0.00030312076	0.0017711163	0.008511939	0.004536646	0.0021314258	0.0015286295	0.002173882	0.0021908246	0.021130724	0.002837709	0.00085220806	0.0011114882	0.00061526016	0.0009830418	0.0013770125	0.001276671	0.00018468399	0.021129481	0.0055491272	0.021129481	0.01242595	0.0080315275	0.004733832	0.01242595	0.0031676213	0.009556131	0.0037197927	0.0003850572	0.00025928082	0.000817872	0.0015547911	0.0016314945	0.0007830212	0.0016323685	0.00048526362	0.0026131135	0.001170481	0.0043304535	0.00044358682	0.036290746	0.00031102507	0.0011458151	0.003991395	0.0003440572	0.002405045	0.0012929295	0.0019856885	0.0005218357	0.0025473551	0.025214702	0.0012842304	0.0015644543	0.013908879	-26.73028564453125
s06e24d	90.0	5.0	0.13466783	0.10291236	0.0066049444	0.002889232	0.00055280654	0.008338301	0.16431773	0.004824918	0.021561831	0.0010711404	0.00093593943	0.00081777235	0.004495767	0.0010195601	0.0013849483	0.00096828956	0.0033691719	0.0026924068	0.004827433	0.008240324	0.025145343	0.0017430384	0.00077255996	0.0035502783	0.0002392266	0.0035502783	0.65346366	0.081959695	0.055293985	0.0059366496	0.0013448969	0.0036742927	0.04907228	0.00034165478	0.0063584503	0.0041489657	0.0016782584	0.0041489657	0.0013447406	0.0017298498	0.0020264613	0.0017298498	0.0004186001	0.0025940447	0.01229444	0.000502341	0.00072851643	0.00045730354	0.0021552716	0.0011803191	0.0012840714	0.0028782412	0.00019008698	0.0007680298	0.0007037538	0.0045991563	0.0002453185	0.0003289814	0.00020931273	0.00081966334	0.0007106828	0.00011757922	0.00070696085	0.00018965358	0.00060044683	0.0023129147	0.00048090628	0.00224098	0.0011672849	0.0010627037	0.007698805	-20.01016998291016
s06e24d	95.0	5.0	0.64824843	0.64824843	0.0024431627	0.011705829	0.0016451416	0.009176778	0.009856188	0.000613345	0.01542293	0.038821958	0.00016950884	0.00024388632	0.0028852976	0.0042709573	0.0012359122	0.00022763773	0.0031409452	0.0010908508	0.0013076302	0.00091555144	0.055444937	0.013810209	0.001305749	0.0046205157	0.0029012992	0.0046205157	0.6464235	0.021950558	0.018134596	0.0007422804	0.00024492468	0.0011115453	0.013561288	0.0004791006	0.013981916	0.0015986833	0.0013894241	0.00093574554	0.0014777924	0.0011518745	0.00034595054	0.0014777924	0.0003649385	0.0036592989	0.005073115	0.00010934653	0.00057859725	0.00022516439	0.0019242512	0.009304174	0.0015932993	0.027120933	0.0021786555	0.025632348	0.0009603067	0.00087786716	0.007667083	0.0017633456	0.0005462936	0.0004011092	0.0007277181	0.00028850464	0.0029020938	0.0018529817	0.0016408	0.017859315	0.00079760735	0.0041326648	0.0065325308	0.00037988418	0.017859315	-18.9979248046875
s06e24d	100.0	5.0	0.8783133	0.8783133	0.010174127	0.038233608	0.00061977544	0.0028111807	0.08060367	0.0040577534	0.0012429736	0.13058823	0.00017288515	0.00032107788	0.0038425147	0.0038134304	0.0015144331	0.0015234251	0.0036018963	0.00042765733	0.001109623	0.059661336	0.008217461	0.0069031906	0.008217461	0.0016586273	0.0010916434	0.002738042	0.07309533	0.0035245086	0.0010688158	0.0008582632	0.00025287629	0.0010161541	0.0006998812	0.0004062446	0.00083354156	0.0038481879	0.0012895402	0.0038481879	0.011737762	0.0024033892	0.0007738114	0.011737762	0.0011663106	0.0049521127	0.007165482	0.0006342346	0.0006911106	0.00044354156	0.0060643186	0.004519696	0.0024890844	0.0043383287	0.0013050627	0.0016149654	0.00074770796	0.0037497024	0.0012013277	0.0013374098	0.00027609157	0.00093940395	0.0015946826	0.0008133007	0.0028812508	0.00040208412	0.000492218	0.0053522903	0.0006624707	0.0201045	0.0014875209	0.0005964951	0.0053522903	-20.76646041870117
s06e24d	105.0	5.0	0.8367879	0.8367879	0.016584598	0.15203527	0.00037838065	0.0045765615	0.014308689	0.0019264064	0.0038657023	0.018162522	0.00077136717	0.00020162512	0.001037294	0.0018529571	0.00073014974	0.00058591453	0.002148898	0.0008378485	0.0016240869	0.007679013	0.0028944209	0.0024456647	0.001306697	0.0007098195	0.0014383196	0.0014383196	0.052532416	0.0047520665	0.0014487987	0.00080156524	0.0002335018	0.0007626565	0.003368528	0.00041816258	0.0005204024	0.004251784	0.0011596096	0.004251784	0.0027145904	0.0018185473	0.0008857293	0.0027145904	0.0011893768	0.002673353	0.0047000917	0.00038449894	0.0005400484	0.0007176446	0.0027207043	0.0006317135	0.0026730176	0.0043844506	0.0013218165	0.00305263	0.0010698675	0.007883312	0.003806801	0.0024312227	0.00012475385	0.0008712772	0.0015525587	0.00032960234	0.0027301097	0.0009086334	0.0012290055	0.001348318	0.0007330215	0.0043598996	0.0051909294	0.00032055457	0.0070658987	-19.08859062194824
s06e24d	110.0	5.0	0.83832955	0.83832955	0.026573112	0.01687025	0.0014094784	0.003886237	0.06953711	0.0073965415	0.004322182	0.014103253	0.000882333	0.00019732911	0.0016332602	0.013241911	0.0073060454	0.0010500316	0.0041040373	0.0021817384	0.0017256325	0.010930583	0.012348027	0.012348027	0.0016682587	0.0033228116	0.0009111536	0.0033228116	0.4492728	0.0133018335	0.0028495558	0.0012656937	0.00037411382	0.000992364	0.004884534	0.0003625315	0.0019700094	0.011586446	0.005546155	0.011586446	0.015238115	0.009273427	0.0023434467	0.015238115	0.0012610651	0.00887724	0.006793258	0.00060779287	0.00072426506	0.00041755172	0.002322104	0.003371579	0.0007463703	0.046878226	0.00066354807	0.009023878	0.00091043336	0.0025355117	0.00023438554	0.0015539231	0.00024510105	0.0009913967	0.00076423626	0.0001991499	0.0019053819	0.0015832448	0.0016901948	0.0092839515	0.00066158304	0.025873909	0.011509783	0.00016168141	0.07207579	-20.240880966186523
s06e24d	115.0	5.0	0.9247772	0.9247772	0.048614133	0.10796189	0.00028550814	0.0048050145	0.14366557	0.0062461705	0.0013311723	0.017164294	0.00038003616	0.0004626889	0.0006001633	0.0025177367	0.006722461	0.0005240876	0.0017588548	0.0005332278	0.0037395768	0.14335349	0.008104989	0.0018375202	0.0014950508	0.00047256314	0.00046496943	0.0023692958	0.03790733	0.0033165875	0.001403743	0.00093299465	0.00045149072	0.0010869716	0.0014468335	0.00059029536	0.0007694781	0.0011520699	0.00041768388	0.0011520699	0.009724351	0.00081492553	0.0001768483	0.009724351	0.00039194687	0.0028119602	0.0030502717	0.00022250458	0.00034384846	0.0006824434	0.0014985444	0.00084800523	0.0015900515	0.0024059652	0.0010586855	0.0011488918	0.00032831373	0.006295174	0.00058903336	0.0019734483	0.00020777211	0.0009978438	0.0015442946	0.00018392656	0.0015242797	0.0003071246	0.00023541467	0.0011278496	0.001455446	0.0037696164	0.0031689976	0.00019201482	0.0031689976	-19.840944290161133
s06e24d	120.0	5.0	0.92458624	0.92458624	0.040881936	0.22501032	0.00035174697	0.010128519	0.041419625	0.009431499	0.0034772588	0.01575038	0.00034812005	0.00018863479	0.0010225782	0.0022517294	0.005661739	0.0005830639	0.0013057608	0.0009586868	0.0007246234	0.11104496	0.0066631753	0.0029148543	0.0014129766	0.0008872873	0.0010745795	0.0018137402	0.04283656	0.0034361978	0.0017554314	0.0007669964	0.00042201014	0.00081326585	0.0012506192	0.00056225905	0.0008450771	0.0024452703	0.0019899702	0.0024452703	0.0032107215	0.0020962667	0.001091175	0.0032107215	0.0010262855	0.006603611	0.009568676	0.00062682084	0.00024028635	0.0005430034	0.0032715967	0.0019543401	0.0023314285	0.002550102	0.002181647	0.0008963327	0.0003974307	0.0066810497	0.0007250133	0.0028634584	0.0004601039	0.00065568194	0.0021571193	0.00028732597	0.00174016	0.00044076695	0.00067602773	0.0014990688	0.0019520071	0.0045207473	0.004270827	0.00034913258	0.004270827	-20.454864501953125
s06e24d	125.0	5.0	0.8969641	0.8969641	0.073893875	0.13572988	0.00025772367	0.009991529	0.2046899	0.0046640225	0.0038858273	0.0021762808	0.00018822892	0.00037137198	0.00096592837	0.0021110233	0.00260761	0.00047505597	0.0040445607	0.0016487828	0.049469434	0.047963805	0.0022327749	0.0016882078	0.0007099187	0.0011242143	0.0005537983	0.0011242143	0.03745076	0.0060090907	0.0035947366	0.0009437779	0.00021482936	0.0006648308	0.0025955427	0.00037591456	0.0005501652	0.00089438085	0.0005266786	0.0008385745	0.004789111	0.0014423267	0.00019223317	0.004789111	0.00041831488	0.0030710616	0.00998293	0.00062934216	0.00056530366	0.001066819	0.001817617	0.0008218822	0.0019671754	0.008134251	0.0011496614	0.0007043455	0.00058422826	0.004957186	0.001940349	0.010400249	0.00018692757	0.0019765538	0.00043294195	0.00015932883	0.0016830178	0.0011694669	0.0003961943	0.0013683587	0.0012400215	0.0036991038	0.008677426	0.00019525926	0.008677426	-20.17686653137207
s06e24d	130.0	5.0	0.92690665	0.92690665	0.032236904	0.05196615	0.00048387953	0.00796082	0.21120334	0.002949152	0.0066735665	0.004400836	0.0030100043	0.0003520944	0.0011846629	0.0020697233	0.0044494336	0.0006171498	0.0024490021	0.00077559496	0.0023501609	0.034507792	0.0071922797	0.0071922797	0.0024029948	0.0014999133	0.0013011174	0.002129895	0.0998425	0.005935603	0.003099719	0.0011009303	0.00051833957	0.0010337003	0.0016704695	0.00084897375	0.0011483228	0.000602062	0.00030819935	0.000602062	0.0025019099	0.00045517035	0.0001835597	0.0025019099	0.00048088358	0.0034311493	0.0085965805	0.00016805143	0.0004807583	0.00032526028	0.0031289211	0.0011403956	0.0047103837	0.0038877954	0.002099884	0.0018885317	0.0007661088	0.00743865	0.00088287337	0.015261579	0.0011102246	0.0011837346	0.0010180707	0.00074260193	0.0027331	0.0010898116	0.00053089927	0.004763684	0.0018195388	0.0032560227	0.0044828528	0.000397283	0.004763684	-19.91938018798828
s06e24d	135.0	5.0	0.82526994	0.82526994	0.019646047	0.05601961	0.0010713214	0.0018854962	0.0446868	0.007378803	0.0013240649	0.007136694	0.0006890735	0.0019041852	0.050741	0.0073167635	0.0043974086	0.0016421401	0.0025494944	0.00021455545	0.0018549865	0.009079085	0.026489085	0.026489085	0.00299615	0.0049496084	0.0021789798	0.005126569	0.23464642	0.010673477	0.001700474	0.0020136463	0.0004774334	0.0017470039	0.0031049144	0.00066340296	0.0006312967	0.019135462	0.002858784	0.019135462	0.0130628515	0.0025340228	0.0019843283	0.0130628515	0.0049123187	0.0057116044	0.0070762574	0.0012484185	0.0005919143	0.0016366022	0.0025815081	0.006883865	0.0017141837	0.004755073	0.0018220128	0.0015703271	0.0013526472	0.008190497	0.0011406748	0.007072895	0.0009728511	0.0018751133	0.002051044	0.0007233246	0.003865974	0.0009010758	0.0013787313	0.0029180397	0.0013775856	0.013100571	0.0032910078	0.00020755392	0.015306147	-21.965913772583008
s06e24d	140.0	5.0	0.8755461	0.8755461	0.062000073	0.04120037	0.0003500439	0.005162203	0.25424588	0.0037168039	0.001813951	0.010737128	0.00022570688	0.00050316215	0.0011232744	0.0079651065	0.0043059886	0.0009886897	0.0042605223	0.0013033542	0.0037860223	0.16536482	0.007397606	0.0046897572	0.0028898667	0.0018216218	0.00078930956	0.0018216218	0.16374949	0.008578978	0.0023303707	0.0011032132	0.000531778	0.0010933507	0.0032350805	0.00046061754	0.00053707487	0.0012051936	0.0008698774	0.00088649173	0.001813805	0.0011946487	0.00019698039	0.001813805	0.0009536462	0.0033371004	0.0057814717	0.0010090095	0.00075959787	0.0010070283	0.0021084915	0.0013824484	0.0012602474	0.005737265	0.00070755265	0.0034282857	0.00068105134	0.0050858147	0.0003775998	0.0030268491	0.0005220429	0.0017251611	0.0011115167	0.0004121	0.0014881273	0.0006779776	0.00057926466	0.010277479	0.0015527317	0.002315765	0.0150548555	0.00015589998	0.0150548555	-22.23980712890625
s06e24d	145.0	5.0	0.7726362	0.7726362	0.02740957	0.04828762	0.0006691786	0.0031469977	0.019181628	0.0038348837	0.0030967277	0.003435525	0.004167655	0.000763337	0.002924053	0.007115632	0.0014525274	0.00031061465	0.0011281935	0.0006583485	0.0010148112	0.0152215585	0.034532044	0.034532044	0.001694726	0.011783344	0.0032437674	0.011783344	0.13650204	0.007624049	0.0020752144	0.00071613275	0.000777957	0.0007981342	0.0036590884	0.00062520127	0.0011518126	0.002664495	0.0023456528	0.0017031999	0.0024864327	0.0027623575	0.0012460029	0.0027623575	0.0015901825	0.011139548	0.012903868	0.00071517786	0.0015176076	0.0021701108	0.005303892	0.0017363076	0.0019483541	0.0018244956	0.0010470169	0.0011349343	0.0005664442	0.03537926	0.00067709124	0.008382851	0.00068928994	0.0013119227	0.0073319175	0.0003090205	0.0024450633	0.0016052229	0.0014674684	0.001607609	0.00051010086	0.004916577	0.0047433223	0.00037622286	0.01678904	-20.067039489746094
s06e24d	150.0	5.0	0.8538822	0.8538822	0.017343568	0.17499667	0.00040612512	0.0017886023	0.12817119	0.0017930382	0.0021749702	0.04458739	0.00043961487	0.00046397548	0.0059019136	0.007163406	0.0042344155	0.0060412628	0.0044916817	0.0012307849	0.007585292	0.10968212	0.040411696	0.040411696	0.0028543915	0.009851093	0.0024028851	0.009851093	0.055600155	0.0055074035	0.0019809834	0.0008262576	0.0004527414	0.0007428635	0.0018015767	0.001013701	0.00057765935	0.0020705843	0.0008789062	0.0020705843	0.0034531131	0.0011582628	0.00044782422	0.0034531131	0.0007327072	0.0034337363	0.0060321386	0.0006348623	0.00063024857	0.0011467848	0.0049922173	0.0037459917	0.0019444478	0.008633168	0.001366719	0.0026121915	0.0008570693	0.003497406	0.0010275332	0.008920088	0.000647559	0.0014358937	0.0007867991	0.0006583413	0.004286022	0.0010014408	0.0004562424	0.0018136072	0.0016312189	0.004902465	0.003811212	0.0001905094	0.008317714	-21.135841369628903
s06e24d	155.0	5.0	0.79063046	0.79063046	0.009882831	0.0617921	0.019711977	0.0007214713	0.00400227	0.0034552796	0.0011541185	0.19698907	0.00020451452	0.0006682462	0.003032949	0.021014012	0.0035712537	0.0003800787	0.00217472	0.00013999418	0.00064297067	0.0024515851	0.051899206	0.038425446	0.013120901	0.008121508	0.0093976315	0.011171055	0.10805264	0.0064690807	0.0017459647	0.0009387384	0.0007793212	0.00085963996	0.0021053837	0.00051446474	0.0004757196	0.017287606	0.003017139	0.017162966	0.0062552933	0.0015904186	0.0024299303	0.0062552933	0.0051515033	0.011454653	0.0041671544	0.00017297798	0.0004124443	0.00036027117	0.0020403245	0.005615657	0.00072310027	0.005087837	0.0005122437	0.0048271143	0.0029184127	0.0020155052	0.0003134198	0.006288907	0.00034703518	0.00067127554	0.0019137794	0.00039751158	0.0019782984	0.0006647057	0.00083783607	0.0023199453	0.0008210869	0.01154309	0.0017694791	0.00026440746	0.0047553983	-24.12220001220703
s06e24d	160.0	5.0	0.8433754	0.8433754	0.023948086	0.18461491	0.0007269623	0.0007417695	0.0078083933	0.0032957036	0.0009525575	0.009399203	0.00042091875	0.00030311238	0.0039938465	0.012675144	0.00167362	0.00060320785	0.0016460567	0.0006143759	0.000281573	0.008757263	0.011736385	0.011736385	0.0038762193	0.0018049988	0.0022092464	0.0028091632	0.044978485	0.003983604	0.0017364465	0.00094801595	0.00043540637	0.00086383085	0.0016788809	0.0004287441	0.00027488676	0.018668383	0.008146553	0.018668383	0.005111757	0.006971842	0.005375443	0.006971842	0.0036161784	0.012342946	0.005154366	0.0005520241	0.00025613973	0.0005708707	0.004072222	0.0018490577	0.0010040432	0.0033513694	0.0009639536	0.0024903587	0.0042652623	0.004073421	0.0009975159	0.057846915	0.00030943207	0.00084349787	0.0020457006	0.0005560338	0.0032988063	0.0009346099	0.0008891425	0.0011908415	0.002006496	0.012800276	0.0018297352	0.0002779186	0.008379676	-23.937240600585938
s06e24d	165.0	5.0	0.54208845	0.54208845	0.027051687	0.0066453954	0.0002109295	0.007384099	0.20706517	0.00081504637	0.003184552	0.0030985554	0.00013641526	0.00057681237	0.0013430677	0.007826961	0.0017055218	0.00046646997	0.0023080837	0.00046781744	0.016061127	0.3657458	0.0028860634	0.002618417	0.0028860634	0.002825798	0.00073016546	0.002825798	0.04389589	0.011675295	0.0054091727	0.0010929055	0.00042177425	0.0014386517	0.003915638	0.0005603368	0.00039847396	0.0025777526	0.0025777526	0.0005340376	0.0036465654	0.004626184	0.00023230843	0.0048806625	0.0008785864	0.018347597	0.007147281	0.0019703477	0.0010963284	0.0011245806	0.0059232023	0.0016710056	0.003069427	0.006088472	0.00039346382	0.0008560793	0.0012617109	0.0013074783	7.147877e-05	0.0016049104	0.00028073456	0.0010733268	0.0003523973	0.00034269702	0.0019045171	0.00075893005	0.00076917314	0.0018009911	0.0011916278	0.0026838405	0.0027525902	0.0007095121	0.0031924208	-20.577903747558597
s06e24d	170.0	5.0	0.905735	0.905735	0.015816595	0.13340752	0.00035591467	0.0025399993	0.057841294	0.0018421919	0.002330508	0.017861666	0.00020589429	0.0005018552	0.014999001	0.005123379	0.004106063	0.001309726	0.0023987063	0.00032430227	0.0014209544	0.019267809	0.04204636	0.04204636	0.0018175064	0.0022712767	0.00083489687	0.002441471	0.031952232	0.0036071094	0.0021169682	0.001504223	0.0008033228	0.001337343	0.0014776475	0.00061679346	0.00042086837	0.0013826473	0.00079680857	0.0010071209	0.0018119196	0.0006022608	0.00025764335	0.0018119196	0.0008153855	0.0027548792	0.0044623367	0.0001949895	0.0003346807	0.000958095	0.0010541576	0.00177214	0.0014876086	0.007371845	0.005296973	0.008295222	0.0012559025	0.0034758085	0.0004487083	0.021911725	0.000641135	0.0012052814	0.0031717794	0.00019982913	0.002512307	0.00055913423	0.0005373409	0.0034344413	0.0011952138	0.0035036735	0.0053784777	0.0006639339	0.006918015	-21.490203857421875
s06e24d	175.0	5.0	0.75124025	0.75124025	0.0029743058	0.32629126	0.00026662453	0.0004940755	0.00090810895	0.00095753476	0.0024029296	0.07103154	0.00010668645	0.00011342284	0.00066141784	0.0023157056	0.0014401458	0.00026286513	0.008742801	0.00057728373	0.00017330667	0.0007291763	0.0036166213	0.003115171	0.00066809496	0.0016731189	0.0010951051	0.0016731189	0.021077799	0.0022685057	0.00062635326	0.00035965178	0.00033302628	0.0003064291	0.0011796622	0.0011034291	0.00024906363	0.0015807224	0.0013682877	0.0015807224	0.002234136	0.0014657421	0.00036652925	0.002234136	0.0009139534	0.0035341005	0.010314627	0.00037475026	0.0002925419	0.00069396384	0.0014462968	0.0011034291	0.0020559349	0.0011902755	0.00059053535	0.002600144	0.0027828987	0.0032419362	0.0023960664	0.0032950633	6.6385815e-05	0.00060722313	0.0017223597	0.00013734403	0.005282757	0.0003834338	0.0002902632	0.0005257422	0.00060558954	0.0047028074	0.0011806919	0.00031388208	0.005463468	-20.951927185058597
s06e24d	180.0	5.0	0.88940346	0.88940346	0.010112439	0.106463395	0.003999159	0.0017705002	0.075535096	0.0038512691	0.003287961	0.05039702	0.0022721512	0.0004001481	0.0014860238	0.0037291488	0.00307898	0.002308692	0.001864485	0.0004294958	0.00041425708	0.0055919634	0.020899247	0.020899247	0.0019359629	0.0028354698	0.0027143671	0.0055772746	0.074287586	0.002754372	0.0010174899	0.00046051302	0.0005993382	0.00052436435	0.0006898429	0.000680928	0.0009436066	0.0015893513	0.00072078995	0.0013381152	0.0012160173	0.00051174156	0.00039385425	0.0012160173	0.000745176	0.002079767	0.0049718013	0.00010426541	0.0007743038	0.00021505437	0.001410439	0.0013356769	0.000980126	0.0038856836	0.0012898307	0.00090231333	0.0014817294	0.003757371	0.0005434735	0.02303573	0.0012285056	0.0012994293	0.004149143	0.00028807094	0.0033401183	0.00042390375	0.0005825698	0.0034599165	0.0004624435	0.0028323235	0.003004997	0.00035712958	0.0043681106	-21.975566864013672
s06e24d	185.0	5.0	0.8643927	0.8643927	0.041532695	0.030356376	0.0013032734	0.0057400786	0.13493277	0.004729292	0.0013976922	0.022665022	0.00078953296	0.0013908803	0.002602106	0.005362589	0.0078428285	0.0021541088	0.004347471	0.00034763815	0.00441199	0.15417583	0.01108195	0.01108195	0.0021607382	0.0067116693	0.0025933292	0.024756981	0.02810335	0.004744112	0.0015526637	0.00071758236	0.00031012378	0.00081270037	0.001992797	0.00029448397	0.00021126725	0.0029258789	0.00067078765	0.0028986586	0.009073875	0.0010299953	0.00046119306	0.009073875	0.0028436724	0.0032012567	0.0028657725	0.00088273454	0.00040509814	0.0011983635	0.0010512457	0.002229188	0.0014036434	0.005611521	0.0002207147	0.0050281635	0.0010490558	0.002931821	0.0006905177	0.004283534	0.00057866535	0.0010700027	0.0009685922	0.00046106384	0.0022773556	0.0012148387	0.0011575343	0.008485597	0.0019061329	0.015638744	0.0058085592	0.0002111875	0.008485597	-21.386127471923828
s06e24d	190.0	5.0	0.75049	0.75049	0.05374452	0.009696344	0.00013344546	0.0027126237	0.2112466	0.00046046567	0.0026749899	0.0037894554	0.00011903233	0.0003358784	0.0034508363	0.009601908	0.0042364444	0.00059446634	0.0062992615	0.00020092427	0.0069474657	0.2757453	0.012885449	0.012885449	0.0018647645	0.011270856	0.0011520282	0.011270856	0.06688246	0.009869906	0.0021003475	0.00050390756	0.0003456695	0.00061829726	0.0046196035	0.0008213279	0.00048750476	0.0008383108	0.000608867	0.00027824947	0.0038450928	0.00044066546	7.0531976e-05	0.0038450928	0.0019301653	0.0075174584	0.0017398023	0.00029055227	0.00038687745	0.0003052232	0.001012973	0.008194014	0.0008987666	0.012141553	0.00028865598	0.0013352126	0.0059109456	0.0011992359	0.0001505077	0.0019940443	0.002237805	0.0009878795	0.00055333	0.0002275277	0.0048760795	0.0014851961	0.000942272	0.008966426	0.009325678	0.009338149	0.04532745	0.00016840834	0.04532745	-24.154842376708984
s06e24d	195.0	5.0	0.8054038	0.8054038	0.02389499	0.02552185	0.00020190292	0.0024012967	0.23076087	0.0012435497	0.0014324015	0.0057482976	0.0010687954	0.0010249019	0.0020511672	0.003310762	0.0011871804	0.00039543043	0.0009887787	0.0005384576	0.0028607913	0.033668865	0.005955494	0.002042829	0.0023622934	0.004373495	0.0023271479	0.004373495	0.050074212	0.0043924134	0.0021527298	0.00058656716	0.00033597896	0.00069551077	0.0017044968	0.00051888754	0.0004502759	0.0071127457	0.0035289524	0.0071127457	0.020692889	0.0057206587	0.0011929447	0.020692889	0.0025394943	0.013076962	0.003949543	0.0006337246	0.0005733499	0.00040076542	0.0015139442	0.0015872122	0.0017378193	0.0016665014	0.0011006943	0.0011191356	0.00061218836	0.0021631164	0.00030939523	0.003488997	0.0005749111	0.0008298184	0.0012286543	0.00032208103	0.004784566	0.0015330776	0.0006451344	0.0032822527	0.0018403296	0.02792192	0.0013358385	0.00014791658	0.0065454543	-23.9778995513916
s06e24d	200.0	5.0	0.8617724	0.8617724	0.0034757126	0.006998246	0.0010090211	0.00019704293	0.0055478304	0.0013687825	0.0002753098	0.011756002	0.00045847587	0.00012709781	0.04484862	0.008700928	0.0014247042	0.0003633617	0.00045163493	0.00011113441	0.000109714805	0.0003595184	0.23358351	0.23358351	0.0059584416	0.022880927	0.003754085	0.06006067	0.020358238	0.0014445191	0.00028625657	0.00033107057	0.00032165603	0.00030807743	0.00054867845	0.0004847273	0.0001487274	0.0025302481	0.00020675024	0.002104372	0.000567897	0.00011071596	0.0003320327	0.000567897	0.0026023088	0.00068209413	0.0006539938	6.2408275e-05	9.80045e-05	0.00019645481	0.0005640416	0.0027370304	0.00025433407	0.0029888006	0.00090293214	0.0014438852	0.001938028	0.0009681208	0.00025304995	0.004998503	0.00020936901	0.00046857478	0.00058799173	8.607047e-05	0.0007932917	0.00039258745	0.00015846826	0.00070800993	0.0014138758	0.0067910575	0.0026218698	0.00015698356	0.0026218698	-23.860435485839844
s06e24d	205.0	5.0	0.40790495	0.40790495	0.016096536	0.002046202	0.00023934341	0.012067183	0.022455556	0.0009653438	0.045554604	0.0008668594	0.00062327576	0.00034907315	0.00095867895	0.006799138	0.00032927448	0.00023527285	0.005087031	0.0016267636	0.11021609	0.009366627	0.0019386763	0.0018503837	0.000401981	0.0055050747	0.0018038155	0.0055050747	0.717354	0.13180566	0.09195117	0.0013452126	0.00030629654	0.0012652574	0.056105144	0.00035074976	0.0052767866	0.0013903612	0.0013903612	0.0009436274	0.010731001	0.0054693962	0.0001741075	0.010731001	0.0007750534	0.013097157	0.024878476	0.0016661873	0.00092561374	0.0006200227	0.0018320419	0.011915987	0.0023275388	0.005907937	0.0003413982	0.0020212403	0.0006815013	0.0011132949	0.0014529091	0.0011631298	0.00040729367	0.0006209077	0.0002956238	0.00040509368	0.0037728692	0.0014518892	0.000996771	0.006294532	0.0007134903	0.0053727212	0.010314227	0.0001564771	0.014958983	-19.195968627929688
s06e24d	210.0	5.0	0.8355952	0.8355952	0.006915257	0.32764366	0.00029378093	0.0016237175	0.17882708	0.0029807691	0.0060765604	0.020956893	0.00037306492	0.0002938148	0.0057074707	0.0011013262	0.012405808	0.0016213408	0.0013556656	0.0011911818	0.0017120797	0.004787666	0.00931946	0.0015144006	0.0008919979	0.0007733945	0.00031920208	0.0012877954	0.050681558	0.0075466125	0.0024744303	0.0014717424	0.0005374016	0.0011525671	0.002125044	0.00020731817	0.00097041926	0.0022725207	0.0005245671	0.0022725207	0.0027523113	0.00094196823	0.00038954336	0.0027523113	0.0005264588	0.0014926796	0.0036321036	0.000324889	0.00060192397	0.0009133366	0.0020728437	0.00032764612	0.0031906324	0.0029014894	0.0011817259	0.0009773523	0.0010177202	0.008574453	0.005513764	0.025191972	0.00012762038	0.00084605045	0.00064696895	0.00027904593	0.0032244225	0.0003419942	0.00017350227	0.0013120526	0.0013079179	0.0043100957	0.0011390717	0.0002091276	0.0032244225	-20.895347595214844
s06e24d	215.0	5.0	0.82811373	0.82811373	0.04282592	0.0066271727	0.00056521833	0.004830622	0.33944812	0.005729611	0.010685539	0.0015068407	0.0016205367	0.00062427006	0.005402673	0.0031875204	0.003388234	0.00216391	0.0020794848	0.0005094179	0.0031913212	0.10603183	0.011256686	0.003913678	0.0021189172	0.0023117727	0.000544853	0.0023117727	0.0694542	0.010361271	0.0049961414	0.0014660668	0.0005438783	0.0018906596	0.0037569378	0.00039859518	0.00055392104	0.0009654638	0.0009654638	0.0008526231	0.0022319474	0.0015459801	0.00053957966	0.0022319474	0.00067219744	0.005515459	0.009346278	0.0011245303	0.0011115718	0.001048339	0.0064411745	0.001362387	0.003399375	0.007124069	9.567375e-05	0.0012227375	0.0014172905	0.0030840044	0.0002002795	0.00046902322	0.00057723257	0.001149045	0.00027975638	0.0004468835	0.0012801035	0.00038022312	0.0027259663	0.009347854	0.0015075032	0.0018649944	0.00261031	0.00015663846	0.009881344	-21.540014266967773
s06e24d	220.0	5.0	0.85982716	0.85982716	0.029966636	0.016539201	0.0006016438	0.009218817	0.1831833	0.0035888965	0.0035897119	0.0028930344	0.0027373533	0.00055365026	0.042039447	0.0027090297	0.013752542	0.0028721797	0.00048528996	8.631837e-05	0.0007636495	0.008574068	0.0074485	0.0056435997	0.003673263	0.0022528889	0.0019927921	0.0025480047	0.019284517	0.002549212	0.0016394671	0.0005492868	0.00026520525	0.0005608329	0.00041462173	0.00017716865	0.00012078109	0.0011936858	0.0009256728	0.0011936858	0.008631838	0.002195203	0.00013566922	0.008631838	0.0008411334	0.013140427	0.028217744	0.0007217481	0.0004851466	0.0005463791	0.0028868674	0.0012719508	0.0048609916	0.024920467	0.0004739013	0.007746574	0.001416775	0.0046334863	0.00060139847	0.013067421	0.00083804526	0.0004470096	0.00093935843	0.00019674875	0.0011039396	0.029547716	0.00048686482	0.01683503	0.0004845439	0.00597574	0.0026162197	0.00026468743	0.03947837	-23.84368896484375
s06e24d	225.0	5.0	0.9165543	0.9165543	0.0036508455	0.091475785	0.00074424664	0.00028761209	0.0050855856	0.0033505396	0.0015107428	0.028923279	0.0004285631	0.00043373133	0.0060733873	0.006492519	0.0022281087	0.0006709858	0.0010775252	0.00017898376	0.00020904826	0.0003655956	0.034584735	0.034584735	0.0031603305	0.0027347342	0.0007852023	0.003964326	0.030162416	0.0027544165	0.0010973817	0.0010895806	0.00043533393	0.0008050366	0.0006269505	0.0013203807	0.00030757647	0.0019252241	0.00035245623	0.0010470344	0.00045793474	0.0001546598	0.00023212157	0.00045793474	0.0021652726	0.00084655435	0.0021538187	0.000108742606	0.00028767544	0.00021095526	0.0010050677	0.003396672	0.0005359593	0.0035424563	0.001174561	0.00085101236	0.0030357302	0.0019780847	0.001142048	0.058206428	0.004550853	0.0023796142	0.007307163	0.00019568794	0.01833168	0.0007703204	0.0002449812	0.000473247	0.00307783	0.007288695	0.0031537442	0.00040169238	0.01833168	-21.63633728027344
s06e24d	230.0	5.0	0.87732536	0.87732536	0.026607256	0.02364969	0.0067353104	0.0017786573	0.004133126	0.007195324	0.0022492465	0.02934955	0.005770138	0.00071807386	0.015724994	0.008925621	0.012340685	0.0014327671	0.001123633	0.00027771993	0.0003723057	0.0015933773	0.018484792	0.018484792	0.004923655	0.0051030396	0.010698032	0.010698032	0.030747462	0.005638223	0.002063086	0.0011570917	0.0007252148	0.0009669759	0.0012350732	0.00041707914	0.00043799213	0.009451299	0.0014359368	0.007833554	0.0022908223	0.00059940876	0.0015268917	0.0022908223	0.0036911974	0.0023386558	0.0028684374	0.00029788376	0.00027100366	0.00045169628	0.00089146435	0.0017092518	0.00065308256	0.0028479574	0.00070848654	0.0020701538	0.000647084	0.0055104657	0.00020487871	0.063346066	0.0006835668	0.0010283171	0.013430276	0.0002500394	0.0068763844	0.0013852833	0.00044487862	0.00081475783	0.00063150824	0.0072352565	0.0014141821	0.00056963094	0.0068763844	-22.5626163482666
s06e24d	235.0	5.0	0.7970077	0.7970077	0.028943509	0.0005840924	0.00010533852	0.00021663966	0.00037591564	0.00022708645	0.0004350305	0.0003502315	0.00017358204	0.00030291738	0.00082847173	0.00376347	0.027368149	3.8694634e-05	0.0011574235	8.0890386e-05	0.0001871341	0.00086864125	0.008219219	0.0024770375	0.0011506573	0.0017117277	0.002149976	0.0045622378	0.0067212447	0.0016349934	0.00082852546	0.0004458725	0.0004020343	0.0004942472	0.0004439889	0.00033394317	0.00012323771	0.04100258	0.0014626454	0.031749364	0.004437328	0.00031526224	0.0057271887	0.004437328	0.009121304	0.0036927653	0.0065662176	0.00026322075	0.0004311563	0.00036677445	0.0010725004	0.002771063	0.0006520371	0.006686647	0.0003328625	0.0033582074	0.003593613	0.0033554905	0.00012068508	0.00029078007	0.002535174	0.00095919013	0.0046354746	0.00014458901	0.002947851	0.0016905039	0.0002828829	0.0006451129	0.001917814	0.048633844	0.0016385013	0.00082164654	0.0189326	-22.674110412597656
s06e24d	240.0	5.0	0.8807125	0.8807125	0.025347222	0.0063039795	0.0002598783	0.0022159943	0.49740624	0.00055524596	0.0013005877	0.00097266067	0.0002528322	0.0001793596	0.003152407	0.0022781098	0.0041050278	0.0009827333	0.0021602663	0.003712918	0.001002003	0.023523381	0.05343858	0.0004528653	0.0017215705	0.0010164576	7.6333534e-05	0.0010164576	0.031766813	0.0061876657	0.005695431	0.0011417358	0.0008880181	0.0013291669	0.002677227	0.00019938758	0.0002908821	0.00047996794	0.00047996794	0.00027916435	0.0011602815	0.0006756754	0.000119202596	0.0011602815	0.0020976139	0.0022403875	0.002184593	0.00019493242	0.00018858515	0.0004293169	0.0010201747	0.00062958995	0.003274506	0.0041663907	5.0586408e-05	0.0011204008	0.0004388612	0.0044573974	0.00019120566	0.0012271357	0.00041735274	0.0004998356	0.00014751487	0.00030048742	0.0033341707	0.0014032405	0.0003314985	0.0013117304	0.001518887	0.0037543327	0.0007027103	5.169656e-05	0.0033341707	-22.083911895751957
s06e24d	245.0	5.0	0.8771775	0.8771775	0.0065837125	0.13347477	0.0007758012	0.00162039	0.0124855945	0.0007989827	0.0021529929	0.026812466	0.00014258269	0.00023247462	0.0025912996	0.0034942064	0.000570748	0.00017928403	0.0017881376	0.0004340132	0.0006261712	0.0018487375	0.052190248	0.052190248	0.0041459403	0.035938855	0.005717945	0.035938855	0.08733191	0.003539586	0.0005720287	0.0008214438	0.00025641045	0.00089631655	0.0015803613	0.0013453605	0.00058565295	0.002557448	0.0008299442	0.002557448	0.0012386846	0.00045698017	0.000526585	0.0012386846	0.00080627034	0.0021486846	0.0053940224	0.00018300745	0.00033033377	0.0008042825	0.0017703081	0.0029076375	0.0034521453	0.01774239	0.0025124599	0.0034642466	0.003029891	0.0040355623	0.0023451732	0.011501295	0.00080477196	0.00094816496	0.0013135906	0.0002031618	0.013017684	0.0009879848	0.0005018306	0.0012239045	0.0019813152	0.0040265685	0.030829487	0.00015676321	0.030829487	-20.779029846191406
s06e24d	250.0	5.0	0.8835381	0.8835381	0.009175373	0.26069298	0.00079622905	0.00051516696	0.0017221236	0.002629168	0.001784884	0.14457685	0.00061081495	0.0003634963	0.0032228245	0.0025741153	0.0018858174	0.0006719012	0.0059471014	0.00060704607	0.0001255818	0.00060950126	0.009074766	0.004404943	0.0006776849	0.0037292235	0.003033399	0.0037292235	0.06264138	0.003162852	0.00087905827	0.00064911396	0.00053796946	0.0013675804	0.0012162495	0.0013598657	0.0006230429	0.0019435292	0.0009978904	0.0019435292	0.0015375892	0.0006342182	0.0005154902	0.0015375892	0.002196813	0.002603668	0.0064556403	0.00014967905	0.00024794176	0.0007385725	0.0016145748	0.0013598657	0.0013396975	0.0025076629	0.004083173	0.0020423157	0.00057154224	0.0054683876	0.002077214	0.012001713	0.00016715107	0.0026943432	0.01093559	0.0001290663	0.0076845856	0.000594489	0.0003847127	0.00079257914	0.0010200916	0.004100013	0.0026021306	0.0007100245	0.009986445	-20.503416061401367
s06e24d	255.0	5.0	0.8632416	0.8632416	0.0070027374	0.07352097	0.00035206886	0.0008803218	0.043752607	0.0050637736	0.0012538753	0.022234783	0.0006346294	0.00059091736	0.065276355	0.0029582402	0.02533426	0.0013784439	0.0014383476	0.0010108174	0.0006745237	0.0032497903	0.0456938	0.0456938	0.0033136508	0.0073687686	0.000492628	0.0103548765	0.010532077	0.0010918014	0.000559548	0.00041973553	0.00012727268	0.00020107739	0.0004663775	0.00023868869	0.00024669038	0.0013489344	0.0013489344	0.0013021692	0.0020167688	0.0016533715	0.0003391168	0.0020167688	0.0006554058	0.0020527274	0.008297254	0.00033921088	0.00023462075	0.0006007814	0.003427999	0.0005339302	0.0026180495	0.0056605097	0.0027591204	0.0017108122	0.00034822873	0.0014644641	0.012083377	0.01668432	0.0001450588	0.0006303098	0.0003279893	0.00024616643	0.00220624	0.0012897373	0.0002725779	0.0012114391	0.0014370503	0.010663557	0.00063367176	0.00027005863	0.0023056474	-21.018291473388672
s06e24d	260.0	5.0	0.72968006	0.72968006	0.01695141	0.015459074	0.0003318881	0.0011406896	0.05777457	0.0021621748	0.001036255	0.0053849355	0.003036071	0.00019684575	0.009145406	0.0035080279	0.001445075	0.00080187386	0.00054673175	0.002117879	0.002884532	0.011779519	0.017790586	0.0038522186	0.002206299	0.004393609	0.0020248129	0.004393609	0.05714894	0.0034962527	0.0010571772	0.00054432015	0.00021715937	0.0004414816	0.0017190555	0.00021752782	0.00024796303	0.0046968586	0.0026273497	0.0046968586	0.02496081	0.008246859	0.0010177745	0.02496081	0.0007913083	0.0152834235	0.014812702	0.0020384716	0.0012756378	0.0011182368	0.007337931	0.0018285051	0.0033663327	0.0046025673	0.00020616579	0.0013551557	0.00038582116	0.003640213	0.00094003166	0.005983492	0.00026419552	0.0013176027	0.00091930886	0.0002671864	0.0034708935	0.0005367338	0.0005052564	0.0014579423	0.0008905542	0.03934553	0.000904986	0.00010151622	0.0034708935	-21.58619880676269
s06e24d	265.0	5.0	0.8740965	0.8740965	0.0026705295	0.2500091	0.00095534866	0.00024172387	0.0023951181	0.003106289	0.0016478216	0.08544968	0.00016969287	0.0007554438	0.003570772	0.0018394821	0.0017993205	0.0010865197	0.004774771	0.00029814854	0.00013325956	0.00018342497	0.042168353	0.042168353	0.0035624376	0.0017478009	0.0019437606	0.0019437606	0.027260263	0.0030175836	0.0010248189	0.0009634005	0.00056572416	0.00075641845	0.00061833084	0.0020983997	0.00039436822	0.001526896	0.0006534452	0.0011082011	0.00065436977	0.0002726629	0.00030657757	0.00065436977	0.0006137426	0.0010044149	0.0036688747	0.00014523264	0.00017296198	0.0006836434	0.0013883486	0.0017408072	0.0009074745	0.0007058393	0.00081321393	0.00049456954	0.00032049773	0.003496442	0.003682987	0.056555882	0.00011995127	0.0018528212	0.005262939	0.000107130116	0.0035513479	0.00047875708	0.00019606446	0.00030378182	0.0004507588	0.0038521765	0.0009088776	0.0006968271	0.0063152863	-21.237178802490234
s06e24d	270.0	5.0	0.8652427	0.8652427	0.0010612261	0.12170757	0.00089509774	0.00018043167	0.0017099262	0.0018322242	0.0018854352	0.1079833	0.00019573946	0.00012983804	0.0011392746	0.0010792083	0.0008079681	0.0003320549	0.0020840892	0.0002463855	8.851123e-05	0.00012490609	0.07895945	0.07895945	0.0007795674	0.0020214415	0.0012343528	0.0020214415	0.04674004	0.0027714293	0.0007069268	0.00084701186	0.00064336084	0.00064989517	0.0005102501	0.0008865589	0.0004079916	0.0016281969	0.0002665569	0.0015577927	0.0008238213	0.00023271768	0.00028856215	0.0008238213	0.0003631761	0.0007979388	0.002008102	6.745555e-05	4.2219785e-05	0.00046867438	0.00048146336	0.0002959529	0.00041023607	0.00042507643	0.0018709956	0.0003745588	0.0001887269	0.0023225383	0.0025148632	0.0076844185	4.0438943e-05	0.0004707111	0.0022238016	3.375634e-05	0.0021657487	8.197707e-05	8.4464955e-05	0.0004791227	0.00018465739	0.0010288262	0.0003702971	0.00022219463	0.0021657487	-20.472936630249023
s06e24d	275.0	5.0	0.81504256	0.81504256	0.05772304	0.075825006	0.0068725143	0.003798452	0.093823865	0.025794664	0.0041004648	0.017027479	0.00228501	0.0015271242	0.009864195	0.0017475853	0.006868457	0.00861958	0.005079449	0.00029342205	0.0015167653	0.002704257	0.012428466	0.012428466	0.0018190729	0.000562519	0.0027735822	0.0027735822	0.016305415	0.0032351667	0.0012831136	0.0010752815	0.0003664751	0.0011299422	0.0010176043	0.000632061	0.00047872352	0.0013662446	0.0013662446	0.0010370772	0.0011256963	0.00079641497	0.0004658199	0.0011256963	0.000925559	0.002101832	0.0076890513	0.0004888367	0.0007542145	0.0006296002	0.002703141	0.0010341721	0.0013550912	0.004186796	0.0023395023	0.00384787	0.00051461067	0.0030148004	0.0006028055	0.0021081474	0.00027801452	0.0007476417	0.018829739	0.00038239526	0.00269487	0.00078820094	0.00094911945	0.0065251947	0.0009849098	0.001741626	0.0021144697	0.0008237459	0.0065251947	-22.39136505126953
s06e24d	280.0	5.0	0.30325887	0.30325887	0.003862758	0.014165119	0.020018138	0.0011246288	0.23213194	0.02299722	0.002956109	0.014594335	0.00023642214	0.0010873833	0.49555042	0.0010523058	0.0145610105	0.001134249	0.00043450829	6.954604e-05	0.0020642155	0.0016122728	0.0052819904	0.003961892	0.0052819904	0.00065779	0.0001731448	0.006426452	0.013447801	0.00235539	0.0007631952	0.00045833472	0.0001034614	0.00033011872	0.0013684845	0.00022647712	0.00012436912	0.0012329463	0.00031180144	0.00022069746	0.000304225	0.00034875335	0.00012388975	0.00034875335	0.00038750164	0.00087183696	0.0025086722	0.00013618534	0.000691914	0.0005817189	0.0032947436	0.0013168111	0.0014034249	0.0052074897	0.00023204167	0.0015582609	0.00030029553	0.00168307	0.0001017787	0.0027746444	0.00028724654	0.0003601326	0.00020521577	0.00060652156	0.002027507	0.00033018074	0.0010329481	0.0007378036	0.00024655234	0.0019847287	0.00055250525	0.0009781902	0.002027507	-22.844871520996094
s06e24d	285.0	5.0	0.84312737	0.84312737	0.18448305	0.0059039006	0.00020064935	0.0041890354	0.1289346	0.0008683371	0.0018122413	0.00092125236	0.00030691887	0.00095625565	0.0008805873	0.0049621155	0.00149851	0.00062902435	0.0024905885	0.00013240913	0.015727244	0.26156768	0.007908021	0.004705993	0.0032503	0.0048968317	0.0019173295	0.0048968317	0.036167253	0.012274056	0.004205064	0.00096400274	0.0004452282	0.0009569561	0.0043005454	0.0004911148	0.00031110158	0.0028365823	0.00171112	0.0028365823	0.0024640805	0.002296631	0.0017041441	0.0026376431	0.0015044679	0.00653275	0.0036922144	0.0020152358	0.00037571945	0.0005876505	0.0051651574	0.0011307595	0.0022408767	0.0042894357	0.00012139155	0.0013209676	0.0013675173	0.0030468137	7.610662e-05	0.0005234972	0.0012661188	0.0018680922	0.00092745305	0.00063519937	0.0011009523	0.0010633097	0.0011525518	0.0033506847	0.0018941351	0.0016531841	0.004307745	0.000574603	0.011849129	-24.40102767944336
s06e24d	290.0	5.0	0.90259844	0.90259844	0.05829157	0.006872006	0.00019380804	0.00025103835	0.0011417919	0.0024210233	0.0012959167	0.0016810889	0.0004005712	0.0018634852	0.04976046	0.0030617001	0.0020658968	0.00020399997	0.0013059288	0.00018163463	0.00032820072	0.0006665346	0.0036463162	0.0029920677	0.002275545	0.00069075736	0.00045252632	0.0021875405	0.0104006985	0.0049351533	0.0027423615	0.0008480068	0.0002231477	0.00063773774	0.0009345369	0.0005428202	8.4191226e-05	0.0025503421	0.0011565473	0.0025503421	0.0015627452	0.00051179616	0.0009394488	0.0015627452	0.0020200682	0.0017099449	0.0017911991	0.0002758006	0.00016744042	0.00042101264	0.001151699	0.0012765614	0.00077139505	0.0041176905	0.00012140509	0.0011923795	0.00034369985	0.0030133661	0.00023101034	0.0023569087	0.00041698568	0.00065877626	0.0042537022	0.0006848123	0.0025846371	0.002093377	0.0004807789	0.0004515019	0.00030867895	0.0121835	0.0005802446	0.0017555802	0.008289097	-25.70404815673828
s06e24d	295.0	5.0	0.85779506	0.85779506	0.007171621	0.0017902028	0.00022113662	0.000148939	0.00014091682	0.00051270734	0.00083957746	0.0012488521	0.00018948964	0.00015033974	0.0012559886	0.011021182	0.0061026304	3.9441984e-05	0.0026709235	4.0155337e-05	5.45426e-05	0.0004734471	0.009116083	0.0012778206	0.0012534776	0.006123727	0.0027731655	0.006123727	0.013500289	0.0028382135	0.0013946759	0.0007257305	0.0005917676	0.00068296684	0.0010845703	0.0010581672	0.00015299443	0.016998395	0.0031325347	0.0075676157	0.0012196951	0.0012204011	0.0016712951	0.0012204011	0.008283106	0.0015437903	0.0012415857	0.00013720854	6.4113905e-05	0.00024396494	0.001166534	0.0021518613	0.00026140606	0.0020396798	0.0010106845	0.0012918555	0.00082801754	0.0015468672	0.00010384619	0.009882337	0.00027530378	0.00056384056	0.0027651305	7.4807765e-05	0.008999686	0.0013943359	0.0011421514	0.0003422799	0.00093017967	0.028651746	0.0018317455	0.004364095	0.027771313	-26.73265838623047
s06e24d	300.0	5.0	0.9037076	0.9037076	0.041568063	0.0035594313	0.00054522546	0.0003497617	0.0034134486	0.009571385	0.0010327632	0.0008814911	0.0042524785	0.00040673924	0.09991137	0.0038235974	0.0020269076	0.00060776394	0.0015429939	0.00042843955	0.00026136969	0.0016923862	0.01592806	0.010118451	0.00399559	0.00055530237	0.00079952343	0.0016145887	0.014500241	0.00674821	0.0034987023	0.0012692763	0.0007935964	0.0012510552	0.0012464866	0.0005049324	0.00018792333	0.0017533186	0.0013069242	0.0016167099	0.0013870965	0.0011438859	0.0005254163	0.0013870965	0.001457916	0.0039296597	0.0027672998	0.00032515175	0.00013603219	0.00060430204	0.0019165595	0.0007018302	0.0010561554	0.0034428793	0.00044170764	0.0015033609	0.00039463298	0.0040698205	0.00026189003	0.006758125	0.000347012	0.00053974707	0.0011682254	0.00019656275	0.0069933273	0.002232984	0.00030017932	0.00082561537	0.00055828434	0.0023014194	0.00057472376	0.0005439962	0.013031439	-26.121368408203125
s06e24d	305.0	5.0	0.79276514	0.79276514	0.011371419	0.00083123427	0.0003625441	0.00021056097	0.0014847675	0.0014055502	0.00042107186	0.0011390027	0.0015850851	0.00018308425	0.009926325	0.122407995	0.004818804	6.9638554e-05	0.0017098913	0.0008214954	0.00058364385	0.00076093094	0.0384472	0.010521329	0.003789225	0.004845003	0.0039010823	0.010786623	0.016194323	0.0011653489	0.00055253424	0.00023251695	0.00019802233	0.00017788653	0.00042925306	0.00016204256	0.00011121402	0.010673654	0.00301422	0.006870018	0.0014678352	0.00079018186	0.0021784513	0.0014678352	0.01564826	0.0053265304	0.0031688577	0.00014109793	0.0002955849	0.00019180164	0.0013588546	0.00809251	0.0008455946	0.01365911	0.0006726005	0.0032799947	0.0005673771	0.0016642737	0.00016488109	0.00097329705	0.0006561011	0.00030393072	0.0010337721	0.00019536169	0.0013679502	0.0015804343	0.0008222531	0.005849456	0.00089596387	0.012216612	0.0009096513	0.0005808616	0.010308982	-26.10651206970215
s06e24d	310.0	5.0	0.8672034	0.8672034	0.060066562	0.00716443	0.00042229204	0.0026849397	0.13997763	0.00071288267	0.0021755127	0.0012430849	0.0009789552	0.00032770896	0.016946629	0.005067282	0.0043912376	0.00030960294	0.0025785705	0.00046012076	0.0056391247	0.025101181	0.0044975406	0.003724383	0.0015246151	0.0016444182	0.0013469825	0.002047708	0.02101356	0.0078146765	0.0049781604	0.0013362812	0.0003509926	0.0012372014	0.0025498716	0.00029562096	0.00020588329	0.00570064	0.0030377833	0.0044337926	0.016383557	0.0058876853	0.001039017	0.016383557	0.001711138	0.0114892125	0.0073613226	0.0016773695	0.00079551275	0.0013594797	0.0036591252	0.0029676359	0.002436815	0.01074267	0.0004898123	0.0010368496	0.0008276511	0.003702265	0.00021910398	0.018266372	0.0007813017	0.001014466	0.0007934002	0.00026290474	0.0055997223	0.0035437373	0.0016811049	0.00500738	0.0016001399	0.017039271	0.0045982045	0.00052936946	0.007596197	-22.069704055786133
s06e24d	315.0	5.0	0.7608291	0.7608291	0.054016206	0.002964917	0.00015171342	0.004338215	0.09000075	0.0029668896	0.007289022	0.000750879	0.0013899712	0.0001046072	0.007715722	0.0050875884	0.00029285668	0.00033334325	0.0028581645	0.0010664703	0.015857754	0.014853674	0.008088426	0.0010305258	0.0011197265	0.0018301855	0.0006126372	0.0018301855	0.6967045	0.17709133	0.0958986	0.0123673435	0.0016983779	0.01220405	0.012813154	0.0009131778	0.0014726971	0.0024757972	0.0024757972	0.0012208755	0.0077277897	0.009904842	0.00035154616	0.009904842	0.00077622454	0.015674636	0.00696905	0.00071776804	0.000743952	0.00055878854	0.000979088	0.0015709717	0.0009847169	0.004873676	0.00038128722	0.0023637211	0.00039237476	0.0026021034	0.00025163984	0.0042647524	0.00023976094	0.0074153403	0.00039550508	0.00018184604	0.0014326717	0.0004256717	0.0010441621	0.004764909	0.00073835923	0.005751364	0.00822951	0.00030953388	0.00822951	-23.146974563598636
s06e24d	320.0	5.0	0.02073134	0.02073134	9.064571e-05	9.2700924e-05	0.000118384734	0.00026806694	0.00030871487	9.5362244e-05	0.011346941	0.00015265505	1.8814262e-05	2.8264247e-05	9.753982e-05	0.0003291034	0.00013798937	8.620814e-05	0.00031664816	0.00045465687	0.0002979542	0.0003289105	0.0012828264	0.0005476322	0.0010446695	0.0014851437	0.00037108568	0.0014851437	0.72827554	0.2644078	0.19660719	0.009598966	0.0137129	0.009304328	0.06479263	0.011489271	0.022760693	0.00039960415	0.0003830352	0.00017708403	0.00089107367	0.00035109988	0.00021246151	0.00089107367	0.00035365313	0.0013681458	0.00063969236	4.7825826e-05	0.0002322307	6.0091414e-05	0.0006601973	0.0019291221	0.0007231161	0.002329464	0.00022028519	0.028199483	0.0032371401	0.00020387572	0.00018545441	8.988438e-05	0.0007420703	0.0005457092	0.00025134202	0.00013166304	0.0035145897	0.002883028	0.0029074952	0.0029754993	0.0017224647	0.0017912904	0.008214505	0.00014703067	0.008214505	-19.960033416748047
s06e24d	325.0	5.0	0.5145752	0.5145752	0.028945286	0.008369164	4.765269e-05	0.0018115384	0.16279066	0.00012544035	0.004843883	0.0017442985	2.8210607e-05	1.3707279e-05	0.00018881437	0.0011195787	0.00037141534	0.0008518691	0.00486751	0.00024780398	0.0052927136	0.28755188	0.0026111407	0.00048459083	0.0026111407	0.0020020276	0.00041825126	0.0020020276	0.12593776	0.017780174	0.0056940923	0.0016534312	0.0011699505	0.0015919913	0.00907664	0.00036629714	0.00040082808	0.0008975074	0.0007837498	0.00046556507	0.0020379645	0.0016194677	0.00022189021	0.0020379645	0.00029180569	0.012874384	0.010175107	0.00043348887	0.0002639244	0.0001951141	0.002197988	0.00092715886	0.0156405	0.023329904	0.0008597546	0.06047628	0.0006479634	0.0006655313	0.0003548184	6.552178e-05	0.0010409936	0.0011540052	0.00013661063	0.00013574297	0.0064522037	0.0035619165	0.00021965703	0.002473623	0.0014459657	0.002478394	0.002850598	0.00096893	0.011243119	-23.399507522583008
s06e24d	330.0	5.0	0.70493853	0.70493853	0.008301673	0.0010593235	0.00012964393	0.00025707702	0.004555625	0.00017043295	0.0019224882	0.0012706647	0.0005427196	6.0571932e-05	0.0013848954	0.015762946	0.00031944408	0.00012567728	0.0003006433	9.670556e-05	0.00016538998	0.000652433	0.005256644	0.005256644	0.0011856366	0.008075616	0.0010432642	0.008075616	0.013603612	0.0034062443	0.002611101	0.00031920237	0.00016423635	0.00028219842	0.0020701715	0.00025757038	0.0001601993	0.0028914597	0.0028914597	0.0022698098	0.0004942375	0.00097117305	0.0009184421	0.00097117305	0.0054133353	0.015139968	0.06437515	0.0002717185	0.0018120239	0.0003246577	0.0030228733	0.006425737	0.0073130964	0.45250928	0.0011504841	0.004173941	0.0008659604	0.00040898108	0.00047569425	0.00080893916	0.012784542	0.0012340542	0.00062544714	0.00027634518	0.032513388	0.0039809765	0.0012436191	0.12892498	0.0008604176	0.0014214754	0.0004554162	0.00038920259	0.12892498	-25.220796585083008
s06e24d	335.0	5.0	0.7771993	0.7771993	0.112162955	0.009817333	0.00017258603	0.0073638596	0.41035908	0.00067732786	0.0023684776	0.0009293655	0.00018234139	0.00024392283	0.0016763587	0.0014767029	0.011634853	0.0007468555	0.004669684	0.0004045386	0.022507139	0.024148254	0.0014374603	0.0006779491	0.0014374603	0.0007030117	0.00020774399	0.0007030117	0.027362183	0.012871113	0.0070084035	0.0009456551	0.0002618311	0.0008377044	0.0035127618	0.00023898038	0.00019870851	0.0017338844	0.0017338844	0.000834819	0.0021166278	0.003081144	0.00033648027	0.0034051277	0.0005930092	0.00525631	0.0030381947	0.0008870769	0.00048238534	0.0007173451	0.0037975356	0.00064859417	0.002487901	0.0045115957	9.035394e-05	0.0012368313	0.001098708	0.0023940783	0.0002207044	0.001770442	0.00060542877	0.00068663555	0.00015127659	0.00027508076	0.0028210804	0.0016812329	0.00038986007	0.0027111198	0.0008636547	0.0025490592	0.006486948	0.00012705819	0.006486948	-21.143896102905277
s06e24d	340.0	5.0	0.9339369	0.9339369	0.014469052	0.004677296	0.0004198968	0.0013374882	0.05435005	0.0009943472	0.0013072124	0.0013817343	0.0007480875	4.6802452e-05	0.034692034	0.008384814	0.00019072896	0.00075698487	0.00032584966	0.00024003998	0.00044386025	0.0021846364	0.0319487	0.0004670181	0.0005487538	0.0013622118	0.0006273635	0.001662181	0.015552442	0.0028210268	0.0028210268	0.00035838145	0.000100296136	0.00024234093	0.001850087	0.00016483518	0.00014942492	0.0013977068	0.00075633195	0.0009461246	0.0018351016	0.0008679281	0.00025016957	0.0018351016	0.0012270041	0.003279998	0.052918907	0.00057180057	0.00020335193	0.00017747705	0.0016481722	0.0009062682	0.0034538615	0.41616625	0.00064895314	0.012015941	0.00071875413	0.0022486055	0.0010592166	0.0006937915	0.0067347907	0.00041050228	0.00065965735	0.00016477593	0.0017901413	0.0014376409	0.00043937296	0.057897694	0.0012146224	0.0013521673	0.0005715409	0.0002337934	0.057897694	-21.76528549194336
s06e24d	345.0	5.0	0.81420565	0.81420565	0.20674229	0.053749323	0.00045054874	0.0031576636	0.29217187	0.003290581	0.0033722217	0.0040054815	0.00012670537	0.00034393521	0.0024061438	0.00078021287	0.0015011765	0.0017443448	0.003824173	0.00020174935	0.011011696	0.008917879	0.0024036213	0.0023614417	0.0012140828	0.0020947014	0.0007668794	0.0020947014	0.0105200885	0.004158986	0.002692828	0.0011246407	0.00014158932	0.00073600933	0.0016541579	0.00038878078	0.00018455442	0.0009475157	0.0005490007	0.0009133579	0.0011662557	0.0012904622	0.00038678158	0.0015430806	0.0007580984	0.002305102	0.0112232	0.0024155453	0.0008204686	0.00097568415	0.020868348	0.00070952025	0.0020784936	0.007872497	0.0003816525	0.0009827277	0.0010145772	0.0033194732	0.0006435923	0.005177566	0.0018820711	0.0017931287	0.0040342556	0.00041352678	0.0017972054	0.006081496	0.00039574396	0.0010072144	0.0025083164	0.0054641054	0.002368063	0.00030105116	0.006386974	-20.078487396240234
s06e24d	350.0	5.0	0.851024	0.851024	0.08634074	0.011095167	0.0008481203	0.0014515069	0.074148126	0.0012568778	0.0015756929	0.0015383896	0.0013747128	0.00011942673	0.019493507	0.008015925	0.0017794025	0.0010960465	0.0032067648	0.00051668036	0.0007230734	0.0055017653	0.008457055	0.008457055	0.001085161	0.009649497	0.0022044175	0.009649497	0.032877367	0.012024367	0.0068413443	0.0010732582	0.00048541234	0.0010642994	0.00159666	0.00045457194	0.0002268374	0.0016774565	0.0012730409	0.0013035069	0.0017556504	0.0010410879	0.0005252385	0.0017556504	0.0015810303	0.0045496565	0.0057488373	0.00033051835	0.000381347	0.0004999752	0.0019609577	0.0012388551	0.002757971	0.012530551	0.00031704418	0.0049208663	0.00065673137	0.0034569828	0.0002680984	0.017466782	0.00082551467	0.0010055648	0.0022305388	0.00015102292	0.009093687	0.0032190888	0.0005399231	0.0030107256	0.0010072307	0.0031779094	0.0020390577	0.0003788253	0.010031616	-22.114809036254883
s06e24d	355.0	5.0	0.9227296	0.9227296	0.050428472	0.011959616	0.0005564425	0.000446034	0.0009439978	0.0006997885	0.0010218439	0.0012884001	0.00024845314	0.00015422699	0.0051259315	0.0024996712	0.0019068171	5.2861513e-05	0.0006994804	0.0002492955	0.00021069673	0.0009866008	0.0019676313	0.0010987237	0.00046780228	0.002138306	0.0011056241	0.002138306	0.021885125	0.006533555	0.0034588594	0.0007200635	0.0001925129	0.00080773485	0.0012744082	0.00029752785	0.00014429413	0.0053779166	0.0011201601	0.001439539	0.001297114	0.00074401405	0.00036491343	0.001297114	0.001042905	0.0024750023	0.0012009592	0.00016594952	0.0001413817	0.00043108728	0.0007063702	0.0008462185	0.00058974425	0.00281726	0.00028839658	0.0053610075	0.000411259	0.0012974957	0.00023411038	0.008298942	0.00029490032	0.0005422832	0.0015275483	0.00015410499	0.01979206	0.0036490266	0.00060573674	0.00031000405	0.0005832218	0.005680537	0.0009825376	0.0003340986	0.023616794	-22.323081970214844
s06e24d	360.0	5.0	0.8744116	0.8744116	0.06823998	0.0046808627	0.00054968375	0.0004810019	0.0017177681	0.0009209719	0.00086030207	0.0012968114	0.0022784413	0.0002470512	0.015606551	0.008413379	0.0031289568	0.00018959482	0.0011631342	0.00047305957	0.00021318939	0.0005675661	0.007505813	0.0025710831	0.0011247435	0.0025089765	0.0013013112	0.005588139	0.027735293	0.0097923335	0.0038696665	0.001529211	0.00045637527	0.0016708259	0.0020641997	0.0013571131	0.00017350094	0.0052088094	0.0013297074	0.0032564776	0.0015744834	0.0005206088	0.00084734446	0.0015744834	0.0022817445	0.0032665287	0.0020085224	8.1739614e-05	0.00013984647	0.00023062676	0.0006373245	0.0016607929	0.00088885444	0.0053105676	0.0017704876	0.0052195014	0.003682961	0.008941571	0.00015986619	0.031772707	0.00089322263	0.0010391161	0.006476336	0.00013158296	0.041920274	0.0031015703	0.00054977724	0.0008535998	0.0045889844	0.010205373	0.0017530817	0.0008451125	0.041920274	-22.26856231689453
s06e24d	365.0	5.0	0.9147191	0.9147191	0.0706411	0.03661545	0.0006494744	0.00046697268	0.0016711822	0.0012132007	0.0010076386	0.0023520892	0.00087441766	0.00026279522	0.0060536107	0.0021067697	0.003179304	0.00046319395	0.0018987065	0.0003111007	0.00032629733	0.0006597492	0.0035136528	0.0015864862	0.0008172947	0.0015584552	0.0022274388	0.0022274388	0.011959397	0.004485343	0.0023798042	0.0009163059	0.00039730192	0.00082984456	0.0017705685	0.0003786045	0.0001689961	0.0053065238	0.0009920095	0.0053065238	0.0016177678	0.00041917333	0.0010336294	0.0016177678	0.0019035246	0.0020979233	0.0017865024	0.00016855051	0.000261422	0.00043461952	0.0008025947	0.0005307753	0.00048646244	0.0019455281	0.0014316917	0.0014787863	0.0003780006	0.017036723	0.00036166486	0.026759347	0.0003161655	0.003398248	0.08485897	0.0001337739	0.020745724	0.002389052	0.0003787195	0.00045906997	0.0004739632	0.0025144827	0.0007831906	0.00037634125	0.020745724	-20.82821273803711
s06e24d	370.0	5.0	0.69495386	0.69495386	0.032317612	0.030441815	0.00078701397	0.0037594049	0.08343829	0.0023265446	0.0022220144	0.0011966212	0.0090388395	0.00039635994	0.0034337542	0.009682654	0.0012391473	0.00058712455	0.00074313325	0.0013027188	0.0036693611	0.025632005	0.015379718	0.007002091	0.0017013378	0.0059798197	0.0052035814	0.0059798197	0.041970234	0.00803391	0.0027681657	0.00090838585	0.0005912171	0.000771509	0.0030538812	0.00044905575	0.00037179634	0.0019022397	0.0017989881	0.0009237402	0.0016211786	0.0022268593	0.00063176046	0.002319261	0.0009093237	0.008251416	0.01443371	0.0017513569	0.0013439839	0.0014697787	0.009201742	0.0016416914	0.0022040305	0.0076498003	0.0008146247	0.0009928936	0.0015010808	0.023551064	0.0011533491	0.0034739773	0.0015730208	0.00132132	0.0021253636	0.0006086555	0.0030303118	0.0016432577	0.0030623716	0.0030979235	0.0023392208	0.005599544	0.0050768037	0.00017867138	0.023203874	-20.02780532836914
s06e24d	375.0	5.0	0.8037028	0.8037028	0.14046791	0.037790325	7.006447e-05	0.0103387395	0.22210667	0.001352519	0.0022158383	0.0007249642	0.00070967106	0.00077810604	0.0007593695	0.0017098521	0.0013632436	0.00027070078	0.0018431848	0.00030309302	0.015004625	0.018552246	0.0047188844	0.00095757854	0.0015426103	0.001939495	0.0005968343	0.001939495	0.019716488	0.0023257423	0.0020495963	0.000974475	0.000430795	0.00084415637	0.0013787984	0.000401818	0.00041300457	0.00092941325	0.0008832327	0.00092941325	0.0026377863	0.0017671199	0.0002832872	0.0026377863	0.0007766204	0.003298203	0.014543191	0.00137159	0.0007500659	0.0018463685	0.0027618376	0.0007277338	0.0020491611	0.0032983501	0.0007720996	0.0017888424	0.0011156444	0.0025469554	0.001792313	0.002368142	0.0004175024	0.0013083601	0.0009987882	0.00031143127	0.0016511502	0.00070040766	0.0005414774	0.0018746547	0.0005287832	0.004238968	0.0025177295	0.0006074101	0.0042559183	-20.535701751708984
s06e24d	380.0	5.0	0.9341342	0.9341342	0.034669098	0.021069966	0.0002772977	0.0002618376	0.00082409097	0.0009619742	0.00083277345	0.0014196998	0.00016889995	8.107665e-05	0.0031169637	0.002452972	0.0005387851	8.9872985e-05	0.0009375629	4.9474846e-05	5.673154e-05	0.0005028282	0.0022070254	0.0014963626	0.0010310399	0.00053301215	0.00037931424	0.00053301215	0.008392682	0.0030905674	0.0013271745	0.00092848303	0.00028619135	0.00079396326	0.00047145606	0.0010178321	0.00012305852	0.0034928853	0.00045133475	0.00057457585	0.00024779784	0.00026322601	0.00018971978	0.00026322601	0.0010607379	0.0008182774	0.0015493024	8.331462e-05	3.711061e-05	0.00021155026	0.00048510195	0.0005202065	0.00047003853	0.0018443536	0.00046573774	0.0007727039	0.00024319574	0.0027704148	0.00025027862	0.04110802	8.5154155e-05	0.00079550245	0.0076460224	3.411625e-05	0.0012649845	0.0013827987	0.00020194854	0.0001499656	0.00030978542	0.006601031	0.00076595845	0.0071245274	0.013712952	-22.89755249023437
s06e24d	385.0	5.0	0.6835446	0.6835446	0.022035912	0.012884181	0.00054124085	0.00021212225	0.0012578082	0.00036348504	0.0010204212	0.0010473123	0.003059291	0.00045626043	0.0058782343	0.0017254222	0.006203638	9.396078e-05	0.00040206956	0.0004659673	0.00018621334	0.00034302598	0.02066063	0.005217331	0.007828535	0.009015805	0.00090945663	0.009015805	0.008423271	0.006169591	0.003984576	0.0006112946	0.0016343622	0.00073235255	0.0008730544	0.00026373495	0.0001985182	0.00097231835	0.00097231835	0.000416818	0.0011742952	0.0002825099	0.00028163425	0.0011742952	0.0019977763	0.0028200613	0.0009150782	0.00014270483	0.00010008844	0.00037670057	0.00066398294	0.0008538195	0.0003913581	0.0014901961	0.000681716	0.0025580637	0.0057508983	0.0035884604	0.00019200786	0.0052728485	0.00046097508	0.0028608292	0.018278973	0.00039899492	0.058224704	0.0068107075	0.00011846626	0.00018484853	0.0016209255	0.007877516	0.0016050036	5.7540812e-05	0.058224704	-22.520240783691406
s06e24d	390.0	5.0	0.80478114	0.80478114	0.030471567	0.0237844	0.00042635822	0.00047599996	0.002422982	0.00038979575	0.0015751281	0.001294233	0.0009008788	0.00025516035	0.006046966	0.0020769374	0.0005845173	0.00011316421	0.00020483966	0.00072598853	0.0003031306	0.0014245727	0.0032958086	0.0027406132	0.0013465913	0.0060166963	0.0019711459	0.0060166963	0.035101335	0.008252731	0.0031901032	0.0006015363	0.00033130485	0.0007154758	0.0027981275	0.0004718744	0.00023097952	0.0013486769	0.0005150982	0.0013372641	0.00080467307	0.00034461427	0.00048688662	0.00080467307	0.0007976746	0.0031683878	0.0031057042	0.000120016026	0.00026488988	0.0005353507	0.0016163791	0.00044086546	0.0014195145	0.0021485833	0.00072362175	0.0013223862	0.00076466973	0.03378026	0.0011728996	0.015515967	0.00021100072	0.00063886103	0.0023467422	0.00032385922	0.011406676	0.0032567314	0.0013880103	0.00088133104	0.0006141646	0.004387149	0.00068596646	0.00021656553	0.011406676	-20.480205535888672
s06e24d	395.0	5.0	0.8565095	0.8565095	0.08698732	0.023062037	0.00022990751	0.0003932077	0.0005793949	0.0010162048	0.0009988882	0.0013316104	0.0006694407	0.00025525867	0.0023702416	0.0028626607	0.00088589935	0.00010764848	0.00022571356	0.00017661341	0.00020556495	0.0020487849	0.0023153706	0.0023153706	0.0014529196	0.004097465	0.0006807804	0.004097465	0.021616714	0.0059640394	0.0032855538	0.0005018031	0.00030652233	0.00053643435	0.0012908938	0.000671576	0.0001374605	0.004490742	0.0014084914	0.0019036072	0.0014665052	0.0013210493	0.00044997787	0.0014665052	0.0012401828	0.005552597	0.00644387	0.00028174598	0.00020857362	0.0012652465	0.0011431545	0.0010717134	0.0012328658	0.00096050714	0.00028944138	0.0013366541	0.00025365988	0.0071977293	0.00033265946	0.0111077465	0.00015001195	0.00085480895	0.0072696228	0.00011134857	0.0070448234	0.001360919	0.00027292583	0.00046283889	0.00031002917	0.0033950468	0.00050439074	0.001066576	0.009853452	-21.480762481689453
s06e24d	400.0	5.0	0.85829157	0.85829157	0.115600936	0.006709886	0.000577851	0.0074540298	0.22575313	0.0033733628	0.0026489648	0.00044764855	0.010684591	0.0004904629	0.00852749	0.0015652427	0.0033760718	0.00035799388	0.0009780797	0.00093200576	0.0044991444	0.013195287	0.004619617	0.0018530224	0.0023021968	0.0026847748	0.0006267127	0.0026847748	0.029673463	0.0040277387	0.0028433816	0.0009744095	0.00037529293	0.0008539956	0.0015169574	0.00015252322	0.00024332355	0.0010413348	0.0010413348	0.0009866887	0.003428763	0.0027102588	0.00036886294	0.003428763	0.0015065509	0.006743517	0.013274186	0.0019475206	0.0009454371	0.001791164	0.0048045744	0.00079050264	0.002005716	0.0031924483	0.00039994103	0.0005165088	0.00047700395	0.012437395	0.0006209453	0.0021845035	0.00025041823	0.0012404071	0.00061644026	0.00041309808	0.0020288262	0.0011760646	0.0013682904	0.0024574741	0.0019943006	0.0042892667	0.0029245398	0.0001825237	0.0029245398	-21.620311737060547
s06e24d	405.0	5.0	0.7897066	0.7897066	0.026605235	0.007843114	0.00030691328	0.0045052823	0.3199437	0.0012724923	0.0010293076	0.0022412743	0.0002155232	0.0003101613	0.0025112221	0.001974257	0.004745781	0.0012733508	0.001224143	0.00030359157	0.002570912	0.24377109	0.0021040896	0.001569327	0.0015938372	0.0040000826	0.0004097733	0.0040000826	0.019524591	0.0039025226	0.0017320901	0.0005720851	0.00023852398	0.0008935831	0.002466008	0.00034159792	0.0002846251	0.0018509825	0.0014360838	0.0018509825	0.003389007	0.003239338	0.0005832407	0.003389007	0.0016688576	0.006182703	0.0113352155	0.0027422141	0.0007841606	0.001857051	0.0030665437	0.0027881253	0.0045119706	0.004008846	0.00028963736	0.0019090816	0.000780507	0.003034736	0.00033510503	0.003319877	0.0011744793	0.0010701602	0.00042432867	0.00026964466	0.00326742	0.0011848024	0.0016926973	0.0046744114	0.002227921	0.003372648	0.0027307745	0.00032008917	0.0046744114	-22.204627990722656
s06e24d	410.0	5.0	0.8989009	0.8989009	0.12575077	0.10705938	0.00021342775	0.0011899888	0.0010872517	0.002943171	0.00139628	0.0035941352	0.0013375672	0.00039583512	0.0013296796	0.0024987666	0.0006136105	0.00024870745	0.00039076983	0.00016728227	0.00014913525	0.0013398239	0.0066207875	0.0066207875	0.0020263852	0.0031144444	0.00073082536	0.0031144444	0.016955035	0.0021494627	0.0007782243	0.000655912	0.00051958906	0.0006076388	0.0014228352	0.00042096069	0.00020351952	0.009270273	0.0007862561	0.009270273	0.0008797177	0.00050318975	0.0020592767	0.0008797177	0.0019528861	0.0012983981	0.0022565727	0.00012219696	0.00011624855	0.000644647	0.0010167022	0.0008839866	0.00075548264	0.0010784114	0.00020264139	0.00086985296	0.00048554374	0.0036105455	0.0003276361	0.0036268202	0.00016451393	0.0015885057	0.006796913	0.000165975	0.0045577707	0.0004885943	0.00040100387	0.00067652884	0.00042456656	0.0018467491	0.00089346693	0.00064318394	0.010141588	-20.66979217529297
s06e24d	415.0	5.0	0.9413411	0.9413411	0.2536633	0.09548961	0.0002730742	0.0014064681	0.00223424	0.002544478	0.0013826459	0.002484579	0.0005403808	0.000252986	0.00072537095	0.0014847888	0.0006306487	7.639091e-05	0.00016744409	0.00020693227	0.00017054268	0.0019476116	0.0019542547	0.00055487774	0.00035747755	0.00076508627	0.00051094027	0.0013559897	0.012851553	0.0030226086	0.0015477232	0.0008337231	0.0002620731	0.000651051	0.0010813721	0.00020240793	0.00013422123	0.0010788039	0.00029311422	0.00038174618	0.00037755942	0.0001803185	0.0001171479	0.00037755942	0.00047415437	0.0017034245	0.0033421633	0.00012628803	0.00015343711	0.00043080893	0.0006414289	0.000332747	0.0010654255	0.0020225006	0.0004555905	0.0012690097	0.00077885715	0.0076517994	0.0003665116	0.0007226852	0.00022627984	0.0012536824	0.012169093	0.00012152462	0.0071192374	0.00075041404	0.00036721426	0.00021365599	0.00030181388	0.0019283704	0.00081655406	0.00046988536	0.0071192374	-21.05760765075684
s06e24d	420.0	5.0	0.8803738	0.8803738	0.04221543	0.06168801	0.00016697121	0.0002354463	0.00065570197	0.00076121994	0.0006879371	0.004880429	7.588435e-05	0.00029522326	0.0015003476	0.0052420404	0.0008056252	0.0004688804	0.006816255	0.0011924584	0.00016075323	0.0014238687	0.0052230535	0.0014634075	0.0015430754	0.0018111538	0.00074614235	0.0028875594	0.013765353	0.0030198281	0.0013342325	0.00058338605	0.00040727717	0.0010868298	0.001950524	0.00034516366	0.00012936015	0.005268853	0.002736026	0.0024601994	0.00084647373	0.00077362603	0.0008299422	0.00084647373	0.0016713882	0.004181869	0.0051639574	0.00056719215	0.00015436957	0.00095291913	0.0030257558	0.0013811225	0.0010259985	0.017295621	0.00063231314	0.039460246	0.00160642	0.0018736288	0.0010607914	0.002794172	0.00023512461	0.0013716291	0.012985479	0.00024117668	0.0048519326	0.0041793874	0.0004896004	0.004179929	0.0029433263	0.0036618013	0.0006701518	0.0023023896	0.047101412	-24.32038307189941
s06e24d	425.0	5.0	0.79074264	0.79074264	0.024865478	0.0017492772	0.0002900317	0.00031406645	0.0003143076	0.013284002	0.0013505612	0.00045930044	0.00095448387	0.000665689	0.08932188	0.0037538726	0.0006515169	5.466007e-05	0.00012779963	8.21602e-05	0.00016132968	0.0015005205	0.00779803	0.0044547576	0.00779803	0.0020817125	0.0008250429	0.010613194	0.007550581	0.0018088743	0.0009949039	0.0012988694	0.00022816705	0.0009058051	0.00094317074	0.0018370067	0.00021492399	0.011289058	0.0057458235	0.0041766	0.002103387	0.0034778141	0.004141053	0.0034778141	0.0026491673	0.0063240714	0.0047269557	0.00062749867	0.00056585734	0.00066104287	0.0027924557	0.0016768186	0.0011630013	0.002008333	0.0006414889	0.00049409835	0.0003665462	0.0034964385	5.2112337e-05	0.0015385881	0.00015813406	0.00070623565	0.0011714229	0.00033690897	0.0037466146	0.00067379966	0.0032353173	0.00038992063	0.00026858857	0.002494711	0.0006070646	0.033383	0.02725882	-30.43253326416016
s06e24d	430.0	5.0	0.83818763	0.83818763	0.04524717	0.0018984565	0.00010224466	0.00021196537	0.0008897811	0.00018941394	0.001196386	0.0015626842	0.00016173198	0.00018062464	0.0028969697	0.03424047	0.00070942694	9.559241e-05	0.0041580247	0.00022029568	0.00068311946	0.00042443303	0.008494207	0.008494207	0.0019738737	0.0008023309	0.0005607439	0.0018861244	0.013313969	0.0058716256	0.0036719367	0.0010288003	0.00057439186	0.0008742494	0.0017756806	0.0010822616	0.00012207899	0.014021677	0.0015889346	0.014021677	0.0016955667	0.0004013163	0.0025505484	0.0016955667	0.008113473	0.0027301384	0.0060457597	0.00029824095	0.00042254975	0.0004238629	0.00122868	0.0032982216	0.0012077822	0.031163419	0.00046283845	0.012070405	0.0025172925	0.00169296	0.00042864337	0.00044115743	0.00028993352	0.0007575243	0.0035896283	9.883649e-05	0.0035226	0.0012774232	0.00031063004	0.0016542515	0.0003970047	0.005135565	0.0019238906	0.0013569457	0.00886078	-25.63744735717773
s06e24d	435.0	5.0	0.80501324	0.80501324	0.027022988	0.002296428	0.00044478572	0.003336948	0.2568659	0.0008259113	0.0007933431	0.0017670769	0.00038002507	0.00031684866	0.0023147706	0.0014342223	0.004519876	0.0004810253	0.0008897535	0.0012244415	0.0023799797	0.085854314	0.006145832	0.0012014896	0.0036599126	0.0028877954	0.00068504136	0.0030920412	0.027243868	0.012462306	0.007526935	0.0010725372	0.00065317715	0.0015887946	0.0029455423	0.00033393808	0.00033953573	0.0020427357	0.0020427357	0.0013834098	0.013179897	0.0052890447	0.00031121433	0.013179897	0.0007794143	0.010900996	0.009618206	0.0013467657	0.00044337098	0.0011032	0.0039887796	0.0010817111	0.006867449	0.00480897	0.00016211906	0.0011035568	0.0005696225	0.004566246	0.0003495967	0.002262976	0.0006955353	0.00065701	0.0002566015	0.00031151145	0.00472559	0.0014323306	0.00066584034	0.0018077105	0.0009951342	0.0088648	0.0005275709	0.00018606443	0.00472559	-22.186359405517575
s06e24d	440.0	5.0	0.8926642	0.8926642	0.17932236	0.0060907057	0.0003971766	0.0015078319	0.03871511	0.0017258083	0.0011149049	0.0010570514	0.00027868434	0.0004188851	0.0027748013	0.002803612	0.0017537043	0.00038706043	0.0009428554	4.309481e-05	0.0008206856	0.015762627	0.0057211095	0.001979761	0.0032999811	0.0018304853	0.0012807376	0.0063190274	0.018930148	0.009467398	0.0077347807	0.0023143091	0.00075654715	0.002520695	0.0021611936	0.0010380652	0.00045891223	0.004508671	0.0039189984	0.0025797838	0.0066496865	0.007529172	0.0007816688	0.007529172	0.003822181	0.016356898	0.026753262	0.0016952947	0.0005551161	0.0010067889	0.0045319265	0.0036599229	0.004126621	0.0073263077	0.00039784313	0.00073640427	0.0006708276	0.017600084	0.00031702936	0.010237262	0.012112863	0.0010217894	0.0018597904	0.00019724933	0.009835436	0.0029096706	0.0019798279	0.0012042021	0.0032227815	0.020801926	0.003672387	0.0023535644	0.079619534	-28.226184844970703
s06e24d	445.0	5.0	0.88076377	0.88076377	0.046752915	0.0008804128	0.00014475027	0.00049204397	0.0001975179	0.00026693306	0.0010702483	0.0005293932	0.00016884519	0.00016676723	0.0012482188	0.0021389888	0.0014514633	8.033553e-05	0.00083800656	4.1263167e-05	9.895768e-05	0.0008931716	0.012194466	0.0012288176	0.0011135812	0.001661454	0.0014886949	0.0033065276	0.01606687	0.00581349	0.0033182083	0.0014712982	0.0002489053	0.001626498	0.0010187834	0.00097438815	0.00013972544	0.009652815	0.002910596	0.006538401	0.002389793	0.0019456365	0.0018697431	0.002389793	0.0031680518	0.0046370723	0.0050952956	0.00032053073	0.0001263785	0.00025694005	0.0019973665	0.0031545477	0.000645736	0.0022253098	0.00035003893	0.0009462409	0.0004748846	0.006460707	0.000107077925	0.0046011675	0.0011690664	0.00071166834	0.004017232	8.951145e-05	0.02594963	0.0021802378	0.0008550936	0.00017560621	0.0009561901	0.0065058446	0.0009941307	0.014212428	0.10108368	-26.53999328613281
s06e24d	450.0	5.0	0.9060116	0.9060116	0.11281906	0.0012139862	9.35945e-05	0.00023870301	0.00037355037	0.00043248016	0.00076019706	0.00029356952	0.0008218235	0.00035917858	0.0034962476	0.003502746	0.0011902455	5.9372232e-05	0.00064719317	6.0052345e-05	9.181939e-05	0.00045969838	0.00421757	0.000928453	0.0009094224	0.0016159152	0.0007898675	0.0034012543	0.014626923	0.0047493405	0.003156103	0.00072874903	0.0001827053	0.00061606406	0.00053996034	0.001157052	9.215148e-05	0.018819284	0.0023043687	0.018819284	0.0016513082	0.0012389495	0.0037226195	0.0016513082	0.0011692819	0.001601238	0.0017662335	0.00013528128	4.7915713e-05	9.9630415e-05	0.0011269674	0.0006558382	0.00028170084	0.002379588	0.00015036712	0.00046468302	0.0002519017	0.0020128072	6.354225e-05	0.0016182424	0.0002522815	0.00042282802	0.0021246315	0.00013934451	0.0012830928	0.0010739005	0.00033388045	0.00034466255	0.00036577653	0.004071052	0.00058792613	0.0033756432	0.02667201	-28.37371063232422
s06e24d	455.0	5.0	0.7250767	0.7250767	0.013733953	0.003338782	0.00010514012	0.00038047094	0.0001637825	0.0006366228	0.0017962381	0.00089400937	0.00023002614	0.00044472422	0.004532804	0.0018956224	0.00454255	0.00015023799	0.001879861	0.00015654633	0.00016756852	0.0011293828	0.011775801	0.0076512196	0.011775801	0.0032249375	0.0020845206	0.0032249375	0.018953763	0.0075911595	0.0031020246	0.0012915726	0.0003764593	0.0014806293	0.00091293425	0.00080336834	0.00020569337	0.008271332	0.00382923	0.008271332	0.0031402986	0.0023330662	0.0030376576	0.0031402986	0.002841041	0.004540914	0.0030357332	0.00051613624	0.00034339624	0.00028192037	0.0037710918	0.0030345933	0.0007299988	0.00073740986	0.0001853162	0.0008038952	0.0008596908	0.0027952658	7.381308e-05	0.001777381	0.00014992029	0.0012660874	0.006684921	0.00030516938	0.0051731663	0.00056138297	0.0004981124	0.00024463297	0.0005982022	0.014277652	0.002868357	0.036176953	0.046105195	-39.42243957519531
s06e24d	460.0	5.0	0.9339316	0.9339316	0.19324882	0.01631135	0.0011631631	0.001267615	0.060215797	0.0035287177	0.0011299213	0.0035061447	0.0006124825	0.00025686657	0.015848633	0.004634302	0.0010892339	0.0007506415	0.0015824627	0.00017482984	0.00020268932	0.0032668638	0.0043288497	0.0016293143	0.0016085398	0.0025351162	0.0019931914	0.0025351162	0.012593331	0.0048259166	0.0031385215	0.0010102541	0.00022601958	0.0010214463	0.0008476574	0.0016243275	0.00017829068	0.0048138034	0.0011258391	0.0021673052	0.0012929154	0.0009516395	0.0005576273	0.0012929154	0.0013026058	0.002644818	0.0050660246	0.00035547436	0.00024233678	0.00025025307	0.00062221655	0.0018853345	0.001249234	0.004902962	0.00065152836	0.0017036427	0.0005007705	0.0031036187	0.00019343382	0.012154684	0.0011457851	0.00066869275	0.0058211405	0.00016879401	0.0029793635	0.0017141511	0.00034806793	0.0015917434	0.0016823875	0.0074878884	0.0022985656	0.0024603386	0.006465153	-24.77900505065918
s06e24d	465.0	5.0	0.8573174	0.8573174	0.2525606	0.0044579688	0.00028015862	0.008381903	0.19238728	0.0011429361	0.0041587492	0.00073884206	0.0005877018	0.0003991461	0.0011312185	0.00271021	0.0069814757	0.00028814893	0.0033906337	0.00030855567	0.008753195	0.08445603	0.0050643766	0.0047567664	0.001874288	0.0018544587	0.00046440735	0.0031950881	0.023783406	0.0064829295	0.0038122043	0.00067433604	0.0005241895	0.0008602741	0.0020967138	0.00025598885	0.00026001906	0.0009374218	0.00083320495	0.0005612958	0.0021139304	0.0014225845	0.00037220027	0.0021139304	0.0009853311	0.0047536297	0.0046830135	0.00079471635	0.00035869985	0.0004646108	0.002773192	0.0014522141	0.0040677767	0.005466039	0.00010854215	0.0006579442	0.0009898113	0.005202313	0.00014218381	0.0017649796	0.0012985107	0.0008349049	0.00030931146	0.00026457614	0.004940317	0.0030194004	0.00080542103	0.006175699	0.0016956636	0.001717782	0.0038962583	0.0006287543	0.006444676	-21.862079620361328
s06e24d	470.0	5.0	0.40538105	0.40538105	0.01592992	0.003315064	0.00014265734	0.0035061997	0.097720146	0.0002852483	0.0026450332	0.0009311084	0.0006113467	0.00030351695	0.0011039454	0.0025934202	0.0004005815	0.00068190246	0.0021395597	0.00068697595	0.007949139	0.017224373	0.0066872076	0.0027873379	0.0026222763	0.057445806	0.012982161	0.057445806	0.041909564	0.006242478	0.00321456	0.0005781813	0.00029025547	0.00046897517	0.006799019	0.00067080074	0.00040885087	0.0047456454	0.0047456454	0.001183539	0.0022035912	0.0033072536	0.00070393115	0.0033072536	0.0015835343	0.02274637	0.019500708	0.00066758227	0.0008953913	0.00134689	0.009033042	0.004210631	0.0060482444	0.031852707	0.0002997895	0.007942693	0.0016540657	0.0005527723	0.0004879955	0.00026316557	0.00056497566	0.0012117057	0.00039185066	0.0004640429	0.005698024	0.0010219704	0.0029191093	0.016628275	0.0016679998	0.0036413267	0.0009411639	0.0006181001	0.016628275	-24.08249855041504
s06e24d	475.0	5.0	0.11369418	0.11369418	0.0022061153	0.00040274582	0.00016396033	0.002581162	0.014529514	0.00019647392	0.002906746	0.0011261737	0.00040240926	2.6440468e-05	0.00029439357	0.002496476	0.00010152997	0.00020940475	0.0005669303	0.00031628038	0.0035371447	0.010156994	0.0021220208	0.0021220208	0.0011235399	0.0017291937	0.0020321037	0.0020321037	0.5016352	0.006544949	0.002215772	0.0003160525	0.00013042572	0.0014131078	0.0044451077	0.00011031066	0.0014354412	0.0004898181	0.0004898181	9.409707e-05	0.0002563645	0.00032192905	7.180204e-05	0.00032192905	0.00078494754	0.002403108	0.10542697	0.00043480413	0.00049175514	0.00024809784	0.0031183017	0.0025106012	0.018778933	0.061711855	0.00039432707	0.013617517	0.0034063577	0.00061411655	0.0010281815	0.00016932806	0.0021670433	0.00021857859	0.00020014452	0.00016428521	0.0067203087	0.006787736	0.0036387502	0.05651787	0.0020211248	0.0021032249	0.0028042172	0.0004455963	0.05651787	-21.034334182739254
s06e24d	480.0	5.0	0.07124149	0.07124149	0.0006473292	0.00044497594	0.00016359195	0.0014016684	0.00068307354	0.00022467523	0.0063674343	0.0019592133	0.00019974398	0.00019888821	0.0031235623	0.015180863	0.00045996465	0.00036376237	0.0008235662	0.00011879862	0.0013935945	0.0029345609	0.026361434	0.004056911	0.0049320194	0.0070390655	0.0066886423	0.0070390655	0.77190185	0.020843891	0.018915046	0.0006196928	0.0001909302	0.0018660191	0.004619215	0.0015398925	0.010142837	0.0030973593	0.003066322	0.00048935355	0.0025945432	0.0033830854	0.00019322	0.0033830854	0.0009967121	0.02000018	0.064032406	0.000606039	0.00093758706	0.0004524614	0.0022860614	0.019405574	0.005435291	0.010343326	0.00018025559	0.010435627	0.0013339708	0.0003578494	0.00027042322	0.0010120575	0.0009895128	0.0003952203	0.00033477513	0.00058837014	0.0032506015	0.00399396	0.007620662	0.012012505	0.0022006093	0.0043136883	0.0041312776	0.00062064204	0.012012505	-19.96421813964844
s06e24d	485.0	5.0	0.88863474	0.88863474	0.13962136	0.004932714	0.00015723688	0.0007159737	0.0027643063	0.0007987532	0.0016936403	0.00038297786	0.0008222723	0.000594295	0.013908642	0.0025804439	0.00026974545	0.00016958416	0.00046008435	0.00086506596	0.00031694534	0.0021426792	0.005175827	0.0034868224	0.002515466	0.001339436	0.00089073833	0.0032208292	0.06892863	0.0111125605	0.0059567583	0.0008019763	0.0005084106	0.00088502787	0.004121312	0.00033138884	0.00018572887	0.0035529884	0.0011637273	0.0009278742	0.00087248354	0.0007969224	0.00030582323	0.00087248354	0.0012415018	0.0038978504	0.002686816	0.00019552755	0.00019180404	0.00073815166	0.0015207626	0.00089361507	0.0012111628	0.0039624283	0.00041727535	0.0020876226	0.0006200688	0.014901049	0.0003268755	0.0029356105	0.000363016	0.0009612303	0.0062824525	0.0004191775	0.0058053937	0.0028253493	0.0002706329	0.00069098576	0.0005340409	0.0046926606	0.000837787	0.00012232286	0.005841021	-22.95381164550781
s06e24d	490.0	5.0	0.88241225	0.88241225	0.06252741	0.008826927	0.00031923037	0.00043252468	0.0012776733	0.00031269868	0.0011470672	0.0006429612	0.00055495446	0.00023186563	0.012341905	0.0034790998	0.0006241448	0.00015946443	0.0006961832	0.0004497047	0.00023527666	0.0011518027	0.0060922992	0.0042528743	0.001662617	0.0035032607	0.0020162486	0.0035032607	0.026737474	0.0077581056	0.005133171	0.0006875454	0.00029865667	0.0010012491	0.0028703369	0.00072806777	0.0001764592	0.0070087616	0.0027022464	0.002167666	0.0015714653	0.0012767804	0.0007802671	0.0015714653	0.0015249578	0.0070154653	0.00552749	0.00052907766	0.00038179205	0.00079583464	0.0029413481	0.0017175538	0.0020907659	0.002766943	0.00022531966	0.0022102871	0.00083577767	0.0106061455	0.00047319487	0.006495783	0.00064100354	0.0007733411	0.00178889	0.0002997372	0.015307972	0.0065389182	0.0009073037	0.00063342473	0.0009082028	0.004829632	0.0008512938	0.00022065958	0.015307972	-21.85536193847656
s06e24d	495.0	5.0	0.8669885	0.8669885	0.048206624	0.028080853	0.0009567998	0.00077454327	0.0049974998	0.0019810428	0.0027395932	0.0015265624	0.0012048532	0.00085890223	0.03638584	0.009926184	0.001189229	0.00021172178	0.0030601057	0.00072241045	0.00025532002	0.0036523442	0.007579508	0.0039500473	0.0007691138	0.0051091393	0.0046350304	0.0051091393	0.038486682	0.0062767365	0.0033155535	0.0009683514	0.00091414584	0.000970238	0.0024067413	0.00049856247	0.00033259726	0.0055867718	0.0025631348	0.0021451388	0.0034217655	0.0010759721	0.0005678461	0.0034217655	0.0012890876	0.008616069	0.002471224	0.00012769816	0.00026876945	0.0006036415	0.0010058968	0.0015827662	0.00094651367	0.0036049988	0.00052655337	0.004189996	0.0012693753	0.027974257	0.000491455	0.04166837	0.00076267536	0.0014554067	0.0071174917	0.00040297088	0.020887854	0.0044012787	0.0009912141	0.0014697241	0.0011692987	0.0106693795	0.0019852784	0.00023542205	0.055118866	-21.314327239990234
s06e24d	500.0	5.0	0.86243486	0.86243486	0.007746475	0.07402215	0.00018245827	0.00024781367	0.0009815076	0.00035500582	0.002009792	0.0032969804	6.5263244e-05	0.00019978208	0.0061870357	0.001838478	0.0006688553	0.00027281267	0.005811358	0.00022955071	0.00032256808	0.00083898846	0.008329678	0.0023830386	0.001203525	0.0029684375	0.0033407088	0.0033407088	0.010860823	0.0035592974	0.0022688403	0.0006114781	0.0003480331	0.0006561968	0.0010694942	0.0009161155	0.00013209827	0.00092741905	0.00085844076	0.00039395827	0.0006589705	0.00025854202	0.00012161504	0.0006589705	0.0019202215	0.003327247	0.0063638478	0.00037447846	0.00015037888	0.0008914524	0.0016371921	0.0015432392	0.0017201147	0.009975778	0.0007832906	0.013644315	0.02680664	0.002956255	0.00083905325	0.011482131	0.0017989676	0.00076792366	0.005459298	0.00017769414	0.0065703713	0.00552754	0.0004502705	0.0011633044	0.006805862	0.008643933	0.006033754	0.00035010232	0.14512615	-23.891565322875977
s06e24d	505.0	5.0	0.7967284	0.7967284	0.02511323	0.0076881424	0.00032601279	0.0005308148	0.00094886264	0.00038823223	0.0015942879	0.0012115586	0.0011873953	0.00023258058	0.0060166884	0.0012624712	0.000316417	0.00020561708	0.000316923	0.0005621607	0.0003339161	0.0014479334	0.0021176713	0.0014363588	0.00061272486	0.0015183649	0.0005264861	0.0015183649	0.027940875	0.0072394023	0.0037082408	0.00073476083	0.00097599556	0.0008489685	0.0027912888	0.0003195586	0.00027056868	0.0010930519	0.0006647561	0.0005179252	0.00080177834	0.00031315157	0.00021235984	0.00080177834	0.0012080186	0.003039842	0.0034206586	0.00016308157	0.00028742568	0.0010373539	0.0012125382	0.00053351634	0.00089770835	0.0034627668	0.0005015511	0.004224276	0.0008895637	0.016720375	0.0005855188	0.0041775517	0.00019799154	0.0013673524	0.009308491	0.000113554444	0.019345693	0.003075623	0.00035827502	0.0027537055	0.00041269246	0.002179516	0.001285794	0.00014680723	0.042969257	-22.533775329589844
s06e24d	510.0	5.0	0.7882938	0.7882938	0.00280962	0.0003666551	0.0001657659	0.00020138688	0.00097632763	0.00038987267	0.0017460128	0.00035393305	0.00016805752	0.00027352184	0.03430783	0.0032765015	0.00028403036	3.7694277e-05	0.0030476018	2.595441e-05	0.00011955844	0.00069452944	0.0021710652	0.0005743322	0.0021710652	0.0005450324	0.00013425593	0.00070648233	0.012917676	0.0071499683	0.0022050166	0.000912004	0.00021398668	0.00085168163	0.000692955	0.00018316474	8.1843355e-05	0.00093722803	0.0005469022	0.00037995083	0.0008568798	0.00031894806	7.8313904e-05	0.0008568798	0.0022494735	0.0015545365	0.004668026	0.00020057092	0.00018066891	0.00025471774	0.0008714798	0.0005936072	0.00081775244	0.036101677	0.0002642066	0.004445745	0.009503184	0.0014848291	0.000318852	0.001976203	0.00054840866	0.0006534997	0.00076333305	0.00032790267	0.0031111357	0.05801168	0.00018935633	0.0006459262	0.000994134	0.0049090963	0.0014785982	0.00038930966	0.103931025	-24.73848533630371
s06e24d	515.0	5.0	0.0621823	0.0621823	0.0016020286	0.001097826	0.00016355701	0.00020677724	0.0010376015	0.0010499946	0.0011446456	0.0009543857	0.00034470775	0.00015078996	0.009045907	0.009106358	0.0007737553	0.00024083268	0.00015742335	0.00020762002	0.0008592575	0.0006058173	0.004989203	0.0040369635	0.0024485781	0.000993229	0.0007914403	0.002995841	0.015280475	0.0028747604	0.0016330829	0.00049256627	0.00044021246	0.00042335532	0.0014709864	0.0006384313	0.000133888	0.01145731	0.0044886274	0.01145731	0.0020196221	0.0018056193	0.004422884	0.0020196221	0.0072126146	0.007385389	0.024221987	0.00046264613	0.00039183593	0.00068010663	0.0041487077	0.010504444	0.008376369	0.096745685	0.00046041602	0.0018319896	0.00615578	0.00050949975	0.0005828997	0.00048745342	0.030278813	0.0005494454	0.0007008113	0.00020993632	0.019642511	0.011070312	0.0019299762	0.008700092	0.006185535	0.0054110377	0.00086884235	0.00069464266	0.16977167	-32.65816879272461
s06e24d	520.0	5.0	0.08131657	0.08131657	0.0014039242	0.00061111664	0.00022430834	0.00022329902	0.00019327214	0.0001566746	0.00100033	0.0007895401	3.748411e-05	0.0001219217	0.0015305257	0.02353324	0.0020484729	0.00011881607	0.0027029996	0.00010138292	0.0006050591	0.0030515725	0.046492264	0.0065180114	0.0026840065	0.003712096	0.004565706	0.010811874	0.013230682	0.0038354357	0.0016186676	0.0013677106	0.00027770855	0.0011211226	0.0010104914	0.0011581393	0.00027720066	0.029587278	0.0261565	0.029587278	0.005291582	0.0062574456	0.0048374147	0.0062574456	0.047898278	0.02413986	0.03123857	0.004003089	0.0004393363	0.0010158215	0.01497461	0.02349653	0.0021532562	0.007922883	0.00019392229	0.0033563327	0.0015500314	0.00060629845	0.00013591524	0.00083056884	0.00082626473	0.001758525	0.0008918126	0.00016406902	0.027026074	0.0012814318	0.0032039832	0.00043788776	0.0028294055	0.0129334815	0.00130964	0.0055130166	0.029890778	-41.712989807128906
s06e24d	525.0	5.0	0.7727265	0.7727265	0.07485617	0.054533903	0.0006968762	0.00037660362	0.00035461903	0.0024707962	0.0013995776	0.003041617	0.00019216977	0.00028139	0.011937149	0.0030397507	0.00040298203	0.0003261185	0.0005525016	0.00015791769	0.00022607906	0.0027813006	0.017692415	0.0041217245	0.006763793	0.003171169	0.002048828	0.0062155523	0.01488461	0.00334648	0.0013368106	0.00090549706	0.0003307469	0.00079702423	0.0010700873	0.00089284393	0.0001627946	0.032324757	0.012313184	0.032324757	0.0050802827	0.009515877	0.015367159	0.009985738	0.0038036031	0.009914114	0.012221653	0.0025099088	0.0004763097	0.0009847014	0.008982398	0.0033504332	0.0010962094	0.0011428898	0.00032560746	0.00063278066	0.0007505407	0.0027274084	0.00018553666	0.0016542564	0.0002559303	0.0013235694	0.0013866203	0.00043629177	0.0049532824	0.0004409355	0.0036572167	0.00025024306	0.0014793637	0.0045089214	0.0017319995	0.008816521	0.036707673	-25.87980461120605
s06e24d	530.0	5.0	0.43557355	0.43557355	0.0069019687	0.0035743215	0.00025704026	0.0031814433	0.17460468	0.00067386194	0.0016718777	0.0010838835	0.00032821012	9.75682e-05	0.00093323423	0.0031256715	0.0004625628	0.001910906	0.0010597344	0.0005796178	0.0017604822	0.011300444	0.010769652	0.0015501966	0.0015249425	0.0013116484	0.00044216157	0.0013116484	0.027217273	0.003954224	0.0022203308	0.0013292657	0.0005150295	0.0008764555	0.0048230547	0.0010828881	0.00061823183	0.002919226	0.002919226	0.0012246013	0.0023917262	0.005604639	0.0007157056	0.005604639	0.0012455188	0.005180833	0.031692494	0.0015676939	0.00093828497	0.0006590563	0.011733039	0.0025135786	0.00824978	0.07539849	0.0006189048	0.011944958	0.001113454	0.0013396172	0.00034103158	0.0010670171	0.0014125004	0.0016049477	0.0004579033	0.0002136287	0.0022205114	0.00093344634	0.006062804	0.014077969	0.0026598992	0.0015717093	0.0015191545	0.0028298118	0.014077969	-25.450611114501957
s06e24d	535.0	5.0	0.74932903	0.74932903	0.0554028	0.0033546216	0.0001444202	0.00039022852	0.00089470984	0.00034585968	0.00050986384	0.0011053118	0.00022563868	0.00020976886	0.0017160337	0.023287693	0.0018704232	0.0006075057	0.00087400863	7.331893e-05	0.0002861019	0.025500506	0.12595232	0.024251126	0.004399263	0.0058557703	0.010420806	0.035600934	0.009728825	0.0014022612	0.0007312943	0.00037900626	0.00022772716	0.00032483076	0.0006736629	0.00051238097	0.00016016052	0.019085094	0.01644182	0.008194647	0.002873513	0.0058181966	0.0023560645	0.0058181966	0.04967306	0.021455064	0.021412801	0.0043504215	0.0007672983	0.0011123064	0.007080105	0.0156635	0.0019278923	0.0013605587	0.000119644195	0.00076078664	0.001562284	0.0037558724	5.235951e-05	0.009815451	0.0031454111	0.0018346179	0.0015522128	0.00044670652	0.003105192	0.00056928815	0.00723908	0.00041210512	0.00047868356	0.007949711	0.00065203215	0.00090231036	0.021283885	-34.659515380859375
s06e24d	540.0	5.0	0.7911719	0.7911719	0.13694803	0.0056155245	0.0003677054	0.0031789804	0.070694715	0.0014603253	0.0018755257	0.0051462743	0.00013083877	0.0004264446	0.0044364305	0.00830355	0.001946404	0.0005010862	0.003895082	0.00015458948	0.003587255	0.007550353	0.022173226	0.006037513	0.0009882993	0.020510362	0.00077288394	0.020510362	0.0040036156	0.0012999634	0.0007486562	0.00045483504	0.00017262882	0.00026941366	0.00031118732	0.00011637165	0.00010711684	0.0027006613	0.00052166963	0.0027006613	0.00066275365	0.00015628265	0.0005192435	0.00066275365	0.007861444	0.00045884837	0.003869889	0.00020453948	0.0005742761	0.00035707225	0.0012741302	0.010488111	0.0010701949	0.0075579924	8.4398685e-05	0.00073154934	0.0005944584	0.001137792	4.4116223e-05	0.0008377758	0.0031611342	0.0011679283	0.00054382824	0.00015972221	0.0021957618	0.0008606517	0.00045689044	0.0022237592	0.00075392344	0.0029563282	0.0012346302	0.0004830309	0.0022237592	-22.235567092895508
s06e24d	545.0	5.0	0.7427306	0.7427306	0.039276723	0.045820262	0.0014856431	0.0075237337	0.04154492	0.0069171633	0.0032459048	0.05850508	8.422286e-05	0.0023138511	0.022058938	0.0059198313	0.0024629391	0.006385207	0.022719579	0.00015429922	0.056704704	0.03757199	0.022473482	0.022473482	0.0038661247	0.008295563	0.00069362327	0.008295563	0.019991962	0.010472253	0.0025708093	0.0025776594	0.0003060621	0.0015067267	0.0014051875	0.00081858	0.00023605411	0.002929948	0.00087749085	0.0027690202	0.0030751007	0.0006182592	0.000583675	0.0030751007	0.003062134	0.00096868083	0.0041173585	0.0006331782	0.00066733424	0.0047864756	0.0013468624	0.007866853	0.00044632555	0.0026519417	8.3851824e-05	0.0015846987	0.00029396752	0.0014604506	0.00018125797	0.0009705783	0.0014002635	0.00462328	0.0006723397	0.00046758802	0.00078652287	0.00017436635	0.0008120284	0.001471378	0.00045066857	0.002858095	0.001961585	0.00017607416	0.0027705585	-23.852001190185547
s06e24d	550.0	5.0	0.87723553	0.87723553	0.011855216	0.12150424	0.000525211	0.00019023422	0.0005796465	0.0014008344	0.0009959642	0.0063234847	8.855286e-05	0.00054106803	0.009535609	0.0031038697	0.0014461633	0.00021435996	0.0021315475	0.00017751496	0.00016872192	0.0007912959	0.004975136	0.0023349293	0.002355345	0.0012003308	0.00095371477	0.0015071837	0.012445064	0.0022850153	0.0007179942	0.0006013947	0.00027281916	0.0005793171	0.0011731057	0.00043081224	0.00015343535	0.0038728553	0.0013675218	0.0036784706	0.00070126227	0.00073886605	0.0008151955	0.00073886605	0.0044655916	0.0015984374	0.0020113029	0.00028597916	9.831742e-05	0.00041712305	0.0015813977	0.0012741442	0.00061940844	0.0015928714	0.00029187996	0.0023722698	0.0012463452	0.0015574672	0.0002819749	0.020151222	0.0002532614	0.0004856095	0.004015622	0.00019406767	0.0025475589	0.00071196747	0.00042708148	0.00013399834	0.0012500618	0.031885576	0.00065891596	0.0007846802	0.013671411	-24.51133728027344
s06e24d	555.0	5.0	0.743968	0.743968	0.004304809	0.0103966165	0.00037345098	0.00064638007	0.0005300208	0.011335777	0.0024368798	0.0063385735	0.00035623004	0.0007696735	0.04791136	0.0025695087	0.0070936373	0.0007668904	0.0014377211	0.00010538856	0.0006885162	0.00118725	0.016014315	0.016014315	0.006286726	0.003283704	0.0016970718	0.004384199	0.020533182	0.0039350577	0.0016529094	0.0009247714	0.0001182215	0.0009460823	0.0021004425	0.0005283719	0.00021919092	0.0023203637	0.0023203637	0.0013530543	0.0016346665	0.0009646005	0.00047713084	0.0016346665	0.0041339993	0.0014976142	0.0022395176	0.0005137238	0.00095433654	0.0019687947	0.004563659	0.0010422618	0.00085570005	0.0015800355	0.00032661945	0.0014607426	0.0013637299	0.0017962706	0.0002442645	0.0006761485	0.00032402133	0.0021187298	0.0010091873	0.00054019026	0.005017947	0.0013810904	0.00070332934	0.00036496494	0.0008957394	0.009217684	0.003625301	0.0050892853	0.011216127	-27.644460678100582
s06e24d	560.0	5.0	0.92082924	0.92082924	0.07383385	0.05480456	0.0013987988	0.0010957682	0.003496678	0.03557509	0.005153295	0.017931564	0.00084135454	0.0009352664	0.0057953955	0.0037949407	0.0022078888	0.0013530311	0.0012928987	0.00018477821	0.00024764834	0.0013150802	0.04671699	0.010235498	0.0041535823	0.0076907333	0.0031400304	0.012602346	0.008797494	0.001928217	0.0012255488	0.00052872073	0.00011816165	0.000432038	0.00046334873	0.00017585437	0.00015218488	0.006262251	0.00076139404	0.0011254037	0.0021279815	0.00028215535	0.00017001612	0.0021279815	0.0014447013	0.0014886785	0.002967911	0.00021586605	0.00034059637	0.00032413227	0.0011734595	0.003369495	0.0009512858	0.0012387354	0.00020327535	0.0015399804	0.00046479597	0.003243319	6.181461e-05	0.000914876	0.00037541514	0.0005001711	0.0038792035	0.00046858465	0.0024016292	0.0010922769	0.00029970804	0.00017798782	0.00050774374	0.0023682907	0.0011152453	0.0031839558	0.0034773713	-24.53610610961914
s06e24d	565.0	5.0	0.87637883	0.87637883	0.13738237	0.14712729	0.0024699725	0.0063387654	0.09495012	0.14377184	0.0030628957	0.0049725496	0.0017243417	0.0019087709	0.06374511	0.0014122972	0.0031103906	0.0011021249	0.00074325723	0.0002457633	0.0012544594	0.01807995	0.0050137844	0.0011971119	0.0050137844	0.0015369619	0.0008299656	0.0015369619	0.023441913	0.0046859374	0.0023869118	0.0011222728	0.00051390455	0.000919258	0.0009547271	0.00026642732	0.00028754273	0.0010126994	0.00076344213	0.00038015083	0.0016256487	0.0009776624	0.00017239574	0.0016256487	0.0004565365	0.002463499	0.011161036	0.001127014	0.0021328786	0.0022001395	0.0025818592	0.0010032615	0.002488495	0.0029349294	0.0006352739	0.0012473215	0.00082535343	0.005509311	0.0008922639	0.00058550254	0.0007790831	0.0012600962	0.0030277485	0.0007517493	0.0010408568	0.0012388946	0.0007021283	0.0012248195	0.0009801161	0.002145341	0.0011649062	0.00081225677	0.0016454157	-23.044099807739254
s06e24d	570.0	5.0	0.85528857	0.85528857	0.16085683	0.0039736643	0.00084752374	0.0012110042	0.0139055895	0.0022298014	0.00096422323	0.002402438	0.003019221	0.0004748174	0.0127716875	0.014649346	0.0016850028	0.00089274993	0.00092414167	0.00029649938	0.004362107	0.13522688	0.048019823	0.048019823	0.007826901	0.0023634466	0.0029782166	0.0048332065	0.017286578	0.005212369	0.0016648655	0.0010364307	0.00029990583	0.0010517004	0.0019342426	0.0016140592	0.00015371651	0.012662249	0.005644622	0.012662249	0.018870737	0.011853975	0.003306438	0.018870737	0.009945392	0.019525798	0.009175941	0.0033118147	0.00045610045	0.0012232303	0.004669624	0.0048055523	0.0020011866	0.001667514	0.00016444412	0.0005937011	0.00042686227	0.0028176191	0.0004726494	0.012279514	0.0010671157	0.0010592126	0.0025372535	0.00039859745	0.0038601756	0.0028278881	0.002871149	0.0009685369	0.0014566726	0.014088536	0.0014629901	0.0009476218	0.00924192	-25.480018615722656
s06e24d	575.0	5.0	0.9267813	0.9267813	0.1116376	0.026773306	0.0005024066	0.000476741	0.002133567	0.008829661	0.0013780121	0.0016833872	0.00034343486	0.0011531843	0.039527375	0.0027485318	0.00497728	0.0003343624	0.00084322144	0.00015813255	0.0001726071	0.0010001285	0.0063877157	0.003940163	0.0032154173	0.0010746323	0.0009762574	0.0050697154	0.008671443	0.0028531447	0.0012647845	0.0005836124	0.00017012445	0.00051662524	0.00068634056	0.00070288446	0.000114093884	0.0028763888	0.00063181313	0.001734649	0.0012139527	0.00044621623	0.00039371254	0.0012139527	0.0021009932	0.0016813299	0.0022214223	0.000212405	0.00022612778	0.0003965372	0.0012802583	0.002225925	0.0010640905	0.0022644622	0.000112965194	0.0008200227	0.00081206096	0.003006086	8.155408e-05	0.0030899197	0.0018767025	0.00058764603	0.0030182665	0.0005535706	0.0063770227	0.006949196	0.00021216394	0.00016795001	0.0008015232	0.012104303	0.0012325001	0.0035183374	0.017556647	-24.57389640808105
s06e24d	580.0	5.0	0.89379925	0.89379925	0.066755295	0.008693885	0.011323594	0.000830013	0.062444333	0.049912058	0.0018437444	0.017456498	0.00035579744	0.00028270792	0.12846412	0.0028231563	0.009039891	0.0019972564	0.0012006847	0.00014351131	0.00049652933	0.0025144182	0.0032798687	0.0030154136	0.0021813896	0.0014362986	0.0002126137	0.006204123	0.010100666	0.0038569574	0.0018641728	0.0006112745	9.168772e-05	0.0005780722	0.0005768998	0.0001309109	0.00012137476	0.0006386641	0.00037377726	0.0002353453	0.00044421115	0.00015989013	6.3951295e-05	0.00044421115	0.0007850564	0.0014207384	0.0025163384	0.00014339134	0.00032504235	0.0006095846	0.0008985928	0.0012786606	0.0011913963	0.0031637345	3.9828916e-05	0.000839972	0.00062297465	0.002025799	0.0002114704	0.0014052558	0.00031091506	0.00053763826	0.00042659117	0.00018549226	0.00086027867	0.0017741227	0.00045651343	0.0015271942	0.00069872855	0.0029086552	0.00047192865	0.00022629215	0.006127037	-25.78637313842773
s06e24d	585.0	5.0	0.89013094	0.89013094	0.028788147	0.0019291596	0.00017742121	0.00025264904	0.0006955313	0.00028539138	0.0016298566	0.0015508478	0.00011141167	0.00020255832	0.0071898284	0.006386923	0.0005888902	5.162178e-05	0.006476179	0.00012577848	0.0001550934	0.0009396909	0.0037841378	0.0037841378	0.0016629653	0.0020645228	0.0014800958	0.0021024954	0.015741535	0.006176047	0.0042037326	0.0007423186	0.00027051347	0.00073158916	0.0013821094	0.0006832061	0.00019717599	0.0015405568	0.00069981953	0.0011252	0.0006990113	0.00026498537	0.0004303952	0.0006990113	0.0026351882	0.0016935016	0.0020147208	0.00016220735	0.00010947309	0.00022408708	0.0009234358	0.0018004898	0.001188682	0.0025583568	0.00017372194	0.0016571364	0.0009514109	0.0025264637	0.00011405483	0.0026554451	0.0002642303	0.00057514844	0.0023764705	0.00018662341	0.005522428	0.004844975	0.00030807333	0.00040520667	0.00068958395	0.004981679	0.0009771972	0.00146365	0.022297425	-23.76869201660156
s06e24d	590.0	5.0	0.88742965	0.88742965	0.12709196	0.0027131902	0.00029779403	0.00033595474	0.00050813373	0.0015844106	0.0013027963	0.0010726383	0.00042953898	0.0012703345	0.025936298	0.0036017888	0.0023199	0.00014125583	0.00040303543	9.615054e-05	0.0001355544	0.0015664815	0.0043857293	0.0030256277	0.0025182494	0.003978026	0.002977104	0.003978026	0.015008987	0.0040711393	0.0022678864	0.0011972015	0.00035119476	0.0011267049	0.0010627679	0.0015401242	0.00013461974	0.00724305	0.0025951315	0.0049871323	0.0047140582	0.0016683659	0.0014344812	0.0047140582	0.002482364	0.0086191	0.0036549584	0.00031442445	0.0002938417	0.0005334752	0.0013120238	0.0030508894	0.0007467015	0.001863237	0.00045318637	0.0006884532	0.00075264025	0.0035497248	6.623721e-05	0.0022521107	0.00039420323	0.0005635671	0.005435263	0.00047905423	0.0028046719	0.0032852227	0.0003858962	0.0002716499	0.0006924351	0.0073435665	0.0009918847	0.00483073	0.025549943	-24.88430404663086
s06e24d	595.0	5.0	0.8284635	0.8284635	0.0130192395	0.004749654	0.0015180686	0.00017644037	0.0013439647	0.0016639385	0.0017749901	0.003117365	0.0002161074	0.00028969813	0.017593961	0.0051755966	0.000956478	0.00031121788	0.0016196435	2.1602054e-05	6.777684e-05	0.00058693433	0.014672711	0.014672711	0.013840101	0.0016927038	0.0007385799	0.004677199	0.007300244	0.0024991848	0.0011405423	0.001055553	0.00026108476	0.00076961966	0.0006187099	0.00038098017	0.00010820938	0.003661262	0.000568632	0.0024308644	0.00048414755	0.00026952205	0.0006308357	0.00048414755	0.0023693882	0.0012395674	0.00448582	0.00031228727	0.00018677863	0.00025017676	0.0019983049	0.0054983017	0.00079726346	0.042805582	0.00022380376	0.0013416153	0.009073793	0.0021800243	0.000121139696	0.006880874	0.0037950506	0.00036192097	0.0017277884	0.00016561756	0.013520836	0.0026548607	0.00033290658	0.00039497117	0.005015386	0.006341277	0.0010551689	0.0044047255	0.013520836	-32.73328399658203
s06e24d	600.0	5.0	0.91531783	0.91531783	0.08019276	0.0039752065	0.00037602728	0.000183108	0.00120408	0.00082680344	0.0006118285	0.0013689537	0.000158586	0.000200635	0.0051188795	0.009101858	0.00055479846	9.1709226e-05	0.0014979136	0.00019673393	0.00013823523	0.000756824	0.0030798144	0.0016439564	0.0014828177	0.0029701595	0.0009683882	0.007133867	0.012534151	0.002936215	0.0016739012	0.0006152033	0.00024921566	0.00057894835	0.0012250697	0.00018438099	8.3135186e-05	0.008047887	0.0012071232	0.0022020463	0.0007718149	0.00043209072	0.00041033287	0.0007718149	0.003093529	0.0023978907	0.0033668415	0.00020035093	0.00036470062	0.00023741198	0.00094668823	0.001962544	0.0016977021	0.0048914086	0.0003372925	0.0027734714	0.0010319725	0.006730846	0.00037993924	0.0069512203	0.0004957632	0.0007120971	0.0043046866	0.00019824109	0.010809899	0.008810185	0.00045945917	0.00027610394	0.0007948899	0.010893836	0.00084847474	0.0003668446	0.013487556	-23.14807891845703
s06e24d	605.0	5.0	0.87461764	0.87461764	0.021859804	0.005637063	0.004306197	0.00031100877	0.010160719	0.026091881	0.0017396268	0.005444576	0.000638319	0.0017257426	0.048463702	0.004429343	0.008126876	0.0005958368	0.00030909036	0.000111459056	0.00023166079	0.0010431231	0.0028258234	0.0027809818	0.0028258234	0.0018791221	0.0013650592	0.0018791221	0.0123061575	0.0034020254	0.0019387197	0.0010679145	0.0001801123	0.0008876645	0.0012314932	0.00045922908	0.00026523182	0.004025452	0.0023195934	0.0018129832	0.0032595622	0.0006424666	0.00066546194	0.0032595622	0.003433227	0.0037437754	0.0039008786	0.00026100784	0.0006788144	0.0005327592	0.0015900083	0.0030467673	0.0009853415	0.0016431944	0.00019530134	0.00062093546	0.00039173602	0.002499608	0.000106258405	0.0017514926	0.0010095498	0.0007879779	0.001423216	0.0009002253	0.0023766104	0.0014574635	0.00048837776	0.00028987523	0.00043753645	0.003984258	0.00086822006	0.0021012682	0.003660528	-26.69855499267578
s06e24d	610.0	5.0	0.89742017	0.89742017	0.027886443	0.006009338	0.000732429	0.00036514155	0.0026522886	0.0017825899	0.0014874508	0.0013147121	0.00021546033	0.00034569553	0.10521684	0.0047161775	0.00090701674	0.00037087596	0.0025744603	0.00019897812	0.00016013577	0.0009724166	0.014561763	0.014561763	0.002431292	0.0016824828	0.0010277261	0.0028517437	0.015073336	0.0076254164	0.00356675	0.001545629	0.00030829103	0.0013270405	0.0018488431	0.0004188829	0.00012108138	0.0020595745	0.00079443626	0.0007771349	0.00041928282	0.00032358052	0.00025438453	0.00041928282	0.0036146136	0.0018453177	0.0013750584	0.0001289401	0.00041493212	0.00040553862	0.0010746579	0.0020274364	0.0006965127	0.015644971	0.00038552075	0.0019589672	0.004052925	0.0023405922	0.0003585359	0.020857155	0.0019695885	0.0007882644	0.0019568782	0.0004986122	0.011430839	0.020996071	0.0006389938	0.00068522355	0.0015161313	0.026032474	0.00093024515	0.00034544745	0.031268384	-22.97943878173828
s06e24d	615.0	5.0	0.03413623	0.03413623	0.0006883328	0.0008407739	0.0006214106	0.00017082847	0.0005465155	0.0030374047	0.00078355044	0.00088403083	0.00011701125	0.00046210203	0.05364109	0.0067311074	0.003381547	0.00027612422	0.0008648888	8.957037e-05	0.00045751233	0.000866146	0.018278478	0.011460172	0.018278478	0.0013446324	0.0012279125	0.0021067206	0.009209396	0.004089508	0.001879792	0.0009923778	0.00011841882	0.00084653584	0.0006542556	0.00033689756	0.00014038237	0.0025637737	0.0011009041	0.0025637737	0.0006339058	0.00028418476	0.00096814655	0.0006339058	0.0043712035	0.0015385976	0.002829568	0.00013574453	0.00066894013	0.00044225683	0.0024494007	0.0022096857	0.0014329124	0.005333639	0.00013642787	0.0017505558	0.0010306549	0.0018705087	6.7778004e-05	0.0014670918	0.00031022518	0.0007109071	0.0006911373	0.00046041384	0.057426963	0.0020379198	0.00061060075	0.00015566706	0.00042289533	0.024694938	0.0007782922	0.0029159938	0.057426963	-33.339637756347656
s06e24d	620.0	5.0	0.82298726	0.82298726	0.02930413	0.00899339	0.002950069	0.0009109227	0.025581747	0.031187622	0.0019984143	0.011777688	0.00051630894	0.0006778877	0.045873933	0.0062946635	0.011288904	0.0022855124	0.0029774832	5.7362973e-05	0.0002393854	0.0004628868	0.07368738	0.07368738	0.022461273	0.0033647844	0.0010937868	0.0083821695	0.010238605	0.0027368038	0.0012314123	0.0007949399	0.00014054027	0.00081114797	0.0032003606	0.00033692017	0.0002037873	0.002958613	0.00105591	0.002958613	0.0013712686	0.00023109406	0.00075982837	0.0013712686	0.008636817	0.0010261422	0.0007716711	0.00015089712	0.00072294456	0.00063573144	0.00067233905	0.003721903	0.00048569212	0.0026468842	0.00033639368	0.0006952278	0.001652166	0.0015501805	0.00035402586	0.012916022	0.0005436564	0.00068734953	0.0008572466	0.00022360729	0.0028498676	0.0023230144	0.00044581766	0.0025449477	0.00048775272	0.02017457	0.0011441801	0.0009081989	0.01066792	-30.4061279296875
s06e24d	625.0	5.0	0.79725116	0.79725116	0.010841027	0.0039254907	0.0008264174	0.0002213385	0.0019758889	0.020459961	0.000697037	0.0013299976	0.0012504958	0.0008478032	0.21784641	0.003911814	0.009721238	0.00026435856	0.00016492684	0.0001330087	0.0005398827	0.0014073651	0.007936125	0.0017418864	0.007936125	0.0009869693	0.0005377257	0.0018442106	0.011036495	0.0026767484	0.0018560606	0.0009987492	9.526354e-05	0.00077580934	0.0010593514	0.00027969878	0.00014754751	0.0015108767	0.0015108767	0.0013927096	0.00074161397	0.0005524368	0.0010084406	0.00074161397	0.0025210357	0.0021491335	0.0017658997	0.00015098075	0.00056790974	0.0008193136	0.0023701773	0.0016513899	0.0018538622	0.0036779635	0.00017656996	0.0006207571	0.000774434	0.0009701161	5.525042e-05	0.0010714582	0.00041510817	0.0006307419	0.00014731176	0.0014537403	0.0052731284	0.0045305537	0.0012747821	0.00062065857	0.00021055616	0.0031874673	0.00029468673	0.0006963338	0.0052731284	-31.072444915771484
s06e24d	630.0	5.0	0.66087544	0.66087544	0.052446958	0.03778651	0.00060409674	0.012304912	0.02326669	0.0025491004	0.0194949	0.019374141	0.0015766241	0.0005979252	0.0034051181	0.0013068109	0.0012018181	0.0010437175	0.018762274	0.00024161261	0.10621978	0.088687785	0.012872961	0.012872961	0.0035770177	0.0008139664	0.00013993731	0.0019402724	0.03880687	0.011120094	0.004348086	0.002029906	0.0007668151	0.0012940265	0.0031439492	0.00048158155	0.00036075353	0.0005063011	5.598675e-05	0.00038332414	0.00034670052	4.307854e-05	0.00014503501	0.00034670052	0.00091412757	0.00010564796	0.00020389263	3.5312984e-05	3.94614e-05	4.8418864e-05	0.00044637788	0.0006267701	0.00026399235	0.01027585	0.00035384635	0.0016961625	0.0010833076	0.0017157757	0.0009749714	0.0022213631	0.0004964955	0.0005750599	0.00075414905	0.00020164493	0.00092832383	0.00030240577	0.00038331118	0.003400878	0.0005235693	0.0038824952	0.003473068	0.00033506347	0.005999272	-20.999462127685547
s06e24d	635.0	5.0	0.14753081	0.14753081	0.017002141	0.008304383	0.00017001387	0.01386589	0.0012958827	0.00026106235	0.016631316	0.0143493945	4.118022e-05	0.0006666353	0.00023854125	0.0018044715	4.4795026e-05	5.824326e-05	0.01185959	0.0005397489	0.83791083	0.077003494	0.00038315955	0.00036829495	0.00022639638	0.00096281787	0.00015845918	0.00096281787	0.09170689	0.050062686	0.011219232	0.0038602196	0.00037940266	0.0020820333	0.00825631	0.00047368678	0.00069766765	0.00052323105	0.00019916319	0.00028708033	0.00059374067	0.00030557782	2.5770074e-05	0.00059374067	0.00017069821	0.00037504974	0.00034215022	3.803667e-05	3.098864e-05	0.00017817103	0.00049692683	0.00012790314	4.0499457e-05	0.001233751	0.00014858622	0.00080737047	0.0009956686	0.0004660568	0.00014658076	8.657969e-05	3.4880097e-05	0.00017522385	0.00027867584	0.00041374814	0.00025722952	0.0002738167	9.677226e-05	0.00052586524	9.8001234e-05	0.0007631727	0.0019271895	0.00016386436	0.0019271895	-20.95757293701172
s06e24d	640.0	5.0	0.11526598	0.11526598	0.0042292997	0.009734409	0.012511432	0.000994684	0.023931598	0.030350145	0.0023953835	0.008822611	0.0008717971	0.0007841973	0.064287335	0.002323735	0.033241615	0.011303678	0.0015540207	6.627923e-05	0.001086246	0.00087695126	0.00999084	0.0066739363	0.00999084	0.0021347976	0.0013567758	0.006786527	0.039630435	0.008419886	0.002282221	0.0011453971	0.00035903754	0.0008959323	0.00075162353	0.00032795835	0.00029671032	0.0005006989	0.0003369454	0.00040098323	0.00031483904	0.00013432135	0.00012021394	0.00031483904	0.0014991951	0.0008601373	0.0016455991	0.000102431826	0.00056329265	0.00072800566	0.0026192763	0.0022403672	0.001127109	0.009668198	0.00016830943	0.0026493098	0.0015156852	0.0014683665	0.00013691527	0.0016532495	0.00031128732	0.00080924644	0.0013256408	0.00018641833	0.0057111257	0.00312391	0.001712996	0.0029911192	0.0016271283	0.002109535	0.0018664304	0.00024374708	0.020799536	-26.47999763488769
s06e24d	645.0	5.0	0.84430915	0.84430915	0.018605914	0.13179275	0.0011956516	0.0051991497	0.12009633	0.0141682625	0.003914946	0.031898357	0.00059664744	0.00078096153	0.018864537	0.0010154359	0.003974034	0.00701226	0.0019906065	0.00034742014	0.003191996	0.011709077	0.004962751	0.0048099123	0.0017878022	0.0042423345	0.0013010286	0.0042423345	0.019502249	0.0036632542	0.0019149766	0.0010440253	0.00020776775	0.0006670922	0.0018001308	0.00055517716	0.0003993663	0.0015558857	0.0013158858	0.0015558857	0.004272117	0.0020826734	0.00048451114	0.004272117	0.0005700397	0.0035319084	0.014905776	0.001077128	0.0020882883	0.002406549	0.008382498	0.0009368575	0.0022575024	0.0034307498	0.001588834	0.0011720072	0.0003561178	0.007343351	0.0021652181	0.0038785327	0.00025745304	0.0031381024	0.0013905797	0.0006125695	0.00088907767	0.0006172048	0.00046307765	0.0009004123	0.00090574985	0.003273359	0.0020350048	0.001111836	0.0020350048	-21.52161026000977
s06e24d	650.0	5.0	0.8722909	0.8722909	0.12857792	0.021200776	0.0001306281	0.015528574	0.4793487	0.0051107993	0.005376552	0.0021346593	0.00019159255	0.00036449	0.0007003533	0.00141109	0.0015417133	0.00097606436	0.002630165	0.000807282	0.023812119	0.104621	0.00168251	0.0006735486	0.0012875587	0.00083244184	0.00040052593	0.0010627902	0.028179849	0.005960083	0.0034433866	0.0007484372	0.00024067477	0.00096948683	0.00346477	0.00066471397	0.0006198594	0.0011756647	0.0011018126	0.001171582	0.00866968	0.0028617883	0.00048598205	0.00866968	0.00058693177	0.0060539893	0.00625201	0.0012209371	0.00054382696	0.0006855626	0.006505918	0.0015334223	0.0018128055	0.0054387515	0.0009556809	0.0014338953	0.0008585177	0.0025824243	0.00041329462	0.0006903148	0.00015074381	0.00053501356	0.00029732566	0.00022501244	0.0011571203	0.00038660484	0.0014202285	0.002870772	0.0010789663	0.0041977386	0.0018324414	0.00039572435	0.0032522671	-20.423938751220703
s06e24d	655.0	5.0	0.69900477	0.69900477	0.012842451	0.017539976	0.00037896924	0.0028302474	0.003865289	0.0015559196	0.02373579	0.09114953	9.099309e-05	0.000135816	0.0026282643	0.021844782	0.00037188036	0.00017607819	0.04656409	0.000515953	0.024120959	0.01693948	0.0774943	0.0774943	0.001554305	0.000809969	0.00033553512	0.0022479754	0.02287719	0.0030221418	0.0018665992	0.00043795307	0.00027696925	0.00028338283	0.0031038667	0.0017332655	0.0006955051	0.0007951944	0.0005338465	0.00049984583	0.0007544851	0.00018666184	0.000105246756	0.0007544851	0.0015718536	0.0019860761	0.001044185	7.43704e-05	0.0002711435	0.000104871775	0.0015477572	0.007707906	0.0016755275	0.022057857	0.00048993534	0.015108098	0.00039847055	0.00023889268	0.0002091982	0.00025336453	0.001148803	0.0004896153	0.00020646676	0.00026189053	0.0026100297	0.00090384757	0.003050222	0.03143352	0.0013912136	0.006872758	0.008000364	0.00025000886	0.2517783	-21.61760139465332
s06e24d	660.0	5.0	0.31982026	0.31982026	0.040748388	0.018750768	0.0009360406	0.024022365	0.007004276	0.0026790025	0.0077108606	0.06261476	0.00033760618	0.0009143314	0.00065851636	0.030649567	0.0004641405	0.0003396452	0.026314588	0.00089675223	0.2058013	0.21381454	0.013429619	0.013429619	0.0010484003	0.008405645	0.0017053158	0.008405645	0.07356542	0.028840167	0.009134969	0.0017677306	0.0010392161	0.0016807457	0.0068100076	0.0010126072	0.0010905593	0.0005848946	0.0005848946	0.00038886603	0.0012165803	0.0005190765	0.00011082677	0.0012165803	0.00053263735	0.0014252295	0.00078263774	0.00011275566	0.00022431584	0.0006273988	0.0014178582	0.000570803	0.00025902584	0.0077049816	0.0002616437	0.0009944215	0.00076048874	0.00030808654	0.00019074423	0.00018074438	0.00012436415	0.00049698673	0.00092404126	0.00029852174	0.0008893772	0.00017921925	0.0016973853	0.0018671919	0.0005601969	0.0020023135	0.00047199702	0.00026550228	0.0022565683	-19.505603790283203
s06e24d	665.0	5.0	0.57965225	0.57965225	0.054923564	0.10513467	0.00042204536	0.0047125327	0.0056983	0.0017832748	0.014727416	0.017496945	0.00017896874	0.00018017791	0.00012780658	0.008416821	9.039221e-05	0.0006369757	0.018794224	0.00033894938	0.5906397	0.04376294	0.0007726818	0.00052127	0.0005014605	0.0006636578	0.0002418899	0.0006636578	0.032017343	0.012591456	0.003447031	0.0022128725	0.00077517313	0.0012946406	0.0022474397	0.0005814737	0.00064806186	0.0017450765	0.00026155615	0.0015666897	0.002138818	0.0004126419	0.00013320593	0.002138818	0.00042118927	0.00083581463	0.0018647255	7.808623e-05	0.00012259495	0.00010473815	0.0008202752	0.0008014453	0.00027426815	0.0019953924	0.0006637413	0.00066175894	0.00047460652	0.0020129527	9.39022e-05	0.0004857238	9.732269e-05	0.000455764	0.0005683045	0.00016178165	0.000575212	0.00019635407	0.00018678575	0.0010313577	0.00025287797	0.0010505595	0.002747758	0.0005048066	0.002747758	-22.457000732421875
s06e24d	670.0	5.0	0.89154816	0.89154816	0.016642489	0.04393436	0.0010494536	0.0054330253	0.09161535	0.020592038	0.0019165595	0.036141537	0.0034525194	0.00016148928	0.002269095	0.0024051082	0.0016651215	0.0033176264	0.0025999164	0.0008305102	0.0015344833	0.015838714	0.0090997815	0.0069147726	0.0013603675	0.0004972929	0.000991094	0.0013260513	0.045124125	0.0049854238	0.003165675	0.00053278735	0.00014973528	0.00054207287	0.0016790143	0.0003743196	0.00040427104	0.0030485755	0.0017734523	0.0030485755	0.0046255887	0.002421544	0.001200213	0.0046255887	0.00072544976	0.0069301827	0.028211415	0.0007949429	0.00093061046	0.0011861133	0.009108109	0.0025748867	0.003850309	0.006017535	0.0008968522	0.0029004137	0.00036027905	0.0055085504	0.0020345189	0.005044689	0.0002861922	0.000834298	0.0010802189	0.00037798766	0.003249208	0.0011044735	0.0016336698	0.0019891332	0.0011124891	0.0063247583	0.0030080143	0.0007468125	0.003249208	-22.21454429626465
s06e24d	675.0	5.0	0.9100978	0.9100978	0.1619923	0.08757744	0.0004834507	0.013449763	0.022010298	0.01076307	0.0023120355	0.017955933	0.00016163486	0.00035463474	0.00096306734	0.020980943	0.004127152	0.00026335655	0.0019144007	0.00028920855	0.0018595478	0.0345203	0.017763684	0.0028957315	0.0008382777	0.0011988734	0.00073596864	0.0027765764	0.010241514	0.0022553974	0.0010951469	0.0007715369	0.00023636624	0.0006499701	0.0011462626	0.000286169	0.00028486946	0.0031285225	0.0012066667	0.0022026508	0.002929647	0.0011140656	0.00054197497	0.002929647	0.0050543244	0.0025552595	0.0067770164	0.0005418773	0.00037974695	0.00073678896	0.0013778664	0.004402365	0.0008638708	0.0051525887	0.0020507379	0.0017291534	0.0006947135	0.0028739912	0.00042709266	0.00088272494	0.0018031355	0.00073196145	0.0011098672	9.891248e-05	0.00460229	0.0005200779	0.00085687614	0.0008141731	0.0008103062	0.008973466	0.010686985	0.0020096994	0.022078361	-24.26404190063477
s06e24d	680.0	5.0	0.17797117	0.17797117	0.003603295	0.00064942706	0.00026284784	0.0051047704	0.019014932	0.00037617085	0.013188334	0.003564202	0.0004920109	0.0001521054	0.0017174721	0.047673333	0.0006211216	0.00012218811	0.0035775003	0.00062928966	0.065570764	0.047619976	0.00928367	0.004864873	0.0003626675	0.0035952795	0.0041846754	0.0041846754	0.73866516	0.045938	0.031111883	0.0011722674	0.00055462687	0.0034187748	0.036827646	0.0005169629	0.015234337	0.0033428036	0.0017176928	0.0029846828	0.02237533	0.0045507187	0.0004594215	0.02237533	0.0009778497	0.012166433	0.013179595	0.00051566097	0.0004778049	0.00029788545	0.0016167731	0.0059841014	0.0013510025	0.0020323377	8.390221e-05	0.001830175	0.0004334734	0.00043696564	0.00040271765	0.0002711448	0.00016628279	0.00049670046	0.00019763113	0.0005070811	0.00042798644	0.0004171308	0.0011830792	0.0029684827	0.00043022516	0.05947972	0.0014757667	0.000311287	0.025274599	-20.23848533630371
s06e24d	685.0	5.0	0.014150544	0.014150544	0.00021466738	0.00058815593	0.00072035735	0.00084612175	0.00036316708	0.0013576128	0.015435288	0.0011560417	0.00087038765	2.3054301e-05	0.0017391043	0.00029617446	0.0002504025	0.00026552126	0.00025772146	0.00027958787	0.00019153117	0.00031498494	0.004636029	0.0043033212	0.004636029	0.0007800816	0.00036606274	0.0019189195	0.8015424	0.36871153	0.35851786	0.007790762	0.001366077	0.006692369	0.031107033	0.0032996468	0.0118125025	0.000571645	0.0002326214	0.00031674054	0.0003797189	0.00052593637	0.0001805864	0.00052593637	0.00023845371	0.0010621804	0.0045135575	0.00014301024	0.0011891038	0.000103741775	0.0012115343	0.0009816693	0.0018395721	0.00086919015	0.0003062101	0.0005645375	0.0012857021	0.0005908749	0.0012791272	0.00082206476	0.00048545928	0.00050177844	0.0005906389	0.00030748147	0.0014031609	0.00608784	0.00076703145	0.0007492947	0.0015122563	0.002382549	0.0021132373	0.0008768923	0.006908436	-23.275245666503903
s06e24d	690.0	5.0	0.01404137	0.01404137	8.957404e-05	0.00016771014	0.00055729784	0.00023383576	8.2062645e-05	0.00035425834	0.020102277	0.00027663884	5.1893196e-05	8.14626e-05	0.0008318769	0.00030838157	8.947604e-05	4.985055e-05	0.000120082426	0.00020579026	0.000104942505	0.00020240812	0.00757508	0.0027924876	0.00757508	0.0004116891	0.00037495713	0.0007072971	0.90998495	0.8423789	0.8423789	0.0230897	0.0031722847	0.017846266	0.026127493	0.0017195696	0.030566972	0.0010947208	0.00048920035	0.0010947208	0.001703195	0.0019110679	0.00053800223	0.0019110679	0.00028579382	0.0016730686	0.0027439974	0.00036867874	0.00036863532	0.0003534209	0.0015582957	0.00051262765	0.0008215095	0.00059108017	0.00019326569	0.00027351038	0.000371548	0.0001584749	0.00024870128	0.00012564169	0.0005887157	0.00040738474	0.0003736736	0.00016000877	0.0018944102	0.0008252913	0.000632683	0.00019492909	0.00062481826	0.001146776	0.00073407806	0.00016314238	0.0024350341	-22.75078773498535
s06e24d	695.0	5.0	0.016833404	0.016833404	0.00022450562	0.00023535923	0.00031894835	9.379722e-05	0.00011789064	0.0002585462	0.012408823	0.00028556774	6.008339e-05	0.000292632	0.0013037266	0.00048451527	0.0002256204	0.00016329676	0.00034055885	0.00026683407	0.00018891324	0.00021365314	0.002580779	0.002580779	0.001260248	0.0008267058	0.0005737727	0.0008267058	0.84402853	0.49238744	0.49238744	0.08800481	0.06962296	0.08845363	0.044518627	0.0030566962	0.023527632	0.0011286244	0.00072913565	0.0011286244	0.0009651838	0.0011608282	0.00062766345	0.0011608282	0.0006804457	0.0027635347	0.0041230284	0.00038034603	0.00053287245	0.00065455376	0.0036530055	0.0015011171	0.0014894436	0.0013488072	0.00015979653	0.00056549825	0.0008137651	0.00034568284	0.0002808138	0.00036268047	0.00066940405	0.000635369	0.0010139834	0.0006323704	0.002281523	0.001262315	0.0009736082	0.0005949153	0.0012376704	0.0017260646	0.0014714985	0.00020358805	0.007518006	-24.53920555114746
s06e24d	700.0	5.0	0.017852718	0.017852718	0.00010373761	0.00015789781	0.00029051848	0.00023518404	7.900119e-05	0.00017418405	0.011868753	0.00023168509	4.6648143e-05	0.00014528901	0.00045953604	0.00026925778	7.325547e-05	7.146834e-05	0.00017316858	0.00010932349	0.00022759063	0.0002507441	0.021692071	0.0058565564	0.021692071	0.0002139108	0.00030003054	0.00048421216	0.8617559	0.94476223	0.94476223	0.039722368	0.023160951	0.037842263	0.020803481	0.0077193156	0.01009222	0.00073209964	0.00032650176	0.00073209964	0.0010800178	0.00083385414	0.00050030224	0.0010800178	0.0004190085	0.0013179673	0.002138431	0.00020640573	0.0007322001	0.0003963866	0.0017172889	0.00054197543	0.0007553322	0.00071753934	0.00014475179	0.00019631963	0.00062953687	0.00028356444	0.00047772386	0.0001204942	0.0015784687	0.00046573175	0.0006600532	0.00023686753	0.0018941712	0.0011497325	0.00093690655	0.00026022093	0.0005378554	0.0011644091	0.001116697	0.00029453676	0.0024127718	-21.811037063598636
s06e24d	705.0	5.0	0.029829195	0.029829195	0.0009648776	0.0005450753	0.00014985683	0.0002754863	0.00028402195	0.00017146426	0.15680178	0.00053444016	0.00023177148	0.0002982546	0.0009325462	0.00023288815	0.0005968588	9.472204e-05	0.0004828233	0.00052751816	0.00024267852	0.000579022	0.0012558026	0.0010447343	0.0005401107	0.00094198796	0.0006614197	0.00094198796	0.832596	0.03918366	0.011625754	0.005779301	0.001876589	0.0037748774	0.012466467	0.02402922	0.16316408	0.0006456551	0.0006456551	0.0005420235	0.000491285	0.00066414906	0.00024938298	0.00066414906	0.00045111365	0.0011231472	0.0038720567	0.00019016929	0.00025240635	0.00037643095	0.002099623	0.00036403886	0.00054021523	0.000923119	0.0006807661	0.00048489694	0.00032942079	0.0010934195	8.742343e-05	0.00017762196	0.0006255315	0.00051739183	0.0018782432	0.00023564596	0.0010624122	0.00043792074	0.0011396355	0.00033004195	0.00088498025	0.0019462354	0.004311989	0.00038341002	0.028557375	-20.68120002746582
s06e24d	710.0	5.0	0.011128671	0.011128671	0.0001079437	0.00023705234	9.7352866e-05	0.00014398365	0.00010735939	7.846408e-05	0.19620799	0.00021734765	3.1366417e-05	0.00025506917	0.0010409782	0.000115773415	0.00021978734	0.00015843788	0.00014777208	0.0003383079	0.00016863765	0.00012987966	0.0015971976	0.0011546726	0.0015971976	0.0005724557	0.00028747748	0.00082332524	0.81162745	0.523099	0.523099	0.020817695	0.024149468	0.021408083	0.07396436	0.008754289	0.04635118	0.0004344505	0.00029922955	0.00036585776	0.0005679988	0.00064056145	0.0001886391	0.00064056145	0.0001866307	0.00076602557	0.0009172055	8.4288185e-05	0.00019919548	0.0001896626	0.00088177755	0.0005340297	0.0003376429	0.00080407906	0.0005101621	0.00033177642	0.0008251081	0.00030234695	0.00010571266	0.00012534074	0.00051614904	0.00022469406	0.00025930803	0.00035329122	0.0008964455	0.0005642532	0.000889234	0.00035714117	0.00059655076	0.0008747618	0.0010040413	0.0002546738	0.0039757895	-22.954635620117188
s06e24d	715.0	5.0	0.010259767	0.010259767	0.00023222537	0.00032339455	0.00011361997	0.00012823139	8.318157e-05	8.196104e-05	0.012747324	0.00020096968	5.3094922e-05	0.0001857627	0.0010271809	0.00036884745	8.9847796e-05	7.5807686e-05	0.00013000827	0.00062686147	0.0003237246	0.00020779608	0.0021306146	0.0021306146	0.0016869273	0.0009101675	0.0007911413	0.0016864014	0.8232037	0.2587496	0.2587496	0.09695194	0.03727781	0.08281174	0.07320805	0.00286104	0.051196344	0.0015096068	0.00095355714	0.0014187855	0.0023929055	0.0026943474	0.0006182021	0.0026943474	0.00059863855	0.0033279934	0.01266603	0.0005921179	0.001265422	0.00029943214	0.0047935224	0.0011945218	0.0040553203	0.00096147525	0.0004172911	0.00037603462	0.0008329731	0.00032898423	0.0010129822	0.00045509246	0.0010946504	0.00027279733	0.0011253576	0.00040160603	0.0017086619	0.0036446517	0.0014251574	0.00059195346	0.00091427733	0.002519185	0.0015654729	0.00053842703	0.0036446517	-22.765941619873047
s06e24d	720.0	5.0	0.0077485605	0.0077485605	0.0009181131	0.00047535583	9.841516e-05	0.001238483	0.000104110026	0.053240523	0.009326939	0.00033898652	0.0014834038	9.9334815e-05	0.009119219	0.0004102282	0.00026809046	0.0001240051	0.0002730341	0.00015776085	0.00034249405	0.00039402628	0.0022723684	0.0016732329	0.0022723684	0.0012515528	0.00037274018	0.0018909476	0.5913252	0.22509292	0.054931514	0.026533535	0.001365584	0.024184115	0.011712809	0.0027277053	0.0069493707	0.0014237358	0.00088460714	0.00046248935	0.0002942673	0.0010383663	0.00034174547	0.0010383663	0.00029495094	0.0030524607	0.02602543	0.00039541232	0.0022754993	0.0005733499	0.0024841405	0.000368972	0.00579943	0.0015175556	0.0011334189	0.00032318867	0.0018082011	0.0070496984	0.0021896064	0.0004636702	0.000104014674	0.013074611	0.0002739201	0.00089661294	0.0011384045	0.003054439	0.00073658256	0.00081527786	0.0010128745	0.0012872608	0.0024747436	0.09656828	0.028697917	-37.59174728393555
s06e24d	725.0	5.0	0.06330213	0.06330213	0.0014178345	0.004460219	0.000843725	0.00055626006	0.0012057051	0.0026003974	0.01047129	0.0027358995	0.0063803536	4.5577282e-05	0.0034250305	0.0016875981	0.0028750927	0.0003884529	0.0060520065	0.00034968587	0.0011594351	0.0036983644	0.004923085	0.0019644042	0.0026194195	0.0031538308	0.0009381742	0.0039249333	0.17126955	0.031621266	0.0112818545	0.0019657968	0.00082288217	0.002664836	0.0052901288	0.0011403543	0.0012504227	0.0059050643	0.0043103513	0.0052909744	0.0007630876	0.00077132526	0.0036621355	0.0010870503	0.0006901158	0.0076939682	0.020707596	0.0001866524	0.00041312503	0.0016220162	0.0018816834	0.00070168404	0.0031082372	0.002775176	0.0063690846	0.0023541264	0.00524668	0.000767499	0.0015932742	0.00036701336	3.4963552e-05	0.0016188294	0.0014984787	0.0016797914	0.0047709118	0.0039911936	0.0026593504	0.0031461348	0.002265406	0.0030836437	0.0035849428	0.5564652	0.015939865	-inf
