episode_id	onset	duration	talking	speech	man_speaking	woman_speaking	baby	shout	laughter	cry	singing	kids	groan	whistling	breathing	walking	mouth_sounds	fart	hands	heartbeat	cheering	crowd	mammal	dog_bark	cat	rooster	duck	bird	music	musical_instrument	guitar	piano	organ	electronic_instrument	percussion	bell	ambient_music	weather	wind	rain	river	wave	thunder	river_sea	fire	boat	car	traffic	car_honk	emergency_vehicle	train	cycling	engine	door	doorbell	knock	dishes	radio_tv	dryer_vacuum	zipper	keys	alarm	telephone	whistle	mechanisms	tools	boom	bang	glass	water	beep	silence	sudden_noise	db
s06e02b	0.0	5.0	0.74953663	0.74953663	0.012561731	0.04010807	0.0006802438	0.00443582	0.0038410549	0.0021768713	0.0043327156	0.0048712576	0.0006847238	0.00019554285	0.002282499	0.0020324064	0.0006634918	0.00028160203	0.0014876561	0.000509057	0.00022464844	0.0036297387	0.00611025	0.00611025	0.0011775324	0.0044576093	0.002379441	0.0044576093	0.062085416	0.006242206	0.0025208055	0.0007668644	0.0009404532	0.0008157402	0.0036487454	0.00086511835	0.0005985384	0.00378871	0.003043467	0.0027092963	0.0021603217	0.0017254864	0.0006417928	0.0021603217	0.0017075983	0.005177089	0.0063196328	0.0002659852	0.00031866145	0.0008415089	0.0009752166	0.00088264875	0.0015372678	0.0014761314	0.0011228096	0.002743421	0.0020663599	0.021196982	0.0022588067	0.016733112	0.0004707201	0.0008585602	0.0012642617	0.0003383303	0.0061364374	0.002092447	0.00023213727	0.0011612959	0.0013882946	0.005308014	0.0020019056	0.00040570932	0.015814984	-19.864362716674805
s06e02b	5.0	5.0	0.7548758	0.7548758	0.15013286	0.026750255	0.00017455514	0.0075246166	0.16380556	0.001303423	0.0012034482	0.002222285	0.00057539216	0.0005893551	0.0027009707	0.0031723904	0.0018220363	0.0006410054	0.002304193	0.00044258597	0.056040227	0.027123325	0.0034507546	0.0021604502	0.0034507546	0.008796603	0.0017726328	0.008796603	0.020305045	0.002526941	0.00084472325	0.0004997563	0.00019483599	0.00039967347	0.0017686302	0.00019170513	0.0002743924	0.0018549337	0.000777891	0.0018549337	0.001986335	0.0018104834	0.0005469486	0.0026489543	0.0013802988	0.0015437007	0.009757671	0.004415558	0.0013784465	0.002010037	0.009222188	0.00060377124	0.0018588381	0.0106527265	0.00033470205	0.004044795	0.0018752812	0.0037493922	0.004410909	0.0014114481	0.0005739721	0.0017571511	0.00088672276	0.0006543149	0.003516773	0.001394537	0.00072078855	0.0015108444	0.0012553988	0.0038040099	0.0033896787	0.0001789121	0.011183324	-18.408111572265625
s06e02b	10.0	5.0	0.88928616	0.88928616	0.05236138	0.10791556	0.00055764563	0.003002648	0.14018166	0.0036947168	0.00086772995	0.017005393	0.00018786278	0.00057670986	0.0014484338	0.0016135221	0.0040286016	0.0010246817	0.0009948432	0.00037096685	0.0015690664	0.08452681	0.0057277284	0.0038723052	0.0049330676	0.0013946035	0.0007811781	0.0019273034	0.04882599	0.0027839998	0.0009372414	0.0005286799	0.00031282095	0.00067221443	0.0011591767	0.0003548774	0.00038051885	0.0017205667	0.0012020287	0.0017205667	0.0069663017	0.0031674844	0.0003742208	0.0069663017	0.0009926212	0.00604991	0.014560155	0.0019324237	0.0013913255	0.0020866592	0.0031985175	0.0018353027	0.0024392423	0.0027720092	0.001040958	0.0014196727	0.00048122657	0.0039489088	0.0010827952	0.0075953063	0.0002354656	0.0019293984	0.0009842832	0.00058879034	0.0014390245	0.00066126464	0.00062582217	0.0017334982	0.0022470143	0.0037119298	0.003358643	0.00018010389	0.003358643	-19.58383178710937
s06e02b	15.0	5.0	0.8983046	0.8983046	0.2556317	0.055617973	0.00057287904	0.0054373047	0.14173135	0.0069972747	0.0025737786	0.0063766004	0.0002546903	0.0006917498	0.0012929067	0.0015682441	0.0014403756	0.00057109684	0.0019417856	0.00041956888	0.005570115	0.034406833	0.0024810068	0.0024810068	0.002316306	0.0023420313	0.0009448463	0.0023420313	0.03321852	0.0038678218	0.0018840356	0.00064237963	0.0003717182	0.0006063545	0.0014122449	0.00033642765	0.0008709315	0.0011971502	0.0005177549	0.00101771	0.0044774935	0.001383958	0.00031352794	0.0044774935	0.0005800301	0.0032588341	0.008367378	0.0014923732	0.00065004226	0.00087119587	0.0024779001	0.0009967752	0.0012970904	0.0026983363	0.00040222367	0.0007007381	0.0011046812	0.007442537	0.00082717143	0.00041543355	0.0002677418	0.0011859868	0.004158619	0.00035959177	0.00091200176	0.00043734588	0.00071991875	0.0011568691	0.00040993036	0.0046821046	0.0018042584	0.0001775285	0.0021706128	-19.689777374267575
s06e02b	20.0	5.0	0.8875237	0.8875237	0.008928945	0.027091226	0.00024531217	0.0030918664	0.14700547	0.0030499846	0.0014332079	0.004973033	0.000768092	0.0002545473	0.0016268007	0.0025725693	0.003174452	0.0015165183	0.0008543574	0.0012725554	0.0039196275	0.1467101	0.009259484	0.009259484	0.000793091	0.0014150888	0.0013309688	0.0014150888	0.08924913	0.006213376	0.0018471077	0.0007269792	0.00025722658	0.00067091745	0.0037114047	0.0006291215	0.00043187	0.0014634317	0.0013507438	0.0014634317	0.009046908	0.0046113203	0.000511906	0.009046908	0.0010361939	0.008443215	0.017169602	0.0023857416	0.0011275928	0.0017570314	0.0056877974	0.0015638616	0.0019816933	0.0067837536	0.0010681836	0.0006850838	0.00035109167	0.0043037995	0.00068981067	0.0031121592	0.0003954127	0.0012342264	0.0003229281	0.00016946261	0.000897492	0.00095322385	0.0010732992	0.0023814328	0.0021851698	0.007500948	0.0017432044	0.00020207837	0.015380586	-18.812475204467773
s06e02b	25.0	5.0	0.80390584	0.80390584	0.051912863	0.07117394	0.00034829465	0.003364004	0.0046654237	0.00070451136	0.0023680776	0.003918254	0.00059054664	0.0002086878	0.0038093643	0.016484464	0.0012819421	0.0001847111	0.0011758383	0.00065655017	0.0007310368	0.018930191	0.0108589735	0.005997174	0.0010692073	0.0035006513	0.0019419787	0.0035006513	0.04322166	0.0070231226	0.002547869	0.0005775124	0.00062207313	0.000728081	0.0026990254	0.00045740904	0.00030261604	0.0035613428	0.0035386307	0.0035613428	0.0023796083	0.002542939	0.0012342599	0.002542939	0.0014551751	0.014048851	0.0061914995	0.0006538367	0.00036954874	0.00084015564	0.002254553	0.0015792414	0.0016635568	0.004000626	0.00025756596	0.005904891	0.0010242229	0.0033127388	0.0004005408	0.0068151704	0.00038373529	0.0006847692	0.0010973869	0.00029253354	0.010223472	0.001151631	0.0009031232	0.0015200763	0.0016183633	0.013406012	0.0021197118	0.00016889641	0.023624018	-19.038305282592773
s06e02b	30.0	5.0	0.8516428	0.8516428	0.009478154	0.42098594	0.00094576774	0.0022211908	0.002957751	0.005572802	0.0032821733	0.03331461	0.00039469716	0.00039462114	0.0006693715	0.004721147	0.001541135	0.00013951524	0.0012673567	0.0010785084	0.00027163592	0.0021791395	0.005849847	0.0047570714	0.001421866	0.0027540657	0.002198438	0.0027540657	0.14068685	0.004724574	0.0012656527	0.0011807936	0.0013704076	0.0013174809	0.0021390957	0.001328734	0.0017262874	0.002153994	0.0010172839	0.0020345526	0.0022128695	0.0010986604	0.00073960394	0.0022128695	0.0010891634	0.004537673	0.00748471	0.00021717594	0.00038663522	0.0017421709	0.0018297344	0.001328734	0.00159385	0.0008510391	0.0018370819	0.0012991725	0.0012758158	0.01189743	0.0014427684	0.037596658	0.00014187014	0.003584575	0.0030159154	0.00024688448	0.0027683459	0.0006427269	0.0004449995	0.00037081674	0.0007171496	0.006462149	0.0018221915	0.00038112802	0.005613043	-20.30181884765625
s06e02b	35.0	5.0	0.7652442	0.7652442	0.016046936	0.2020371	0.0013124313	0.004449611	0.03179226	0.008993815	0.0032471209	0.012137013	0.0017501435	0.0003293894	0.028427973	0.0052644317	0.0046849563	0.0009981965	0.010040774	0.0011234714	0.042594247	0.0040111695	0.010005632	0.0026229273	0.0008370963	0.0029109297	0.0016403539	0.0029109297	0.05196667	0.004766327	0.0010846633	0.0011951854	0.0002010958	0.0007214834	0.0040359152	0.00056054885	0.00043295865	0.07447617	0.00790132	0.07447617	0.013627834	0.013412232	0.016244609	0.013627834	0.0022228188	0.010155891	0.014146394	0.0011219558	0.0012610568	0.00078094145	0.01783587	0.0029997118	0.003644011	0.004647313	0.0012395486	0.0042779204	0.00090616423	0.0046787257	0.031575024	0.015893007	0.0001748865	0.0028267442	0.0010231823	0.0011773844	0.0024406048	0.00084541534	0.0030561297	0.0015669799	0.001988955	0.014960916	0.0017804345	0.00021565477	0.007231278	-20.43878555297852
s06e02b	40.0	5.0	0.72925645	0.72925645	0.0070394925	0.05646808	0.0004551334	0.004478348	0.02300196	0.0009742322	0.0022734315	0.0022870502	0.00047032067	0.0003023213	0.0017383057	0.011414345	0.001366313	0.0001781216	0.0018031175	0.0009908006	0.0068155737	0.004828154	0.011818159	0.0036627809	0.0017315157	0.0025784478	0.00093166216	0.0025784478	0.0996791	0.009444213	0.001776498	0.00078912685	0.00038532712	0.0006450176	0.0074987398	0.00017936541	0.00080776296	0.0023877248	0.0012044838	0.0016892256	0.0026538973	0.0012936797	0.0002007906	0.0026538973	0.0022644342	0.0038642443	0.0029344996	0.00045760613	0.000509576	0.0012060899	0.0014495944	0.0016441629	0.00071989064	0.01141362	0.00055097754	0.008078268	0.003341598	0.0058705905	0.002231923	0.004149474	0.00032125457	0.0014942894	0.00056590507	0.0003070081	0.0018815347	0.00090621854	0.0006889835	0.0020308981	0.00044751886	0.035281215	0.0084916325	4.91717e-05	0.052410178	-19.610279083251957
s06e02b	45.0	5.0	0.82236475	0.82236475	0.013345689	0.09508475	0.00086015166	0.0015976584	0.012539517	0.0016327346	0.0026987188	0.0026707544	0.001195339	0.00033947616	0.005685551	0.003097121	0.0017843327	0.00022977844	0.0012704821	0.0007140358	0.00025808933	0.0016129185	0.005443466	0.005443466	0.0012498386	0.0032913256	0.0037959302	0.0037959302	0.064760044	0.005904874	0.002092009	0.0007855506	0.0008636629	0.0007480736	0.0027924876	0.00044857062	0.0005836444	0.0017079405	0.00060672045	0.0011419866	0.0010822626	0.00048249154	0.00030850215	0.0010822626	0.00070696056	0.002643128	0.002023346	0.000116368334	0.00019914193	0.0006160793	0.0010729434	0.00050164125	0.0007688705	0.0027542869	0.0020140873	0.003278221	0.0027029123	0.016254334	0.0009846658	0.04983921	0.0005749588	0.0017640708	0.012055602	0.00017257518	0.011414146	0.001024021	0.0003545876	0.0011660096	0.00080695667	0.005151692	0.0025689162	0.00014489236	0.049551796	-19.468061447143555
s06e02b	50.0	5.0	0.726817	0.726817	0.0343368	0.046651848	0.00027789528	0.002340757	0.06334928	0.0038601316	0.0033330016	0.0019469489	0.0017656871	0.0005124899	0.0038107634	0.003810575	0.0033023877	0.0012950796	0.0018364106	0.0012759762	0.006068295	0.017194306	0.0062726038	0.005571185	0.0012313055	0.0018368617	0.0011111605	0.0031516429	0.041238397	0.0064998064	0.0031477383	0.0007965941	0.00046174668	0.00084144354	0.007530719	0.00034106345	0.00041054512	0.003883034	0.003883034	0.0023847315	0.0055006095	0.009172747	0.0009171334	0.009172747	0.0010748913	0.0135029	0.028914953	0.00374837	0.0017542286	0.001700214	0.010807402	0.0015380505	0.0027123478	0.008077595	0.00069086003	0.0018040884	0.00076500175	0.008520797	0.0021502534	0.015502061	0.00068016496	0.0016266273	0.0015248604	0.0005199388	0.0040708724	0.002401435	0.002469552	0.0057717497	0.0025333406	0.008443235	0.0037870365	0.00030625216	0.015414606	-18.244041442871094
s06e02b	55.0	5.0	0.83776474	0.83776474	0.043661494	0.116952784	0.00068125746	0.003456142	0.28068954	0.0051007234	0.0055054375	0.0054274094	0.00014660941	0.00034126625	0.0015613664	0.0011922041	0.0024939694	0.0032750724	0.0022044731	0.004798764	0.008647918	0.15557897	0.0022478912	0.0015672835	0.0014302213	0.00083235657	0.0002802906	0.00083235657	0.038100187	0.004583118	0.0018618308	0.0005388139	0.00024552862	0.00046154181	0.0023682478	0.00073085673	0.00053528365	0.00079938135	0.00079938135	0.00062009273	0.0029177663	0.001679119	0.00018941809	0.0029177663	0.0003706543	0.0029706922	0.00644619	0.0009164909	0.00051553414	0.000524166	0.004174056	0.0009100508	0.0020182482	0.008390088	0.0005040644	0.0007124959	0.00070013735	0.004844764	0.0006342648	0.0015021675	0.00034248567	0.0010719677	0.00035899354	0.00018516694	0.0010254034	0.00041140293	0.0006911343	0.002447896	0.001388832	0.0032592337	0.0031495823	0.00016871531	0.015186281	-19.761404037475582
s06e02b	60.0	5.0	0.7993573	0.7993573	0.0055400855	0.0037093563	0.00017336104	0.0019833378	0.053850982	0.00013753078	0.0101091275	0.0007200419	0.00037406545	0.0009172667	0.001189647	0.0026950778	0.0004902448	0.00031764928	0.002104386	0.0014116424	0.0041381437	0.0018473268	0.054442752	0.005212495	0.0009200866	0.029034298	0.0007916259	0.029034298	0.7562788	0.06812469	0.02919787	0.0024293938	0.0003930803	0.008608171	0.047993105	0.00036050737	0.006696447	0.00032374746	0.0003218094	0.00031227863	0.00056263537	0.00038949415	0.00016175743	0.00056263537	0.0004963077	0.0018918026	0.005474171	0.0002922899	0.00032428154	0.0004888116	0.0033123642	0.00086821755	0.0018813155	0.004713996	0.00022932865	0.0015555256	0.00070460304	0.0020234566	0.00043571924	0.0006473776	0.00019453822	0.0007195498	0.0008163654	0.00029989154	0.0012216567	0.0010062971	0.00042091994	0.002989804	0.0005060604	0.0024956379	0.0044142	0.00011369193	0.0044142	-17.76534080505371
s06e02b	65.0	5.0	0.7340419	0.7340419	0.0049009994	0.0064812102	0.0007927657	0.003362762	0.0023324636	0.00088116986	0.009339372	0.003985091	0.0004610175	0.00036727707	0.0049741375	0.00097370753	0.00021662706	9.989039e-05	0.00032916525	0.00069792435	0.000312359	0.0007030901	0.0027675745	0.0016391409	0.0027675745	0.007313813	0.0043227975	0.007313813	0.8257114	0.17037249	0.12569013	0.0011461033	0.00012292799	0.0026096783	0.11480306	0.00079942215	0.021469565	0.00040249404	0.00028298917	0.00040249404	0.0006855658	0.0006232713	0.0002814273	0.0006855658	0.00025739658	0.0016738606	0.0015612727	0.000116762356	0.00025230288	0.00029431863	0.0008233323	0.0006843536	0.0006009332	0.0018869109	0.0015104596	0.0008951635	0.0019765669	0.005971878	0.0014754693	0.0016351335	0.00052527635	0.0005507691	0.0013475239	0.00052062224	0.0010451374	0.0057761646	0.0015071064	0.0048807394	0.0010799309	0.0039383993	0.0017470205	0.0005220367	0.014552227	-19.111310958862305
s06e02b	70.0	5.0	0.8122961	0.8122961	0.013932567	0.21627152	0.00038702	0.0011413064	0.0025113642	0.00080989714	0.0028204152	0.009552445	0.00055029837	0.00045118286	0.003813367	0.0031905535	0.00093880313	0.00024603293	0.0014012348	0.0012569329	0.0007543863	0.00096653285	0.007465253	0.007465253	0.00090956106	0.0033052673	0.002569086	0.0033052673	0.050324854	0.0060531967	0.0016696904	0.001111052	0.00055889826	0.00090966723	0.0025038181	0.00096629205	0.00038809885	0.0035485916	0.000940877	0.0035485916	0.0009044274	0.00056983484	0.0012653219	0.0009044274	0.0009603639	0.0022227808	0.005909934	0.00022646828	0.00025536236	0.0007983419	0.0015353449	0.000982211	0.0013291928	0.0027604366	0.0005595685	0.0041464996	0.0010855653	0.0038333177	0.0008119534	0.009367888	0.00023862133	0.0009838416	0.0029110073	0.00019681761	0.0032208567	0.0005656217	0.0003032537	0.0014057552	0.0006256394	0.012044834	0.0024621706	0.00020317381	0.009072395	-20.77875518798828
s06e02b	75.0	5.0	0.8672685	0.8672685	0.026625084	0.11567997	0.0007872765	0.0031999182	0.0040732627	0.00151151	0.002194068	0.03106138	0.0015805396	0.0003346507	0.003065133	0.0037014666	0.00076635485	0.0012009552	0.0012225233	0.00043489534	0.00041113535	0.0030415286	0.010393472	0.010393472	0.0012005743	0.008653291	0.0029743537	0.008653291	0.09291713	0.004068669	0.000906831	0.00077052444	0.00032722036	0.00092871836	0.0015925053	0.0010334295	0.00052518694	0.0070904605	0.00096958334	0.0070904605	0.0009789831	0.0006783262	0.0012816113	0.0009789831	0.0013743816	0.0016504003	0.00472681	0.0005934259	0.00026381318	0.0013497473	0.0037121943	0.001610273	0.0013432839	0.0067172153	0.0017251068	0.0026155927	0.0005204451	0.0032707478	0.00067128515	0.0047911117	0.00039686455	0.0015608334	0.003190969	0.00028104734	0.0040472355	0.0010625371	0.00025648015	0.0006739358	0.0012851806	0.0043077674	0.0027682697	0.0004514606	0.006814631	-21.02779006958008
s06e02b	80.0	5.0	0.84134245	0.84134245	0.01599711	0.01680126	0.00012701747	0.0045708693	0.19871703	0.001557264	0.0029887082	0.0013709252	0.00455132	0.00010199605	0.003936357	0.0043620737	0.0049232766	0.0023488777	0.0011165491	0.0014376265	0.00216838	0.043564286	0.041280564	0.0041149696	0.002454983	0.0007582924	0.00041702547	0.0007582924	0.06571138	0.0039055415	0.0024154624	0.0007706317	0.00039857122	0.00077657046	0.0016400651	0.00013125651	0.0003455848	0.0012544296	0.00078958867	0.0012544296	0.002185616	0.00081890763	0.00047757517	0.002185616	0.0004708471	0.0038630536	0.00663297	0.00053091574	0.00057316414	0.00014565229	0.0031762545	0.0011699002	0.0031271756	0.015611615	0.00033836436	0.006883924	0.0005803265	0.0020250704	0.000975898	0.0016024421	0.0009638595	0.0009407368	0.00040557474	0.0004369225	0.0045587663	0.0010234778	0.00085817336	0.006059047	0.0016648838	0.001958267	0.0043950044	0.0002504273	0.015058116	-19.886154174804688
s06e02b	85.0	5.0	0.8001093	0.8001093	0.045632455	0.0051318635	0.00024557544	0.0035434396	0.20528382	0.00053716986	0.0043892283	0.00058282004	0.00046717972	0.00015895707	0.00045507032	0.004464108	0.0016413977	0.0007181351	0.0020706179	0.0018136615	0.028508112	0.03323265	0.0040852013	0.0016560055	0.0040852013	0.0032906216	0.0011143251	0.0032906216	0.03836913	0.0077935415	0.0027682774	0.00058920006	0.00018385152	0.0006010111	0.0042144232	0.0002585001	0.00029039555	0.0054006875	0.0037679616	0.0054006875	0.008052655	0.0068577123	0.0027803206	0.009645739	0.0011063521	0.009082613	0.0128044225	0.0032241724	0.0010015883	0.00035563877	0.02671618	0.0008523157	0.009059861	0.027611898	0.00012817858	0.0009180497	0.0016849064	0.0021763325	0.00083861843	0.0003402671	0.0005378664	0.00073755824	9.696809e-05	0.0013243133	0.0010624323	0.0014422265	0.0034710765	0.0041606333	0.0013829876	0.010541483	0.006366614	0.00025286208	0.0737714	-20.11107635498047
s06e02b	90.0	5.0	0.72859454	0.72859454	0.0030674227	0.0064042583	0.001007024	0.0001636066	0.0018262332	0.00071096467	0.0014084841	0.008010292	0.00036037507	6.9345115e-05	0.006611132	0.019271363	0.0008126833	0.00042256006	0.0007175745	0.00030360086	0.00040114802	0.00053345656	0.011217629	0.0032711334	0.011217629	0.0009825059	0.00040453934	0.0009825059	0.03791964	0.0053600357	0.0010244367	0.0003643538	0.0005651111	0.00027318852	0.004427392	0.0002475794	0.00018908984	0.0038053184	0.0016633866	0.0038053184	0.0018553733	0.00067524734	0.0014106742	0.0018553733	0.011524819	0.0066798097	0.004228641	8.507957e-05	0.00015219099	0.00013493768	0.011865486	0.0038501532	0.0024459497	0.057022635	0.00068866974	0.011825858	0.010075484	0.0017360176	0.00083172705	0.004015748	0.0010494576	0.00030873163	0.0018038307	0.00080566853	0.11396687	0.0054125236	0.007483563	0.010547443	0.0023570422	0.0107140355	0.00059390994	0.00012003022	0.11396687	-23.022735595703125
s06e02b	95.0	5.0	0.804773	0.804773	0.0065788864	0.01999795	0.0008645361	0.0022046242	0.15648966	0.0021699106	0.0013031735	0.0132733695	0.000999228	0.00037389738	0.022568008	0.005463742	0.005323487	0.0014984851	0.0019402207	0.00034473388	0.002408104	0.0061885254	0.005861989	0.0053181266	0.0011661919	0.008401168	0.0005734089	0.008401168	0.022592401	0.0016377814	0.0007157448	0.0004942997	0.00021911484	0.0002809975	0.0017401776	0.0001549868	0.0002510235	0.00037758696	0.00014473301	0.0002477357	0.0003516623	8.355984e-05	2.8751418e-05	0.0003516623	0.0022916629	0.0003375093	0.00065295555	4.7997986e-05	0.00010917202	0.0001583678	0.00067690836	0.0004868486	0.00032072453	0.058347702	0.00059125706	0.068800285	0.0015806961	0.0007436904	0.0020022152	0.0026527075	0.00043870936	0.00039961826	0.0005445209	0.0004146915	0.0016996461	0.0005884795	0.0002091665	0.00976062	0.00034112783	0.002057397	0.0073131453	0.00013502418	0.026337713	-19.72348403930664
s06e02b	100.0	5.0	0.7954487	0.7954487	0.0153761525	0.035019513	0.00021330672	0.0012648772	0.08650375	0.018428247	0.002384287	0.0035031107	0.0013570258	0.00044140793	0.012106041	0.005523965	0.00079593505	0.0012741903	0.0018085049	0.00069156225	0.006751458	0.0020424149	0.31041428	0.021197157	0.0010606525	0.011575432	0.0025841836	0.011575432	0.05961951	0.0063183545	0.0024489756	0.0020828657	0.00024259272	0.0010172554	0.0013688573	0.0003226093	0.00039367692	0.0051085595	0.001047929	0.0051085595	0.0011663252	0.0008265702	0.0010454825	0.0011663252	0.00096080825	0.001306088	0.0056002	0.0008363772	0.0010723885	0.00048162357	0.015552719	0.0025962242	0.0010480687	0.0053525954	0.0004197827	0.0014191401	0.00043239727	0.0014772887	0.00030982736	0.00038782426	0.001042532	0.0013006321	0.0006283581	0.0011381361	0.0010894197	0.00012596919	0.0007052994	0.0035815004	0.0029937779	0.0014719161	0.0005973029	0.00024284194	0.0064923987	-19.9434871673584
s06e02b	105.0	5.0	0.7636383	0.7636383	0.0633361	0.03224196	0.00036963	0.0038201422	0.13827634	0.000958621	0.0027951342	0.002564414	0.00046613347	0.0008009345	0.0028598348	0.0030096178	0.00430761	0.0010406912	0.006548583	0.00041717774	0.03126083	0.029341225	0.0038034208	0.0030654068	0.0024415513	0.0013951462	0.0011762113	0.0015191633	0.02028039	0.007459817	0.003531643	0.001073743	0.00020336706	0.0008013158	0.002798339	0.0006355379	0.0002593063	0.0052625393	0.0052625393	0.0014717354	0.0067378506	0.014133033	0.0004389428	0.017472224	0.0017082471	0.010982105	0.021196412	0.009311244	0.0010621328	0.0010343372	0.031098109	0.0023300704	0.002820336	0.0048175077	0.0009071464	0.0007971442	0.00073731714	0.0029183407	0.0019926766	0.008359494	0.00070035626	0.0015335316	0.000955589	0.000905149	0.0018983036	0.0017450267	0.0007960056	0.0031367228	0.0021805034	0.00980246	0.006258504	0.00083271513	0.012204505	-19.43834114074707
s06e02b	110.0	5.0	0.7918456	0.7918456	0.016173186	0.024116052	0.0006683067	0.0013825168	0.0091927	0.0025318277	0.0008681282	0.009149296	0.0014434245	0.00018054234	0.0055197915	0.03385801	0.0026793338	0.0013961351	0.0018230721	0.0004017839	0.0027053272	0.033068296	0.10937048	0.10937048	0.0027502272	0.0037706941	0.0021461004	0.0037706941	0.023929648	0.00319121	0.0010780365	0.00075425184	0.00028734293	0.0005529594	0.0022213843	0.00022370795	0.0001589507	0.010071329	0.0067406595	0.010071329	0.008853973	0.0045613893	0.0014987048	0.008853973	0.004663881	0.007591012	0.0032473833	0.0011858739	0.00038909187	0.00026821907	0.0028209477	0.0030719012	0.00073846336	0.020477075	0.00024168218	0.005978128	0.0013395203	0.0005390502	0.00030147738	0.017977908	0.0005531318	0.00094702205	0.00085072045	0.000342544	0.0014986213	0.002302278	0.0019508074	0.0048627793	0.0012783234	0.016170774	0.0070403856	0.00039354933	0.043772668	-22.75588798522949
s06e02b	115.0	5.0	0.84521306	0.84521306	0.022521375	0.047564298	0.00035219055	0.0022277834	0.16514559	0.0033265422	0.004816806	0.00165829	0.0002388503	0.00017193922	0.01824175	0.0021642519	0.010784222	0.000753055	0.0020878431	0.0003119281	0.0010143216	0.0059213894	0.0022803522	0.0016523704	0.0022803522	0.00064459513	0.0001487328	0.00064459513	0.045147974	0.009941261	0.002033009	0.0012680714	0.00032644634	0.00094651914	0.0028038851	8.721743e-05	0.00015629442	0.0009848844	0.00055869477	0.00083180197	0.0008467021	0.00052726	0.00022071449	0.0008467021	0.0008909361	0.0016187278	0.005507237	0.00032523673	0.00026972487	0.00049326353	0.00091126905	0.0005854002	0.0018087365	0.05838228	0.00021792954	0.02390588	0.009430043	0.0027877658	0.004240367	0.0012674761	0.00085350056	0.00051225716	0.00028967604	0.00034006394	0.0011711825	0.019970963	0.00069166603	0.0040420666	0.0023267993	0.00347219	0.019272286	0.0001852487	0.054151613	-19.58156394958496
s06e02b	120.0	5.0	0.84309685	0.84309685	0.011793432	0.07060552	0.00035573947	0.0017751447	0.2498415	0.0011907796	0.00096093357	0.012202878	0.00028831494	0.00037888216	0.0021165381	0.0013857781	0.0033990908	0.0014860936	0.0012261607	0.000741625	0.002970555	0.0530232	0.0051244656	0.003106515	0.00082979	0.0028174247	0.0007681345	0.0028174247	0.06790563	0.005429742	0.0021593126	0.0008252591	0.00028921105	0.0007547609	0.0024402416	0.00042572324	0.00059643853	0.0017081146	0.0007222641	0.0017081146	0.0027789434	0.0011678989	0.0005217161	0.0027789434	0.0006333234	0.0019945418	0.006483728	0.0007578416	0.00061060424	0.00084820244	0.0089833485	0.0007704096	0.0020922828	0.005590564	0.0008208569	0.0024881281	0.0004910502	0.0039088633	0.0017501693	0.004064231	0.0004241236	0.0008521387	0.0011747199	0.00022421063	0.0011898612	0.00063089246	0.0004487609	0.0012506793	0.0016785875	0.0018724147	0.001614504	0.0002617712	0.0024137397	-19.88047981262207
s06e02b	125.0	5.0	0.80186003	0.80186003	0.015529428	0.07655663	0.001291588	0.00058508944	0.0017206421	0.0017421086	0.0014842057	0.0064675487	0.00068940653	0.0009171304	0.007041426	0.0040640575	0.00070846087	0.0003509829	0.0049585053	0.0004999664	0.0002154361	0.0008539842	0.008115253	0.008115253	0.0051961346	0.007952871	0.009631205	0.009631205	0.012431048	0.0029546674	0.0018312451	0.00097261113	0.0006207098	0.00087679835	0.0014233277	0.00041799538	0.00018935995	0.010278906	0.0018939694	0.010278906	0.0013709891	0.0005273937	0.0019052948	0.0013709891	0.004020954	0.0022251839	0.005791885	0.00032892934	0.00031998206	0.00076555857	0.0029928873	0.0011720664	0.0016687956	0.0034805485	0.001258363	0.0020752253	0.0009166647	0.005110351	0.00177227	0.025550261	0.0002629426	0.0008418237	0.0036504413	0.00049806136	0.0029229035	0.0023500693	0.0004880218	0.0007055101	0.0013732002	0.018205687	0.00074827217	0.00085795793	0.021665452	-22.372432708740234
s06e02b	130.0	5.0	0.9066132	0.9066132	0.040895175	0.034630187	0.0009641837	0.0002415253	0.0004993413	0.0010995184	0.001015021	0.003691029	0.00040775852	0.000489129	0.0038210554	0.006154115	0.00675842	0.0002878255	0.0013160399	0.00019044075	0.00011693417	0.0009580298	0.015803892	0.015614416	0.0033260551	0.0025183656	0.0066850255	0.0066850255	0.020225558	0.0033890938	0.0010798682	0.00096716423	0.00041251825	0.00093391916	0.000911782	0.0011529701	0.0001439205	0.0088969255	0.0011573634	0.006644379	0.0021191088	0.0006235161	0.001027409	0.0021191088	0.003229355	0.0023981566	0.0043289238	0.00040200207	0.00022880884	0.0006537931	0.0010618834	0.0025715039	0.0007545229	0.0014744644	0.000609673	0.0014396878	0.0005545045	0.005509039	0.00023560305	0.026915558	0.0010787479	0.0008901928	0.0061211013	0.0002380271	0.00885689	0.0010557763	0.00031435015	0.00021397157	0.0012937518	0.019577675	0.00080486556	0.0005302461	0.00885689	-21.57759666442871
s06e02b	135.0	5.0	0.14331031	0.13790782	0.0034743652	0.006975766	0.01229643	0.001415039	0.14331031	0.008367474	0.0029098075	0.004966702	0.00030819405	0.00031676382	0.03674153	0.0006472264	0.0076538483	0.008899684	0.00045449435	0.00010145932	0.0003027926	0.0010805761	0.012120666	0.007526572	0.012120666	0.003534789	0.00077232294	0.003534789	0.009362942	0.0055972137	0.0013262926	0.0008053186	0.00019486793	0.0008685725	0.0017886772	0.00044857015	0.0005493658	0.0015709044	0.0015709044	0.00053136406	0.0007457002	0.0005914561	0.00023011825	0.0007457002	0.0016528598	0.0013345489	0.0072068567	0.00074624293	0.0012940377	0.0007067702	0.0029309178	0.0010218039	0.0014648421	0.00068435556	0.00021585492	0.0003349782	0.0002140575	0.00030723534	9.671202e-05	0.00039604554	0.00022996978	0.000586447	0.00085626607	0.00013895867	0.0020410798	0.00054930715	0.0004863036	0.0005884439	0.0010484363	0.0015275766	0.00028653647	0.0019070812	0.0020410798	-25.884204864501957
s06e02b	140.0	5.0	0.8231493	0.8231493	0.0131651955	0.18940556	0.0009342435	0.0012627569	0.0068829656	0.0033277802	0.011773559	0.003846276	0.00027968996	0.00095602515	0.004974508	0.0058332705	0.0012167112	8.246193e-05	0.00077175535	0.0014160271	0.00045996858	0.0028567975	0.0047968947	0.0016404844	0.0008049469	0.0022371153	0.0012138393	0.00593472	0.027464146	0.0056395363	0.0030194318	0.0009248199	0.00058756623	0.00074454176	0.0026180819	0.00043855762	0.0004209047	0.0052901716	0.0012800845	0.0052901716	0.0017509451	0.0004516674	0.0011397765	0.0017509451	0.0014456545	0.005154188	0.0034154477	0.000119444376	0.0001921784	0.0004352377	0.00092616334	0.0025321322	0.0011765138	0.0024351373	0.0024946658	0.002057028	0.0020968197	0.031069877	0.00064115325	0.010294085	0.00043224028	0.0007482122	0.0039185053	0.00021098844	0.0024628127	0.0011206848	0.0006402175	0.0003953492	0.00072262797	0.0075016334	0.0013920678	0.00018972048	0.012373058	-18.994171142578125
s06e02b	145.0	5.0	0.8546062	0.8546062	0.009023809	0.10400861	0.0025898311	0.0004238411	0.0014856396	0.00710562	0.002876304	0.028758485	0.0014531126	0.0017343797	0.01823214	0.0018314038	0.0035333114	0.0010180611	0.0010310919	0.00028649985	0.00025374405	0.0013481554	0.019471856	0.019471856	0.0035308746	0.007433402	0.003617041	0.011535684	0.049405314	0.012460481	0.0033316873	0.0015377159	0.0007798858	0.001417815	0.002151288	0.00085471483	0.0002679558	0.0029884924	0.0011080729	0.0029884924	0.0012778632	0.0006935555	0.00089720864	0.0012778632	0.0011568613	0.0029980293	0.0066322037	0.00037358454	0.00029391682	0.0005921699	0.0020918886	0.0009664362	0.0011956801	0.0011521522	0.0008828099	0.0013390878	0.0004011704	0.0062291925	0.00047817553	0.007383516	0.00021161843	0.00035725677	0.0025829535	0.0004006888	0.0027134907	0.0004230679	0.00037043143	0.00043588248	0.00053041166	0.0064888503	0.00078618305	0.00068274327	0.0027134907	-20.05854797363281
s06e02b	150.0	5.0	0.8812309	0.8812309	0.01632447	0.38731778	0.0012023969	0.00048885425	0.0025630933	0.005258357	0.0044054636	0.026308883	0.00054489996	0.00035862907	0.009894382	0.0019816586	0.00344484	0.00088725437	0.008621896	0.0013027658	0.0003835729	0.0007502185	0.0048540165	0.0048540165	0.001097574	0.0019376627	0.0014076728	0.0021344502	0.04281401	0.0046601146	0.0015021403	0.0008406931	0.00034937315	0.0007401797	0.0023550473	0.00045324274	0.00037492428	0.002614737	0.0010760322	0.0023083275	0.0008372575	0.0006589122	0.00075117784	0.0008372575	0.0008495912	0.0017783392	0.0037072827	0.00017456681	0.00013415022	0.0006660802	0.0013443244	0.00045324274	0.0010900757	0.0009372834	0.00030072842	0.0030013365	0.0005867783	0.004577274	0.0011293122	0.018885672	6.373249e-05	0.000617932	0.0011285815	8.4715335e-05	0.002560364	0.00045272434	0.0002753361	0.0003552787	0.00067476905	0.009802075	0.00081637007	0.0007614601	0.0035333217	-20.663986206054688
s06e02b	155.0	5.0	0.8625485	0.8625485	0.013566002	0.052300356	0.0020943685	0.0019636678	0.10326054	0.0030717142	0.0017829337	0.032711074	0.0007303763	0.0003741944	0.0057224766	0.0023026492	0.008821968	0.005062678	0.001960938	0.00018393656	0.00062902947	0.00321034	0.008657321	0.008657321	0.0039237514	0.0010305479	0.0006176614	0.0010305479	0.015875341	0.0025440787	0.0013210254	0.0010210659	0.0003042357	0.0008829828	0.00093700923	0.00016516747	0.00024975944	0.0008066573	0.00071569334	0.00072172715	0.0008284978	0.0007419338	0.00025921434	0.0008284978	0.0014497112	0.001084243	0.009263207	0.0007912955	0.0007094425	0.0006899356	0.014725107	0.00044263538	0.00502672	0.0055448296	0.0010230425	0.0016258764	0.00078042736	0.00860844	0.0026902426	0.017057152	0.0011274585	0.00072644046	0.0046000737	0.00032283174	0.0023558282	0.000714953	0.00029971576	0.002744573	0.0010939018	0.0028243444	0.0025068591	0.001170453	0.0031789278	-21.63065719604492
s06e02b	160.0	5.0	0.6760128	0.6760128	0.008713114	0.0025870614	0.0002273772	0.0010623812	0.011486537	0.00083805085	0.0032801772	0.0020856764	0.002188011	0.00035752816	0.008060909	0.0046547987	0.0021103765	0.001575593	0.0007651545	0.00033560037	0.00038568527	0.0024031445	0.03738445	0.0062359264	0.0036506096	0.0050265747	0.0008449474	0.0060141277	0.033203244	0.0059417677	0.0028012411	0.00070655067	0.00034956736	0.00063625304	0.002681817	0.00028904594	0.0002365579	0.03395555	0.03395555	0.00867362	0.016801473	0.057968233	0.007711073	0.057968233	0.0069541307	0.10683619	0.031031406	0.00088104303	0.0012626046	0.0016799641	0.0076851095	0.00939547	0.0060506472	0.005058623	0.00028164202	0.0013768681	0.0012330144	0.0019510002	0.00048507488	0.006061017	0.0008920693	0.0017138255	0.00022191326	0.0006545625	0.0025752431	0.00127346	0.008329608	0.002751207	0.0019410112	0.0355307	0.0010152318	0.0004690154	0.008329608	-27.634105682373047
s06e02b	165.0	5.0	0.9187823	0.9187823	0.04773507	0.05907485	0.00026547874	0.0016502842	0.2580244	0.0014361925	0.0017756112	0.0085678315	0.00028984703	0.000111865804	0.0042757858	0.006208652	0.0018784307	0.0028181267	0.0030115186	0.00044315253	0.0010373263	0.17418379	0.0033765514	0.0020336728	0.002157463	0.00041974013	0.00031423508	0.002155739	0.01644449	0.003004313	0.0014610799	0.0006072608	0.00018349303	0.00071085966	0.0007333862	0.00015012285	0.00012217913	0.0031935927	0.0015553613	0.0031935927	0.0034858116	0.0032758738	0.0006922454	0.0034858116	0.0009842414	0.0033935113	0.004281411	0.0009300094	0.00018880483	0.00039830423	0.0010863893	0.0013381934	0.0018572393	0.004049285	0.0003248605	0.0011074693	0.0003990377	0.0030431557	0.0001729056	0.007662702	0.00046862705	0.0006254549	0.00058090285	0.00010499735	0.0011730639	0.00025645594	0.00079284125	0.0053672274	0.0027658276	0.0065468894	0.0033837429	0.0006283263	0.0053672274	-24.63684463500977
s06e02b	170.0	5.0	0.71220785	0.71220785	0.0022467447	0.011329104	0.00051193475	0.00025786477	0.0018170816	0.001987831	0.002124497	0.004857192	0.0049541476	0.00013002464	0.016781595	0.032664273	0.001371138	0.0009430615	0.0009175582	0.00030669305	0.0001268675	0.0011850338	0.042208567	0.042208567	0.0029599539	0.0013069224	0.0020038215	0.0065962994	0.0511468	0.0029887666	0.000895474	0.0009290202	0.00030834836	0.0010511876	0.0012753839	0.00035164418	0.00028374157	0.004622284	0.0010349439	0.00040473396	0.00044758586	0.0007627782	0.00016618229	0.0007627782	0.0029372745	0.0034615411	0.004043059	0.00010957063	0.0001613043	0.00020965129	0.0016385433	0.0016717758	0.0013520437	0.0052697705	0.00046379463	0.0029298184	0.00062276743	0.00074111344	0.00056366995	0.80852383	0.00077601126	0.00035704635	0.00056107005	0.0002611027	0.0041919346	0.0017678788	0.00040272472	0.0017097864	0.00050025166	0.013966022	0.0016691921	0.00088438176	0.030183962	-22.50638198852539
s06e02b	175.0	5.0	0.83752966	0.83752966	0.031483166	0.03748151	0.00022534693	0.0043874825	0.30731785	0.0015079661	0.0027748619	0.0035398111	0.00052005134	0.00034366906	0.0006498119	0.0020685862	0.00243835	0.0024419494	0.0038436116	0.0019256163	0.011883686	0.042674873	0.003483906	0.003483906	0.00084928446	0.0043323864	0.0007241484	0.0043323864	0.045673385	0.006255774	0.002880088	0.0014758685	0.00040911738	0.0012326785	0.0033204043	0.00072282675	0.0004033243	0.006181315	0.0026908694	0.006181315	0.010942751	0.0066075786	0.003734817	0.010942751	0.0006463653	0.008368835	0.016660446	0.0021543559	0.0015104553	0.0008958789	0.009108717	0.0024156764	0.0039770817	0.008874118	0.0009996678	0.0032109013	0.0010721117	0.002034632	0.00082969747	0.0011521841	0.000563406	0.0022592603	0.000561039	0.00027699326	0.0021839184	0.00049188687	0.0017458302	0.004476792	0.0011569004	0.0071073934	0.004293358	0.0004951752	0.013264061	-18.648317337036133
s06e02b	180.0	5.0	0.7650524	0.7650524	0.004509275	0.053848233	0.0013998656	0.002990256	0.10615745	0.0081808455	0.0013892971	0.023067692	0.0022166101	0.0008690341	0.03839195	0.0014773821	0.0011621087	0.0011985786	0.0011143326	0.001059425	0.0021725956	0.0030118192	0.069537334	0.00484349	0.0010228032	0.0026797238	0.0029199284	0.0029199284	0.039023485	0.002726918	0.0009181166	0.0011351369	0.00027392164	0.00071311713	0.0010888117	0.00019465234	0.00038130063	0.0011774825	0.0005796007	0.0011774825	0.0005840495	0.00043753957	0.0003644999	0.0005840495	0.0007775998	0.0011537843	0.0093538705	0.00038329582	0.00039408996	0.0010173513	0.004415244	0.0012858908	0.0057554753	0.0061592525	0.0035138533	0.0021707513	0.0004751701	0.00308941	0.013596762	0.005474116	0.0007151844	0.0011537321	0.0007431074	0.0004689211	0.0042758244	0.00041780857	0.00025536312	0.0016585293	0.00068940583	0.0018751026	0.0028844224	0.00020386367	0.0042758244	-19.22167587280273
s06e02b	185.0	5.0	0.5405276	0.5405276	0.013448693	0.0012601154	0.0010179669	0.00088664977	0.09708879	0.0003145618	0.0015181156	0.003572698	6.935411e-05	0.00014658412	0.0025132631	0.002231287	0.002363579	0.00018312178	0.0027253984	1.5274803e-05	0.0015231307	0.026999667	0.0036699101	0.0036699101	0.0009047441	0.0041817236	0.00084295793	0.0041817236	0.11086189	0.009926868	0.0018138939	0.00056428974	0.0006050856	0.00055730186	0.0033946838	0.00083694485	0.00022404353	0.0010695847	0.0007982434	0.0007460766	0.0026301437	0.0005069884	0.00011942171	0.0026301437	0.0038396956	0.0035589647	0.010646713	0.00084380456	0.00063066045	0.0006936289	0.0013099225	0.014192906	0.0012697683	0.011672314	0.00025604622	0.00093821704	0.09061117	0.00082731806	0.00016010951	0.0011023385	0.06494095	0.0011270795	0.0007931594	0.00020548166	0.027291518	0.019322086	0.00018394481	0.0028698687	0.017690592	0.062411197	0.010418087	5.1362902e-05	0.06512942	-21.88971710205078
s06e02b	190.0	5.0	0.87983674	0.87983674	0.03120279	0.0031784095	0.0012571089	0.0013373825	0.11763547	0.0017244368	0.0024673692	0.0018220085	0.00043876102	0.00023020669	0.0070002247	0.004436974	0.0014644838	0.000466157	0.0016939983	0.00035632736	0.0009705487	0.006346976	0.0080206245	0.0052576712	0.0015051629	0.0017738609	0.00033469984	0.0053426125	0.055023868	0.012509016	0.008305844	0.0007928443	0.0003149324	0.0007200334	0.0018260976	0.0003277508	0.00020929876	0.00087776885	0.0004952675	0.0005409492	0.0009403855	0.00042154617	0.00016810303	0.0009403855	0.0015508241	0.003454474	0.0036832495	0.00010763862	0.00020930235	0.00018944428	0.0011981741	0.002166603	0.0010939237	0.039769366	0.000418048	0.0018053391	0.0053475555	0.004832138	0.00024723358	0.009379028	0.0011591193	0.0005287147	0.0008614127	0.00028931393	0.00734879	0.006035739	0.00058103603	0.0058652996	0.0023992553	0.0049536307	0.002406486	0.00016692872	0.020483617	-22.443811416625977
s06e02b	195.0	5.0	0.79689306	0.79689306	0.1838259	0.0027376162	0.00021283174	0.0041176905	0.46051526	0.00088520546	0.0022454145	0.0013165685	0.0001283656	0.00015490984	0.000993237	0.0034834852	0.0017995995	0.00046656115	0.0055939923	0.00012543771	0.01725052	0.106826305	0.0013663684	0.00077793584	0.0013663684	0.0044073737	0.000594504	0.0044073737	0.028958684	0.009344226	0.0036612258	0.00071536057	0.00025232165	0.0008686743	0.0041580126	0.00038318604	0.0002614255	0.00023990773	0.00023990773	0.00013128755	0.00047374502	0.000367013	6.7704495e-05	0.00047374502	0.00057196623	0.0011550995	0.001902141	0.0003805337	0.00043507942	0.00069739646	0.0015403384	0.0008482085	0.0010972375	0.00858583	8.203971e-05	0.00050774426	0.0010285396	0.0011089245	0.00011260094	0.00029180318	0.0011719604	0.00133248	0.00021308819	0.000109364264	0.0023468249	0.0009060122	0.0006451215	0.0013242724	0.0004158191	0.0007194548	0.010110883	6.2078434e-05	0.010110883	-19.183189392089844
s06e02b	200.0	5.0	0.8045085	0.8045085	0.08790947	0.0089527415	0.00023072638	0.0058396533	0.42374587	0.001248886	0.003707457	0.0013492088	0.0001655585	0.00045136205	0.0020073643	0.0026126734	0.0013081372	0.0007477019	0.004445173	0.0007196218	0.014691267	0.048814766	0.0039815437	0.0017059246	0.0039815437	0.009143924	0.00070155907	0.009143924	0.054573487	0.011290693	0.0076070107	0.001290249	0.00045902928	0.0014898706	0.010295582	0.00041867833	0.0006778916	0.0034292536	0.0022560863	0.0034292536	0.0057307845	0.0041003246	0.0013183797	0.0057307845	0.0012269557	0.006050748	0.009428119	0.0012643045	0.000746249	0.0006023995	0.004788784	0.0015198056	0.008977161	0.0049536447	0.00031591693	0.0010876983	0.002186167	0.003688559	0.00066383905	0.0007669148	0.00096833846	0.0010083743	0.00037474168	0.0006446541	0.004126284	0.0016759239	0.0019291524	0.0034684797	0.001730634	0.006838898	0.003321422	0.00018931752	0.0099086305	-20.42239761352539
s06e02b	205.0	5.0	0.8281607	0.8281607	0.02045527	0.0013643203	0.0012606765	0.00023434129	0.0019037601	0.0026519545	0.0032097385	0.0015246288	0.00063691684	0.0003700028	0.0044338577	0.04307177	0.004300315	0.00046016375	0.0019493	0.00013993011	0.0002168792	0.0007540887	0.010230064	0.0072220587	0.0018519661	0.0020697904	0.000697216	0.0028677473	0.01870451	0.0065519162	0.0024462221	0.0010491817	0.0007892547	0.0010357753	0.0025356095	0.00028923806	0.00019741322	0.013912404	0.0024685666	0.0026615164	0.002470326	0.00088582386	0.00057809585	0.002470326	0.0083983755	0.0049424646	0.008572584	0.0002282123	0.00043759006	0.00026091753	0.0013476202	0.0038598673	0.0015978	0.009433112	0.0003857864	0.005987756	0.0037275867	0.01725427	0.00034798466	0.0057451073	0.0017082894	0.00087156455	0.0028652018	0.00018098133	0.0150016025	0.0052168183	0.0013228365	0.0017874924	0.0028605869	0.0133235175	0.0041758087	0.00092290406	0.06795665	-20.35550308227539
s06e02b	210.0	5.0	0.84219944	0.84219944	0.06296314	0.0046656826	0.00038424775	0.00019752675	0.005913081	0.00033157246	0.00080664456	0.0024529756	7.777062e-05	0.00017650412	0.0031935286	0.011580031	0.00072703254	0.0001065303	0.0032784068	0.00014345549	0.00026195945	0.0014473336	0.006376289	0.0017860738	0.006376289	0.00811304	0.001441787	0.019792937	0.012297954	0.0035563463	0.0024223744	0.0006192075	0.00072832656	0.00059117144	0.000480657	0.00048966013	0.00012278775	0.010359026	0.0039561493	0.010356113	0.0035074544	0.0017631004	0.0022546344	0.0035074544	0.003693467	0.01160511	0.0061607324	0.0004277621	0.000727687	0.00026642377	0.004066741	0.0030450933	0.0014379998	0.065853074	0.00015946107	0.005670951	0.006096961	0.0019309408	0.0003421695	0.00488221	0.0014491996	0.0008425901	0.0008873601	0.00038010426	0.00839639	0.007568017	0.00019931707	0.00079590175	0.0018524493	0.017072119	0.00077638176	0.0018856128	0.027461322	-19.15938186645508
s06e02b	215.0	5.0	0.84202623	0.84202623	0.037283424	0.0042647524	0.0010645295	0.005052483	0.20490542	0.0009716756	0.002781094	0.0005490656	0.00079719967	0.0006361282	0.0077207875	0.0022995896	0.0026710213	0.00027436911	0.0014901855	0.00034437154	0.0019019517	0.01736991	0.0040165735	0.0015031948	0.0010629102	0.0017710204	0.0008267455	0.002473442	0.039449006	0.007980861	0.007980861	0.0008275774	0.00041896777	0.00082890096	0.0031007743	0.00031519038	0.00017058513	0.0011947994	0.0005861369	0.000511408	0.0010863345	0.0007032512	0.00022447373	0.0010863345	0.0012181329	0.0026683435	0.0032012765	0.00040801067	0.0003301861	0.0006319884	0.0012296096	0.0010686493	0.0012072737	0.016241644	0.0010272474	0.0014195051	0.0008006239	0.0055968314	0.0004591608	0.008552171	0.0014890196	0.0020731161	0.0006483105	0.000341876	0.006319375	0.0042725815	0.00105851	0.003259454	0.0024618942	0.0032839472	0.0034931905	0.0002984082	0.006319375	-18.949726104736328
s06e02b	220.0	5.0	0.88881016	0.88881016	0.022840109	0.0015383448	0.0003993882	0.00028969784	0.0011750993	0.00043309093	0.001890863	0.0005300147	0.00037999067	0.00038150846	0.0057427953	0.0030052785	0.00079664687	4.3199445e-05	0.0006231896	0.00021349125	0.0001395497	0.0010386691	0.0038850321	0.0011737607	0.0008076656	0.0035338455	0.0019576065	0.018394047	0.07818709	0.022200815	0.015606165	0.0022019572	0.0006401168	0.0023801236	0.004059619	0.00053131185	0.0003313421	0.007641667	0.0010673709	0.0029131144	0.0017769252	0.00035071082	0.00039046592	0.0017769252	0.0015816394	0.0027679668	0.0015205635	4.4625416e-05	0.00045751192	0.00025181647	0.0003319368	0.00092795154	0.00077872357	0.0056959065	0.0014608748	0.001929978	0.0017235046	0.03228183	0.00040292364	0.014226611	0.0011458119	0.00083715614	0.0028359217	0.00025253007	0.026645442	0.013992069	0.0020489409	0.0004279267	0.0017909178	0.0057009747	0.0018462788	0.0003013231	0.026645442	-18.87249565124512
s06e02b	225.0	5.0	0.7470866	0.7470866	0.0387085	0.0037512344	0.00062968925	0.0028729828	0.0646195	0.0011276063	0.0039487905	0.0023434155	0.0005484968	0.0001995738	0.013252283	0.0052898275	0.00056970236	0.0008393495	0.004214487	0.0003651849	0.0020164512	0.00952671	0.0053377943	0.002439942	0.0016478159	0.000897035	0.00042617068	0.0015702269	0.024434727	0.011150406	0.0070459875	0.000729915	0.00037711393	0.0006417897	0.0044651865	0.0008795757	0.00015678086	0.0014302125	0.00071219343	0.000359208	0.0005797513	0.0005340366	0.000116060364	0.0005797513	0.0014733998	0.0024906313	0.0097334245	0.00032656713	0.00033196624	0.00042176002	0.0014107514	0.0014531644	0.0014349164	0.05367997	0.0015087432	0.0059867003	0.001832716	0.0031254934	0.0013541365	0.025489442	0.0015167147	0.000953	0.001450126	0.0003310024	0.002734634	0.02132554	0.0011702641	0.004056406	0.0018457973	0.0028889682	0.0029814537	0.0010753183	0.10900932	-20.233585357666016
s06e02b	230.0	5.0	0.78177625	0.78177625	0.06151581	0.007227969	0.00045490096	0.0028473835	0.026981922	0.0009342155	0.0027300683	0.001086202	0.00026664586	0.000861212	0.0059431395	0.023393014	0.002783027	0.00028839218	0.0030848961	0.00052812864	0.011378025	0.014615457	0.0071262512	0.0046733245	0.0023532554	0.009686642	0.006539426	0.009686642	0.035638485	0.015967939	0.009414106	0.0015751176	0.0004944036	0.001290367	0.0063348413	0.0004693781	0.00030235996	0.004640967	0.004640967	0.0037418157	0.008148468	0.006056314	0.0010070384	0.008148468	0.0036425502	0.014806093	0.009112242	0.0028765025	0.0014627025	0.0014514965	0.01384152	0.004417047	0.0026338813	0.008881662	0.0005016477	0.0030429056	0.0010290919	0.006881046	0.00058736274	0.00903764	0.0007549213	0.0039041091	0.0018231884	0.0007273694	0.011229928	0.003838135	0.0024664656	0.0012876249	0.0014032285	0.015001496	0.0013698988	0.00034124445	0.011602184	-19.352209091186523
s06e02b	235.0	5.0	0.6967847	0.6967847	0.024812745	0.0019346994	0.000985196	0.0061939647	0.14125952	0.0011082254	0.00611328	0.0026650121	0.000605535	0.0005768047	0.020659264	0.0015752398	0.0016254066	0.0002078599	0.0012633674	0.0011766686	0.0053473753	0.019346353	0.0074306973	0.00075419794	0.0008935626	0.0015572477	0.00049803813	0.0017236146	0.043532666	0.02048635	0.012347532	0.0016240738	0.00037228526	0.0012129829	0.002653809	0.00035865643	0.00028441218	0.0024004173	0.0024004173	0.0017268693	0.004297857	0.0049975873	0.00054947496	0.0049975873	0.0019655668	0.006493232	0.009981346	0.00083740184	0.0004157856	0.0015752001	0.004718826	0.0013870548	0.003386177	0.009879949	0.00035936368	0.0011503405	0.0007780397	0.0041958136	0.001966115	0.009535942	0.00085637625	0.0036999125	0.00073216873	0.00036168797	0.010182463	0.009766392	0.0004330833	0.0011589437	0.0012000342	0.0036520597	0.001138604	0.00022559242	0.017250657	-19.610694885253903
s06e02b	240.0	5.0	0.81141573	0.81141573	0.11083527	0.0012731871	0.0003826757	0.002313224	0.008328446	0.0004322477	0.0016411094	0.0010330938	0.0005076005	0.00035631715	0.0019694946	0.016666118	0.0006468552	0.00015148357	0.00052729115	9.273789e-05	0.0011698735	0.02910685	0.023637302	0.008497399	0.0020189197	0.15386306	0.034151934	0.15386306	0.013167978	0.0034453736	0.0024788752	0.0003994958	0.0002398222	0.00034883147	0.001811328	0.0016173121	0.00016937667	0.0089319255	0.0089319255	0.003355722	0.0014967838	0.0067529874	0.0020794948	0.0067529874	0.005143182	0.020666767	0.008250124	0.0005982518	0.0007522369	0.00092302146	0.0018320106	0.0022316002	0.0017282959	0.02963839	0.00014153721	0.0031749941	0.00077112234	0.0017595834	0.00011993639	0.004064988	0.00088737276	0.00055599323	0.0019800267	0.00020926802	0.003083437	0.0018002242	0.0015438154	0.0030127245	0.00066952145	0.0055806744	0.0018291841	0.00042638628	0.006471484	-21.52869987487793
s06e02b	245.0	5.0	0.89309126	0.89309126	0.12270439	0.006988852	0.00035685784	0.00087439344	0.003754001	0.00065999286	0.0032326612	0.00075110374	0.0003333398	0.00013692363	0.009220755	0.0050807986	0.0004184555	0.00011090056	0.0008930669	0.00014880017	0.0004892971	0.0027997047	0.0033454401	0.0033454401	0.0012237541	0.0013606598	0.00097564276	0.00709454	0.026855933	0.006382207	0.004937892	0.0012639066	0.0004031094	0.0012614351	0.0013517411	0.0005523481	0.00016856931	0.0038561055	0.0006869847	0.00069006416	0.0005584991	0.00040751311	0.00021018066	0.0005584991	0.0020396991	0.0018705176	0.0034328012	0.00017978389	0.00023854125	0.00036544085	0.00073963177	0.0010540697	0.0009066072	0.01062614	0.00063930015	0.0027707957	0.0012440361	0.0031747133	0.00020752661	0.018565604	0.00047317072	0.00060751085	0.0018767561	0.00012774614	0.0051156315	0.004796512	0.00065182586	0.0007434747	0.0009310378	0.007737683	0.0015460441	0.0032285461	0.0058473325	-23.6047477722168
s06e02b	250.0	5.0	0.7240644	0.7240644	0.032518607	0.0019848146	0.0002503662	0.0035368288	0.1683616	0.00054455287	0.0061192685	0.0006731533	0.0003469303	8.813189e-05	0.0009883497	0.005316419	0.0007068369	0.00043208702	0.0024773343	0.00051402504	0.003193201	0.03813775	0.0021681003	0.0014606146	0.0019605425	0.0028830392	0.00062017847	0.0028830392	0.027702661	0.0058648265	0.0022425286	0.00057695643	0.00021324772	0.00049966056	0.009647229	0.00014871365	0.00028020295	0.00057021814	0.000562489	0.0003117527	0.0005361994	0.0005534002	0.0002437938	0.0005534002	0.0013477812	0.0022935376	0.0052408027	0.00023357707	0.0003112419	0.00022191877	0.001762795	0.00057234144	0.0013496913	0.2457802	0.00042506872	0.027361821	0.0007671923	0.00081680506	0.0009609428	0.00092268246	0.0007033937	0.0006311177	0.0002712521	0.00034623544	0.0032436596	0.0022302363	0.0030362962	0.011243903	0.0008842596	0.0023435794	0.0062289857	0.00016875956	0.0752821	-20.12601852416992
s06e02b	255.0	5.0	0.8839802	0.8839802	0.0034626732	0.012411809	0.00030800313	0.00027725642	0.0020893677	0.00019474071	0.0017217662	0.0054085264	0.00015031178	0.00018886082	0.011812486	0.023300566	0.0012802399	0.00010129807	0.0010713056	0.0002822907	0.00010770228	0.0004854153	0.037281577	0.021695375	0.0019386745	0.0038717443	0.0016016818	0.015457347	0.033896938	0.003599609	0.001977984	0.0006247525	0.0004582727	0.0006677254	0.0010083892	0.0002465989	0.00026634376	0.004292504	0.0014452677	0.0015386202	0.00088607747	0.0006425529	0.0003107512	0.00088607747	0.006255996	0.0037297264	0.006580501	0.00010140844	0.0005176234	0.00019508786	0.0009949821	0.004401544	0.0018303127	0.06494449	0.00033140622	0.0046074768	0.0037797329	0.0017226188	0.00061452674	0.011936678	0.0011788034	0.0004838198	0.00045015957	0.00029655336	0.008556353	0.0023811767	0.00026072457	0.0022859995	0.0012270029	0.012745357	0.0012468987	0.00038367164	0.010414455	-20.04499053955078
s06e02b	260.0	5.0	0.90928876	0.90928876	0.025595676	0.027297061	0.0009602394	0.0005443868	0.0030085808	0.0020029824	0.0007489288	0.009343833	0.0011867881	0.0005568134	0.0052698557	0.018550986	0.0028814413	0.0009839728	0.00054915616	0.00025547025	0.00038172855	0.00070249836	0.010476459	0.010476459	0.0062141325	0.0018329134	0.002445468	0.0036540125	0.023904271	0.0026894545	0.0006196157	0.0005583777	0.00043133865	0.0004916668	0.0013352558	0.00035640513	0.0001653613	0.0067563145	0.0016382906	0.003931355	0.0017272112	0.0011250939	0.0005827051	0.0017272112	0.0063894987	0.0029141535	0.0040678596	0.00012282476	0.0002516547	0.00044816884	0.00074755127	0.0044433125	0.0005730469	0.009168059	0.000608815	0.004860726	0.0006240943	0.004026163	0.00056056835	0.030896608	0.00027095125	0.00064747134	0.004149872	0.00020689736	0.003175465	0.00043748054	0.0015943274	0.0020218387	0.00088468805	0.012154107	0.0019749017	0.00044526442	0.0047129197	-21.52771377563477
s06e02b	265.0	5.0	0.8210485	0.8210485	0.010831479	0.08502508	0.0033869783	0.0007484618	0.030773118	0.007581101	0.003622083	0.03590657	0.0002572408	0.0006775015	0.010274734	0.005815663	0.014451886	0.0024003764	0.020265397	0.0001248731	0.0016898665	0.0032170957	0.00283815	0.0015397473	0.0014934273	0.0012487373	0.0003947967	0.0012487373	0.017077385	0.003476684	0.0007721551	0.0004367162	0.00011436816	0.00039925936	0.0009071727	0.0003372488	0.00010095766	0.0013095078	0.0005191853	0.0011698846	0.0017148938	0.0006997515	0.00016124063	0.0017148938	0.001901834	0.00062724366	0.0022745575	0.0002960525	0.00030735487	0.00034315945	0.00092725205	0.0011098001	0.00066071947	0.0073517575	0.0006980231	0.017035997	0.003862859	0.0010717819	0.0031366202	0.023597483	0.00049803715	0.001277672	0.0014161053	0.00022464072	0.002911165	0.0030154067	0.002276751	0.008639186	0.0026627367	0.007930855	0.05831622	0.000759764	0.09043144	-21.60751724243164
s06e02b	270.0	5.0	0.8645443	0.8645443	0.025613712	0.010619575	0.0014103155	0.004350157	0.17424768	0.0019201603	0.0013078768	0.0024776903	0.00015677742	0.00015664159	0.004224485	0.003760464	0.0020177632	0.00064403046	0.00060588395	0.00030165794	0.0019311826	0.29071414	0.005501413	0.0024939126	0.005501413	0.002898161	0.00063414476	0.002898161	0.14339443	0.016162764	0.0065214117	0.00080650934	0.0002739274	0.0011259426	0.0073406203	0.00020422651	0.00052973646	0.0011051849	0.0011051849	0.00047629152	0.0014364108	0.0020678884	0.00030869045	0.0022486409	0.0006268161	0.006772894	0.0034345863	0.00068713014	0.00041471937	0.0006752328	0.0032915382	0.0010560462	0.00193559	0.003810365	0.00086708495	0.00060771644	0.0016116183	0.009709632	0.00050088036	0.008384401	0.0008093571	0.00036465315	0.0002733967	0.0003804055	0.003871851	0.001523045	0.0012678703	0.0017694371	0.0028408924	0.003028483	0.0020511164	0.0001994705	0.003871851	-20.11718368530273
s06e02b	275.0	5.0	0.83832043	0.83832043	0.009320256	0.08938431	0.00018870567	0.0023915514	0.034802746	0.0006418625	0.00242862	0.012687216	0.00056575274	0.00012378584	0.008029613	0.003900256	0.00096705416	0.0007003796	0.0019407636	0.0016736264	0.0018092309	0.009837675	0.010970974	0.010970974	0.0010435674	0.0031911253	0.00088342663	0.0031911253	0.12404565	0.006584623	0.0013433428	0.0009988549	0.00057321216	0.00073507003	0.0024221118	0.00030112924	0.0006751045	0.0013305213	0.0007920801	0.0007653966	0.0007724801	0.0006952745	0.00020693148	0.0007724801	0.0007014237	0.0019061491	0.004010019	0.00040479083	0.00039510374	0.0011107927	0.0035744961	0.0009637484	0.00086543406	0.027254635	0.0011535755	0.013988782	0.0015280611	0.0035401848	0.0020366518	0.0058075325	0.0006973535	0.0015548607	0.00081410946	0.000113379916	0.0016518192	0.00085323874	0.0002946707	0.0021221258	0.00051886844	0.007713488	0.0066434783	0.00016706213	0.035204493	-19.737838745117188
s06e02b	280.0	5.0	0.9042236	0.9042236	0.019525915	0.31514788	0.00091792597	0.0006564604	0.005002621	0.002773163	0.00316444	0.032215703	0.00044601338	0.00050281506	0.0024893933	0.0011314594	0.0006442539	0.0010048844	0.003039164	0.0005953611	0.00034767197	0.00083319773	0.019155722	0.019155722	0.002030987	0.0013374087	0.0012947016	0.0020203786	0.015459169	0.0030669402	0.0014517384	0.0010240356	0.00059918227	0.0007925882	0.0010849548	0.0007839115	0.00033374105	0.0012032356	0.00062645983	0.00075819914	0.00060131645	0.00033135002	0.0002503545	0.00060131645	0.0008502914	0.0010292389	0.004854901	0.00031635398	0.00028177176	0.00075021095	0.0012371541	0.0007839115	0.00083027885	0.0017761945	0.0010193153	0.0010656599	0.00045884185	0.002537699	0.0016940427	0.009714337	0.0005312946	0.0010858492	0.0070779365	0.00011359798	0.0016621787	0.00042467462	0.0003052485	0.0007322831	0.00060223386	0.0031584636	0.0006906188	0.0007672997	0.0061567575	-19.164979934692383
s06e02b	285.0	5.0	0.85383624	0.85383624	0.005648445	0.074021436	0.001076086	0.00535392	0.098769724	0.0018585515	0.010011968	0.21942541	0.0006826294	0.00011406799	0.0033544959	0.0015384086	0.0017300985	0.004391628	0.007952351	0.0024133448	0.0031227549	0.0036583669	0.0087900665	0.002676046	0.001313074	0.0022798888	0.00045685825	0.0022798888	0.098526716	0.0057433783	0.0029128098	0.0010714006	0.00037893074	0.0007417702	0.0014042805	0.0004156867	0.0008488646	0.0011641119	0.00035810703	0.0011641119	0.0015656509	0.0003113173	0.0003039084	0.0015656509	0.0010676825	0.00083102915	0.008162821	0.00026390425	0.00034401898	0.00041550447	0.002177963	0.00069746556	0.0019977563	0.028652582	0.0019967535	0.00458093	0.0005125238	0.0024115373	0.0026599548	0.00067084935	0.00028949243	0.00081168575	0.0013894003	8.1361824e-05	0.00094412785	0.00021382107	0.0002840767	0.0023868552	0.00026860088	0.0041058	0.0034670362	0.0003207967	0.0071316455	-19.10184097290039
s06e02b	290.0	5.0	0.8911936	0.8911936	0.01362991	0.029921401	0.0010246686	0.0018983452	0.15157263	0.0015263436	0.0013441208	0.021882355	0.00064951804	0.00027816248	0.0030585872	0.0027806552	0.005132326	0.0033646019	0.0019473428	0.00027667973	0.0009889501	0.010704549	0.01614909	0.01614909	0.0011538079	0.0040907655	0.0020310576	0.0040907655	0.057141904	0.0048012515	0.0019069331	0.0005074544	0.0002177648	0.00064589916	0.0016433821	0.00070007733	0.00057435135	0.0007397819	0.00044075854	0.0007397819	0.0017227172	0.0005002202	0.0002767309	0.0017227172	0.00071563944	0.0034813357	0.009400189	0.00023730766	0.00095183664	0.00046974045	0.0018111694	0.0025608465	0.0020606844	0.011575268	0.0013231572	0.0038887998	0.00061502325	0.0037051225	0.00036831654	0.010743785	0.0008477386	0.00087440514	0.003176099	0.0002533732	0.0032283408	0.00066062843	0.0008117913	0.006119245	0.0014041254	0.0033800225	0.003439004	0.00022089703	0.006119245	-19.584444046020508
s06e02b	295.0	5.0	0.88065714	0.88065714	0.10032377	0.024940532	0.0012905477	0.0028637934	0.07431304	0.005859869	0.0010925865	0.005659141	0.0028931745	0.00026045623	0.0036906078	0.0026578356	0.0027411934	0.002304669	0.0009528461	0.00032550225	0.00090420723	0.0077672703	0.012719139	0.009985965	0.0010458744	0.002501762	0.0017669996	0.003061811	0.019378852	0.0042545446	0.0016555056	0.0007481509	0.00042566741	0.00075183634	0.0014290838	0.00027936857	0.0004633547	0.001943482	0.00083917164	0.001943482	0.0014561628	0.00070927315	0.00074825756	0.0014561628	0.0009892413	0.0028469325	0.007944696	0.0006409654	0.000507691	0.0011706277	0.0018778945	0.0011629382	0.0010679852	0.0054307953	0.00060057675	0.0019651533	0.00060971687	0.011193426	0.00020647168	0.0023851343	0.0011137308	0.0013470766	0.012388072	0.00014749658	0.0065841833	0.00030950436	0.0006559195	0.0013943113	0.0005189387	0.0027434155	0.0017193216	0.00012803944	0.00948153	-19.48647117614746
s06e02b	300.0	5.0	0.83107823	0.83107823	0.08419492	0.011038982	0.00039269676	0.003951541	0.28329164	0.0008280649	0.0047218213	0.0009829056	0.00705078	0.00017938168	0.0010244816	0.0029645278	0.0051051923	0.0007324206	0.0016056143	0.0012995661	0.012342951	0.05617704	0.00838749	0.00838749	0.0018675339	0.0014203922	0.00041485458	0.0014203922	0.030805675	0.003295196	0.001357987	0.0009148098	0.00025158227	0.0007383578	0.0012818725	0.00026815283	0.00017048171	0.0011610864	0.00045823536	0.0011610864	0.001270346	0.00085209636	0.00077053986	0.001270346	0.00084979367	0.001623869	0.003694536	0.001336458	0.00060588226	0.00040125436	0.0116374465	0.0005965798	0.0015050088	0.019681409	0.00031740437	0.00081107876	0.0007713171	0.0019001983	0.00042825416	0.0007391431	0.00042262912	0.0014169896	0.00074617757	0.0003796085	0.0022408797	0.0011313974	0.0010732766	0.0023670066	0.001561924	0.004773849	0.0055520334	0.00020767548	0.0122354245	-18.996583938598636
s06e02b	305.0	5.0	0.068214715	0.068214715	0.0014069484	0.0005837857	0.00028083735	0.06159164	0.012622946	0.0017835711	0.10609806	0.0069913934	0.001151024	0.00014226463	0.0009199761	0.0051156366	0.0005127665	0.0002061819	0.0012923847	0.0024849656	0.02950002	0.083378725	0.002352127	0.0011426139	0.0002147245	0.004811038	0.002006621	0.004811038	0.7913353	0.10820791	0.09285433	0.0010315095	0.00040260344	0.0016012677	0.03166441	0.0016088372	0.019458076	0.004302467	0.0036953944	0.0041897255	0.008956288	0.010077878	0.0018339037	0.010077878	0.00041641408	0.009538681	0.013198014	0.0008369281	0.00088457135	0.0005637167	0.004495705	0.0032322987	0.0008999089	0.004986259	0.0003163111	0.0014598249	0.0007681066	0.0008835117	0.00030706724	0.00018890892	0.00015910235	0.0007747278	0.00045154904	0.00020970307	0.00049639423	0.00011365465	0.00319806	0.03063233	0.0005162737	0.009173501	0.001747691	0.00014994059	0.03893651	-18.656021118164062
s06e02b	310.0	5.0	0.82279396	0.82279396	0.042865526	0.0031513884	0.0005390512	0.01210343	0.14797889	0.0018290456	0.0051634917	0.0008568586	0.0026909758	0.00042802948	0.00546445	0.0012687275	0.0018438112	0.0009776098	0.0018456524	0.0033079248	0.004037974	0.012291259	0.01507512	0.0020001307	0.0010325015	0.0021535084	0.00038752676	0.0021535084	0.68412185	0.096046664	0.09405974	0.0013705898	0.00028212604	0.0027803206	0.01641152	0.00061939633	0.005483948	0.0005399125	0.0005169819	0.00039095053	0.0012418553	0.0013987015	0.00027735133	0.0013987015	0.00052301213	0.00262126	0.0040306207	0.0004158123	0.00049523776	0.00038536865	0.0009375933	0.00037601008	0.0015228181	0.0017732084	0.0002336225	0.0009355382	0.00056419644	0.0029892183	0.00020138804	0.0006350414	0.00022903409	0.0010567633	0.00065513724	0.00015593552	0.0013963392	0.0007332929	0.0015785063	0.013160222	0.0016375904	0.00095722964	0.0033760895	0.00024908193	0.013160222	-19.595386505126957
s06e02b	315.0	5.0	0.78015083	0.78015083	0.028330281	0.0059220344	0.0013569884	0.0059759775	0.20437416	0.0018930798	0.0017636812	0.0011192135	0.0036173281	0.0003064668	0.06214345	0.0014670709	0.0007635866	0.0008217616	0.0007320843	0.0012503262	0.0017758065	0.033180535	0.0053301495	0.0010922254	0.0053301495	0.0054282406	0.001470859	0.0054282406	0.04318028	0.01022895	0.00522963	0.000918892	0.00032827992	0.0011500376	0.0034774407	0.000673177	0.0002978812	0.0023107699	0.0023107699	0.0021047487	0.0032400016	0.0056520295	0.0007997074	0.0056520295	0.0017358961	0.0052544484	0.008782322	0.0018889345	0.00084355293	0.0016163976	0.0039469195	0.00089044427	0.0032562173	0.008892553	0.0005902121	0.0012410016	0.00085199374	0.0051357504	0.0007411096	0.0232634	0.0015040612	0.0020683361	0.00054843276	0.00049726205	0.009091951	0.003926727	0.0011760192	0.0031374402	0.0042808317	0.0039554806	0.0013919942	0.0004856928	0.009091951	-20.169551849365234
s06e02b	320.0	5.0	0.8454413	0.8454413	0.047102857	0.010199456	0.00025467962	0.0014727174	0.0028373096	0.00069074484	0.0014689825	0.0010635534	0.0014018527	0.00035506318	0.030823616	0.0034022713	0.001070698	0.00093393336	0.0008674386	0.000621769	0.00044254443	0.0013820765	0.004882544	0.002108378	0.0019195023	0.0011832403	0.0010627203	0.0013587006	0.024929136	0.007398089	0.003721926	0.000807347	0.00028620393	0.0006024081	0.002719296	0.0009195831	0.00017588504	0.010250832	0.006491344	0.010250832	0.0016948534	0.008213371	0.008128726	0.008213371	0.0031700735	0.0072011175	0.008294061	0.0008004096	0.0003268811	0.0005226434	0.0062289382	0.0009195831	0.002986957	0.016692279	0.00020402117	0.0022562032	0.00084188266	0.0082540335	0.0019198606	0.02321797	0.0014352574	0.0018667555	0.0021760643	0.0007825557	0.0076783015	0.0055132546	0.0013779635	0.0011583384	0.0014902721	0.005556374	0.0010731033	0.00035468224	0.012169024	-19.934045791625977
s06e02b	325.0	5.0	0.88182193	0.88182193	0.056147445	0.0050444733	0.00066408835	0.0017696873	0.018939545	0.0007634309	0.0015728073	0.00052367133	0.00033439492	0.00025036978	0.0025509172	0.010704423	0.0013800976	0.00010188105	0.00067632966	0.00073383754	0.001919241	0.010965828	0.0049492326	0.0049492326	0.00095328287	0.0017841944	0.0013878754	0.005247912	0.07667798	0.011560449	0.0046490887	0.0013094897	0.00062807155	0.0012412901	0.0041636415	0.00032984253	0.00042788935	0.0016176277	0.00086849474	0.0014951384	0.0013589504	0.0010340499	0.0010307226	0.0013589504	0.0015315164	0.0060717124	0.005903995	0.00074831455	0.00078306295	0.00059204287	0.031444583	0.00091200834	0.0028928525	0.0115911	0.0005004312	0.001702237	0.0007947395	0.006373655	0.00033826503	0.0048393225	0.00061084994	0.0012088467	0.0015992017	0.00071794563	0.00625268	0.0024853933	0.0039304253	0.0017839208	0.0016625894	0.0024284397	0.0011958869	0.00035330906	0.010072851	-19.1157283782959
s06e02b	330.0	5.0	0.8707122	0.8707122	0.02902962	0.0044981944	0.00062987325	0.0033813221	0.26006147	0.000832066	0.0016545375	0.0010863137	0.001591523	0.00063417805	0.0049529443	0.0012805766	0.0068384353	0.0014095905	0.0010960329	0.0013439544	0.0021758233	0.021305762	0.008759566	0.0013703763	0.0032898337	0.0046381373	0.0011615057	0.0046381373	0.075505204	0.0112111205	0.008206223	0.0009980501	0.00036669473	0.0010724606	0.002820182	0.00026680075	0.00052764383	0.00097292254	0.00073868263	0.00097292254	0.0010660406	0.0008992883	0.0005970792	0.0010660406	0.0018436146	0.0031607314	0.0028247032	0.00086087605	0.00081563456	0.00045504016	0.0028760498	0.0003492058	0.0016019157	0.0077085886	0.00031242365	0.0007822225	0.00055039435	0.0037693796	0.00024755814	0.0035655012	0.0009093332	0.0007216291	0.00037235965	0.00063554215	0.0019169481	0.0026414392	0.0009599436	0.0021983415	0.0024837127	0.004403162	0.0011813883	0.0003566648	0.0026414392	-20.001108169555664
s06e02b	335.0	5.0	0.86804134	0.86804134	0.094130486	0.007560729	0.00081862597	0.0061534704	0.27124113	0.0017459929	0.0009613366	0.00080580177	0.0006074289	0.0002710321	0.004357743	0.0035306748	0.0055470755	0.00041421995	0.0014314102	0.0014269636	0.0027364318	0.018313875	0.0131220855	0.0016805449	0.0020397254	0.0019274307	0.00068765454	0.0019610482	0.015086905	0.0042737564	0.0042737564	0.0007234659	0.0004636629	0.0008416725	0.0013694343	0.00019701569	0.00014834257	0.0020627426	0.0017036605	0.0012783532	0.0027215467	0.0020178112	0.00044382302	0.0027215467	0.002999234	0.0040286034	0.007817143	0.00092403824	0.00046735967	0.0004375877	0.0023557711	0.0014717677	0.005476565	0.007022531	0.0001868146	0.0009758464	0.0016781122	0.0026929409	0.00039611102	0.0036916216	0.0020743494	0.000410988	0.000278901	0.0003275768	0.0023485045	0.0022214307	0.0008271935	0.0028709671	0.0018996503	0.0031574697	0.003214872	9.7766475e-05	0.008612649	-19.478668212890625
s06e02b	340.0	5.0	0.89089066	0.89089066	0.0121692475	0.004108944	0.00024090572	0.0003290915	0.0004375039	0.00029715733	0.001865425	0.0013986443	0.0004061865	0.0006326094	0.0044075577	0.0011387402	0.00091281673	0.00013012746	0.00048165847	0.00021110375	0.00020021382	0.0006289872	0.0020941603	0.0017070733	0.0007033374	0.0017063161	0.0008972736	0.0017063161	0.08873977	0.024034536	0.012518486	0.002283053	0.0016994405	0.0027867681	0.0017746802	0.0023142542	0.000599978	0.0010383846	0.00046927255	0.00081720325	0.0014018373	0.00030668426	0.00021657089	0.0014018373	0.001172187	0.0018082734	0.00193388	0.00022117353	0.0008276752	0.0015912465	0.0016356489	0.0023142542	0.00055733346	0.0013743979	0.0020929489	0.0007310072	0.0007605876	0.009372694	0.00046435423	0.010454252	0.00034389994	0.02225189	0.017295182	0.00029907838	0.013890381	0.0027779276	0.00025583516	0.00061339064	0.0009662806	0.0018619284	0.012220122	0.00021123019	0.013890381	-18.973255157470703
s06e02b	345.0	5.0	0.9345814	0.9345814	0.046826825	0.00689421	0.00063070224	0.001894981	0.10422897	0.008441044	0.003775374	0.000720382	0.00027333884	0.00011166459	0.011774657	0.0025467954	0.0027244708	0.0007215449	0.00061028544	0.0011001093	0.00061092706	0.0041176067	0.0046118503	0.0021354367	0.0046118503	0.0010552388	0.00045833955	0.0022189843	0.12362749	0.020522295	0.0071221096	0.001164403	0.00034853662	0.0012072265	0.013705841	0.0001698494	0.00092334824	0.00074718444	0.00043212366	0.00028697526	0.00042039723	0.0003033613	0.00019817892	0.00042039723	0.001192981	0.0020243775	0.0027801318	0.000115503375	0.00033029565	0.00022078754	0.0019836447	0.00063944276	0.0019206429	0.007235438	0.00052406336	0.0017998719	0.000604315	0.04237515	0.00040455128	0.0011644551	0.0008482525	0.0006709468	0.0010464316	0.00037106834	0.002244118	0.0011420458	0.00094020535	0.0019933973	0.0005375625	0.0023258852	0.0015682427	0.00028673405	0.002244118	-19.417539596557617
s06e02b	350.0	5.0	0.80636466	0.80636466	0.15150316	0.011133048	0.00092946197	0.0032075273	0.14061864	0.0042641996	0.0037925455	0.004783051	0.010675502	0.00060664525	0.012923387	0.0039587975	0.059277657	0.0058796527	0.002288402	0.001666322	0.002378239	0.013918253	0.01451309	0.0017869787	0.0017401369	0.001464951	0.0005186477	0.001464951	0.015597997	0.006108698	0.0021121616	0.0017150015	0.0011043656	0.00181311	0.0031080288	0.0005468782	0.0002067315	0.0051942198	0.002911165	0.0051942198	0.011182164	0.007191588	0.0014131038	0.011182164	0.001970525	0.005036252	0.0041430043	0.0018943081	0.00051499414	0.0012768747	0.0030904324	0.0016289295	0.0015142888	0.0044058925	0.00027986895	0.0016330285	0.00076050684	0.0032011122	0.00047799308	0.008697395	0.0011241597	0.0012115038	0.0019836815	0.00032773518	0.0060866713	0.0016473649	0.0015886403	0.0026788267	0.0026806388	0.0042089475	0.0036201167	0.0007887269	0.0073303906	-19.936872482299805
s06e02b	355.0	5.0	0.83238995	0.83238995	0.021183081	0.03357078	0.00037071298	0.0010651017	0.008781292	0.0009130212	0.0026123333	0.0011733299	0.0016510746	0.00044073208	0.0073346146	0.0025837116	0.001666246	0.0004788139	0.0007376812	0.0018383197	0.0013939316	0.0029158164	0.0047007455	0.0047007455	0.00448344	0.004616241	0.0012802918	0.004616241	0.09413652	0.015036152	0.0038644685	0.0011762684	0.00071762275	0.001980172	0.008211522	0.00024073075	0.00066128833	0.0025380913	0.0011319472	0.0025380913	0.002291473	0.001139591	0.00057265465	0.002291473	0.0024899843	0.0038327128	0.004173963	0.00045228764	0.00041823075	0.00086594134	0.0037511059	0.0012820581	0.0050984104	0.0048782383	0.00020404295	0.005435036	0.0037743894	0.013895151	0.002898718	0.0107817445	0.0008095878	0.0012906909	0.0014598594	0.0005203791	0.0070660864	0.0039926954	0.0011889645	0.0015478411	0.001796327	0.012120923	0.0018547942	0.00016924429	0.015326713	-19.55137825012207
s06e02b	360.0	5.0	0.8712352	0.8712352	0.118868865	0.03004426	0.0005325495	0.0021681818	0.33643803	0.0025244602	0.0016899373	0.002361254	0.0008295639	0.0009245366	0.010670013	0.0030187517	0.0047096265	0.003529038	0.0018984291	0.00022782294	0.004252105	0.013546038	0.0019070205	0.0017675732	0.0011409107	0.0014192698	0.00041724715	0.0014192698	0.01698918	0.005755071	0.0022041574	0.0011742696	0.0001622471	0.00092820666	0.0021028847	0.00035798486	0.00018250037	0.0014660151	0.0009303844	0.0014660151	0.0009166429	0.0019322592	0.0009421339	0.0020485763	0.0007254062	0.0028908097	0.0049792873	0.0017765978	0.00078598195	0.0008562947	0.008086104	0.00058911985	0.0016525515	0.011546188	0.00048260172	0.0012366793	0.0007004747	0.0017844932	8.9740155e-05	0.0041318326	0.0019843113	0.001239388	0.0061485292	0.0003846496	0.0009957507	0.00134723	0.001211966	0.0017389065	0.0019697226	0.0019413845	0.0031347107	0.00061669614	0.0032026388	-21.89089584350586
s06e02b	365.0	5.0	0.8542333	0.8542333	0.02874791	0.0067316554	0.000695589	0.0033864824	0.48793837	0.0007143159	0.0025831515	0.0011881685	0.00045600525	0.00014294071	0.0035893538	0.0012725233	0.0031248755	0.0012682647	0.0016876373	0.00032206843	0.0019435587	0.027304724	0.0021903901	0.0018500825	0.0019689444	0.0044079577	0.0008531436	0.0044079577	0.026883572	0.0056615216	0.0046280595	0.00075016666	0.00017701938	0.00084459165	0.001930837	0.0001461548	0.00021456138	0.000379024	0.000379024	0.00027813384	0.0009478583	0.0008214681	0.0001353325	0.0009478583	0.0004812211	0.0028370195	0.0057110926	0.00034746205	0.0005200385	0.0003995512	0.0022807613	0.0010716859	0.0028749998	0.008154625	0.00038354984	0.0010221077	0.00067501504	0.0031690747	0.00026151026	0.0036192017	0.0009969154	0.00067350623	0.0005532931	0.00026362008	0.001473195	0.00126612	0.00050277717	0.004589226	0.0011408901	0.0020692665	0.003989829	0.00012222867	0.004589226	-19.417030334472656
s06e02b	370.0	5.0	0.902883	0.902883	0.027128728	0.0099545475	0.00032965202	0.00045746547	0.0014801669	0.0003076618	0.0020544014	0.00045482072	0.00041492895	0.00019041587	0.0046587083	0.0011863846	0.00048742228	5.5678844e-05	0.00035240618	0.00051148556	0.00028413383	0.0013510874	0.0015518264	0.0012756055	0.00055850577	0.0021687762	0.00045306177	0.0024465397	0.052397855	0.016044792	0.008161736	0.0010461062	0.000658239	0.0015209283	0.0051949765	0.00027438116	0.00038885526	0.0012019651	0.00051756046	0.0012019651	0.00068760273	0.0002803924	0.0004774111	0.00068760273	0.00094188744	0.002013909	0.0013427474	0.0001447155	0.00020930954	0.0006096454	0.000966008	0.00028937845	0.0012379545	0.0022054173	0.00049220346	0.0022976254	0.00083589833	0.012353141	0.0005217897	0.0075557074	0.00013825858	0.00080866134	0.0010488769	0.000112868394	0.0106360605	0.0034056327	0.00085883227	0.00071315956	0.0005663832	0.0022748434	0.00073645904	0.0001339926	0.0128619	-18.873666763305664
s06e02b	375.0	5.0	0.76425654	0.76425654	0.01683121	0.0062851477	0.00043362385	0.0021243687	0.13501753	0.0010833456	0.004037928	0.00084615196	0.0051242053	0.0002608832	0.010031123	0.0025040514	0.0021765626	0.0006233868	0.00085910596	0.0022994669	0.0012381745	0.006330263	0.14071949	0.0026591138	0.0021697537	0.004633939	0.0019834577	0.004633939	0.18494998	0.020576242	0.016022509	0.0023600706	0.00073898816	0.003325769	0.006744204	0.00028035796	0.0014137068	0.00075313536	0.0006781482	0.00071177416	0.0025074303	0.00087463146	0.00022614656	0.0025074303	0.0010117216	0.0033140036	0.0047624065	0.0005638355	0.00038877744	0.0006281455	0.0016196814	0.0005546633	0.0015967946	0.018148916	0.0004996553	0.0019251617	0.0013674345	0.0077699563	0.0021248034	0.016134523	0.00054795825	0.00068098545	0.0011184078	0.00027472695	0.002344401	0.005107605	0.000663926	0.0038551001	0.0029542597	0.0051790443	0.0026301725	0.00021987328	0.008991223	-19.096519470214844
s06e02b	380.0	5.0	0.86918455	0.86918455	0.077733	0.019804718	0.0030932864	0.0007917111	0.22385354	0.016144758	0.040682465	0.008063948	0.01677097	0.00039263273	0.0077014756	0.002298569	0.005547891	0.0028797183	0.002025179	0.0005885463	0.001987571	0.007935696	0.014509168	0.0010462153	0.0007126769	0.0013715193	0.0011636424	0.0057520214	0.03738265	0.020850657	0.0124470275	0.0054782582	0.0006663917	0.0052469163	0.0039411066	0.0001700411	0.00041375193	0.004875887	0.0011653302	0.004875887	0.0033616258	0.0007624941	0.0023016538	0.0033616258	0.0009773816	0.002468616	0.00097024225	0.00014418532	0.0002833693	0.00010003348	0.00056235364	0.001543495	0.00016906849	0.0029228535	0.00019788549	0.0007146533	0.00018912916	0.0042063943	6.101892e-05	0.0009177178	0.00031019739	0.0007877069	0.0036451314	0.00013157079	0.001311553	0.00032846024	0.0005311478	0.00068447035	0.00046556638	0.003885414	0.0027147478	0.00014897337	0.0029053367	-20.15878677368164
s06e02b	385.0	5.0	0.8462397	0.8462397	0.041680586	0.023383329	0.0016163021	0.003043963	0.02958956	0.0032834355	0.0033546137	0.0042077545	0.0011948097	0.0001872444	0.0030401065	0.024530062	0.0022836267	0.0004862167	0.0017613153	0.0011343121	0.004161564	0.016654002	0.011868103	0.0047070496	0.0019916394	0.007198217	0.0017704741	0.007931275	0.08069195	0.015725844	0.006007245	0.0008658086	0.00053961156	0.0013441964	0.004964482	0.000494956	0.00038780243	0.0014805666	0.0011956749	0.0014805666	0.0013936443	0.0010480618	0.00069477275	0.0013936443	0.0053115673	0.0081420615	0.00676602	0.00043099996	0.00049829786	0.0007079047	0.014225374	0.003026025	0.0044485615	0.013606205	0.00026359872	0.00646394	0.0012546972	0.0067057083	0.0005384119	0.0044781035	0.00034292252	0.00096352346	0.0010082441	0.0011258809	0.013772586	0.0013823293	0.0019507218	0.0022516223	0.002373753	0.010035386	0.0012014798	0.0007141774	0.013772586	-18.660053253173828
s06e02b	390.0	5.0	0.87021357	0.87021357	0.029693404	0.0062406203	0.0020881868	0.0016215383	0.211831	0.002840229	0.0026890428	0.0015566844	0.0064116875	0.0010139883	0.07863908	0.0013010981	0.032177407	0.0037507783	0.0007347969	0.00040924587	0.00074699573	0.001376037	0.0070042363	0.0008613089	0.0011825693	0.00069336256	0.00058454403	0.0017302105	0.031883553	0.011787182	0.008522956	0.0020832582	0.00040458445	0.0016959751	0.0022787037	5.847427e-05	0.0005165477	0.0006029656	0.0006029656	0.00042688937	0.003433684	0.00060673896	0.00014684278	0.003433684	0.0004103849	0.0021677301	0.0011114161	0.00015368075	0.0002484747	0.0004228814	0.0014815348	0.00033494242	0.0010686676	0.004718246	0.00076435285	0.0011840459	0.0005094614	0.0020881095	0.0003996687	0.028491192	0.00032442473	0.000860628	0.0005184838	0.0002890137	0.012019423	0.012682068	0.00024462433	0.0016634531	0.0011406619	0.0049291835	0.0016191186	0.0002587869	0.012682068	-19.581647872924805
s06e02b	395.0	5.0	0.7970944	0.7970944	0.05257219	0.006351332	0.0028392368	0.0031544396	0.23716299	0.002370202	0.0039426605	0.0017073805	0.00401533	0.00037865923	0.013655294	0.0024322523	0.0025572972	0.002399688	0.0018960608	0.00062845537	0.0017134724	0.009753793	0.0086303	0.006049457	0.0012895026	0.012523755	0.0019119758	0.012523755	0.07244744	0.020381564	0.009371765	0.0015793963	0.0010467048	0.0023198759	0.006658011	0.0004929227	0.00074068987	0.0010393487	0.00071468257	0.0010393487	0.0010824291	0.00059256767	0.0007317637	0.0010824291	0.0015086462	0.0036738792	0.002878627	0.0004530125	0.0014865601	0.00067813974	0.003592114	0.0009263376	0.0021325964	0.005379766	0.00028477414	0.0026950676	0.001172588	0.0058660004	9.9826124e-05	0.0034176446	0.0014323988	0.0015495105	0.0009822652	0.00037042718	0.0068144985	0.0021142352	0.0019140106	0.0026754555	0.003947133	0.001728482	0.0017990926	0.00031540712	0.0068144985	-19.87835121154785
s06e02b	400.0	5.0	0.88413393	0.88413393	0.013505638	0.0038768526	0.00036020213	0.00028563367	0.0012343451	0.00052759406	0.001631893	0.0016119067	0.00078066945	0.0003864882	0.016721599	0.0063979533	0.0010788913	9.9544275e-05	0.0025866306	0.0007754095	0.00016499903	0.0005072303	0.010782059	0.010782059	0.0027085065	0.005649945	0.0009073522	0.005649945	0.13702753	0.012437266	0.002985144	0.001288464	0.0012291975	0.004227346	0.0066178623	0.0001640493	0.0007217584	0.0031392362	0.00044090036	0.0012603608	0.00026738693	9.656595e-05	0.0003564928	0.00026738693	0.0042080847	0.00050081685	0.0009339511	4.600417e-05	0.00046454635	0.0005542955	0.00043727958	0.0007142523	0.0004990513	0.0046705017	0.00055001996	0.0034413026	0.0036754867	0.0074140173	0.0007031323	0.016889138	0.0007254712	0.0012494541	0.0025543664	0.00013492945	0.0043383515	0.0038654378	0.0017252391	0.0039121024	0.0014190753	0.010144843	0.0030165152	0.0001407115	0.032510355	-20.80430603027344
s06e02b	405.0	5.0	0.70985943	0.70985943	0.035153303	0.008413268	0.0003636587	0.0049163904	0.33124065	0.0010092595	0.0025106561	0.0006818999	0.0004822872	0.00039774078	0.0015304566	0.0017103839	0.002213081	0.0006314944	0.0016648085	0.00068621524	0.007532882	0.04003965	0.0019317128	0.0011197281	0.001665066	0.0018649527	0.0007336823	0.0018649527	0.05521228	0.0047304495	0.0021850024	0.00063575665	0.00013723734	0.0007566715	0.003686341	0.00022890528	0.00047429762	0.0032017634	0.0032017634	0.00082239846	0.006672593	0.01081549	0.00033910372	0.01081549	0.0007636383	0.013573681	0.01876648	0.0068439133	0.0029578465	0.0014056733	0.0065496755	0.0012870547	0.0026465042	0.006888953	0.0005685209	0.001573635	0.00087214104	0.003114871	0.0009530875	0.004863742	0.00031110336	0.0015715208	0.00034157824	0.00037966677	0.0028579305	0.0014348617	0.0011130563	0.005924365	0.0010734096	0.0047778767	0.004403793	0.0003549931	0.010507493	-19.77810859680176
s06e02b	410.0	5.0	0.2485153	0.2485153	0.0018433506	0.0006246875	0.000161674	0.005708662	0.003358806	0.0003409146	0.028873194	0.0014391217	0.000117638316	0.00013453966	0.00045287565	0.004642454	0.0001990326	0.00012646023	0.0017178825	0.0005139295	0.0071106544	0.028553698	0.0032693306	0.0012903061	0.00036687887	0.0059348494	0.0016248891	0.0059348494	0.7437754	0.35746583	0.2139389	0.0015599753	0.0013230968	0.0011692374	0.21463227	0.0003250994	0.008322167	0.0007865207	0.0007865207	0.00050616433	0.0010041781	0.0017148849	0.0002893503	0.0017148849	0.00022733645	0.0013480586	0.003447542	0.00016311002	0.0005299245	0.00014548044	0.001024749	0.0007587612	0.00052344875	0.002630135	0.00011081472	0.00419336	0.0006058664	0.0005962041	0.00017753764	8.297686e-05	0.00015005903	0.0014800887	0.0006289938	0.00012440186	0.00034677322	0.0005568619	0.002133701	0.0050925747	0.0005829475	0.0011318054	0.0012802174	6.421082e-05	0.020676028	-20.008281707763672
s06e02b	415.0	5.0	0.84616506	0.84616506	0.008705379	0.068872124	0.0010709143	0.0009849238	0.002672284	0.00035970935	0.0040789493	0.039489802	7.906699e-05	0.00012145163	0.0014195564	0.027296659	0.0012852522	0.0007899134	0.003174837	0.00012070672	0.0007685123	0.00066816853	0.004416292	0.0018073115	0.00067659747	0.001808127	0.0007653113	0.001808127	0.027192501	0.0030801923	0.0014081777	0.0007458335	0.00047934774	0.0005976147	0.0030905365	0.00023835755	0.00036080598	0.010561859	0.004014907	0.010561859	0.00059480075	0.0007563795	0.004099538	0.0007563795	0.004907382	0.0025972358	0.0026406404	0.0001650179	0.00020790014	0.0003797243	0.0023087878	0.0028400887	0.00052129506	0.24908979	0.0007967562	0.067620605	0.0044569448	0.0008236776	0.0005023118	0.0028070335	0.00041240556	0.00048400732	0.0009597364	0.00034814893	0.0010790649	0.0012451955	0.0030352427	0.025097907	0.0014021791	0.0047665467	0.002559664	0.0002769333	0.025373677	-20.949079513549805
s06e02b	420.0	5.0	0.90124923	0.90124923	0.016797101	0.17781834	0.016861735	0.0005888958	0.020546013	0.015551136	0.0023037898	0.038830303	0.00040518254	0.00042051566	0.01849545	0.0023132062	0.012478983	0.0016228729	0.0015257326	0.00024190372	0.00014369836	0.0020541444	0.0133969085	0.009202459	0.0046217483	0.0050992137	0.00080327224	0.0050992137	0.024859622	0.0023107138	0.000608447	0.0009721627	0.0003201783	0.0008626406	0.002171376	0.00020410873	0.0003010632	0.0058504185	0.0010915378	0.0046450105	0.0014199958	0.00068446907	0.0008971274	0.0014199958	0.002833676	0.0013124126	0.0023411356	0.00022067894	0.00017362839	0.0004735904	0.0017872695	0.0008921751	0.0005460911	0.0014193037	0.00040795156	0.00080370676	0.0011647486	0.0059409086	0.00027682932	0.032454923	0.0003724104	0.0005495046	0.004697465	0.00021379498	0.0025108925	0.00034379866	0.0006851109	0.00041495584	0.0010173508	0.008642752	0.0009020576	0.0006617476	0.0031873991	-22.280067443847656
s06e02b	425.0	5.0	0.91551334	0.91551334	0.027180078	0.24801925	0.00048424382	0.00026435705	0.00088580494	0.0008034058	0.0019513338	0.006112353	6.741355e-05	0.0003891668	0.0037413144	0.00347657	0.0004652825	9.79576e-05	0.0007876855	0.00024361185	0.00017690784	0.0009952594	0.006374818	0.0026596664	0.0010267533	0.0023780095	0.0011591072	0.0023780095	0.015119775	0.003678002	0.0013244268	0.0010969375	0.00049112696	0.0010213484	0.0014173621	0.00046599042	0.00012562671	0.00777492	0.0020773613	0.00777492	0.0007913849	0.0009981936	0.0016783478	0.0009981936	0.002018845	0.0026269923	0.003273824	0.00023963886	0.00013994239	0.00064382394	0.0013208361	0.00096770853	0.0011834647	0.0010467417	0.00028780822	0.0011845981	0.0005250225	0.0013821825	0.0003063	0.026327752	0.0001367926	0.00045161168	0.0014806829	0.00017492937	0.003225707	0.0013065184	0.00041912374	0.00011707576	0.0008390397	0.011823762	0.00060471223	0.00038498585	0.0058055725	-19.444616317749023
s06e02b	430.0	5.0	0.8636127	0.8636127	0.030185694	0.08338795	0.0029478201	0.001673267	0.20138894	0.0028326144	0.0024741339	0.03713282	0.0005212931	0.0006884276	0.003589664	0.0012318721	0.019123916	0.004079616	0.0010473402	9.452181e-05	0.0014665645	0.038378496	0.0026361032	0.0026361032	0.0015802282	0.0011932066	0.00090139953	0.0011932066	0.038753964	0.0048794146	0.0021719735	0.00083244225	0.00029769694	0.0007913098	0.0016070121	0.0003956363	0.00040171057	0.0006143516	0.00043081987	0.000526897	0.0015724337	0.0005670487	0.00012233686	0.0015724337	0.0006897384	0.0013478923	0.004009722	0.0007093932	0.0029864428	0.0012022961	0.003729317	0.00083766045	0.0014220855	0.0017231314	0.0017860602	0.0009321963	0.00022962448	0.0030568226	0.0004996991	0.0036372654	0.000334119	0.00088505825	0.0024935282	0.00032336402	0.0016713063	0.00061067584	0.00062282325	0.0010998736	0.0013080213	0.0015773659	0.001990796	0.0003673725	0.001990796	-20.593448638916016
s06e02b	435.0	5.0	0.87782574	0.87782574	0.019065235	0.03854539	0.0002727635	0.0010362432	0.006203423	0.0008805601	0.0013302902	0.00750788	0.00071165577	0.00017649388	0.026289916	0.012314426	0.0011033093	0.0020519588	0.0011766092	0.00042532122	0.0012642472	0.035967257	0.045111228	0.035364147	0.0033611436	0.014409391	0.0026960224	0.014409391	0.055736694	0.0045171906	0.0010791534	0.00074586977	0.0003121423	0.0006472653	0.0027739014	0.00017915604	0.00028929958	0.003020431	0.003020431	0.0026422031	0.0012848006	0.004887379	0.0016838264	0.004887379	0.003275723	0.006318986	0.009094693	0.00212558	0.0005746298	0.00061255955	0.00826576	0.0027392649	0.0014950424	0.014782158	0.00030765566	0.0037981959	0.0010672021	0.0019954094	0.0006369769	0.011062129	0.0013313289	0.00078392046	0.0011138327	0.00018489084	0.0032959073	0.001798607	0.007062848	0.0031340476	0.0029475691	0.014030514	0.0027315358	0.0003393893	0.02499655	-25.672592163085938
s06e02b	440.0	5.0	0.9319874	0.9319874	0.013799569	0.32529855	0.0004369583	0.0008995197	0.0106140645	0.008572677	0.002167232	0.009277651	0.0013280028	0.00045565912	0.010238353	0.0017765902	0.0015971718	0.0012215117	0.0005413858	0.00031485554	0.00021894318	0.0032799107	0.01158921	0.01158921	0.0020948679	0.0017535365	0.0010706766	0.0017535365	0.035760432	0.0026082066	0.0007620368	0.0008535481	0.00044663454	0.0007162091	0.0010789442	0.0008683371	0.00029408777	0.0025327804	0.0010346323	0.0012999832	0.0013690034	0.00076480967	0.00043260236	0.0013690034	0.0010844495	0.002311492	0.005099441	0.00023550467	0.00019908896	0.00095934694	0.0024476757	0.0011457987	0.0014290218	0.0007506515	0.000758528	0.0009156705	0.00040566525	0.0053570624	0.001901119	0.01903821	0.0002820061	0.00055252266	0.001346402	0.00031740952	0.0012380778	0.0003138668	0.00041462254	0.00057310594	0.00091398816	0.0051381774	0.0014634235	0.00035709725	0.005963604	-19.565847396850582
s06e02b	445.0	5.0	0.8025264	0.8025264	0.02038781	0.027299222	0.00014459893	0.003245359	0.15805417	0.0005911627	0.0029212655	0.0021060891	0.000593857	0.00030855008	0.0016964467	0.0031943303	0.0050680204	0.0012241798	0.0014898082	0.0011736294	0.006636333	0.06704093	0.009114158	0.0038846296	0.0017500693	0.0025887424	0.0005343548	0.0025887424	0.047865704	0.008740661	0.0042014318	0.00092060346	0.0003158615	0.0009869293	0.00382099	0.00049901585	0.00039423088	0.0033021397	0.0033021397	0.0031564496	0.012965046	0.008228666	0.0015997682	0.012965046	0.0010347797	0.014095021	0.011823968	0.0023958269	0.0008033499	0.0012326062	0.008719669	0.0015631649	0.006337516	0.0032759162	0.00016742638	0.00093380973	0.0010914806	0.0018583905	0.00066227256	0.0055273324	0.00052830006	0.0011467099	0.00044735233	0.00047452602	0.0031706416	0.00075015775	0.0014268591	0.0038802645	0.0015141114	0.006031841	0.0024652362	0.00046396622	0.0043670842	-20.0210075378418
s06e02b	450.0	5.0	0.9188643	0.9188643	0.026352746	0.101378545	0.0009243191	0.0059060585	0.2030759	0.0030322457	0.001673812	0.004758218	0.00027375118	8.0586964e-05	0.0007305336	0.004278089	0.0014663243	0.00076717866	0.00074631977	0.0029382424	0.0023551793	0.03244517	0.01112011	0.0023883441	0.0023894748	0.005642374	0.0010210226	0.005642374	0.3679192	0.011684935	0.0035111394	0.0005498399	0.00027170195	0.0009878502	0.0048878356	0.00032117066	0.0018554254	0.001393917	0.0011555348	0.0012958285	0.0047293566	0.0027808985	0.00044304633	0.0047293566	0.00055025384	0.0067467946	0.009286043	0.00091108633	0.0007991163	0.00044081945	0.006360171	0.00082469	0.0037706995	0.0045856005	0.0004115047	0.0013278244	0.0009749658	0.003366707	0.00047827448	0.0018815302	0.00048751268	0.0007896534	0.0002574722	0.00072570704	0.00086758734	0.00049116067	0.0004784968	0.0012764119	0.0008448556	0.0090465695	0.0042802626	5.8820853e-05	0.0062265717	-20.86063575744629
s06e02b	455.0	5.0	0.7904104	0.7904104	0.013517452	0.040299475	0.00023878361	0.010215639	0.057963867	0.014224345	0.033519782	0.0044297175	0.011084855	0.0004956479	0.003729978	0.011022285	0.0031312155	0.0028192073	0.0021277738	0.0010333507	0.002024362	0.03546253	0.007972684	0.007972684	0.0028374337	0.001198149	0.00066584	0.001198149	0.3495396	0.014542636	0.003447488	0.00066178484	0.0004199332	0.0025637175	0.013716171	0.00081558013	0.0028047892	0.0009383181	0.0009383181	0.00065705227	0.0012830426	0.0013359307	0.0003187341	0.0013359307	0.00076661416	0.0041791233	0.012573713	0.0012406318	0.0016445528	0.0019449948	0.007248208	0.002306571	0.0026488486	0.009981177	0.0014450061	0.0067607695	0.0010878894	0.0027405545	0.00079798634	0.0025810439	0.00097651174	0.0014181336	0.0008300862	0.0006490901	0.002701149	0.0010460907	0.0031055936	0.017205713	0.0026983735	0.004741036	0.014760063	0.0007489634	0.021419805	-20.808292388916016
s06e02b	460.0	5.0	0.8705863	0.8705863	0.017101245	0.08289466	0.00043738904	0.0022590754	0.05865284	0.0020284227	0.0050013447	0.023305703	0.0029955634	0.0012212745	0.006203464	0.0014873672	0.0016234833	0.0017884218	0.0015436567	0.0009416363	0.0038838435	0.025166707	0.040151805	0.008747199	0.00262227	0.0035283123	0.0011963352	0.013813099	0.04349012	0.004245337	0.0021900441	0.0014545724	0.0004796999	0.00095151743	0.0013411905	0.00035053884	0.00044482347	0.004977537	0.0018719711	0.004977537	0.0075958017	0.0029837238	0.0015866569	0.0075958017	0.0019781308	0.002855309	0.011273624	0.002820603	0.0011432519	0.0011558789	0.009210701	0.0012664523	0.0028001266	0.004133458	0.001739973	0.0019114182	0.0008128297	0.003864252	0.0010600757	0.0017962697	0.00037600272	0.0011342792	0.0013741147	0.0010620741	0.0011932458	0.0004911434	0.000651217	0.0011781204	0.0022093158	0.009274066	0.0019228029	0.00066812994	0.0023232908	-19.798194885253903
s06e02b	465.0	5.0	0.7914944	0.7914944	0.0047775256	0.008046897	0.00010916307	0.00033660122	0.0010257161	0.00025303668	0.002577836	0.0020366034	0.0030201755	2.4160097e-05	0.0017568115	0.005076459	0.0007433029	0.0015793768	0.00075781415	0.00019275867	0.00019197474	0.0014391423	0.016581682	0.0047260495	0.0009209193	0.0011280425	0.00022782294	0.0011280425	0.16711636	0.01388194	0.0022822407	0.0012423972	0.0031601966	0.0010291659	0.0061885603	0.00040835037	0.0002706693	0.05307516	0.009045856	0.032303557	0.0008848255	0.002328592	0.05307516	0.002328592	0.0017138541	0.035235427	0.0018069657	5.4137832e-05	0.00012756356	0.00013181102	0.0011725477	0.002539539	0.00034171194	0.030180324	0.00014643477	0.35760233	0.006541489	0.00092289696	0.00012659415	8.3808976e-05	0.00012356248	0.000799132	0.00031564658	0.00018376214	0.012895096	0.0060884114	0.000550237	0.15761597	0.0032742694	0.003057699	0.0009929385	0.0007574568	0.15761597	-21.19937896728516
s06e02b	470.0	5.0	0.9032382	0.9032382	0.008050697	0.087442465	0.0010585261	0.0006379189	0.0015989793	0.017537223	0.003179836	0.009996502	0.0014617237	0.00091824	0.019522347	0.0105653135	0.0014017272	0.0010982947	0.000987407	0.00020417412	0.00018955233	0.0010235928	0.022391858	0.022391858	0.0060992907	0.0017089547	0.0009815422	0.0019017129	0.021163346	0.0046919254	0.0015121822	0.0010414927	0.0008037443	0.00082189986	0.0012642702	0.0005749993	0.00025400062	0.007821101	0.0016134798	0.00617694	0.0014090247	0.0007296472	0.0011661174	0.0014090247	0.0032666994	0.0021458573	0.0037450488	0.00014574343	0.00017934285	0.0007690969	0.0013928687	0.0018947202	0.001223672	0.0015539046	0.0005352869	0.0027850524	0.000497024	0.0020978495	0.00029609937	0.012852992	0.00017167808	0.00066565	0.0009172999	0.00021207353	0.0032261717	0.00033180838	0.0005393514	0.00058811164	0.0019391518	0.012521622	0.0011636717	0.0010998097	0.0051261405	-21.342254638671875
s06e02b	475.0	5.0	0.8296871	0.8296871	0.005445268	0.03799944	0.00016016387	0.0014313107	0.13818775	0.00055026484	0.0016717359	0.0095369425	0.0018456613	0.00021344649	0.0013067487	0.0011051617	0.001239211	0.0021362891	0.001065333	0.0006544231	0.0034672108	0.020973917	0.021383347	0.001793798	0.0020664895	0.0032682773	0.0005513287	0.0032682773	0.046742324	0.0036457097	0.002614972	0.00091835414	0.00049893284	0.00081008935	0.0033407947	0.00035910393	0.00044607525	0.0039902385	0.0021139344	0.0039902385	0.006829069	0.005063961	0.0013699789	0.006829069	0.0008881819	0.005901785	0.03529524	0.0047093313	0.0025368372	0.0009849425	0.023478894	0.0014276629	0.008019084	0.0025175666	0.0012807382	0.001990384	0.00071083056	0.0015072239	0.0006533782	0.00069521257	0.00023882822	0.0017131541	0.0010723947	0.00070212054	0.0010825507	0.00027636677	0.00070760254	0.0018634843	0.0023773874	0.007918604	0.0011377106	0.0008543822	0.010715517	-20.194110870361328
s06e02b	480.0	5.0	0.9053729	0.9053729	0.021767898	0.18534924	0.00026184157	0.0029228034	0.17496273	0.0027615223	0.0016607248	0.005601488	0.00042386615	0.00029551107	0.002424371	0.0016701602	0.0012577041	0.0010049198	0.0013585918	0.0018536142	0.0031191173	0.019673169	0.010304453	0.0012699274	0.0010689304	0.0013245877	0.00027749682	0.0014308351	0.032487456	0.0038481494	0.0011528647	0.00081360264	0.00034326038	0.00064729305	0.0029345024	0.00014240333	0.0002254488	0.00072894804	0.0005550936	0.0007087897	0.0013314082	0.001087318	0.00019587275	0.0013314082	0.0010880879	0.0017136981	0.010847123	0.0016249524	0.0009017251	0.0012823181	0.0012399466	0.0007202654	0.0024817986	0.009543114	0.00056100613	0.0025151023	0.0009165307	0.0035646458	0.0012882162	0.0028190275	0.0002690689	0.0013291928	0.0003591207	0.00028283434	0.00059430883	0.00022357918	0.0008293442	0.0021037234	0.0016190084	0.0030269455	0.0030947735	0.00017237668	0.009754589	-19.926982879638672
s06e02b	485.0	5.0	0.8696582	0.8696582	0.010250992	0.040234298	0.0005963436	0.0027126225	0.10934123	0.002601356	0.0019067881	0.009512403	0.0019101197	0.00022276335	0.0021966186	0.0043463586	0.0013772394	0.0020482887	0.0009901249	0.0010341426	0.0020336187	0.040199384	0.025052246	0.025052246	0.0022969162	0.00061729713	0.0006600941	0.0014135722	0.06499866	0.0047096196	0.002221247	0.0010977837	0.00062412844	0.0012011983	0.0016611384	0.0003456311	0.0003674965	0.002506082	0.0017930637	0.002506082	0.0038583057	0.002636562	0.0010085141	0.0038583057	0.0010107307	0.007936943	0.019821381	0.0014281995	0.0016932638	0.0010433745	0.0041840714	0.0026289031	0.0037073796	0.0045938003	0.0008136449	0.00091812667	0.0006958091	0.0016191101	0.00019083865	0.01601255	0.0004174168	0.001386769	0.00043550122	0.00047938566	0.0022347814	0.0006881013	0.0071216645	0.0034436616	0.0013289099	0.008080943	0.0013623422	0.00038757923	0.0071216645	-21.08506202697754
s06e02b	490.0	5.0	0.71770376	0.71770376	0.016520916	0.17623098	0.0003491454	0.0008099751	0.0013515429	0.0027690965	0.0020824594	0.009853368	0.0023466216	0.00044769148	0.0017606566	0.0020637373	0.002471694	0.00084456993	0.0007388428	0.0015573158	0.00032409147	0.004629575	0.019935342	0.008437529	0.0016400315	0.003972581	0.003411694	0.003972581	0.033140283	0.002899148	0.00059899414	0.00048084283	0.00041070755	0.0008582322	0.0012159756	0.00033029754	0.0004478784	0.004778124	0.0037836633	0.004778124	0.0028810808	0.0049106875	0.0020854978	0.0049106875	0.001297961	0.010679999	0.029188152	0.0012905925	0.0006236049	0.00092640024	0.009074878	0.00079235266	0.0029050314	0.0021396158	0.00035285094	0.001701009	0.001000779	0.0105001535	0.0018453283	0.006376014	0.00018656041	0.00073545123	0.0070713577	0.00034083935	0.0038227872	0.0016707398	0.0012922088	0.0021410272	0.0010916304	0.0042342483	0.0020383806	0.00036791083	0.016271368	-20.66155242919922
s06e02b	495.0	5.0	0.83339244	0.83339244	0.01344073	0.29379764	0.001287991	0.001063981	0.0055699223	0.0039354744	0.004404782	0.009846955	0.0032969052	0.00060768635	0.0031498098	0.0052728583	0.00047255392	0.00020649433	0.00033052592	0.00041195133	0.0003053507	0.00088582264	0.011048231	0.011048231	0.0012969131	0.0063759447	0.0036908993	0.0063759447	0.12607622	0.006504131	0.001412273	0.0009713841	0.0008639893	0.00095196185	0.0014390587	0.00076774077	0.001002585	0.0024275386	0.00042266014	0.0024275386	0.0010220697	0.0003009229	0.00063716905	0.0010220697	0.00079599157	0.0024753534	0.004551315	9.31454e-05	0.00023498993	0.0011313015	0.0019091944	0.00076774077	0.0011760556	0.0005140214	0.0015669732	0.0007969156	0.0006305832	0.026191862	0.00089270185	0.01146463	0.00021081751	0.0022318147	0.010295106	0.00013054567	0.0022794704	0.0007348729	0.00021553636	0.00043095846	0.0004981896	0.0044185105	0.0012523213	0.00019152826	0.020120068	-19.26042938232422
s06e02b	500.0	5.0	0.8837345	0.8837345	0.0081742285	0.11102816	0.000730131	0.0026365446	0.011037228	0.003908928	0.0029961173	0.04680835	0.002817718	0.00032992556	0.0056166053	0.0014650046	0.0010327041	0.00083269767	0.0006896871	0.00042148447	0.0005898446	0.0054972745	0.023739414	0.021313377	0.0012966199	0.0013320169	0.00089246844	0.0019521021	0.09173262	0.0030130437	0.00074271875	0.0014152371	0.0008609766	0.0012021284	0.0007880211	0.0006440449	0.0005699256	0.0026480588	0.00038740228	0.0026480588	0.0012840568	0.00024587204	0.00050317944	0.0012840568	0.0009024901	0.00096024905	0.0024133218	8.884601e-05	0.00016466035	0.0009358534	0.0012352137	0.00078017905	0.0007243355	0.0017909791	0.0019590259	0.0020552434	0.00041008237	0.0032903464	0.0010955199	0.028574511	0.00012979942	0.0010274912	0.0016553135	0.000247679	0.0010948004	0.0005315048	0.00028154618	0.00051845267	0.0006103474	0.0023471643	0.0022279508	0.00045525038	0.006972179	-19.028392791748047
s06e02b	505.0	5.0	0.8820669	0.8820669	0.011686123	0.089497745	0.00018091834	0.0013253392	0.041858807	0.000771723	0.0028049094	0.033439014	0.0021194092	0.00024895798	0.0028098617	0.001579685	0.0011171876	0.002681566	0.001194655	0.000562299	0.0029903017	0.0057187285	0.039074946	0.012002599	0.0042080865	0.0014785102	0.0011550313	0.0021985047	0.038149785	0.004262505	0.002052872	0.0011090714	0.0004110781	0.0009863296	0.0015347705	0.00022798807	0.00037448562	0.0025595154	0.0006355064	0.0025595154	0.0067566824	0.001052687	0.00046614662	0.0067566824	0.0011753764	0.002900575	0.014034366	0.0005810374	0.001180164	0.00042959466	0.010982353	0.0023828254	0.0049711764	0.006496931	0.0007523065	0.0015140625	0.00038154682	0.002801609	0.00075690006	0.003128722	0.0006529294	0.00058460224	0.00085763546	0.00039763763	0.0028297054	0.00041543515	0.00081767765	0.0015004905	0.0015852442	0.013026527	0.0019669337	0.00040702487	0.0028297054	-19.32290267944336
s06e02b	510.0	5.0	0.8808156	0.8808156	0.0044443584	0.111714594	0.0055498015	0.00047478685	0.0038049622	0.024689667	0.00102037	0.11349623	0.0016486791	0.00041541038	0.005093918	0.0034273362	0.0019587276	0.0019129161	0.0011873557	0.00020012735	0.00011587071	0.0007860969	0.113939516	0.113939516	0.0028519076	0.004682796	0.0037821142	0.0060503343	0.016365018	0.0020431438	0.00070933165	0.00046862618	0.0005755043	0.00044171608	0.0010268785	0.0006796453	0.0001830326	0.003466163	0.0013105653	0.0022071556	0.0017524409	0.0008985201	0.00067125255	0.0017524409	0.002465152	0.0040564793	0.018175485	0.00035870908	0.00032379714	0.0011601257	0.0016890864	0.0034000473	0.0014601272	0.002644886	0.0022343444	0.0025712948	0.0003701268	0.0018434252	0.001209008	0.009464277	0.00020432097	0.00085750304	0.002546185	9.145343e-05	0.0019297943	0.0011800353	0.0008919639	0.0017609517	0.0008424259	0.0035179665	0.00093746197	0.00084855966	0.006677952	-20.52231979370117
s06e02b	515.0	5.0	0.91927737	0.91927737	0.009028876	0.24914292	0.002471518	0.00035879458	0.003101703	0.021680305	0.0028426799	0.025911305	0.00026767567	0.001292996	0.049381558	0.006329693	0.005654871	0.0012883082	0.0018598011	5.775196e-05	0.00020612746	0.0010359802	0.0077037355	0.006666089	0.002873047	0.0039082486	0.0021035352	0.0050277296	0.024593223	0.0032082591	0.0010948891	0.00089789147	0.00031832443	0.00060330733	0.0011906895	0.0006105141	0.00018134252	0.003933925	0.0013585013	0.0013270115	0.0015489631	0.00069929083	0.0002334003	0.0015489631	0.0023766763	0.004115828	0.009040749	0.00033119586	0.0002707338	0.001453406	0.0014970809	0.0023480107	0.001818233	0.0029892924	0.0013384236	0.0034280203	0.0011070595	0.0028208336	0.000843076	0.025371311	0.00028015807	0.0009864296	0.0032193153	0.00028574886	0.0026037362	0.0025814222	0.0003696636	0.00040854872	0.0014533777	0.007453934	0.0014180142	0.0015797873	0.006840366	-22.743640899658203
s06e02b	520.0	5.0	0.93556356	0.93556356	0.017157344	0.19228882	0.0005600661	0.00021385451	0.0013608594	0.0038828605	0.00061793637	0.035228092	0.000920115	0.00066011545	0.00985002	0.0025663197	0.0006015208	0.0009707124	0.00067233003	0.00017529303	5.3981632e-05	0.0005637957	0.053114787	0.053114787	0.0045848433	0.0028317808	0.0027674234	0.0032510804	0.033287887	0.001204236	0.0003550048	0.00041763872	0.000322597	0.00033227148	0.00035624887	0.00034631699	0.00014550681	0.0028765558	0.00053906074	0.0018003708	0.00070620934	0.00048660292	0.0003910955	0.00070620934	0.000764747	0.0013794708	0.004541052	0.00016482228	0.00013440734	0.0006031159	0.0011759083	0.00068391935	0.00046213178	0.00071855274	0.0008525488	0.00057161937	0.00015290927	0.0017775596	0.0006253923	0.08569471	0.00029094119	0.00059144874	0.0028177288	0.000113503884	0.00082094566	0.00047671716	0.00021380435	0.00047115952	0.0006128215	0.0045270543	0.00041486803	0.00058680144	0.0018126424	-20.29445457458496
s06e02b	525.0	5.0	0.829288	0.829288	0.0041374285	0.33876312	0.0005167225	0.00086164905	0.0026410148	0.0031964504	0.0031483788	0.023885284	0.0010479869	0.00051137246	0.0026598172	0.0014332872	0.000673721	0.00030651852	0.0004387556	0.0006275788	0.00012662892	0.0007607261	0.004558093	0.004558093	0.0015194122	0.002199974	0.001154941	0.002199974	0.0699348	0.0048044194	0.0009358316	0.000835419	0.00044904544	0.0005069306	0.0010600449	0.0018735558	0.0004036214	0.0018838295	0.0006351649	0.0015913192	0.00072902656	0.0006524154	0.00042628444	0.00072902656	0.0004435202	0.0018856899	0.004560103	0.00012392733	0.00020299798	0.00083149725	0.001545894	0.0018735558	0.00077405036	0.00070234877	0.00062325643	0.0012580875	0.00039396767	0.0069721695	0.0013464707	0.0048615844	0.00010034149	0.0014005409	0.00294066	0.00023673952	0.0015399416	0.00041286164	0.00022084922	0.00042186654	0.00023453777	0.0051331343	0.0007907019	0.00020681057	0.00546152	-19.441425323486328
s06e02b	530.0	5.0	0.8828168	0.8828168	0.0132196555	0.319156	0.00037282245	0.00082798133	0.0011836913	0.0020749844	0.0025231913	0.023835234	0.00057988777	0.00037884695	0.0027374628	0.0031970418	0.0036659301	0.0003548921	0.00044652494	0.00035456696	0.00017471734	0.0011775868	0.00927022	0.00927022	0.0016408289	0.00560126	0.0038639011	0.00560126	0.06860898	0.006384992	0.0020317275	0.0010180842	0.00055902795	0.00090897805	0.001163178	0.0023754328	0.00041744547	0.0033002885	0.000912622	0.0014299203	0.0015289591	0.00081112434	0.00036980532	0.0015289591	0.00090574595	0.004116682	0.008866803	0.000274919	0.0005379907	0.00106744	0.001236266	0.0023754328	0.00121856	0.00086705026	0.0014019042	0.0014230282	0.0003279455	0.005400047	0.0008656349	0.017845564	0.00014088376	0.00076121994	0.0040716417	0.00012996563	0.0023825467	0.00031095746	0.00024426333	0.00042964157	0.000661647	0.0046241134	0.0019622806	0.00064940756	0.008069629	-21.859840393066406
s06e02b	535.0	5.0	0.8332441	0.8332441	0.022241874	0.0028800757	0.0004491067	0.00022123428	0.0008166113	0.0018721892	0.0011378	0.0012213466	0.0006024868	8.418609e-05	0.008303727	0.04740029	0.0005366282	0.00014618185	0.007735458	2.5993795e-05	8.8253e-05	0.00051935785	0.010318351	0.004910813	0.003971355	0.0032497887	0.0008421759	0.008698119	0.0100327525	0.0020444726	0.0007456423	0.0009329533	0.00023931784	0.000565019	0.0005295002	0.00067756476	8.8605135e-05	0.022808619	0.0029806246	0.010534379	0.0008739587	0.0009429722	0.002055971	0.0009429722	0.0123142395	0.0039936397	0.00424055	0.00030271788	0.00027646244	0.00023529507	0.0012169268	0.0021583934	0.0007657234	0.01572839	0.00025193248	0.00084602943	0.00059237477	0.00043229922	0.00018878018	0.005769859	0.0004582627	0.00041982732	0.00040283301	0.0001522894	0.0018744736	0.007219908	0.0015713397	0.00063451024	0.00079561886	0.013305846	0.0021901443	0.0019097034	0.03660975	-35.86935806274414
s06e02b	540.0	5.0	0.853189	0.853189	0.09742021	0.00749322	0.0005709401	0.0006308351	0.0018732696	0.0017836068	0.0014603087	0.0015504461	0.0032666668	0.00030684573	0.0018086608	0.010447872	0.0044216956	0.0008768414	0.0021813419	0.00022370221	0.0004340258	0.0016523044	0.0099119	0.0099119	0.004606777	0.0027540005	0.0018940143	0.003624507	0.0155692715	0.001485728	0.00070908765	0.00035965003	0.00017841464	0.00030237262	0.00057503826	0.0003279183	0.00013084052	0.013447093	0.0026872912	0.008975533	0.0029405875	0.0014318252	0.0031297556	0.0029405875	0.0064419135	0.002582148	0.0029777437	0.00033627776	0.00012981019	0.0002502779	0.0010903042	0.0032009752	0.0006214856	0.002143442	0.00050853856	0.0016095786	0.0005508714	0.004805021	0.00018402375	0.0023875693	0.0006082913	0.0007686756	0.003298159	0.00015441696	0.003374671	0.00073802785	0.0007700642	0.00148763	0.0013315794	0.039213642	0.0023729256	0.0022825706	0.01915178	-26.171539306640625
s06e02b	545.0	5.0	0.8465205	0.8465205	0.029441375	0.14880298	0.0010629168	0.0003286914	0.003951802	0.0027031347	0.0028114736	0.02478087	0.0017988185	0.0008383412	0.0044447826	0.0041844607	0.003899054	0.0006176485	0.000772592	0.0014100852	0.00019649923	0.0012409142	0.028348992	0.028348992	0.005143731	0.011370631	0.009363451	0.12907283	0.055053294	0.0048762527	0.0015428588	0.00073538814	0.00048996176	0.0006393416	0.00081895915	0.0020563107	0.0002503051	0.004818427	0.0014218037	0.0038194477	0.001058514	0.0010107779	0.0013358567	0.001058514	0.0012264889	0.0042419415	0.004825809	0.00023570012	0.00020821237	0.00048779204	0.0010138298	0.0020563107	0.00082436274	0.0010725596	0.0014801598	0.00102471	0.0010170426	0.0037466073	0.00044217947	0.02698365	0.00019564318	0.00067457394	0.0022672887	0.0002964547	0.0026822686	0.00096889265	0.00019544126	0.00050694414	0.00090870005	0.0147694135	0.0018042765	0.0005412197	0.0033806118	-21.902996063232425
s06e02b	550.0	5.0	0.87329453	0.87329453	0.0063287662	0.3018703	0.00035383558	0.0004752154	0.0011827034	0.001028936	0.0024507141	0.016308459	0.0003881499	0.00026892681	0.0023058918	0.001774328	0.0010358982	0.00020410484	0.0014644335	0.00066535885	0.0002228989	0.000478179	0.0056783957	0.0056783957	0.000846913	0.0041623604	0.0015536515	0.0041623604	0.07763179	0.004755272	0.0012615204	0.0008664077	0.00041595884	0.001382118	0.0020646516	0.0006223408	0.0007850579	0.0023350571	0.00051869836	0.0023350571	0.0007115385	0.00030136015	0.00043987058	0.0007115385	0.0008490465	0.0016804809	0.0041868063	0.00011255424	0.00014540945	0.00072737905	0.0014912445	0.0006223408	0.0015121793	0.0007563045	0.0006374658	0.0013375978	0.0011615371	0.0050417436	0.0015321749	0.019647654	9.6212636e-05	0.0006256111	0.0008951669	0.000116644056	0.0027233413	0.0009558216	0.00021125596	0.00026809302	0.00090665737	0.007376439	0.0013295151	0.0002265594	0.006864818	-19.77237701416016
s06e02b	555.0	5.0	0.8776422	0.8776422	0.019079912	0.13798821	0.00024370571	0.00040634917	0.0010064624	0.026645543	0.0027619607	0.0025855333	0.00071058876	0.00027399295	0.0038686744	0.005879717	0.0009901546	7.35001e-05	0.0004426383	0.00015286729	0.00019448297	0.0014712526	0.0110554965	0.0027250345	0.0024486377	0.001994684	0.0011754776	0.0030909611	0.010101696	0.0013313681	0.00039522542	0.00093163014	0.00019359324	0.00068386464	0.0008290945	0.00010875173	0.00015438134	0.008972042	0.0013989346	0.008972042	0.0005676378	0.00062792824	0.0028162072	0.00062792824	0.0018195525	0.0019474725	0.0044933856	0.000363588	9.515823e-05	0.0005076615	0.0027705505	0.00066269236	0.0008293616	0.0010880998	0.00069796154	0.002582154	0.0002718416	0.000799866	0.00010975959	0.0017744495	0.00016668631	0.00039453237	0.00084516365	7.174339e-05	0.0007125995	0.00019496903	0.00049666024	0.0004977574	0.00035718016	0.0047652344	0.0009935626	0.0018516222	0.0073405053	-22.63892364501953
s06e02b	560.0	5.0	0.7986248	0.7986248	0.03234811	0.024584776	0.0012084744	0.0003552948	0.0012872533	0.01173289	0.0018544127	0.006364056	0.0020848468	0.0002776487	0.052141324	0.01528148	0.005752057	0.00046964732	0.001136249	0.00011414306	0.000191264	0.0013311001	0.03407271	0.03407271	0.010517697	0.0010153654	0.00064893794	0.0022712941	0.019302508	0.0033542854	0.0011837628	0.0007858651	0.0003249776	0.0005631113	0.0009208658	0.00049871934	0.00020247762	0.0042429306	0.0013291136	0.0009931343	0.0010347387	0.0011142158	0.00040569872	0.0011142158	0.0011027593	0.0020507192	0.0027910846	0.00035229835	0.0003148291	0.0005145886	0.0019650168	0.0012838764	0.0010070197	0.0011470645	0.00018659563	0.0012300999	0.0004445653	0.0024296297	0.00017066632	0.005456042	7.775201e-05	0.0010149437	0.0009651001	0.00033985943	0.0021260392	0.0012491846	0.00049134606	0.0005031471	0.00041489868	0.009093399	0.0011308597	0.0016007478	0.006927686	-32.92884826660156
s06e02b	565.0	5.0	0.8653125	0.8653125	0.19380738	0.030760385	0.00018689282	0.005639448	0.031213846	0.0030298566	0.0029951844	0.0024073343	0.0031407885	0.00026152373	0.0085595725	0.011054407	0.0032134799	0.001980138	0.0016709475	0.0011480204	0.001885226	0.12357664	0.005993923	0.005993923	0.005193493	0.00082864665	0.0007051307	0.0026731559	0.030187849	0.004608636	0.0018325478	0.00073651	0.0004194751	0.0008126167	0.0019081043	0.00056904054	0.00036991673	0.0069835484	0.0069835484	0.0048087053	0.007766637	0.01327633	0.0019105396	0.01327633	0.0034067072	0.010934377	0.017258678	0.0058802883	0.001514508	0.0019406187	0.0033828588	0.004528077	0.0023216389	0.005580473	0.0002946339	0.0011912413	0.00071381713	0.004351673	0.00013728734	0.005486531	0.0006584256	0.0019540407	0.0010281653	0.0003528262	0.002208128	0.0003468139	0.002615946	0.0030763203	0.0025916228	0.010833742	0.009532223	0.0012977528	0.009532223	-26.556493759155277
s06e02b	570.0	5.0	0.85387534	0.85387534	0.023123719	0.054274052	0.0011684602	0.0006412434	0.013967816	0.0023840475	0.0014807872	0.010319588	0.0007127998	0.00028015702	0.009452479	0.013409896	0.0007789143	0.0014126988	0.0032708289	0.0003348856	0.00065503176	0.0017900042	0.015808262	0.015808262	0.0026080406	0.0015045281	0.000609768	0.0015045281	0.01492845	0.0027838012	0.0012080865	0.00090657175	0.00023684088	0.000491009	0.0010073843	0.00017932986	0.0001267693	0.006106875	0.0052155196	0.006106875	0.0008327116	0.004179119	0.005036835	0.004179119	0.0026032892	0.0042985124	0.017166248	0.0026845322	0.00089249946	0.00078302796	0.050136063	0.0012757854	0.0053563304	0.027529672	0.00055583456	0.0030220281	0.0013064836	0.0028056777	0.0010442178	0.011237264	0.00080864446	0.00090600835	0.0024756289	0.0006967958	0.002654516	0.0011064522	0.0013473711	0.0022043998	0.002398349	0.0068169846	0.001988162	0.0013215081	0.015787836	-21.19202041625977
s06e02b	575.0	5.0	0.81429166	0.81429166	0.052206844	0.026247645	0.0006908067	0.0014478341	0.06575997	0.0032363478	0.0015737774	0.005330276	0.0019227196	0.00024646914	0.010650551	0.005550888	0.011925249	0.005097254	0.0014579742	0.0003183596	0.0018597196	0.009892463	0.043541484	0.043541484	0.0038790798	0.0035676518	0.00195552	0.0035676518	0.022546854	0.0046866247	0.001382353	0.0011435939	0.00034539477	0.0007510744	0.0023666688	0.0006218292	0.00019108663	0.008684118	0.0036571266	0.008684118	0.001703689	0.0030517278	0.005708321	0.0033076545	0.0020169588	0.005161121	0.008351062	0.002473809	0.0017037311	0.00074065704	0.03713506	0.0022857548	0.0026594226	0.010440789	0.0006066863	0.0027705953	0.0015451228	0.0027988607	0.00019054045	0.002122955	0.0010144251	0.00077051786	0.0013561564	0.0011498979	0.0023236377	0.0010754269	0.004249463	0.0062606484	0.004113153	0.003290922	0.002846191	0.00090375246	0.013349996	-25.910234451293945
s06e02b	580.0	5.0	0.9108491	0.9108491	0.007058596	0.049170233	0.021523949	0.00147957	0.0132052135	0.016036436	0.0013704683	0.041730773	0.008758419	0.0013147433	0.037858106	0.0009637907	0.0038975356	0.0045506153	0.0005638578	6.3320615e-05	8.1924794e-05	0.00028128942	0.010798117	0.010798117	0.008106008	0.0012049014	0.00070502015	0.0024362493	0.01879079	0.0017273369	0.00027715784	0.00040966432	0.00011183902	0.0002765062	0.000624994	0.00015975586	0.00025689008	0.0016895754	0.0005321598	0.0016895754	0.00090230955	0.0005178669	0.00026758664	0.00090230955	0.0010499796	0.0013289795	0.0030872256	0.00010480639	0.00018534163	0.00037967056	0.00086001185	0.0018793233	0.0013079902	0.00055265694	0.00039175336	0.00044950543	0.00020653999	0.003931008	0.000287645	0.0176492	9.48361e-05	0.00026108176	0.0006029653	0.00044806162	0.0022689828	0.00073305954	0.00039000576	0.0005064435	0.0010124587	0.002846957	0.0007327554	0.00095218635	0.0022689828	-21.46088409423828
s06e02b	585.0	5.0	0.8074808	0.8074808	0.005364822	0.02965452	0.0019758437	0.003127672	0.005052382	0.013241506	0.0029365206	0.14371768	0.0009252179	0.00025649677	0.0066449954	0.0037746674	0.001137345	0.0022014733	0.001671074	0.00042225985	0.0017654309	0.022816284	0.010309999	0.010309999	0.0024439122	0.0013358014	0.0015172666	0.0018504453	0.02090598	0.003195202	0.0009031938	0.0005761069	0.00013628016	0.00043358208	0.00091915077	0.00031184516	0.00015838939	0.0058431705	0.0021046465	0.0058431705	0.017718356	0.005316026	0.0010174239	0.017718356	0.0021420117	0.005847837	0.017613132	0.0007650459	0.0010548789	0.0013611044	0.0036049848	0.0042493218	0.0010922638	0.004591383	0.0007151507	0.0028662235	0.00051439856	0.0015205729	0.002315005	0.0008578128	5.9631766e-05	0.0010788543	0.0005855997	0.0003002191	0.0013460629	0.0006177144	0.0012246544	0.0017622864	0.00048060107	0.034552354	0.0013722412	0.00086297194	0.0028353028	-18.94278335571289
s06e02b	590.0	5.0	0.50208306	0.50208306	0.018325537	0.02019011	8.649181e-05	0.033001754	0.012413692	0.00052024174	0.2513569	0.009540519	0.00022171446	3.462177e-05	0.0006331752	0.001582043	0.00015367827	4.9917908e-05	0.018530896	0.0009422303	0.06157242	0.04803026	0.0010271422	0.00092111627	0.00013688889	0.0018973418	0.00056873413	0.0018973418	0.6906579	0.10348566	0.04487408	0.0016653198	0.0007405946	0.00087681133	0.09464493	0.0007719572	0.005970454	0.00025163815	0.0002202686	0.00013480599	0.0005264005	0.0006478695	3.9750677e-05	0.0006478695	0.00029332613	0.0009963836	0.0016597433	0.0001436641	6.890124e-05	0.00025312405	0.0002393466	0.0009182124	0.00021110575	0.001966112	0.0002798847	0.005706727	0.0004728878	0.0007428139	0.00042359188	0.00044069492	0.00028677806	0.00023632568	0.00010660042	3.7078666e-05	0.0003605354	0.00021222928	0.0003313933	0.0054932795	0.00024338598	0.0031899349	0.0048120357	0.00012513952	0.020250235	-19.764923095703125
s06e02b	595.0	5.0	0.7876926	0.7876926	0.010027729	0.0038085808	0.0001817079	0.0008139687	0.015179167	0.001581951	0.0012294275	0.0011622986	0.00075248216	9.350128e-05	0.007670138	0.003343088	0.0012761604	0.00010943801	0.0028568166	7.15877e-05	0.00066661846	0.0027641684	0.00086343836	0.00086343836	0.00011324734	0.0008671353	0.00023456238	0.0008671353	0.019885337	0.0019344747	0.00052194315	6.6329114e-05	7.76902e-05	0.00014930272	0.002091816	2.6745141e-05	0.0001728525	0.000106469066	0.0001046058	0.00010302438	5.6572222e-05	5.403272e-05	3.726495e-05	5.6572222e-05	0.00081512047	0.0001924083	0.00062381447	5.1336214e-05	0.00011513653	0.00018049362	0.0004373744	0.00024249859	0.0003177765	0.3096061	7.028389e-05	0.09060821	0.0011707374	0.00024497818	0.001311736	0.000105939194	6.736362e-05	0.00023996402	9.3317605e-05	0.000121824196	0.0005049035	0.0021484627	0.001834735	0.030758912	0.0011040694	0.0038472244	0.0025857708	9.161334e-05	0.24873778	-22.33778381347656
s06e02b	600.0	5.0	0.83423984	0.83423984	0.06261132	0.09588046	0.0009890859	0.004299253	0.3216635	0.002638194	0.0022699188	0.0013410201	0.00043865168	0.00037775605	0.0042851837	0.003196516	0.0046265945	0.0005643694	0.0031932797	0.0013165176	0.007810891	0.015344967	0.002785173	0.0027817027	0.0014906086	0.0016701856	0.00096142536	0.002720737	0.03398492	0.011438988	0.005810201	0.001586305	0.0002770952	0.0010626429	0.002490964	0.000425392	0.00043458203	0.0024967326	0.0018498069	0.0019455854	0.0049119364	0.0035248685	0.00045806702	0.0049119364	0.0011128029	0.0052022585	0.004035729	0.0008762217	0.0005578753	0.0012996992	0.0031163103	0.0007863311	0.0014493198	0.009336443	0.0004915267	0.002954173	0.0009259793	0.0035216275	0.0011747003	0.046013918	0.0005518266	0.0013257255	0.0003122218	0.00035464135	0.0023726183	0.0015241753	0.00047922487	0.002766956	0.0031561493	0.0075970707	0.0059299334	0.00021866278	0.0059299334	-19.933320999145508
s06e02b	605.0	5.0	0.8147426	0.8147426	0.07393421	0.025925053	0.0008329612	0.0020893537	0.13280313	0.00381798	0.0014060094	0.0010079478	0.00063736585	0.00020221328	0.006377679	0.004268078	0.0025272064	0.00036489204	0.0013662832	0.0013414767	0.0018763043	0.02510726	0.0031321906	0.0008762192	0.0028271058	0.00131073	0.0015258612	0.003343803	0.021082578	0.0029253587	0.0011379464	0.00075840333	0.00032348983	0.0006249382	0.0031134053	0.00048732868	0.00032336125	0.004654326	0.004654326	0.0018483222	0.0068039345	0.015122936	0.00087337306	0.015582799	0.0018773993	0.010061602	0.014768345	0.0034365994	0.0006974722	0.0012407321	0.005989578	0.0010653335	0.0026411777	0.015410278	0.0008283403	0.001547321	0.00204013	0.006302008	0.0022997197	0.005345218	0.0009483122	0.001586308	0.0008372695	0.0007255569	0.0026529334	0.00268859	0.0017669584	0.0033184008	0.0046365703	0.02366147	0.0049431543	0.00019772122	0.007610625	-19.81903648376465
s06e02b	610.0	5.0	0.8573858	0.8573858	0.025887439	0.040610388	0.00056814414	0.0011994758	0.0097046085	0.0012394541	0.004203567	0.0017535724	0.00044996975	0.00017981116	0.0036636651	0.0012477838	0.0003112858	9.633794e-05	0.00056347525	0.00032678575	0.00031406048	0.0025549047	0.0034198393	0.001579767	0.0013159479	0.0013424827	0.0012031468	0.009066751	0.07591429	0.0146844275	0.0052591455	0.0008724095	0.0007979194	0.00089482195	0.0050026784	0.0006864177	0.000466562	0.0010424218	0.0005190149	0.00082907	0.00069259387	0.00031369302	0.00033388173	0.00069259387	0.0009166713	0.0029318	0.0032562362	0.0002783439	0.00017302185	0.00054371526	0.0007059147	0.00054383423	0.0012001564	0.0019584433	0.00077946414	0.0018680443	0.0032800697	0.014700601	0.00078210654	0.0035559796	0.00021973538	0.0015423592	0.003651031	0.00012758764	0.007943095	0.0014399443	0.00019639208	0.00044178302	0.0012215129	0.0029746364	0.001396397	0.00021231004	0.014037455	-18.783557891845703
s06e02b	615.0	5.0	0.9512794	0.9512794	0.013403759	0.04718819	0.00027712376	0.00029992187	0.0016738782	0.0008802685	0.0014679632	0.0019484394	0.0001322451	0.00034440027	0.0020600096	0.0038816729	0.000685012	0.00025529324	0.0013252451	0.0009190829	0.00012613868	0.000752428	0.0037861788	0.0026041684	0.00090443343	0.0006048538	0.0016276902	0.0016276902	0.025065282	0.003950931	0.0015687721	0.00047739563	0.00034051144	0.0003514669	0.000852362	0.0002672361	0.00010849216	0.0012355114	0.0005808273	0.0004899937	0.0007126266	0.00028391962	0.0001715704	0.0007126266	0.0008816611	0.0017445243	0.0012322078	0.00012836768	6.920553e-05	0.00022429271	0.0010284862	0.00033433054	0.0005882047	0.0024435692	0.00013808032	0.002973839	0.0014613896	0.0040308773	0.0009346945	0.018557752	0.00013365889	0.0002837865	0.004458066	0.0001197064	0.0018870026	0.0014074676	0.00016594383	0.00062779	0.0003548165	0.009019798	0.0004486538	0.00017143418	0.00397653	-20.60552978515625
s06e02b	620.0	5.0	0.8199958	0.8199958	0.03593256	0.05355342	0.00030533873	0.0035822934	0.07409805	0.0010653599	0.004309058	0.0011972329	0.0010549804	0.00020598226	0.0013218486	0.0020610236	0.0014702505	0.0005471162	0.0024861523	0.0009060389	0.008472571	0.002844604	0.004458443	0.004458443	0.002081536	0.0011765138	0.00031861954	0.003521532	0.075786844	0.015577979	0.0034505774	0.0011749986	0.00028471413	0.00080057664	0.002588123	9.509763e-05	0.00045314533	0.00073897163	0.00024507256	0.00061039045	0.00054280984	0.00029658814	0.0001333924	0.00054280984	0.0010686737	0.0011641158	0.002059942	0.00021742789	0.00016931951	0.00022801069	0.0007027528	0.00061918626	0.0007888938	0.008636577	0.00014032602	0.0030922517	0.0011753221	0.00427319	0.0004669037	0.003029344	0.00034322112	0.00068889296	0.0005564187	0.00010954587	0.0018227146	0.0004540858	0.00022454993	0.0018386163	0.0002922704	0.005613011	0.004386481	6.9277834e-05	0.006482902	-19.014162063598636
s06e02b	625.0	5.0	0.8355021	0.8355021	0.0012850999	0.004192892	0.00010293826	0.00017259493	0.0015603951	0.00018486934	0.0038294953	0.00575098	0.00019880536	1.2708004e-05	0.0027533968	0.0050724125	5.2362608e-05	9.716089e-05	0.000111337955	7.200535e-05	0.0002125385	0.00038448157	0.0023718127	0.0018530681	0.00096085074	0.0017786963	0.0001834012	0.0017786963	0.04572306	0.0015786777	0.00083530194	0.00030915992	0.00022050689	0.00034231564	0.0012286075	0.00015676278	0.0004006789	0.001821178	0.0008113204	0.001821178	0.00014722288	0.00041091003	0.00039875557	0.00041091003	0.0016625212	0.0031845705	0.08219069	0.00030892566	0.0003016453	0.00026570994	0.0068456028	0.0008514179	0.0052515776	0.6360574	0.0003235216	0.006276942	0.0012772304	0.00031971923	0.00039165758	0.0011713147	0.037104044	0.0005653721	0.00051778945	0.000107973756	0.01181021	0.0018611611	0.00046316572	0.018717514	0.0011623623	0.00046214412	0.000283335	0.00029201413	0.018717514	-23.94728660583496
s06e02b	630.0	5.0	0.7374529	0.7374529	0.018582989	0.028827863	0.0004209629	0.0050468193	0.07439873	0.0035200734	0.01573606	0.041848797	0.0010348344	0.00020172397	0.0013836873	0.0025759276	0.0022420806	0.003621226	0.0058644074	0.0018665068	0.0036213242	0.028038342	0.008043998	0.0014333157	0.0010620448	0.0023535218	0.00056882657	0.0023535218	0.033383854	0.0030396353	0.0018939917	0.00052561465	0.00024714143	0.0003574283	0.0022842502	0.00043162925	0.0005779226	0.0023684935	0.0023684935	0.0021000209	0.0031750228	0.0025727297	0.001319695	0.0031750228	0.0011978352	0.006404556	0.017478159	0.0009864259	0.0006869255	0.0005637017	0.018908516	0.0027912557	0.006471551	0.021354593	0.0010715057	0.009512767	0.00085066253	0.0013480104	0.0008291727	0.0008422502	0.0009055039	0.00093275594	0.00091459544	0.00035759463	0.00381104	0.0011728527	0.001789671	0.008803183	0.0015119272	0.004391367	0.0017394661	0.00084788725	0.008803183	-19.61449241638184
s06e02b	635.0	5.0	0.557915	0.557915	0.0032541782	0.21822561	0.00052578474	0.00081609085	0.0026401079	0.0020444705	0.062672645	0.061804578	0.0002849743	0.00011170708	0.0007770872	0.0017663141	0.0014547255	0.00015310798	0.022310989	0.00087533216	0.0010882963	0.0017774471	0.00856675	0.0023730588	0.0011384983	0.0037855692	0.001146004	0.0037855692	0.18739817	0.007637597	0.0022163445	0.000835745	0.00025632442	0.0004641438	0.0008235356	0.00059193344	0.0015140272	0.0014785652	0.00027121123	0.0014549327	0.0012481903	0.00026032538	0.00031215063	0.0012481903	0.00077136414	0.0016227361	0.008547078	0.00024333909	0.00018392096	0.00035306343	0.0008921781	0.0011969227	0.0009427422	0.0017500469	0.0010303054	0.0031428973	0.0034238102	0.004307598	0.0015895761	0.0018078078	0.00029070606	0.000453241	0.0021318235	0.00016253495	0.0023295637	0.0007021674	0.00014978484	0.00057686766	0.0006152815	0.0033514681	0.0010429607	0.0004888137	0.0026387447	-21.70252799987793
s06e02b	640.0	5.0	0.8118563	0.8118563	0.003870913	0.0032986184	0.00557783	0.00025124522	0.00097408285	0.0025179416	0.0024793432	0.011128418	0.0007013682	0.00085603277	0.019175993	0.0018781967	0.0017951252	0.00013928581	0.0010164484	7.55288e-05	0.00022599092	0.00031780408	0.027520819	0.027520819	0.014240629	0.0025084955	0.0017926405	0.012621045	0.038151633	0.00537618	0.0010987269	0.00061876647	0.00040021946	0.0006471499	0.0046836073	0.00021773181	0.00030152022	0.0010307747	0.00022615411	0.00038120378	0.00032533563	0.00011971016	6.335009e-05	0.00032533563	0.003178162	0.0005097718	0.0012483128	0.00015567834	0.00024295841	0.00051249843	0.0021112624	0.0034848845	0.00047767465	0.010299164	0.00074480433	0.0028779267	0.0066775093	0.00096431514	0.0007431439	0.0037970613	0.0013526761	0.0007014691	0.0005997942	0.00081456575	0.013942698	0.0060954127	0.0015832018	0.001312227	0.0014429683	0.041959193	0.0016264863	0.0003627	0.013942698	-22.18122673034668
s06e02b	645.0	5.0	0.85651624	0.85651624	0.005337187	0.06317284	0.04650258	0.0003829523	0.007874438	0.009784606	0.010667406	0.10847165	0.0003462947	0.0018272678	0.045273207	0.0023820186	0.00515318	0.00095618365	0.005513189	0.00035727653	0.0002758332	0.0006039698	0.034875736	0.034875736	0.021077963	0.0022372783	0.002531871	0.073364705	0.008033716	0.0022605031	0.0010453311	0.00047932603	0.00017394936	0.00036665352	0.00061807595	0.00032894503	0.00021154096	0.002631346	0.00055026246	0.0006053901	0.00035311107	0.00024490576	0.00015908413	0.00035311107	0.0012168805	0.00071426516	0.002304121	0.00028208786	0.00024364483	0.00020010388	0.0009642039	0.001985695	0.00042250525	0.0008283601	0.00013948038	0.0018933384	0.00062397175	0.0006413244	0.00016764778	0.004402008	7.053009e-05	0.00033367905	0.0009996297	0.00075242406	0.0029122157	0.00032054356	0.00029476147	0.000395115	0.000488422	0.0055948813	0.0006098354	0.00039853135	0.0029122157	-25.024507522583008
s06e02b	650.0	5.0	0.22455452	0.22455452	0.03881144	0.003537138	0.00027954494	0.0024989233	0.10138638	0.002041076	0.0034394618	0.0013547641	0.0002752193	0.00033540287	0.0012725773	0.003454431	0.00088186195	0.00060663425	0.00977382	0.0004288637	0.06959636	0.024264552	0.0029422515	0.0002824975	0.0006545762	0.00048388736	8.912749e-05	0.00048976	0.054995473	0.014021085	0.004428115	0.0011733018	0.00042879235	0.0007155133	0.007944057	0.00018483971	0.00048651476	0.0011708663	0.0011708663	0.0011695849	0.0006378538	0.002355529	0.00033525552	0.0023576578	0.00044253934	0.0017137692	0.005138392	0.0010119834	0.0004578162	0.00072030956	0.002743379	0.0005072387	0.001498261	0.024855224	0.0004291913	0.001499288	0.0016902189	0.0005452413	0.0001111272	0.00018458681	0.00020702009	0.0011631077	0.00043386137	0.000160166	0.00077275175	0.00040151642	0.00053241116	0.0025132345	0.00030214238	0.0022984159	0.006774552	0.00051117357	0.029944398	-19.60236167907715
s06e02b	655.0	5.0	0.6897176	0.6897176	0.0054625766	0.0006801754	0.000379636	0.01050051	0.0014017673	0.00088938646	0.028502736	0.002825406	0.00020439677	0.00018870477	0.003541519	0.014310101	0.0014244458	3.5986206e-05	0.0005938621	0.00044249953	0.0008711759	0.0018589533	0.00767347	0.00767347	0.0010745832	0.03006061	0.017910063	0.03006061	0.82180756	0.055050883	0.037161924	0.0004704639	7.9524994e-05	0.0010909578	0.020195503	0.0012783702	0.013161467	0.0028936437	0.0017552492	0.0024340719	0.010272387	0.0051155295	0.0006415564	0.010272387	0.0014890777	0.020458566	0.009371115	0.00037772092	0.001030594	0.00056084385	0.0017782704	0.008763326	0.0009266836	0.0022427025	0.0002642056	0.002853553	0.0009864875	0.0017876123	0.00043656342	0.00032872372	0.0005882243	0.00045467552	0.0002701032	0.00026207586	0.00123672	0.0020288078	0.0007625551	0.001682345	0.0007416341	0.029116128	0.0014647989	0.00036434442	0.018256372	-19.48007583618164
s06e02b	660.0	5.0	0.7614779	0.7614779	0.03662372	0.0012263171	0.00038169834	0.0007147786	0.0023375545	0.00028333394	0.0023231138	0.003729861	0.00010297645	0.00014916086	0.0021336926	0.017314725	0.0021278742	0.00010515036	0.0009317287	6.833914e-05	0.00041709564	0.0096734185	0.023323685	0.008996607	0.0014025858	0.05844941	0.01565211	0.066258535	0.07318559	0.0133645	0.0043524276	0.0010647831	0.00034079075	0.001480317	0.0032695234	0.00030779914	0.00022452681	0.010257476	0.0023578529	0.0021487877	0.004526573	0.0014204895	0.00043543996	0.004526573	0.004796196	0.008072649	0.002408528	0.00041598477	0.00026122245	0.00038468884	0.000806791	0.004024255	0.0003441126	0.005820065	0.00026920106	0.0031846475	0.004876646	0.0015593399	6.2623425e-05	0.0014776228	0.0004992492	0.00040972212	0.007234486	0.00014032242	0.025473291	0.0011554759	0.0004089774	0.0011925084	0.001732533	0.0137698725	0.0037233746	0.00078585534	0.025473291	-21.153051376342773
s06e02b	665.0	5.0	0.688458	0.688458	0.016970992	0.002004614	0.00035860686	0.0022489072	0.12959851	0.0007347822	0.0037108404	0.0007134587	0.0007107574	0.00040491569	0.0042678355	0.0052809655	0.003511423	0.00053452165	0.001560945	0.00084959	0.0055985777	0.011021453	0.015239589	0.0020814578	0.002602893	0.019075528	0.0012572327	0.019075528	0.067790695	0.007850093	0.0036112147	0.0008573021	0.0003084892	0.0007118558	0.0034227788	0.00031485735	0.00028739308	0.006474912	0.006474912	0.0010725438	0.0037761345	0.008478675	0.00044135956	0.008478675	0.0041692504	0.021699464	0.015688106	0.0021071406	0.0011608276	0.0009476159	0.005803649	0.0032958963	0.0038121426	0.008323914	0.00039735305	0.00090043596	0.000698673	0.0012424364	0.00065023435	0.0064092088	0.0013665297	0.001001604	0.0002720197	0.0005363477	0.01316112	0.003166903	0.0022951118	0.0027060914	0.0008913649	0.0065048486	0.0018218186	0.00044718475	0.031826302	-20.206886291503903
s06e02b	670.0	5.0	0.84312874	0.84312874	0.02297766	0.006441132	0.0005853134	0.0019388287	0.30762962	0.0048682303	0.0017660897	0.0017072847	0.0013336265	0.00037196616	0.0036979583	0.006040521	0.0013034132	0.0014942246	0.003086172	0.0010960199	0.0034029698	0.06287032	0.027821096	0.002421999	0.0020533702	0.0015435597	0.00044480778	0.0015435597	0.055301297	0.0027913116	0.0010007985	0.00088893075	0.00025955884	0.0007157605	0.0015517164	0.00018597042	0.00025519906	0.00512609	0.002918005	0.00512609	0.0027574257	0.004279962	0.0016221907	0.004279962	0.0018323803	0.007238542	0.00572182	0.00053010945	0.00021416548	0.00021450514	0.0027134651	0.0017634495	0.0014929246	0.0061465427	0.0002128283	0.0017831008	0.00036629295	0.0010932498	0.00027354428	0.0016687195	0.0010521394	0.00079938135	0.00031747608	0.0005474989	0.0017016684	0.0012720943	0.001837478	0.0035643678	0.0015965482	0.004888703	0.0023216775	0.00013429165	0.022672992	-20.990833282470703
s06e02b	675.0	5.0	0.914052	0.914052	0.036368918	0.23418908	0.00080329983	0.0029505487	0.116869584	0.0013902738	0.001450398	0.01772508	4.810852e-05	0.00048823253	0.00904345	0.005531489	0.0028168098	0.00044516576	0.0045910496	0.00031361257	0.001124254	0.08927265	0.0153871225	0.0153871225	0.0010179796	0.0083321845	0.001449535	0.0083321845	0.040728915	0.0034716292	0.0011109568	0.00056270213	0.00019001812	0.00085706444	0.0014408523	0.00022704163	0.00016965388	0.002182299	0.00072065083	0.0019510587	0.0010824038	0.0005314002	0.00034328463	0.0010824038	0.0018676531	0.0013250426	0.0021625464	0.0003507026	9.389262e-05	0.00027796786	0.0014986442	0.0019054943	0.0010745432	0.007468564	0.0005274749	0.0036310286	0.0017974114	0.00293612	0.00071282627	0.008894319	0.0008775886	0.0004632653	0.00071254413	0.0003432123	0.0025751058	0.0003154005	0.00027374856	0.0029693916	0.0014088892	0.020556657	0.010778475	0.00017255676	0.010778475	-19.80050277709961
s06e02b	680.0	5.0	0.78925484	0.78925484	0.013745377	0.051344905	0.00072733406	0.00091766356	0.003616876	0.0008854614	0.0010413076	0.004411506	0.00021121529	0.00015157432	0.0014199446	0.019184802	0.0010175025	0.00011698202	0.00069584063	0.00044418173	0.00021390874	0.003710054	0.028811345	0.015801141	0.0018273479	0.014398602	0.0056800116	0.014398602	0.06980789	0.006949798	0.0020327808	0.0009484207	0.00045630024	0.0008976472	0.0028621543	0.0005338424	0.00055434223	0.0033708566	0.0015186933	0.0013060613	0.00056871003	0.00086214516	0.00048301893	0.00086214516	0.0009231736	0.007220137	0.0051107607	0.00024580923	0.00044224947	0.0008196892	0.0030300035	0.0011640276	0.0019865336	0.016472895	0.0004944696	0.009655874	0.0010248536	0.0019220255	0.0005773613	0.017822493	0.0002509156	0.0008474098	0.0002821917	0.00047464366	0.015671907	0.0024470133	0.001006822	0.0011957707	0.0008712241	0.00665581	0.0043997806	0.00010556538	0.015671907	-20.725727081298828
s06e02b	685.0	5.0	0.8694039	0.8694039	0.008532209	0.08907619	0.00029376888	0.0037260538	0.20569138	0.0009902238	0.0025817342	0.01950049	0.00015937169	0.00051448145	0.0036649588	0.0024879174	0.009775213	0.0033959632	0.0020451925	0.0006449623	0.0012971936	0.017310116	0.060391698	0.003336054	0.0023274214	0.006338132	0.0015307917	0.006338132	0.043482207	0.005231166	0.003272754	0.0016306327	0.0003922233	0.0015519616	0.0021523568	0.0004095183	0.00049826177	0.002878957	0.0009324218	0.002878957	0.0024533418	0.00094593177	0.0009849961	0.0024533418	0.0011241185	0.0023092413	0.010586614	0.0008999217	0.00096273434	0.00055018195	0.006793271	0.002516646	0.0094913775	0.0049114563	0.0006498949	0.0019946406	0.0017510784	0.0046975426	0.000501122	0.0016533831	0.0011558392	0.0015941815	0.00078760815	0.00044387399	0.0019952622	0.00066195324	0.00042361772	0.001906298	0.001701495	0.0019111107	0.0033554859	0.00023135575	0.0033554859	-18.695615768432617
s06e02b	690.0	5.0	0.901401	0.901401	0.0402902	0.101854816	0.00033396867	0.0045370855	0.19209222	0.0019148417	0.0020505786	0.0017058013	0.00075563893	0.00023362607	0.00702588	0.0015706328	0.0019489068	0.0004584988	0.0017737453	0.0010304104	0.0015042216	0.0145114	0.0025544623	0.0025544623	0.0014366788	0.0017001914	0.00028408045	0.0017001914	0.044239126	0.008981035	0.0033937257	0.001044782	0.00022628954	0.0008620269	0.002816885	0.00018758481	0.000302614	0.0014727336	0.0007914976	0.0009294044	0.00076901115	0.0016241566	0.00048622856	0.001756279	0.0012442512	0.0022362864	0.0045786733	0.0005292204	0.00028305125	0.00060602056	0.0019815217	0.00059846626	0.0023854407	0.0054511563	0.00020789023	0.0013175757	0.00063273753	0.011088713	0.0009704401	0.0036788129	0.00056366756	0.0012386752	0.00038056925	0.00021860025	0.0010674903	0.0006797049	0.0005174672	0.0022015844	0.0010658574	0.0032553587	0.0036790613	0.00022836468	0.0036790613	-19.44289779663086
s06e02b	695.0	5.0	0.8625131	0.8625131	0.022657577	0.037426386	0.00020665898	0.0043385285	0.15768534	0.0017247915	0.0017604622	0.003431984	0.00046177045	0.00032212617	0.0012497677	0.00332523	0.0037256854	0.00066309003	0.0023576142	0.00042741728	0.001789338	0.038486812	0.0048545236	0.0022679414	0.0009323366	0.0012535858	0.00032101915	0.0018939405	0.02767833	0.0035251416	0.0018430453	0.00061583216	0.00021153633	0.0006532749	0.0015671425	0.00016436433	0.00018001959	0.0011129631	0.0005977582	0.0011129631	0.0012547617	0.00063452084	0.00035270362	0.0012547617	0.0013393079	0.0018758514	0.008700245	0.0004885768	0.0003349105	0.0004620873	0.003724399	0.0024345233	0.0027929458	0.0066380245	0.0010666985	0.00092739426	0.0006351398	0.0029262642	0.0007803188	0.0024137213	0.0008009612	0.0009010818	0.00018750272	0.00026177868	0.0019395725	0.0004438573	0.00076344213	0.0062516155	0.0018584622	0.007933335	0.01155406	0.00012804494	0.01155406	-19.914628982543945
s06e02b	700.0	5.0	0.89071363	0.89071363	0.004644281	0.41752157	0.00041222476	0.00021942635	0.00090685906	0.001083915	0.001526008	0.012938705	7.01863e-05	0.0003196162	0.00079793384	0.0023203692	0.0012542659	7.989403e-05	0.0004543302	0.00039317942	0.00013496999	0.000575659	0.002743606	0.002743606	0.0006532242	0.0017692762	0.00090770144	0.0017692762	0.083775096	0.006072383	0.0014225987	0.0007500627	0.0006281078	0.00088741037	0.0019779736	0.0006979722	0.000534832	0.0018340574	0.00074432924	0.0018340574	0.0004679726	0.0005481333	0.00073517545	0.00057629036	0.00044700512	0.0028650817	0.006352313	0.00018729654	0.00018103413	0.00081645296	0.0014189105	0.0003290623	0.0015723432	0.0006383817	0.00057648757	0.0012205221	0.0014198871	0.0048847357	0.0024441993	0.019840842	6.890058e-05	0.0004320586	0.0015471766	9.191462e-05	0.006285034	0.0006773804	0.00035811213	0.00020068647	0.00093883177	0.009436143	0.0008181585	0.00011061498	0.006285034	-20.087709426879883
s06e02b	705.0	5.0	0.8859126	0.8859126	0.05850479	0.022836832	0.00015410806	0.003775749	0.3000842	0.00045482896	0.0018135381	0.00043563137	0.00039007937	0.000115810624	0.00036527595	0.0015586102	0.00095970853	0.00031120778	0.0017414544	0.0017590682	0.03694086	0.003201765	0.005103957	0.0012220291	0.00017086578	0.006318552	0.0005510332	0.006318552	0.05417278	0.011630461	0.0049999994	0.001158754	0.00035761477	0.0005247384	0.0036003632	0.00017868688	0.00043029635	0.0016232275	0.0005215963	0.0016232275	0.001855067	0.000894478	0.0004486249	0.001855067	0.00087914284	0.0021766971	0.02577023	0.001357031	0.000600129	0.0004542949	0.0011532777	0.00031169504	0.0060902783	0.0066077327	0.00013853186	0.00071563537	0.0016840525	0.0022440613	0.0011270731	0.00018921267	0.00041379489	0.00082993	0.0003634367	9.8459655e-05	0.0008210861	0.0011996324	0.00028295894	0.0005210641	0.00031426534	0.004709689	0.0033506462	4.6012992e-05	0.021195482	-18.85036277770996
s06e02b	710.0	5.0	0.8841146	0.8841146	0.039857056	0.06813987	0.00045854974	0.0024223041	0.21515207	0.001860782	0.0050491854	0.005394979	0.00017152558	0.0008764672	0.0032552613	0.0039997706	0.0046471455	0.0008104414	0.004770287	0.000602566	0.004070358	0.050886	0.0026790968	0.002220055	0.0025943047	0.0014363725	0.0006269744	0.0020791849	0.08667003	0.016198708	0.0069436342	0.00091366214	0.00029114404	0.00077843195	0.0048345714	0.0011568195	0.00023015097	0.0020423566	0.0006895977	0.00054739084	0.003409647	0.0015891145	0.00010924554	0.003409647	0.00073135033	0.0037733964	0.0020560983	0.00036526445	0.00038764294	0.00079403666	0.0011359195	0.0012177618	0.0010394735	0.007411491	0.0010369779	0.003762213	0.00079993455	0.0022980277	0.0017165722	0.06667726	0.00046363173	0.0010163437	0.00033529452	0.0004046639	0.0014108422	0.0014315717	0.00048273907	0.0040302533	0.0038121643	0.007000271	0.010044352	0.00045423108	0.020852946	-18.37217140197754
s06e02b	715.0	5.0	0.11155017	0.11155017	0.014478316	0.002090226	0.00075730775	0.018083356	0.0063848747	0.035449613	0.026444076	0.006973573	0.014699137	8.904203e-05	0.008676109	0.008121582	0.00042174212	0.00048457328	0.003762224	0.0053624595	0.022343641	0.035374828	0.0077165733	0.0017686582	0.0022661467	0.010613364	0.0015522254	0.010613364	0.5241029	0.05207547	0.018381963	0.0024646781	0.00050222373	0.002156369	0.015803788	0.0011827028	0.0042333337	0.0013035422	0.0011792779	0.00033021695	0.0010449174	0.0009892827	0.00031770862	0.0010449174	0.0003982989	0.0013577343	0.0033236155	0.00017101345	0.00053806714	0.0019727037	0.002793343	0.000501928	0.0009170788	0.008293849	0.0020949435	0.005389854	0.0021761379	0.0059533543	0.00054856547	0.003125291	4.5602545e-05	0.0024083378	0.002056433	0.00017743067	0.0030123706	0.00093855144	0.005541801	0.011252728	0.0024046483	0.0025721546	0.008212765	0.062272966	0.0528782	-22.77757453918457
s06e02b	720.0	5.0	0.06330213	0.06330213	0.0014178345	0.004460219	0.000843725	0.00055626006	0.0012057051	0.0026003974	0.01047129	0.0027358995	0.0063803536	4.5577282e-05	0.0034250305	0.0016875981	0.0028750927	0.0003884529	0.0060520065	0.00034968587	0.0011594351	0.0036983644	0.004923085	0.0019644042	0.0026194195	0.0031538308	0.0009381742	0.0039249333	0.17126955	0.031621266	0.0112818545	0.0019657968	0.00082288217	0.002664836	0.0052901288	0.0011403543	0.0012504227	0.0059050643	0.0043103513	0.0052909744	0.0007630876	0.00077132526	0.0036621355	0.0010870503	0.0006901158	0.0076939682	0.020707596	0.0001866524	0.00041312503	0.0016220162	0.0018816834	0.00070168404	0.0031082372	0.002775176	0.0063690846	0.0023541264	0.00524668	0.000767499	0.0015932742	0.00036701336	3.4963552e-05	0.0016188294	0.0014984787	0.0016797914	0.0047709118	0.0039911936	0.0026593504	0.0031461348	0.002265406	0.0030836437	0.0035849428	0.5564652	0.015939865	-inf
