episode_id	onset	duration	talking	speech	man_speaking	woman_speaking	baby	shout	laughter	cry	singing	kids	groan	whistling	breathing	walking	mouth_sounds	fart	hands	heartbeat	cheering	crowd	mammal	dog_bark	cat	rooster	duck	bird	music	musical_instrument	guitar	piano	organ	electronic_instrument	percussion	bell	ambient_music	weather	wind	rain	river	wave	thunder	river_sea	fire	boat	car	traffic	car_honk	emergency_vehicle	train	cycling	engine	door	doorbell	knock	dishes	radio_tv	dryer_vacuum	zipper	keys	alarm	telephone	whistle	mechanisms	tools	boom	bang	glass	water	beep	silence	sudden_noise	db
s06e22b	0.0	5.0	0.7565332	0.7565332	0.0055158907	0.003827913	0.0059365705	0.0008092229	0.016584162	0.006454172	0.0058353418	0.007179743	0.00835781	8.226172e-05	0.01764686	0.02215892	0.004787698	0.00055229303	0.0015911927	0.0010748146	0.0010045015	0.00092966884	0.32779723	0.32779723	0.0035322069	0.0028650654	0.0025833566	0.0029467496	0.10002906	0.002208889	0.00061629806	0.00063447334	0.00031740346	0.00052195287	0.00031871887	0.00016584164	0.0003672384	0.009359166	0.0022206022	0.009359166	0.0017824746	0.0007342194	0.0040602684	0.0017824746	0.0022020328	0.0033168492	0.0018002918	0.00010438857	0.00031615014	0.00012442417	0.0015377598	0.0018532941	0.00038589892	0.0028573123	0.00093491754	0.0034739922	0.0004115196	0.0062166653	0.0002205523	0.007002744	0.00011049437	0.00043006035	0.0017957311	0.00013136107	0.00054830726	0.0009922954	0.0005094177	0.003701458	0.00023071385	0.006308246	0.0015119453	0.001992178	0.0042923694	-20.45711898803711
s06e22b	5.0	5.0	0.87937844	0.87937844	0.07638387	0.044726178	0.00019922586	0.0065822154	0.2022388	0.0055711954	0.005710316	0.0008572453	0.0037015332	0.0002952914	0.0038148924	0.002709849	0.0033374461	0.00078628986	0.0016501318	0.0015432121	0.004752592	0.0318879	0.005807607	0.005807607	0.0016912227	0.00094296585	0.0010366519	0.0015713315	0.045105997	0.0066059954	0.0029426056	0.0008687728	0.000241658	0.0006471012	0.0027565106	0.0002017757	0.00034618098	0.0016179804	0.0012201046	0.0013055408	0.003974208	0.003293538	0.00058670976	0.003974208	0.0010433467	0.008551795	0.015695743	0.0019967298	0.0015492862	0.0009286012	0.0058685816	0.0021223915	0.0024529488	0.008170484	0.0005977019	0.0017613405	0.00072178524	0.0056054657	0.00045118397	0.0037316156	0.0005216206	0.00097598066	0.0007963467	0.00030820523	0.0021613159	0.0013453203	0.00090958795	0.0052644815	0.001410779	0.0066107158	0.0045952178	0.00032507614	0.0052644815	-18.62950134277344
s06e22b	10.0	5.0	0.8741802	0.8741802	0.0031768433	0.048337582	0.00068679557	0.0009097041	0.0054898835	0.0060714763	0.006315819	0.008746331	0.0018462648	0.00044550706	0.0047597648	0.0011712494	0.016490053	0.0001767084	0.0012285619	0.00049210567	0.00030979543	0.00043999727	0.31811425	0.31811425	0.00043088925	0.006593706	0.002484494	0.006593706	0.038882554	0.004205148	0.0015406103	0.00053494674	0.00013939702	0.00040877413	0.0014087785	0.00024917623	0.00035481618	0.002225959	0.0005000994	0.0019994178	0.0020121213	0.00050728465	0.0008510075	0.0020121213	0.00073307526	0.002349906	0.0064590946	0.00017849854	0.0002763033	0.00028603832	0.00060428446	0.0006199107	0.0007496125	0.001478261	0.0005766631	0.00063662336	0.0008022002	0.0031615233	0.0010544318	0.0049521313	0.00020192526	0.00073988904	0.0016018699	0.00013919287	0.0010844577	0.0004418626	0.00045955883	0.0032281517	0.0008109567	0.013095734	0.0010154988	0.00024159117	0.0032281517	-18.22711944580078
s06e22b	15.0	5.0	0.83933777	0.83933777	0.05959842	0.004991431	0.00025755443	0.0037357982	0.06387346	0.0020991236	0.002390978	0.0033029874	0.0011826229	0.00015025589	0.0025987914	0.012046627	0.00093423243	0.0002599749	0.0043970975	0.0017244058	0.0026116178	0.042597294	0.010442381	0.0057679745	0.00077185023	0.0034913137	0.00026246795	0.0048425915	0.045246318	0.0053962427	0.0019426588	0.0006236965	0.00050809304	0.0005950683	0.0078202095	0.00019385018	0.0002643863	0.0070687933	0.0070687933	0.0036590414	0.007908205	0.005693417	0.0009912716	0.007908205	0.0023452656	0.0730785	0.00364232	0.00022223956	0.0002163839	0.00024497163	0.001973623	0.005052382	0.0011817056	0.02454578	0.00012310148	0.008933546	0.00036311895	0.001176979	9.2105016e-05	0.0001484262	0.00017865979	0.00064066704	0.0005656578	0.00024680304	0.0061308094	0.00056422787	0.0009822485	0.0147839915	0.0010863971	0.018674472	0.00346039	0.0004482312	0.0147839915	-19.52484703063965
s06e22b	20.0	5.0	0.7698879	0.7698879	0.025618944	0.012101731	0.0049421485	0.0055809338	0.18985327	0.0085436925	0.005217967	0.062594555	0.0042419536	0.001211453	0.0035196752	0.0033473615	0.0071767326	0.0026172579	0.0058683865	0.0003908486	0.008922918	0.02688779	0.006839572	0.0061840955	0.0013197869	0.003959144	0.0051349294	0.0062051816	0.024306837	0.0052359668	0.001004147	0.00090239424	0.0003979501	0.0011145131	0.0019234576	0.00025843605	0.00015905258	0.006205296	0.0008583995	0.004839481	0.010413276	0.0015219948	0.00083377276	0.010413276	0.0018255458	0.0022435307	0.0019851064	0.0004194859	0.0004053929	0.00031260986	0.0020541912	0.0021625175	0.00081264647	0.0034242396	0.0015151341	0.0015758857	0.000473007	0.0021068628	0.0009060187	0.0029477978	0.00033147229	0.00093763525	0.0012052619	0.00060957967	0.0046954723	0.00055159285	0.00086987944	0.0038118495	0.0007699732	0.015194384	0.008440884	0.00020561511	0.008440884	-18.794788360595703
s06e22b	25.0	5.0	0.85276616	0.85276616	0.028837303	0.07432897	0.00027939334	0.0020549265	0.3767776	0.003680388	0.0038594387	0.0036298751	0.00051359483	0.0008402978	0.022143304	0.0028882031	0.004465301	0.00288157	0.0017170878	0.00053500227	0.0015419379	0.011983885	0.0042161164	0.0014393752	0.0036522942	0.001022545	0.00035830715	0.001022545	0.025392849	0.0063966075	0.0023286853	0.0012688121	0.00048989075	0.0011798729	0.001988393	0.00018504604	0.0003256618	0.0013285701	0.0012914772	0.0010236572	0.001895744	0.0020601214	0.00031450813	0.0020601214	0.0015477012	0.0024734114	0.0010844113	0.00016278157	0.0003499028	0.00037747054	0.0019206748	0.0006783217	0.0018712959	0.0039147455	0.0003121405	0.0011313251	0.0006651151	0.004871727	0.00024014618	0.0066115395	0.001472554	0.00061356515	0.00028364285	0.0006044737	0.002772985	0.00047602737	0.0007127522	0.0038730227	0.0019778702	0.0073800324	0.0032340444	0.00029649315	0.0038730227	-20.28428840637207
s06e22b	30.0	5.0	0.897409	0.897409	0.028208643	0.017130597	0.00021678906	0.0015692598	0.37336475	0.0029533836	0.005983886	0.006140591	0.00021428027	0.00010682948	0.0017271577	0.0016530353	0.0053638224	0.018310865	0.0021544676	0.0005030444	0.001524756	0.09217359	0.0025062547	0.0014682022	0.0025062547	0.0012018707	0.00045719888	0.0029068731	0.064796925	0.011334821	0.0051504965	0.0008074928	0.00037187646	0.0011564421	0.0033303893	0.0003692195	0.0010393878	0.0019827792	0.00087650813	0.0019827792	0.004334409	0.0017723392	0.0006918925	0.004334409	0.00067936233	0.0051786713	0.010943902	0.00058756233	0.0013350715	0.0002470022	0.0036119286	0.000896159	0.008577449	0.0058548264	0.00033194348	0.0038793802	0.0010618586	0.004499531	0.00025329276	0.0012022508	0.0005966836	0.0011852923	0.00029618124	0.00032654285	0.0014496489	0.00076137733	0.0011500688	0.005661524	0.0019171212	0.0048817163	0.0015814925	0.00018012415	0.005661524	-20.757614135742188
s06e22b	35.0	5.0	0.8332869	0.8332869	0.12925027	0.0060578235	0.00042861252	0.009116535	0.25947368	0.0007720481	0.005077594	0.00095385336	0.00017332584	0.00040901187	0.0012034848	0.006028723	0.0017622311	0.00067860296	0.005683115	0.0003718024	0.03608377	0.033573497	0.0031838878	0.0030597695	0.001793249	0.004349748	0.0011877855	0.004349748	0.042515486	0.018292977	0.006648471	0.0010918217	0.00036794908	0.00069752865	0.0046762	0.0003480998	0.00033306022	0.000785599	0.000668371	0.0006427967	0.0020081517	0.00084956974	0.000139849	0.0020081517	0.00041721988	0.0024372647	0.0017431481	0.00080060225	0.0007198406	0.0008023619	0.0047548614	0.0008040882	0.0012393845	0.009620023	0.00012546714	0.0043564793	0.0015197557	0.00176206	0.00013005687	0.0003004301	0.00058142183	0.0007030395	0.00023248636	0.00039314997	0.0029075241	0.0014127855	0.00028489498	0.0060335314	0.00031020213	0.006134137	0.004384526	3.1556934e-05	0.03488442	-17.833337783813477
s06e22b	40.0	5.0	0.23010297	0.23010297	0.0031487502	0.0042806044	0.0032574793	0.0029654414	0.044024188	0.0008726473	0.0024339466	0.0049943686	0.000224642	0.0001583551	0.008351271	0.01133411	0.0025339795	0.0017761092	0.0010516029	0.00017230552	0.00051342964	0.00083269493	0.33576638	0.33576638	0.01290868	0.0016923976	0.0012518335	0.0016923976	0.04124843	0.002634702	0.0013396364	0.00074368867	0.0005898915	0.00061605347	0.0009004814	0.00047966652	0.0004950719	0.0009996217	0.0009996217	0.00077203196	0.0005467612	0.00072403945	0.00044949216	0.00072403945	0.00071751024	0.0044751475	0.0037731347	9.7330674e-05	0.0007634382	0.0001162164	0.005088117	0.0022391598	0.0014886552	0.041330364	0.0017499302	0.012963918	0.0006936084	0.0011319699	0.00055145036	0.00037789074	0.000316404	0.005460911	0.0015619396	0.00064319745	0.0018284842	0.0022237445	0.0006739076	0.009362093	0.0005761777	0.0090832515	0.0005606178	0.001690652	0.03872951	-23.22707939147949
s06e22b	45.0	5.0	0.8395114	0.8395114	0.017634738	0.006151345	0.00082409056	0.0072449804	0.14750603	0.0020043289	0.013414288	0.0023370252	0.001226351	9.124176e-05	0.0024708654	0.010242403	0.017603952	0.0012712156	0.0013817652	0.0015293137	0.00055732974	0.011821356	0.009613101	0.0041958177	0.00085228885	0.0012307803	0.00060173986	0.0012307803	0.3680501	0.0076789698	0.0019017762	0.000509904	0.00032779766	0.0013898237	0.0024080125	6.263424e-05	0.0011233354	0.0005016534	0.0005016534	0.00016845122	0.00038946778	0.0005159154	0.00014101346	0.0005159154	0.0009625716	0.004810015	0.005376932	0.0001402895	0.0010080914	0.00024345651	0.0020234152	0.0030922133	0.003484179	0.014932125	0.00022859406	0.0046009445	0.0006332144	0.0038849304	0.00020111362	0.003184593	0.0014182958	0.0006318917	0.00045275933	0.00021009252	0.00535042	0.00033609683	0.0011952058	0.017461862	0.00028096698	0.0015160562	0.0019376941	0.00031744584	0.017461862	-19.21219062805176
s06e22b	50.0	5.0	0.7653695	0.7653695	0.03857721	0.004460187	0.00038096093	0.0048846384	0.037141193	0.0008125223	0.0039296434	0.0014725525	0.00049112766	0.00018687233	0.0018227892	0.011555645	0.001003762	0.00046131533	0.0037666017	0.00033922706	0.013122161	0.049031433	0.00894822	0.00333829	0.0013627919	0.0029053683	0.00083703006	0.0040311795	0.044601396	0.0088525545	0.0030412483	0.0013172639	0.000561162	0.0010858751	0.007288302	0.00072850083	0.00037898315	0.0013658467	0.0012562572	0.0013658467	0.0046353294	0.0009305563	0.00026874614	0.0046353294	0.00413407	0.01757662	0.021939324	0.0008643524	0.00047844977	0.0006771145	0.0052277506	0.014841622	0.0046144146	0.100891724	0.0003023403	0.023489844	0.0012227423	0.0030135293	0.0006479859	0.0013151316	0.0021070943	0.0024595896	0.00026994818	0.0003367784	0.023894785	0.0035838597	0.0023269742	0.008761541	0.0020817947	0.010340198	0.003677401	0.0008026834	0.035027325	-20.922069549560547
s06e22b	55.0	5.0	0.71444374	0.71444374	0.008771062	0.004030659	0.013559291	0.0014979457	0.0025185249	0.0045282426	0.0026282133	0.007256791	0.0030396236	0.0003380835	0.0057711746	0.021995101	0.0011692897	0.00018346468	0.002051832	0.00029836522	0.0005769114	0.0011944387	0.08222882	0.08222882	0.014023234	0.002872095	0.0026580545	0.0076252753	0.017866828	0.0034172272	0.0015023219	0.0010627882	0.00038928073	0.0009384307	0.0013664666	0.0005570507	0.000158141	0.06807089	0.006431079	0.06807089	0.0047670803	0.0017698067	0.011998202	0.0047670803	0.01440598	0.0061312863	0.0036349418	0.000275392	0.0005184577	0.00042725637	0.008078344	0.013104807	0.0014597678	0.010934409	0.0007520219	0.0030674273	0.00088456925	0.001178269	0.00014083824	0.00088380335	0.00041610497	0.00072041154	0.0005613362	0.0011756299	0.0041050725	0.00102659	0.0015338756	0.0027970474	0.000360741	0.011143867	0.0018949909	0.0005348906	0.007401935	-21.215307235717773
s06e22b	60.0	5.0	0.6079836	0.6079836	0.032770947	0.0016111141	0.00027177887	0.00039069998	0.0022032955	0.0010300835	0.00899983	0.00078573293	0.009414947	0.0045730784	0.0056913495	0.0027488153	0.00063021673	0.000117876705	0.0008054705	0.0002606786	0.0014581506	0.00066282315	0.03163139	0.00503479	0.002725816	0.0022981656	0.001003764	0.04906804	0.02705576	0.0135809425	0.0049457117	0.0027876215	0.0010175155	0.0020377415	0.0010721264	0.00040550614	0.00025291368	0.04816776	0.0025791323	0.04816776	0.0037721526	0.0015268379	0.021317763	0.0037721526	0.002283811	0.009234971	0.0031882052	0.00031678856	0.00046208198	0.00019433504	0.0077080266	0.0016731515	0.001631966	0.011110183	0.00064605795	0.0024754382	0.0032807556	0.0042765513	0.00013497655	0.00027607632	0.00025784486	0.00067394256	0.0028256315	0.0026017905	0.0038324124	0.0014924521	0.0003181745	0.0021987306	0.0004705933	0.006997083	0.0012649219	0.0006910184	0.0068419664	-22.332164764404297
s06e22b	65.0	5.0	0.7726748	0.7726748	0.0056788456	0.009578407	0.0005231293	0.0015052418	0.0084156785	0.0038300469	0.0033259762	0.03779386	0.0014951846	6.937237e-05	0.0017617322	0.009179068	0.00027984893	0.000105193176	0.002838652	0.00024134092	0.0011023612	0.010088344	0.010883539	0.0034551716	0.0013724039	0.003992451	0.0025621487	0.003992451	0.3299171	0.008332385	0.0025600914	0.0020516405	0.0016617537	0.0011741784	0.003030028	0.0010102253	0.00084781775	0.01098661	0.003960991	0.01098661	0.0054572714	0.0027263241	0.004883642	0.0054572714	0.0021636218	0.021117982	0.008754765	0.00029759877	0.00044429544	0.00041085188	0.0050808177	0.020414708	0.002215444	0.05388171	0.0055701914	0.038096283	0.0016319839	0.0012620974	0.00016843612	8.606439e-05	0.0006040726	0.0010409362	0.0029747554	0.00021723456	0.001978819	0.004850809	0.008625418	0.14764789	0.0055124178	0.011520268	0.004725067	0.0007695551	0.14764789	-19.1890926361084
s06e22b	70.0	5.0	0.8094932	0.8094932	0.10947338	0.0040385495	0.00036336418	0.0014366925	0.07280505	0.0013569328	0.0010969677	0.0024311396	0.0020266918	0.0005801733	0.010262434	0.0051241517	0.0026719535	0.0008814873	0.0008799876	9.7848184e-05	0.0030706807	0.030811602	0.04846638	0.01666515	0.004783891	0.015311702	0.0058784406	0.015311702	0.025712518	0.0046243905	0.0020927167	0.00044028676	0.00024719798	0.0004670524	0.00090941245	0.00028313434	0.00018862166	0.00327958	0.0016327113	0.00327958	0.01086872	0.0031166126	0.0012428606	0.01086872	0.0008714491	0.013015246	0.0060872803	0.0010137873	0.00081149774	0.00034432986	0.010733953	0.0011478716	0.0010054872	0.0021223803	0.00017899979	0.002114065	0.000666789	0.0027866869	6.587482e-05	0.00040110404	0.00044221256	0.0008419481	0.0008242539	0.0006947466	0.0016316607	0.0015586213	0.00050470454	0.000985856	0.0004957755	0.007378499	0.0004409388	0.0005387158	0.003565889	-19.54307174682617
s06e22b	75.0	5.0	0.83837044	0.83837044	0.017686283	0.018463228	0.00016490828	0.004430462	0.30454287	0.00086280506	0.0021027685	0.006594006	0.0013028118	0.00032781484	0.0037066909	0.0022266994	0.020149093	0.0014141101	0.0011707207	0.00023417198	0.0039749364	0.032932404	0.009943411	0.0026569862	0.0010954943	0.002460623	0.00082201697	0.0028817658	0.027751928	0.0036585634	0.001806927	0.00079623476	0.00023438242	0.00078182534	0.0012363343	0.00026964673	0.00023210939	0.0049712025	0.000560309	0.0049712025	0.0038792586	0.000606388	0.0012453538	0.0038792586	0.0012894191	0.001378148	0.0034282452	0.0005866622	0.0005316675	0.0003848011	0.0015721569	0.0030134548	0.0029066065	0.004599973	0.0006540349	0.0021256914	0.0004742036	0.0039626295	0.0001847939	0.0014700937	0.0024207952	0.0005385325	0.0009831997	0.00016402554	0.0031743995	0.00036074923	0.0007236345	0.0023233946	0.0017151746	0.004756044	0.0018874661	0.00045490358	0.0031743995	-19.55547142028809
s06e22b	80.0	5.0	0.7534088	0.7534088	0.0128060505	0.07073993	0.000754776	0.002214168	0.0026689272	0.0011602417	0.004444867	0.01018751	0.001428258	0.00049142924	0.0024978966	0.0048636566	0.0009142756	0.00028278583	0.0012362583	0.0039863894	0.000402169	0.0012447295	0.017271616	0.017271616	0.0034496463	0.0063968254	0.004870268	0.009074384	0.023209615	0.0030561993	0.00076270447	0.00060390675	0.0003469872	0.00047198805	0.0020067836	0.0006334661	0.00047578404	0.0039894236	0.00079646235	0.0014935752	0.002132899	0.0005452049	0.00035346166	0.002132899	0.0008463866	0.0013702627	0.0023366518	0.00011688233	0.00042030768	0.00032286224	0.0020337598	0.00075301225	0.0013840306	0.00089272996	0.00048523262	0.005164751	0.0014950394	0.0017034779	0.00014868699	0.0024623943	8.513443e-05	0.0008438942	0.0015714415	0.0004412687	0.0017864505	0.00084506744	0.0005247421	0.0021493726	0.00026381368	0.004604501	0.0024638858	0.00019681425	0.008848032	-19.475027084350582
s06e22b	85.0	5.0	0.8826948	0.8826948	0.027889796	0.027731769	0.000123314	0.0038147583	0.4036018	0.00137621	0.0042521153	0.003213503	0.00068039057	0.000478813	0.0035312674	0.0014329404	0.003881319	0.005732771	0.0017784932	0.0003949561	0.0034136078	0.23352294	0.005414534	0.005414534	0.0053943135	0.0026056762	0.00083398574	0.0026056762	0.034763254	0.005171346	0.0025485344	0.00074553856	0.00039764334	0.001096226	0.0017104539	0.0007088404	0.00047069023	0.0005746279	0.0005746279	0.00046953608	0.0013784531	0.0008532083	0.00027809566	0.0013784531	0.0003942709	0.0036558963	0.0046169995	0.00053958787	0.0009187677	0.0006833311	0.0065783905	0.0009885696	0.003615125	0.0043473244	0.00046098343	0.0025930419	0.00069180055	0.0027912105	0.0002029949	0.0010936153	0.00055653695	0.0008851755	0.00036553078	0.00086024957	0.0019438936	0.00078325777	0.001315909	0.0054738126	0.0016920867	0.0016312607	0.001985884	0.00018890676	0.0054738126	-19.68898200988769
s06e22b	90.0	5.0	0.9024895	0.9024895	0.14200369	0.0030970871	0.00014770869	0.0031736875	0.23082538	0.0018547906	0.00061272917	0.0007962404	0.00093585916	0.0005172236	0.0010960909	0.0030504863	0.0010189576	0.0005915584	0.00059513364	0.0005078461	0.0029042773	0.041370545	0.005783503	0.002552711	0.0010166033	0.0061017713	0.00077849615	0.007309549	0.028625716	0.0029469146	0.0011561161	0.00036129268	0.00011078091	0.00040898068	0.0015221395	0.000104119754	0.0001467441	0.0031190403	0.0012258891	0.0031190403	0.0025616614	0.0019972487	0.0011803169	0.0025616614	0.0013027417	0.0029424573	0.004516322	0.0006419751	0.0004470505	0.0004267813	0.0019043738	0.0011251657	0.0013539637	0.0021950754	0.0001397429	0.00088344555	0.0006645923	0.0048083034	4.0560757e-05	0.0004660415	0.00017065313	0.00070726406	0.00046460485	0.00019280241	0.0007156722	0.000368697	0.00089417037	0.0011660131	0.0006836288	0.002030268	0.001534601	0.00019792588	0.0031968942	-21.007354736328125
s06e22b	95.0	5.0	0.509651	0.509651	0.016976641	0.004210727	0.0004926738	0.0037121805	0.22013189	0.0014170583	0.0025030547	0.0021171244	8.014148e-05	0.00036215098	0.000644754	0.00559351	0.0043291175	0.0010926443	0.0014199899	0.00033328988	0.0059265113	0.41446975	0.003263028	0.0030260533	0.0017701421	0.0035534205	0.00052318315	0.0035534205	0.069375254	0.013690849	0.006517431	0.0013274994	0.0005265215	0.0019986997	0.0065070065	0.00093567156	0.0005669679	0.0013757764	0.0013757764	0.00050245377	0.0018733937	0.0021412128	0.00041505575	0.00237956	0.0007448078	0.010067489	0.005016883	0.001086321	0.00078881637	0.00061202183	0.013723894	0.0015572032	0.0029129095	0.003602054	0.000115755865	0.0004978998	0.0011865795	0.0010558697	7.6665965e-05	0.0003475664	0.0003925399	0.0006775147	0.00028709046	0.0005079957	0.0013897232	0.0004214455	0.0019668618	0.0023208691	0.0011621802	0.0018534695	0.0016895207	0.0003448024	0.003266923	-18.637792587280277
s06e22b	100.0	5.0	0.89218456	0.89218456	0.021266282	0.097123146	0.00020861399	0.008928228	0.13122337	0.00834779	0.010361177	0.009373364	0.002068032	0.00029811074	0.0032083492	0.0038848824	0.0025832695	0.0018225099	0.0024857447	0.0008986656	0.0024198142	0.050660536	0.005452767	0.002301402	0.0031843039	0.00059846113	0.0009798043	0.0014178319	0.0668025	0.0061437525	0.003497065	0.0011220414	0.00074956426	0.0010164522	0.0020778517	0.0002608648	0.000995018	0.0023917172	0.0011106362	0.0023917172	0.002821444	0.0019479194	0.0008183102	0.002821444	0.0010191381	0.0059926333	0.009942585	0.0005944029	0.0010886198	0.0009061909	0.005614515	0.0010968267	0.0028898434	0.010175886	0.0016406587	0.0024208296	0.0008887744	0.0038825136	0.0007606369	0.021283448	0.0005548243	0.0007500262	0.0017196399	0.0006074619	0.0016175783	0.0009111844	0.00082283316	0.0072846627	0.0021899836	0.008659453	0.0035840503	0.00067008	0.0072846627	-19.111364364624023
s06e22b	105.0	5.0	0.81060946	0.81060946	0.008478707	0.039377715	0.0008379798	0.003177494	0.0060742167	0.0032372924	0.005579356	0.035626434	0.00071175245	0.00032192355	0.0045224084	0.0026280007	0.0017614177	0.0002921645	0.006436532	0.00020609405	0.001186145	0.0040398766	0.012893723	0.012893723	0.00083302864	0.0021750717	0.0024008183	0.0035960209	0.011613104	0.0017730463	0.00076354336	0.0007062427	0.0004938645	0.0004923555	0.0007764639	0.00034206346	0.0002621693	0.0034872747	0.0012748216	0.0034872747	0.0032834245	0.0013541527	0.0008755524	0.0032834245	0.0035635212	0.0043281103	0.022686377	0.0004933891	0.00034721187	0.0009514794	0.0043537957	0.0034044287	0.0039543854	0.031518266	0.0028845144	0.0062512574	0.0008821813	0.0058812443	0.004053918	0.0067577544	0.0014405374	0.0013870522	0.0064705517	0.00040327333	0.008519399	0.0020075669	0.0010435833	0.008365009	0.0008263009	0.007968272	0.013046873	0.0008883994	0.04704066	-18.08965301513672
s06e22b	110.0	5.0	0.8688575	0.8688575	0.009540469	0.18885735	0.00032109258	0.0026829396	0.04483673	0.0008745793	0.0056190076	0.029930718	0.00021377704	0.0005430984	0.0025542704	0.0028676384	0.0041138837	0.00059651415	0.0023919835	0.00042138566	0.0059703947	0.026906235	0.006166338	0.006166338	0.0012853354	0.0060485285	0.0007287015	0.0060485285	0.035530817	0.0064278985	0.0024532427	0.001331762	0.0003748651	0.0010107037	0.0015757341	0.00052205933	0.00030798142	0.0015275548	0.0007510876	0.0013209186	0.009061834	0.0010622056	0.0003398397	0.009061834	0.000960864	0.0037693833	0.0032248439	0.0007275559	0.00040628234	0.0012659319	0.0029744173	0.0008178837	0.0017336633	0.004292661	0.0014846093	0.004135871	0.0010208631	0.0016622118	0.00065046863	0.0035724351	0.00023689169	0.00083114556	0.00036520144	0.00023469549	0.0057668537	0.0002554688	0.00018950626	0.0012007836	0.0011108404	0.017837524	0.002410113	0.0004733313	0.0057668537	-19.16418838500977
s06e22b	115.0	5.0	0.8802513	0.8802513	0.010061692	0.06274371	0.0035309806	0.004843295	0.11366754	0.01237074	0.008653278	0.025978554	0.0022025304	0.00046528978	0.003466206	0.0019984923	0.022302745	0.002245705	0.0023568717	0.00044112615	0.00082419114	0.0031162808	0.01891309	0.010162369	0.0010406922	0.0014537167	0.0012111391	0.0024865118	0.094534524	0.009500536	0.0031444542	0.0005930858	0.00027776044	0.0007171974	0.0023377168	0.0006707576	0.0012032631	0.0015872387	0.0007025362	0.0015872387	0.002594839	0.0006808719	0.0005828022	0.002594839	0.0009167512	0.0044676885	0.00393477	0.0001883564	0.00054788095	0.0002508974	0.0022481787	0.00088416605	0.0020048553	0.003546222	0.0007418345	0.0039638323	0.0006406298	0.0047101313	0.0006612615	0.008752295	0.00035894854	0.0006601004	0.001815268	0.0005230986	0.0021336887	0.00033879367	0.00096606323	0.007012921	0.0011222258	0.00427305	0.0030556356	0.00057057507	0.007012921	-20.37680435180664
s06e22b	120.0	5.0	0.76032186	0.76032186	0.045237955	0.007780673	0.0015789361	0.009333153	0.109272674	0.0042463043	0.0016560733	0.0129947895	0.00093034847	0.00075245707	0.00094410405	0.0070299697	0.0008788631	0.001553616	0.0011291347	0.00069472805	0.005153745	0.09371926	0.00681366	0.0032139323	0.002976555	0.006082012	0.002053257	0.006082012	0.040552203	0.005449851	0.0022896992	0.0007119536	0.0003936728	0.00070150994	0.0027403617	0.00088899885	0.0005276997	0.0034257108	0.0034257108	0.0024362332	0.011745907	0.0067295013	0.001000493	0.011745907	0.0016023299	0.011198309	0.016777936	0.0050521567	0.0029136878	0.0014108112	0.021960812	0.0046770964	0.0023363938	0.003721477	0.00042028804	0.00061406096	0.0011048707	0.0009928358	0.0001296919	0.00028865543	0.0005267303	0.0011710062	0.0011974472	0.0011418696	0.0024058074	0.00023014678	0.0026760572	0.0027449059	0.00093792926	0.014333938	0.00077227474	0.00033640952	0.009936878	-18.182796478271484
s06e22b	125.0	5.0	0.8719487	0.8719487	0.049735054	0.076963104	0.00029438935	0.016161514	0.32886004	0.0018646847	0.0076765134	0.011306588	0.001093917	0.0011787916	0.00093897985	0.0029563648	0.0017288175	0.0027250226	0.0065419166	0.00083819305	0.05128912	0.022362566	0.004599307	0.0031629105	0.0017969838	0.0017444097	0.00080575113	0.0017444097	0.049264006	0.008403989	0.0052086688	0.001418439	0.00061438733	0.0010818543	0.004397275	0.00163259	0.0013405003	0.001538027	0.00077211065	0.001538027	0.0034172381	0.0014388284	0.00041336613	0.0034172381	0.0005937959	0.0021144897	0.0042107007	0.00043520678	0.00052916794	0.0011678182	0.0071216584	0.0008541575	0.0023436975	0.0037927958	0.0036448059	0.0012496285	0.0009999317	0.0018797562	0.0009567641	0.0029573233	0.0014642759	0.0009924643	0.00072249514	0.00078748656	0.0024573058	0.0007197566	0.0009034985	0.0023182174	0.0006955857	0.005018402	0.0033604442	0.00026561925	0.0045796274	-18.233577728271484
s06e22b	130.0	5.0	0.6870941	0.6870941	0.0021526047	0.004559683	0.0019492575	0.0012498654	0.014679069	0.0005917202	0.007660588	0.07328403	0.00013330835	0.0001079824	0.0046248576	0.007129194	0.0014173094	0.00070903497	0.0073691034	0.00018303817	0.0037440704	0.0018361431	0.0566898	0.0566898	0.004897791	0.015196947	0.008298557	0.015196947	0.6839844	0.027539797	0.020165382	0.00032490757	0.00018208772	0.00032067744	0.005391937	0.00038679026	0.0021985152	0.0007087714	0.0007087714	0.000500293	0.002193619	0.00092370063	0.00015451624	0.002193619	0.0013978851	0.005068554	0.0046408456	0.00012909781	0.00028350714	0.00011025135	0.0008567819	0.024385806	0.0012228435	0.008931984	0.0004892036	0.021820534	0.0026220144	0.0008288243	0.0013072778	0.0042880857	0.0006822723	0.00021785204	0.0008000931	9.102381e-05	0.00555246	0.0019425472	0.002066171	0.021827202	0.0012295722	0.02686991	0.04209166	0.00010449305	0.04209166	-22.09789657592773
s06e22b	135.0	5.0	0.86683637	0.86683637	0.021204656	0.06650258	0.0001651029	0.0017404368	0.10095477	0.0009418713	0.0016375335	0.0076610157	0.00030004713	0.00020036679	0.0017103967	0.0032323112	0.0023586676	0.00066879956	0.0039037403	0.0009980425	0.0024805726	0.09149582	0.011951663	0.0047704955	0.0012729815	0.001229132	0.00019756067	0.0013362443	0.03190233	0.0023674818	0.0008148103	0.0006266461	0.00029653273	0.00043907296	0.0023498812	0.00014002662	0.00022225884	0.0008249167	0.0007332105	0.0008249167	0.0008183316	0.0006403676	0.0002747115	0.0008183316	0.00095191505	0.002531812	0.0027318774	0.00052381016	0.0003552418	0.0005007756	0.0046712775	0.0017148497	0.0016806113	0.021106485	0.0005149289	0.009232655	0.0013687218	0.0039742324	0.0010030938	0.0024526347	0.0006635446	0.0010012024	0.0004720663	0.0003051883	0.0023694625	0.00033864673	0.0006872955	0.005607579	0.0008819662	0.0019649186	0.0074848947	0.00022735356	0.0074848947	-19.02568244934082
s06e22b	140.0	5.0	0.7867743	0.7867743	0.2777156	0.024647009	0.0004423148	0.0019071891	0.32628268	0.00042628017	0.0019893385	0.0015786603	0.00019584846	0.00082239375	0.0069830827	0.00055656506	0.0010323727	0.005496589	0.0030238016	0.00020006155	0.02925174	0.012698044	0.00671041	0.0016773246	0.00671041	0.0033096876	0.0023399142	0.0033096876	0.022535486	0.0070724864	0.0031039745	0.00063191523	0.00035128486	0.0008083471	0.0013365141	0.00023583656	0.00028488302	0.0014127721	0.00093617314	0.0014127721	0.004408516	0.0020146756	0.0003779293	0.004408516	0.0003732097	0.0037848174	0.006035516	0.0017428651	0.00072375796	0.00083002175	0.008294512	0.00086877943	0.0036687006	0.0024896078	0.00021629973	0.0065759886	0.0008874548	0.0031177904	0.000553636	0.00054428796	0.00028127898	0.0005196111	0.00052135444	0.0007845053	0.0037435726	0.0012627671	0.00042656332	0.0048838067	0.00066825445	0.00496047	0.0014431442	8.76978e-05	0.0048838067	-18.82939720153809
s06e22b	145.0	5.0	0.72088945	0.72088945	0.032862294	0.003497597	9.974572e-05	0.003646614	0.1252061	0.0004479781	0.012756186	0.00041061282	0.0001479098	0.00019665966	0.0006821556	0.0012865585	0.0010728458	0.00047021447	0.0011528636	0.0004542404	0.0052506807	0.038714692	0.0018998411	0.0018998411	0.0014093999	0.0020132898	0.0007280368	0.0020132898	0.05199396	0.008491777	0.0019205788	0.00046487196	0.0004158064	0.0004581862	0.0057274597	0.00019520232	0.0003931035	0.00026087425	0.00022345409	7.797878e-05	0.0003871547	0.00024321036	3.3864e-05	0.0003871547	0.00072676584	0.0017886969	0.0014803727	0.00020111594	0.00030876815	0.00019184555	0.0019087801	0.0009121304	0.0005310506	0.078203075	0.00017337725	0.0050484	0.00078873517	0.000480048	0.0001517619	0.00027700808	0.0005700407	0.0003855583	0.00019486311	0.0003727777	0.0015074722	0.0014112687	0.0010723865	0.0036986172	0.00043724518	0.010173033	0.004518557	0.00013195978	0.16625117	-18.41919708251953
s06e22b	150.0	5.0	0.55236334	0.55236334	0.007055973	0.003945133	0.00043431946	0.0011258669	0.029693438	0.0008878117	0.0008890866	0.005495481	0.00016726967	9.481521e-05	0.007510983	0.005652477	0.0014089562	0.001323209	0.0006982463	5.3784675e-05	0.00028510147	0.017668605	0.023519624	0.023519624	0.0053947335	0.111499324	0.018630993	0.111499324	0.012326866	0.0019268786	0.00064102194	0.00024184122	0.00028187464	0.00027565547	0.00071961974	0.00013457969	0.0002800817	0.00069158996	0.00069158996	0.0004831789	0.00054097985	0.0004525041	0.00010222847	0.00054097985	0.00904919	0.005145905	0.0076787956	0.00028729637	0.00031382314	0.00016630926	0.0023418441	0.006912474	0.0018541181	0.017188177	6.2387386e-05	0.001156246	0.0006462643	0.00044643387	0.00011121212	0.0004421198	0.005662821	0.00034466223	0.0008167455	0.0006584561	0.0072350274	0.0037783359	0.0032494783	0.010477626	0.0027746179	0.003271558	0.00027558557	0.00024127397	0.08666094	-27.091981887817383
s06e22b	155.0	5.0	0.9055938	0.9055938	0.003790849	0.018223915	0.00029826572	0.00038247328	0.00076725445	0.0009071879	0.0011117476	0.018876508	0.00032005104	0.0010534357	0.00198004	0.027297324	0.006418179	0.00011282772	0.0013401927	0.0001181568	0.0002731992	0.00060285063	0.005425762	0.0020080446	0.00046718062	0.0006927285	0.00035556417	0.000901778	0.037106395	0.0030428967	0.00064608135	0.00033300754	0.00039278902	0.00055404776	0.0014593814	0.00026387506	0.00022666744	0.0021894043	0.0009394694	0.00093971647	0.00058997166	0.00031326353	0.00027496592	0.00058997166	0.021320155	0.0026412306	0.060510986	0.0006145598	0.023695637	0.0015185392	0.0012549913	0.0046333275	0.0009056708	0.0110144485	0.007492061	0.0009095013	0.00097206084	0.0043609575	0.00040200134	0.018564075	0.004866129	0.027202059	0.017914727	0.0010165249	0.0029091309	0.0005087597	0.00091540616	0.0005628306	0.00083111663	0.016780792	0.07521498	0.00051205675	0.07521498	-24.023601531982425
s06e22b	160.0	5.0	0.86735433	0.86735433	0.05364867	0.2233662	0.0010328026	0.0020344297	0.01991614	0.0024310653	0.003909394	0.010697007	0.00031220508	0.0008720118	0.005200112	0.0022897273	0.0012250463	0.00080407906	0.0027483134	0.0002911035	0.0010253458	0.009260775	0.0039017105	0.0039017105	0.0009937817	0.0039167376	0.0025213822	0.005011934	0.020205956	0.0048328396	0.002288928	0.0005529473	0.0002127102	0.00047054735	0.0011487965	0.0003289927	0.00014450107	0.003234638	0.00106118	0.0010887204	0.0014578619	0.0007665762	0.00024698503	0.0014578619	0.0014791552	0.0018014293	0.004038816	0.00064175663	0.00035120497	0.00069762743	0.0014259367	0.0017666153	0.00084249256	0.0048409165	0.00020522124	0.0018892877	0.001104079	0.0055976966	0.0006820913	0.007054193	0.00040968266	0.0007754649	0.0021016742	0.00048291578	0.0015600795	0.0005043958	0.000178872	0.0013664743	0.0011499713	0.009868317	0.002881714	0.00039669508	0.0030037474	-22.21442985534668
s06e22b	165.0	5.0	0.77774686	0.77774686	0.009774272	0.31712458	0.00029678727	0.0010226395	0.0019951228	0.0013038055	0.0026304964	0.0034884398	0.00023952329	0.00017174587	0.0005477014	0.002631017	0.0009622282	8.930121e-05	0.0007556151	0.001041075	0.00026810146	0.0016251984	0.004856719	0.0024830892	0.0007046013	0.0009347533	0.0008859551	0.0015126228	0.042242378	0.0049140276	0.0022137815	0.0004549335	0.00040015232	0.00044959926	0.0022222996	0.0011374928	0.00041027067	0.0009427332	0.0009427332	0.0008377455	0.00088527496	0.00066338334	0.00053729146	0.00088527496	0.00059902034	0.0064452374	0.007599181	0.00033677748	0.00096229784	0.0010470877	0.002575744	0.00038345004	0.0018329769	0.0017251283	0.0006776009	0.0019655668	0.0019179828	0.035756707	0.00080923876	0.0049777827	0.00013950298	0.0030162297	0.017819773	0.00019471008	0.0048692976	0.00059884484	0.0009031172	0.0003106102	0.00031874076	0.003037194	0.00043548233	0.00021587283	0.0048692976	-20.81095695495605
s06e22b	170.0	5.0	0.84334743	0.84334743	0.0053461916	0.18317707	0.003165576	0.0013267258	0.011083422	0.010180132	0.0029742406	0.16384253	0.00018291952	0.0010495986	0.0010465443	0.0024045922	0.0011904683	0.000976108	0.0058889133	0.00027803547	0.0005033034	0.0015685756	0.011209841	0.007366408	0.0037604624	0.0043851775	0.006445867	0.006445867	0.15822227	0.004579632	0.0016732009	0.0003679945	0.00023578551	0.0004664602	0.0012234399	0.0023752723	0.0011601743	0.0022956128	0.00061377895	0.0022956128	0.0014078477	0.00043019728	0.0006222614	0.0014078477	0.0015518789	0.0021862981	0.01291773	0.00040150803	0.002736955	0.0012478498	0.0025560206	0.0020175674	0.0012963995	0.011285275	0.0007360297	0.004465829	0.00095647154	0.010146045	0.00184707	0.0014133891	0.00015222204	0.012439943	0.02808671	0.00052859227	0.0013416626	0.00040621147	0.0010774651	0.001620323	0.00047830888	0.0015259135	0.0016353811	0.00047935641	0.003087331	-19.780048370361328
s06e22b	175.0	5.0	0.8088265	0.8088265	0.035522565	0.014283558	0.0018983561	0.040326484	0.45653358	0.0072409725	0.0027962707	0.012930961	0.00077626045	0.00094729906	0.001876398	0.0016102601	0.00289211	0.002527892	0.005429152	0.00030227492	0.006285085	0.039022043	0.0028735949	0.0028735949	0.0023265446	0.0068885256	0.0010561374	0.0068885256	0.04405427	0.0034399359	0.0016829786	0.00061795645	0.00046033904	0.0008230107	0.001651364	0.00088146963	0.0006648302	0.0013915647	0.0007907988	0.0013915647	0.0029603252	0.0015190323	0.0005715831	0.0029603252	0.001114891	0.00392358	0.008559411	0.0009196382	0.0015811139	0.001145635	0.0050372723	0.0014351843	0.0044852793	0.006376673	0.0008777572	0.0014123592	0.0010458526	0.0014320578	0.00023863612	0.0007663381	0.0008867486	0.0011118483	0.0015976683	0.0006719989	0.0020765066	0.0009116173	0.004133269	0.01068331	0.0010778136	0.013936793	0.0014066403	0.00020331256	0.01068331	-18.32027244567871
s06e22b	180.0	5.0	0.76155835	0.76155835	0.008745698	0.016364012	0.00061015337	0.0037618952	0.046188615	0.0013512939	0.007992606	0.010165852	0.00068635424	0.00026321673	0.008872869	0.007129643	0.0026145643	0.0023830975	0.0012844965	0.0004518735	0.005772773	0.016108489	0.04892534	0.007393924	0.0022489203	0.024304377	0.004521582	0.024304377	0.6392229	0.033318028	0.0067720055	0.0012399831	0.00081508985	0.0009369914	0.018344907	0.0008229127	0.0021023043	0.0024994665	0.0012378225	0.0024994665	0.0043279086	0.0020580196	0.0006006566	0.0043279086	0.0014574385	0.003433697	0.013426537	0.0016996346	0.001502272	0.0011550708	0.003267128	0.011735709	0.0026758115	0.0039441083	9.139503e-05	0.0037039574	0.0005464926	0.001673883	0.00056975393	0.0008597632	0.0019683964	0.0012175692	0.00031903016	0.0002212003	0.00152764	0.00037567757	0.0021259482	0.005213612	0.0018132464	0.011667876	0.0019027204	8.022865e-05	0.016182894	-19.365554809570312
s06e22b	185.0	5.0	0.9254942	0.9254942	0.11044984	0.018445924	0.00026825818	0.00032622018	0.0016407953	0.0009968826	0.00086654845	0.0010806539	0.00012578002	0.0002543016	0.0020185288	0.0052468865	0.00047426598	4.633756e-05	0.00021264025	0.0002876324	0.00021524473	0.0014868892	0.009466172	0.0013504453	0.0005482414	0.0024860743	0.0017735309	0.007767773	0.016941989	0.0034134553	0.0013393366	0.0007204678	0.00037854444	0.0007924417	0.001202158	0.00034628462	8.162589e-05	0.027673567	0.0024084651	0.027673567	0.005681692	0.0013754513	0.0031170363	0.005681692	0.0026212714	0.005719173	0.00392402	0.00020208415	0.0001991742	0.0003252798	0.00096910173	0.0022256095	0.0009071032	0.0039430293	0.00016278126	0.0009345672	0.00046708286	0.010793453	0.00024245695	0.0049710562	0.00067505235	0.00086525804	0.0029199063	0.00014279957	0.014366763	0.0020108675	0.0004020268	0.00020509078	0.0005551756	0.007923002	0.0004686291	0.00029442387	0.014366763	-19.422950744628903
s06e22b	190.0	5.0	0.89975846	0.89975846	0.13690196	0.0038008092	0.00016027066	0.0002915126	0.00077308394	0.0005719112	0.0006905283	0.0006822457	0.00040049863	0.0002875304	0.0042626346	0.004449991	0.0008462882	7.517849e-05	0.0006729089	0.00013627835	0.00032179712	0.002261651	0.0025396901	0.00087520125	0.00045899668	0.001362034	0.0007627383	0.006274964	0.029249338	0.005789612	0.0024762435	0.000976803	0.0003315924	0.0010966951	0.002163001	0.0004904561	0.00013305107	0.026464602	0.0021246134	0.026464602	0.002890859	0.0010877977	0.0038251395	0.002890859	0.00466897	0.0030930175	0.0037960098	0.00028394046	0.0002447648	0.00038142642	0.00080956536	0.0016689037	0.00061560597	0.002628747	0.00018305806	0.0016891315	0.00040905378	0.00860647	0.00014677727	0.0030485464	0.0006260173	0.001673843	0.0048683365	9.5600895e-05	0.017180976	0.0020739005	0.00053665705	0.001042601	0.0005089801	0.0040744967	0.00085965963	0.00057826313	0.017180976	-19.75246810913086
s06e22b	195.0	5.0	0.9081459	0.9081459	0.013333401	0.040112853	0.0003000191	0.00042825175	0.0016598713	0.0006152775	0.00426477	0.002758375	0.000109184926	0.00060416956	0.02277457	0.0009893724	0.00015449547	9.2609924e-05	0.0006080812	0.0004892204	0.000425694	0.0014572775	0.004198317	0.0012414557	0.0008522442	0.0025051462	0.0014334918	0.0025051462	0.024538355	0.0069409516	0.0041365465	0.0011686261	0.0005664925	0.001133284	0.0020964146	0.00046411526	0.00023960324	0.002018161	0.00048700222	0.00072342553	0.0009572953	0.00021299454	0.00018978816	0.0009572953	0.001273252	0.0016133639	0.0014139768	8.595359e-05	0.00024476057	0.00042155822	0.001001772	0.00053683843	0.0010081677	0.0012526732	0.00066247326	0.0019497492	0.0004948109	0.01601167	0.0005847026	0.01311948	0.00017328074	0.0009105565	0.0029344636	0.00023267331	0.009489388	0.0026985595	0.0002530176	9.643188e-05	0.00035552416	0.004285973	0.0007010865	0.00027151083	0.009489388	-19.48280143737793
s06e22b	200.0	5.0	0.8888697	0.8888697	0.013977314	0.0066731493	0.00032660546	0.0003293492	0.00029621285	0.00017612168	0.00197863	0.0016422777	0.00087695004	0.00024815675	0.00096235005	0.0025054882	0.0021344675	7.242666e-05	0.0014174802	0.00016769127	0.000223505	0.0015899538	0.0040295394	0.0023332327	0.00071563944	0.0021051993	0.0012131009	0.0022902458	0.02543636	0.008180463	0.003417469	0.001526715	0.00036226044	0.0015965361	0.0020062583	0.00014826664	0.00020041225	0.03157851	0.0020406002	0.03157851	0.0027716362	0.0009922287	0.005939819	0.0027716362	0.004930837	0.0019264468	0.0037597674	0.00029672333	0.00021374809	0.00026484064	0.0012061835	0.00088130834	0.0005468376	0.0035072311	0.0003207267	0.00086708413	0.00080100016	0.0026307304	7.848286e-05	0.0021746538	0.0004771427	0.00042259326	0.0019991677	5.9648715e-05	0.0098453555	0.0008163008	0.00033778438	0.00037152602	0.0004977111	0.0055483384	0.00060421653	0.0010343042	0.0098453555	-19.877321243286133
s06e22b	205.0	5.0	0.84891915	0.84891915	0.13826883	0.0029633061	0.0008477555	0.0037476649	0.31428635	0.0036685506	0.0017120121	0.0008676821	0.008509967	0.00023887148	0.004982572	0.0026252063	0.0068815607	0.00089664874	0.002120438	0.0003337061	0.0014110463	0.055249754	0.01100394	0.0069756727	0.0010275734	0.0023414253	0.0006487608	0.003573423	0.020779375	0.0105344625	0.006562123	0.00063693564	0.00022630984	0.0007619181	0.0017742394	0.00014039254	0.00011763237	0.0022389595	0.0022389595	0.0014661122	0.0036495985	0.0037447426	0.00077109225	0.0037447426	0.0010110331	0.012620415	0.0063387565	0.00077512505	0.000286537	0.0003143885	0.0028140682	0.0013721831	0.0018603924	0.004467235	0.00013187413	0.0009364429	0.00051400304	0.0061368966	9.797525e-05	0.0012697103	0.00077243923	0.00040746143	0.0005858866	0.00012004784	0.00215257	0.0009294483	0.0005030885	0.0060751433	0.0023188407	0.0029260293	0.0019438457	0.00018907164	0.0060751433	-18.959213256835938
s06e22b	210.0	5.0	0.76893556	0.76893556	0.06110979	0.0041026035	0.00021648893	0.0047677727	0.14572214	0.0007635644	0.014372166	0.0019100168	0.00035415211	0.00042580967	0.0007881942	0.0069899997	0.0004938113	0.0009916046	0.0057628993	0.002764096	0.02033205	0.07510943	0.007717176	0.0017142865	0.00387751	0.005025764	0.00079949986	0.005025764	0.43633974	0.050308835	0.019043067	0.002178784	0.0010670689	0.0021096978	0.02117785	0.0005069719	0.0023339742	0.006699356	0.006699356	0.0044364138	0.005163972	0.015217377	0.0016811466	0.015217377	0.0018132516	0.022916112	0.04596021	0.0072332914	0.0063119773	0.0014651238	0.059583414	0.002337641	0.009075349	0.012154822	0.00034346074	0.00091918005	0.0022046494	0.0018961455	0.00029618715	0.00047954376	0.001558838	0.0020768365	0.00037968866	0.002605976	0.0016956168	0.0006779307	0.001387769	0.008915719	0.0008432294	0.004846219	0.0018596257	0.00048788314	0.06426414	-18.806129455566406
s06e22b	215.0	5.0	0.8439933	0.8439933	0.0034595055	0.1480212	0.0011455215	0.008763144	0.0075579346	0.0023122467	0.018218976	0.050941832	0.00024272599	0.00022423928	0.0063428725	0.0028825798	0.0012854757	0.00023929229	0.0027633298	0.002273106	0.0015608402	0.003449538	0.003184195	0.0021479658	0.0015849598	0.0029557575	0.000923804	0.0029557575	0.70224506	0.109121695	0.0242165	0.0023457422	0.0006556273	0.0022685134	0.0972108	0.000556586	0.009241967	0.000729333	0.00039250942	0.000729333	0.0012307229	0.00068503944	0.0002031372	0.0012307229	0.0006441008	0.0019474326	0.004221471	0.0003035664	0.0003560951	0.0010084492	0.0018790505	0.0008964113	0.0013495852	0.007964895	0.0016647071	0.0062540066	0.0031857118	0.008512341	0.01652706	0.008771112	0.000250037	0.00069132703	0.0012315484	0.00020063079	0.0031931372	0.001537213	0.0008201087	0.004165876	0.0010477623	0.011640293	0.0033755517	0.00020949283	0.00726252	-18.692035675048828
s06e22b	220.0	5.0	0.83240753	0.83240753	0.073574424	0.037496544	0.00056185434	0.0041932603	0.3973413	0.0021697236	0.004616969	0.0062232446	0.0006757614	0.00065621425	0.003994649	0.002352876	0.0013258493	0.001816089	0.0015560471	0.00032116668	0.0029479885	0.16293415	0.0043334356	0.0014737718	0.0043334356	0.004546962	0.0016691023	0.004546962	0.012032555	0.0024620409	0.0013613733	0.0003302931	0.00018018839	0.0003106816	0.0010196879	0.00018220617	0.00020457926	0.0011549373	0.0006777873	0.0011549373	0.0017242711	0.0009852444	0.0003909371	0.0017242711	0.00094245124	0.0016227878	0.0029111567	0.00035052293	0.00017962504	0.0003595328	0.0018010614	0.0011818875	0.00062207936	0.002906275	0.000780969	0.0024272802	0.00025119135	0.0018544992	0.0001210861	0.0016296253	0.0005730975	0.00041154042	0.00030273086	0.00052025315	0.00082573143	0.00048224398	0.00032594783	0.0024701688	0.0013917192	0.0051697567	0.0020060502	0.00020696661	0.0027015398	-19.37503242492676
s06e22b	225.0	5.0	0.81587505	0.81587505	0.056963872	0.006598158	0.00024630516	0.0010190245	0.24241646	0.00078678306	0.0015311467	0.0018223433	0.00029939789	0.00034089183	0.0051285634	0.0015681008	0.001356688	0.00045140876	0.0009110599	0.0002403095	0.0029159607	0.0036888344	0.004341162	0.0012944364	0.00084697554	0.0074496423	0.0012957279	0.0074496423	0.026492773	0.008530995	0.0035247747	0.0011436816	0.00026047786	0.0009553878	0.0035498869	0.00020735255	0.00017304643	0.021578405	0.0016996427	0.021578405	0.0074969972	0.0021919936	0.005071678	0.0074969972	0.0014826758	0.005362439	0.0061811917	0.00056656	0.00033760828	0.00034320838	0.005560781	0.0028993147	0.0036126254	0.0077263894	0.00010772909	0.0010323107	0.0011574787	0.0020065506	0.00015765439	0.0006850361	0.0016449568	0.0008302242	0.0004343087	0.0003134135	0.0015681934	0.001173502	0.00039039744	0.000900457	0.002379278	0.011196467	0.0004945629	0.00022246705	0.0028955648	-19.210193634033203
s06e22b	230.0	5.0	0.7127064	0.7127064	0.00455425	0.20079376	0.0028619554	0.0024666414	0.0028083792	0.0059424406	0.00888437	0.03358638	0.004148298	0.00039586905	0.007676107	0.000968315	0.0011156847	0.0007663111	0.0028048267	0.00045607195	0.0008349793	0.0007434442	0.009910184	0.009910184	0.0016740964	0.00180448	0.0022823166	0.0022823166	0.023047172	0.006161662	0.001962445	0.0006072411	0.00033179668	0.00048732336	0.0010172263	0.00036937228	0.00052089425	0.0011567782	0.000714322	0.0011567782	0.00055159867	0.0004475837	0.00047500207	0.00055159867	0.0010136889	0.0019542659	0.005023442	0.00025119205	0.0002932414	0.00098221	0.0016748408	0.00043127593	0.0009956823	0.0012077476	0.00033621828	0.0017317679	0.0007852775	0.0069590686	0.0014535291	0.0069192047	0.00013043256	0.0009764489	0.008575928	0.00027395325	0.0011729264	0.00035870122	0.00024611596	0.0006417659	0.00033255006	0.004357226	0.00075811794	0.00047189218	0.005352169	-19.265830993652344
s06e22b	235.0	5.0	0.8895359	0.8895359	0.012247769	0.15208249	0.00027580847	0.001664867	0.15321793	0.00082933035	0.004226397	0.013825752	0.0003946157	0.00041535398	0.0017534147	0.0015222374	0.004132335	0.0016592962	0.0030970003	0.00029796755	0.00096107787	0.0041310675	0.003869119	0.0037301641	0.0007658709	0.002384244	0.00141639	0.002384244	0.035627678	0.006897067	0.0018057346	0.0013992551	0.00037897337	0.0011487145	0.0015775416	0.00035124584	0.0005026198	0.0061080293	0.0007216412	0.0061080293	0.0025321252	0.0006935522	0.0016467808	0.0025321252	0.0009664269	0.0021725264	0.003192454	0.00015053267	0.00021420428	0.00018540438	0.0024439646	0.00073860906	0.0029119318	0.0037732706	0.0013558897	0.0027141399	0.0005655581	0.0026582286	0.0004123071	0.016114399	0.0006161025	0.00078108656	0.0014188213	0.00015771935	0.001866718	0.00032930556	0.0002774963	0.0027386085	0.0016778015	0.0059549827	0.0020871945	0.00016788358	0.0027386085	-20.44623565673828
s06e22b	240.0	5.0	0.8496735	0.8496735	0.09775011	0.07801973	0.0005382074	0.003331535	0.11580167	0.0033761424	0.0014713724	0.0051077115	0.0003202329	0.0005885423	0.007150829	0.0053865626	0.002611527	0.0010060238	0.0020608539	0.00025568347	0.0040812516	0.0380447	0.012089537	0.011293834	0.002065365	0.0029904381	0.001435664	0.0034057233	0.036171257	0.004365587	0.0014464863	0.0012315003	0.00048837124	0.0012770655	0.0018210758	0.00028319645	0.00039498846	0.015581943	0.0035776088	0.015581943	0.00473151	0.0029580772	0.0031011605	0.00473151	0.004247365	0.007061778	0.004933032	0.0010623868	0.0004107647	0.0006593503	0.0037590247	0.003958399	0.002057908	0.0043657925	0.00031294473	0.0013361108	0.001386792	0.0041376445	0.0002087869	0.006679898	0.0020298208	0.000543154	0.003046469	0.00020351661	0.003010949	0.0015892923	0.00061559095	0.0021862648	0.0014934955	0.008495126	0.0032119164	0.0002727591	0.004686531	-21.93511009216309
s06e22b	245.0	5.0	0.8288664	0.8288664	0.008326843	0.0040991465	0.00049158686	0.00013248049	0.00052674185	0.00034522786	0.00072484167	0.0062432084	0.00037338125	0.00028488057	0.0064286087	0.009997711	0.0064711403	0.000110573004	0.0009925421	0.00017400742	0.000111269816	0.00026407136	0.025171094	0.011124021	0.0013410379	0.025101582	0.0053811446	0.026640918	0.017690675	0.0033399865	0.0011790089	0.0005278707	0.00028327422	0.0005202695	0.0008691516	0.00016674226	9.145946e-05	0.004492887	0.0005759581	0.002336705	0.0015202139	0.00013188594	0.00033301706	0.0015202139	0.006577752	0.00092300784	0.0009356149	6.1215505e-05	0.0002074362	0.00031557828	0.000557744	0.0020469276	0.00051767274	0.0023202887	0.0006060948	0.0013723032	0.0034561995	0.0014743739	0.00039194894	0.004583159	0.00032025645	0.00042792017	0.0019949954	0.00019960119	0.0047802106	0.0014424889	0.0002447342	0.00016954457	0.0008892501	0.013002028	0.00060864736	0.0007513156	0.010461995	-21.17778968811035
s06e22b	250.0	5.0	0.8144408	0.8144408	0.053641748	0.016271468	0.0001858396	0.009217126	0.090514734	0.0014280023	0.004278097	0.0031423145	0.004853871	0.00028470194	0.0031187467	0.0027537632	0.0040275534	0.00090241357	0.003741919	0.00047446496	0.010301934	0.13901787	0.008249944	0.0028566045	0.0016723106	0.0044931835	0.00243866	0.0044931835	0.033174433	0.014332719	0.007995639	0.00076139695	9.024166e-05	0.00044801994	0.0016343568	0.00021936986	0.00028920994	0.001531668	0.00047610406	0.001531668	0.0016698828	0.0010642512	0.00075857027	0.0016698828	0.0012303148	0.006432255	0.010083701	0.001396246	0.0016978638	0.001114512	0.003904269	0.0010967776	0.0022532167	0.007350237	0.0003699878	0.0056586415	0.00040317897	0.008299185	0.0002620651	0.00073239754	0.00032333718	0.00080668606	0.0005411423	0.00036150558	0.0031870613	0.00037732485	0.00052313926	0.005399694	0.0010994676	0.003964235	0.0016752772	0.0018138662	0.005399694	-18.88384056091309
s06e22b	255.0	5.0	0.6874276	0.6874276	0.008901762	0.023249688	0.0034454195	0.008776345	0.012028774	0.012864402	0.15776648	0.038365744	0.00025908314	0.00020954316	0.0005793828	0.00544169	0.0002526794	0.00023517215	0.0027291828	0.00064880995	0.006339174	0.11619272	0.0026084871	0.0006101813	0.00039180976	0.00032119395	0.00024162112	0.00061214546	0.14479698	0.011284563	0.0043886034	0.0015170607	0.0004235412	0.0009367602	0.0016083776	0.0008430045	0.0030223443	0.0011331793	0.0007632029	0.0011331793	0.0020561307	0.0012508872	0.00043935722	0.0020561307	0.0007609799	0.0053803017	0.0043006577	0.00015550759	0.00016668186	0.00040198927	0.0010481492	0.0010894239	0.0005969933	0.0012081728	0.00092518347	0.00058123126	0.00022020118	0.0021587303	0.00016239709	0.00018359156	0.00042685412	0.00028749282	0.0005980067	0.0001344054	0.0011577769	0.00028520208	0.00056492345	0.00046332515	0.00047023216	0.0016327128	0.00093650405	0.0015150664	0.0014764132	-18.29974365234375
s06e22b	260.0	5.0	0.8835262	0.8835262	0.009131728	0.009490979	8.38328e-05	0.0051133484	0.17095669	0.0021301645	0.0034058108	0.017078616	0.0017661469	0.00016969966	0.0018184979	0.0052189967	0.001957518	0.0049476316	0.0021157416	0.0014048504	0.002180242	0.0676984	0.025111977	0.0017702753	0.0017822456	0.0013394353	0.00055792823	0.0013586062	0.045069553	0.0032659478	0.0018610513	0.000422439	0.00038979447	0.0004434879	0.00247007	0.00050357863	0.0004457161	0.0017799184	0.0007978901	0.0017799184	0.003177097	0.0010217417	0.0005094075	0.003177097	0.0012337334	0.0073159016	0.0032850415	0.00035075212	0.00076024054	0.00036428083	0.0049841236	0.0024276369	0.0026870766	0.00861008	0.0024941736	0.04878611	0.00046196263	0.00072168343	0.00017775259	0.0003435426	0.00028847496	0.00093162357	0.00050733256	0.00041804518	0.0028135008	0.00057747687	0.0019666979	0.0072137243	0.0015022848	0.007853912	0.0011928794	0.00096434366	0.010431438	-20.4279727935791
s06e22b	265.0	5.0	0.03732207	0.03732207	0.0006380256	0.0010181599	0.00041129685	0.00024226586	0.0003266064	0.00011043707	0.0018300252	0.0020855763	7.848121e-05	2.204061e-05	0.0011809551	0.06601961	0.0006863536	2.1301963e-05	0.00033980646	0.003990085	0.0011799167	0.00089107954	0.09690946	0.011196673	0.0031682465	0.0023700916	0.0012073048	0.004284221	0.028953953	0.0030245262	0.001224705	0.00072948384	0.0006868352	0.0005675388	0.0017184926	0.0006262476	0.00023826532	0.06451635	0.010704306	0.06451635	0.0012359833	0.00085469976	0.030306373	0.0012359833	0.018392235	0.007032713	0.0020253304	0.00017790214	7.586112e-05	0.00034640863	0.010756305	0.011443448	0.0013227452	0.009116717	4.965697e-05	0.006623137	0.0009032566	0.00027891772	0.00010310448	5.5746852e-05	0.0001134712	0.00040484607	9.3273564e-05	0.000204842	0.0053891432	0.0022997153	0.0012384735	0.009345868	0.00063547376	0.0035639142	0.00077158184	0.00019680541	0.044067435	-26.992992401123047
s06e22b	270.0	5.0	0.3291944	0.3291944	0.010782319	0.00087564037	0.000100364545	0.0004869252	0.021060212	0.00017465187	0.00073678617	0.0019738157	0.0002543479	4.1318886e-05	0.0009627862	0.0076855086	0.00011439314	0.0001629134	0.00053002633	3.682955e-05	0.0016314579	0.004045385	0.017826917	0.0040069465	0.0034204389	0.0019262286	0.0002451602	0.0131653445	0.017204842	0.0018513333	0.0009443649	0.0003505741	0.0001516842	0.00022664972	0.00088310265	0.00079013064	6.2848856e-05	0.13511004	0.004442222	0.13511004	0.0032427453	0.0016065562	0.019879514	0.0032427453	0.015071793	0.0104421	0.028506828	0.00037433393	0.00082409213	0.0004146909	0.01097586	0.021285743	0.0031738111	0.14391962	0.00047627336	0.005043995	0.0018810683	0.00050414365	0.00032972303	0.00015022366	0.0074409456	0.00071541173	0.00042563415	0.00033770854	0.016638462	0.0018955356	0.0006268077	0.051914174	0.014097699	0.009519729	0.0014692966	0.00025226007	0.051914174	-23.40039825439453
s06e22b	275.0	5.0	0.7612299	0.7612299	0.009367384	0.00074417505	0.00021726686	0.002575428	0.008121421	0.00092147227	0.0014061768	0.0019332146	0.00043445095	0.0002013477	0.0069995415	0.012301968	0.00018996524	0.00031498735	0.0006132854	0.00011774111	0.0020811448	0.027555004	0.014229273	0.004039994	0.0022170425	0.0018002893	0.0009292305	0.0046991683	0.015596264	0.0023584801	0.0010709137	0.0002487824	0.00012958585	0.00019463379	0.0018037742	0.00013127591	0.0001318789	0.0026410236	0.0026410236	0.0006479417	0.0010249756	0.0015343876	0.0003647813	0.0015343876	0.003752491	0.022116259	0.030040083	0.0004081301	0.0006974044	0.000271182	0.0022169666	0.0102743665	0.0027893411	0.15974428	7.2873794e-05	0.0052445573	0.00096345367	0.00044732672	0.0002002205	0.00011199879	0.001401188	0.00054353237	0.0004016043	0.00030157485	0.003934331	0.0033947742	0.017738909	0.016327687	0.0016618787	0.0053897263	0.0011351077	0.00031185555	0.050239634	-23.88229179382324
s06e22b	280.0	5.0	0.36885333	0.36885333	0.008123968	0.004552398	0.0002424105	0.0013364517	0.10773295	0.00048793852	0.0016313655	0.0014234064	0.00028005286	0.0002162624	0.00062973524	0.003224588	0.000969933	0.00091619714	0.0011469563	0.0005629073	0.0073411516	0.053608447	0.011059288	0.005587842	0.011059288	0.0077933795	0.0017296523	0.0077933795	0.04251111	0.011369511	0.0053470763	0.0012998545	0.00047914693	0.0013080443	0.0032885298	0.0006289446	0.00039661964	0.0044154823	0.0044154823	0.0036713611	0.009001982	0.0051596574	0.0015663555	0.009001982	0.0019222248	0.022034729	0.008881717	0.0016718012	0.0011762147	0.001763939	0.2807818	0.0013101496	0.018065052	0.0019750108	4.9613325e-05	0.0005633243	0.0016512005	0.0010138139	0.0001680862	0.0011816218	0.00019013447	0.0008937172	0.00015900133	0.0063580405	0.0032586418	0.0006262267	0.0018407071	0.002622335	0.0010640814	0.017973842	0.0005117764	0.0001940821	0.10016786	-19.28843879699707
s06e22b	285.0	5.0	0.86971444	0.86971444	0.06001113	0.007602454	0.0005671127	0.002213514	0.025746483	0.006869514	0.0026716348	0.0006006477	0.0032440263	0.00047483595	0.08861875	0.0055640093	0.0014007384	0.0004181676	0.0006799945	0.00044418577	0.0006452297	0.0018792482	0.00300994	0.0011213254	0.0029940056	0.00077896815	0.0004169937	0.0009055488	0.033273626	0.0073378407	0.0025365949	0.0005207766	0.0001297347	0.00046247506	0.0012420885	0.0001816606	0.000226562	0.0012163144	0.001073386	0.0012163144	0.000561831	0.0011791852	0.0003411636	0.0011791852	0.0036710436	0.0025900109	0.003810544	0.00034814028	0.00017078644	0.00029272382	0.0017432035	0.0005577403	0.003050869	0.009672066	0.00016756722	0.003282852	0.0010847512	0.009608908	0.0009568399	0.002383797	0.00020394163	0.000496218	0.00044869847	0.00064090005	0.0034683642	0.0018076022	0.00087069295	0.0036517752	0.0009613137	0.013971855	0.0011653423	0.0002622363	0.005055379	-20.621469497680664
s06e22b	290.0	5.0	0.89160407	0.89160407	0.0455288	0.008123937	0.0005292151	0.0024692405	0.2602663	0.00217062	0.0032911003	0.0010478472	0.0006963186	0.0003943793	0.020857299	0.0029821894	0.0035311482	0.0004958924	0.00056965917	0.0021548409	0.0015445137	0.02672882	0.04112887	0.0027123438	0.0032806683	0.0065485584	0.0013546757	0.0065485584	0.050576456	0.00656974	0.003118951	0.0006224049	0.00060945767	0.0009718442	0.0023495527	0.00012408294	0.00022954764	0.001520187	0.0009191341	0.0005324292	0.0042844755	0.0013085839	0.0001892457	0.0042844755	0.0024667778	0.0064169415	0.011950396	0.00042533258	0.00044244385	0.00036469314	0.0021942232	0.002222708	0.004367092	0.0051960507	6.399174e-05	0.00094272423	0.0018704855	0.00493669	0.00026911715	0.0014920414	0.002904657	0.0004082001	0.00022417387	0.0003846126	0.003016393	0.0006020832	0.00063551037	0.001725938	0.00052637997	0.0029629893	0.00090193644	0.00012683327	0.003016393	-19.859193801879883
s06e22b	295.0	5.0	0.7622652	0.7622652	0.04132299	0.0025845352	0.00039535595	0.003571281	0.4718681	0.0019810144	0.001678773	0.0017249507	0.0013741212	0.00064563507	0.008391231	0.0029047055	0.012395641	0.009170597	0.005161523	0.0009937921	0.0013510745	0.0047497307	0.014691645	0.0012485078	0.0018021916	0.0070599937	0.00035532832	0.0070599937	0.029400045	0.00774495	0.005784548	0.0020569486	0.0005971871	0.0024363953	0.0020229195	0.0003405618	0.0003425128	0.0018821589	0.0018821589	0.0012390941	0.0018791489	0.001511589	0.00041122665	0.0018791489	0.0022256635	0.003996974	0.0030142916	0.0003992542	0.00092736026	0.00058576936	0.003744355	0.001699298	0.0015146234	0.004643966	0.00012598888	0.0021507025	0.0004954306	0.0013936063	0.00012399328	0.0018307868	0.0009412702	0.0011171817	0.00032581456	0.00059786136	0.005563389	0.0005565847	0.0005397733	0.009269572	0.0010467337	0.0029592726	0.001670487	0.000115072435	0.009269572	-20.13189697265625
s06e22b	300.0	5.0	0.9012453	0.9012453	0.07075619	0.0042129527	0.0009707572	0.001973932	0.1884024	0.0015428955	0.0013374386	0.004180314	0.0008959596	0.00032595126	0.00901391	0.0030580652	0.008433161	0.0035975422	0.00061922666	0.00016615329	0.00079725974	0.09931506	0.0089989705	0.0038595027	0.0026173624	0.006801376	0.0015674089	0.006801376	0.023912849	0.0044653965	0.0025299245	0.00073179306	0.00044396817	0.0012084784	0.0009383659	0.00015680089	0.0002747039	0.0028991615	0.00079897547	0.0028991615	0.0044948747	0.001145306	0.00050682214	0.0044948747	0.0019221078	0.004488964	0.0040010777	0.00036003185	0.00037321614	0.00016230297	0.0013062609	0.0020403536	0.0013392243	0.0061381445	0.00027318043	0.00230144	0.00016618798	0.0027020061	8.0228034e-05	0.001761193	0.0010626364	0.0002862181	0.0011920922	0.00018413433	0.0027029715	0.0006442665	0.0008446363	0.0048546065	0.0009870473	0.0029617331	0.0016581732	0.0003551446	0.0048546065	-19.861835479736328
s06e22b	305.0	5.0	0.8132019	0.8132019	0.094450906	0.011947835	0.00016738231	0.001096235	0.057216786	0.0017521874	0.0019721573	0.0008287517	0.0003848266	0.0003334008	0.008824279	0.0051116482	0.00050728803	0.0012043278	0.000902992	0.0002966611	0.0033370417	0.07602705	0.06739902	0.009043954	0.06739902	0.0019806402	0.0010098534	0.0019806402	0.028674582	0.002740831	0.0013890298	0.00065475027	0.0001326371	0.0006044688	0.0023783252	0.00014527059	0.00017825584	0.0016067093	0.0013899064	0.0015261533	0.0015353428	0.0030061773	0.00069690443	0.0032250187	0.002002344	0.0058402433	0.0055296794	0.0018208278	0.0011382955	0.0001617468	0.11251154	0.001236219	0.0054970398	0.004568791	0.00012346213	0.0007667793	0.0010665669	0.0015482245	0.00016390499	0.0012321544	0.0009774212	0.00045921904	0.0010000003	0.00491424	0.00186384	0.002901746	0.0032198783	0.00337177	0.0033357844	0.007163813	0.0012308243	0.00046309773	0.071910374	-22.20083999633789
s06e22b	310.0	5.0	0.82399035	0.82399035	0.078808695	0.033144422	0.0014298488	0.0151634505	0.3169055	0.0075811795	0.013341835	0.0059825527	0.0011558348	0.00031123596	0.001673373	0.0030758171	0.0019300175	0.002180489	0.0017006374	0.0055458234	0.0071916766	0.034104712	0.0058843317	0.0024144964	0.0018245999	0.0055680606	0.002049693	0.0055680606	0.1610336	0.011467353	0.004908246	0.0012821668	0.0008861881	0.0016169647	0.003551024	0.0006582757	0.0021701439	0.00076394546	0.0006316641	0.00045389432	0.0013863583	0.0007326618	0.00021775234	0.0013863583	0.00089035823	0.0026088543	0.011791137	0.00091263675	0.0010024861	0.00038497595	0.0021522464	0.0014739878	0.002173005	0.0027667657	0.00026577557	0.0007946134	0.0031356975	0.006150695	9.994175e-05	0.00068833976	0.0012098448	0.0011586326	0.00089681364	0.0002776326	0.0018023977	0.00037415017	0.0015527961	0.004935802	0.001210396	0.0014480319	0.002184757	0.00017577976	0.004935802	-19.3178653717041
s06e22b	315.0	5.0	0.71475834	0.71475834	0.023487285	0.025785236	0.00041580442	0.002469579	0.43050328	0.0020052886	0.004933323	0.00445734	0.00010032723	0.00044093272	0.0023144432	0.0010881936	0.0031058046	0.0026904587	0.0019123625	0.0006584715	0.0036710333	0.14901884	0.004738649	0.004738649	0.0026197534	0.0021497428	0.00060854	0.0021497428	0.06980233	0.008972559	0.003970459	0.0011318394	0.0004551499	0.0016658399	0.0046915673	0.0020122984	0.0010217859	0.000682062	0.000682062	0.0004938031	0.00258168	0.0014577397	0.0002665058	0.00258168	0.0005045848	0.0037442446	0.0030582952	0.0007148338	0.0008144858	0.00058385555	0.010291229	0.001576152	0.003008345	0.0018081443	0.0005332281	0.00086950033	0.0011012695	0.0044157906	0.0001972168	0.0012987859	0.0010311052	0.0010328419	0.00043445878	0.00054615206	0.0025616554	0.0005670981	0.00090831576	0.0024891556	0.0035365866	0.0018266445	0.0036842595	0.0002766987	0.0036842595	-18.75118064880371
s06e22b	320.0	5.0	0.65105575	0.65105575	0.034260944	0.008433983	0.00075560284	0.011979189	0.15327315	0.005994045	0.0051840786	0.0049153124	0.005369168	0.0008975994	0.0032883266	0.004720349	0.008320841	0.001497324	0.00042348125	0.0026482213	0.012261795	0.21440274	0.091087766	0.008292512	0.00603428	0.0010660691	0.0012978517	0.0035897866	0.045797188	0.006750295	0.0030579113	0.0009788115	0.00042240717	0.001139579	0.0045844405	0.0009712023	0.0007791656	0.001522855	0.001522855	0.00066535024	0.0038067051	0.0012778643	0.00030641395	0.0038067051	0.0010239142	0.008156167	0.0060871504	0.00081929093	0.0007188336	0.00044982694	0.015445981	0.0023479247	0.0028245742	0.005532184	0.00010813697	0.00054432196	0.0011545391	0.004242447	0.0001458331	0.0003727933	0.0002966266	0.00074001565	0.00024254876	0.0018708345	0.004954665	0.00040295304	0.0027114863	0.0057970965	0.0020973624	0.0030384853	0.0006974968	0.00024223216	0.010735111	-18.39728164672852
s06e22b	325.0	5.0	0.17950478	0.17836984	0.004791755	0.0044504837	0.002674771	0.013668852	0.21920873	0.004492128	0.0059168553	0.0042654327	0.0013216805	0.0003802271	0.0047823526	0.0024374921	0.0037597353	0.002249545	0.0014904672	0.0016322061	0.01611902	0.042771798	0.00327102	0.00327102	0.0020777103	0.002828024	0.0044764476	0.0044764476	0.09241094	0.009385835	0.0038326401	0.00059430825	0.0001924786	0.00070339936	0.0046810694	0.0009787389	0.0006968417	0.0033260582	0.0033260582	0.002039968	0.0035248834	0.005022668	0.00096790586	0.005022668	0.001027381	0.014373052	0.0116736945	0.0011669842	0.0010049543	0.00035157398	0.028665053	0.0023899726	0.0044023925	0.014978966	0.00039203023	0.0011873969	0.0009808419	0.0015840273	0.00027921412	0.0042122984	0.00025514918	0.0014314974	0.00070304517	0.00049938814	0.0030199976	0.0011572582	0.0044697635	0.0062863957	0.0012476014	0.006181163	0.0011727152	0.00020402935	0.0074111265	-17.953168869018555
s06e22b	330.0	5.0	0.77728796	0.77728796	0.05242902	0.021441504	0.0007277868	0.004607149	0.118791185	0.0034516153	0.018838871	0.001598834	0.00022655682	0.00042625394	0.004003013	0.005681862	0.0074016266	0.001392191	0.0010149494	0.0007913045	0.007092827	0.29982957	0.0074706003	0.0074706003	0.00540887	0.0039786138	0.0019945437	0.0039786138	0.0581344	0.015515967	0.0053214245	0.00078545377	0.0004277678	0.0009676044	0.0047863144	0.0006586582	0.0004583647	0.0008221956	0.0007899368	0.00016552962	0.0011266008	0.00067220355	0.00010641435	0.0011266008	0.00033606304	0.0051441356	0.0027135888	0.0003780972	0.0011808556	0.0005508967	0.006502899	0.0013805697	0.0012656709	0.0075069494	8.507753e-05	0.0004611289	0.00056191935	0.002626655	7.747077e-05	0.00029158292	0.000271617	0.00050021237	0.00033135255	0.00036057972	0.0014007717	0.00034434415	0.0009185931	0.004992549	0.0011597511	0.0018524808	0.0023777527	0.0001472716	0.0053115375	-19.765586853027344
s06e22b	335.0	5.0	0.66286707	0.66286707	0.013561129	0.0067068613	0.0002643883	0.0061371294	0.42193735	0.0014618002	0.006123422	0.001053513	0.00011335711	0.0005480852	0.0017738002	0.0016544784	0.0012865174	0.0024463907	0.0008223879	0.0014724496	0.0036354668	0.13874324	0.0034565772	0.0021772503	0.0029147824	0.004353244	0.001566158	0.004353244	0.18399972	0.015220494	0.0058393264	0.0010750346	0.00051010575	0.0015436141	0.004756351	0.0010439195	0.0014558613	0.0020826883	0.0020826883	0.00081107375	0.0062786704	0.004068265	0.00047492058	0.0062786704	0.000519441	0.0134562235	0.0088025555	0.001293408	0.0018926853	0.001233133	0.0086049605	0.0018350005	0.0036931548	0.0040844916	0.00031658265	0.0004390627	0.0011529614	0.0032837149	0.00012014359	0.00096492306	0.0006294001	0.0011670031	0.00024614224	0.0008773512	0.001650262	0.0003265282	0.0022958193	0.0038148924	0.00068747764	0.0031044835	0.001041779	0.00014844516	0.003940927	-18.04021644592285
s06e22b	340.0	5.0	0.6175401	0.6175401	0.0011794459	0.0018281849	0.00033485942	0.001388514	0.006929595	0.0002915971	0.014767214	0.005267419	0.000113849455	0.0006456375	0.0020124968	0.039313912	0.0011696239	0.00028391962	0.0022180227	0.001661745	0.0011862173	0.0042763543	0.38468543	0.002033249	0.0013707436	0.07250596	0.0044185733	0.07250596	0.659978	0.011118515	0.003347581	0.0006489887	0.00127734	0.0015024121	0.011317585	0.00026763868	0.004302104	0.0015471221	0.0014066563	0.0006352157	0.00068955467	0.00062217243	0.00023449953	0.00068955467	0.0034705042	0.0043023243	0.013753609	0.00014408061	0.00038431847	0.0003242194	0.0032359678	0.00487449	0.004655808	0.0030376648	0.00010432747	0.007485529	0.000924997	0.0004310622	0.00026156113	0.0005471814	0.000120360535	0.0008482194	0.0014156206	0.0010408816	0.0018971268	0.0018105212	0.001492288	0.01078817	0.0005259983	0.011640342	0.00116942	3.9148716e-05	0.023720734	-19.30193519592285
s06e22b	345.0	5.0	0.8847701	0.8847701	0.0147438515	0.4450733	0.0015833066	0.00054112374	0.0053251614	0.004158433	0.0018754222	0.008148988	0.00033373502	0.0002868869	0.00041517266	0.008303903	0.0011241843	6.566665e-05	0.00034838298	0.0019945703	0.00025535532	0.0012974493	0.05807103	0.0039781868	0.0029655513	0.0046100053	0.0026098571	0.0052892007	0.16422077	0.009358149	0.0022565662	0.0005147188	0.00037491854	0.00088747806	0.0023988911	0.0004887466	0.0008578659	0.0014906134	0.0006590613	0.00097401696	0.0012034974	0.00044918378	0.0004393763	0.0012034974	0.00040808207	0.0073684272	0.007809154	0.00011175588	0.00030595445	0.00062486174	0.0030091072	0.000735691	0.0021959206	0.0005877085	0.000871391	0.0007689609	0.0009203667	0.016577313	0.0007567119	0.0042505953	0.00023219992	0.0005119767	0.0020152107	0.00035185195	0.002304976	0.000658175	0.0004606553	0.00014394548	0.0007160669	0.006833683	0.0016201595	9.29705e-05	0.0053912783	-18.98775863647461
s06e22b	350.0	5.0	0.78947467	0.78947467	0.003928768	0.016822414	0.0012029737	0.03171482	0.0017639751	0.009628472	0.0011383677	0.009801057	0.07832862	0.0013491778	0.013848376	0.0053043803	0.0047029345	0.0005833716	0.00049736636	0.00044794715	0.00033264677	0.0021083772	0.010512129	0.0072150603	0.0017561787	0.0009786204	0.0015880791	0.0017427696	0.0457058	0.0066060172	0.0024386889	0.0005489379	0.0006487512	0.00036633943	0.001496575	0.0003440137	0.00032791583	0.0014200893	0.0014200893	0.00078621303	0.0011943147	0.00080837554	0.00025982276	0.0011943147	0.0010873663	0.0035120791	0.011958254	0.00026870435	0.0014150215	0.0006277152	0.002136515	0.0032858818	0.0011246868	0.0039079757	0.00014191019	0.0020989138	0.00033382347	0.0009314163	0.00061104435	0.0043553067	0.0003158001	0.00074749667	0.001720172	0.00036713478	0.017074006	0.001303091	0.0022385719	0.0021215626	0.00072608434	0.0015208408	0.0028937275	0.00018532679	0.017074006	-19.37405586242676
s06e22b	355.0	5.0	0.8444842	0.8444842	0.02451113	0.099066705	0.00012580113	0.0056051225	0.094626054	0.0007131762	0.0041001067	0.0035297272	0.0003917431	0.0004258186	0.0017597015	0.0025365998	0.001868617	0.0013307388	0.0052836137	0.001106944	0.020639004	0.025403025	0.008623722	0.0038431352	0.0007493286	0.0012793398	0.00069167034	0.0012793398	0.07084294	0.010098687	0.0052166525	0.0012287701	0.00032152052	0.00094764656	0.005955858	0.0006630505	0.0004683752	0.0037303395	0.0019512678	0.0037303395	0.005045182	0.0038251686	0.0011828713	0.005045182	0.0008980459	0.0050234254	0.012546161	0.002463532	0.0016667919	0.0012444616	0.0071718283	0.0014815883	0.0027307537	0.0053913905	0.00047304918	0.002020793	0.00095100224	0.0026349127	0.0012561465	0.0020622753	0.00047241696	0.0016476718	0.00030949374	0.00023403138	0.0011652969	0.0004992028	0.0013236691	0.0036622258	0.0012515105	0.0059734317	0.004372156	0.0002457764	0.013348526	-18.01954841613769
s06e22b	360.0	5.0	0.90849406	0.90849406	0.028333288	0.37016362	0.00037330404	0.0020733636	0.003744643	0.0041190973	0.0025250895	0.012957903	0.00018251063	0.0003404949	0.00060306303	0.0064517236	0.0007622158	0.00010726565	0.0005025805	0.00020915472	0.00023024292	0.009150489	0.015772773	0.01564011	0.0011495705	0.0043252734	0.002367662	0.01047295	0.044155423	0.002721407	0.0007567919	0.0007160201	0.00066417124	0.0006224583	0.0010847852	0.0003995512	0.00051617116	0.0024012064	0.0010388279	0.001483329	0.0015716748	0.00076777046	0.0004397461	0.0015716748	0.00118911	0.0063604657	0.011293493	0.0003233101	0.00032726652	0.0007188452	0.002280183	0.0009839508	0.0013120177	0.0018113229	0.0004717087	0.0006373837	0.000528821	0.0038074758	0.0004701443	0.005887897	0.00048677248	0.00063462154	0.0032150613	0.000294539	0.0013050243	0.00032165603	0.00044263812	0.0005030152	0.000383159	0.003249077	0.0029707092	0.00032848248	0.0058031674	-18.847434997558597
s06e22b	365.0	5.0	0.92920387	0.92920387	0.009641252	0.1220185	0.00043065436	0.0024393988	0.19210923	0.005766476	0.0035354008	0.08101428	0.00019550593	0.0005041269	0.0019915076	0.0009008976	0.0049737976	0.0055032265	0.0027765103	0.0004110603	0.00071985053	0.022993412	0.0077548698	0.0077548698	0.0016864697	0.0007598165	0.00049765705	0.00079535774	0.050277513	0.0049186	0.0025762976	0.0007929176	0.00023052738	0.00096268207	0.0014151494	0.00035363523	0.0009959461	0.00050361536	0.0002248994	0.00050361536	0.0011412313	0.00032607187	0.00013983167	0.0011412313	0.0005533722	0.0007011042	0.0037058282	0.00013429741	0.0002431649	0.0003183684	0.0024684914	0.00086684205	0.0023629295	0.0033353025	0.0016698685	0.0018924879	0.0005474143	0.0072198636	0.0007796565	0.0039383075	0.0004404366	0.0006242174	0.0019719903	0.00020753275	0.001095658	0.00022729808	0.00029165132	0.0013659917	0.00087525666	0.0017371377	0.002636444	0.00023663414	0.002636444	-18.76288414001465
s06e22b	370.0	5.0	0.8727844	0.8727844	0.006800378	0.030094322	0.0002883688	0.0033912286	0.07838465	0.00047332663	0.0046676006	0.03565745	0.001096904	0.00014426853	0.0012168301	0.004355218	0.00063993415	0.0032510555	0.0037474085	0.00096079946	0.0031980828	0.012683764	0.05188242	0.003380909	0.0004486818	0.0022396392	0.0010431624	0.0022396392	0.67964	0.021504028	0.0141391335	0.00083617	0.00039105004	0.0006678381	0.007224086	0.0006261434	0.004139956	0.0020725243	0.0011833587	0.0020725243	0.0035997785	0.0028088174	0.0008058686	0.0035997785	0.0008533566	0.0055026943	0.031776104	0.0004894895	0.0008714599	0.0004456294	0.001943272	0.0054824557	0.0044894014	0.007909386	0.0013707189	0.0028152647	0.00047379243	0.0018824834	0.002989719	0.0009925384	0.00035591892	0.0015174875	0.00050428236	9.098511e-05	0.00048684955	0.00064976944	0.0022782204	0.0046244715	0.0012979493	0.011167595	0.0051471214	0.00025729477	0.0059190653	-18.43689346313477
s06e22b	375.0	5.0	0.62706757	0.62706757	0.0052551855	0.0018832245	5.6305915e-05	0.006289187	0.00020763902	0.00017037737	0.014777282	0.0012321889	0.00018194715	0.0001421163	0.0017891149	0.017856337	0.0005047363	0.00017429054	0.00041667972	0.00023544228	0.0008253063	0.0010528163	0.0097315125	0.00294055	0.0017522466	0.002541638	0.003448453	0.003448453	0.7894684	0.027915489	0.021142071	0.0001938354	4.1446474e-05	0.00087992515	0.014378422	0.0008247331	0.013171138	0.009044855	0.0072853486	0.0050407196	0.006205887	0.0146391345	0.0015500851	0.0146391345	0.003657514	0.03616051	0.06047896	0.002466373	0.00059492374	0.00072099187	0.008086009	0.033362478	0.0039500175	0.0017283058	0.00014108473	0.0022672745	0.0009611095	0.0008571559	0.00040842043	0.00057839736	0.00030358523	0.00053209945	0.00024440332	0.0003068744	0.00443839	0.0017518037	0.0029737712	0.0056668553	0.0016357695	0.013987163	0.0023041242	0.00029919244	0.010297841	-19.063159942626957
s06e22b	380.0	5.0	0.77998316	0.77998316	0.0043804063	0.022704296	0.00045182588	0.00024039108	0.00147785	0.0003189891	0.0008048418	0.0063309795	0.00022845113	6.566164e-05	0.0047084107	0.02953875	0.001133149	9.834067e-05	0.0005822046	0.0002302484	0.00019689926	0.0010972698	0.033096436	0.0120182615	0.002387559	0.004859292	0.0010608996	0.0055077956	0.14809236	0.006172358	0.0015724248	0.0006550883	0.0003807961	0.0005307445	0.0026275744	0.00026826203	0.00039750573	0.018824462	0.018824462	0.011840103	0.0052725133	0.020411113	0.0030433077	0.020411113	0.002652358	0.13541555	0.019535175	0.0006946503	0.00043840252	0.00019074787	0.017774878	0.004326992	0.0029033357	0.047459293	0.00030840214	0.0059477105	0.0038599556	0.0021157165	0.00094167294	0.0035918648	0.00026493383	0.00039290363	0.00033137592	0.00042880175	0.03352505	0.0062099053	0.0007930604	0.0050211786	0.0015674551	0.01898769	0.00061323604	0.00013350947	0.03352505	-19.723201751708984
s06e22b	385.0	5.0	0.8553527	0.8553527	0.044353515	0.0053949202	0.0004696386	0.00044823848	0.0035605324	0.00073413964	0.00062263006	0.0006740409	0.00021366861	0.00015235652	0.0043240394	0.012737084	0.00046591315	8.4630155e-05	0.0010434183	0.0002571437	0.0004195527	0.013079239	0.007805856	0.0018542963	0.0009176876	0.001724093	0.0012197009	0.01350931	0.07456904	0.006862253	0.003014882	0.0008170518	0.00034265814	0.00072750315	0.0021536027	0.00046033136	0.00019198388	0.027584657	0.023803376	0.027584657	0.017903907	0.031985354	0.0059650564	0.031985354	0.0038320979	0.05790654	0.051852427	0.016367551	0.0017255454	0.0012982424	0.016968263	0.0059254663	0.004956661	0.02690615	0.00030028122	0.0037737836	0.0014238823	0.003892903	0.00058052316	0.00080616435	0.0003872815	0.0015932757	0.00073410466	0.00027302108	0.014364373	0.00303967	0.0015681605	0.001662275	0.0019335286	0.013407575	0.0024360847	0.00022291335	0.014364373	-20.15730094909668
s06e22b	390.0	5.0	0.7526904	0.7526904	0.04105668	0.00731452	0.00014988327	0.0029283757	0.04421888	0.00046557328	0.0021120019	0.0011895485	0.00038747003	0.00041594397	0.0015822826	0.025665954	0.0011271826	0.00031986923	0.0027515995	0.00038536385	0.0056070182	0.050336033	0.0138024315	0.0120779015	0.0020182666	0.007833873	0.0014560124	0.007833873	0.11690616	0.019721672	0.0067249574	0.0019285547	0.00045952576	0.0015174804	0.0072259055	0.00044430178	0.00039619222	0.009360148	0.009360148	0.0067309095	0.007225741	0.010685084	0.0026824677	0.010685084	0.0035917454	0.028120298	0.0113737555	0.003149205	0.0016247344	0.0011726627	0.01606277	0.0063000047	0.0036136638	0.008260097	0.00074912974	0.0026536991	0.0015875546	0.0027576657	0.00018553896	0.00060647185	0.000538022	0.0012371029	0.00027870137	0.00055169064	0.002628937	0.0009614309	0.004107036	0.005932601	0.0011431522	0.0077739647	0.006232319	0.0003176299	0.03983247	-20.40517807006836
s06e22b	395.0	5.0	0.84681576	0.84681576	0.002234358	0.012330362	0.0007188949	0.0009290565	0.007349249	0.0020813786	0.001628676	0.029538387	0.0007549785	0.00015882617	0.017788945	0.010573337	0.0008673584	0.0005118952	0.0018954184	0.0007176125	0.00039330294	0.0010815453	0.27693224	0.27693224	0.0018824993	0.0023829252	0.00056061806	0.014699496	0.3483429	0.005049873	0.0016179573	0.0014680687	0.0007805122	0.0011847843	0.002453377	0.00039791144	0.0013560763	0.008078856	0.0035696898	0.008078856	0.002450946	0.0021699488	0.0025583776	0.002450946	0.0013413638	0.0078272605	0.0067131887	0.00015229666	0.0005268684	0.00022015313	0.010096937	0.0034349014	0.0053332294	0.06546112	0.0035988993	0.013414856	0.0028452803	0.0016438515	0.0010162886	0.0026822928	0.0007573042	0.0005951818	0.00096225564	0.00035073387	0.006377144	0.005431212	0.001659402	0.03128955	0.0015476466	0.006285874	0.0029743083	0.00037663683	0.03128955	-19.844646453857425
s06e22b	400.0	5.0	0.8147107	0.8147107	0.043471266	0.0248065	0.00018317853	0.0032640856	0.34927788	0.00081902475	0.003950811	0.0072615123	0.0003062378	0.000843887	0.002300617	0.0018464107	0.0044583753	0.0027960418	0.0041476735	0.00031182612	0.0034738998	0.009052475	0.002721327	0.002721327	0.001612292	0.0016304402	0.0005119953	0.0016304402	0.039798103	0.011416849	0.0053036804	0.0020893915	0.0005980882	0.0023907847	0.003013641	0.0007505911	0.0007640255	0.0003053693	0.00024449747	0.0003053693	0.001387292	0.00043060468	0.000116225485	0.001387292	0.00059261563	0.0014239086	0.0013684147	0.00025625038	0.0017717251	0.0005185251	0.003639566	0.0004891451	0.001498956	0.011056956	0.0017841723	0.0033726369	0.0010855007	0.00475832	0.00025663403	0.0030374813	0.00043241048	0.0019327604	0.0009756934	0.0006386613	0.002357318	0.0005457404	0.0008614464	0.015978005	0.002241495	0.0046215225	0.006615499	0.00015691292	0.015978005	-18.43524932861328
s06e22b	405.0	5.0	0.8972596	0.8972596	0.03914008	0.21421334	0.00035792	0.0041136686	0.18410538	0.0020647931	0.007115605	0.009555554	0.00012327461	0.000277541	0.003637101	0.009485516	0.0013455758	0.0009580175	0.005985094	0.0012304264	0.0023104083	0.012375069	0.0062132142	0.0021341315	0.0013181487	0.0016258159	0.00023210076	0.0016258159	0.015256744	0.0024525158	0.0008743552	0.00048203554	0.00031031983	0.0002830345	0.0012913708	0.00039359284	0.0003035285	0.00092201063	0.0008832891	0.0008087758	0.00093861093	0.00052729493	0.00028610133	0.00093861093	0.0024702954	0.0018628874	0.0010302775	0.00014285023	0.00019596785	0.00033398904	0.0026268647	0.0013234231	0.0009874908	0.03984629	0.0001720404	0.010420306	0.0025205489	0.0038320883	0.00047886203	0.0029631683	0.00069565524	0.0010139723	0.000507736	0.0005261999	0.0010783538	0.00038650993	0.000707931	0.01141603	0.0007864491	0.008497368	0.0056838477	0.0001620747	0.018172817	-18.62073516845703
s06e22b	410.0	5.0	0.8717609	0.8717609	0.040888067	0.0336318	0.00014650084	0.007050757	0.06965028	0.0025009972	0.0030541543	0.01347886	0.0012799839	0.00015871202	0.00207854	0.005339608	0.0011962935	0.0012409125	0.0037090955	0.0017507317	0.002700268	0.018574074	0.0037617022	0.0037617022	0.0009201203	0.0008257354	0.00078904786	0.0008257354	0.055858612	0.0038136463	0.0020411557	0.00045687694	0.00027167398	0.0005571481	0.0037249918	0.0002524357	0.0004299165	0.0007505578	0.00043462694	0.0007505578	0.0011591458	0.00046084946	0.00025281386	0.0011591458	0.00079730945	0.0015451758	0.0034015682	0.0002741947	0.00056596444	0.0005123763	0.001918045	0.0011495015	0.0011027292	0.010381317	0.0011118259	0.017627858	0.0005331722	0.0026333327	0.00065906416	0.0013548074	0.00024427846	0.00055208727	0.001072079	0.00013129081	0.0026772195	0.00068484945	0.00095483265	0.006732354	0.0009097344	0.0034024364	0.0070542227	0.0002952413	0.012217687	-19.10674285888672
s06e22b	415.0	5.0	0.8904624	0.8904624	0.077351116	0.012164244	0.0011894488	0.01583971	0.1684995	0.0051305853	0.0046687173	0.0013502622	0.00039307034	0.0007125648	0.0009216022	0.013916466	0.0028698863	0.0002253261	0.0023452311	0.00028075327	0.004084154	0.28296974	0.004478518	0.0024262285	0.0015768508	0.0033273262	0.0012082309	0.0033273262	0.052262142	0.014481023	0.006981072	0.0010074563	0.0004208084	0.0013780134	0.009056651	0.00073282275	0.00046023616	0.001729653	0.0016857377	0.00061980763	0.0030410718	0.002529797	0.00024118059	0.0030410718	0.0015166273	0.015432171	0.003071247	0.00063929526	0.00055063865	0.0010497485	0.0012295916	0.0027627596	0.0019816237	0.00436855	0.0003563275	0.0011910736	0.0008772977	0.0037935546	0.00016245298	0.0009775711	0.00040324064	0.00061980914	0.00034942577	0.00025657774	0.004852835	0.0011952417	0.0014417142	0.0047784504	0.0017519897	0.00305743	0.005635003	0.00019757668	0.005635003	-17.932409286499023
s06e22b	420.0	5.0	0.90487766	0.90487766	0.075598784	0.019930115	0.0006937046	0.0035854604	0.18215497	0.0019847155	0.0022060492	0.0017218841	0.00087745156	0.0005427703	0.0017654543	0.008052175	0.011579797	0.0006381776	0.0025211603	0.00046743808	0.0031430584	0.21811904	0.030532118	0.030532118	0.0012421618	0.009686898	0.0010658309	0.009686898	0.041042	0.0123205045	0.004859303	0.00084207807	0.0005360007	0.000979976	0.0034750274	0.00045502238	0.0003608574	0.00041041797	0.00026291175	0.00033582252	0.0020993045	0.0004473521	0.00013572563	0.0020993045	0.0006224989	0.0036590258	0.0033301294	0.00038455063	0.0002793574	0.0004387761	0.0016087758	0.0010750521	0.0017280212	0.0041670157	0.00050716236	0.0012815422	0.0006936421	0.0075635775	0.00019767183	0.0014822953	0.0005927967	0.00086462917	0.0012057493	0.00023891476	0.0029273927	0.0010410958	0.00085830176	0.0066391723	0.0033312787	0.0018173662	0.0033472325	0.00019311592	0.007880121	-19.013731002807617
s06e22b	425.0	5.0	0.82592714	0.82592714	0.18521498	0.008764221	0.0016428758	0.0038339456	0.09248541	0.009881848	0.0022384897	0.0011261232	0.004382187	0.00028213277	0.006825943	0.012082507	0.0018338932	0.00039190205	0.005215772	0.00037884098	0.003302383	0.015600151	0.014207052	0.014207052	0.00070250273	0.0042968863	0.001974884	0.004990541	0.033645995	0.0075234873	0.0027077508	0.0008826421	0.00033071724	0.0007751129	0.0023341363	0.00035523452	0.00036059448	0.00432399	0.0016166499	0.0043194434	0.0013690569	0.0012208814	0.0011694123	0.0013690569	0.0027795276	0.0043164482	0.005894904	0.000656032	0.0004846282	0.0016645477	0.0013531768	0.0022343157	0.0016262897	0.011326295	0.00034748157	0.007157531	0.0009345689	0.0070389393	0.00013410175	0.00090893084	0.0005507828	0.0013407557	0.0014298196	0.00026751927	0.007883797	0.0009919646	0.0006221202	0.008919621	0.0008810997	0.00891917	0.007829168	0.00012650968	0.027633186	-19.805150985717773
s06e22b	430.0	5.0	0.8114373	0.8114373	0.105556734	0.029278412	0.00038035563	0.005754695	0.13264641	0.0047940863	0.0065960987	0.002654323	0.0005667577	0.0006125645	0.0011226343	0.0029177247	0.0017096326	0.0013033721	0.002488585	0.0011572758	0.0040957746	0.2685273	0.0043581943	0.0043581943	0.003725466	0.0012247517	0.0010742648	0.0015231293	0.023580616	0.0058964775	0.003082882	0.0009549182	0.00046922735	0.0010004758	0.0028674912	0.0005475244	0.00055261137	0.002578957	0.002578957	0.0017720271	0.0038070595	0.0038995466	0.0011499494	0.0042191823	0.0008533424	0.0064904867	0.004205583	0.0012211255	0.0006776303	0.00039563552	0.008461487	0.0018047583	0.0016634855	0.009755142	0.00036637555	0.0032627473	0.0009254664	0.0028917855	0.00017136194	0.0002979059	0.00049535226	0.0012703502	0.0004325414	0.0004200407	0.002089672	0.0008999303	0.0014097582	0.0069683306	0.001998947	0.0023479706	0.0029477316	0.00032748686	0.0072456077	-18.66690444946289
s06e22b	435.0	5.0	0.82765794	0.82765794	0.036976613	0.049315386	0.0001679497	0.0044058086	0.17518695	0.0014831751	0.0044716434	0.0016126881	0.00090178224	0.000103757404	0.0008055327	0.004539169	0.002057541	0.0009429304	0.003140111	0.0048978073	0.013451648	0.024758529	0.00623301	0.0044400883	0.0008074967	0.002918603	0.0008207537	0.002918603	0.100584686	0.0084217535	0.002581767	0.0013680455	0.0007768303	0.0008772417	0.005719357	0.0003218867	0.0010280679	0.00095677376	0.0009157011	0.00088070735	0.0023270827	0.001391633	0.0005197305	0.0023270827	0.0006537769	0.004078425	0.01368156	0.00096671423	0.0011105378	0.0004548615	0.0050064535	0.0012835219	0.0037488972	0.034605853	0.00024084807	0.003003846	0.0015622253	0.004688876	0.0010868785	0.0019521093	0.0003702219	0.001149202	0.00030339544	0.00030587486	0.003013575	0.00069205806	0.0015852111	0.00464397	0.0006034654	0.007762659	0.0036249151	0.00015020634	0.061433014	-18.46819305419922
s06e22b	440.0	5.0	0.47481254	0.47481254	0.0025010365	0.0013384031	0.00011112773	0.0026779594	0.00081706315	0.000626159	0.005670142	0.001908969	0.0014246439	0.00029080806	0.0027714558	0.0021136024	0.0005524823	0.0001554677	0.00033622264	0.0003433946	0.0007077334	0.0013923581	0.020667689	0.009881451	0.00420405	0.007103615	0.007678726	0.007678726	0.65830433	0.015543501	0.0068200585	0.0016832349	0.00041537773	0.0019414899	0.0039173905	0.00050662074	0.0029274262	0.008310676	0.004950755	0.008310676	0.0031621049	0.0088004	0.0031497695	0.0088004	0.0038872673	0.029366698	0.025265938	0.0012072967	0.00043399847	0.0006870748	0.0059774164	0.010699	0.0056229895	0.02399106	0.0015535717	0.010208129	0.004150556	0.0011352494	0.0014208887	0.0016582018	0.000980416	0.0005329415	0.0005162642	0.00017759994	0.015293919	0.006853913	0.0050409324	0.087033056	0.018939117	0.0052763284	0.005396883	0.0005884212	0.087033056	-22.10270118713379
s06e22b	445.0	5.0	0.85682607	0.85682607	0.019579263	0.015444385	0.00069295365	0.0069187093	0.17776303	0.0017718652	0.0011585559	0.027048076	0.0003760662	0.0003377884	0.0051995325	0.006627503	0.0014916735	0.0018182141	0.0024036716	0.00017882085	0.0022590142	0.02517182	0.029068705	0.013812139	0.002351767	0.009927702	0.0027672113	0.009927702	0.0329131	0.0025444985	0.00053321157	0.0004892535	0.0003883022	0.000470104	0.0014155713	0.00023695361	0.0002191907	0.0034942415	0.00055284717	0.0034942415	0.0021423928	0.00043513003	0.000750447	0.0021423928	0.0011546325	0.0026650743	0.0018317647	0.00026129393	0.00031881977	0.00026442864	0.0023454118	0.005678875	0.00091646734	0.01012048	0.0006991762	0.012207581	0.00041861727	0.0008177357	6.6987974e-05	0.00016992165	0.0007325895	0.00070235884	0.0008499143	0.00039792128	0.0017934376	0.00013773105	0.0005832754	0.008130791	0.00058791327	0.0049173795	0.0030873753	0.00017933497	0.008130791	-19.493247985839844
s06e22b	450.0	5.0	0.73522806	0.73522806	0.028881945	0.009303185	0.0016847228	0.008211673	0.3649478	0.015778473	0.0064549064	0.0040984224	0.0004003477	0.00039953445	0.0027840447	0.0074899015	0.006204587	0.0026487694	0.0028894849	0.00069085875	0.0021765542	0.13976787	0.003098296	0.0014209766	0.003098296	0.0015836578	0.0012003136	0.0015836578	0.0837598	0.0064596483	0.0023228033	0.0008285622	0.00033622215	0.0013769665	0.0051214546	0.0003319903	0.000825724	0.0010969259	0.0010517887	0.00062260247	0.0020313333	0.0012876923	0.00031332776	0.0020313333	0.0015209016	0.0069807186	0.009790975	0.0008615202	0.0010748964	0.0005921148	0.004239694	0.0044649155	0.0038012555	0.008596914	0.00014038531	0.004988718	0.001081434	0.007613972	0.00022350371	0.0007383719	0.0006637884	0.00070381275	0.0014274183	0.0007018155	0.005696541	0.0008129792	0.004316823	0.012239021	0.00061977253	0.0012358575	0.0028200129	0.0002713121	0.012239021	-19.690757751464844
s06e22b	455.0	5.0	0.8955429	0.8955429	0.05459627	0.05249411	0.0020497094	0.0021724487	0.06475304	0.020746905	0.006055303	0.0021293357	0.0011013917	0.00063191494	0.013538121	0.008165504	0.0015407227	0.0010481402	0.0024103848	0.0009245098	0.0004069847	0.0034736125	0.004801659	0.004801659	0.0017455252	0.0019388999	0.0015587446	0.0024702155	0.032109316	0.0056718653	0.002618539	0.0011313575	0.00040955655	0.0010912811	0.0026699442	0.0005905047	0.00043321727	0.0014858454	0.0009383699	0.00059527886	0.00082869007	0.0004938106	0.0003048428	0.00082869007	0.002165728	0.0037503578	0.0033279874	0.00015041602	0.00035643452	0.0004410492	0.0015504727	0.0008956737	0.0013334729	0.007884458	0.00029045646	0.0048220684	0.0014020903	0.010930691	0.0004453621	0.005952384	0.00071780226	0.0021858404	0.0033862959	0.00062673964	0.0033437554	0.0013217793	0.0010063425	0.0074197077	0.0009457525	0.0060797175	0.001746994	0.000425348	0.01182889	-18.912981033325195
s06e22b	460.0	5.0	0.8980825	0.8980825	0.022222338	0.03465969	0.00258031	0.002125045	0.07279576	0.009276735	0.0028126407	0.1261077	4.73157e-05	0.00051596557	0.0008580797	0.002969557	0.0021217845	0.0014947255	0.0046313885	0.00084838783	0.0016209919	0.17927639	0.005103313	0.0032815244	0.003152482	0.002039112	0.0017977494	0.002039112	0.032037713	0.0033979474	0.0023821297	0.0006064978	0.00020402644	0.00069391384	0.00092493935	0.00056397927	0.0005192655	0.0012324577	0.0012324577	0.0011988836	0.006934086	0.0016487356	0.00044589734	0.006934086	0.00070536556	0.005208874	0.0051095923	0.00042470987	0.00046616682	0.00032387063	0.009527268	0.0016016718	0.0027195106	0.0059024566	0.0008391324	0.0033189433	0.00039125158	0.0019225981	0.0007661869	0.0012431258	0.00025664453	0.0014817548	0.0021486876	0.00051625405	0.0016229323	0.0009939878	0.00078863034	0.0023799208	0.0007950399	0.006072248	0.0018656532	0.0010314957	0.0023799208	-19.330547332763672
s06e22b	465.0	5.0	0.6515195	0.6515195	0.010960192	0.007893945	0.00016154702	0.0028320947	0.028570483	0.00063101365	0.025447853	0.01318864	0.0007744459	4.5764646e-05	0.002472415	0.004872966	0.0012253334	0.00021293078	0.0016424342	0.00091360125	0.0040869266	0.013654208	0.010901202	0.0065990994	0.003101299	0.0015591929	0.00017005877	0.002371701	0.1485148	0.007537329	0.0019164361	0.00039896145	0.000247714	0.0014583298	0.007985018	0.000115704766	0.00044255605	0.0011385981	0.0011385981	0.00044536253	0.003137479	0.0009504828	0.00019071042	0.003137479	0.0018085119	0.061904803	0.0015250602	8.876582e-05	6.241631e-05	0.00018047504	0.0009421343	0.012783898	0.001884956	0.014645065	0.0007916145	0.030424157	0.000579332	0.00062714296	0.00033127735	0.00015193275	0.00013833874	0.00027477357	0.00014290187	0.00020929836	0.025288483	0.00053316884	0.001047204	0.058268305	0.014492181	0.029675089	0.0011027135	0.00080044585	0.058268305	-20.96139144897461
s06e22b	470.0	5.0	0.91512233	0.91512233	0.06617873	0.03575102	0.0002545534	0.011992216	0.20530485	0.0021737723	0.005269548	0.0052616755	0.0003290893	0.0006203981	0.00036626833	0.0026915579	0.0028022018	0.00067262363	0.0028671885	0.001059747	0.005005152	0.15291195	0.0077807717	0.003843495	0.0017187807	0.0026249364	0.00036809224	0.0026249364	0.052964594	0.00500829	0.0028708717	0.0007337326	0.0004919047	0.0006276078	0.0024012248	0.0011724561	0.0009771409	0.00068572495	0.00041444428	0.00068572495	0.0027267027	0.00055595534	0.0003028241	0.0027267027	0.0007581352	0.003389429	0.009007901	0.0005191168	0.00044940689	0.00096158066	0.0021708927	0.0015426113	0.0038042793	0.0035101385	0.0013204745	0.0014852413	0.0014102336	0.0027726514	0.00017046773	0.00046657826	0.0004932762	0.0011545891	0.0005377933	0.00041262226	0.0018896412	0.00058028306	0.00056760263	0.003173425	0.0011960104	0.0044662426	0.0034064013	0.00036453654	0.0036926917	-18.31717300415039
s06e22b	475.0	5.0	0.8893897	0.8893897	0.040612403	0.0029626598	0.0008248617	0.0020518643	0.10130077	0.0007922839	0.0016723027	0.0022741465	0.00068312336	0.0006903204	0.0022147747	0.0044707605	0.0010890575	0.0006684468	0.00077022496	0.0016871064	0.0008323562	0.022248672	0.10808337	0.007084149	0.0055915816	0.02586013	0.004435243	0.02586013	0.07915212	0.012680307	0.009035398	0.0014414877	0.0005710884	0.0019473176	0.0047664805	0.00024979038	0.0004195663	0.0020035163	0.0011581535	0.0012826865	0.0069294344	0.0012389619	0.00043726375	0.0069294344	0.0012234069	0.0050178682	0.005335699	0.0002501734	0.0005352247	0.0003118157	0.002042797	0.0029027397	0.002844688	0.0026501943	4.3959328e-05	0.00086741254	0.0007629916	0.005218712	0.00022639078	0.00085723016	0.00086952315	0.00031079238	0.00060202414	0.00076362555	0.001896976	0.002499481	0.00090497517	0.0012474802	0.0010454372	0.0026441338	0.0008407095	0.0001052614	0.002499481	-18.99813842773437
s06e22b	480.0	5.0	0.7796194	0.7796194	0.108797655	0.0043717097	0.00026054936	0.0014791073	0.27940208	0.00054817455	0.0020634593	0.001002098	0.00030886795	0.00037775422	0.0026370662	0.0047201877	0.00060082896	0.0010197996	0.0010063867	0.0002984213	0.010619746	0.09966179	0.011391146	0.003479325	0.011391146	0.019695362	0.0019690993	0.019695362	0.03305553	0.012135858	0.0045124157	0.0014087852	0.00036159987	0.0017288316	0.003240881	0.0002780535	0.00027810014	0.00372485	0.00372485	0.0037063442	0.008886898	0.0075154663	0.0020609314	0.008886898	0.0010426969	0.012871948	0.006139535	0.0018261534	0.0011129185	0.0006165193	0.03140418	0.0011955537	0.003601547	0.002855866	0.00011724948	0.0006258064	0.0006158991	0.0014724097	0.00012079596	0.0005920164	0.00046718642	0.000530208	0.0005035098	0.0021748615	0.0021879298	0.0006974519	0.0014756753	0.0018739036	0.00076864555	0.004077106	0.0010397607	0.00014385326	0.012711447	-20.408103942871094
s06e22b	485.0	5.0	0.8661531	0.8661531	0.0061374903	0.019348545	0.0025069497	0.0018312922	0.011193194	0.0009772107	0.0033477622	0.020233322	0.0015732514	0.0004401978	0.007631817	0.002232914	0.0035605018	0.00039783688	0.0035126747	0.00016167817	0.00028417393	0.00060926954	0.25284457	0.25284457	0.0040781246	0.0073540476	0.0066698855	0.01720035	0.022072544	0.0034573888	0.0016513467	0.00043416672	0.00023041882	0.00043338665	0.00076488254	0.00015876423	0.00035633956	0.0006460611	0.0002376346	0.0004500993	0.0006114301	0.00018608678	0.00013488546	0.0006114301	0.0005697512	0.00081149774	0.00090613053	5.9676706e-05	0.00013424415	0.00011129168	0.00038958588	0.00026674732	0.00037012858	0.009522125	0.0007077701	0.0006151136	0.0043060193	0.005747687	0.0004984409	0.030226782	0.00061938574	0.0012505535	0.007633594	0.00015763755	0.001035586	0.0017339289	0.00026968168	0.002098121	0.0006305355	0.0042951033	0.005196428	0.00015912752	0.006925387	-18.949935913085938
s06e22b	490.0	5.0	0.81412315	0.81412315	0.07290611	0.0066803563	0.00034636323	0.0017696089	0.18170194	0.0010016852	0.0033350585	0.0021999697	0.00047328914	0.0005776921	0.0025401637	0.0065452587	0.0017751659	0.0009416888	0.0020255714	0.00041658047	0.005777904	0.04670092	0.009440922	0.0032346072	0.0021119134	0.014433669	0.0013445568	0.0151734	0.023370886	0.006804134	0.0039050903	0.0014687274	0.0006184614	0.00150419	0.0017594083	0.00026398074	0.00029179538	0.009486515	0.0038574042	0.009486515	0.008575458	0.0057854415	0.0029895594	0.008575458	0.0035376356	0.008836064	0.0055220537	0.0019339729	0.00075777154	0.00068134506	0.014895165	0.0037351062	0.002485203	0.0060160668	8.20049e-05	0.001488308	0.00092345866	0.0036272854	0.00017447745	0.00064570276	0.0012545108	0.001033685	0.00046972412	0.00040424752	0.001986853	0.00084957265	0.0019308709	0.0032961282	0.00088007987	0.0044506164	0.002785728	0.00036104716	0.0064686574	-20.573387145996094
s06e22b	495.0	5.0	0.8973423	0.8973423	0.0989725	0.014354223	0.00026748204	0.00028572517	0.00060757657	0.0013735495	0.0005268159	0.0011458326	0.0003186189	0.0003102225	0.0040977313	0.0032747595	0.00039362212	8.996465e-05	0.00071155373	0.00033115517	0.000116978896	0.00089741376	0.006872609	0.0035120272	0.0031805073	0.0041884882	0.0012043312	0.0041884882	0.024996242	0.0039970363	0.0016032838	0.0005716008	0.00036886858	0.00093312486	0.0007350546	0.00073342014	0.00019018905	0.013222112	0.0015345133	0.013222112	0.0016709523	0.0011784352	0.0030361055	0.0016709523	0.0026775773	0.0027894832	0.0042122584	0.00038689186	0.00036663396	0.00091119274	0.0020579973	0.0034602124	0.0011309534	0.0022491137	0.00017731162	0.001475322	0.00039185648	0.0034953621	0.00027745977	0.0061997646	0.00023687205	0.00088377646	0.0019602568	0.0001379716	0.01603345	0.0011131353	0.00053353794	0.00041198827	0.00038738083	0.005221562	0.0004605188	0.00017299365	0.01603345	-20.55077743530273
s06e22b	500.0	5.0	0.85419947	0.85419947	0.04410791	0.023164473	0.0005022778	0.0036441619	0.0062956032	0.0010376825	0.0031836214	0.0028478208	0.0016936016	0.0003664498	0.0044836313	0.0014307492	0.000478747	0.00020541134	0.0017170126	0.00036429893	0.0006303368	0.0022591655	0.0023625677	0.0023625677	0.001191717	0.0017619326	0.0009507119	0.0020030015	0.024772516	0.0051148403	0.0017872237	0.0010116979	0.000360512	0.00083189516	0.002269446	0.00017979881	0.0002258845	0.0016209625	0.00045350034	0.0006683124	0.00087781827	0.00032875157	0.00021856191	0.00087781827	0.0007219772	0.0010162625	0.0026445137	0.00014363123	0.00019045275	0.00026493182	0.00080313487	0.00032441545	0.00064923585	0.010322904	0.00039852946	0.003123316	0.0009617763	0.016863633	0.0006702917	0.0010008934	0.0006090135	0.0012711878	0.014945765	0.00022715704	0.004731977	0.00090626214	0.0013463681	0.0040206024	0.0007251678	0.0037377046	0.0047892337	0.00034544282	0.025180684	-19.98194122314453
s06e22b	505.0	5.0	0.86062974	0.86062974	0.024480453	0.017191665	0.0015413257	0.0022300708	0.065497175	0.0038576275	0.0011423712	0.0015710151	0.01182987	0.00032504203	0.010184592	0.0009930037	0.00047470472	0.00052370504	0.00033056372	0.0015465115	0.0003701067	0.0022094566	0.018973999	0.0017962586	0.0019143971	0.0020780347	0.000727939	0.0020780347	0.027590187	0.002904979	0.0017112341	0.00044371854	0.00047861287	0.0003622684	0.0016742352	0.00011088543	0.0001542804	0.0008044711	0.00025587002	0.0008044711	0.0005128295	0.00023547863	0.00032090378	0.0005128295	0.0009827052	0.0011943011	0.004821263	0.00014690371	0.00024739228	0.00033379134	0.0015280321	0.0006536729	0.002744693	0.0056004208	0.00023337826	0.0006564823	0.00053910597	0.0064415657	0.00037035058	0.0087996805	0.0004405458	0.00071375555	0.0019866452	0.0003377192	0.0015710391	0.0011766634	0.0007684434	0.0011303201	0.0005034479	0.0012898429	0.00065727363	9.057063e-05	0.004229946	-18.817432403564453
s06e22b	510.0	5.0	0.8249158	0.8249158	0.039713528	0.007481576	0.00011034812	0.00083345897	0.030408703	0.0014672916	0.0012707992	0.0024048279	0.00029916022	0.0005408095	0.0050758645	0.011514057	0.0013819461	0.0003010087	0.0008781039	0.00010749738	0.0029885094	0.010064058	0.015964853	0.015351274	0.0033887685	0.03987248	0.0041837	0.03987248	0.035904687	0.0065893163	0.0017221122	0.0009656023	0.00011747229	0.0006908831	0.0015312758	0.00012572102	0.000117884	0.0028258357	0.0011670804	0.0023109424	0.0067008506	0.0013053971	0.0006055754	0.0067008506	0.0012627142	0.004313672	0.005213362	0.00049642875	0.0004517587	0.00037671332	0.0073758103	0.004090959	0.0015305906	0.0062880097	0.00033672448	0.0023006487	0.0008435822	0.0009026552	9.275204e-05	0.0020704288	0.00038520887	0.0007117164	0.0013098676	0.00028516917	0.002134243	0.00096584146	0.000358785	0.0007705281	0.00036032443	0.0039228755	0.0012325095	0.0010561534	0.005290011	-21.07882308959961
s06e22b	515.0	5.0	0.77996445	0.77996445	0.016123837	0.0052211783	0.0002845475	0.00068642164	0.00092858257	0.00064120494	0.0011899463	0.0049875486	0.0003577353	0.0006909905	0.00326701	0.0039546597	0.0006526016	0.00010470799	0.0008115601	0.00025026788	0.00026338242	0.000966403	0.0239502	0.0051760087	0.0024407639	0.04718106	0.009901555	0.07192726	0.022481583	0.0036244087	0.0016602997	0.0009493139	0.00023973393	0.001030064	0.0030852184	0.00038977384	0.00037050067	0.006629883	0.0011783488	0.0012218172	0.0012924622	0.0002703335	0.00019133769	0.0012924622	0.0045288424	0.0010253135	0.0018931474	0.0001258789	0.000499264	0.0006574575	0.0010069516	0.004562654	0.0004913084	0.0043679443	0.00043028628	0.0032508918	0.002624255	0.005262135	0.00019261941	0.0021576385	0.00052325946	0.00077660556	0.006181227	0.00036569143	0.0041825813	0.0034672273	0.00048390558	0.00044898255	0.0011897355	0.0044076624	0.0016932494	0.0035957855	0.00897767	-20.15236091613769
s06e22b	520.0	5.0	0.84560186	0.84560186	0.04915062	0.0014363053	0.000100636054	0.00015749362	0.00017805726	0.00026538764	0.0006118894	0.001440041	0.000389113	0.00029609032	0.0019299127	0.0020902727	0.0006804379	7.66083e-05	0.000496925	0.00013581768	0.000120651595	0.0010701128	0.004763193	0.0012160393	0.0005894248	0.008046913	0.004415822	0.03090484	0.019064667	0.0053734216	0.0023976066	0.00093830645	0.00030639203	0.0010134953	0.0013461	0.0003020079	0.0002587711	0.011469981	0.0013397429	0.0087461155	0.0039697443	0.0004574602	0.0014903586	0.0039697443	0.0024142829	0.0015065797	0.002840868	0.00014730236	0.00017902198	0.00022883242	0.0010644277	0.001571838	0.00045759566	0.0013444569	0.00029476316	0.0006626659	0.00047525164	0.0069705155	0.0002386832	0.0016000638	0.000303646	0.00048215964	0.008254354	0.00015998528	0.003251071	0.0045499653	0.0003258292	0.00020794276	0.0006586055	0.0016700982	0.0008368088	0.0016676418	0.0056053833	-22.27129364013672
s06e22b	525.0	5.0	0.7566594	0.7566594	0.15991725	0.0072333184	0.00017521683	0.011713096	0.16352244	0.000360698	0.001683009	0.0032834793	0.000188174	0.0007776409	0.000763715	0.0036580246	0.00055070873	0.0003789862	0.009350089	0.0001589013	0.2271505	0.044106442	0.0014594884	0.0012043145	0.0014594884	0.0037499194	0.00041819786	0.0037499194	0.040529825	0.024992663	0.010048407	0.0033573154	0.0008148646	0.0023241928	0.007266863	0.0009868479	0.0004922856	0.00044368874	0.0002756258	0.00037260645	0.0008548863	0.00043105643	9.348977e-05	0.0008548863	0.00055702304	0.001153638	0.0013258656	0.00046448215	0.00028042772	0.001218426	0.002877553	0.00039629423	0.00094488915	0.004603494	0.0005332149	0.0005455355	0.0016781833	0.0011046386	0.00012466323	0.00017621373	0.00067093916	0.0013189826	0.00044405792	0.00042131657	0.0028497512	0.00081220915	0.0003103962	0.00074959215	0.0003011482	0.0019619146	0.003265411	7.749309e-05	0.003265411	-18.01811408996582
s06e22b	530.0	5.0	0.5560649	0.5560649	0.04273911	0.015751047	0.0002884953	0.003229275	0.0662158	0.00034051389	0.0041671325	0.0065214643	0.00014092031	0.00042008175	0.0036896667	0.00434124	0.0016569596	0.0008266344	0.09416407	0.00013027321	0.2507227	0.06403036	0.0018957333	0.0017218187	0.0018957333	0.005307279	0.00040740706	0.005307279	0.067382716	0.024393149	0.0069170846	0.0026408464	0.00079197175	0.0021327082	0.012278995	0.00081333326	0.00049339427	0.00070796814	0.00070796814	0.00022751013	0.0008117951	0.00080927566	0.00010180433	0.0008117951	0.0005270176	0.0029056144	0.0009176334	0.00023199126	0.0002806053	0.00039314755	0.0031148533	0.0005093667	0.00042648547	0.00395879	0.00024150687	0.0020464552	0.0006768829	0.00034167137	0.00012760249	0.0003519311	0.00044791173	0.00040077305	0.000751394	0.00029458813	0.0016314783	0.00044547103	0.0004959518	0.0026633271	0.00036102807	0.0016565212	0.0033332156	0.00037061796	0.003504196	-19.64341926574707
s06e22b	535.0	5.0	0.7906716	0.7906716	0.034939528	0.005166949	0.0010797761	0.0032074116	0.5102082	0.0010949726	0.0014287505	0.0021432114	0.0005637329	0.00018333633	0.00119999	0.0045793536	0.0013751612	0.0041642445	0.0026005867	0.0004120448	0.00709782	0.08425112	0.0026322098	0.0019596731	0.0026322098	0.002593598	0.0007245447	0.002593598	0.035766542	0.0058574085	0.0015962952	0.0003982526	0.00014959714	0.00041605576	0.005474205	0.0003552848	0.00018179108	0.00065818854	0.0005081233	0.00065818854	0.0010374221	0.0009904677	0.00026735355	0.0010374221	0.0005469092	0.0016127542	0.0018424515	0.0003999826	0.0012248032	0.00018282606	0.0050956006	0.00087875506	0.0013270456	0.0144048	0.0003300662	0.0021741488	0.000607821	0.0008466157	0.000304717	0.00013733028	0.0007122274	0.00034223113	0.00014536896	0.000491671	0.0014568266	0.00057161145	0.0019520806	0.006687654	0.00040679623	0.0012730622	0.0038358364	0.00023464268	0.01674486	-19.338119506835938
s06e22b	540.0	5.0	0.8303374	0.8303374	0.3379887	0.004709452	0.00039892472	0.0048708348	0.2550478	0.0011663763	0.002990974	0.001276243	0.0006519461	0.000544275	0.0013927878	0.0018986199	0.0011072726	0.0010438777	0.0038381547	0.00015187322	0.031063845	0.02819776	0.0014048999	0.0007107445	0.0011595523	0.00090216805	0.00024158404	0.00090216805	0.028496351	0.017842771	0.006482279	0.0020612294	0.00072334736	0.0020004963	0.003741855	0.0002935477	0.0002139977	0.0031394274	0.0010326761	0.0031394274	0.002680955	0.0019143141	0.00070517097	0.002680955	0.00065695046	0.0015675714	0.0012314827	0.00085946464	0.00019888725	0.0006417741	0.0017093428	0.0007243997	0.00043558778	0.004331691	0.00019062131	0.00076682563	0.00037568348	0.0020361973	0.00010116563	0.0018358179	0.00088938646	0.0006832611	0.0005107577	0.0001338118	0.0045129876	0.0026739214	0.00063673285	0.0009784452	0.0007235018	0.0013321653	0.002236581	0.00026288317	0.0045129876	-19.158239364624023
s06e22b	545.0	5.0	0.5227461	0.5227461	0.054852042	0.012277317	0.00020961091	0.004442635	0.089500636	0.00022766291	0.0035505313	0.003704459	0.0001636531	0.00036958064	0.001845727	0.008001367	0.00057200226	0.00032686957	0.015436606	0.00019831312	0.35118327	0.0550465	0.0039242194	0.0011503663	0.0039242194	0.011522761	0.0022286612	0.011522761	0.10704737	0.040018406	0.010260101	0.0044967746	0.0015018285	0.0035924604	0.011434282	0.0008338196	0.00091754814	0.00079082925	0.00079082925	0.00046412324	0.0019591714	0.0010262169	0.000100685	0.0019591714	0.00036921934	0.0029452958	0.001373276	0.00043255888	0.00034526174	0.0012719356	0.0050725904	0.00030843922	0.0008816431	0.0020713324	0.00032946098	0.0007989705	0.0012115759	0.0011257457	0.00020288538	0.00031178957	0.0002550023	0.00091871514	0.0007480579	0.0007129805	0.0012519027	0.00051330804	0.00025217037	0.0005041836	0.0001628137	0.0033105875	0.0019134278	0.00014150079	0.0037905644	-19.111297607421875
s06e22b	550.0	5.0	0.7213917	0.7213917	0.044526145	0.012611427	0.00042341708	0.0034456225	0.09544011	0.0007548465	0.003033229	0.007488005	9.883763e-05	0.0006169075	0.0009281284	0.008837091	0.0011956209	0.00050510716	0.0314769	0.00039701987	0.12555908	0.12114026	0.0036401367	0.0036401367	0.0008852669	0.0053579034	0.0006599517	0.0053579034	0.08698588	0.027281081	0.009029453	0.0022843916	0.0006968583	0.0019106496	0.00970119	0.0008524017	0.00086308795	0.0005391771	0.0005391771	0.00042598142	0.0018153898	0.00077454955	0.00013717584	0.0018153898	0.00052590005	0.0019159702	0.0009952955	0.00020745261	0.0001716329	0.0005538957	0.0018239818	0.0008077815	0.0005605537	0.006927472	0.00024073168	0.0017465532	0.0007180722	0.00070346746	0.00011408746	0.00028507892	0.000533675	0.0006878112	0.00038146498	0.00025464126	0.000778109	0.00031642817	0.0008517636	0.0022138266	0.0003490582	0.002695626	0.0046556205	0.00012474325	0.0068632937	-18.186241149902344
s06e22b	555.0	5.0	0.43649283	0.43649283	0.03436983	0.012149539	0.00037727488	0.005619125	0.040718418	0.00051201525	0.0030538177	0.018038286	0.00024983397	0.0005518224	0.0017900579	0.018273514	0.0013482055	0.0011550004	0.03559805	0.0003745406	0.30257568	0.096483275	0.0028700049	0.0028700049	0.0013281532	0.010990176	0.0014921075	0.010990176	0.061647173	0.022490175	0.0067000827	0.0020316995	0.0008505041	0.0015804373	0.01053839	0.0008542141	0.0006694835	0.0012079111	0.0012079111	0.00048735095	0.0015576116	0.0012657305	0.00014556815	0.0015576116	0.0009752417	0.0034980122	0.0016004241	0.0004065861	0.00028213413	0.0012512053	0.005262849	0.0009562912	0.00052710425	0.0066554444	0.00017363021	0.0014139013	0.00094225275	0.00039581736	0.00019630765	0.00029030585	0.000286413	0.00094918226	0.0005542585	0.0003308358	0.002101157	0.0005637965	0.00068928045	0.0017847524	0.00035414164	0.0029406168	0.0013359122	0.00037788227	0.002968727	-18.55459213256836
s06e22b	560.0	5.0	0.83702177	0.83702177	0.08168491	0.00402402	0.002927479	0.007202082	0.4394845	0.0060587195	0.0020591903	0.0036997984	0.00032542655	0.00057203195	0.018577253	0.0011202877	0.006613839	0.003371031	0.0011672977	0.00032449464	0.0015089931	0.19973952	0.010259539	0.0073185125	0.010259539	0.009831889	0.00083405606	0.009831889	0.020815007	0.0054393546	0.0019781685	0.0007939526	0.00024158818	0.0015192312	0.0014922901	0.0002521641	0.00024114955	0.00063966674	0.00039324592	0.00044239598	0.001612097	0.0008853424	0.00016615345	0.001612097	0.00058177416	0.0024806927	0.0015229349	0.00019288185	0.0003848372	0.00024400005	0.0015897584	0.0009681858	0.001734331	0.003395426	0.00021447508	0.0013022001	0.00038226807	0.004921754	0.00015266058	0.0015280509	0.000771143	0.00055834395	0.00046615946	0.00082405953	0.0020054288	0.00089996116	0.0011185964	0.0074613146	0.0013419285	0.0015850548	0.0009452605	0.0003065247	0.0074613146	-25.01978302001953
s06e22b	565.0	5.0	0.75172985	0.75172985	0.02037816	0.014854009	0.0018605023	0.00086695893	0.26691815	0.00234001	0.0009920974	0.0051487572	0.0002882528	0.0001331813	0.0051746145	0.0017745956	0.0035714542	0.019823315	0.0015149451	0.00047222877	0.0024859323	0.011261857	0.00951949	0.00951949	0.002559748	0.005371834	0.00048168734	0.005371834	0.049445715	0.008984703	0.002865169	0.0006943756	0.00011151518	0.00053673866	0.0037714536	0.0003344214	0.0002439661	0.0022390191	0.001591814	0.001937648	0.0014592272	0.002882488	0.0022390191	0.002882488	0.000826223	0.0058511174	0.01541716	0.001992555	0.0022175994	0.00090954115	0.07416586	0.0013115348	0.004641857	0.007357031	0.00019089087	0.0015998275	0.0013077647	0.0060033714	0.00019866553	0.0005288341	0.0003553429	0.00096779846	0.00032995763	0.0012125554	0.0030308678	0.0013804171	0.0037886526	0.0045753885	0.0019156932	0.0030403999	0.00072958396	0.00031910135	0.030481078	-19.59752082824707
s06e22b	570.0	5.0	0.1550227	0.1550227	0.0029606323	0.0007948622	0.0009941733	0.0037858083	0.015006683	0.0008885894	0.013800484	0.0017502233	0.00028835342	0.00026234885	0.0016373043	0.030627877	0.0014703716	0.00042676384	0.0034117717	0.00028269846	0.047200046	0.02073519	0.019362358	0.008424832	0.0011060348	0.06889646	0.018149843	0.06889646	0.70449597	0.23497102	0.19339287	0.0022405921	0.001164387	0.0016018731	0.08186466	0.0004748339	0.004501575	0.004361804	0.004361804	0.0017846691	0.007427188	0.0044060806	0.0008525857	0.007427188	0.0010175277	0.023388892	0.028625438	0.0010191571	0.0032013708	0.0015264599	0.0062420517	0.009479228	0.0034542293	0.0020934937	6.092693e-05	0.0022978901	0.0016110108	0.0011268196	0.00036220346	0.0005815732	0.00071211846	0.0012020402	0.00022710486	0.0005524313	0.0011868807	0.0010942629	0.0035237682	0.0019527449	0.00067794265	0.01001679	0.002163207	0.00013604191	0.016331071	-20.34646224975586
s06e22b	575.0	5.0	0.33541417	0.33541417	0.0014481642	0.00045738762	0.0008475459	0.00070512394	0.003938165	0.00034816784	0.029596481	0.0009765369	4.9558897e-05	1.2845862e-05	0.0003129119	0.0022970517	0.00057927397	0.00018457677	0.0007996351	7.173921e-05	0.0017113154	0.002364326	0.002620749	0.0014234023	0.0008697883	0.0059969663	0.00094435044	0.0059969663	0.8062391	0.36974826	0.28862116	0.0018528512	0.0006080299	0.0010346757	0.14065483	0.0009559241	0.0022921297	0.00040154002	0.0003915902	0.00015562358	0.0010215343	0.0012253381	0.0001074779	0.0012253381	0.00051888824	0.010392972	0.0076205796	9.243197e-05	0.0006704856	9.336896e-05	0.0012560041	0.0024107723	0.0011087946	0.020761598	0.0007917533	0.023302242	0.0008585184	0.00023932698	0.00028502758	0.00023110132	0.00017861005	0.0003116469	0.00037234064	0.00018808772	0.0018213183	0.0038229995	0.004843311	0.053763863	0.0007232564	0.0015611486	0.0010657904	0.00026273032	0.053763863	-22.09539604187012
s06e22b	580.0	5.0	0.8623296	0.8623296	0.029945645	0.04278523	0.000541009	0.0011275004	0.007388987	0.0009055772	0.0017857781	0.011771995	8.978262e-05	0.00015699613	0.0043424442	0.017179962	0.0027360676	0.00019040696	0.0015265754	0.00046367594	0.0023302753	0.006248059	0.01272181	0.010200891	0.0018931844	0.0058702566	0.0017967905	0.0058702566	0.07896188	0.009700787	0.0020310606	0.0014731431	0.00052639854	0.0010565021	0.0011748967	0.00025899374	0.00027882706	0.026702397	0.002357816	0.026702397	0.005501301	0.002058537	0.0056078658	0.005501301	0.0024081867	0.009134282	0.0030140493	0.00027337845	0.00013868677	0.00040612958	0.0023726986	0.005518902	0.0008013674	0.0078452	0.0003917668	0.006298778	0.0010308768	0.006458274	0.00019125671	0.004881267	0.000551448	0.0004958381	0.0016154436	8.845766e-05	0.0058354083	0.00021255715	0.00023701822	0.0008874091	0.00081116613	0.017915843	0.0006554814	0.0004856794	0.0058354083	-23.320392608642575
s06e22b	585.0	5.0	0.8685831	0.8685831	0.049079776	0.029117476	0.0001663129	0.0031082164	0.31545234	0.001103551	0.0014139821	0.003217801	5.240352e-05	0.00080242194	0.001397293	0.0018578325	0.0020339051	0.00127285	0.0013745086	0.00043848966	0.005183208	0.042675965	0.0037213198	0.0015509556	0.0011814681	0.0038455056	0.00031836051	0.004840712	0.022709956	0.005456301	0.0032231368	0.0008493492	0.0003291646	0.0007938426	0.0021978042	0.00037688357	0.00031007142	0.003283014	0.0014078477	0.003283014	0.004021943	0.0022004806	0.00074970967	0.004021943	0.0007410774	0.0054826876	0.0051886933	0.00060409674	0.00057239435	0.0004228516	0.003554042	0.0017729257	0.0028944155	0.0076433714	0.00030851978	0.0018768543	0.00074074836	0.001409232	0.00016424872	0.0008038618	0.0010563426	0.0008431354	0.00033457033	0.0006855936	0.0015955118	0.00043039274	0.00064398686	0.0015868768	0.0009082032	0.00372843	0.0013831134	7.934032e-05	0.0015955118	-19.543231964111328
s06e22b	590.0	5.0	0.8838817	0.8838817	0.1106552	0.018229056	0.0008569599	0.011168159	0.35552344	0.0037863748	0.001169361	0.0016247977	0.00074350374	0.00094537	0.0006363895	0.008238315	0.0024186543	0.00018986418	0.0023205578	0.0004952231	0.0038121971	0.01223259	0.0049859923	0.00228998	0.0010234154	0.005352486	0.002274165	0.005352486	0.025953403	0.003959326	0.002164048	0.0005923251	0.00024487262	0.00045129535	0.002116674	0.00035241642	0.000288437	0.0011282536	0.0005235059	0.00066785683	0.0023323384	0.0009996907	0.00015960285	0.0023323384	0.0008250177	0.0035748393	0.0054332013	0.0004016895	0.00041825965	0.0013686084	0.0032897491	0.0018065495	0.0010822286	0.005380098	0.0002992509	0.0011547287	0.000703002	0.007337945	0.00036232226	0.0011682888	0.0019763478	0.000829262	0.002061102	0.00031674627	0.0045754407	0.0007118786	0.00058240467	0.003427841	0.00045667292	0.006233309	0.0041288887	9.8342825e-05	0.0045754407	-18.47909545898437
s06e22b	595.0	5.0	0.71685916	0.71685916	0.046562195	0.052206878	0.001029676	0.005689294	0.29650912	0.0071990686	0.008385559	0.0055112597	0.00041048348	0.0009762518	0.026585955	0.0066976394	0.003426287	0.0021572034	0.010493239	0.0005990969	0.05319672	0.06508632	0.0043904725	0.0041125882	0.0043904725	0.0030163385	0.0022297218	0.0030163385	0.050865535	0.008190249	0.002707036	0.00086483563	0.0002886637	0.0009799518	0.0016721705	0.000472833	0.00051871786	0.00058999244	0.00052699796	0.00030254043	0.002341364	0.00055140886	0.00010877133	0.002341364	0.0007713524	0.0035383685	0.0023521383	0.00032330886	0.0007420265	0.0003806578	0.0056275353	0.0011191075	0.0012736414	0.007820334	0.00068383955	0.0056538437	0.0006054871	0.0038518251	0.00032731425	0.0037511936	0.00046975724	0.00085679005	0.0013485464	0.00043452487	0.0026774856	0.005149549	0.00045521045	0.0060166256	0.00033617695	0.0029611671	0.010773687	0.0003085898	0.010773687	-20.985427856445312
s06e22b	600.0	5.0	0.843395	0.843395	0.0037387826	0.22986916	0.002322263	0.00042760186	0.0035870795	0.004989573	0.008159451	0.092497155	0.00042639743	0.0002682339	0.0032318132	0.0014810086	0.0016154482	0.00029003917	0.0048788544	0.00063270074	0.00022835204	0.00053372234	0.021683749	0.014719967	0.0008838565	0.0062025352	0.007412593	0.007412593	0.0447772	0.0053230226	0.001459601	0.00081884756	0.0005439452	0.0006345992	0.0016308547	0.002177387	0.00053653715	0.0016757469	0.0006067586	0.0016757469	0.0015106882	0.00044473738	0.0006492454	0.0015106882	0.00064710184	0.0020803786	0.006059351	0.00019750415	0.0001458605	0.0010086203	0.0010941686	0.0008519032	0.0010381918	0.00096973806	0.0011603511	0.00061550003	0.00028227293	0.0033855976	0.004143551	0.011370127	0.00012255988	0.00043100712	0.0013432071	9.736372e-05	0.0022302947	0.0002497573	0.00020122854	0.00040679256	0.0005327069	0.0023445573	0.0010154902	0.0005226	0.0022302947	-19.738067626953125
s06e22b	605.0	5.0	0.8985666	0.8985666	0.008246539	0.029389882	0.0004299968	0.001421843	0.11745333	0.0022730636	0.0017297518	0.0089760665	0.003631367	0.0001867829	0.0026622582	0.0011675857	0.026348863	0.0016566954	0.00042978494	0.00064940634	0.0012648447	0.046319995	0.35392785	0.35392785	0.001150379	0.0031532133	0.0011344197	0.0031532133	0.10269876	0.0053145587	0.0015719802	0.00043761297	0.00020205179	0.00044869762	0.0012053859	0.00034027197	0.00048057202	0.00060485007	0.000304665	0.00060485007	0.00083374215	0.00046849888	0.00040922442	0.00083374215	0.00016010112	0.0012797548	0.0015024194	0.0002393409	7.660392e-05	0.00012014037	0.0019767117	0.000340963	0.0009089607	0.0012567759	0.004666662	0.00075403944	0.0003062603	0.00082249765	0.00025307818	0.0002875707	0.00010121368	0.00033025283	0.0004229169	0.00011072653	0.0010531252	0.00076589274	0.00040935984	0.0008906891	0.0013615029	0.0018092652	0.0012008043	0.00011766726	0.0013615029	-19.2109317779541
s06e22b	610.0	5.0	0.8749643	0.8749643	0.010413462	0.2589383	0.0004204303	0.000491296	0.002367136	0.003748071	0.0040471624	0.014301192	0.0004224815	0.0004749419	0.009205329	0.0024484384	0.00026076857	0.00022757068	0.00047690258	0.00034647714	0.00025915282	0.0010600035	0.0064635174	0.0064635174	0.0011032431	0.007862853	0.0044714483	0.007862853	0.07531273	0.00452357	0.0018476044	0.00052769366	0.0003278677	0.0005164463	0.0011543175	0.00082604936	0.00032238915	0.0011315133	0.00027172136	0.0011315133	0.00067667104	0.00014864815	0.0002238842	0.00067667104	0.00045552122	0.0010035392	0.0037990964	7.3656e-05	0.00013173274	0.00041191836	0.0012334008	0.0005905033	0.000949408	0.00073634466	0.00062110095	0.0010830124	0.00033986656	0.01354198	0.0013834883	0.0040261284	0.00014256636	0.00057984464	0.0029029024	0.00011165341	0.002903696	0.00042888822	0.0002101899	0.0005874338	0.00045721047	0.0022873124	0.00051114097	0.00036032472	0.003672099	-19.444629669189453
s06e22b	615.0	5.0	0.80234754	0.80234754	0.03798628	0.06270086	0.00029826057	0.0007082522	0.0019071756	0.0005565162	0.002122855	0.0013892506	0.0006298063	0.00023168774	0.004644779	0.0016714989	0.00045377036	5.7075194e-05	0.00047405763	0.0006631337	0.00017661844	0.00092355633	0.0022461216	0.0022461216	0.00085290463	0.0032270919	0.00069484464	0.0032270919	0.018160498	0.0055663316	0.0025375832	0.00086338527	0.00054898084	0.00071690703	0.0023682027	0.0003166225	0.00021723413	0.00068858475	0.0002620309	0.00059387565	0.00028399625	0.00012887371	0.00022697564	0.00028399625	0.00076859177	0.0007391343	0.0013141336	7.124909e-05	0.00019843492	0.0005134433	0.00039111546	0.0002861046	0.0006115093	0.0010253594	0.0001689681	0.002249483	0.00040851542	0.0075565185	0.00034889352	0.0029875578	0.00015806638	0.0008913806	0.0016934904	0.000112345784	0.0061438805	0.0011489704	0.00037721064	0.0006368625	0.00025571638	0.0018708291	0.0005316004	9.641468e-05	0.016052162	-18.611801147460938
s06e22b	620.0	5.0	0.8167571	0.8167571	0.04773546	0.088197194	0.0006178728	0.0041772244	0.27156708	0.0022927022	0.001043983	0.0025365395	0.00067649275	0.000420376	0.0020641908	0.0029880905	0.003647361	0.00050607725	0.0010030278	0.0014617717	0.0036762045	0.05312352	0.0042029084	0.001982981	0.0012837491	0.0027501488	0.00063901505	0.0027501488	0.026197717	0.0041874484	0.0016223057	0.00051599013	0.00043873992	0.0005819924	0.0024441273	0.00028385114	0.00022374124	0.0006309496	0.0004123855	0.00029372686	0.0011886995	0.0005695734	0.00012804274	0.0011886995	0.00055846793	0.0021048437	0.0018174335	0.0003500973	0.00077278307	0.0012341617	0.0032097632	0.00048853515	0.0009896476	0.004557474	0.00074420124	0.0011307067	0.0007322566	0.004625488	0.0004904804	0.0076445676	0.0005792878	0.00085305015	0.0015693061	0.00032980257	0.0027908417	0.0011626331	0.00028650914	0.000995441	0.00096676074	0.0038278312	0.0020301542	0.00016849105	0.0037524535	-18.47098922729492
s06e22b	625.0	5.0	0.917482	0.917482	0.01601908	0.1613125	0.0013743954	0.0019547318	0.20170759	0.0031439043	0.0030631255	0.032731824	0.00011238371	0.0004138178	0.012944937	0.0027090323	0.005158803	0.007413056	0.0018685991	0.000402524	0.00061185093	0.014210751	0.012157119	0.012157119	0.0022516544	0.013066448	0.0023949575	0.013066448	0.16361953	0.0071304096	0.0017064834	0.00060661806	0.0002425395	0.00066409085	0.0025455384	0.00045409056	0.0007702084	0.0015925742	0.0012127109	0.0014457743	0.00206396	0.0010829422	0.0005030301	0.00206396	0.0010077903	0.0022851916	0.00373046	0.0004312829	0.00044957703	0.0009088988	0.003606494	0.0028039077	0.0017632423	0.0033626712	0.00054397987	0.002503637	0.0007022397	0.0052107642	0.001433111	0.0027076993	0.00055268116	0.00076993176	0.00033283647	0.00027661008	0.0029162518	0.0002998884	0.0007110362	0.0031799523	0.0011255329	0.0034987289	0.0035614816	0.00020630028	0.0035614816	-20.1851863861084
s06e22b	630.0	5.0	0.89434004	0.89434004	0.035116505	0.043397192	0.0007936002	0.0006214186	0.00092339265	0.0013226243	0.0013407321	0.01895782	0.00059851503	0.00030860276	0.0033388818	0.0020458242	0.001190647	0.0014749581	0.001278389	4.284918e-05	0.00010673916	0.0027092576	0.019486474	0.019486474	0.002830903	0.0035977266	0.004898093	0.025357725	0.012450035	0.0016205166	0.0004807255	0.000390575	0.00015512637	0.00032076763	0.00040534805	0.0006708973	7.9309466e-05	0.011531818	0.001413886	0.0064386544	0.0028206806	0.00087941554	0.0008736648	0.0028206806	0.002284146	0.0016825021	0.0059127114	0.00081982854	0.00020430559	0.0005937263	0.0021591184	0.0013421585	0.0004211122	0.0014355137	0.00045129043	0.00072720856	0.00017398619	0.0022178423	0.0003733791	0.003295401	0.00015388634	0.0008385062	0.003552769	0.00017778548	0.004428111	0.00086776185	0.00017141897	0.00016528137	0.00094586954	0.0020483052	0.0010507256	0.0036322607	0.004428111	-25.537755966186523
s06e22b	635.0	5.0	0.8983768	0.8983768	0.06753678	0.033338983	0.0012435213	0.0003890377	0.0006018629	0.00088586897	0.0015684628	0.0047672116	0.00022321835	0.0002173607	0.0032610884	0.004344166	0.00044798173	0.00024087036	0.00033280824	6.851029e-05	0.00010521013	0.0019600964	0.008472792	0.005207171	0.008440857	0.005792075	0.003965981	0.0059812004	0.015576904	0.0020393312	0.00084342476	0.0005412506	0.0003502569	0.00045076956	0.0005333374	0.00044535086	0.0001033898	0.023625365	0.0033231669	0.005619011	0.0026366347	0.0028464547	0.0015591765	0.0028464547	0.0014413614	0.003449194	0.0033514313	0.00028755426	0.00017869864	0.00044931032	0.001529048	0.0030693992	0.0003632419	0.0011696027	0.0007251723	0.0008525975	0.00029172417	0.0018750955	9.945063e-05	0.012227681	0.00015464048	0.0006952516	0.0020266224	0.00016823644	0.0013684045	0.0003836654	0.00031615468	0.00016337776	0.000682618	0.007169109	0.000669937	0.0043895515	0.015744077	-21.904735565185547
s06e22b	640.0	5.0	0.9235878	0.9235878	0.102764435	0.027029822	0.00018252525	0.00027149427	0.00085445837	0.00058315677	0.00041010333	0.0019352216	0.00015412952	0.00031442597	0.0024778293	0.0036906765	0.0020949906	8.163165e-05	0.00043639034	0.0002640223	0.00013475613	0.0016399465	0.005386823	0.0018555889	0.00074337545	0.0013575546	0.0013626101	0.007826042	0.01356996	0.0017844372	0.00068052224	0.00029353594	0.00020643487	0.00033698994	0.00060060364	0.0004673706	8.480813e-05	0.0070205093	0.0010072719	0.0068346118	0.0011886118	0.00055137154	0.0007756937	0.0011886118	0.0017517371	0.0020955908	0.0026110488	0.00025858168	0.0002583737	0.00041085776	0.0013999322	0.0014935781	0.0009586146	0.0022359747	0.0001774647	0.00182106	0.00055433117	0.0036117672	0.00014848183	0.0067113643	0.0007124555	0.00091808685	0.0053331438	0.00026429177	0.023292357	0.001171948	0.00019169343	0.0001265227	0.000461735	0.0063124443	0.0004407474	0.0002732742	0.023292357	-19.633447647094727
s06e22b	645.0	5.0	0.8103692	0.8103692	0.004914709	0.0022933532	0.0006196243	0.00023531298	0.00036004695	0.0024021878	0.00040977873	0.003812744	0.00074322394	0.0006868195	0.026276682	0.0037939367	0.002849048	0.00029470303	0.00010631779	2.9648136e-05	5.6935703e-05	0.0002575645	0.014731569	0.0035174182	0.014731569	0.0012427222	0.0015275062	0.0045465063	0.018828645	0.0020320069	0.0007937658	0.00044062515	0.00020502861	0.00030340353	0.0003296891	0.0003203621	9.889523e-05	0.0050226175	0.0015966388	0.0018846715	0.0041349144	0.0015925022	0.00016752841	0.0041349144	0.0029609685	0.0051900255	0.008065222	9.2972e-05	0.00051403634	0.00047693052	0.0011288121	0.005938437	0.0007038557	0.0030585858	0.00015419802	0.0011656488	0.00067356724	0.002583402	0.0017086213	0.008123299	0.0002872479	0.0004583295	0.00047350916	0.001765724	0.004805981	0.00373102	0.00047761545	0.00027771728	0.00041518378	0.011466921	0.00038447184	0.00042933392	0.020541962	-24.3293399810791
s06e22b	650.0	5.0	0.7792688	0.7792688	0.0071904478	0.010218362	0.0006404491	0.00035585463	0.0034372658	0.0019428522	0.0010351607	0.005063896	0.00027763177	0.00021121932	0.027195169	0.08347643	0.009569215	0.00012781961	0.004722998	0.00021389347	0.0046972195	0.0011143151	0.08512688	0.015994987	0.0022504763	0.0007078052	0.00056720705	0.0018931294	0.023935763	0.0030928398	0.0006576151	0.0006056469	0.0005309689	0.0004223502	0.0010192066	0.00035761832	0.00016316603	0.0028319168	0.000634094	0.001957261	0.0009183594	0.00011819433	0.00016747859	0.0009183594	0.013806124	0.0013576451	0.0013613396	4.1929492e-05	0.0002476566	0.00018202263	0.0008616368	0.0034721885	0.0010085342	0.012174098	0.00075115816	0.024133882	0.0037274486	0.0014618761	0.0009398673	0.0010492397	0.00017567186	0.00047045585	0.0009280913	0.0002953491	0.0030509038	0.00077131565	0.0007389294	0.0026236225	0.00035611613	0.016549194	0.00625412	0.0001394123	0.036352526	-20.59344291687012
s06e22b	655.0	5.0	0.9133074	0.9133074	0.013040555	0.12716024	0.00070751924	0.0030049586	0.12834068	0.0025015362	0.0024247703	0.016290652	0.00012355023	0.0005948319	0.0020497562	0.00413439	0.005786286	0.0005118508	0.004118078	0.00050792476	0.0013960758	0.024540953	0.010851207	0.010851207	0.0014762536	0.003695366	0.00041843552	0.003695366	0.026524631	0.004682956	0.0015862181	0.0015957822	0.00072077895	0.0010997478	0.0014368464	0.00023268463	0.00034097277	0.0032346072	0.00057291234	0.0032346072	0.002255761	0.0004944397	0.0007758145	0.002255761	0.0011551677	0.001192446	0.0012615349	0.00010460681	8.436868e-05	0.00033943768	0.0011399363	0.0012248807	0.0013058006	0.008906096	0.00041751892	0.004238861	0.0011885755	0.0032568583	0.0013707698	0.011370797	0.0004136135	0.00093346986	0.0003423659	0.0002133126	0.0013150859	0.00031328833	0.0006813912	0.0060462556	0.001089264	0.0034553306	0.0051694154	0.00024006606	0.0060462556	-19.02228164672852
s06e22b	660.0	5.0	0.3855511	0.3855511	0.0052577737	0.0009251954	0.00022162653	0.0016890382	0.033392698	0.0004256295	0.0007916481	0.0014324628	0.00077480124	8.930342e-05	0.0010789077	0.0048012743	0.000386535	0.00026863877	0.00077056047	0.00019057335	0.0024481695	0.018542897	0.0061347713	0.0061347713	0.0017110662	0.0065763467	0.001112112	0.006768042	0.034232	0.003084151	0.0016846819	0.00040433096	0.00010514063	0.0003442519	0.0023615225	0.0006236923	0.00023210628	0.005391102	0.002351929	0.005391102	0.0014156543	0.0013217793	0.0028397955	0.0014156543	0.0032868423	0.006989785	0.025330558	0.0006586306	0.0005379369	0.00094407966	0.028397558	0.0087397685	0.0066444166	0.15829796	0.00039068246	0.0044306256	0.0016314348	0.00084082806	0.00043176752	0.00051952223	0.0036244914	0.0013356514	0.0004904079	0.0005780421	0.006520939	0.0011576125	0.008192752	0.024416113	0.003167596	0.0026588067	0.002275679	0.00062432303	0.024416113	-22.56465148925781
s06e22b	665.0	5.0	0.86636627	0.86636627	0.007738148	0.033025805	0.00070918904	0.00031901101	0.0025769093	0.0010628018	0.0014319787	0.014890478	0.000103017206	0.00021383779	0.00820189	0.004208612	0.002784185	0.00092166854	0.006748322	0.00036533983	0.00018518248	0.00092783617	0.009427567	0.009427567	0.0019840752	0.002008207	0.0010018331	0.002008207	0.013924361	0.0026216828	0.0011978374	0.0008120342	0.00045159424	0.0006642548	0.0007199929	0.001075009	0.00019359821	0.008499027	0.0017267352	0.008499027	0.0007567259	0.00060403626	0.0023725461	0.0007567259	0.0035402353	0.0018974934	0.004371415	0.0003818503	0.00031019148	0.00038930707	0.0024148927	0.001075009	0.0021718286	0.0137496255	0.00051300426	0.0019665305	0.005222523	0.0012738967	0.00072339457	0.13253754	0.0010333301	0.00039388714	0.0060183425	0.00020649629	0.004481921	0.005627727	0.0002164821	0.0009639348	0.0009150068	0.017374957	0.00063615176	0.00028288775	0.022612326	-21.239749908447266
s06e22b	670.0	5.0	0.76650995	0.76650995	0.115031615	0.046864357	0.00048309605	0.01619778	0.025546458	0.004162171	0.0030539003	0.0019294416	0.0021942349	0.00029284216	0.018333793	0.003639661	0.00016095216	4.696618e-05	0.0016950672	0.00019383502	0.012413106	0.10012158	0.00093265646	0.00093265646	0.00037911884	0.0015545958	0.0002241371	0.0015545958	0.008909501	0.0019939172	0.00087212026	0.00035285242	8.858993e-05	0.00018241827	0.00088964927	0.00017217397	0.00010331342	0.00033775685	8.399652e-05	0.00024337623	0.00027953746	0.0001543934	5.1990726e-05	0.00027953746	0.0010088721	0.00027385296	0.0005868485	7.345231e-05	5.928996e-05	0.00018955559	0.0006524185	0.00045086065	0.00018356617	0.01394195	0.00016507662	0.0012393061	0.0008189092	0.0013186297	0.0010436568	0.0004256157	0.00015684351	0.00061110995	0.0002094982	8.805109e-05	0.00096640206	0.00033955195	0.00015162824	0.0009394004	0.0009619586	0.0013967061	0.00383654	9.2671056e-05	0.007918537	-19.67372703552246
s06e22b	675.0	5.0	0.6948007	0.6948007	0.25031453	0.041173853	0.00047392613	0.012252477	0.017516859	0.0009827464	0.0025653422	0.02945301	0.00010583318	0.00076889433	0.0012026208	0.014580002	0.00030727222	0.00019446034	0.011007418	0.0005964908	0.2761834	0.11565945	0.0013847147	0.0010250366	0.0013847147	0.00121143	0.000121973906	0.0023851139	0.0184308	0.013168727	0.0040949383	0.0015885155	0.0007361328	0.00084318523	0.0038995466	0.00018459772	0.00018220722	0.001552853	0.0005450319	0.0014706965	0.0014790483	0.00036458555	0.00027901243	0.0014790483	0.0019561138	0.0010155656	0.0019506438	0.00035504624	0.00010809078	0.00038359207	0.0008835408	0.0015821817	0.00049579015	0.0042766267	9.648044e-05	0.00094283465	0.00077604374	0.0006421042	0.00023086216	0.00069073756	0.00040365043	0.0010800543	0.00084123196	0.00027551778	0.0051846784	0.0012766497	0.00029077395	0.0007742857	0.0003154381	0.0014428549	0.0010089523	0.00020592865	0.0051846784	-18.8825626373291
s06e22b	680.0	5.0	0.23494726	0.23494726	0.016957562	0.010347574	0.00020882972	0.014192193	0.0005503873	0.00023277181	0.014130847	0.032225695	2.0099616e-05	0.00015388239	0.00028985256	0.009001979	0.0001655244	3.7489826e-05	0.020048304	0.00084508833	0.7014461	0.16212325	0.00030565477	0.00015366009	0.00030073102	0.0005484217	0.00010816728	0.0005484217	0.1902348	0.06091063	0.010671122	0.004929621	0.0010702519	0.0028585694	0.015068608	0.00046448194	0.0014224469	0.0014531687	0.00044180974	0.0007601601	0.0005803478	0.00030860805	7.42539e-05	0.0005803478	0.00030492884	0.00085044006	0.00056065683	5.421709e-05	3.8199738e-05	0.0002014009	0.0005111276	0.000237886	0.00020328195	0.0009691507	6.219107e-05	0.0043388745	0.0017576254	0.0002869854	7.587227e-05	8.561443e-05	3.9256087e-05	0.0002715647	9.4240655e-05	0.00023200562	0.0004283191	0.00020343164	0.00022343831	0.0021666805	0.00012242497	0.0010939018	0.0010306912	6.102718e-05	0.0021666805	-18.403743743896484
s06e22b	685.0	5.0	0.06417689	0.06417689	0.0024508063	0.0021011063	0.00012516182	0.0006091157	0.00057685364	0.00023830551	0.017783405	0.0011350829	7.545839e-05	0.0001840069	0.0012587077	0.014850633	0.0035599472	0.00022059774	0.006328727	0.00023878724	0.06378573	0.0041242503	0.017910851	0.00454786	0.0021677632	0.002178042	0.0029496734	0.0029496734	0.6711144	0.12223713	0.11368518	0.0065343846	0.000734904	0.0052701556	0.00942787	0.0021478995	0.013878886	0.0036721148	0.0017433761	0.0027244373	0.008556871	0.002433949	0.000510598	0.008556871	0.0048618126	0.007967797	0.00807428	0.00043220687	0.0004338663	0.0004059931	0.0024264927	0.01378108	0.001537478	0.0010282422	0.0005708065	0.009524883	0.0012656112	0.0004907231	0.0010470708	0.001127248	0.0005503351	0.0005126232	0.0008928125	0.00065171404	0.0014929696	0.0017119552	0.003439818	0.0029900528	0.0038194638	0.011421644	0.0049017384	0.00024282899	0.01567476	-22.514116287231445
s06e22b	690.0	5.0	0.83397895	0.83397895	0.021128397	0.004627778	9.055561e-05	0.00077759015	0.001516358	0.0001432111	0.0038556694	0.00019907225	0.00014239899	9.315251e-05	0.0037167827	0.0010952903	0.00021395301	3.8027094e-05	0.00039131517	0.00032393672	0.0003594055	0.0031702393	0.004555521	0.0009230223	0.004555521	0.00097163866	0.00036811925	0.00097163866	0.56025803	0.0965223	0.040679276	0.0037587013	0.0011412797	0.005157132	0.07532353	0.0006338668	0.0035773695	0.0009962479	0.00033185488	0.000456747	0.0004920151	0.00035067456	0.00014799503	0.0004920151	0.00095896085	0.0028212762	0.0072545484	0.00022758282	0.000616675	0.00036298123	0.0018528064	0.0011766612	0.003999258	0.004775066	0.0006293632	0.0017436839	0.003974736	0.052096695	0.0008304347	0.0021024244	0.00083373545	0.00091515714	0.0012312721	0.00042624545	0.015456374	0.018919552	0.0015917503	0.0007245599	0.0019845078	0.03222859	0.0019388916	0.00014536397	0.018919552	-19.224380493164062
s06e22b	695.0	5.0	0.8313618	0.8313618	0.015351756	0.0008782792	0.00024305783	0.00016070296	0.00085126015	0.00016093528	0.0008208413	0.001567073	9.771755e-05	0.00014600715	0.004791903	0.008105227	0.0007822374	4.6924273e-05	0.001206788	0.00028321185	0.00036791718	0.0013060352	0.010849099	0.0016056594	0.0005152765	0.0034923824	0.001821393	0.048451785	0.03164104	0.0073875426	0.0025862418	0.0005154745	0.00024892358	0.00059579534	0.0014884893	0.00033640058	0.000105210325	0.008319067	0.003808208	0.008011835	0.010085664	0.0026189848	0.0013191546	0.010085664	0.006928096	0.0178076	0.015825342	0.0007067463	0.00040572227	0.00026423507	0.0050906427	0.01269322	0.0025688086	0.028211297	0.00017335344	0.0060694395	0.0017711914	0.0019151224	0.00041436075	0.0024820878	0.00069760217	0.00049662543	0.00048713683	0.00022296201	0.021987788	0.0037027646	0.00030142537	0.00075848424	0.0010060818	0.013804034	0.00042466613	0.00054872996	0.021987788	-21.075124740600582
s06e22b	700.0	5.0	0.88456917	0.88456917	0.023888562	0.006126746	0.0009857011	0.0026798295	0.2545418	0.0009408148	0.0011341198	0.0015878252	0.00012966112	0.00016216375	0.003045102	0.00420225	0.0063126353	0.0005760235	0.0012085014	0.0009585242	0.0010034197	0.032031234	0.034117315	0.004975322	0.0013385676	0.0015877201	0.0006156168	0.004438887	0.058032006	0.0057115885	0.001835762	0.0010266951	0.00031416258	0.0009605784	0.0022634303	0.00022434641	0.00040702778	0.0012753335	0.00085997704	0.0012753335	0.0012488806	0.00085696805	0.00062232895	0.0012488806	0.0018267785	0.0047626845	0.004469103	0.00042162935	0.0004239712	0.00020253922	0.0036183437	0.0025118983	0.0038328532	0.008607877	0.0002451443	0.0025240663	0.0009938626	0.0038207213	8.7071414e-05	0.0006530436	0.001999946	0.0006827107	0.00015626595	0.00031743856	0.0030147803	0.0006153443	0.0008629054	0.005485296	0.0032412815	0.003307197	0.007660356	9.685294e-05	0.007660356	-19.854028701782227
s06e22b	705.0	5.0	0.7835346	0.7835346	0.058075696	0.02590399	0.00094960333	0.0013866005	0.22129373	0.0025088512	0.0016798241	0.0014269596	0.0013636851	6.785962e-05	0.024512082	0.0048438925	0.0010124684	0.00028760935	0.00057701307	0.000618347	0.00090459845	0.03520933	0.017967707	0.00906138	0.0026292382	0.009648472	0.0013788864	0.009648472	0.05015403	0.010099932	0.0025819822	0.0010157785	0.0009457506	0.0008189607	0.004023254	0.00022121379	0.00028433435	0.0011137223	0.0011137223	0.00085952773	0.0013402681	0.001326208	0.0005618008	0.0013402681	0.0013676259	0.013275636	0.029757814	0.00087149936	0.00051711075	0.00071335334	0.015166704	0.00074830814	0.0031005295	0.030274313	0.000364206	0.0024236157	0.0017856981	0.012005292	0.00043650123	0.002939461	0.0015600446	0.0009010509	0.0005474722	0.00053260283	0.005448745	0.0064546224	0.0003690761	0.0018146107	0.0038505578	0.0037412683	0.0017808676	0.000113041475	0.009978232	-19.40700340270996
s06e22b	710.0	5.0	0.8141928	0.8141928	0.012669775	0.0034341083	0.00048414548	0.0015234969	0.14747378	0.00033126696	0.0024889673	0.0010858963	0.00013102868	0.0001518344	0.0003178092	0.01402171	0.001248025	0.00039305518	0.00088825246	0.0007450393	0.007249275	0.22484307	0.004571685	0.004571685	0.0011696055	0.002831315	0.001018236	0.002831315	0.5301768	0.03873877	0.006622265	0.00082343677	0.0002925821	0.0009645963	0.014716523	0.0014360729	0.0028082163	0.0003789853	0.0003789853	0.00025946854	0.00071190443	0.0007404061	0.00016578789	0.000944885	0.0007832451	0.004575797	0.006326128	0.0013599498	0.001234885	0.0008853867	0.016040087	0.0014934913	0.0014107716	0.011636503	0.0008263859	0.00064848294	0.00095237506	0.0024580003	0.00011819118	0.00034801054	0.0003192882	0.0020341102	0.0007788835	0.00045474488	0.00073438283	0.0004310041	0.004941588	0.0048234784	0.0011015885	0.0049329903	0.0067907874	0.000150599	0.16923167	-18.24620056152344
s06e22b	715.0	5.0	0.012832789	0.012832789	0.004352975	0.0011284213	0.00012510027	0.0031569744	0.0005119738	0.012775578	0.012181601	0.00057705404	0.08862819	0.000111168214	0.0024675569	0.0006154543	0.00076394837	0.0016076902	0.0015214173	0.00043521216	0.001391044	0.0027404544	0.06889318	0.00062609545	0.00096676534	0.0006866581	0.0002681743	0.00087539596	0.23981602	0.06969806	0.04735064	0.002198444	0.00057958986	0.0021075106	0.007643002	0.00052625104	0.005005487	0.0008378313	0.0008378313	0.0002483629	0.0009080115	0.00060008495	0.00026101532	0.0009080115	0.00080241007	0.0028385483	0.031037092	0.0005487326	0.002348709	0.0015775115	0.0022309748	0.00023410837	0.008784239	0.015824271	0.001196011	0.002797441	0.020325078	0.010710408	0.0021793623	0.0016604902	3.0396937e-05	0.0038813984	0.00087050215	0.0004513584	0.0016929584	0.004258328	0.016452188	0.011294138	0.0060784267	0.0016447862	0.010471398	0.07741539	0.043353338	-30.5458984375
