episode_id	onset	duration	talking	speech	man_speaking	woman_speaking	baby	shout	laughter	cry	singing	kids	groan	whistling	breathing	walking	mouth_sounds	fart	hands	heartbeat	cheering	crowd	mammal	dog_bark	cat	rooster	duck	bird	music	musical_instrument	guitar	piano	organ	electronic_instrument	percussion	bell	ambient_music	weather	wind	rain	river	wave	thunder	river_sea	fire	boat	car	traffic	car_honk	emergency_vehicle	train	cycling	engine	door	doorbell	knock	dishes	radio_tv	dryer_vacuum	zipper	keys	alarm	telephone	whistle	mechanisms	tools	boom	bang	glass	water	beep	silence	sudden_noise	db
s06e15c	0.0	5.0	0.6960449	0.6960449	0.014481439	0.005722642	0.00014955064	0.0045785476	0.20839025	0.00025199997	0.004320368	0.0019914461	0.000313022	0.0001636829	0.00077404367	0.0024518638	0.0013144716	0.0010269808	0.0017758268	0.0016293864	0.0062668165	0.1340542	0.018327447	0.003856959	0.0021261363	0.00050909584	0.00034990945	0.0010917281	0.05694578	0.008320884	0.0066333218	0.0009380919	0.0005345211	0.001108292	0.00543459	0.00040845937	0.00021731576	0.0023600245	0.0023600245	0.001875383	0.006211041	0.0035856073	0.00058538147	0.006211041	0.0008305756	0.0067195096	0.008842694	0.0016814859	0.00052872376	0.0006973878	0.0072474256	0.0020169953	0.0024648823	0.0026830465	0.00014204097	0.00070932484	0.00037237612	0.0015734994	0.0003217597	0.003058022	0.0003856634	0.0016649979	0.00012118025	0.00040126755	0.0013412832	0.00081326277	0.0008478024	0.00491217	0.0019656864	0.004722572	0.0012559341	0.0009084127	0.006646066	-22.5112247467041
s06e15c	5.0	5.0	0.821421	0.821421	0.047401343	0.0074200765	0.00056562974	0.0029373989	0.16801564	0.0016350198	0.0010264022	0.0032341382	0.0009870679	0.0002036826	0.0015502637	0.0011812932	0.0013661503	0.0004950098	0.0004986364	0.0005811213	0.0012679948	0.17124689	0.0035970635	0.0020043422	0.0035970635	0.00031536384	0.00047939754	0.0026242826	0.04040441	0.006022611	0.0026962007	0.0006574985	0.00017544352	0.00088471675	0.0021469789	0.0001729478	0.00027462663	0.0004943414	0.00033363068	0.0004943414	0.0007535194	0.0005188361	0.00020973345	0.0007535194	0.0010124771	0.0038140048	0.008288572	0.00040564456	0.0005962586	0.00064045336	0.003592312	0.0012063334	0.003866657	0.00638662	0.00037990574	0.0007694972	0.00032870207	0.008448219	0.0003051999	0.00085670763	0.00031025682	0.0007829977	0.00072975573	0.00026912996	0.0037843175	0.0006747237	0.0013801864	0.0038270499	0.000577541	0.0017842199	0.0008697763	0.0001822364	0.0038270499	-22.622299194335938
s06e15c	10.0	5.0	0.78093755	0.78093755	0.09397238	0.00904183	0.00088145374	0.0037788334	0.050349403	0.0009468289	0.0019544535	0.0029042137	0.0007947959	0.00058245513	0.016930081	0.0042868885	0.0017856184	0.0006907462	0.0061266446	0.00013175045	0.0038753652	0.013328013	0.004043251	0.004043251	0.00068823114	0.004551929	0.0017246167	0.004551929	0.017548606	0.01090005	0.00590694	0.0013430147	0.00020131412	0.0012817212	0.0020387308	0.0027883227	0.00015767604	0.001639681	0.000754648	0.0009351581	0.0026173946	0.0007706515	0.00013424928	0.0026173946	0.0014276366	0.0027167057	0.004144299	0.000749805	0.0007876821	0.001147771	0.00070596073	0.0023662716	0.00080330094	0.006875014	0.0014287926	0.0026165012	0.0013138296	0.012047773	0.0002285775	0.007114055	0.00065286655	0.0030751359	0.02882307	0.00031356415	0.02971395	0.0027190347	0.000679407	0.0022433312	0.0015477499	0.0022068447	0.016890112	0.00052637345	0.02971395	-21.772897720336918
s06e15c	15.0	5.0	0.7365517	0.7365517	0.04227242	0.019108806	0.0001612477	0.0042715776	0.1382071	0.0009651714	0.0013871731	0.0017258773	0.0013461155	0.00027323278	0.005926595	0.001760044	0.0015712081	0.0015663302	0.0015631061	0.0003579437	0.003563166	0.07393937	0.00413625	0.00413625	0.0017923778	0.017680146	0.00051413925	0.017680146	0.02945353	0.0052607874	0.0034207331	0.0005335799	0.00013936525	0.00048019123	0.002169826	0.00024296006	0.00022551544	0.0009395034	0.00059198536	0.0009395034	0.001476106	0.0012650139	0.00023670001	0.001476106	0.001440104	0.0029734941	0.007715463	0.0018019704	0.001790662	0.0011964325	0.0031793525	0.00055212044	0.0017408876	0.008183497	0.00019040261	0.0046312874	0.0007674109	0.0050377864	0.0014999592	0.0015832772	0.0004695334	0.0011456842	0.00082500157	0.0003563732	0.0029572363	0.0012658499	0.0014070837	0.0051856698	0.001207659	0.0019689295	0.0035084211	0.00014040284	0.006480838	-22.16346549987793
s06e15c	20.0	5.0	0.20106953	0.20106953	0.0015137735	0.0027706993	8.9450696e-05	0.00038513285	0.06302667	0.00062553777	0.0008524899	0.0017561736	7.239159e-05	0.00014829519	0.0027534987	0.008544876	0.001191638	0.00054785307	0.0014041554	0.00038664037	0.0039392877	0.0071061584	0.17035271	0.08224396	0.004226256	0.006606881	0.00045664553	0.006606881	0.030335987	0.0031009216	0.0019306072	0.0009910789	0.00018093405	0.00053902605	0.0016657638	0.0004014552	0.00017549373	0.0032391977	0.0021397462	0.0032391977	0.0035569512	0.0022638426	0.000772818	0.0035569512	0.0008453405	0.004521144	0.007928518	0.000528461	0.00053856126	0.00020391712	0.07065549	0.0027256683	0.008515493	0.0063423645	0.00037241197	0.002812439	0.001172932	0.00035728829	0.00014480314	0.00065675704	0.002646844	0.0006023828	0.0003355666	0.001093844	0.003377235	0.0009339182	0.0007331074	0.002816767	0.0013132803	0.009167024	0.0031339896	0.00037096703	0.025503233	-25.46433448791504
s06e15c	25.0	5.0	0.60557425	0.60557425	0.033942003	0.007308733	0.00047871305	0.0009757148	0.047378354	0.0009805392	0.0014336864	0.0034898738	0.005868481	0.00041213597	0.0024874536	0.004585102	0.024417797	0.002798713	0.0020592434	0.00075571163	0.005523036	0.008200702	0.07132857	0.051782846	0.0013652887	0.0005244503	0.0005669019	0.0016565763	0.032375816	0.0048826896	0.0011048807	0.00082354504	0.00038208807	0.0006699277	0.0032663764	0.00056037126	0.00054193544	0.00774121	0.0047031217	0.00774121	0.0046840385	0.0024125942	0.0052443864	0.0046840385	0.0012404858	0.00905422	0.016880693	0.0026230747	0.0010485706	0.0017271034	0.009427442	0.0023205578	0.007336625	0.01432253	0.010459034	0.00077495637	0.0015057944	0.001966334	0.00027798035	0.000817569	0.0012656003	0.0018150451	0.010490595	0.00035973286	0.0035898995	0.0016827158	0.003537854	0.0038617766	0.0039250487	0.00527924	0.0066674943	0.0005636415	0.0066674943	-28.241043090820312
s06e15c	30.0	5.0	0.84222853	0.84222853	0.0310782	0.0103208935	0.0004125377	0.00054122694	0.0005517201	0.0009611919	0.0023029593	0.006109219	0.0013523767	0.0010620478	0.0018288855	0.0009803318	0.002676718	0.0005297453	0.0022961404	9.2611335e-05	0.00026330762	0.00033458052	0.0053101396	0.0036952363	0.0053101396	0.0024992514	0.0037151482	0.0037151482	0.027208721	0.009953612	0.00234848	0.0007681579	0.0006449881	0.0008682403	0.00091614696	0.00051830494	0.000495638	0.0040319185	0.00086527	0.0040319185	0.00078727317	0.0002758174	0.0015880672	0.00078727317	0.004064235	0.0010195038	0.0039540585	0.00031721924	0.0022356438	0.00033904827	0.0017004408	0.00060546456	0.0007474216	0.0013911083	0.0002114964	0.0010239147	0.0005137175	0.032579683	6.410749e-05	0.00014455784	8.401222e-05	0.00809548	0.045171827	0.00057230814	0.004076897	0.00034592036	0.00030846833	0.000677839	0.00016579988	0.0011031023	0.0032420873	0.0008231433	0.004076897	-23.46119880676269
s06e15c	35.0	5.0	0.90156484	0.90156484	0.012564848	0.002137481	0.00036314043	0.00032507675	0.00028180613	0.0013186875	0.0013014204	0.0030742222	0.00022118828	0.00030629535	0.009555364	0.00092764746	0.005034176	0.0001456909	0.0039647967	3.9018752e-05	0.00045614937	0.0004166422	0.0072059496	0.0072059496	0.004753088	0.0007025529	0.0014509085	0.0014509085	0.0099967	0.0093260575	0.0029319741	0.0013629762	0.00020246796	0.0009810948	0.0005779521	0.0004142788	0.00013269518	0.020235391	0.0013870166	0.020235391	0.0018916389	0.0006524635	0.0046323007	0.0018916389	0.0027752947	0.0011049438	0.0020037289	0.0004055599	0.00040164893	0.0002661364	0.00097409816	0.0009525656	0.00044881096	0.00068543846	0.00021663986	0.0010542325	0.00018026074	0.0027652516	6.241107e-05	0.0002067524	3.3559645e-05	0.00042868467	0.0017684981	0.00018006114	0.001361208	0.0003397786	0.00030676177	0.00043819466	7.8808116e-05	0.0021647958	0.00025616513	0.00046047155	0.0068829036	-33.89189910888672
s06e15c	40.0	5.0	0.3122703	0.3122703	0.009378116	0.0074267033	0.040218454	0.0017385753	0.0055155135	0.003071939	0.0063058315	0.030260798	0.00036618265	0.0007732781	0.004044753	0.0017777855	0.00871622	0.0021150028	0.0048286836	5.237015e-05	0.0004153342	0.00075094483	0.03003225	0.03003225	0.008634858	0.013018278	0.002403509	0.013018278	0.17392126	0.0097235255	0.0031513236	0.0015749302	0.00082881056	0.0016382829	0.0045654485	0.0012315525	0.0013778034	0.021629369	0.0035022553	0.021629369	0.0022325814	0.0009659376	0.003608786	0.0022325814	0.009348543	0.00073251664	0.0061231847	0.00027717423	0.0006748217	0.0006701793	0.0022347367	0.00294274	0.0004337526	0.0007567314	0.00022936605	0.0006095817	0.0003518578	0.0042677014	9.718582e-05	0.0005592598	0.00028948	0.0047345553	0.008705317	0.00032048093	0.014448131	0.00043882837	0.00080925145	0.00031194	0.00038236685	0.0025895503	0.001879259	0.0011905716	0.014448131	-29.697174072265625
s06e15c	45.0	5.0	0.787849	0.787849	0.027772078	0.016523559	0.0018280614	0.012567186	0.088388175	0.016314877	0.0027409329	0.008493451	0.0027676194	0.00044147528	0.0034905854	0.0042667007	0.0020577875	0.0020897088	0.0012119937	0.0009655024	0.001145556	0.15134332	0.019516917	0.019516917	0.004014735	0.0039789067	0.0039161774	0.0039789067	0.033244964	0.0041945665	0.0020848766	0.0007299031	0.0004759666	0.0009702912	0.0012763202	0.0005033639	0.0005560189	0.0029054473	0.0029054473	0.0011948609	0.009693268	0.005701145	0.00040904465	0.009693268	0.0011514269	0.010603844	0.018035682	0.005099117	0.0040509505	0.0006147725	0.0057433015	0.006283676	0.0018852358	0.003110531	0.00022095894	0.0004393154	0.0006624666	0.0031420952	8.717992e-05	0.0013868501	0.0020303966	0.0017775105	0.00077927404	0.00043148073	0.0020589572	0.0002995201	0.0020235174	0.004931001	0.001955224	0.0041827145	0.001529975	0.0004632026	0.009719357	-22.78699111938477
s06e15c	50.0	5.0	0.850924	0.850924	0.0034504922	0.008507054	0.0013479333	0.00061401294	0.0013195209	0.0029900342	0.0013093742	0.035942223	0.0006096913	0.00041715844	0.015167039	0.0015848874	0.0042100027	0.0005166036	0.00020428728	4.5609457e-05	0.00010784009	0.0010524703	0.03246439	0.03246439	0.01037075	0.0032091483	0.00135974	0.008760514	0.009525086	0.0047420366	0.0005181597	0.0004833996	6.151108e-05	0.0005801581	0.0006247132	0.00019047053	9.379875e-05	0.0022016661	0.0005645671	0.0004384276	0.00084863725	0.0006945417	0.000111571346	0.00084863725	0.0017923096	0.0011813134	0.0073747355	0.000188789	0.004394007	0.00019685498	0.003864964	0.01378482	0.0006978984	0.0013389966	0.0005759784	0.00033085633	0.00033611845	0.00037995772	5.5904216e-05	0.0055167587	0.0045292187	0.001659233	0.00019282025	0.0008249741	0.0012811669	0.00053893897	0.0010400778	0.00020697786	0.0011373895	0.016406296	0.0013229784	0.0007446677	0.0312795	-25.209999084472656
s06e15c	55.0	5.0	0.88377357	0.88377357	0.007292259	0.03841476	0.00038426445	0.0010287468	0.0006535153	0.002156209	0.0012752612	0.014457226	0.00054904	0.00027180664	0.0010469796	0.001749412	0.016863165	0.00035383573	0.00017286635	2.7105623e-05	6.6901215e-05	0.0008763252	0.007340717	0.005864479	0.0010010669	0.0020856515	0.00096461654	0.0020858184	0.011989901	0.0014661456	0.0005485882	0.0004672561	0.00021236834	0.00047972164	0.00062066864	0.0010113453	0.00013630031	0.001412109	0.0006306785	0.0006527014	0.000517998	0.0003073502	0.0001198262	0.000517998	0.0014741669	0.0006016842	0.002174126	0.000117542666	0.00030756064	0.0006802337	0.00073409977	0.0008904579	0.00026302182	0.00053561945	0.00046599266	0.00059364253	0.00020084018	0.004047243	0.0002829889	0.015980238	0.0010130396	0.0009716807	0.00518135	0.00019434208	0.0023523553	0.00093525933	0.0002164972	0.00013104804	0.0006739711	0.005075804	0.001339861	0.0007031736	0.18695876	-23.47009658813477
s06e15c	60.0	5.0	0.869062	0.869062	0.06302416	0.08834131	0.0002975806	0.0029252197	0.062201913	0.010613474	0.0029454622	0.006063425	0.0010954572	0.001027084	0.0031731564	0.0011521807	0.0012740756	0.0022398012	0.00095455797	0.00031135793	0.00086666195	0.0034236035	0.012160629	0.003908057	0.0014843153	0.0060883965	0.0011288363	0.0060883965	0.022840796	0.0038646446	0.0024011768	0.0013953024	0.00037954265	0.000984135	0.0012849094	0.00017872216	0.00030000994	0.0038945116	0.0010768941	0.0018128408	0.0027970248	0.0016268395	0.00051945116	0.0027970248	0.00040244302	0.0021740547	0.014492823	0.00054273824	0.0013247764	0.00062291976	0.0041115964	0.0012202442	0.002140363	0.004363246	0.0013311304	0.007903585	0.0006169895	0.0059847683	0.0005193697	0.0041872077	0.0002629965	0.0019233908	0.0017006228	0.00017710935	0.0010342943	0.00025795132	0.0008537763	0.0019729394	0.0010227808	0.0010351775	0.0015377004	0.0085928105	0.0025819328	-22.010164260864254
s06e15c	65.0	5.0	0.030235026	0.030235026	0.00020146083	0.00021461847	0.00023719115	0.0002865086	0.008128641	0.0001984726	0.005505753	0.0006556526	4.5152374e-05	4.3177493e-05	0.00014873676	0.0004322248	0.00017100805	0.00010996744	0.00045866604	0.00019603194	0.0013362125	0.00058081094	0.0013688202	0.0012703986	0.0002836423	0.0068019303	0.00044943282	0.0068019303	0.8950402	0.7327273	0.7304203	0.0010208348	0.00076926325	0.00075114315	0.03871904	0.0001408436	0.0023351405	0.0006741985	0.00057520816	0.0006741985	0.0018288237	0.0018795782	0.00054418814	0.0018795782	0.00017370007	0.0023803285	0.004582896	0.00032877605	0.00032830465	0.00015226472	0.001545565	0.00047501613	0.0014850221	0.0008802199	8.448552e-06	0.0005271382	0.00026788888	0.00050126266	0.00036765492	0.00023116413	0.00032780424	0.0001297065	0.00023144067	5.7007255e-05	0.00071086036	0.00044771453	0.0006896776	0.00042728445	0.0007438925	0.0009249388	0.0002196587	0.00028283356	0.0020360027	-19.331470489501957
s06e15c	70.0	5.0	0.68398964	0.68398964	0.0024544895	0.00093740306	0.00015698132	0.0013938306	0.0006208728	0.00013061987	0.02825768	0.0014110551	0.00010050792	0.0001562375	0.0009925038	0.0027900827	0.00093007775	9.4885945e-05	0.00057713187	0.00014441345	0.00041558253	0.0005068456	0.002380974	0.0014423425	0.0006390035	0.0015598447	0.00091371045	0.0015598447	0.7187376	0.37141505	0.33105206	0.012534529	0.0005093271	0.008938301	0.01755047	0.00070674496	0.0029950936	0.0011540789	0.0005385148	0.0007729631	0.0011636745	0.00050956407	0.00028073936	0.0011636745	0.0014031269	0.0025542025	0.0030119782	0.00033637972	0.00019428019	0.00010121494	0.0005749582	0.0027007125	0.0010717859	0.0036391478	0.0003867399	0.0015275213	0.0023290452	0.0023194212	0.0005019543	0.0017239772	0.0011046797	0.00020562984	0.0019708702	5.4033546e-05	0.0019803557	0.007010464	0.0002321344	0.000991692	0.00067875785	0.0033683535	0.0021610938	0.0004518039	0.01723726	-21.131366729736328
s06e15c	75.0	5.0	0.700348	0.700348	0.00840578	0.0022826523	0.00037828757	0.0004657404	0.002932759	0.0047317473	0.0014227214	0.0008690308	0.021187788	0.002483479	0.1804541	0.0037889602	0.003025126	0.0039478135	0.013915342	0.00056534546	0.0007653598	0.0006235009	0.008084295	0.0007130169	0.0029324773	0.001998652	0.0014312092	0.002047586	0.01799913	0.0060668453	0.0027157525	0.001251632	0.0007687708	0.0010995603	0.0018186253	0.0001799271	0.00023737893	0.0008955503	0.0005814407	0.0005895394	0.0017069441	0.00020134196	0.000113981434	0.0017069441	0.010943834	0.0012707682	0.0012897938	0.00016436607	0.00061093346	0.0008993084	0.0009067325	0.0014161147	0.0007497721	0.018061202	0.000996059	0.008998372	0.013752412	0.0052784565	0.0006410702	0.005322884	0.0014676151	0.0011164433	0.0077480073	0.00084875536	0.016550126	0.021516321	0.0004032274	0.0034308364	0.0011302157	0.018442497	0.0017639307	0.0001522065	0.072560824	-20.481569290161133
s06e15c	80.0	5.0	0.8897361	0.8897361	0.009423092	0.12982914	0.0007346481	0.0031939903	0.06926743	0.0015126431	0.002969122	0.0055522863	0.0010303471	0.00023924166	0.0027195702	0.0025926162	0.0026066157	0.0003554781	0.0013720093	0.002725882	0.0013936661	0.007857956	0.10377447	0.00067108945	0.0010896568	0.00089427177	0.00019745689	0.00089427177	0.101327494	0.006564224	0.0034542521	0.0011396138	0.00033604863	0.000808928	0.0035545405	0.00039218142	0.00088477787	0.0014159422	0.00079155416	0.0014159422	0.0012406636	0.00050025195	0.0003487186	0.0012406636	0.0023531646	0.002645461	0.0075846207	0.0005791015	0.00040424097	0.00073437026	0.0027409117	0.00044124806	0.0028178012	0.0044329697	0.00068651675	0.0006826652	0.00095277705	0.0091143	0.0021041979	0.0014710516	0.0002722021	0.00082777615	0.00056123687	0.00043146283	0.001923431	0.0016172396	0.0005941692	0.00044990194	0.004640141	0.00950938	0.002584068	0.000110111716	0.004640141	-20.660079956054688
s06e15c	85.0	5.0	0.47758323	0.47758323	0.0012351878	0.00087946537	0.0002619185	0.0009849078	0.006390803	0.005241834	0.0012842744	0.002828745	0.009006578	2.6526895e-05	0.011529606	0.027184865	0.004679201	0.0014013895	0.00059273734	0.00024293804	0.0009475752	0.0009488233	0.02808214	0.02808214	0.004989849	0.010821052	0.005540509	0.010821052	0.19521171	0.007010165	0.0018029278	0.0005294752	0.00026038746	0.00044555106	0.0022632452	9.0018366e-05	0.00022734837	0.0029481451	0.00076283707	0.0029481451	0.0010302454	0.00052598224	0.0010218399	0.0010302454	0.043544553	0.00063487503	0.0021514518	0.00027173615	0.00079153606	0.00014299252	0.0028995697	0.0015926523	0.00048113693	0.007202242	0.0017084073	0.0015583098	0.0012483556	0.0009317398	0.0009535018	0.003695384	0.000423385	0.00086262054	0.00084325275	0.000604908	0.001275359	0.0009038808	0.0030271125	0.037056252	0.0032664386	0.0029282044	0.00026836104	0.000653396	0.26364386	-24.403789520263672
s06e15c	90.0	5.0	0.73272043	0.73272043	0.014145104	0.005901614	0.0002742632	0.0023164856	0.11867381	0.0013382566	0.0013801634	0.0021042898	0.00055501447	0.000248161	0.0032442254	0.0010421288	0.0014325693	0.00024215248	0.00041793444	0.00039618523	0.0009499277	0.029467344	0.004036983	0.004036983	0.0008345907	0.031220553	0.0006592083	0.32425267	0.019440988	0.0026149387	0.0016022841	0.00037499718	0.00023431	0.0004927839	0.0011570802	5.3037133e-05	0.00015482683	0.00089795515	0.00089795515	0.000733869	0.0007554971	0.0009535476	0.00021160512	0.0009535476	0.0020540475	0.009113167	0.013099567	0.0005643938	0.0003576125	0.00095333013	0.0064929496	0.0022120692	0.011238683	0.020519946	0.00018828223	0.0066389455	0.0015256578	0.00043916836	0.0003605833	0.00063463754	0.00086436514	0.0005823841	0.00022461824	0.00021862861	0.029430194	0.0012282564	0.00067109737	0.0022204733	0.000348889	0.0016274058	0.0006268259	0.0003732506	0.029430194	-21.78807258605957
s06e15c	95.0	5.0	0.76385015	0.76385015	0.019226458	0.011574579	0.0008676659	0.0018938448	0.18591474	0.0039470824	0.0018099827	0.0017965757	0.0061031305	0.00020138016	0.0072979713	0.0061629405	0.003794178	0.0015469585	0.00061140006	0.0002507929	0.002333075	0.024397563	0.027165981	0.020680051	0.0016935428	0.005234209	0.002479322	0.005234209	0.0907993	0.006957207	0.0021366868	0.0007702308	0.00045977547	0.00079441734	0.0021550325	0.0003156893	0.00044861954	0.0009045015	0.0005541653	0.0009045015	0.0023865793	0.000943222	0.0003307743	0.0023865793	0.0013764572	0.0055455053	0.003918267	0.000888399	0.00031831895	0.00044647066	0.004447016	0.00097181316	0.0012979486	0.011153361	0.00070928095	0.0051574255	0.0013410987	0.004666841	0.0009915796	0.03284881	0.0017913133	0.0009033332	0.0019907467	0.00030718846	0.0075678667	0.0014540829	0.00072078715	0.0041578505	0.0024927396	0.01647753	0.0029835154	0.0002857832	0.007894934	-20.33063697814941
s06e15c	100.0	5.0	0.5901537	0.5901537	0.0019832274	0.047735024	0.0006682707	0.0002961078	0.0014315997	0.0019032449	0.00296953	0.025998367	0.0011408422	0.00068583246	0.004016194	0.002027916	0.0016288776	0.00038416556	0.0033356892	0.0007438099	0.00017290261	0.00032239655	0.010040475	0.0020350805	0.0010212999	0.0047688745	0.00166272	0.0047688745	0.018251892	0.0058853463	0.0030945295	0.0010119346	0.0008363381	0.0007668107	0.0007579221	0.0004433241	0.0003544125	0.0015398558	0.00035298217	0.0009147867	0.0009921801	0.00024189636	0.00019404417	0.0009921801	0.0019385316	0.001031709	0.00304235	9.303594e-05	0.00014608793	0.0004873916	0.000913616	0.00042563697	0.0007289376	0.0009903309	0.0010920375	0.0010023401	0.005803544	0.004021137	0.001877244	0.030427057	0.00012268686	0.00068434124	0.0037668897	0.00019393947	0.0037946543	0.0021358868	0.0005341588	0.00036294298	0.0009163958	0.012116619	0.0005412953	0.00051467516	0.00696184	-20.956056594848636
s06e15c	105.0	5.0	0.8359171	0.8359171	0.105620496	0.0019992779	0.00066233124	0.0029889373	0.06291386	0.0007761332	0.0026472216	0.0005972571	0.00040803946	0.00022340358	0.008874463	0.024537966	0.0010620767	0.00020813814	0.0013714064	0.00041887173	0.0021590958	0.062049598	0.0038130719	0.0027089845	0.0021634016	0.0031334131	0.0012011618	0.016597629	0.032023698	0.007723104	0.0045082816	0.0014002395	0.0004079813	0.0011961216	0.003178775	0.0008847302	0.00021116696	0.00414219	0.002872827	0.0024300413	0.0042538033	0.0039484627	0.0007103802	0.004445327	0.002201621	0.006851661	0.0030146197	0.00092623476	0.00027564864	0.00033775653	0.003407504	0.0035025547	0.0010799597	0.012497623	0.00025914417	0.0018424542	0.001045229	0.0026813042	0.00041543832	0.016356729	0.0025985478	0.00076729094	0.0005968053	0.00028370722	0.008294096	0.008008515	0.0020351755	0.0019866773	0.0012271432	0.011976289	0.002036235	0.00046283688	0.013973714	-23.886924743652344
s06e15c	110.0	5.0	0.81273234	0.81273234	0.0047270474	0.0029739323	0.00031344665	0.00025077543	0.001239659	0.00032813943	0.00078807626	0.0035326737	0.00046977357	0.00024043716	0.004419341	0.008482267	0.009806187	0.0003808059	0.00115451	0.00022727513	0.00028084725	0.00046519932	0.0054596835	0.0024697762	0.0019275123	0.0022442578	0.0010378566	0.0022853916	0.014370668	0.004130346	0.0014723387	0.00044791918	0.0006064169	0.0004259059	0.0024747364	0.000162983	9.731221e-05	0.0023891407	0.00025401515	0.00087941845	0.0004461737	5.9556976e-05	0.00021155954	0.0004461737	0.0250786	0.00045129878	0.00073988765	4.4466757e-05	0.00018439576	0.00015724033	0.00037695022	0.0041254745	0.00022279267	0.0037192202	0.0010927385	0.0018727249	0.004171637	0.0032754866	0.0004308843	0.011911509	0.0010930024	0.0007748275	0.001999217	0.00032304449	0.0108408015	0.0022336175	0.00029592466	0.00084935006	0.0009910346	0.028315164	0.00054934877	0.000285257	0.075656235	-22.8421573638916
s06e15c	115.0	5.0	0.8414432	0.8414432	0.003335667	0.027252613	0.0016893614	0.00019064132	0.0006734225	0.00052172557	0.0011520002	0.032764614	5.8512145e-05	0.00024409128	0.003514351	0.016889257	0.04138753	0.00067738653	0.0068508014	0.00021834654	0.00027464313	0.0006683535	0.0368502	0.005980931	0.0026271709	0.0027423785	0.0027703885	0.0027703885	0.010205615	0.0014486684	0.0005044167	0.0004117827	0.000266278	0.00040219605	0.00066176837	0.0002051825	0.00021420387	0.0018034583	0.0010122041	0.00091330044	0.00030201304	0.00018551631	0.00015192971	0.00030201304	0.015540044	0.00076857087	0.0016241713	0.00022689796	0.00018663585	0.0003748703	0.0015210443	0.0027394968	0.00073716755	0.0017852443	0.00034332633	0.0030693423	0.0015951609	0.00031354828	0.00020995755	0.07426159	0.0005769091	0.0005652493	0.001618492	0.0001864916	0.0023190647	0.0021512308	0.00025329448	0.00032412919	0.0009825237	0.08948275	0.0011999495	0.00080262986	0.0335107	-25.973861694335938
s06e15c	120.0	5.0	0.83559394	0.83559394	0.009655765	0.078520484	0.00113085	0.0005450194	0.0012000867	0.002476769	0.0022727058	0.016100101	0.00073000125	0.0002430671	0.016497944	0.0064192433	0.0117540015	0.00051279576	0.0010942046	0.00029350937	0.0003110384	0.001335832	0.0033570633	0.0015260858	0.0023276927	0.0032534546	0.0013986182	0.0032534546	0.012823302	0.0036225114	0.0010820085	0.00054819154	0.00015095239	0.0003444349	0.0017754617	0.00038591347	0.00014486555	0.012094892	0.0021953396	0.012094892	0.0009109721	0.002173766	0.0035757297	0.002173766	0.0059447344	0.0025786294	0.014240374	0.0009552085	0.00035747702	0.00036580197	0.006147434	0.00067723426	0.002565263	0.00322713	0.0006655571	0.0013225739	0.0011148162	0.00075908226	0.0014218646	0.013303698	0.0003177986	0.00023979886	0.0005733095	0.00042976567	0.0030482768	0.000980175	0.0008422402	0.0008149035	0.0032517107	0.07263656	0.0005036192	0.00063238305	0.004553286	-22.695863723754883
s06e15c	125.0	5.0	0.8406172	0.8406172	0.052289803	0.018688487	0.00045329114	0.0042657973	0.29084516	0.0027639118	0.0044231615	0.001077881	0.00064161175	0.00047068935	0.0024708149	0.004773419	0.0015693883	0.00027311794	0.001575362	0.0005575505	0.0028911175	0.16949491	0.010659398	0.0066307024	0.0012744756	0.0016794244	0.0009945314	0.0019125028	0.049555156	0.0075598136	0.0026237883	0.00110365	0.0006162296	0.0011877991	0.003173657	0.0002654557	0.00030571947	0.0010244402	0.00041693484	0.00038091373	0.0013407896	0.0005474874	7.678984e-05	0.0013407896	0.0009489476	0.0020146135	0.001899793	0.00036322407	0.00024361092	0.00030665388	0.0011248335	0.0011867756	0.0015727108	0.0096019395	0.00017201039	0.0010730313	0.0014967702	0.004165805	0.00033032685	0.0045587616	0.0008451689	0.00068017474	0.000295185	0.000274219	0.0021101134	0.0014232302	0.0005659997	0.0032329808	0.003655926	0.0039401073	0.014095466	6.3104264e-05	0.03212077	-21.32685852050781
s06e15c	130.0	5.0	0.4258693	0.4258693	0.012197798	0.00550259	0.0002220466	0.0024358716	0.06185036	0.0003332114	0.023275387	0.0022063502	0.00010077885	0.00013738136	0.00038270743	0.002811054	0.0013231068	0.00042164983	0.013425109	0.00012746871	0.18123467	0.023691386	0.017064646	0.017064646	0.0010314982	0.0033505668	0.0006540278	0.0033505668	0.68765503	0.08791815	0.034284487	0.0026141775	0.0005814246	0.0016127741	0.05253762	0.00028483412	0.001694362	0.00012195205	0.00010454368	0.00010111354	0.0006774162	0.0002942953	2.891199e-05	0.0006774162	0.00012684138	0.0006688078	0.0025622863	0.00028061867	0.00048709646	0.00013799712	0.0061211246	0.00061978196	0.00051173376	0.0051290207	0.0004091897	0.0036877652	0.00024672283	0.0003800374	0.0006279794	0.0005197614	0.0001631976	0.00026226282	0.00029140394	0.00033953492	0.00047152257	0.00032076368	0.00029846653	0.0044244593	0.00047023842	0.0026811871	0.008522199	0.0002540435	0.014401443	-19.80145072937012
s06e15c	135.0	5.0	0.6828574	0.6828574	0.0026336445	0.005439249	0.00038827187	0.0039219665	0.0011975396	0.0006103669	0.019881902	0.008222446	0.00030291014	0.00039329694	0.002315136	0.0042543546	0.0007708112	0.0001625669	0.0007048092	0.00065161864	0.0013369088	0.001781813	0.0067513143	0.0067513143	0.0009779335	0.007246925	0.0044729174	0.007246925	0.8477587	0.16450813	0.12323596	0.0011805204	0.00016641444	0.0018673296	0.048330266	0.0009022928	0.015487222	0.0009003609	0.0007804597	0.00029871304	0.001376136	0.0018187584	0.00018104259	0.0018187584	0.0003562628	0.0065866387	0.011739443	0.00049341825	0.00095922675	0.000671763	0.0010705705	0.0032487356	0.002213059	0.00089407276	0.0003142986	0.0011176122	0.0006883351	0.002746629	0.0005574033	0.0015271832	0.0003126331	0.00042059508	0.00083480467	0.00035705333	0.0018790191	0.0030801923	0.0023303619	0.002574328	0.0007575821	0.0039498205	0.0018104325	0.00019534308	0.011217957	-21.84394836425781
s06e15c	140.0	5.0	0.91204345	0.91204345	0.020557694	0.13360928	0.0017663495	0.001567135	0.12323294	0.011154012	0.0030014736	0.03619766	0.0019924736	0.0006107975	0.0032951788	0.0035380053	0.0061144475	0.00429453	0.0021128664	0.0005137613	0.0020280425	0.013721299	0.016705941	0.0045412243	0.0009796736	0.001347216	0.002164189	0.002164189	0.024667533	0.0021445702	0.0013397678	0.0008975583	0.00021642682	0.0004848001	0.0012722434	0.0004421483	0.00042411714	0.0041042673	0.0022722192	0.0041042673	0.0018340086	0.002655996	0.002420155	0.002655996	0.0009419054	0.004786414	0.015242357	0.0008767888	0.00083134917	0.0012224521	0.007690478	0.0011255784	0.001955209	0.017881034	0.0017458758	0.0015814761	0.0005209414	0.0074821995	0.0010094446	0.011528567	0.00047121348	0.001573396	0.0034090104	0.00039164137	0.0008155086	0.0012324003	0.0022731212	0.0015335244	0.0014670904	0.002648467	0.0020077263	0.00067743013	0.005068054	-21.020980834960938
s06e15c	145.0	5.0	0.84718376	0.84718376	0.01890826	0.021192554	0.00079436175	0.0048159854	0.1456103	0.006496091	0.011787793	0.10337111	0.0010046522	0.00010409296	0.0012901734	0.0025580893	0.0039029839	0.003547095	0.0061714454	0.0015209609	0.0031062062	0.041009285	0.0074536623	0.0007902127	0.000982255	0.00051658833	0.00035474854	0.00051658833	0.08323824	0.0076020802	0.0042577074	0.0006544542	0.00025602573	0.0006935919	0.003904886	0.00092411257	0.0013877962	0.0007023213	0.0007023213	0.0006825852	0.002539236	0.0010670414	0.00034821397	0.002539236	0.00053742545	0.004117345	0.009291489	0.0002612075	0.00046580765	0.00024698526	0.005891398	0.0016677919	0.0025907208	0.007871755	0.0037909893	0.0049620145	0.00037791918	0.0017377678	0.00039416397	0.0011945628	0.00031523488	0.00084188266	0.00092046306	0.00022724153	0.0031536391	0.0007051324	0.0004213254	0.0025055704	0.00059942587	0.0055717872	0.0015288121	0.0005888986	0.0031536391	-21.23343276977539
s06e15c	150.0	5.0	0.8537217	0.8537217	0.021407297	0.016341524	0.00072203635	0.002233493	0.04823999	0.0025196811	0.0030879625	0.018554822	0.0009710745	0.00014958403	0.0037289914	0.0057577267	0.004823199	0.0010411851	0.0017299717	0.001159898	0.0007286119	0.029441439	0.0064666416	0.0034836442	0.0038988206	0.0076278453	0.0019776348	0.0076278453	0.05896476	0.0061620115	0.0029445507	0.0006594854	0.00046385478	0.00067608955	0.005114731	0.00042342758	0.00036760268	0.002126952	0.002126952	0.0015372495	0.0029925357	0.001801185	0.0004504169	0.0029925357	0.0014331043	0.013775151	0.03862893	0.0010382724	0.0009948754	0.00068635616	0.006863235	0.0042475187	0.005629243	0.1341112	0.0013993364	0.036652304	0.0006120679	0.0012811817	0.00065876177	0.00063985	0.0022144471	0.0013429815	0.0018197604	0.0011383009	0.0057398146	0.002466847	0.0027706532	0.011587703	0.001047227	0.0035951908	0.0018380493	0.0006514771	0.023649191	-22.024555206298828
s06e15c	155.0	5.0	0.8868607	0.8868607	0.007195314	0.18535565	0.0002256845	0.0010113395	0.0145038115	0.0022011015	0.0011578486	0.10664023	0.0006720937	0.00015975357	0.00372551	0.0039291694	0.0017120145	0.00069098914	0.0020146393	0.0003619425	0.001081265	0.095471494	0.020782625	0.0024852385	0.00092415436	0.00074738986	0.0013171968	0.0022054792	0.03173962	0.00227365	0.00091337354	0.00055613474	0.0004555139	0.000536249	0.00078013144	0.00092133525	0.00045835658	0.00085534784	0.0008290799	0.0007639134	0.0028699026	0.00058744807	0.00022426172	0.0028699026	0.0014089596	0.0031461378	0.014188377	0.000556425	0.00032684935	0.0010331589	0.001740117	0.0018623415	0.0015434023	0.0048518195	0.0032485751	0.0039314562	0.0005453837	0.003358809	0.001308379	0.0029289592	0.00013373871	0.00071445515	0.0015937346	0.0001353813	0.0030700252	0.00084998755	0.00057534745	0.00072504405	0.0015177737	0.00282665	0.002005909	0.0008633705	0.0042983554	-22.06070709228516
s06e15c	160.0	5.0	0.835648	0.835648	0.0041888445	0.037674136	0.00020369714	0.00089131226	0.04660238	0.0011538425	0.0030753931	0.03884172	0.0013990839	0.000342454	0.0051989676	0.002394953	0.0016371881	0.0033768963	0.0018703912	0.0016457041	0.0012500398	0.00541793	0.07785674	0.0028664388	0.0020591158	0.011005934	0.0031212352	0.011005934	0.072320096	0.003600199	0.0021862546	0.0013362647	0.00069195655	0.001093758	0.0016112677	0.0006141137	0.0019198341	0.0030015407	0.0014154831	0.0030015407	0.0075071594	0.0017806462	0.0008153516	0.0075071594	0.0010996499	0.0049596326	0.018689046	0.00064506155	0.00094197807	0.000548645	0.0071412274	0.0013135762	0.0068107075	0.006168381	0.0012024364	0.007232538	0.0007693161	0.0026907928	0.0015081011	0.0007226873	0.00041871925	0.0016096124	0.0026693703	0.0008761236	0.0016711393	0.0006107641	0.00052810175	0.0019052676	0.0023072471	0.014738949	0.0012128067	0.00067045685	0.0024451914	-22.315643310546875
s06e15c	165.0	5.0	0.7897798	0.7897798	0.011055637	0.025662575	0.000799044	0.0023970422	0.16436028	0.0018503105	0.0011739385	0.0077101276	0.0005280992	0.00068724994	0.0021844048	0.0015152841	0.002357473	0.00067514053	0.0009018136	0.0008000009	0.0030172262	0.06307075	0.006257564	0.006257564	0.0019265788	0.0063539357	0.0016768313	0.0063539357	0.052522365	0.008918162	0.0028661692	0.0011376749	0.00043410546	0.000871459	0.0029789642	0.00044749817	0.0004992345	0.004197896	0.004197896	0.0035552091	0.026303675	0.014538359	0.0006485398	0.026303675	0.0012019651	0.013366374	0.016361572	0.0037166553	0.0019270703	0.0028170377	0.0106892185	0.0011763828	0.0035340334	0.0011819989	0.0003617342	0.00033115264	0.00045447188	0.004330244	0.001016125	0.0041963	0.00025155253	0.0023808437	0.0007931269	0.00056494714	0.0010615061	0.00042732438	0.0006384593	0.0018619596	0.0013042234	0.01845925	0.0011938422	0.0003216358	0.0032852897	-20.779861450195312
s06e15c	170.0	5.0	0.7920834	0.7920834	0.008106243	0.03225964	0.0003062162	0.0010288085	0.0036773384	0.00029454514	0.0018644521	0.0036492464	0.00029022945	0.00025024117	0.0047391322	0.0041659595	0.00056416256	8.009496e-05	0.0012627442	0.0005727584	0.00031556142	0.000801752	0.005653093	0.005653093	0.00092326634	0.0038569097	0.0010520442	0.0038569097	0.051724814	0.004866189	0.0021189314	0.00061458704	0.000438348	0.0006789189	0.004208092	0.0002522841	0.00035415686	0.0015703137	0.00087427814	0.0010501087	0.0008587214	0.00038597584	0.00026399887	0.0008587214	0.0008943715	0.002132707	0.0023948823	8.304287e-05	0.00022286533	0.00040550152	0.00078382075	0.00087642454	0.0010153721	0.01474311	0.0013422429	0.010007139	0.0047324193	0.0061298683	0.002438545	0.012443376	0.00038030016	0.0013553371	0.0019138705	0.00012589715	0.003157872	0.0027119142	0.00080528675	0.00521093	0.0008230696	0.0073244395	0.004382183	0.00023079215	0.08215163	-22.02130508422852
s06e15c	175.0	5.0	0.8809076	0.8809076	0.04225769	0.015320087	0.0006096692	0.0024689047	0.39145756	0.0012554796	0.00080430356	0.0023209918	0.0018623894	0.00041022667	0.0025453386	0.0018904444	0.006768953	0.00140657	0.00067223975	0.0012542211	0.0012796255	0.039814755	0.009484817	0.0012925017	0.0029651045	0.0026217538	0.00080477353	0.0026217538	0.038961105	0.004393448	0.002620273	0.00042813455	0.00044073668	0.00062121666	0.0020192186	0.00031761295	0.00023303917	0.0020677173	0.0020677173	0.0013395968	0.009534398	0.0056407424	0.00031390003	0.009534398	0.0006772665	0.011323472	0.009215629	0.0008741678	0.00054068473	0.0011619793	0.0036819149	0.0010789093	0.0032136617	0.0020470347	0.00045912885	0.00067180395	0.00036791456	0.003053038	0.0006795171	0.009573297	0.000616496	0.00073598337	0.00073480356	0.00042899983	0.0018402595	0.0009037309	0.0004883924	0.0019390519	0.0012930306	0.0040026745	0.001038537	0.00012945234	0.0019390519	-21.99695587158203
s06e15c	180.0	5.0	0.7982989	0.7982989	0.028988244	0.06913788	0.0007277556	0.005023495	0.28966537	0.0015071651	0.0056487825	0.0023691333	0.0009404926	0.00057326956	0.00066532876	0.0066153365	0.0028940043	0.00060902396	0.0037277122	0.00094703416	0.016513743	0.060467172	0.004006195	0.004006195	0.0008021757	0.007852103	0.0013511736	0.007852103	0.076561876	0.01417603	0.0044200798	0.0011208139	0.00034312232	0.0012837002	0.0071869185	0.00047460565	0.00058032566	0.00079133693	0.0007178238	0.00051374023	0.0020833632	0.001063141	0.00014766207	0.0020833632	0.00068513054	0.003546633	0.0020117748	0.00049036636	0.000884249	0.0014354617	0.0032980056	0.00070473895	0.0008058525	0.003324753	0.00038193256	0.0013992551	0.0006121653	0.004162886	0.00031918805	0.0026599523	0.00018482297	0.0011050365	0.0006883876	0.00026531654	0.0015098613	0.0005115611	0.0005601131	0.0022644664	0.00055556785	0.0074173203	0.0059852325	0.00014339735	0.007151305	-20.22788619995117
s06e15c	185.0	5.0	0.88184214	0.88184214	0.05244165	0.13647167	0.00047199207	0.0036919813	0.028462248	0.0030583532	0.0025357106	0.0052992096	0.00072480954	0.00039479762	0.0026627874	0.0076603917	0.0016555167	0.0003837556	0.0013502447	0.0009410353	0.00083699345	0.007146635	0.0053084698	0.004514194	0.001454049	0.0027407242	0.001400867	0.007482026	0.045156416	0.0038175504	0.0009856598	0.00091637485	0.00071748387	0.0008763757	0.0017429331	0.00026269828	0.00039316816	0.009334414	0.0014732174	0.009334414	0.0038320194	0.001428817	0.0013144604	0.0038320194	0.0025055478	0.003559673	0.0030214505	0.00021244083	0.00013938372	0.0007652048	0.0018013411	0.0014370894	0.0011712494	0.0055949395	0.00045300866	0.0031419322	0.0009848234	0.008366885	0.0011092552	0.021880543	0.0006402337	0.00066338235	0.0020423438	0.00026590304	0.004483776	0.0008222676	0.0005448818	0.0014659564	0.0014898727	0.009375414	0.0021781889	0.00023849941	0.011456985	-21.733169555664062
s06e15c	190.0	5.0	0.8602914	0.8602914	0.012683985	0.028065175	0.0012801406	0.0011420692	0.16502918	0.00063909485	0.0059573906	0.051472917	0.00067751604	0.0004890749	0.00059509336	0.002531841	0.0060148863	0.002290902	0.0034393996	0.0029679548	0.0032467567	0.05424216	0.01263927	0.0020783213	0.0013757193	0.0014086685	0.0012248859	0.0014086685	0.055022765	0.0055146897	0.0041975495	0.00075923855	0.0005519055	0.000895358	0.0016966453	0.0005381267	0.00043196554	0.0011142227	0.00096757023	0.0011142227	0.004987113	0.0014315717	0.0005397	0.004987113	0.000734344	0.003807331	0.0035748428	0.00039066735	0.00026668806	0.00024698666	0.004262517	0.0012776465	0.002012268	0.010540369	0.0009642591	0.003758928	0.0007474272	0.002419424	0.0004830972	0.00200901	0.00041630297	0.00075176003	0.0013528474	0.00030173533	0.0018303234	0.0008170417	0.00082319503	0.0012862693	0.0012632109	0.0034644355	0.0035429343	0.00023945663	0.003742196	-19.92372703552246
s06e15c	195.0	5.0	0.8594674	0.8594674	0.006595227	0.2274346	0.0006749964	0.0010155791	0.0028593726	0.0011924754	0.0018951541	0.013321224	0.00043082458	0.00042079837	0.0024189868	0.004813212	0.0008937662	0.00026564737	0.0007665079	0.00071671105	0.0001355518	0.0011163492	0.0054435455	0.0044824868	0.000965524	0.0053382684	0.0018939865	0.0053382684	0.05617669	0.0038220573	0.0008859053	0.0005596717	0.0005843571	0.00062242267	0.002504833	0.00047880886	0.00039714744	0.0018582314	0.0009927782	0.0018582314	0.0012945598	0.00065962214	0.0002965822	0.0012945598	0.00074354484	0.00305734	0.0023706339	8.228236e-05	0.00019178537	0.00066814234	0.0011833768	0.00062713097	0.00075461855	0.0012969706	0.0005509728	0.002766188	0.0013503619	0.0074786446	0.0010122716	0.040082294	0.00018681854	0.0008449402	0.004213917	0.00019442326	0.00594034	0.0014524921	0.00053105317	0.00051308546	0.00060788327	0.0071355053	0.0014099958	0.00014293034	0.05085177	-20.74945068359375
s06e15c	200.0	5.0	0.92453384	0.92453384	0.01593929	0.20774575	0.00020904427	0.0044913623	0.24088925	0.000972285	0.002852636	0.01548454	0.0001346508	0.00012782864	0.001982412	0.0011706031	0.0030275038	0.0015862989	0.0029330575	0.00021312172	0.002968309	0.011352163	0.003906209	0.003906209	0.0006919407	0.0010756836	0.00034868668	0.0010756836	0.023215147	0.0027681314	0.0014951647	0.00042472608	0.0001448331	0.00032390922	0.0010028764	0.00033220943	0.00026316478	0.00037791792	0.00020340507	0.00037791792	0.0008368431	0.00025368456	7.002372e-05	0.0008368431	0.0005889915	0.001099107	0.0064667305	0.00029315113	0.00076998206	0.0006086984	0.0009992727	0.00080647244	0.0032567407	0.0024971375	0.0006233705	0.00083891134	0.0009541711	0.0025442457	0.0007565763	0.0021036502	0.00021412486	0.0008159361	0.00028245008	0.00012546689	0.00073279516	0.00023700105	0.00029132311	0.0020710495	0.0004107741	0.0016122812	0.003631638	0.00011431254	0.003631638	-20.738086700439453
s06e15c	205.0	5.0	0.76599294	0.76599294	0.0040057134	0.19124867	0.0009124498	0.00033720137	0.0011295473	0.0012555029	0.0015014132	0.011754689	0.0008410372	0.00054627855	0.0016592093	0.0017401916	0.00076809933	0.00018873067	0.0007624985	0.00041184807	0.00021730892	0.0005605633	0.0066998666	0.0066998666	0.0014716526	0.004779303	0.0013196542	0.004779303	0.04595542	0.0050285785	0.001284784	0.0007190288	0.0008497973	0.0007503562	0.0020912455	0.0006159073	0.0003762053	0.0017993023	0.0006153921	0.0017993023	0.00052010664	0.00030780735	0.00047058906	0.00052010664	0.0008715778	0.0015362559	0.002750506	0.00012272477	0.00016810976	0.00068874226	0.0012161244	0.0004407953	0.0008313	0.0012762613	0.0004954547	0.0014568946	0.0018269636	0.013399183	0.0010576064	0.026594032	0.00020194046	0.00076983497	0.0042377645	0.0001521492	0.0048899557	0.0008444275	0.0010114493	0.0014840467	0.00072461856	0.006091554	0.0008883626	0.00015350487	0.06723173	-20.967567443847656
s06e15c	210.0	5.0	0.86292845	0.86292845	0.0022782409	0.22209768	0.00023654482	0.00073425786	0.0016857673	0.0010427679	0.001165309	0.020639876	0.0024721858	0.00030158059	0.0013576774	0.0021701863	0.0010655249	0.0009745014	0.00048085564	0.0008921857	0.00022182865	0.00046576702	0.008484184	0.003691029	0.0008474789	0.0019092015	0.000763416	0.0019092015	0.07263833	0.0031606322	0.0008946902	0.00031006258	0.0004951155	0.00031842763	0.002700485	0.0014395152	0.0006570243	0.0023953482	0.0011693861	0.0023953482	0.0009571006	0.001279795	0.001401146	0.001279795	0.000570633	0.0033027488	0.014167197	0.00017574122	0.00023588896	0.00096834026	0.0045830742	0.00043312044	0.0018682203	0.009811457	0.002338204	0.0014003223	0.0012704373	0.0044652396	0.003228652	0.07357854	0.00018605361	0.0011269662	0.003349177	0.0004424392	0.006640962	0.002536491	0.0020019342	0.0035338958	0.0009570021	0.0033483256	0.00074562815	0.0003382152	0.021885198	-20.68897247314453
s06e15c	215.0	5.0	0.055705212	0.055705212	0.0007691933	0.0007862322	0.0004264021	0.0010599232	0.0039918707	0.0007116012	0.014854686	0.0012647532	9.602986e-05	0.00017638653	0.0008839487	0.004140066	0.00022730458	0.00055424764	0.0015424929	0.00094896386	0.01546886	0.004285143	0.0037354147	0.0037354147	0.00339495	0.0024026232	0.001489904	0.0024026232	0.72550917	0.31066722	0.29950446	0.0009178551	0.0006024701	0.0005132173	0.09850406	0.0004909341	0.0021997802	0.0012013128	0.0012013128	0.00094830414	0.0031957487	0.0049927644	0.00072440074	0.0049927644	0.0003272506	0.0040953155	0.0067383284	0.00093334366	0.0021019303	0.0006920983	0.005021624	0.0014625952	0.0011413264	0.0051384824	0.00019123519	0.0013664179	0.00027797927	0.00037117733	0.00073210767	0.00014994589	0.00031131343	0.0008676874	0.00035558656	0.000712723	0.0007439353	0.0008065431	0.008954714	0.0012531232	0.00051440246	0.0016944517	0.0011160121	0.00030255024	0.008954714	-19.74091339111328
s06e15c	220.0	5.0	0.8502526	0.8502526	0.007747615	0.12967063	0.0005389518	0.0016614113	0.039553043	0.003479796	0.0033566947	0.0154595245	0.0013459354	0.0007855877	0.0064781248	0.0018594506	0.0062154727	0.0011282208	0.0011638381	0.00073855097	0.00060693733	0.0063792802	0.019181313	0.009251539	0.0029653837	0.016820924	0.0058319955	0.016820924	0.06787018	0.006844922	0.002800043	0.0022419847	0.0009633372	0.0015526608	0.0015269498	0.00040467628	0.0006385904	0.0016677616	0.0011861868	0.0016677616	0.0011775554	0.0007671133	0.000826497	0.0011775554	0.0007614688	0.002288194	0.008044344	0.00056875776	0.0005633958	0.0014495205	0.0028662398	0.0010011737	0.0019088492	0.0027182228	0.0007409101	0.0007588067	0.00051095197	0.004371876	0.00054612185	0.0018526157	0.00046350912	0.0008916189	0.0031045973	0.0002338739	0.0024774855	0.00028765213	0.0005776877	0.0014454838	0.0004958698	0.0016812569	0.0008551242	0.00023181149	0.0035894166	-23.742582321166992
s06e15c	225.0	5.0	0.8540196	0.8540196	0.02900034	0.016773792	0.000673807	0.0017118354	0.1081071	0.00082478503	0.0017752125	0.034244403	0.0012989065	0.00020247606	0.0049291085	0.007473295	0.00462414	0.0015678484	0.0029174709	0.0009537298	0.0027518678	0.028074384	0.010177264	0.0025940237	0.0015096602	0.0010459662	0.0021597287	0.0021597287	0.02052542	0.0041799806	0.0016211664	0.00050930213	0.00021026487	0.0005464994	0.002475404	0.00028912915	0.000123743	0.004692418	0.0028995532	0.003249395	0.052535888	0.006973262	0.00047362156	0.052535888	0.00062760425	0.034729958	0.0027262955	0.0004654537	0.0012488212	0.0004948402	0.0033236423	0.0012675752	0.00071524334	0.014645856	0.00074627	0.0045509823	0.00083265087	0.0010600484	0.0010422162	0.031650245	0.00028238652	0.000981105	0.0014821951	0.0004321663	0.003418008	0.0024734067	0.00052978564	0.002197413	0.0013948014	0.070981294	0.0043619806	0.00066129555	0.010039901	-21.651172637939453
s06e15c	230.0	5.0	0.7017545	0.7017545	0.018775942	0.0035024981	0.0009669703	0.0067031076	0.06151877	0.0021460403	0.0035550469	0.006524882	0.00026298044	0.00071167614	0.0009327382	0.016399208	0.00056780665	0.0011877426	0.0014620967	0.0006790898	0.018805219	0.26629317	0.0038240333	0.0037833361	0.0017037091	0.008150094	0.0042003067	0.008150094	0.045080088	0.009852819	0.003444637	0.00070829573	0.0004467363	0.000816486	0.0054886676	0.0007709317	0.0008256272	0.0052320766	0.0052320766	0.0010311778	0.010336442	0.008661078	0.0004948772	0.010336442	0.0019118458	0.02542087	0.007796119	0.0015099226	0.0010185296	0.0010930226	0.010452699	0.003611424	0.0013406707	0.005979905	0.0002508692	0.0003275421	0.00048649576	0.0005642142	7.801954e-05	0.00038522357	0.00037889607	0.0016009917	0.00051117357	0.0005427892	0.0011197232	0.00027306558	0.0043100524	0.0015266278	0.0004524204	0.013444329	0.0006006904	0.0002662577	0.0047594467	-23.686847686767575
s06e15c	235.0	5.0	0.8017808	0.8017808	0.058945812	0.0061415257	0.00035515864	0.0023261972	0.1903378	0.0009799583	0.0036213929	0.0009945144	6.683975e-05	0.00030356093	0.0007579235	0.011545104	0.004635831	0.0007254733	0.0018183646	0.0004314291	0.00680186	0.24441214	0.007908196	0.007908196	0.0016708385	0.0034617041	0.0008185589	0.0034617041	0.026338631	0.0064246655	0.0035156554	0.0007418123	0.0003373522	0.0007213651	0.0024393327	0.00061880396	0.00023692085	0.001330116	0.001330116	0.00041038115	0.0029275974	0.0016147702	0.00012264359	0.0029275974	0.00090589357	0.007382932	0.0038486668	0.0012231021	0.0007693051	0.0010044469	0.0048564537	0.003215593	0.001373333	0.009178591	0.00010231058	0.0007039986	0.0011600091	0.0013315717	6.996825e-05	0.0005469152	0.00059633446	0.00072884455	0.00024538726	0.00025860587	0.0012342563	0.000571344	0.0009463459	0.002228235	0.0005220429	0.0026697794	0.006560596	7.586069e-05	0.025566569	-22.79658508300781
s06e15c	240.0	5.0	0.8743086	0.8743086	0.02078742	0.030604357	0.0009097518	0.008968028	0.09396957	0.004490648	0.0044079404	0.020990139	0.0020129813	0.00034645238	0.009043078	0.0074952063	0.0025598113	0.004711419	0.004111696	0.0017810845	0.00054391456	0.0030896214	0.012964381	0.00549181	0.00096648256	0.004498924	0.0006426843	0.004498924	0.030190585	0.0046732756	0.0036044181	0.0005217161	0.00038373473	0.00040965318	0.0012528677	0.0003793609	0.0002578618	0.0027012469	0.0017831279	0.0025954267	0.002204876	0.0012429619	0.0009564174	0.002204876	0.0018132603	0.003893565	0.011104877	0.00026089093	0.00023908704	0.0005878404	0.002598228	0.0050667915	0.001789988	0.08319662	0.00069613114	0.019807963	0.0012202384	0.0051900526	0.00037870253	0.0021626533	0.001942538	0.0007729893	0.0034741291	0.00022015396	0.0038228016	0.0016553687	0.0013930319	0.020180972	0.002051786	0.00384706	0.011145554	0.00047176916	0.027587315	-20.78044891357422
s06e15c	245.0	5.0	0.8542615	0.8542615	0.009334071	0.0025782	0.0001744886	0.0021853414	0.010967891	0.00055367796	0.002146453	0.016928557	0.00028346982	0.00014244951	0.0019860286	0.0022201966	0.00024111943	4.343457e-05	0.00062975916	0.000104099505	0.0015707151	0.016512673	0.009359722	0.009359722	0.00020735554	0.0013816837	0.0031908005	0.0031908005	0.058795527	0.006047863	0.0021338104	0.00053948944	0.00047247732	0.0008370652	0.0012076561	0.00055121025	0.00016306415	0.0018822727	0.0018822727	0.00023091676	0.06162687	0.0024861312	0.0001269268	0.06162687	0.00020219287	0.06563495	0.0015104486	0.0002270739	0.00057720504	0.000272179	0.001812771	0.00058487785	0.00052294234	0.0019209967	0.00014318599	0.0026006573	0.00026242866	0.00024663392	2.3447355e-05	0.00043295659	9.137786e-05	0.0004673871	0.00020225764	0.00014027157	0.0005502454	0.0005700239	0.00045905708	0.0006555951	0.0007878308	0.17763516	0.0008732728	0.00044140962	0.0035939866	-23.374032974243164
s06e15c	250.0	5.0	0.8624116	0.8624116	0.014565445	0.021112075	0.0005571696	0.0018835848	0.001327191	0.0010265044	0.0015334039	0.017689565	0.0008806964	0.00039561934	0.0036715146	0.0033643495	0.0014873784	0.00041391328	0.00028039163	0.00036354468	0.00015839786	0.0014807069	0.0072200517	0.0047453484	0.0013275424	0.006067938	0.004513648	0.006067938	0.038934726	0.004264659	0.0012879303	0.0005395853	0.0003529169	0.0010325571	0.001207141	0.0008396063	0.00020337422	0.012558088	0.0021211386	0.011994206	0.007128756	0.0015645169	0.0014391915	0.007128756	0.002246296	0.0032652528	0.004870377	0.0001437	0.00024769557	0.00052107894	0.0013743705	0.0017997298	0.0006141552	0.002975495	0.000672013	0.0014065948	0.0003545477	0.0074901925	0.00047125973	0.0050834026	0.00018558161	0.0020326143	0.0034307907	0.00016793609	0.021093711	0.00068231917	0.0002563836	0.0004869846	0.00078078813	0.004513294	0.0012793678	0.00076802395	0.021093711	-21.61093521118164
s06e15c	255.0	5.0	0.803977	0.803977	0.059699155	0.0033537464	0.00018867382	0.00471012	0.43042147	0.00073289574	0.0019925532	0.0005233782	0.00052087934	0.00038750182	0.00077937945	0.0012553983	0.009765217	0.0013551841	0.0028492836	0.00022656632	0.0130560305	0.036602635	0.0017732227	0.0011974176	0.0014686581	0.0053351223	0.00076892687	0.0053351223	0.033039223	0.015650773	0.009977252	0.0013180797	0.00057859754	0.0013248494	0.0047153966	0.00031361764	0.00029043015	0.0008448782	0.0008448782	0.0006855292	0.002804689	0.0016938257	0.00014207755	0.002804689	0.00069834146	0.0043068305	0.0031669876	0.0005613565	0.0014004676	0.0009090075	0.0034241371	0.0010515914	0.0013580098	0.0040285233	0.00021046384	0.0009965735	0.0009215723	0.0021925662	0.00018797925	0.001134966	0.00049240806	0.00078755827	0.0003946492	0.0002782195	0.0022773275	0.001153047	0.0005753313	0.0027043766	0.0005862883	0.0029213557	0.002792124	0.00018026744	0.002792124	-20.774843215942383
s06e15c	260.0	5.0	0.7897995	0.7897995	0.0039978754	0.021395648	0.00408332	0.0011243176	0.0048474427	0.0015181698	0.00744991	0.062084388	0.0010216035	0.00016360426	0.0062829554	0.009668317	0.0038377775	0.0008139714	0.006803712	0.00017248832	0.0003102731	0.0004200395	0.005804546	0.005804546	0.0006652298	0.0058393325	0.001492381	0.0058393325	0.039838895	0.0054940325	0.0015730283	0.0010194984	0.0004885724	0.00090049725	0.0019563856	0.0005938066	0.0005269598	0.0011889838	0.00050774374	0.0007710511	0.0013934107	0.00024492724	0.00017684088	0.0013934107	0.001129615	0.0007947838	0.00591029	0.00014694335	0.0006446412	0.00031857885	0.0013070867	0.0013333648	0.0020962679	0.030113282	0.000603151	0.008351667	0.016862873	0.0010858745	0.0008398479	0.002680959	0.00030367612	0.00050266815	0.000704957	0.00019167204	0.0022027788	0.005182102	0.0007243565	0.01314624	0.0039888816	0.003637336	0.025685895	0.00021149035	0.025685895	-24.17774200439453
s06e15c	265.0	5.0	0.8446369	0.8446369	0.003865001	0.034874547	0.0002964841	0.0010265645	0.0062260996	0.0006843106	0.0028116608	0.074338414	6.998019e-05	6.6281944e-05	0.02649327	0.07199359	0.0006721837	0.0002492135	0.00319064	0.00074902875	0.00097654527	0.0017581449	0.17678942	0.038442157	0.0024509346	0.0022418268	0.00055305584	0.0022418268	0.10457545	0.002471473	0.0011483665	0.00026020032	0.00044734208	0.00025284136	0.0013087228	0.002243011	0.00028879417	0.0011244162	0.000467404	0.000505505	0.0002506227	5.9438902e-05	0.0001328348	0.0002506227	0.0012958322	0.0008019449	0.0011681558	3.7675625e-05	9.2988135e-05	0.00027131106	0.0009390711	0.0050589396	0.00048617614	0.061375264	0.000978009	0.098804936	0.0041829213	0.0020322797	0.00062631984	0.0019832803	0.00044179396	0.0005386167	0.0010422519	0.00017846741	0.0027922315	0.0007065971	0.00019443365	0.05231161	0.0008240933	0.0020266396	0.008689497	0.00031844797	0.08775249	-23.59907531738281
s06e15c	270.0	5.0	0.8704598	0.8704598	0.0059292307	0.084097765	0.0006718436	0.00063908723	0.0034108544	0.002421742	0.013612184	0.028680207	0.0007802771	0.0003053402	0.011379817	0.0029540367	0.0020454475	0.0004964562	0.0050008986	0.0005195871	0.00030851655	0.0004984513	0.010273479	0.010273479	0.0010849227	0.0027442323	0.0047678314	0.0047678314	0.023487898	0.0055622263	0.0029546404	0.0012233433	0.0006185884	0.0007520678	0.0025656961	0.0010587324	0.00054959604	0.0017923539	0.0006211068	0.00067718903	0.00089663087	0.00038073873	0.0002457052	0.00089663087	0.0015377459	0.0014108388	0.0025697837	9.91881e-05	0.00023255021	0.00018000054	0.0008087912	0.0007144925	0.00054094376	0.007686389	0.0007090204	0.004508744	0.006766549	0.003603028	0.0014442386	0.02554406	0.001186006	0.0004916914	0.008157267	0.00015022953	0.0019163096	0.0012709892	0.0018673463	0.0032649608	0.00093088887	0.019410841	0.0021035352	0.000980691	0.0061686737	-22.122764587402344
s06e15c	275.0	5.0	0.8133403	0.8133403	0.042129245	0.007205325	0.0005484753	0.007299173	0.44795176	0.0013989526	0.0011769376	0.0022162443	0.0006330044	0.0003200733	0.0012282097	0.0014554675	0.004737284	0.002064631	0.0010504159	0.0008207212	0.0036790369	0.10641587	0.003157767	0.0024253295	0.003157767	0.0015561671	0.00050745055	0.0015561671	0.050030507	0.011548005	0.0031959084	0.0014320182	0.00059533585	0.002036675	0.006497134	0.0008244043	0.00068920746	0.0011708144	0.0011708144	0.0006240508	0.0045479247	0.0024324919	0.00025862755	0.0045479247	0.00072911865	0.00653986	0.0072233714	0.00059519085	0.0007062255	0.0005991968	0.005696431	0.0012330908	0.005368179	0.0028756477	0.00027815823	0.0005668241	0.00068826193	0.0021368098	0.0006438525	0.0024441285	0.0006765694	0.00078394177	0.00018922368	0.0002999616	0.0055958442	0.0017595356	0.0014334687	0.0046912376	0.0012438418	0.0048250025	0.0016691635	0.00024765634	0.0055958442	-19.80520439147949
s06e15c	280.0	5.0	0.3688197	0.3688197	0.027182898	0.00903562	0.00017012154	0.004371328	0.048517898	0.00044274676	0.003773124	0.0037441826	8.286663e-05	0.00026131413	0.0034270007	0.005580296	0.0039472906	8.318388e-05	0.005604177	2.5416131e-05	0.09928324	0.06425365	0.0021337983	0.0021337983	0.00055857765	0.008923542	0.001837047	0.008923542	0.06390302	0.025776982	0.006091312	0.0011319623	0.00027711186	0.0012985478	0.003021235	0.0003759502	0.0002871433	0.00057238614	0.00057238614	0.0002787428	0.012216048	0.0008389601	7.8677615e-05	0.012216048	0.00051967724	0.0054788226	0.0037306088	0.00049850525	0.00027971718	0.00057058514	0.0028194268	0.0003397041	0.0012806777	0.0048946706	0.00017221321	0.0009799196	0.0008715351	0.00047164125	0.0003949642	0.0011067383	0.00046922782	0.00044849663	0.00033668915	0.0001919385	0.0008086602	0.00041110927	0.0002209619	0.00065899786	0.00037395512	0.17494676	0.0011748004	0.00054311473	0.0040975004	-22.756223678588867
s06e15c	285.0	5.0	0.84004575	0.84004575	0.0011493525	0.006519843	0.00020688532	0.00012610933	0.00018538546	0.000935939	0.0009062574	0.010006289	0.0002424029	9.305928e-05	0.0011409046	0.0008820598	0.00444024	0.00015963374	0.00020704951	3.1687756e-05	3.519884e-05	0.00013574892	0.0024545349	0.0024545349	0.00031716478	0.00023154377	0.0005744001	0.0005744001	0.5001972	0.0050632902	0.0011547705	0.00072289904	0.00018091266	0.00076729537	0.0011110605	0.00068694516	0.00031156224	0.0013687003	0.0005182069	0.00036070764	0.0033109398	0.0005909388	0.00013546227	0.0033109398	0.00026289068	0.008244402	0.00028728077	5.4626253e-05	8.160449e-05	0.00013899895	0.00067307823	0.00018881349	0.0001649245	0.00043078922	0.00074856135	0.0007396977	0.003488334	0.00022824755	0.00015085195	0.0010938253	9.798609e-05	0.00029825032	0.0003779264	0.00016883167	0.00029070495	0.00031050807	8.5536994e-05	0.0006338282	0.0018875505	0.4058499	0.0005905224	0.00024086623	0.007110133	-24.61302757263184
s06e15c	290.0	5.0	0.8866899	0.8866899	0.010053498	0.12707849	0.0012682467	0.0016152668	0.32425484	0.0014980484	0.003131839	0.0036263862	0.00034176258	8.722092e-05	0.0065905023	0.0016178187	0.005650834	0.003065538	0.0009613823	0.0025567973	0.00036175468	0.010632012	0.007495504	0.0033996755	0.0033839406	0.0018198453	0.00066388963	0.0018198453	0.22560015	0.013423631	0.004812533	0.0012563727	0.00053077884	0.0010108805	0.0045835376	0.00020860604	0.0019557283	0.00084232487	0.0005065869	0.00084232487	0.0007296966	0.0007081807	0.00031577933	0.0007296966	0.00068767776	0.002134635	0.0032275165	0.0002126216	0.00038472333	0.00032709524	0.003823381	0.00035744754	0.0025583885	0.009132354	0.0008700519	0.0019177812	0.0010105984	0.011088065	0.00079906	0.012504652	0.00035466705	0.0006422143	0.0003753119	0.00045147887	0.0020462964	0.00075448654	0.0005870471	0.0023307842	0.0022189082	0.0028984342	0.0019125975	0.000101123	0.0023307842	-23.30302047729492
s06e15c	295.0	5.0	0.8891609	0.8891609	0.02419814	0.07499966	0.00070481154	0.0016329593	0.37201732	0.0033032824	0.0015356834	0.007054567	0.0004771536	0.00020517703	0.004250714	0.0017350699	0.0021705725	0.0014647947	0.0032977515	0.0005242704	0.0026689642	0.037022732	0.004327642	0.00242594	0.0013814904	0.001303096	0.0008703367	0.001303096	0.36337072	0.014239591	0.0043859915	0.0015869152	0.00030628513	0.0016311405	0.006181907	0.00025035618	0.0014969149	0.0013393379	0.00050214236	0.0013393379	0.001107914	0.0010379297	0.00027505585	0.001107914	0.00079091935	0.0028754945	0.004589529	0.0005389431	0.0010903422	0.00059696654	0.004284691	0.0017160925	0.0021280816	0.004038661	0.0011497171	0.0019399177	0.0009231314	0.0056605036	0.0018438534	0.010558343	0.00048073372	0.0008248487	0.00033089766	0.00028314625	0.001393144	0.0010783764	0.00048108166	0.001646653	0.0018996096	0.010544706	0.007450583	6.753555e-05	0.007450583	-21.27557373046875
s06e15c	300.0	5.0	0.87982935	0.87982935	0.032164466	0.017051198	0.00082762557	0.0017954482	0.052026913	0.0044125635	0.0029238446	0.0050691045	0.0019998983	0.00061735924	0.015876034	0.008167246	0.010339632	0.0009091348	0.0013724015	0.0009138915	0.0006038872	0.0017941276	0.05881292	0.05881292	0.0073507307	0.004354066	0.0031496948	0.006663137	0.13960181	0.006222339	0.00159898	0.00070058927	0.00016363873	0.000488527	0.00071774994	0.00046562677	0.0005523862	0.0013470214	0.0008270776	0.0008425082	0.0019615635	0.00083693885	0.00037266576	0.0019615635	0.0014382647	0.005557396	0.0071820826	0.00084189273	0.00056373904	0.00063779484	0.0039537656	0.0018097734	0.001432422	0.01369539	0.0003520407	0.0017052654	0.0013432518	0.009542989	0.00024565388	0.006077848	0.0009305812	0.0010935164	0.0010890928	0.00028892883	0.0036847617	0.0010829123	0.00028073348	0.005158502	0.0009854636	0.008183817	0.0036035022	0.00012669366	0.0066414587	-24.08304214477539
s06e15c	305.0	5.0	0.7768406	0.7768406	0.024987075	0.028037574	0.0008517473	0.003805622	0.22421432	0.0050687655	0.0061314427	0.0054346235	0.0013278294	0.00020855869	0.010736388	0.0059369365	0.006127667	0.002647583	0.0010051726	0.0013436095	0.004048758	0.024106942	0.005660456	0.005660456	0.0042346464	0.0014071828	0.0005070062	0.0014071828	0.037700526	0.0025394848	0.0006822671	0.00039624737	0.0003007075	0.0004864385	0.0015237617	0.00014323514	0.0003705026	0.00084825326	0.0004935445	0.0003602248	0.0006594399	0.000514104	0.00022431176	0.0006594399	0.00045487104	0.0015190099	0.003607123	0.00043962998	0.0007687086	0.00038773997	0.0037356704	0.0006994378	0.0020235616	0.048681263	0.0001660106	0.0026233091	0.0012861706	0.0034475322	0.00027869496	0.0032425574	0.00023574237	0.00045483588	0.00048437124	0.0002783633	0.0018413503	0.00066535943	0.00552798	0.013515711	0.0012982188	0.0023131853	0.0058484245	0.00020798361	0.022048155	-23.385610580444336
s06e15c	310.0	5.0	0.8331667	0.8331667	0.036048118	0.0025204434	0.0021149907	0.0016719939	0.40021828	0.0014029919	0.004804832	0.0054299706	0.00038884042	0.00012503097	0.0023935556	0.0011018278	0.0009492017	0.002839685	0.0030196272	6.840734e-05	0.0023509401	0.013498988	0.0051663537	0.004856076	0.0009578564	0.0022455673	0.00054544554	0.0022455673	0.7227872	0.029227735	0.0063157645	0.00487991	0.00036702893	0.004491793	0.0072289063	0.0012192833	0.0011193239	0.0025040777	0.0003417644	0.0025040777	0.0035836382	0.001557267	0.00029692397	0.0035836382	0.00064612535	0.001920884	0.005251179	0.00023807207	0.00020392919	0.0002559254	0.0017145829	0.0015718365	0.0015539342	0.0050458806	0.006054279	0.0006680469	0.0010883927	0.0063479505	0.0002851749	0.00048531077	0.0015348976	0.0010391952	0.0012275501	0.00013464734	0.0038788256	0.0014703535	0.0002250384	0.0027842103	0.003859655	0.0074195354	0.008638283	0.00021272663	0.008638283	-22.79550552368164
s06e15c	315.0	5.0	0.8644418	0.8644418	0.011930661	0.30036327	0.00047146302	0.0007723391	0.02076075	0.01581952	0.0043919403	0.007855611	0.0019507256	0.00031290387	0.09214796	0.0013965772	0.00281053	0.0006190711	0.00050112983	0.0024630094	0.0011742136	0.003279803	0.005649457	0.0040421644	0.0031796426	0.0012743288	0.0013015213	0.0014868404	0.2516725	0.016527766	0.002344205	0.0018702886	0.00039299615	0.0015931801	0.003325614	0.0006646753	0.0011047954	0.0014634604	0.0003277361	0.0014634604	0.0007757876	0.00035422132	0.0005068755	0.0007757876	0.0011414591	0.00163317	0.0047870185	0.0003897116	0.00039080146	0.00064171903	0.003997674	0.0006205223	0.0022860463	0.0019130656	0.0003586024	0.0012091785	0.0011780985	0.0071663368	0.001010387	0.0053578117	0.00042938607	0.00054004736	0.0002695573	0.00032402505	0.0010512072	0.00038681182	0.00046282215	0.00062758033	0.002836441	0.009468132	0.0013744575	0.00013570272	0.0033633325	-23.68558692932129
s06e15c	320.0	5.0	0.91531944	0.91531944	0.03516443	0.02938191	0.0012118437	0.0020973324	0.11000186	0.0013865498	0.0027377075	0.0025743013	0.0003023905	0.0007414444	0.005639491	0.0031291426	0.0015754115	0.000365231	0.0010126183	0.0042942143	0.0014486781	0.0024653443	0.17825058	0.0025837363	0.0036571836	0.0119294245	0.0008294651	0.0119294245	0.47552267	0.017779715	0.0075275903	0.0014504947	0.0011881816	0.0007895691	0.0033292181	0.0023580268	0.0009911365	0.0010361405	0.00033618463	0.00087991636	0.001995343	0.000509414	0.00018077574	0.001995343	0.0033340282	0.0029245273	0.008783986	0.0006580922	0.0014086108	0.0011582997	0.004216491	0.00095391745	0.0028902432	0.00713333	0.00064745935	0.0009972806	0.00068410387	0.04681503	0.0007586961	0.00036228533	0.00029146398	0.0071670557	0.0044857543	0.00111722	0.012026944	0.0014974916	0.00032442596	0.00073277036	0.0049232114	0.011678278	0.0018202151	9.23761e-05	0.012026944	-20.57575416564941
s06e15c	325.0	5.0	0.8336987	0.8336987	0.022544459	0.038113706	0.0005184339	0.0019248045	0.05270251	0.0061094915	0.005559273	0.0024828482	0.0018110151	0.0008639806	0.022036133	0.0012448041	0.0022931788	0.001794136	0.001372553	0.0004141694	0.00066299364	0.0033593886	0.0029157472	0.0013856865	0.0029157472	0.0007066978	0.0006323505	0.0007066978	0.5772426	0.034702834	0.010975229	0.0037595155	0.0006262834	0.0028850178	0.013951342	0.0033910885	0.001919054	0.0017118108	0.0011018746	0.0017118108	0.00064476504	0.0017900433	0.00046222052	0.0017900433	0.0015473268	0.0036692584	0.013945386	0.0014923526	0.0005612594	0.0012133406	0.005059451	0.0008378529	0.0026195054	0.008150711	0.017956706	0.0018734506	0.0012034683	0.0073929965	0.0008742494	0.0012697405	0.0004875317	0.0015879521	0.0023453003	0.0009568553	0.0021606167	0.0007507349	0.00057149323	0.004601683	0.010955841	0.0025474217	0.007698787	0.0002094403	0.010955841	-22.067821502685547
s06e15c	330.0	5.0	0.8507242	0.8507242	0.017073127	0.05787928	0.006330844	0.0031667121	0.18296789	0.035922553	0.0016441655	0.021850942	0.00047643573	0.0030547993	0.076114	0.0009333614	0.029884607	0.0029982189	0.0006942843	0.00013995853	0.00088286796	0.006648065	0.03104976	0.03104976	0.0027236212	0.005292633	0.00083188247	0.005292633	0.0709555	0.0050429516	0.0013113056	0.0009956235	0.0002800459	0.0008393495	0.0019011336	0.0010677797	0.0006335452	0.0011787529	0.0005088249	0.0011787529	0.0010017524	0.0012160531	0.00033437772	0.0012160531	0.0007050696	0.0020292327	0.006743009	0.0012984291	0.0030201208	0.0023886203	0.0042151236	0.0011868865	0.0011526243	0.0012314551	0.0024131874	0.0006943713	0.0005418985	0.003317256	0.000682103	0.0015339523	0.0002511353	0.010851412	0.0024359864	0.0031525032	0.0038769448	0.0011623113	0.00095826585	0.0016695139	0.004564614	0.0016883453	0.0019066209	0.00017495989	0.0079636825	-21.298444747924805
s06e15c	335.0	5.0	0.862266	0.862266	0.08492941	0.016775576	0.0005315649	0.00032726777	0.003919998	0.0007963326	0.0014937998	0.0032041157	0.00012108253	0.00052747893	0.015419419	0.0031797604	0.00016855789	0.0004835966	0.0014646628	0.00017601758	0.00021554602	0.0019591518	0.012210606	0.009888909	0.0056867804	0.016313417	0.003972238	0.016313417	0.09004985	0.012237401	0.0034378243	0.0030133147	0.0013425216	0.0027138907	0.002846585	0.0009596605	0.00024905082	0.005821872	0.0011313985	0.0013379125	0.00094750937	0.00062421086	0.0004054041	0.00094750937	0.0015074571	0.0024294714	0.0048185275	0.00096976216	0.00047311207	0.0014675577	0.0050311745	0.001288205	0.0016179512	0.006960337	0.0004757142	0.0012790699	0.0005241845	0.0046285954	0.0011906617	0.006061287	0.00032479796	0.0015597236	0.0031435578	0.00073306303	0.0061794696	0.0030257124	0.0004332493	0.00056265894	0.0008996658	0.0059353495	0.0013717506	0.00021761951	0.0061794696	-21.96626663208008
s06e15c	340.0	5.0	0.82656294	0.82656294	0.011637891	0.070580006	0.0002886023	0.0022713633	0.31018168	0.00074106193	0.0021042968	0.004242494	0.00012075829	0.00038947168	0.0008418771	0.0026833937	0.0014389998	0.0008252469	0.0010746246	0.00085367303	0.009554588	0.17045087	0.004716565	0.0033244432	0.0016556681	0.008170039	0.0010473222	0.008170039	0.053183872	0.0048756097	0.0018156819	0.0007932225	0.00033640908	0.0007497443	0.0019351948	0.0006045483	0.00065686216	0.0009861469	0.0009861469	0.0009371544	0.00383258	0.0015943828	0.00021954396	0.00383258	0.00048270734	0.004045312	0.0074981614	0.0013188431	0.0006139814	0.00087209453	0.007600476	0.00066590915	0.0031067112	0.0028508108	0.00033583533	0.0005573547	0.0011772413	0.0021946775	0.0005867318	0.0012840134	0.00024976942	0.00090248144	0.00057043094	0.00042423847	0.0011567941	0.00036124652	0.00044033438	0.0012163642	0.00035243222	0.0033672254	0.0023360315	0.000100039586	0.0066188625	-20.451967239379883
s06e15c	345.0	5.0	0.36446923	0.36446923	0.011862317	0.008817362	0.00061557133	0.0003278111	0.0024485781	0.0021331222	0.019521073	0.0058577806	0.00012249316	0.00016808059	0.0035675534	0.0025205922	0.00086119433	0.000137987	0.0010618288	0.000107253894	0.001395366	0.0012055644	0.00684231	0.00684231	0.0014393732	0.0038323053	0.0018893111	0.0038323053	0.705663	0.2832585	0.028661402	0.19729999	0.0019240222	0.098315515	0.021159139	0.0070616077	0.013674008	0.009039356	0.0016043321	0.009039356	0.0029132196	0.0038235756	0.0017465275	0.0038235756	0.0010320344	0.008348966	0.0017212172	0.001013305	0.0014428638	0.00018362587	0.0074122036	0.0016199859	0.0005259833	0.0006411539	0.0010979725	0.002349365	0.00032054784	0.0005854228	7.582511e-05	0.0003521983	0.00032771862	0.0015987715	0.0005797521	0.000843278	0.002349015	0.00027604576	0.00037351385	0.0012970695	0.002261667	0.005903175	0.0019798789	0.0001435258	0.0036054302	-30.65391731262207
s06e15c	350.0	5.0	0.76113105	0.76113105	0.031879745	0.0036765556	0.00087433105	0.0025183896	0.57610255	0.0064150114	0.0115093645	0.0011195366	0.0009888955	0.001027405	0.012413481	0.0010484683	0.002442456	0.002811753	0.0010512217	0.0003255885	0.0021333739	0.030191954	0.014940285	0.004792112	0.014940285	0.009882804	0.0016508374	0.009882804	0.07513123	0.018483793	0.007276984	0.0014983794	0.00054624054	0.0016108588	0.0023540133	0.00022669965	0.0005150256	0.0007433174	0.00037674114	0.00068764534	0.0022064007	0.00089723506	0.00020456366	0.0022064007	0.00073878927	0.0030180255	0.01337415	0.00039405125	0.00085354975	0.0006101284	0.014459889	0.0005468649	0.011349064	0.004545937	0.0001167814	0.0027510044	0.0009905824	0.012758125	0.00036792192	0.0031977592	0.0008649881	0.0010829949	0.00020786902	0.0020057946	0.0020879882	0.003532442	0.0008332375	0.0054326444	0.0014898281	0.0012711061	0.00070529396	0.00020546715	0.0057931812	-22.59657859802246
s06e15c	355.0	5.0	0.92994326	0.92994326	0.05744334	0.17108583	0.00058194075	0.0013367363	0.1392602	0.0064978087	0.0025966775	0.013838168	0.00029474488	0.00061544543	0.02880583	0.0047113607	0.0036384924	0.003986647	0.0024809784	0.0005553691	0.0014406602	0.020305386	0.007836853	0.0044816313	0.0020707105	0.0028247233	0.0016577328	0.0038478149	0.018074002	0.005815078	0.0022519522	0.00089694536	0.00029550798	0.00074224436	0.0013999948	0.00029062293	0.00018370188	0.0032332297	0.0012373592	0.0032332297	0.0031136938	0.0008549185	0.0006713306	0.0031136938	0.0023220477	0.003619807	0.0033579313	0.00046996147	0.0002201508	0.00049783924	0.0020373885	0.0018039132	0.0018922674	0.006819648	0.00034677307	0.0030281371	0.0009935881	0.003609527	0.0005219984	0.03719096	0.0013950638	0.00062143995	0.0018494135	0.00023253847	0.0019630333	0.0009633831	0.00053601933	0.0012614345	0.0017808456	0.013718615	0.0006766259	0.0005277482	0.0027178726	-23.589637756347656
s06e15c	360.0	5.0	0.7862448	0.7862448	0.042856604	0.009872978	0.0011052492	0.0024306239	0.27238962	0.00072061305	0.0027915	0.002026094	0.00092418835	0.0001316707	0.0009292663	0.002104909	0.0022414003	0.00092680857	0.001466103	0.0005960322	0.0050360467	0.08928682	0.003853192	0.0020993813	0.00244491	0.003223316	0.0009599106	0.003223316	0.05258115	0.0111525925	0.0033451573	0.00087715307	0.00031677165	0.0010269167	0.017579675	0.00060630456	0.00035488367	0.00061305694	0.00061305694	0.00028116367	0.0018481701	0.00080591696	0.00012044043	0.0018481701	0.0004805633	0.0053747627	0.0043788366	0.00044202228	0.0008766258	0.0003458559	0.0018555624	0.00076884555	0.0016301343	0.018348545	0.0016945694	0.0063201715	0.00091183453	0.0022359043	0.00076286873	0.0013757043	0.00032010564	0.0005496421	0.0008353438	0.00038277276	0.0023215131	0.0050916616	0.0012398155	0.0020882038	0.0014611237	0.0035701375	0.0087101655	0.000274023	0.0087101655	-21.061824798583984
s06e15c	365.0	5.0	0.8994411	0.8994411	0.0061573237	0.07387779	0.00021176296	0.0031604506	0.050404835	0.0005973561	0.0064425543	0.02942222	0.0005353377	0.00011739895	0.002987201	0.0037015527	0.0025752	0.0031719063	0.0018886414	0.0030912287	0.0012178725	0.0051757484	0.16963948	0.0031004322	0.0011024661	0.0030081875	0.0011129333	0.0030081875	0.027181383	0.0029668573	0.0022906011	0.0004064119	0.0003261241	0.0003763276	0.0014742463	0.00016891203	0.00020178648	0.0011215119	0.0011215119	0.0010540611	0.0021526774	0.00076001673	0.00020976306	0.0021526774	0.0006543869	0.0037192802	0.008405801	0.00019221246	0.00023771822	0.00022536499	0.0016335625	0.0017850199	0.0025196234	0.026658656	0.00021483467	0.008125554	0.00093235745	0.0011699683	0.0004195461	0.0004426805	0.00042043792	0.00044945403	0.00053154666	0.00040286142	0.0009742425	0.0003418747	0.00039746708	0.0039321487	0.00083816267	0.0028605284	0.0035520887	0.000197375	0.042825565	-22.296592712402344
s06e15c	370.0	5.0	0.87035334	0.87035334	0.034198526	0.015606288	0.00076069776	0.0022503585	0.24787894	0.003921814	0.002953847	0.0047780536	0.008207465	0.0007579279	0.01210005	0.0048196297	0.0058711967	0.0091486955	0.0015262638	0.0014173586	0.003081506	0.056185022	0.01395651	0.0070551615	0.0033436345	0.00405965	0.002197691	0.00405965	0.04485438	0.008520901	0.004747407	0.0015949166	0.0006039606	0.0017855485	0.0026361283	0.00034784502	0.00039493068	0.005625833	0.0021310362	0.005625833	0.020316103	0.004962801	0.0012360894	0.020316103	0.0018550378	0.0055742105	0.0029649679	0.0009776582	0.0006613686	0.0007681199	0.0069022006	0.0008530948	0.0013699672	0.0025343252	0.00027487418	0.0021891212	0.00043826507	0.005089626	0.00029003088	0.0046305116	0.0005200895	0.00079833926	0.00091377925	0.00036080737	0.0016966002	0.0006702764	0.00088423636	0.0029129484	0.0010256056	0.0076201754	0.0011113187	0.000696148	0.003113962	-24.380905151367188
s06e15c	375.0	5.0	0.8426864	0.8426864	0.04768102	0.0029256146	0.00062838057	0.0024668023	0.15238608	0.0009275007	0.0037404152	0.0056767166	0.0011088928	0.0004895836	0.0029256064	0.0036277801	0.0029251988	0.0012571717	0.005056545	0.0020303233	0.009090229	0.027079076	0.022148823	0.0026297674	0.010994594	0.0048166667	0.0008389865	0.0048166667	0.04202132	0.007741488	0.003668584	0.0010296421	0.00071326183	0.0013266678	0.005108133	0.00051222154	0.00038653976	0.0026465268	0.002064399	0.0026465268	0.017071333	0.0033154811	0.0006806724	0.017071333	0.003457295	0.012990645	0.0036693455	0.00077477464	0.00042705683	0.00032211296	0.002232998	0.002042166	0.0024210624	0.01982266	0.00024666428	0.004290917	0.0009861831	0.0028974363	0.0010538016	0.001382615	0.002353045	0.0012993681	0.00028282005	0.00084327284	0.008153633	0.0030010028	0.00095148076	0.008378778	0.0017680344	0.01952213	0.003763261	0.00059393287	0.030681245	-21.408079147338867
s06e15c	380.0	5.0	0.84179014	0.84179014	0.022030026	0.119732305	0.0012786947	0.0010250703	0.20891139	0.010910728	0.003634852	0.019349057	0.0007973315	0.0004519265	0.098823234	0.0033020675	0.004322299	0.00458729	0.0024979252	0.0025053977	0.0039928397	0.014619462	0.00967292	0.00967292	0.003855591	0.0019534223	0.0007946785	0.0019534223	0.09979295	0.011085602	0.002807506	0.0009946555	0.00019454138	0.00077476545	0.002091777	0.00027650304	0.00081201526	0.0026059092	0.0021755914	0.0026059092	0.011459005	0.005222838	0.0005488683	0.011459005	0.00062074675	0.008000076	0.0053834314	0.00081458205	0.00057157985	0.00041513113	0.008183598	0.0008024701	0.0014142158	0.0038871272	0.00029937222	0.000990623	0.0019046793	0.0067472416	0.0019253633	0.0041014287	0.00016270381	0.00053009274	0.00039748338	0.0003363616	0.0008408088	0.00035504726	0.00070417306	0.0038420474	0.0011659391	0.022658959	0.0019028364	0.00025288644	0.0038420474	-23.53086280822754
s06e15c	385.0	5.0	0.7652102	0.7652102	0.06712587	0.004509968	0.00010060803	0.007245601	0.36699736	0.00067473913	0.004112405	0.0009807046	0.00062614883	0.00024752086	0.00064643024	0.005725611	0.0027276857	0.0012048101	0.0021043338	0.00075934845	0.008631512	0.09327566	0.013166242	0.0040010437	0.0016906471	0.001815746	0.0003710086	0.001815746	0.058444187	0.0073591867	0.003368091	0.00075502845	0.00038202398	0.0009415093	0.0044553876	0.0005245001	0.00051729195	0.0015738178	0.0015738178	0.0010766755	0.0019604417	0.002103487	0.00051797455	0.002103487	0.00082592503	0.008140672	0.0055790893	0.0013881649	0.00067986496	0.00044949088	0.00945397	0.0013527387	0.002020219	0.0071202284	9.700703e-05	0.0014668124	0.00095384795	0.0015667411	4.954099e-05	0.0003517012	0.00034620575	0.0016429416	0.00058114645	0.00036636597	0.0016854368	0.00030679686	0.0019302004	0.008498705	0.0010442606	0.0012021089	0.0030275816	0.00020408285	0.008498705	-20.104063034057617
s06e15c	390.0	5.0	0.039811883	0.039811883	0.000553722	0.00071481336	0.0011024835	0.0028473076	0.0021048628	0.00045234925	0.021826433	0.0017446672	0.0001414622	0.00010640553	0.0005672224	0.0061989506	0.00029169387	0.00017659269	0.0013948791	0.00044341155	0.0067138695	0.0049255365	0.0052464167	0.0028997986	0.0010157959	0.012577386	0.0037810921	0.012577386	0.77591056	0.15959372	0.10649094	0.0008766137	0.00027623953	0.001517463	0.0910985	0.0005295267	0.010697502	0.0010148155	0.0010148155	0.000726599	0.008279882	0.002963119	0.00032110544	0.008279882	0.00030190338	0.0076912353	0.008799286	0.00024257395	0.0018829315	0.0005435062	0.0042531975	0.0025587038	0.0014678227	0.0015518552	0.00017472083	0.0017361225	0.0010004367	0.0007349839	0.0018684346	0.00053193566	0.00034169678	0.0011335205	0.00056785584	0.0005302911	0.0016664371	0.0027717866	0.0019296382	0.0023313055	0.0008083027	0.0035070279	0.0022915986	0.0004147069	0.011411942	-21.17782974243164
s06e15c	395.0	5.0	0.7684445	0.7684445	0.014979409	0.008871829	0.0012547798	0.0025414482	0.103164904	0.00074869796	0.014477866	0.005527471	0.0008714989	0.00023421887	0.0015256434	0.0016057411	0.0020760421	0.0011507927	0.0023909826	0.00019877238	0.0023183357	0.008209045	0.003009452	0.0011929913	0.002160692	0.0017462183	0.000466792	0.0017462183	0.63390607	0.1602935	0.116637364	0.00963986	0.002716618	0.008304194	0.0064331787	0.0015103121	0.0022348482	0.0076610735	0.0010615425	0.0076610735	0.0033805908	0.0022090697	0.0019642855	0.0033805908	0.0014755777	0.0034213315	0.0025808366	0.00029781988	0.00024275792	0.00029180569	0.0017974713	0.0014367485	0.002177469	0.0076275417	0.00078368856	0.0011949303	0.0012215583	0.009886836	0.001275876	0.008422625	0.0014491845	0.00198053	0.0008664663	0.0003332003	0.0039892914	0.0030375188	0.00072468485	0.001487438	0.0026938757	0.004551082	0.0049276263	0.00015768626	0.008656732	-21.738052368164062
s06e15c	400.0	5.0	0.8174201	0.8174201	0.06004281	0.0054734647	0.00030608603	0.00064488914	0.0044264025	0.0010757165	0.00080999936	0.0012693077	0.001357605	0.00026553037	0.0040860684	0.0098664025	0.0012716576	0.00012387995	0.00080053846	0.00039388073	0.00054792356	0.0017869514	0.13124795	0.006992903	0.0013054574	0.003295962	0.0006760065	0.003295962	0.019276028	0.0024956842	0.002024683	0.00037712167	0.0004509565	0.00035660923	0.001043141	0.00025176245	0.00013335679	0.0024555554	0.0011659297	0.00051270705	0.000577215	0.0006385411	0.0002660339	0.0006385411	0.003772432	0.0028664223	0.009525364	0.0006799394	0.0004122609	0.00032531796	0.0039568464	0.005271498	0.002311367	0.011769869	0.0002624239	0.0026800258	0.0024374851	0.0032303205	9.6049e-05	0.0012411086	0.0040501314	0.0011011966	0.0007613258	0.00018393692	0.04105604	0.004052667	0.00087493483	0.0021324484	0.0028816455	0.005688528	0.0022307849	0.00036669458	0.04105604	-23.608301162719727
s06e15c	405.0	5.0	0.884729	0.884729	0.0457032	0.019552791	0.00059341453	0.002589544	0.40358737	0.0015659775	0.0017239788	0.0013567377	0.00058505684	0.0002600203	0.0012019743	0.0014778515	0.0073436256	0.00060521247	0.0020076109	0.0021817414	0.006127272	0.04179084	0.002608822	0.0015815587	0.0012347356	0.0014159529	0.0005440989	0.0014159529	0.034884106	0.004565242	0.0018699354	0.0004609676	0.00015100362	0.00037311242	0.0009840713	0.00013298435	0.00023070241	0.00090825855	0.00051879254	0.00062338356	0.004533348	0.0016501781	0.00013333213	0.004533348	0.00066405034	0.0028905238	0.0025150161	0.0011214543	0.00057663675	0.00038012362	0.003784325	0.0005477993	0.0008865914	0.0040307776	0.00019824109	0.0011286696	0.00032912949	0.0037547234	0.0004984941	0.0012426742	0.00019604708	0.0012565863	0.000494055	0.00025061483	0.0017232881	0.00062339276	0.00023173148	0.0015766076	0.00056489086	0.004044019	0.0011159601	0.00020589096	0.0017232881	-22.387788772583008
s06e15c	410.0	5.0	0.7976801	0.7976801	0.040084083	0.007916562	0.00041347434	0.0019063053	0.2838631	0.002124391	0.0023422453	0.002677525	0.00041995564	0.00020009473	0.002125849	0.0011497582	0.0014396543	0.003243527	0.0004427991	0.0011904167	0.002382499	0.068595566	0.0036591925	0.0012490127	0.0032397106	0.014055219	0.0024784012	0.014055219	0.030782541	0.0034556575	0.0012929179	0.0006519408	0.00027613158	0.00080112997	0.002070739	0.00036669616	0.0004577789	0.0016452036	0.0016452036	0.0010187052	0.0074821846	0.004684783	0.00043668892	0.0074821846	0.0006557914	0.009457596	0.031509157	0.005101986	0.0022782744	0.001320003	0.008487041	0.0011024331	0.0043433513	0.0045372946	0.00023656014	0.0016687543	0.0007023233	0.0021951464	0.00045483094	0.00043530346	0.0006281724	0.00069440075	0.0011079045	0.0004413465	0.0013015355	0.0006147077	0.0018578909	0.0029529848	0.0012143268	0.0047163568	0.0007687712	0.00017011668	0.0029529848	-20.065547943115234
s06e15c	415.0	5.0	0.8096812	0.8096812	0.027825482	0.08195689	0.0011425355	0.0010951958	0.0011519426	0.0014987754	0.0009228447	0.07524267	0.0011538266	0.00031543899	0.003301603	0.011318486	0.0060788877	0.002927674	0.0067555686	0.0006682303	0.00033775042	0.01773301	0.017143078	0.008488887	0.0018366938	0.002982989	0.0045840666	0.005380315	0.016771786	0.0025063453	0.00092329236	0.0007298941	0.0004367774	0.00063680485	0.0008927079	0.0004675925	0.0002912684	0.010478866	0.0064654066	0.010478866	0.0031433722	0.0054616546	0.0043169707	0.0054616546	0.011877133	0.0076971767	0.012704262	0.0024477805	0.0006245727	0.0010109065	0.0036165975	0.005545855	0.0018408493	0.0036817365	0.0017421253	0.0042721373	0.00056142366	0.0017459897	0.00087784836	0.048376996	0.0004894072	0.001373673	0.010239773	0.00029857666	0.0050594774	0.00257012	0.0026411777	0.0011620368	0.0019808072	0.014061432	0.004789502	0.0016072631	0.009941008	-24.280017852783203
s06e15c	420.0	5.0	0.909112	0.909112	0.1534383	0.16750781	0.0003286322	0.00047609909	0.0014500279	0.0017334701	0.0013218113	0.003783239	0.00029122148	0.00048847485	0.0031578033	0.00294247	0.0007106165	0.00022562449	0.0006493416	0.00065499305	0.00014746579	0.0017879725	0.0037639667	0.0037639667	0.0011532821	0.0014534731	0.0016911927	0.002711302	0.031089302	0.004084893	0.0014382653	0.00066607224	0.00045744673	0.0006876614	0.0013146721	0.0012212442	0.00018886804	0.0143421935	0.0034036294	0.0143421935	0.0022642673	0.0025647737	0.0023439764	0.0025647737	0.0014679912	0.0061186566	0.0057991496	0.00027421457	0.00018177998	0.0006209035	0.00084389944	0.0012212442	0.0015934494	0.0013135205	0.0002918154	0.0018667697	0.00068109774	0.004724365	0.00032140437	0.012234871	0.00023797674	0.00062444055	0.004247377	0.00024911802	0.0063075526	0.00074040255	0.00034139544	0.00029244096	0.0015195742	0.0072225607	0.0019197419	0.00041373118	0.008483563	-22.877422332763672
s06e15c	425.0	5.0	0.9021563	0.9021563	0.014294183	0.0025757526	0.0006034902	0.00017358485	0.00093776576	0.00047554303	0.0013746461	0.0012103608	6.9135545e-05	0.00021155087	0.014035199	0.0044415114	0.0013621418	0.00010537489	0.0024792736	6.592635e-05	0.0001921762	0.0010218434	0.006021036	0.0017854177	0.0033743186	0.0011441573	0.0010828602	0.002083847	0.0059683262	0.0025209517	0.0021139323	0.00088852976	0.00042852186	0.000782715	0.0009388604	0.0022248281	9.896475e-05	0.0032420226	0.0010044675	0.00040098437	0.00036587278	0.00036054605	0.00010993703	0.00036587278	0.0029618866	0.0012709631	0.002555618	0.00033835322	0.00010604584	0.00039229452	0.0008122742	0.0011369544	0.0007766322	0.007208815	0.0014444215	0.0016422684	0.001312505	0.0011160813	0.00052564597	0.03341813	0.00073659065	0.0006363701	0.0032682787	8.1350656e-05	0.013066301	0.008223636	0.00027888184	0.0002840179	0.0018493341	0.023961049	0.0011273742	0.00069993886	0.032722894	-26.60330009460449
s06e15c	430.0	5.0	0.8426521	0.8426521	0.08588574	0.031612087	0.00067081	0.008064066	0.16803034	0.0026182688	0.0028159423	0.0045920867	0.0027811443	0.00028853162	0.009166802	0.008106127	0.008189115	0.0020784936	0.0036236132	0.0019570822	0.0049215322	0.071311474	0.016806059	0.005479397	0.0018873869	0.0025985516	0.00045311445	0.0025985516	0.02572884	0.0051895776	0.0025145737	0.0011244403	0.00029410966	0.0012254536	0.0019897798	0.00047143854	0.00027068658	0.003630108	0.0027967615	0.003630108	0.0019174333	0.002693872	0.0021101646	0.002693872	0.0025384536	0.0048888936	0.004831762	0.0007763759	0.00046790284	0.0003192876	0.0023522133	0.0015529727	0.0031434442	0.015296906	0.00032737295	0.0020649326	0.0015186815	0.0032272928	0.00012470449	0.0015339077	0.001663933	0.0009003008	0.0005218111	0.00016921831	0.0033958391	0.0007432317	0.0056525604	0.0063959556	0.0035892413	0.003583119	0.0058611245	0.0003408853	0.013349073	-24.685714721679688
s06e15c	435.0	5.0	0.88726044	0.88726044	0.12651335	0.0544231	0.00048343852	0.004562043	0.23105465	0.0022159722	0.0026827112	0.0044244966	0.00016538305	0.00034178182	0.0029070238	0.0020696605	0.0014362916	0.00083068234	0.0050157094	0.00032463326	0.002058111	0.014722263	0.0033029777	0.001742423	0.001027922	0.002611014	0.000503451	0.002611014	0.013724791	0.005706005	0.003064859	0.0009521855	0.00030263854	0.00072386593	0.0016481957	0.00024008528	0.00017486316	0.0009820837	0.0003742618	0.00062324904	0.00066485966	0.0003863416	0.00017433258	0.00066485966	0.00057534693	0.0012131782	0.0018898498	0.00016544851	0.00015452846	0.00034039284	0.0009879613	0.00085464644	0.0011977575	0.024567597	0.00024870553	0.0051284223	0.0007672537	0.0031562846	0.0002969656	0.005503125	0.0012369609	0.00067435537	0.0016191439	0.0002389863	0.0014876548	0.0019902864	0.00048993557	0.005708245	0.0010350316	0.0018168292	0.0034346746	0.00057958136	0.007973166	-21.90618896484375
s06e15c	440.0	5.0	0.92591053	0.92591053	0.04286502	0.10726197	0.0011965026	0.0015670604	0.028642612	0.005075048	0.0011338153	0.022576045	0.0007614205	0.00014215276	0.008766636	0.004243606	0.0015482892	0.00057935435	0.00093524053	0.00051042845	0.00049318076	0.042269465	0.017930774	0.017930774	0.005087345	0.006005682	0.0013487398	0.006005682	0.038717967	0.003770388	0.0018982079	0.0007001681	0.00028154295	0.00056143943	0.00082589826	0.0002590718	0.00020053095	0.001073875	0.00049627264	0.00055503723	0.0012666773	0.0005116491	0.00023463485	0.0012666773	0.0005548471	0.003668598	0.009977765	0.00043967357	0.0005305189	0.00089041167	0.0024058474	0.0015402356	0.0028035303	0.0101195965	0.001223027	0.0016004583	0.0005475213	0.0074926526	0.00050215435	0.001640376	0.0003403515	0.00073840003	0.0027028979	0.00027191342	0.0018237133	0.0010273707	0.0002582205	0.0014360169	0.0015687593	0.0017624358	0.0038159618	0.00048893277	0.0038159618	-21.66974258422852
s06e15c	445.0	5.0	0.7531091	0.7531091	0.0069602323	0.10042991	0.000915169	0.0049606254	0.2075313	0.002635243	0.006806668	0.046901137	0.0019118458	0.0009454209	0.010876227	0.00089053554	0.0028523891	0.006483126	0.0026474646	0.0006701752	0.004977771	0.006739532	0.016460607	0.008285437	0.0041277222	0.011191758	0.0041743	0.011191758	0.040918954	0.0042087315	0.0017549234	0.0009881703	0.00041666662	0.00087133533	0.0032658845	0.0006454345	0.0006831973	0.0013214721	0.00047727412	0.0013214721	0.0023887544	0.00076429965	0.00028581562	0.0023887544	0.0006776591	0.00082406314	0.008785211	0.0005186089	0.00086665	0.00045565414	0.007782347	0.00080750365	0.0020003296	0.002439919	0.0009721094	0.00091613125	0.0007217175	0.0026437491	0.0077118715	0.0020053945	0.0003441835	0.001082851	0.0003166865	0.0009844735	0.003197467	0.00037352776	0.00063815084	0.0018962846	0.00072830473	0.003384748	0.00085649005	0.00032517995	0.003197467	-20.39161872863769
s06e15c	450.0	5.0	0.93141073	0.93141073	0.11304878	0.15935372	0.0015701604	0.0016287327	0.12699074	0.004032516	0.0010197684	0.010740614	0.00018959987	0.0002236009	0.0021471393	0.0021116643	0.0015523518	0.00070639484	0.0013385193	0.00032483137	0.0013368106	0.007465592	0.0062791994	0.0045014215	0.0010758082	0.0034923009	0.0032283803	0.0037990655	0.03242196	0.0032970903	0.0012424161	0.0005770802	0.00020686007	0.0005129053	0.0016705133	0.0003835833	0.00035254128	0.001566783	0.00035584395	0.0007678026	0.0014498899	0.00041427463	0.00012764058	0.0014498899	0.000786996	0.0021467889	0.006344288	0.00043670533	0.0006365084	0.000438329	0.001321067	0.0011202301	0.0016186938	0.006211289	0.00053931435	0.0018990691	0.00039718888	0.004669469	0.00068361964	0.012986555	0.0005658039	0.0008124851	0.0037359616	0.00020280492	0.0016566159	0.001280493	0.0003478513	0.0010873999	0.0015444955	0.002523279	0.0027449983	0.000164518	0.0027449983	-22.771329879760746
s06e15c	455.0	5.0	0.7356088	0.7356088	0.14496572	0.006515915	0.00036397536	0.007148364	0.25998527	0.0017282376	0.0031253921	0.002197572	0.0008806222	0.00044056887	0.0040296637	0.0015251769	0.0035852443	0.0018141347	0.0024112517	0.00048321625	0.013363878	0.049205445	0.003845953	0.00072954607	0.0024416477	0.002377393	0.0010465991	0.002377393	0.021381117	0.008174437	0.00418716	0.0011722936	0.00043304285	0.0014870202	0.002875626	0.00029763396	0.00029728256	0.0020485744	0.0018302972	0.0020485744	0.004193788	0.0050033857	0.0006777424	0.00532036	0.0007037068	0.0044581974	0.011982328	0.0022233773	0.00057688326	0.0011526946	0.0038632094	0.0009672647	0.0038944802	0.003632373	0.00021919905	0.00092284643	0.0010075705	0.00332859	0.0004946763	0.0020852399	0.0012153202	0.0014579229	0.0008344916	0.000367195	0.0026900608	0.0009937386	0.0011002037	0.001785145	0.0012200658	0.0020684504	0.0027150707	0.0005530698	0.005985832	-23.36579322814941
s06e15c	460.0	5.0	0.76703286	0.76703286	0.01196528	0.020288339	0.00041536425	0.0047492054	0.0043412154	0.0014975743	0.007032263	0.009050965	0.0014535963	0.00035055671	0.0017731966	0.0031037086	0.0013166331	0.00061214814	0.00079098035	0.000424006	0.0006377192	0.008846804	0.010974183	0.009238759	0.0012284402	0.0033921858	0.0014064499	0.0038934834	0.115123026	0.009180243	0.0019580743	0.001000148	0.0012764229	0.0020343987	0.004716343	0.0003139036	0.00046695708	0.002898263	0.0008360919	0.0010947505	0.00056395883	0.00047046327	0.000496482	0.00056395883	0.0014299755	0.0023982842	0.010235754	0.00038800732	0.00018784059	0.0007074872	0.0021389918	0.0025952563	0.001075554	0.013094611	0.00044697762	0.00484661	0.0007241064	0.008865466	0.00039256463	0.0018412593	0.0012178036	0.00075554167	0.008922012	0.000113361864	0.0066956696	0.0013060793	0.0008744873	0.0026308957	0.0009836176	0.0018958333	0.0053697303	0.0002814426	0.023890354	-23.25774955749512
s06e15c	465.0	5.0	0.9075928	0.9075928	0.013919458	0.017271154	0.0017364895	0.0010343997	0.1153228	0.0013688573	0.001880099	0.0070370594	0.00061508134	0.00040701986	0.018370422	0.0018972271	0.0035559286	0.0030096837	0.001316757	0.0007317125	0.00030376532	0.0048704627	0.011185218	0.0019126303	0.00080078194	0.0019230135	0.00038364605	0.0019230135	0.043450207	0.0104460865	0.004082335	0.002111795	0.0003462625	0.0017678735	0.003398238	0.00017664759	0.00031332957	0.0030001996	0.0022115516	0.0030001996	0.006150674	0.0027940392	0.00047658946	0.006150674	0.0006975553	0.0031336218	0.0020139702	0.0002605198	0.0002785271	0.00045065742	0.001106195	0.0007871692	0.0007245612	0.0041217636	0.00032974538	0.0011219783	0.00035938085	0.0030946808	0.00022482779	0.020766988	0.00078211364	0.000686005	0.0018605101	0.00021361689	0.002476126	0.0008618659	0.0003625256	0.0012369349	0.0017170019	0.0033921716	0.0014421317	0.00041014454	0.0028595426	-23.385467529296875
s06e15c	470.0	5.0	0.92788404	0.92788404	0.02961799	0.2095288	0.0002769938	0.0032579638	0.14201264	0.0046013333	0.0022378499	0.013622925	0.0016021661	0.0003151952	0.00231349	0.003233342	0.004040387	0.0016619801	0.0013193744	0.0013180182	0.0032877547	0.053826354	0.0070991437	0.0029225114	0.0010134953	0.0009671393	0.000594629	0.0014479796	0.048950054	0.0031364562	0.0015500622	0.0014514053	0.0003216873	0.0011326385	0.0010581763	0.0004031115	0.00038144828	0.0020826715	0.00046417894	0.0020826715	0.0027299724	0.00081563724	0.0004288179	0.0027299724	0.0004825309	0.0017614143	0.008329431	0.0012177954	0.00049190375	0.0009351804	0.0048738704	0.0006466906	0.0027686434	0.006159431	0.0017484182	0.0020254971	0.0004798506	0.003659676	0.0008875909	0.0021650852	0.00024225918	0.0008266191	0.0016666846	0.00021709228	0.00064135675	0.0006894794	0.00035195076	0.0014429463	0.0025416308	0.001606824	0.0033208337	0.00053480064	0.0033208337	-20.939441680908203
s06e15c	475.0	5.0	0.9066268	0.9066268	0.02106227	0.0071521145	0.0006746176	0.000985711	0.23353226	0.0009887184	0.0017383107	0.00074702315	0.0012592287	0.00030327684	0.004434445	0.0018495191	0.0030086623	0.0011872709	0.0011196225	0.0034155129	0.0017593848	0.004238195	0.03962404	0.0012417643	0.0024656176	0.0042503146	0.0006662643	0.0042503146	0.10974171	0.0057184137	0.0030349554	0.0009167818	0.0004443753	0.001160718	0.0026738134	0.00011590519	0.00036715143	0.0014586992	0.00097613916	0.0014586992	0.0030699712	0.0016710397	0.00038614753	0.0030699712	0.002192228	0.005055542	0.007336955	0.00084716774	0.0004164667	0.00048623548	0.004858344	0.00055491185	0.0024560436	0.005345588	0.00031183116	0.0008059224	0.00055844855	0.008989183	0.0015665046	0.0031354604	0.00017935823	0.0010714092	0.0007969661	0.0005146666	0.003608383	0.0020300199	0.00094257464	0.00064758677	0.0012464521	0.0042992737	0.0007548335	0.00015880208	0.003608383	-22.805864334106445
s06e15c	480.0	5.0	0.8423803	0.8423803	0.041041005	0.13890086	0.0009728345	0.0015855983	0.044618744	0.006678854	0.002950007	0.007158524	0.0035166545	0.0006949572	0.011497685	0.002157308	0.00071309326	0.0015299305	0.0008305336	0.0014261268	0.0029245077	0.0063887723	0.048937082	0.0131855365	0.015001904	0.003044982	0.0020106991	0.0032537035	0.065520324	0.0070995437	0.0018475993	0.0019046693	0.00057853106	0.0013233967	0.0022769764	0.00069061684	0.00060093205	0.005125842	0.0013991126	0.005125842	0.004992743	0.0015802056	0.0010068681	0.004992743	0.0010656879	0.00231703	0.015834775	0.0024998721	0.0023679438	0.002154687	0.016067488	0.0010180591	0.0034204763	0.005657145	0.0011066134	0.0018487304	0.0011913741	0.01702984	0.0021399385	0.0006446765	0.0010763289	0.0020496333	0.002239113	0.0014622777	0.0019325395	0.00072117883	0.0006924196	0.0012791497	0.0026417081	0.004308146	0.0015555582	0.0003614508	0.0033078855	-21.07297706604004
s06e15c	485.0	5.0	0.80775	0.80775	0.0644668	0.032406557	0.00030273318	0.0058053466	0.064912006	0.0015734716	0.002878441	0.010173105	0.00041859952	0.0012573866	0.0036256418	0.11156651	0.001194276	0.0021757053	0.029751409	0.0001997819	0.1066372	0.07603925	0.010767753	0.006681569	0.001967887	0.011024759	0.0025265263	0.011024759	0.041684113	0.010072289	0.0036968973	0.0011814401	0.00068580237	0.0012631244	0.0034456619	0.0011593148	0.0006742734	0.0019368108	0.0019368108	0.0016201154	0.0037551424	0.0011912765	0.00030878405	0.0037551424	0.0028166706	0.004159164	0.003397999	0.0010388013	0.0007878844	0.001451614	0.004932508	0.005915677	0.0010470444	0.005659377	0.00076430844	0.0027249474	0.0012829682	0.0009715035	0.00038536167	0.00087402074	0.00081984454	0.0018770554	0.0010653309	0.00035864412	0.0026926948	0.0003577798	0.0010221866	0.004350601	0.0017992321	0.004368332	0.0034842305	0.0004018488	0.020035142	-22.459508895874023
s06e15c	490.0	5.0	0.7551461	0.7551461	0.09146837	0.0067255246	0.00026085036	0.005157663	0.4067324	0.0006245646	0.0022670277	0.0013139473	0.0005051693	0.00048352656	0.002297313	0.0018040902	0.003121716	0.0024627857	0.0040036025	0.00048497575	0.019184466	0.046613663	0.0030231806	0.0030231806	0.002770677	0.0066759503	0.0010468947	0.0066759503	0.040806673	0.009720459	0.0053800875	0.0010463239	0.00038239127	0.0010289841	0.003356401	0.00054528	0.00053692365	0.0008784541	0.0005623228	0.0008784541	0.0014854973	0.0011798099	0.00028296004	0.0014854973	0.0005242559	0.002556317	0.0031735713	0.00070252275	0.0011418414	0.0007284102	0.00899478	0.0008171017	0.0018190052	0.0064658173	0.0005286003	0.0014804672	0.000812992	0.0019347803	0.0001876426	0.0014918788	0.0007157217	0.001569969	0.0013918265	0.00046217008	0.0029754993	0.00091289415	0.0005505342	0.00234345	0.001220393	0.0014521802	0.0033625846	0.00023243559	0.0033625846	-21.18425178527832
s06e15c	495.0	5.0	0.7504669	0.7504669	0.015000404	0.01693608	0.00033500566	0.001318489	0.2107516	0.0009687057	0.0062628295	0.007892029	0.00014240497	0.00017890663	0.0050432533	0.003518085	0.0083118	0.0020195723	0.007694388	0.00018019733	0.0016878969	0.097971946	0.0044493596	0.0016265196	0.0044493596	0.002372938	0.00027859324	0.002372938	0.3959086	0.0297266	0.007121496	0.0020680341	0.0016003418	0.0018720183	0.015443608	0.0006893701	0.003333756	0.0008448134	0.00063375477	0.0008448134	0.0043473947	0.0007828365	0.00014342347	0.0043473947	0.0028855528	0.0052957926	0.00914822	0.0010313592	0.0007494158	0.001296923	0.0018250758	0.004243716	0.0042586895	0.012233978	0.0004841559	0.015175953	0.015896363	0.0024406663	0.00075555325	0.0008038113	0.0015867538	0.0010404215	0.00036593695	0.00018829839	0.009149339	0.00413199	0.00061388663	0.0052620126	0.009475983	0.01669227	0.016999375	0.00021598853	0.023049427	-26.07104110717773
s06e15c	500.0	5.0	0.8293446	0.8293446	0.027770083	0.09019521	0.00022129313	0.0034051714	0.07462982	0.0016080973	0.0031581095	0.006157864	0.0002939566	0.00026321472	0.0011037971	0.0016706692	0.0010034302	0.0009320346	0.0022768183	0.0025151072	0.0012993668	0.011580255	0.0076166065	0.0024981534	0.0011756843	0.0010840384	0.00024764077	0.0011655655	0.5955542	0.013137997	0.0036348174	0.0011876284	0.00059441646	0.0012972782	0.004916502	0.000822861	0.003150202	0.014713246	0.0039675767	0.014713246	0.00423807	0.0074098497	0.0030931234	0.0074098497	0.0011511715	0.0061466764	0.015597676	0.00096964475	0.0007254857	0.00083986955	0.0055187866	0.0016864769	0.0028721646	0.0027157874	0.0011895496	0.001154996	0.0007006059	0.0123192575	0.0011621133	0.0014266294	0.00039256128	0.0020029997	0.0007861329	0.00026060228	0.0020152337	0.00058727	0.0004797653	0.0030894438	0.0024764177	0.0039255763	0.003914396	0.0001552338	0.005418886	-22.59811782836914
s06e15c	505.0	5.0	0.9045218	0.9045218	0.03228646	0.044429064	0.00019571165	0.0014321252	0.0023690476	0.002756107	0.0049874303	0.0028237659	0.0012784012	0.00048464185	0.0169431	0.0060880617	0.00032719073	0.00013192419	0.0005031806	0.0004142859	0.00025590102	0.0016515275	0.002642242	0.002642242	0.0020671978	0.0017766528	0.0015870875	0.0017766528	0.8386542	0.040326335	0.013446714	0.0029050205	0.00031135586	0.0019710953	0.0025939655	0.0013724954	0.002161637	0.0027109345	0.0008586797	0.0027109345	0.00072680187	0.0014765186	0.0003947453	0.0014765186	0.00057299534	0.005132947	0.017154602	0.0004482705	0.0004286724	0.00061629544	0.0026099812	0.0026185077	0.0028501248	0.0018851139	0.010101156	0.0014753529	0.00116238	0.016128452	0.0003185196	0.003303339	0.0008611394	0.0008601373	0.0016620685	0.00033412533	0.0027646665	0.0027872873	0.00026175723	0.00057727384	0.0034510642	0.015548479	0.003250824	0.0001754104	0.0034510642	-21.88248443603516
s06e15c	510.0	5.0	0.63569313	0.63569313	0.0070565045	0.0016713906	0.0004784409	0.0012097164	0.008658749	0.00028830668	0.0016214526	0.0010804526	0.00056727434	0.0001213537	0.0055974843	0.009373479	0.0025179032	0.00017477832	0.00076024595	0.0006135777	0.00042884142	0.005924034	0.013369481	0.0030538524	0.0011647259	0.0018466902	0.0003880382	0.0018466902	0.52085966	0.06392699	0.046729602	0.0017036719	0.0006344685	0.00211471	0.010589426	0.0003980087	0.0009388788	0.0028908618	0.0011839105	0.0006048624	0.0013710773	0.0017653157	0.00020813297	0.0017653157	0.008288834	0.007017897	0.0065987585	0.0004454829	0.0006733143	0.00033234246	0.0013997703	0.008709396	0.0018622776	0.010441385	0.00026976937	0.0020268722	0.002484117	0.00189692	0.0002938176	0.029198384	0.0055985986	0.00059848395	0.00033048686	0.000102099686	0.067707	0.013375943	0.0031380546	0.005137393	0.005816594	0.026436986	0.0019565942	7.92743e-05	0.067707	-22.17735481262207
s06e15c	515.0	5.0	0.8180163	0.8180163	0.23916821	0.0026460132	0.00043222544	0.008087825	0.31580776	0.001131682	0.0027392923	0.0009162648	0.00091405434	0.00035721678	0.001113068	0.002582148	0.0034330965	0.0006474584	0.0014113876	0.00045792598	0.0070347413	0.031809874	0.0055022244	0.0034225185	0.0018971142	0.0060306694	0.0013484008	0.0060306694	0.031521972	0.009947947	0.0058296933	0.0009404474	0.0003465792	0.0009928388	0.0034650532	0.00047013623	0.00040749874	0.0015051665	0.0015051665	0.0007585359	0.0025385658	0.0022832202	0.0003760746	0.0025385658	0.0010357448	0.009419991	0.01017457	0.0013892627	0.0005106917	0.0005066758	0.0034482433	0.0018122644	0.002117209	0.004436039	0.00027879223	0.00064686505	0.0009555434	0.0015790083	0.0001001502	0.0009008904	0.00090162025	0.0008246907	0.00030971953	0.00021044616	0.0023945814	0.0016228883	0.0008322741	0.0032774736	0.0021794827	0.0020391296	0.0016601448	0.00048274687	0.0032774736	-20.834123611450195
s06e15c	520.0	5.0	0.78339225	0.78339225	0.040136058	0.0056298138	0.0011647724	0.004777575	0.1595338	0.0019942343	0.0027813707	0.0012393054	0.0008757643	0.00035908545	0.001998983	0.013808956	0.0063317236	0.00044687794	0.001454299	0.000970459	0.0033828618	0.08856074	0.023177296	0.011669729	0.0027815173	0.0066141332	0.0020738482	0.0066141332	0.06253387	0.018724585	0.010720194	0.0006866689	0.00026625668	0.0007885292	0.0047204345	0.0007712378	0.000429348	0.0067269993	0.0067269993	0.0014339383	0.008936565	0.008787088	0.00059984653	0.009663356	0.0017258066	0.0365967	0.016447451	0.00391104	0.0012610381	0.0010720862	0.0059916195	0.0034635388	0.0030408348	0.0057813125	0.0004109451	0.00047851456	0.0007866147	0.004806887	0.00028470354	0.002811102	0.0011099001	0.00092560623	0.00030013925	0.00047024645	0.003819059	0.0013814344	0.0013542578	0.005020957	0.003911827	0.0085195685	0.0056751845	0.0005740383	0.021039415	-22.0577449798584
s06e15c	525.0	5.0	0.80058086	0.80058086	0.02000154	0.015662368	0.0004013848	0.003048251	0.11437879	0.0042504235	0.009259602	0.0040774313	0.0025077714	0.00010732623	0.0020568264	0.0037052596	0.003136116	0.001829219	0.0020391985	0.0007914618	0.01123499	0.010961407	0.024521194	0.024521194	0.0007897986	0.0028521395	0.00094516505	0.0028521395	0.6361425	0.0181712	0.007183436	0.0008617378	0.00029042573	0.0006225496	0.0074320547	0.0003044327	0.0016666568	0.0003060268	0.00016303384	7.810679e-05	0.00040219605	0.00023455074	3.253631e-05	0.00040219605	0.0004976008	0.0008279253	0.001253286	0.00019540268	0.00025759716	0.00020750247	0.0016042879	0.0005684201	0.0004131737	0.019720105	0.00022053989	0.0066205906	0.0004015446	0.0015399028	0.0027029186	0.002624355	0.00043452528	0.00042655843	0.0005128131	9.682671e-05	0.0020476328	0.0008411185	0.00032528507	0.05585665	0.0016248883	0.005126656	0.0074458495	0.00010405634	0.05585665	-21.649253845214844
s06e15c	530.0	5.0	0.85104686	0.85104686	0.030192392	0.080513835	0.0005329359	0.0044933045	0.08962775	0.0047162427	0.0023199266	0.023346366	6.544023e-05	0.0002635854	0.0006242602	0.0046847723	0.006141811	0.00062109233	0.0027374052	0.001054139	0.0038816987	0.60772115	0.0026316089	0.0026316089	0.001959123	0.0009044571	0.00045823999	0.0013753572	0.042394146	0.0042618616	0.0017884541	0.00047682738	0.0002522401	0.0006328627	0.0023294373	0.0005728078	0.0005718335	0.0008608744	0.0008608744	0.0005997347	0.0045800167	0.0010468499	0.00014358741	0.0045800167	0.0008154018	0.005422645	0.004570986	0.0005813587	0.00037210324	0.00068549986	0.002082307	0.0026700178	0.0014982246	0.0035535963	0.000496902	0.0007720135	0.0005832657	0.0027650597	0.00045841516	0.0030450355	0.0002436704	0.0007766485	0.000564805	0.00019690396	0.0015038507	0.00041860028	0.0008960445	0.0018743835	0.0017900654	0.0041020717	0.0033274593	0.00023731559	0.0033274593	-22.9444522857666
s06e15c	535.0	5.0	0.6765241	0.6765241	0.00938705	0.0035527572	0.0004479149	0.0011076882	0.00572287	0.00038180334	0.0015743349	0.003423781	0.00027435448	0.00010244824	0.0037597264	0.007690184	0.0006789798	0.00034793123	0.00083894335	0.00027543455	0.00022407043	0.01411153	0.03297806	0.03297806	0.0022890684	0.0032472352	0.001907044	0.0032472352	0.40941164	0.006952317	0.0025344219	0.0006303753	0.00042073158	0.00067928334	0.0031473045	0.00034032227	0.00089950947	0.12073756	0.036817443	0.12073756	0.0049608303	0.03154048	0.043944426	0.03154048	0.0036874851	0.018330658	0.0066271727	0.00018536285	0.00022583862	0.00029660907	0.0015349793	0.004791421	0.0002842498	0.0061479174	0.00034338527	0.0029832372	0.0012812231	0.0049555064	0.00015057516	0.0021007624	0.0004847763	0.0003991256	0.00042074424	0.00017701616	0.0043698214	0.0038574976	0.0026857352	0.021487854	0.0045711384	0.007335202	0.0029173056	7.457351e-05	0.02638783	-25.695592880249023
s06e15c	540.0	5.0	0.7143779	0.7143779	0.033672553	0.0043461276	0.00036933055	0.0017162134	0.0025254977	0.0025078275	0.06121487	0.0010728918	0.0005810047	0.00011444278	0.003949903	0.000583438	0.0004600199	0.00011564223	0.00062042853	0.00018452063	0.00032626028	0.0029419453	0.0039604413	0.0036939534	0.0011839635	0.0033152339	0.0017265215	0.011669613	0.7959428	0.07745002	0.05099546	0.0008961628	0.0002969231	0.00094295415	0.005283208	0.0012864983	0.008671829	0.00093191734	0.0004518541	0.0007626954	0.00027630644	0.00064979825	0.00023247351	0.00064979825	0.0003895621	0.0019222705	0.0042259614	0.00041073555	0.00011969659	0.00021821896	0.00068478583	0.00049572304	0.00073569163	0.0018198765	0.0015415826	0.001659868	0.0006636859	0.022388006	0.00030649456	0.0021365932	0.0007284099	0.000534742	0.0005913932	0.00013846398	0.004054929	0.0016401923	0.0003203676	0.00054823305	0.0012316669	0.0013397116	0.0013029291	0.0003011456	0.0042049424	-25.830303192138672
s06e15c	545.0	5.0	0.84120643	0.84120643	0.019585172	0.020142835	0.0012000456	0.0066052037	0.05359227	0.0017109122	0.005667672	0.00740925	0.00027645822	0.0004406953	0.0028335385	0.0013760115	0.00041793086	0.0007613255	0.00095667527	0.0010903853	0.001442541	0.0064555486	0.034335874	0.0040672165	0.0030488842	0.002832403	0.0012606832	0.002832403	0.8285291	0.079056285	0.079056285	0.0018210991	0.000377172	0.0012005914	0.0060757743	0.0006251081	0.0034061733	0.000991173	0.00037806729	0.000991173	0.0015939662	0.0007661924	0.00017679266	0.0015939662	0.00023090222	0.0019481593	0.0041236747	0.00028827204	0.00014855151	0.00065767806	0.0005683256	0.00090593024	0.0008562734	0.0035319754	0.0008744944	0.001295317	0.0005744959	0.0071617444	0.0022997493	0.0020588534	0.00023117186	0.0006635803	0.00056460826	0.00015271227	0.000731738	0.0007255735	0.00070852635	0.0047425926	0.0012014678	0.001470032	0.0028087425	9.0077105e-05	0.0047425926	-24.53039932250977
s06e15c	550.0	5.0	0.49918053	0.49918053	0.016680127	0.0053350385	0.0006712724	0.0028243903	0.039130215	0.0010176547	0.009685672	0.0027293647	0.00071452186	0.00014573426	0.0011236822	0.007226884	0.0005747413	0.0028140817	0.0013326114	0.0007481481	0.0015986764	0.022643251	0.01196231	0.011948898	0.0038368169	0.003717581	0.0026004554	0.003717581	0.7969758	0.07025577	0.043929975	0.0031635708	0.0020488307	0.0026400904	0.012803518	0.0024288613	0.006520587	0.0020989957	0.0012520686	0.0020989957	0.0010797781	0.0022528255	0.0008613786	0.0022528255	0.0010899771	0.008697605	0.020740718	0.00072112726	0.0012357726	0.00088654534	0.028216144	0.002567051	0.003682865	0.0041886433	0.0005602129	0.003342316	0.0009843019	0.0073225293	0.00024447488	0.0013529325	0.0008509767	0.001794881	0.00093104364	0.0011293655	0.0071160565	0.0008344674	0.0032965355	0.01410326	0.0035790068	0.0024635543	0.0017403589	0.00020514807	0.01410326	-29.283233642578125
s06e15c	555.0	5.0	0.78601915	0.78601915	0.018781316	0.0074155964	0.0016258438	0.0006828991	0.0014189963	0.0013821298	0.04107516	0.007932487	0.0001595954	0.00034708812	0.020390887	0.0027460859	0.0017823803	0.00016356417	0.0036029986	0.00041731753	0.0003486152	0.0015422396	0.009302438	0.0071752854	0.007276928	0.0021358524	0.0016948098	0.004419146	0.6829529	0.030216753	0.012084954	0.0011003504	0.00059009116	0.0008154495	0.0036390629	0.001853137	0.0036376163	0.0033283068	0.00035347076	0.0012192056	0.00043085063	0.00025315685	0.00026645986	0.00043085063	0.0011620036	0.0013588953	0.0013633345	0.00013943118	7.4175485e-05	0.00015790052	0.0011575845	0.0025517303	0.0011231755	0.00258476	0.0010032745	0.0024110384	0.0022400548	0.004162851	0.0005562747	0.0023992872	0.00075873797	0.0005601595	0.0007014745	0.0003672328	0.008818692	0.0033630899	0.0002772588	0.0022935213	0.004665422	0.010715391	0.0021303166	0.00029414275	0.037945796	-26.830989837646484
s06e15c	560.0	5.0	0.78755194	0.78755194	0.059401147	0.00915509	0.00013913341	0.006788993	0.006472962	0.0011054439	0.017169917	0.0014925628	0.00041423258	0.00025834734	0.0011012512	0.009829986	0.00042523406	0.00030438657	0.0016310068	0.0015932493	0.007531111	0.15115851	0.010489329	0.0069275317	0.0032079923	0.002607981	0.00096333947	0.002607981	0.5880106	0.03679131	0.01496663	0.0011579881	0.00036515077	0.0011448403	0.013319363	0.0010602261	0.004684561	0.0033520574	0.0033520574	0.0008604742	0.0020793334	0.004080957	0.00041517345	0.004080957	0.001613036	0.026777644	0.06834745	0.0019310401	0.00068876555	0.00045225787	0.0063069286	0.0022259695	0.0058253864	0.0058336165	9.099578e-05	0.0008836434	0.0019942694	0.0033140855	0.00014554802	0.00023690276	0.0004759589	0.00095595414	0.0003764173	0.0002532271	0.0024198026	0.00041820982	0.002036993	0.0029977115	0.0015841044	0.0064398265	0.0011795554	0.00029948124	0.00882432	-27.274059295654297
s06e15c	565.0	5.0	0.07321372	0.07321372	0.0017624828	0.00129048	9.3836854e-05	0.008444182	0.00013708197	0.00042851348	0.19042909	0.00091351196	8.957062e-05	0.0007595845	0.0027074714	0.00090497	0.00021747328	7.282336e-05	0.00021282422	0.00061861257	0.0004591332	0.0021638183	0.0055880914	0.002580023	0.0055880914	0.001924625	0.0006917805	0.001924625	0.7785978	0.13590737	0.13590737	0.002935013	0.00083777664	0.0018670168	0.022693692	0.0017785237	0.008388026	0.009257139	0.009257139	0.009081651	0.0028097418	0.015943838	0.00433607	0.015943838	0.0026981682	0.01767251	0.034246273	0.0024159544	0.004665342	0.0040159347	0.021965621	0.0019591416	0.0031160526	0.0008788736	0.0007546609	0.0008725624	0.0005515056	0.002577531	0.00030553967	0.00023626373	0.00040757138	0.007369578	0.0011413791	0.0026663658	0.0061208783	0.00072103384	0.0015260603	0.00089402	0.0013571441	0.0020120698	0.0007503136	0.001501644	0.0301139	-34.97256851196289
s06e15c	570.0	5.0	0.24056916	0.24056916	0.0017293955	0.00080609904	0.00043726419	0.0044818697	0.0004781206	0.0008563289	0.028131358	0.0017383089	0.00020725689	8.9147805e-05	0.003469782	0.0018327467	0.0050176326	0.0001385805	0.0008462568	0.00031417038	0.000729828	0.0027469466	0.006253601	0.006253601	0.0050223414	0.0026361633	0.0075163627	0.0075163627	0.79087377	0.034655392	0.028367622	0.00036028493	0.00010094514	0.00030321756	0.005104296	0.0010351993	0.0028312493	0.0013633735	0.000718486	0.0005614761	0.00078843755	0.0010960163	0.00012131888	0.0010960163	0.000687527	0.009673999	0.012952201	0.00013660203	0.00010820959	0.00017636937	0.000852964	0.009185862	0.0033226395	0.0076898816	0.0062094876	0.006890264	0.0013759938	0.0015564946	0.00014330864	0.0070119747	0.0018697272	0.00033383208	0.0012687661	0.000101442674	0.04584656	0.0038431848	0.0016985476	0.0028137164	0.0027947393	0.0042739348	0.0014326307	0.0010245382	0.04584656	-30.49630355834961
s06e15c	575.0	5.0	0.582594	0.582594	0.020301698	0.0052398676	0.0002253566	0.0044231107	0.21627307	0.00031881826	0.009389631	0.0045741247	6.012489e-05	0.00030202832	0.0006308291	0.00093751063	0.0004933761	0.000980273	0.0029151568	0.0010336447	0.016159633	0.051222224	0.0020633384	0.0020633384	0.0015766481	0.0037523715	0.0002319406	0.0037523715	0.2054365	0.044425674	0.011611713	0.0024219884	0.00068057707	0.002149113	0.0063445466	0.0005224352	0.0008087943	0.00056458137	0.00056458137	0.00039691673	0.0020648066	0.00097480236	0.00022243713	0.0020648066	0.0004245326	0.003147379	0.0046957755	0.0006432805	0.0008571698	0.00075964053	0.005192966	0.0006474356	0.0016799121	0.020700041	0.00016739828	0.0010719473	0.0015771481	0.0008002502	9.681278e-05	0.00046670658	0.0003371678	0.0006619705	0.00020936782	0.00048093242	0.00097385544	0.00014681254	0.0017557257	0.0076601095	0.00027269797	0.0066488553	0.0016341833	0.00010567314	0.0076601095	-20.949594497680664
s06e15c	580.0	5.0	0.89505535	0.89505535	0.20944756	0.012508804	0.00023986245	0.0026226095	0.2475752	0.004883788	0.0029879282	0.0011414955	0.0015621145	0.00025804626	0.0039535854	0.0028683243	0.004737974	0.0014407171	0.0010038887	0.00067242753	0.0010354616	0.005186029	0.005473711	0.005473711	0.0015340135	0.0008986836	0.00061461545	0.0024090093	0.063057974	0.008620139	0.0037010005	0.0011390515	0.0005120819	0.0013969896	0.0010938378	0.00011281513	0.00029527902	0.0010716981	0.0010011228	0.0010512873	0.004939923	0.002011478	0.0003354451	0.004939923	0.00063650415	0.00769513	0.006759278	0.000745128	0.0011659518	0.00024433064	0.0032201265	0.001580493	0.0029542164	0.004484579	7.772592e-05	0.001032381	0.00067110325	0.006491953	0.00012890395	0.0010592559	0.001141999	0.00047174896	0.0008385133	0.00021813075	0.0029032668	0.0007066463	0.00056141557	0.0061897277	0.00088030385	0.009258232	0.0024462035	0.00023141089	0.0061897277	-25.075439453125
s06e15c	585.0	5.0	0.75885224	0.75885224	0.016770206	0.017857132	0.0010812156	0.0047137407	0.2795121	0.0011349607	0.003416141	0.01190269	0.0012772037	0.00045197795	0.0037063265	0.004104854	0.0080806445	0.0074414667	0.006873155	0.0009847493	0.0047050263	0.033365894	0.011549742	0.011255148	0.0024899465	0.0023270848	0.000857229	0.0023270848	0.04097943	0.005619807	0.004273184	0.0008119279	0.00037675336	0.0008389669	0.0024718354	0.00039427448	0.00031205005	0.0008465907	0.0008465907	0.0005349791	0.0022891087	0.0015404528	0.00028078916	0.0022891087	0.0006978851	0.0028198198	0.008474554	0.0010243021	0.0011159249	0.00045773372	0.013142133	0.002080242	0.0037459524	0.0072322567	0.00057339144	0.0035812792	0.0009007067	0.0014230595	0.0006056256	0.0015212768	0.00048668386	0.0011607109	0.000685345	0.0007614307	0.00433223	0.00068637903	0.0021485402	0.012869913	0.0013492022	0.003053745	0.0045753885	0.0005567221	0.014730905	-21.470645904541016
s06e15c	590.0	5.0	0.839659	0.839659	0.023878451	0.008418325	0.000634647	0.004493806	0.0514282	0.000639104	0.0026030391	0.0015629989	0.00026064526	0.00015328093	0.0035788433	0.013608061	0.00022675976	6.697635e-05	0.00335079	0.00024560423	0.0016944709	0.024390856	0.0029232441	0.0029232441	0.0006995888	0.010201502	0.002103542	0.010201502	0.07067755	0.010776005	0.0032997695	0.0014752727	0.00035616977	0.0013376322	0.0054651108	0.0010277252	0.0003348792	0.0009629238	0.0005014832	0.00020443498	0.00063226855	0.00032383975	6.336235e-05	0.00063226855	0.0007258768	0.0023214037	0.0010361623	0.00019903942	0.0004616888	0.0011059211	0.00051632867	0.0012159571	0.000570673	0.014347075	0.0020923454	0.008219981	0.005561303	0.002615625	0.00058540324	0.0021794206	0.00043774396	0.0009432624	0.0008712573	0.0001267072	0.0017582144	0.0075874026	0.00050328375	0.0015748979	0.002460088	0.009743012	0.11213126	0.00013981113	0.11213126	-23.210847854614254
s06e15c	595.0	5.0	0.8810745	0.8810745	0.0106531745	0.121411555	0.0019987244	0.0008030224	0.004718114	0.0017884203	0.0029550397	0.03385134	0.00085908023	0.00037612315	0.0061686966	0.0041270247	0.001058458	0.00068424473	0.0014543814	0.00095044426	0.00019890662	0.0009668049	0.008309285	0.0062203845	0.0013370921	0.007751509	0.0065778117	0.007751509	0.121673115	0.0058277342	0.0018328024	0.0012188503	0.00070783217	0.0020838443	0.0028741797	0.00076942454	0.0008849047	0.0026639476	0.00091545325	0.0025829633	0.002125934	0.0007684789	0.0005392172	0.002125934	0.0007283363	0.0038006413	0.0036729176	0.00013521023	0.00045175976	0.00069318747	0.0015909957	0.0013994663	0.0011666535	0.00598609	0.0041899285	0.0024295116	0.0012598502	0.0052219434	0.0012235799	0.04442134	0.0001741417	0.0032692996	0.0038260715	0.00023241897	0.005930271	0.0022656885	0.00080127275	0.0015345534	0.001500282	0.010857227	0.0026658752	0.00037384997	0.005930271	-22.61288070678711
s06e15c	600.0	5.0	0.90939856	0.90939856	0.024039313	0.19367863	0.00051998073	0.0015348553	0.108617134	0.0061946693	0.0013778415	0.016137777	0.016864613	0.00041465572	0.005348601	0.00049850927	0.026930122	0.0030493408	0.00085712486	0.0012431513	0.0014339976	0.0035090446	0.025572045	0.010786358	0.00079628784	0.00062908017	0.0003670646	0.00062908017	0.038171235	0.002840071	0.001383116	0.000820272	0.00024286161	0.000471661	0.0008230966	0.00021412077	0.00023702228	0.0011231481	0.0004797557	0.0011231481	0.00082852505	0.0005681867	0.00039005876	0.00082852505	0.00053023983	0.0015805924	0.006492842	0.00048773995	0.00054499216	0.0005148916	0.010192473	0.00023588692	0.0016422418	0.0048421505	0.0014728275	0.0011236565	0.00024341962	0.0025763812	0.0022373346	0.004829763	0.00013965339	0.0007398292	0.0027582822	0.00013440066	0.001988025	0.0003223443	0.00029680622	0.00097228686	0.0013577498	0.0016676981	0.0011580731	0.00023841871	0.0024846722	-21.71268081665039
s06e15c	605.0	5.0	0.870416	0.870416	0.031214241	0.14584546	0.000613786	0.0048771184	0.10017463	0.0040523782	0.0032873799	0.0024700111	0.0015781035	0.0004897259	0.011732983	0.0055581313	0.0031740281	0.00035516138	0.0017398007	0.0010087587	0.0066742683	0.019718524	0.009127923	0.005516144	0.0007368163	0.0016988516	0.00089141756	0.0016988516	0.03461749	0.005332827	0.002297807	0.00079172995	0.00021906033	0.0005981543	0.0028101609	0.0002953311	0.00030989942	0.0011563612	0.000591531	0.0011014747	0.0029669956	0.0013315933	0.00023996536	0.0029669956	0.0010965582	0.0033991265	0.017514972	0.0019990327	0.0010244714	0.0021079457	0.003993966	0.0009400271	0.002951083	0.0082168095	0.0006044602	0.0009785029	0.000971897	0.0077869184	0.0041834814	0.0072225505	0.0004450474	0.0016945322	0.0014390189	0.00034204716	0.0017901746	0.0006982537	0.00077827735	0.0021320344	0.0024421017	0.0047035217	0.010177196	0.00030721835	0.021651324	-22.409160614013672
s06e15c	610.0	5.0	0.84376144	0.84376144	0.10258642	0.008100766	0.00039892702	0.0020784321	0.18123469	0.0020261768	0.0020925445	0.00089182105	0.0010822244	0.00037446117	0.05008082	0.0027588408	0.004642798	0.00081523816	0.0017004383	0.0016731818	0.0027636583	0.004705522	0.022206323	0.0013098633	0.001174043	0.0029080939	0.0013733134	0.0029080939	0.02300657	0.0085871825	0.0056897583	0.0010000094	0.00022853477	0.0009246054	0.0021228956	0.00022762081	0.0002527606	0.002455378	0.002455378	0.0017874049	0.01765761	0.008383854	0.00027364522	0.01765761	0.0019936468	0.011898551	0.01243277	0.00093707355	0.0008404996	0.00068808586	0.0019884792	0.0012825296	0.0028134394	0.008902456	0.00012588345	0.001969532	0.000759743	0.0039278646	0.0015827738	0.009658492	0.001734595	0.00064133113	0.000614977	0.0004731793	0.0056227897	0.0049981945	0.00041597092	0.001982029	0.0017654484	0.009697243	0.0015063379	0.0004318725	0.009576508	-23.667001724243164
s06e15c	615.0	5.0	0.9064063	0.9064063	0.025771163	0.14805198	0.0010702095	0.0025462965	0.10739082	0.0018579237	0.0014882669	0.031599313	0.00025370537	0.0002633292	0.0013341334	0.0040367087	0.0022009078	0.00052569807	0.0056092916	0.00047174445	0.0022809012	0.06468302	0.0056996047	0.0030455627	0.0010555907	0.0024887577	0.0013331248	0.0024887577	0.06459875	0.0032582795	0.0009969429	0.00087108876	0.00052300614	0.00075146783	0.0013578216	0.0004507906	0.0004498844	0.0017390042	0.0008849123	0.0013747769	0.0022569548	0.00087375636	0.000261908	0.0022569548	0.0011090492	0.0029332123	0.0043311566	0.00039097233	0.0004216002	0.0004855292	0.0014560499	0.0019887753	0.0012593	0.014528115	0.0021306744	0.0040619387	0.0010800924	0.004835597	0.0013588144	0.009138668	0.0010050308	0.0013127401	0.007444443	0.00020707003	0.0028317054	0.0010828535	0.00039738466	0.0019204747	0.0014956924	0.003323663	0.015113614	0.00023111918	0.017523935	-23.36288070678711
s06e15c	620.0	5.0	0.90113556	0.90113556	0.020423673	0.07978863	0.0012234697	0.0041559893	0.113184445	0.004990413	0.0032660475	0.028754996	0.00022455635	0.00045176107	0.005436933	0.007877385	0.006333878	0.0013556436	0.0022499517	0.00067067065	0.001623372	0.024361353	0.019718852	0.019718852	0.0013248501	0.0025944284	0.0019521083	0.0025944284	0.055188123	0.004007167	0.0009528071	0.0006431077	0.00036699342	0.00054607185	0.0015283914	0.0008910418	0.0003045372	0.0017214507	0.0004510971	0.00042708573	0.0011642638	0.00038686604	9.8787874e-05	0.0011642638	0.0012424003	0.0013667991	0.004366184	0.0004453589	0.0008171943	0.0010540999	0.0013937677	0.002784397	0.0014598804	0.014919631	0.0020352034	0.0051005734	0.00172675	0.002066647	0.00042425987	0.003960483	0.0003821081	0.00085480564	0.00055084546	0.00022176985	0.0016369101	0.003315957	0.001609666	0.005146157	0.0029091132	0.003560976	0.021457085	0.00017489369	0.028425695	-21.09900283813477
s06e15c	625.0	5.0	0.83026266	0.83026266	0.015722485	0.06585627	0.0003952124	0.0013773607	0.37978277	0.0026056278	0.00213444	0.0042007416	9.458069e-05	0.00038792187	0.0059736725	0.0024422526	0.003374081	0.003944768	0.0013624531	0.00038679613	0.002712041	0.09950437	0.011454421	0.007982291	0.011454421	0.005908758	0.000397555	0.005908758	0.06782454	0.006092421	0.0019369455	0.0011895881	0.00026809226	0.0013067811	0.0029083856	0.00041804084	0.00061985286	0.0006262748	0.0006262748	0.00042023655	0.0014848992	0.0010704681	0.00013374024	0.0014848992	0.0006207846	0.0028915273	0.004065015	0.0006363825	0.00069459435	0.00068631535	0.031261645	0.0005234605	0.004820108	0.002978817	0.00023228828	0.0012957433	0.0010077145	0.005322331	0.00048640696	0.003864865	0.00023443403	0.0008891247	0.00019146253	0.002436458	0.0012869678	0.00035981517	0.0009236311	0.0034997629	0.0016477313	0.003457681	0.0022614973	0.00019183072	0.012532352	-23.4249324798584
s06e15c	630.0	5.0	0.8059505	0.8059505	0.06516983	0.06717938	0.0012008202	0.002563548	0.57743365	0.0069542555	0.006175983	0.0037924917	0.00011543367	0.00080855464	0.017487971	0.00091798935	0.0100346375	0.0059546866	0.0023283563	0.00027859112	0.005060716	0.022363983	0.0034149543	0.0021969853	0.003126388	0.00568249	0.0008813277	0.00568249	0.01836629	0.0044297636	0.0015888688	0.00061416987	0.00033876297	0.0006852118	0.0016690737	0.00029497512	0.00032081507	0.0008186502	0.00033447816	0.00029576136	0.0006662469	0.00063012604	0.0001372961	0.0006662469	0.000451639	0.0009771936	0.0030868016	0.00035289853	0.00034123368	0.00038947444	0.0038023766	0.00063187757	0.0015655354	0.002434859	0.00018954005	0.00090054795	0.0008614734	0.0026599271	0.00037655677	0.009036077	0.00060244254	0.0010873553	0.00034653282	0.00046532595	0.0012017642	0.00077053474	0.0005962259	0.0021309603	0.0012030802	0.0024700558	0.0013680994	0.00012986579	0.0021309603	-22.771766662597656
s06e15c	635.0	5.0	0.81247175	0.81247175	0.029975967	0.021274192	0.00018359769	0.0023142507	0.22866185	0.0010669647	0.0017286523	0.003463624	0.0020122658	0.0002700486	0.005668935	0.00164228	0.0050578164	0.003975907	0.0014505065	0.0018806753	0.0037888722	0.014261434	0.01121965	0.0015966684	0.0020525926	0.0017068052	0.00049800915	0.0017068052	0.024279045	0.0031822885	0.0019759734	0.0008304592	0.0004945394	0.0007765431	0.0022688447	0.0002391404	0.0004344184	0.0026507135	0.002440172	0.0026507135	0.0035999222	0.004060757	0.0011223401	0.004060757	0.0018053581	0.0054916306	0.020095484	0.004259547	0.0023689193	0.0011559582	0.014879478	0.0012364497	0.005526295	0.004677105	0.00023722937	0.0007728338	0.0008640774	0.0057694023	0.00054172805	0.0013938625	0.00073454133	0.0013603675	0.0014247212	0.0004961308	0.0026406492	0.00060571823	0.0010176882	0.0018326638	0.0023549194	0.003448309	0.0016099189	0.00039263815	0.004371357	-22.621627807617188
s06e15c	640.0	5.0	0.86841136	0.86841136	0.01592114	0.013574039	0.0004290256	0.0047142506	0.15752746	0.0038853071	0.0011631232	0.013341251	0.00017605921	0.0005307455	0.0009453551	0.002290599	0.0016887512	0.0032388498	0.0018898795	0.0012402335	0.0028180531	0.03722967	0.0072944416	0.002290296	0.0017155331	0.0068557896	0.002056758	0.0068557896	0.023329763	0.0024149271	0.002069362	0.0007364594	0.00026544736	0.0007082306	0.0013948054	0.0004614565	0.0003982507	0.002717282	0.002717282	0.0019093562	0.007282566	0.0038604357	0.00085495185	0.007282566	0.0008468589	0.0072784927	0.025239937	0.0018733249	0.0022649989	0.00067879376	0.01710794	0.0023823108	0.0052495953	0.006874887	0.00059342757	0.0035560422	0.0010047216	0.0022846046	0.0002497754	0.0006812769	0.00032134767	0.0024897074	0.0005608853	0.00075565255	0.0018371056	0.0004851632	0.004433024	0.003587272	0.00083458074	0.008159444	0.0015068034	0.00048259136	0.00474429	-21.284366607666016
s06e15c	645.0	5.0	0.910762	0.910762	0.051573753	0.09261607	0.0011605865	0.0058812527	0.06084688	0.0073354137	0.0038302434	0.005535713	0.0023147936	0.00037588552	0.0068242135	0.004365378	0.001175031	0.0010285793	0.0011583478	0.0024348046	0.002284211	0.016560327	0.01724972	0.0029668515	0.0032268553	0.0019433451	0.0019265752	0.0019433451	0.038426213	0.0038393328	0.001958325	0.0006302579	0.00040298473	0.0004655114	0.001413338	0.00042136558	0.0002498628	0.0011558358	0.0005144245	0.00054067315	0.0007334051	0.00045006152	0.00013417145	0.0007334051	0.0007638311	0.0012033031	0.0026458825	0.00020287686	0.00018783771	0.00034702424	0.0014274801	0.00092124665	0.00091690064	0.018474668	0.00020657347	0.0030067621	0.0007216425	0.011271322	0.0013593439	0.0037058142	0.0004184132	0.00089779857	0.0018420228	0.00013935874	0.0012060123	0.0008164922	0.00089430413	0.0038182428	0.0013417611	0.00585617	0.0036979795	0.00012851735	0.010560449	-23.10258674621582
s06e15c	650.0	5.0	0.14126956	0.14126956	0.005947626	0.0019264504	0.00046338412	0.0034530296	0.11570236	0.0003154703	0.0017069156	0.001134951	0.00030877077	9.718497e-05	0.0025170338	0.008342158	0.0010763381	0.0025617394	0.0017228344	0.0005678889	0.0022070506	0.020012628	0.059326705	0.009900625	0.0022318976	0.026971858	0.0062338817	0.026971858	0.039542582	0.007238004	0.0025695087	0.00085193326	0.00028850907	0.00061864767	0.0037441934	0.0008128862	0.00050944876	0.006859547	0.0063529154	0.006859547	0.0020197856	0.0044905883	0.0016142842	0.0044905883	0.0037279888	0.009127686	0.015114238	0.0012472633	0.0010818915	0.0008048287	0.012137503	0.00861633	0.004262999	0.006920174	0.00033562677	0.0029218784	0.0018305018	0.0006195451	0.000121310426	0.004980514	0.0021556406	0.0009706514	0.00023027937	0.00053198205	0.006957385	0.0014209766	0.005236561	0.0030030264	0.0010648618	0.003924117	0.0025010102	0.0005925066	0.029488761	-32.166046142578125
s06e15c	655.0	5.0	0.87097377	0.87097377	0.076571345	0.0433127	0.00096069556	0.0037513662	0.19044682	0.0043017156	0.0012808376	0.010771156	0.00086754194	0.0003044275	0.01554065	0.004546185	0.0043999	0.004414493	0.0030334194	0.0005048181	0.0019241596	0.019195141	0.009389113	0.009389113	0.0015551983	0.0013298088	0.0010332523	0.0013298088	0.02303845	0.004583631	0.001746392	0.00036450787	7.812213e-05	0.0003216585	0.0007364998	0.00015913146	0.00012136434	0.0009272215	0.0009272215	0.0008050573	0.0009985485	0.0011303751	0.00027175064	0.0011303751	0.0015290997	0.0039966623	0.007097154	0.00089604326	0.0009799256	0.0007533159	0.0018996503	0.0033166537	0.0014368218	0.007985622	0.00019063623	0.0023599	0.00040399516	0.003229702	0.0003693936	0.007873607	0.00037504025	0.0005975062	0.00092048675	0.0001764969	0.0019370966	0.00036803083	0.002724774	0.010731254	0.0018182399	0.0039306455	0.004736659	0.00012666709	0.010731254	-26.988571166992188
s06e15c	660.0	5.0	0.7863837	0.7863837	0.023981681	0.1111527	0.00045745133	0.005938217	0.27897352	0.0018972425	0.0025186685	0.003678621	0.0004785684	0.0005792831	0.0058852127	0.0032358894	0.0008079916	0.002941267	0.00561266	0.0009823162	0.03392467	0.031204728	0.006329762	0.0053605875	0.001406288	0.0023557947	0.0011526374	0.0023557947	0.037568245	0.010814448	0.0033385186	0.0010655421	0.0002563139	0.0007663494	0.0035558697	0.00029909005	0.0003387596	0.0010761137	0.00063896575	0.0010761137	0.0017115355	0.0011069118	0.00018617534	0.0017115355	0.0005223299	0.0016898232	0.005919896	0.0011630157	0.0007388252	0.0010714235	0.0028260185	0.0005800475	0.002812229	0.005385553	0.00017416611	0.0019075812	0.00087349495	0.0023132171	0.0017914574	0.012726542	0.00022698838	0.0028878476	0.00034332307	0.00030540745	0.0010050806	0.0005846951	0.00092149683	0.002626154	0.0013765653	0.0033502402	0.0028620686	0.000104644714	0.007891286	-21.3286190032959
s06e15c	665.0	5.0	0.7924839	0.7924839	0.14486785	0.008184488	0.00021740342	0.005901421	0.13027665	0.000535826	0.0027929565	0.002233068	0.0001463259	0.0002896103	0.0006654381	0.00610647	0.0033205114	0.00023070615	0.002707057	0.0005857353	0.009747926	0.12277939	0.005335522	0.0048438325	0.0007970767	0.0025825691	0.0005480207	0.0025825691	0.022013512	0.0071324017	0.0030958166	0.0005255022	0.00020249344	0.00045318613	0.004090204	0.00035432333	0.00021111261	0.00057724904	0.00057724904	0.00044348722	0.0010304408	0.00068610633	0.00015499449	0.0010304408	0.0005583812	0.0027399084	0.0022632116	0.00048026568	0.00025610358	0.00055656774	0.0013277745	0.0015908873	0.0009818863	0.0118248705	6.649587e-05	0.0009915521	0.00090118486	0.00071550236	7.184718e-05	0.0008503914	0.00034212248	0.0005575728	0.00021504021	0.00016929657	0.0016403197	0.000677608	0.0008292928	0.0020656048	0.00079895725	0.0020713443	0.005713804	9.262653e-05	0.010760497	-23.207300186157227
s06e15c	670.0	5.0	0.119139425	0.119139425	0.001831355	0.0006856315	0.0008082943	0.010874432	0.0034950334	0.00063025876	0.060463212	0.002815254	0.00018655046	0.00023049815	0.0012815661	0.019363303	0.00042417416	0.00015833351	0.001651173	0.0002764909	0.018634534	0.0050561302	0.026493592	0.014512689	0.0011569165	0.09408457	0.038706273	0.09408457	0.7646361	0.039534844	0.027079955	0.00054607086	0.00016695051	0.00086762453	0.016078355	0.005714156	0.008235381	0.0022015958	0.00209662	0.00093889935	0.0064014704	0.0022774856	0.00034705203	0.0064014704	0.0005831954	0.020185098	0.012733344	0.00018005632	0.0007730449	0.0003592248	0.0011869102	0.021418333	0.002330537	0.00082513917	0.00011710569	0.0029760199	0.00040124054	0.0007558038	0.00015769558	0.000421987	0.0002597242	0.00041796235	0.0005367486	0.0006972868	0.0031017738	0.0010553006	0.0019374487	0.0042853546	0.0004898356	0.008894806	0.0035974153	0.00024135702	0.03383077	-19.338214874267575
s06e15c	675.0	5.0	0.6359589	0.6359589	0.005166956	0.0036282216	0.003919922	0.0052895867	0.08025791	0.0016715697	0.006111391	0.020950997	0.013674267	0.0008433492	0.0056336536	0.0015494638	0.0018512856	0.0017628445	0.008026799	0.005534028	0.0009791809	0.0023736265	0.16001624	0.001020301	0.006318189	0.13040024	0.003710881	0.13040024	0.4157283	0.024179975	0.024179975	0.0020551444	0.0013604356	0.0012015239	0.0030620976	0.0022558405	0.0018756543	0.0019581423	0.0017043727	0.0013801062	0.004389879	0.0012455181	0.0005459579	0.004389879	0.006296352	0.004377502	0.0040754643	0.0002105644	0.0016024108	0.0014961745	0.0033795822	0.00035735403	0.0014570596	0.014351815	0.003751211	0.005602992	0.00065021793	0.0030461736	0.0005084094	0.0010258142	0.00012175428	0.0018704819	0.0047846176	0.0006014523	0.014996424	0.0010859325	0.0006338562	0.0034293856	0.0024479679	0.010551116	0.002225167	0.0005549301	0.014996424	-24.807588577270508
s06e15c	680.0	5.0	0.06330213	0.06330213	0.0014178345	0.004460219	0.000843725	0.00055626006	0.0012057051	0.0026003974	0.01047129	0.0027358995	0.0063803536	4.5577282e-05	0.0034250305	0.0016875981	0.0028750927	0.0003884529	0.0060520065	0.00034968587	0.0011594351	0.0036983644	0.004923085	0.0019644042	0.0026194195	0.0031538308	0.0009381742	0.0039249333	0.17126955	0.031621266	0.0112818545	0.0019657968	0.00082288217	0.002664836	0.0052901288	0.0011403543	0.0012504227	0.0059050643	0.0043103513	0.0052909744	0.0007630876	0.00077132526	0.00212859	0.0010870503	0.0006901158	0.0076939682	0.020707596	0.0001866524	0.00041312503	0.0016220162	0.0018816834	0.00070168404	0.0031082372	0.002775176	0.0063690846	0.0023541264	0.00524668	0.000767499	0.0015932742	0.00036701336	3.4963552e-05	0.0016188294	0.0014984787	0.0016797914	0.0047709118	0.0039911936	0.0026593504	0.0031461348	0.002265406	0.0030836437	0.0035849428	0.5564652	0.015939865	-inf
