episode_id	onset	duration	talking	speech	man_speaking	woman_speaking	baby	shout	laughter	cry	singing	kids	groan	whistling	breathing	walking	mouth_sounds	fart	hands	heartbeat	cheering	crowd	mammal	dog_bark	cat	rooster	duck	bird	music	musical_instrument	guitar	piano	organ	electronic_instrument	percussion	bell	ambient_music	weather	wind	rain	river	wave	thunder	river_sea	fire	boat	car	traffic	car_honk	emergency_vehicle	train	cycling	engine	door	doorbell	knock	dishes	radio_tv	dryer_vacuum	zipper	keys	alarm	telephone	whistle	mechanisms	tools	boom	bang	glass	water	beep	silence	sudden_noise	db
s06e08a	0.0	5.0	0.0109715955	0.0109715955	0.0001974584	0.00013603426	2.8678085e-05	0.00095625204	0.0001512515	0.00091937016	0.011616333	0.00024827104	0.00011066435	3.0943993e-05	0.0001119119	0.00033083613	3.5178404e-05	9.250427e-05	0.0007550717	0.00010834537	0.00036671956	0.00016707489	0.0005441718	0.0005441718	0.00053135946	0.0005739103	9.6367075e-05	0.0005739103	0.75877345	0.17447396	0.071302265	0.0021247994	0.00034110132	0.0013270059	0.14772423	0.000672341	0.015200907	0.00012726334	0.00012726334	6.0110786e-05	0.00021835945	0.000104711595	5.0120158e-05	0.00021835945	0.00012425604	0.00026521285	0.0022451978	0.00011278738	0.00011179403	0.00016257775	0.0004549003	0.0015687385	0.00030808477	0.00232934	0.0010183209	0.148932	0.0013123	0.00013666926	0.0002634058	1.9315217e-05	4.923833e-05	0.00035098122	0.00014151873	5.3675845e-05	0.00043084324	0.0018072915	0.0008461472	0.0050689774	0.002498013	0.0006538947	0.0023779992	0.15123247	0.0052907257	-22.154340744018555
s06e08a	5.0	5.0	0.71096236	0.71096236	0.0149590755	0.0042092674	0.00029471397	0.0013772007	0.0048324545	0.00039765774	0.00066365657	0.00278775	0.00025624232	0.0002052097	0.008380501	0.011682451	0.0016384374	6.863192e-05	0.003219409	0.00026680125	0.0008732083	0.0009488496	0.027079767	0.004836221	0.003632152	0.0029016535	0.0010857411	0.005102705	0.026127515	0.0033376745	0.0014763984	0.00043110616	0.0003546043	0.00031537164	0.0021495987	0.0003811609	0.00016824622	0.0018203789	0.0013205349	0.0015753591	0.0004752838	0.00040458294	0.00041125724	0.0004752838	0.0064663016	0.0017341328	0.0022426504	0.00013719886	0.00075521384	0.00049666734	0.0009065648	0.0044379113	0.00085604173	0.08863744	0.00021865196	0.05455118	0.00311008	0.0016901247	0.00056058523	0.0006502861	0.0011789033	0.0014632506	0.0013085969	0.00045138612	0.009980103	0.0021343315	0.0014849812	0.023426756	0.00042612903	0.008255025	0.0054795602	4.6927587e-05	0.062409412	-19.79731559753418
s06e08a	10.0	5.0	0.8334179	0.8334179	0.021719866	0.020706518	0.00064743654	0.0003773378	0.0021059609	0.0007709813	0.0022100727	0.0007981054	0.0013588286	0.00027079732	0.0035015976	0.002555131	0.000574915	8.283266e-05	0.00035449464	0.00052531436	0.00018832729	0.0008655289	0.004111987	0.0021221228	0.0016980472	0.005699356	0.0014195733	0.005699356	0.056353483	0.011296332	0.0038694774	0.001020753	0.0007829951	0.0014864794	0.0031825202	0.00075949973	0.00041523995	0.0009280753	0.0003567784	0.00072597264	0.000643589	0.00021310363	0.00020810441	0.000643589	0.0010624374	0.0020219234	0.0014734293	7.969307e-05	0.00030878227	0.0008248444	0.00076343527	0.00029495038	0.0008848335	0.0011017466	0.000589909	0.0026413111	0.0008749577	0.037833627	0.00061604555	0.007734766	0.0001757858	0.0015291608	0.0028757926	0.00011066319	0.014786421	0.0011931219	0.00033734814	0.00066426303	0.00038241985	0.0024673573	0.0007370657	0.00012560611	0.038918637	-18.56841278076172
s06e08a	15.0	5.0	0.74518824	0.74518824	0.03902876	0.016469024	0.00014211291	0.0014540531	0.12513986	0.00069309096	0.0025966761	0.0049467627	0.0011725768	0.0005509384	0.0014195105	0.0033503694	0.0010234265	0.0022660485	0.0014286675	0.0008284825	0.014206704	0.01892824	0.015740132	0.0041113896	0.0053483187	0.003679285	0.0020201288	0.0053954725	0.032324087	0.0053166617	0.0023678085	0.00086066854	0.00041817932	0.0007207515	0.0021433083	0.00049726304	0.000306206	0.004147177	0.002703753	0.004147177	0.0070751086	0.0034974704	0.0018927032	0.0070751086	0.0012307088	0.017183907	0.03255481	0.0030074697	0.0016326134	0.0007065752	0.057713274	0.0044799405	0.01216883	0.004981031	0.00042554797	0.0029973153	0.0024236054	0.0021219673	0.000438245	0.0016011999	0.0007734686	0.00068373303	0.00092044426	0.0020369997	0.0083733	0.00058334967	0.002161604	0.0024952034	0.0024536056	0.02489948	0.0013854963	0.00024223422	0.021318046	-17.362531661987305
s06e08a	20.0	5.0	0.85329854	0.85329854	0.04475302	0.021211065	0.00038638507	0.002747345	0.012324347	0.0010042881	0.00092050695	0.0015801288	0.00033178023	0.0008072405	0.011815124	0.033954397	0.0036180634	0.00010708722	0.002162748	0.00079516566	0.002454334	0.016236898	0.018334331	0.008810318	0.0025025534	0.0054099374	0.0025401178	0.008462091	0.037036113	0.009537059	0.005824359	0.0012161569	0.00074881106	0.001309115	0.006409573	0.000434331	0.0003042215	0.014953005	0.0057201358	0.014767373	0.010505426	0.0040126117	0.002093424	0.010505426	0.009938155	0.012708508	0.007441587	0.0013471325	0.00096566754	0.0020254452	0.0030381037	0.0065774657	0.0033850055	0.013724902	0.00088414457	0.0058492725	0.0028399928	0.006864565	0.0007662209	0.011002954	0.0013161628	0.0018251523	0.0016535021	0.0003953407	0.011431593	0.0027499697	0.0020148715	0.0023634578	0.0022085307	0.027185783	0.004231899	0.00010325442	0.02373394	-19.16416358947754
s06e08a	25.0	5.0	0.83315736	0.83315736	0.027566625	0.0015830157	0.00073885266	0.0040367316	0.36392823	0.00047065457	0.00348615	0.001441126	0.002295508	0.00059659994	0.0017364018	0.0031701685	0.005132316	0.00064898067	0.0033623658	0.0023446777	0.0041817795	0.042982545	0.022355832	0.0017125027	0.0014970361	0.0041097966	0.0005850886	0.0041097966	0.041835576	0.007012237	0.005808207	0.0015440146	0.0006439421	0.0013087926	0.0028191977	0.00016851291	0.000313228	0.00078678003	0.0006475047	0.00078678003	0.0010040867	0.00066928094	0.0006470587	0.0010040867	0.0024636937	0.0042937333	0.005092693	0.0006457301	0.0007116449	0.00053534686	0.0048714844	0.0005794485	0.0037186407	0.023698814	0.00031356083	0.0015407901	0.0010526938	0.0038513185	0.00013009334	0.00046415906	0.0002792365	0.0015052733	0.0007820637	0.0004659598	0.0031235416	0.0015691926	0.0009789319	0.0024565626	0.0015021911	0.0053972565	0.0017837833	0.00026643366	0.0031235416	-19.09964942932129
s06e08a	30.0	5.0	0.8855199	0.8855199	0.06119468	0.021509236	0.00030794088	0.003991277	0.02404146	0.0006421228	0.00044626452	0.0062131374	0.00016627817	0.00013876932	0.0026517755	0.018459577	0.00052583334	0.000535838	0.00074751955	0.0017199673	0.001257395	0.025089314	0.027469212	0.018020267	0.0043990687	0.005581778	0.0022111456	0.008923386	0.08459384	0.0023851572	0.0007086047	0.00033845907	0.00030206316	0.00026931684	0.0022500632	0.00021860233	0.0002387317	0.0032715844	0.0011033304	0.0019548612	0.00074378325	0.00059132953	0.0006526532	0.00074378325	0.0013058704	0.004115681	0.0079487935	0.00042820926	0.0002813771	0.0005776539	0.0024922146	0.0022020559	0.0013694181	0.03409678	0.0004407058	0.014876006	0.00091047323	0.0016118591	0.00020296237	0.0015285201	0.00040610498	0.0005480471	0.0011355237	0.00046654913	0.003262017	0.000768319	0.0014392835	0.009257196	0.0006276419	0.004669775	0.0027250631	0.00017223884	0.019521834	-19.788074493408203
s06e08a	35.0	5.0	0.8597822	0.8597822	0.054274824	0.047411464	0.00040379612	0.0040224646	0.24557479	0.0023677815	0.0019068043	0.0015480254	0.00032345898	0.00047326816	0.0026814267	0.0018190632	0.0027304525	0.00046762396	0.0010425652	0.0016552331	0.0027867917	0.035721008	0.0030489785	0.0017071895	0.0030489785	0.0008306784	0.00042509145	0.0016886523	0.043149628	0.00883358	0.005658419	0.0010883564	0.00031876325	0.0011224193	0.0035905852	0.0002682242	0.0003125902	0.0010696347	0.0010378398	0.00062001887	0.0039569763	0.0023386178	0.00018866196	0.0039569763	0.00064030266	0.0057610767	0.0063822516	0.0009168805	0.00046565986	0.0006541184	0.0032912958	0.00073473464	0.0028500573	0.00245157	0.0006885657	0.00052689377	0.0006652162	0.005651681	0.000619776	0.0036084363	0.0005536492	0.0010064155	0.0006203611	0.0004233707	0.0018516593	0.0009586297	0.0005281324	0.001615056	0.001459893	0.0055007637	0.0018554281	0.00021240518	0.0018554281	-18.45883178710937
s06e08a	40.0	5.0	0.8792129	0.8792129	0.19745526	0.020153435	0.000169253	0.010124093	0.09566621	0.004354422	0.0075649917	0.0009407673	0.0014629044	0.00016573288	0.0008465822	0.00587189	0.00081745593	0.00032748032	0.0016871016	0.0031747827	0.0021837635	0.04990358	0.003065736	0.0011318485	0.0007169221	0.00028529426	0.0005229149	0.0032943427	0.07763617	0.0061021848	0.0025206495	0.0003196939	0.00013531018	0.00032588415	0.0020050518	0.00018231601	0.0005634779	0.0041902866	0.002371339	0.0041902866	0.0013836088	0.0017848976	0.0017645503	0.0017848976	0.0013221104	0.006515616	0.007672708	0.0006975307	0.00038407362	0.00038256755	0.0012732508	0.00094854087	0.0016499229	0.021841772	0.00023167495	0.008001908	0.001259339	0.00370611	0.00010862156	0.0008811547	0.00048321232	0.00041033738	0.0018899542	0.00015013058	0.0032411106	0.00019164187	0.0015864122	0.006763636	0.0003216695	0.0074991514	0.004901641	0.00015081427	0.0069719683	-19.81863784790039
s06e08a	45.0	5.0	0.80177397	0.80177397	0.019571494	0.02004903	0.00022261663	0.011040721	0.1886757	0.0023733736	0.005021331	0.0016870486	0.0040612174	0.0003653172	0.001342537	0.008508567	0.0024705117	0.0011019906	0.001377162	0.0026661402	0.0029123416	0.067998014	0.017398825	0.0036934686	0.0019128906	0.0020099948	0.0032108587	0.0032108587	0.0778019	0.0034480414	0.0018586401	0.00076453935	0.00057307835	0.0008321599	0.002736644	0.00054190983	0.0009937112	0.0014203307	0.001419789	0.0010574844	0.0032919608	0.0018435814	0.0005105766	0.0032919608	0.0012670578	0.01024954	0.012024434	0.0011463785	0.0016644226	0.0009260367	0.0065360535	0.0030755042	0.002569467	0.012353937	0.00093372876	0.0025553154	0.0012730422	0.0054835947	0.00034153264	0.006254422	0.0012074049	0.0008387115	0.0029078533	0.00054518256	0.0036440268	0.00069091434	0.0027766833	0.0071752314	0.0012366186	0.0065691518	0.0030669505	0.0003530491	0.0071752314	-20.00963020324707
s06e08a	50.0	5.0	0.82674974	0.82674974	0.030880535	0.050644886	0.0009623556	0.0018833401	0.1892271	0.004696123	0.0051355357	0.0038180146	0.0030779468	0.00051796297	0.009753544	0.0028545135	0.0037998778	0.0026345178	0.002617589	0.0015408973	0.0019176024	0.003948558	0.007709249	0.0041082143	0.0014970952	0.0012595527	0.0015023234	0.0015023234	0.050629284	0.01150976	0.0051323115	0.0012136521	0.00032499153	0.0008645374	0.0031404616	0.00033374014	0.00033330006	0.0010441929	0.0010267181	0.0010441929	0.001205836	0.0016896252	0.00055103004	0.0016896252	0.0017732742	0.0049746283	0.010846775	0.00084972	0.001428003	0.00033993705	0.01136742	0.0011540536	0.002701121	0.015018351	0.00026866182	0.0031741126	0.0013491027	0.010187068	0.0002870631	0.006491289	0.0013195291	0.001814539	0.00533977	0.00058531784	0.0025631178	0.0005171694	0.0020482878	0.008975125	0.0016028268	0.0039674733	0.002227317	0.000249748	0.008975125	-20.09905242919922
s06e08a	55.0	5.0	0.80758774	0.80758774	0.079198435	0.027297437	0.00023419343	0.0006581374	0.0011956163	0.00034876482	0.0018177174	0.0005248787	0.0008714416	0.0003777951	0.004890896	0.010108249	0.0007079175	6.8832414e-05	0.00040569674	0.0010079987	0.0004301532	0.0026358739	0.00542303	0.0028838315	0.0011628546	0.0076585	0.0014659306	0.0076585	0.033565056	0.005798902	0.002161754	0.0005544876	0.00061175355	0.00094706524	0.0025322624	0.0004824713	0.00026736784	0.003203409	0.0015471457	0.0028214962	0.0016979009	0.0009120618	0.00095398066	0.0016979009	0.0016083125	0.007360915	0.008048222	0.00030063643	0.0006781171	0.0021869482	0.002129594	0.0012466932	0.003056984	0.0025467894	0.00036304092	0.0029324032	0.00073283643	0.028971829	0.00056861795	0.0030498237	0.000106556516	0.001515246	0.001279121	0.00033363674	0.009870927	0.0027044653	0.0009851266	0.00073817564	0.0005661222	0.004726438	0.0010739793	0.0002090929	0.02628911	-19.63533592224121
s06e08a	60.0	5.0	0.869722	0.869722	0.055339597	0.019894764	0.00028253303	0.005354286	0.39506054	0.0015317126	0.0026014575	0.0005618658	0.00066426053	0.00010891602	0.0013849811	0.0014096118	0.0034847518	0.00222558	0.0022451142	0.00074179034	0.0046903095	0.011339289	0.0019979854	0.0019979854	0.0007768402	0.00083206233	0.00041280006	0.00083206233	0.033324994	0.0067708124	0.0035186117	0.0008334201	0.00032457383	0.0007469659	0.0061627417	0.00029531392	0.00035851146	0.0007651071	0.00039309452	0.0007329338	0.0004387834	0.00062762876	0.0007651071	0.00062762876	0.0005636662	0.0017460469	0.004782627	0.00038672332	0.00045912905	0.0003653071	0.0010489123	0.00036812064	0.004207379	0.014585108	0.00020477481	0.002098261	0.0015127914	0.0025957453	0.00037959276	0.0032484315	0.00086919015	0.0006406188	0.0002872145	0.000142908	0.0017008067	0.000962876	0.0018133672	0.0043549677	0.000929114	0.0014085638	0.0029941567	0.00014100297	0.0043549677	-18.35308265686035
s06e08a	65.0	5.0	0.77951515	0.77951515	0.06502127	0.035934493	0.00030134033	0.0050107217	0.06367972	0.0045491336	0.0051679956	0.0022541604	0.019753678	0.00032799618	0.0042327815	0.004533792	0.0014374849	0.00091748	0.0010511987	0.0042826836	0.0061693485	0.025041161	0.0086924145	0.0021093707	0.0023852398	0.00213357	0.0011376305	0.004362463	0.07321429	0.003791371	0.0014833276	0.00075236993	0.00055289693	0.00060138234	0.003132746	0.000349077	0.0005922328	0.008494993	0.005157	0.008494993	0.0033608512	0.008480719	0.0055908025	0.008480719	0.0015393075	0.012219351	0.05740474	0.009389725	0.0028125956	0.0034526307	0.037173435	0.0017572849	0.005293598	0.00894431	0.0008994331	0.004889102	0.0015853356	0.005990441	0.00052237714	0.001310021	0.0011296527	0.003014256	0.0026704979	0.0014822149	0.004803031	0.0010780878	0.0027259507	0.006532441	0.0015167941	0.005740645	0.0021337192	0.0003165923	0.0154075865	-18.3880672454834
s06e08a	70.0	5.0	0.7198555	0.7198555	0.015697578	0.0043040407	0.0013828744	0.003678453	0.00739329	0.026193833	0.003086869	0.0006238546	0.029740974	0.00029213555	0.0025255242	0.004572479	0.002908954	6.902856e-05	0.0026534507	0.00069625885	0.00044867088	0.021588173	0.02294204	0.015479553	0.0011957274	0.0030967384	0.007934112	0.007934112	0.076167665	0.0023879386	0.0004284216	0.00044143802	0.00019839709	0.00033846422	0.00080336217	0.0002517742	0.000511845	0.0016216448	0.0013452747	0.0005786869	0.0011266217	0.0012396472	0.00046419178	0.0012396472	0.0010782224	0.008727553	0.0053401245	0.0010396022	0.00061761256	0.0018493393	0.004737581	0.00046204872	0.0023451752	0.023494553	0.0007146771	0.0035989028	0.0013588144	0.012384765	0.00016094264	0.0016789808	0.0028320071	0.0015966486	0.0053535295	0.00046071527	0.0036181668	0.0012617079	0.00045365663	0.0033592177	0.0018148135	0.010628887	0.004728313	8.138712e-05	0.017408846	-19.09751510620117
s06e08a	75.0	5.0	0.84767336	0.84767336	0.012795439	0.1025098	0.0006405001	0.0038788568	0.157548	0.0031230873	0.002499859	0.0072266306	0.0006086387	0.00017933447	0.0008745176	0.009386704	0.0011080723	0.0010637642	0.0019350954	0.005863604	0.010192165	0.022402085	0.008876094	0.0019435763	0.0009382438	0.0029993625	0.001384459	0.0029993625	0.2766439	0.008335073	0.0023671326	0.0012070495	0.00033595366	0.0007902454	0.0023247136	0.0005994056	0.0013024855	0.0015470507	0.0010236367	0.0015470507	0.002281166	0.0020572129	0.00049729715	0.002281166	0.0005434624	0.0031965934	0.008354775	0.0012847339	0.001092828	0.0015386717	0.010422985	0.001387232	0.0014760835	0.008623384	0.0029085074	0.001986575	0.0005176666	0.0035239558	0.00096478104	0.0032100193	0.00027183254	0.0020705883	0.0009612326	0.0003383439	0.0011911251	0.0004613861	0.00040916944	0.001093532	0.0006407376	0.010229919	0.0036083814	0.00032256008	0.022792349	-19.286643981933597
s06e08a	80.0	5.0	0.7674998	0.7674998	0.01603898	0.0012259878	0.0005053778	0.0032155104	0.2726687	0.00052533543	0.0038792603	0.0012917682	0.0019505306	0.00022544923	0.00054960884	0.0026594072	0.002010414	0.0005926597	0.0015128909	0.0030781694	0.008936798	0.03366202	0.010609339	0.00076073117	0.0020731676	0.0075916266	0.00041646612	0.0075916266	0.067376	0.0077509587	0.004249332	0.0010248115	0.0009262405	0.0009502812	0.005617282	0.00014737906	0.0005270321	0.00079015584	0.00079015584	0.00073724904	0.0013339072	0.000770603	0.00036485083	0.0013339072	0.0018243325	0.00278405	0.0039550746	0.0005189088	0.000722196	0.00033281266	0.004826024	0.0004678067	0.0040922575	0.009465144	0.00026822623	0.0016982744	0.0012205604	0.0023601502	0.00032724906	0.00023464827	0.00022107907	0.000677632	0.0004736949	0.0004701443	0.0028875924	0.00080605136	0.00086212624	0.0019083905	0.000425707	0.0022937504	0.0020744067	0.00036001316	0.023589572	-19.185136795043945
s06e08a	85.0	5.0	0.056182843	0.056182843	0.0032519656	0.0012751981	0.00035141179	0.00946109	0.015623938	0.00039222537	0.040985342	0.0029299578	0.0002812489	0.0002138957	0.0003635949	0.0019441805	0.0002588128	0.00016878806	0.0020091878	0.00093379454	0.07146579	0.020633508	0.0011801168	0.0011801168	0.0007283706	0.0044849617	0.0010885845	0.0044849617	0.78254807	0.26452547	0.18010367	0.0017361225	0.0013054115	0.0014085277	0.048847165	0.0012835456	0.0072386274	0.00038157008	0.00034364578	0.000381489	0.0020675764	0.0009869975	0.00013058737	0.0020675764	0.00013690039	0.001148244	0.0024925843	0.00030147654	0.0010705868	0.00043168932	0.0030123836	0.00075398665	0.00039525214	0.0016761873	0.00016122665	0.0008387947	0.00039963215	0.00074484944	0.0006228446	0.00036144012	0.00026244565	0.0013477548	0.00015659277	0.00043670367	0.00028312788	0.00044679147	0.0010145947	0.011363959	0.00048481606	0.00095002877	0.001166023	0.000153581	0.016517522	-19.194862365722656
s06e08a	90.0	5.0	0.023588508	0.023588508	0.00038790153	0.00030472453	7.263957e-05	0.0024750107	0.00016995292	9.81314e-05	0.08150796	0.00076335744	4.6936806e-05	0.000172076	0.0006548495	0.00024019084	0.00014168832	8.5118765e-05	0.0001782594	0.00045325267	0.000339595	0.00054288696	0.0014807105	0.0014807105	0.00094917003	0.0017582631	0.0007089134	0.0017582631	0.8447264	0.2526632	0.17447415	0.00087189267	0.00017213836	0.003110667	0.080116555	0.005087142	0.025338141	0.0003242157	0.0003242157	0.00027428148	0.0004142857	0.00041758356	0.00017885359	0.00041758356	0.00023441727	0.0009896524	0.0022620393	0.00012751235	0.00054750405	0.0001750208	0.0006851746	0.0015698577	0.00069649774	0.0002752841	0.00031023464	0.00028880572	0.00059184205	0.0008264478	0.0003513947	0.00018170755	0.0010751699	0.00024010794	0.0003848664	0.00058675784	0.0006525319	0.0016633477	0.0025185356	0.0009243288	0.0007804809	0.0009012707	0.0012129783	0.00030161653	0.03309431	-19.90420150756836
s06e08a	95.0	5.0	0.031410918	0.031410918	0.0002566964	0.00016853893	0.00013072354	0.0038432302	0.000346927	7.2975185e-05	0.10613819	0.0003652326	9.22475e-05	0.00041185945	0.0006539405	0.00035096882	0.0003025762	4.7455425e-05	0.0003236382	0.0001719966	0.00025722486	0.00034623215	0.0029046587	0.0029046587	0.0008049047	0.0017911427	0.0015892629	0.0017911427	0.85020804	0.11324825	0.0622536	0.0015370506	0.0001856423	0.0020819185	0.06331309	0.008559362	0.021691903	0.00031149897	0.00031149897	0.00016677297	0.0002974297	0.00028792652	7.410648e-05	0.0002974297	0.00018841944	0.0011195248	0.0014067234	5.2189025e-05	0.00016294679	0.00017557842	0.0006378508	0.0012873483	0.00029593453	0.0012709566	0.0004002645	0.0008502683	0.0012923933	0.00082745054	0.00020841479	0.000105143736	0.0011885943	0.00053105975	0.0008616035	0.0006561877	0.0015852253	0.0009399869	0.0010164856	0.0005008223	0.00086286175	0.0009935948	0.0015926659	0.00054366834	0.041211493	-20.14488220214844
s06e08a	100.0	5.0	0.059253853	0.059253853	0.00040316686	0.0010355504	0.00015009136	0.008912289	0.00030613886	0.00021966666	0.18934205	0.0017521007	0.000103696475	0.00039477693	0.00045938362	0.00025860092	0.00025757946	3.683296e-05	0.000378143	0.0007883651	0.00020694174	0.0006600199	0.0018187785	0.0018187785	0.00066288566	0.0015482509	0.0005939377	0.0015482509	0.8718702	0.1294384	0.07435238	0.0016468168	0.00042425745	0.0026696916	0.115265764	0.006437563	0.036604486	0.00025836137	0.00025836137	0.00022108413	0.00022812442	0.00024744959	0.00014195703	0.00024744959	0.00016665563	0.0005058911	0.0006334323	5.0805505e-05	0.00012738025	0.00023981671	0.0006256355	0.00041747134	0.00023210849	0.0005028325	0.0005639459	0.0008584178	0.00023091103	0.0005646548	9.1690694e-05	0.00010660275	0.0005776685	0.00057008065	0.00051380147	0.00049857533	0.0010981968	0.00026375634	0.0014197822	0.0007159246	0.00029062154	0.0007014865	0.0012136624	0.00018524163	0.046151374	-19.06741523742676
s06e08a	105.0	5.0	0.02290566	0.02290566	0.00048331916	0.0002950055	0.00019412836	0.0020762258	0.0004706088	0.00019343014	0.17464216	0.00039276696	9.201398e-05	0.00040283607	0.0011344159	0.00073949434	0.00019420352	8.912146e-05	0.0004811289	0.00090324925	0.00030553443	0.000571123	0.0020459264	0.0016190445	0.000600278	0.0022731363	0.0007317251	0.0022731363	0.869919	0.13397454	0.09186469	0.0017370732	0.00044229664	0.0025804646	0.06453162	0.0028128293	0.029039582	0.0003795099	0.0003795099	0.00025074437	0.00020472446	0.00029652595	0.00021180477	0.00029652595	0.00019953401	0.00062156405	0.0012934012	6.375967e-05	0.00020970985	0.00028440566	0.00092957844	0.00095038454	0.00026602755	0.00044533555	0.00048430724	0.0011724527	0.00020249576	0.0015497067	0.000109066925	0.00022039821	0.00034508685	0.0005700434	0.0016331295	0.0004411825	0.0009527212	0.00036483727	0.0009124003	0.00050112675	0.00047591716	0.00037845384	0.0012847303	0.00026176046	0.02906783	-19.040102005004883
s06e08a	110.0	5.0	0.019515932	0.019515932	0.00024728614	0.00032910687	5.9646896e-05	0.0073542423	0.00015767198	0.00017922386	0.21988112	0.0005085483	5.366423e-05	0.00015952464	0.00032959293	0.00029044537	0.0001940436	3.5797573e-05	0.00026114177	0.00059221673	0.00017636585	0.0005258569	0.001584916	0.001584916	0.0005088513	0.0015049444	0.0003695796	0.0015049444	0.83313894	0.10060764	0.057507016	0.0013759427	0.00038329838	0.00193218	0.060455814	0.008781922	0.025883615	0.0006656538	0.0006656538	0.0002675101	0.00020844379	0.00031493447	0.0002028819	0.00031493447	0.00039226963	0.0007985584	0.0008958307	6.4527376e-05	9.4344505e-05	9.5782845e-05	0.00075677567	0.0011423728	0.0002417271	0.00021216756	0.00033602392	0.0005298624	0.00023105681	0.0006517954	6.807461e-05	3.9741317e-05	0.00047016895	0.00018319392	0.0002688299	0.00020860642	0.00074233697	0.00023012418	0.00088932895	0.00045473923	0.0003564293	0.00045199218	0.0007919921	0.00035312638	0.043606427	-19.0665283203125
s06e08a	115.0	5.0	0.009343723	0.009343723	0.00017789181	0.00024736326	5.1647385e-05	0.0011889255	9.364726e-05	7.7378485e-05	0.035780158	0.000166022	6.329725e-05	0.00021506297	0.0006688368	0.00023922342	0.00016091378	8.404844e-05	0.0001552378	0.0002445814	0.00036791578	0.0009211527	0.0005918223	0.0005918223	0.0004310127	0.0008100704	0.0005982715	0.0008100704	0.8306069	0.25071612	0.17548063	0.0047555296	0.0052784937	0.0041772425	0.06936653	0.0055975956	0.01166229	0.0004214222	0.0002576227	0.00040399612	0.0005688185	0.00030713546	0.0001726578	0.0005688185	0.00015306623	0.00061649515	0.0011525649	6.2274456e-05	0.00025876172	0.00016048031	0.0005682706	0.0012781152	0.00042136115	0.00021488057	0.000158321	0.0001718312	0.0003135486	0.0010853393	0.00025656575	0.00027741454	0.0006954753	0.00038688743	0.00032054234	0.00035001623	0.000919637	0.0014523447	0.0007850542	0.00050734536	0.00052129704	0.0008373492	0.0007461342	0.0001788101	0.016012542	-20.313983917236328
s06e08a	120.0	5.0	0.012994827	0.012994827	0.0003835175	0.00038476847	0.00021113212	0.0005311554	0.00015264981	0.00030305257	0.017293425	0.0003945685	0.00012654733	0.00031752817	0.0013171297	0.0006274332	0.00023385805	0.00011708357	0.000100995494	0.0004630291	0.00027500314	0.00029177425	0.0017678466	0.0017678466	0.0016407243	0.0017649678	0.0016935186	0.0032324262	0.8392323	0.11633193	0.11633193	0.0032386528	0.0004552148	0.0021021063	0.015737323	0.0052404595	0.019578759	0.0007064699	0.0006334652	0.0006391345	0.0010696887	0.0017202146	0.00036789227	0.0017202146	0.00018904262	0.00293647	0.0059672487	0.0004120091	0.0004244059	0.00019342938	0.0020156251	0.001515479	0.0012435623	0.0005294315	0.00046856806	0.0005227341	0.00039774	0.0005353344	0.00095979084	0.00026290273	0.0005091075	0.00024967204	0.0004776091	0.00086688006	0.0014644844	0.0031897696	0.0012070622	0.0012315648	0.001181057	0.0029428294	0.001026876	0.0003663586	0.0068840287	-20.747238159179688
s06e08a	125.0	5.0	0.8677059	0.8677059	0.012251508	0.1401082	0.001178681	0.0011957798	0.003774707	0.00070704037	0.00078664697	0.014487	0.0003487123	0.00028277017	0.0018035938	0.00948329	0.0010688901	0.00027539907	0.0007570004	0.0012825179	0.0004640991	0.0045906617	0.022938043	0.010616474	0.002112001	0.003712043	0.0027882443	0.0047711926	0.107053384	0.0031533602	0.00064466265	0.00065485324	0.00051297346	0.00054934225	0.0015784522	0.00024800512	0.00033621638	0.023224622	0.006844624	0.023224622	0.002251119	0.004237104	0.0065080603	0.004237104	0.002277958	0.007456016	0.003927958	0.00037633444	0.00042828356	0.0003496899	0.0040588537	0.0012412292	0.000815687	0.004749668	0.0008073409	0.0024585219	0.00057722017	0.0023336501	0.0004719592	0.012190831	0.000117096075	0.00052497676	0.0009730913	0.00028471576	0.0016848705	0.00041549138	0.0024440656	0.0055742185	0.0004992311	0.016762085	0.004304361	0.00012814607	0.009853843	-20.844850540161133
s06e08a	130.0	5.0	0.7712021	0.7712021	0.06549865	0.0061607244	0.00018431913	0.00023954133	0.0013456867	0.0003000168	0.000611748	0.00025595372	0.00033261505	0.000548174	0.013872569	0.005039517	0.00013184018	7.0598326e-05	0.0004019542	0.0012647627	0.00019614525	0.0020274732	0.04868548	0.0017967134	0.04868548	0.0037629497	0.0017132065	0.009723065	0.031273525	0.00592632	0.0031539823	0.0005445552	0.00035803535	0.00074201764	0.0070220684	0.0006442318	0.00023632187	0.0066513186	0.0031332627	0.0037872454	0.002819667	0.0019282005	0.0010159904	0.002819667	0.0015719024	0.008243131	0.003629561	0.00018448546	0.00041870284	0.00028245978	0.0046788547	0.00239573	0.0024499635	0.0039533037	0.0003087852	0.0019237787	0.0013523683	0.013909767	0.00046759116	0.0042050923	0.00062539405	0.0006474794	0.000767083	0.0012759439	0.010900883	0.018167999	0.0009974901	0.0008873478	0.0010772593	0.05462439	0.00077688205	0.00025829242	0.05858194	-20.75983428955078
s06e08a	135.0	5.0	0.89116895	0.89116895	0.031219995	0.016261281	0.0003169514	0.0012446227	0.14881891	0.0024233796	0.001152879	0.004553705	0.0023953083	0.00067511096	0.001959259	0.004462546	0.002666683	0.0004528137	0.0006317358	0.00073896453	0.0009207131	0.018622268	0.014151342	0.0058854697	0.0021670577	0.0063985926	0.0032531193	0.0063985926	0.19034761	0.010929938	0.0031768796	0.0013057938	0.0009366179	0.001510366	0.00287183	0.00047685983	0.0006268812	0.00950867	0.0024559854	0.00950867	0.019163137	0.004809979	0.0017279389	0.019163137	0.002025739	0.01771259	0.0040018135	0.0005132012	0.00047845888	0.00033550346	0.0022064259	0.0016220695	0.0013557528	0.0063236104	0.0009361722	0.0028810645	0.00057195534	0.003147927	0.0002538428	0.0053404686	0.0005399547	0.00048642926	0.0006411132	0.00037101688	0.0024861027	0.0005613086	0.00067506713	0.003371712	0.0019461873	0.034395017	0.0020930534	0.0001693502	0.003371712	-20.202423095703125
s06e08a	140.0	5.0	0.8891044	0.8891044	0.027560165	0.13122647	0.0005666699	0.0031425508	0.23307413	0.005131333	0.0015379464	0.0015176408	0.0007319625	0.00035309626	0.007906487	0.0027112437	0.006240112	0.0005494501	0.0008635527	0.001325579	0.0021709898	0.078258365	0.004225301	0.0015505155	0.0028093809	0.0008337386	0.00037713442	0.0015486719	0.065594986	0.005804766	0.0015724952	0.000974845	0.000424705	0.00080663996	0.0028798813	0.00015890038	0.00044340143	0.00244242	0.0014930562	0.00244242	0.003295909	0.0035442712	0.00083963515	0.0038128258	0.0011860699	0.0046113664	0.004647902	0.0010893117	0.00035519863	0.0011456972	0.0019197024	0.00061396323	0.0022147726	0.005811278	0.0005962083	0.000870112	0.0010237093	0.014633014	0.0037805603	0.025315424	0.00031347477	0.0011680847	0.00019332522	0.00031948858	0.0017379549	0.0008674919	0.0008498819	0.002109732	0.0025368289	0.00888207	0.0051244264	0.000101167076	0.0051244264	-19.678056716918945
s06e08a	145.0	5.0	0.76334846	0.76334846	0.07419808	0.0056217425	0.00033173658	0.005835491	0.36106503	0.0015455467	0.0035166193	0.0011051412	0.0007716726	0.00036667028	0.0017708652	0.0053795082	0.0018984192	0.00059950555	0.0025692398	0.0010208932	0.015010214	0.019003097	0.0046721003	0.0031197534	0.001265437	0.018962998	0.001802963	0.018962998	0.06034035	0.016764946	0.0073776403	0.0012367135	0.0005814399	0.0011482604	0.0065184254	0.00024117829	0.0004218195	0.0017254887	0.0011448616	0.0017254887	0.006370216	0.0021371301	0.0006605548	0.006370216	0.00086723035	0.006749697	0.009631433	0.0012297549	0.0012562949	0.0010714297	0.0052326526	0.00083422335	0.0028425893	0.006226625	0.0001655113	0.0010490478	0.00086122885	0.0026492996	0.0004593013	0.0019094425	0.0007286223	0.0011122337	0.0001825063	0.00030804367	0.0030934778	0.0011674656	0.0007033662	0.0037474905	0.0011507439	0.010442352	0.0023689792	0.00022102722	0.009841638	-19.762527465820312
s06e08a	150.0	5.0	0.8529534	0.8529534	0.02086813	0.11107033	0.0002354234	0.0035334257	0.10283234	0.0020063596	0.0018714489	0.016424265	0.0002062452	0.00025145322	0.0017945179	0.004696865	0.0020818848	0.0009438458	0.0028849656	0.004239604	0.003210984	0.060727295	0.006837211	0.0025260036	0.00179326	0.0024145676	0.000421755	0.0024145676	0.047052942	0.0045333114	0.0019767636	0.0006841319	0.00047020635	0.0007207735	0.004392001	0.00036356878	0.00032989754	0.0012585992	0.0010548423	0.0011065566	0.0027855185	0.0011993827	0.00023441235	0.0027855185	0.00096213643	0.0027816496	0.005773553	0.00028211824	0.00029419377	0.001005642	0.0015666127	0.0014440818	0.002792116	0.012221664	0.0006935985	0.005197079	0.0005329161	0.0024648707	0.0024038763	0.008583091	0.00033849	0.0010962674	0.0001371115	0.00025491722	0.0013116779	0.0013353352	0.00084824115	0.0047381427	0.0011304558	0.007269086	0.008435147	0.00015008578	0.032452587	-19.13088798522949
s06e08a	155.0	5.0	0.7929556	0.7929556	0.07553256	0.028437048	0.00079556124	0.005409742	0.13824101	0.0019015226	0.00240681	0.0020139117	0.00046533352	0.0003760841	0.0022305588	0.0137642585	0.0010034943	0.000421599	0.0024064837	0.0005447078	0.016330121	0.027724776	0.008831567	0.008831567	0.0019035746	0.008061965	0.002220915	0.008061965	0.045133404	0.0066862158	0.0025498546	0.0010749676	0.00046485488	0.00085650757	0.0035801816	0.00015754589	0.00021832468	0.0013854792	0.00082596083	0.0013854792	0.001289916	0.0010862714	0.00071638526	0.0015153172	0.00093760487	0.0028522818	0.005212349	0.0015058854	0.0009567031	0.0009299261	0.012075922	0.0011204701	0.0016146332	0.011452882	0.00047395076	0.00182365	0.0013763653	0.0021067937	0.0010968513	0.0032236686	0.00045554468	0.0011723344	0.0006283832	0.000488561	0.0034064048	0.0010880812	0.0011249717	0.0025179174	0.00075115816	0.0046173586	0.0065389555	0.00022705377	0.044310078	-20.64855194091797
s06e08a	160.0	5.0	0.8402727	0.8402727	0.036749423	0.052329756	0.00069415366	0.0013747063	0.2154825	0.0008713304	0.0013019943	0.0055146404	5.263365e-05	0.00019942371	0.002546121	0.005134072	0.004784781	0.00068593834	0.002910459	0.0010239356	0.007774748	0.057321586	0.00381734	0.00381734	0.00086320064	0.0037453368	0.00032694658	0.0037453368	0.028081177	0.008714918	0.0024445725	0.00073151244	0.00024262255	0.0005648233	0.0032601634	0.00022644928	0.00014757678	0.0021117416	0.0008443639	0.0009839775	0.0011782432	0.0010188625	0.0002507441	0.0011782432	0.0005143172	0.0019032701	0.001416968	0.00036417358	0.00020376767	0.00021605547	0.000970989	0.000916412	0.00057778356	0.009400238	0.00018514981	0.0016028603	0.0006123664	0.0017886338	0.00036567263	0.007278796	0.00045392677	0.00085761177	0.00021165537	0.00016968284	0.0012050495	0.0010076022	0.00020784345	0.0021739544	0.0010367453	0.0031652958	0.00614122	8.028268e-05	0.0215666	-20.437936782836918
s06e08a	165.0	5.0	0.8082017	0.8082017	0.11668315	0.007017053	0.00010903718	0.004517523	0.22560312	0.00047792785	0.0035758025	0.0005268837	0.00051485794	0.0004712921	0.0009884156	0.0026106278	0.0017771163	0.00039688192	0.0029716117	0.0011511123	0.01817309	0.017186854	0.0041167974	0.0013004403	0.001192288	0.0016361418	0.00042288905	0.0016361418	0.033181783	0.0054905107	0.0030052057	0.0006092707	0.00013068366	0.0003771961	0.00217156	0.0002709285	0.00027024123	0.0009830489	0.0009830489	0.00093354634	0.0025017443	0.0020962688	0.0002742692	0.0025017443	0.00052372477	0.0037408916	0.007299208	0.0011174196	0.00053543213	0.0005423426	0.006095017	0.000529321	0.0017224719	0.011954766	0.0002817653	0.0021129288	0.0010009678	0.0017511401	0.0004288678	0.00014216632	0.0007224073	0.0013495029	0.00018394235	0.00031603503	0.0017028034	0.0009975857	0.00020640418	0.002478308	0.0006668859	0.0029563955	0.0060897702	0.00023522104	0.02594919	-19.21879005432129
s06e08a	170.0	5.0	0.7776507	0.7776507	0.015470219	0.022867732	0.0005793414	0.003303953	0.06586805	0.0012809474	0.0027166875	0.012445989	0.00013427257	0.00055062765	0.0012387608	0.010743206	0.0016497202	0.00088658294	0.0025915734	0.0008649411	0.015277389	0.15370516	0.009094302	0.009094302	0.0019777666	0.0128167	0.0030113382	0.0128167	0.097663045	0.011742735	0.0035741192	0.0015826494	0.00049489725	0.0012822133	0.004972776	0.00052375597	0.0004617733	0.0030682818	0.0020493134	0.0030682818	0.01102817	0.0030377745	0.0009943732	0.01102817	0.0014685175	0.006480967	0.009777119	0.0026452912	0.0013814272	0.0021930847	0.013706634	0.0026459163	0.002564481	0.0032845375	0.00030484775	0.00062251464	0.0012679615	0.0025209805	0.0010777474	0.0015266911	0.00042147705	0.001923332	0.00037896543	0.0006040559	0.0012636683	0.0004024164	0.0013467529	0.0021434778	0.00080615515	0.0122917	0.002281015	0.0004492028	0.007833343	-21.251861572265625
s06e08a	175.0	5.0	0.7391884	0.7391884	0.0027752616	0.20541066	0.00029209934	0.0004047191	0.003586401	0.00036889495	0.0015573129	0.012842989	0.0002729391	9.296526e-05	0.0017686699	0.008471742	0.0009706292	0.00020366258	0.0013858468	0.00063512375	0.00048337862	0.0006101601	0.010157377	0.0059448667	0.0022944207	0.0016080216	0.0012048761	0.002394381	0.049890116	0.0045008063	0.0012297655	0.0008469675	0.0007560156	0.00060609996	0.0012788542	0.0004932327	0.00046396974	0.00555635	0.0023141296	0.00555635	0.0015606857	0.0015135378	0.001538093	0.0015606857	0.0010712531	0.0054474995	0.005753925	0.0003173133	0.0003117218	0.000728639	0.0029600328	0.0011511473	0.0019880873	0.008219301	0.0012980507	0.0055127814	0.0038551146	0.004945047	0.0025364887	0.01194434	8.567005e-05	0.0007255555	0.0009019876	0.00023464537	0.0048275245	0.0004574175	0.0006471151	0.0012411075	0.00039816793	0.009219401	0.002773159	8.3341634e-05	0.015903108	-20.94293785095215
s06e08a	180.0	5.0	0.85571307	0.85571307	0.008235202	0.38786328	0.00039683955	0.0010725019	0.003223129	0.000778859	0.0016723106	0.0433157	6.749962e-05	0.0001432443	0.0026549553	0.008129306	0.0010900332	0.00013842662	0.0027003787	0.0005545478	0.00036148992	0.001938145	0.012183254	0.007146638	0.0016076702	0.0020104502	0.0014374391	0.0027550166	0.124407016	0.0046250666	0.0011627321	0.00081768935	0.0010514156	0.0006544165	0.003133133	0.0008480307	0.0006143739	0.002232915	0.0015010178	0.002232915	0.0018876583	0.000976309	0.0006712833	0.0018876583	0.0010792008	0.0044775126	0.0048339316	0.00032417523	0.00021831636	0.00083969434	0.0018733417	0.0011166582	0.0014474426	0.007213693	0.0008011891	0.010011046	0.0053550536	0.0073201484	0.003973215	0.023281384	0.0003357623	0.001105832	0.0015651345	0.00020865396	0.0042518284	0.0006376706	0.0004675747	0.0024369808	0.0006183924	0.008522609	0.0045311605	0.00010564131	0.017040173	-21.9248104095459
s06e08a	185.0	5.0	0.8957761	0.8957761	0.011223142	0.042141043	0.00040160143	0.00060130446	0.04757384	0.001249854	0.0012605649	0.01366835	0.0020678344	0.00023485083	0.003274741	0.004877241	0.0024371117	0.0013815587	0.0012202947	0.0005806903	0.0008456091	0.019144906	0.037421882	0.0050448896	0.0020082472	0.0019121807	0.00076473685	0.0019121807	0.08397908	0.006977675	0.0022190772	0.0017050089	0.000723489	0.0016219829	0.004737234	0.00030511292	0.00060842757	0.0019477523	0.0011907162	0.0019477523	0.0030347074	0.002327036	0.00065875705	0.0030347074	0.0007917247	0.0056349845	0.016032455	0.0010071367	0.0011934356	0.00037573648	0.0076698437	0.0014532654	0.006890656	0.013395357	0.0012522569	0.0045288126	0.0011258723	0.0059013627	0.0012186854	0.00494989	0.00091326097	0.0018761221	0.0013208223	0.0003925027	0.004599951	0.0021269359	0.0008484125	0.0017481418	0.003438893	0.008339239	0.0067158346	0.000635567	0.0067158346	-20.96245765686035
s06e08a	190.0	5.0	0.9017499	0.9017499	0.013825914	0.06475674	0.0004890479	0.0021724033	0.027906626	0.0039014698	0.0020810924	0.069507085	0.0005516149	0.00034191966	0.0023381251	0.008127953	0.004947007	0.001247792	0.0022288286	0.0015976843	0.003820912	0.118059605	0.009785715	0.008662172	0.0007828429	0.0019044481	0.0011376381	0.0019044481	0.081565216	0.005854222	0.001992243	0.0011296205	0.0005927987	0.0010734857	0.00251729	0.0011397712	0.00043094883	0.0012148578	0.0007265713	0.0011218233	0.0039190804	0.0008705528	0.00042339892	0.0039190804	0.000994865	0.0031512699	0.0065537384	0.00040953275	0.00039319065	0.0010892723	0.0053293305	0.0021186501	0.001087618	0.0060532144	0.0012432679	0.0018338548	0.00026719252	0.0024194599	0.00054813037	0.004302208	0.00018249723	0.001000748	0.0008456712	0.00022981766	0.0013281868	0.00088488404	0.0011573386	0.0010928971	0.00061405246	0.0026251976	0.0017046665	0.0007652708	0.0052637723	-19.012720108032227
s06e08a	195.0	5.0	0.83956015	0.83956015	0.009250508	0.014934902	0.0002594267	0.0015328252	0.21172927	0.0009769757	0.0014372317	0.0065773786	0.0037057367	0.0004719014	0.0023649514	0.0012954052	0.0028996167	0.0018559607	0.0020511604	0.0008113841	0.004120809	0.020377485	0.043692455	0.007875164	0.0013852952	0.006320612	0.00080389215	0.006320612	0.052986488	0.012137612	0.0069734077	0.00063093216	0.0002901802	0.000598095	0.0026549324	0.00053457974	0.00039076497	0.00094973005	0.00094973005	0.00044418196	0.0030938867	0.00079667685	0.00018946489	0.0030938867	0.0016675774	0.0054861023	0.012194081	0.0011846094	0.0011331134	0.0006985615	0.0057771397	0.0017223039	0.004482559	0.003893117	0.0004806096	0.00087116304	0.0011666163	0.005658816	0.0005110545	0.0020557714	0.00032681754	0.0012209557	0.0012606316	0.00045025526	0.0058980235	0.0005975956	0.0005454014	0.0012011239	0.0020557558	0.0075833253	0.0022543685	0.00017995058	0.00794172	-20.869234085083008
s06e08a	200.0	5.0	0.77160007	0.77160007	0.0069723777	0.005275876	0.0021284898	0.008911493	0.038575847	0.0037071488	0.0022719535	0.07723656	0.0009171439	0.0001861622	0.002072848	0.012508127	0.0015025896	0.0032819018	0.0019435956	0.00082529604	0.0033026875	0.08036742	0.029202506	0.01134364	0.00398012	0.0055102278	0.0036930146	0.0055102278	0.048246525	0.0064681033	0.0023595036	0.000756421	0.0003983883	0.0009957246	0.0025558237	0.0013256308	0.0007939334	0.0032855833	0.0029166262	0.0032855833	0.012165424	0.0039287233	0.0014187767	0.012165424	0.0014777571	0.008440717	0.012633023	0.0014619463	0.0025121898	0.0013045594	0.010294925	0.0072774105	0.0025090552	0.0014994235	0.00067647756	0.00061016623	0.0007830988	0.0005869069	0.000117035794	0.0004412407	0.00048297056	0.0015101726	0.0010183108	0.00045713573	0.002277969	0.00032685557	0.0018018906	0.0009176789	0.0006425749	0.00948384	0.0017496411	0.0005929374	0.0038324452	-19.601154327392575
s06e08a	205.0	5.0	0.82627386	0.82627386	0.013201573	0.2952422	0.00038477965	0.0012826187	0.0025992263	0.0024213686	0.0017143054	0.0064153336	0.00018729904	0.00030895366	0.0010013264	0.0084914	0.0015380577	9.767544e-05	0.0006132369	0.00077022274	0.00023767832	0.008149574	0.00993065	0.008106859	0.0015230763	0.0040549003	0.0018453406	0.0076846653	0.081345804	0.0038308653	0.0011314136	0.0006709376	0.0010471296	0.0006213404	0.0024428011	0.00047049127	0.0007391111	0.0039126617	0.003319486	0.0030275024	0.0018892455	0.0026393798	0.0013986696	0.0026393798	0.0013907851	0.012601509	0.017870417	0.00059467094	0.0003565557	0.0011999346	0.004989523	0.0012757739	0.003146881	0.004283243	0.00095505384	0.0016883485	0.0017061367	0.0059028454	0.0014823801	0.0323704	0.0003448706	0.00092277036	0.0017252875	0.00039346248	0.0066997334	0.0016706215	0.0009493274	0.0007617456	0.0009180606	0.0089507755	0.0021589315	0.000112134716	0.0147597715	-20.92690658569336
s06e08a	210.0	5.0	0.8466129	0.8466129	0.013923208	0.07534097	0.00045198723	0.0003756267	0.0018077606	0.00096480217	0.00074956816	0.016023433	0.00061270234	0.00021680641	0.004795438	0.011041627	0.0029538455	0.00017184971	0.0003433779	0.00051874976	0.00023137251	0.001963951	0.0365621	0.01340738	0.0053102756	0.009753211	0.0077450825	0.010280758	0.09364825	0.004869547	0.0011393706	0.0004279497	0.00037483528	0.00046413692	0.0013819613	0.0006910866	0.0003282602	0.009999041	0.00680242	0.009999041	0.0075918525	0.006142096	0.004246869	0.0075918525	0.0013735121	0.045124754	0.02630853	0.0009931594	0.00078592694	0.00080099935	0.009561034	0.00363316	0.003049312	0.010292925	0.000936289	0.0020904555	0.0017288561	0.008371312	0.00093997526	0.009280268	0.00030244613	0.0007653266	0.0012349725	0.00041357763	0.010199932	0.0019596303	0.0007127754	0.0015119936	0.0025525484	0.022658072	0.0009491782	0.00019742036	0.010199932	-20.63339614868164
s06e08a	215.0	5.0	0.9051027	0.9051027	0.095389634	0.06662988	0.00064565294	0.00035279847	0.004513765	0.0008622182	0.000523573	0.004224757	0.00019461356	0.00031092516	0.0038532654	0.008226039	0.00033944478	0.0002610133	0.00040017176	0.00036041305	0.00032106045	0.0032032265	0.018574622	0.008854868	0.0014811215	0.0052434704	0.00409258	0.010271932	0.048322495	0.0041020303	0.0011689088	0.00073948444	0.00058943545	0.0007737443	0.002192009	0.0004201154	0.000167753	0.048694085	0.00737082	0.048694085	0.0033870733	0.0040033325	0.010243998	0.0040033325	0.00799546	0.012822518	0.005464499	0.00034485088	0.00017755304	0.00041153884	0.0025012386	0.003952365	0.0013126314	0.0034629395	0.00031529108	0.0012093524	0.0007323453	0.0038659335	0.0004874481	0.010856751	0.0005496693	0.00070519117	0.0021979609	0.00021054372	0.0030959712	0.001044365	0.0016663776	0.00054060045	0.0009425868	0.009800428	0.0016615591	0.0001190833	0.00990421	-19.97479248046875
s06e08a	220.0	5.0	0.7604119	0.7604119	0.11519856	0.023264918	0.00034127975	0.00229038	0.19090301	0.0012501719	0.0032528793	0.0017877358	0.00034171029	0.00021897137	0.0024070344	0.0032027848	0.0018829628	0.001440283	0.0044459878	0.0010532778	0.023688897	0.015727483	0.009507583	0.009507583	0.0044428674	0.00625859	0.0006347249	0.00625859	0.062048618	0.016251095	0.00881677	0.0018199848	0.0005947554	0.001090618	0.004937566	0.00023835574	0.0003667311	0.0027528075	0.0009878394	0.0027528075	0.0017881751	0.0012689559	0.0013422852	0.0017881751	0.0012859673	0.0032715907	0.010154636	0.001130976	0.0011086251	0.00037153612	0.073706575	0.0011865592	0.0077614253	0.014772278	0.00038283423	0.0021388747	0.0016676649	0.0041349437	0.00085705455	0.002603054	0.0014321818	0.0007971522	0.00050146604	0.0032580318	0.005457064	0.0013190454	0.0008803969	0.0031529884	0.0015837016	0.004254231	0.001778516	0.00011537061	0.051831767	-18.316349029541016
s06e08a	225.0	5.0	0.70777404	0.70777404	0.07575858	0.0058279	0.00034658881	0.009136414	0.09205849	0.00091999583	0.005791457	0.004269025	0.00068813044	0.0012792294	0.0011261887	0.0084357215	0.00050011295	0.0008747393	0.0038211679	0.0026735603	0.05136897	0.042938814	0.006927292	0.0022335716	0.002204172	0.003935157	0.0011858434	0.003935157	0.24188606	0.026257373	0.010841267	0.002220503	0.0014672169	0.0022516372	0.007938805	0.000823585	0.0016433445	0.0017247086	0.0017247086	0.0015302153	0.0066110576	0.003040667	0.0005851159	0.0066110576	0.002342409	0.009861857	0.020845026	0.006751014	0.0009677362	0.0027928422	0.007644376	0.0014806815	0.0059224446	0.016553076	0.00034800605	0.0006770916	0.0024734114	0.0029433696	0.00049239566	0.0007899763	0.00045033317	0.0026546158	0.0006815331	0.0008076922	0.006642541	0.0013019987	0.0024848992	0.009043497	0.0008903438	0.014910264	0.0029672775	0.00023668603	0.024531292	-18.187255859375
s06e08a	230.0	5.0	0.5555137	0.5555137	0.0027906387	0.0036756124	0.00031552292	0.00879312	0.0003737803	0.0004875703	0.037628576	0.002301946	0.00014291181	0.00026399535	0.0020049394	0.000713527	0.0003809947	0.0001305606	0.00029756784	0.0004108121	0.00043180006	0.0007886442	0.0074269245	0.0074269245	0.0031836927	0.0023514647	0.0026023756	0.0026023756	0.85150313	0.09939983	0.074284635	0.0008858234	0.00014895631	0.00094611116	0.04026012	0.0009508165	0.015053725	0.0010468389	0.00043516155	0.0010468389	0.0009268479	0.0010294827	0.00047732258	0.0010294827	0.00034278573	0.0017901396	0.0016895094	0.00028573442	0.00029160155	0.00024124866	0.0007213132	0.0016301902	0.0005537447	0.00089033105	0.00033797152	0.00048616732	0.0009803739	0.0011833542	0.000336335	0.0004266038	0.0001948124	0.000275925	0.00088105357	0.00024120705	0.0005656573	0.000567363	0.0009914828	0.006335451	0.0006847774	0.0029808627	0.0013748719	0.00021743035	0.023785902	-19.14416885375977
s06e08a	235.0	5.0	0.89184356	0.89184356	0.0091458475	0.15973696	0.00047050294	0.00022952858	0.0040096305	0.00089530845	0.0021258045	0.004644248	0.00010864683	0.0005469879	0.009009106	0.0015386979	0.00028618536	0.00017697635	0.00088901795	0.0005717515	0.0001596756	0.0006470994	0.0048495913	0.004049808	0.0010255035	0.0020879235	0.0010999909	0.0021603147	0.03756297	0.009439562	0.0026059079	0.0011844413	0.00071300153	0.0010600626	0.0027631707	0.0005406314	0.00026552886	0.0014230269	0.00026912303	0.00074319454	0.00040192623	0.00017220844	0.00017282052	0.00040192623	0.000867926	0.0010325133	0.0013021885	5.564095e-05	0.000192233	0.0005564637	0.00067585317	0.0005406314	0.00072274887	0.0019555907	0.000402454	0.0032113136	0.0011708601	0.005608483	0.0022902873	0.047876332	0.00024358119	0.0004216949	0.0028660165	0.00013992038	0.0039193444	0.0011039891	0.0002098949	0.00036785792	0.00045291363	0.006384856	0.00090220245	0.00014281238	0.017253034	-20.18517303466797
s06e08a	240.0	5.0	0.8465967	0.8465967	0.00646473	0.14677499	0.0025344614	0.003102334	0.0200481	0.005220915	0.0063218423	0.03244686	0.0023785671	0.0004041404	0.0030397652	0.0016789088	0.0022730345	0.00083436724	0.0024337291	0.000692126	0.00030816378	0.0006704355	0.012411494	0.012411494	0.0016834851	0.0011036594	0.00358868	0.00358868	0.04551162	0.0043788343	0.0013335636	0.0008922113	0.0006098848	0.000722948	0.0015100979	0.00017511562	0.0005788427	0.0011266125	0.0006198815	0.0009937893	0.0006539797	0.00034999117	0.00039941067	0.0006539797	0.0005128449	0.0012434532	0.0018485598	8.836331e-05	0.00031267962	0.0005302396	0.0012739119	0.000308009	0.00042449168	0.0016310007	0.0004130957	0.002007991	0.000245831	0.009798277	0.0008324664	0.016353816	0.00017342601	0.00056667236	0.0054537863	0.00012384463	0.0008398432	0.00015467248	0.0002647864	0.0028269712	7.985427e-05	0.0027771892	0.0017691356	0.00021896198	0.0029891334	-19.916748046875
s06e08a	245.0	5.0	0.84297335	0.84297335	0.014888889	0.01661117	0.00041730978	0.0021702193	0.091097325	0.001893287	0.0018728641	0.0114604905	0.0014645576	0.0005131033	0.0026592617	0.0032368726	0.0011435661	0.0009651998	0.0019393299	0.0007946312	0.0022589164	0.06012211	0.012639705	0.012639705	0.0009454335	0.0012253387	0.0007023852	0.0012253387	0.15728807	0.00770577	0.0025524318	0.0008147726	0.00036410568	0.0009244164	0.0017151991	0.0003979387	0.0004732296	0.00437237	0.00332462	0.00437237	0.018681867	0.008533617	0.0009961682	0.018681867	0.0011868514	0.01008485	0.0093560135	0.0024154258	0.0014065666	0.0010888039	0.0046892343	0.0017181385	0.0013831754	0.00289554	0.0004967111	0.0006429367	0.00040435215	0.0021886753	0.00027311014	0.0016911993	0.00016551715	0.001622241	0.0006020287	0.00019145194	0.0015771767	0.00030391885	0.0009805121	0.005799056	0.0016941427	0.03470051	0.0023774575	0.00040244687	0.005799056	-19.94144821166992
s06e08a	250.0	5.0	0.9011703	0.9011703	0.0037890556	0.13447592	0.0027884673	0.002146369	0.0040949695	0.0047228388	0.0022007087	0.058855224	0.010569441	0.0005084627	0.008741012	0.0031648327	0.005180347	0.0021376438	0.0006081597	0.0007782262	0.00042404805	0.00046804422	0.02963226	0.029411748	0.0036260707	0.0022814777	0.0014448384	0.0030649637	0.103839226	0.0054825544	0.0014583991	0.0004772382	0.00024982635	0.00035458352	0.0011900959	0.0008428993	0.00030082738	0.0020782107	0.00084508833	0.0020782107	0.00075329357	0.0008996886	0.0006647909	0.0008996886	0.0005551499	0.0018281935	0.0038035908	0.00010602035	0.00018474985	0.00028524015	0.0027428127	0.00044930878	0.0010413924	0.0030876058	0.0012638753	0.0022813505	0.002686461	0.0025666358	0.00069696683	0.021702692	0.00016205724	0.0002579233	0.0006666756	0.00015737292	0.0022495536	0.00044187545	0.00034181995	0.0019121515	0.001583707	0.02817413	0.00086340413	0.00031174824	0.0023126802	-20.329952239990234
s06e08a	255.0	5.0	0.905063	0.905063	0.01421375	0.07801611	0.0019129353	0.0034642005	0.060479548	0.010534309	0.0044155037	0.040143948	0.001990614	0.0006875798	0.0008708792	0.0021309413	0.0019306163	0.0016388999	0.0008429057	0.0004194539	0.0005537136	0.030694107	0.01118776	0.008997135	0.0019736202	0.0054220348	0.0017427215	0.0054220348	0.060106203	0.0032652556	0.0012806095	0.0008345223	0.00056394405	0.0008123217	0.0012598381	0.00046782033	0.0005474336	0.0018381281	0.0009770236	0.0018381281	0.0033708084	0.0011388481	0.0006643517	0.0033708084	0.0016633334	0.0046134135	0.009494189	0.0003708466	0.0007935053	0.0009995898	0.0027433855	0.0021553105	0.0013536427	0.0017953055	0.0015650368	0.0012210058	0.00035942384	0.011243145	0.00031056016	0.0067779347	0.000296201	0.0009679197	0.0046923133	0.00053679396	0.0007059627	0.0003302497	0.001334507	0.0025391744	0.0006680832	0.0044097845	0.0021625257	0.0012435752	0.003014435	-19.640478134155277
s06e08a	260.0	5.0	0.84848017	0.84848017	0.0111022275	0.04238867	0.00048760837	0.0010573635	0.108111896	0.0013368375	0.001839257	0.008255736	0.0011111351	0.00039214647	0.009997842	0.004499155	0.0021830623	0.0071196854	0.0017304873	0.000668101	0.003203409	0.008236869	0.016978933	0.016978933	0.0024200836	0.0039778654	0.0016917451	0.0039778654	0.21478595	0.014684324	0.0032695448	0.0018589816	0.00073920726	0.0014078249	0.008874701	0.00078700087	0.001018124	0.0043550753	0.0013812423	0.0043550753	0.0017194843	0.001823907	0.0028654237	0.001823907	0.001340877	0.006101962	0.015564398	0.0007198591	0.0014304032	0.0014037658	0.008987815	0.0016586478	0.009675383	0.0232477	0.0013492999	0.005827273	0.0012000599	0.006202718	0.0011315148	0.016868273	0.0021205149	0.001401176	0.00059327576	0.0007731399	0.0027827902	0.003450651	0.006396565	0.008571984	0.002989065	0.0069637327	0.0021895284	0.00037031772	0.008571984	-19.714601516723636
s06e08a	265.0	5.0	0.8952176	0.8952176	0.021759268	0.08711046	0.0005551182	0.0030513506	0.06565623	0.0034806943	0.0034374567	0.022169208	0.000531794	0.0003963494	0.0014536163	0.0055348706	0.0016157058	0.0010134083	0.0014050993	0.00082784635	0.002613116	0.019672561	0.012569369	0.0075815883	0.00088201783	0.0075656213	0.0012789652	0.0075656213	0.09072094	0.006500687	0.0029005625	0.00050766004	0.00041739256	0.00045845253	0.0021535587	0.00047861997	0.00055809016	0.0010561439	0.000618119	0.0010561439	0.0037789752	0.0010449318	0.00041699086	0.0037789752	0.0005271919	0.0064977556	0.010659298	0.00040080745	0.0005524242	0.00077530823	0.0050638863	0.0010418053	0.002132706	0.006819296	0.00073827023	0.0025627206	0.0005212965	0.0041067707	0.00060669094	0.0029034477	0.00043497657	0.0008606775	0.0016427031	0.00022212454	0.0019210962	0.0004732278	0.0005241096	0.0014960157	0.00061924197	0.0059827454	0.0015750082	0.00046891192	0.0031147378	-19.32945251464844
s06e08a	270.0	5.0	0.7553342	0.7553342	0.022111846	0.019539403	0.00010482178	0.005055921	0.42266023	0.00049621705	0.00461501	0.0009684648	0.00011894326	0.00023368887	0.0007899176	0.0017618604	0.0056997263	0.0011021369	0.0047107125	0.00027995437	0.018544378	0.03387972	0.006903812	0.0042932867	0.0015809068	0.0029616177	0.00045926872	0.0029616177	0.049191084	0.014484645	0.008247292	0.0021617005	0.0003478205	0.001888912	0.0032266025	0.00048575553	0.0005408801	0.00078205625	0.00040201933	0.00078205625	0.0014915662	0.0007817136	0.0004024204	0.0014915662	0.00047275616	0.002578513	0.0034007584	0.0005171349	0.0013583208	0.00055154343	0.02148534	0.00058933435	0.0063439514	0.0040884195	0.00022463217	0.0014517633	0.0015187251	0.0026876582	0.00047318017	0.0021845107	0.00044545188	0.0010890181	0.00030966906	0.0010005864	0.002332174	0.00039133235	0.0006143121	0.0044866125	0.0012116884	0.0027880578	0.00448264	0.00018324493	0.009562542	-19.46912956237793
s06e08a	275.0	5.0	0.055403735	0.055403735	0.0012964444	0.0007146598	0.00085493806	0.00752556	0.0066363956	0.0004650732	0.038438354	0.00095312844	0.00012405631	0.0002006855	0.0014076171	0.0059419563	0.00066768343	0.00017447062	0.0018682771	0.000736391	0.007411274	0.0057516918	0.007974728	0.00498248	0.0013769055	0.008188092	0.0036052677	0.008188092	0.7018938	0.11535114	0.08693799	0.0011980811	0.00034221087	0.002276844	0.06384963	0.0015194294	0.010130594	0.002004241	0.002004241	0.00087246357	0.003861903	0.0042791776	0.00037398955	0.0042791776	0.00034612374	0.011337541	0.012600816	0.00040783608	0.000998128	0.0005881509	0.0039859237	0.0027804251	0.0023739757	0.0034419012	0.00035911248	0.0014990082	0.002075718	0.00057488866	0.0024754733	0.00026002375	0.0007775327	0.00079126045	0.00027376864	0.0007376412	0.001925006	0.004258451	0.0018843837	0.002640791	0.0020923733	0.0037804008	0.0049190735	0.00042522638	0.035126776	-20.876781463623047
s06e08a	280.0	5.0	0.23917623	0.23917623	0.009223268	0.0028216303	0.00035956912	0.005158639	0.28895396	0.0026315285	0.040427003	0.0033696394	4.3871212e-05	0.00025265868	0.00066348293	0.0018415098	0.0007533905	0.0005103846	0.002383855	0.0003763258	0.008237562	0.066045895	0.002932868	0.0018077261	0.00096815807	0.009419973	0.00095755124	0.009419973	0.6481888	0.13932543	0.1008137	0.0045102723	0.0020047696	0.0068053007	0.024719337	0.0013309948	0.003950087	0.0004197353	0.0004197353	0.00024202737	0.00065788935	0.0008556246	9.5004456e-05	0.0008556246	0.00028513954	0.0038456225	0.013241313	0.00040292498	0.0005949949	0.00065475865	0.0029792064	0.00089507946	0.005555043	0.0008946626	0.00019945148	0.0007083022	0.0017888185	0.002248858	0.00015030977	0.00021941421	0.0004593057	0.001835825	0.000259355	0.00035292056	0.0030906408	0.000767942	0.00046290463	0.0033666878	0.0007142618	0.00051666313	0.001035435	0.00021006889	0.0033666878	-20.30109214782715
s06e08a	285.0	5.0	0.85108924	0.85108924	0.062199865	0.032022543	0.0004946082	0.004924987	0.07542921	0.00093461695	0.0006413916	0.0049397172	8.992828e-05	0.00021215504	0.009306899	0.013442001	0.00094939256	0.000254709	0.0018207862	0.0005880363	0.004626388	0.011522245	0.022114547	0.01700658	0.0019108488	0.010837284	0.0010929815	0.010837284	0.021264236	0.002313664	0.00076487305	0.00060597464	0.00029566156	0.0004173102	0.0033632752	0.00011052777	0.00019877295	0.0045889732	0.0011773917	0.0045889732	0.0005704451	0.00032751373	0.00086413044	0.0005704451	0.0024552308	0.0013328989	0.0025346652	0.00062953593	0.00034351263	0.00056037016	0.0027030369	0.0035597442	0.0013022746	0.04853821	0.00015352257	0.009320125	0.0012589506	0.0021099348	0.00052557583	0.0008997614	0.0009036797	0.0006896326	0.0002957399	0.00035400936	0.003186263	0.0013701251	0.00086019834	0.0032746708	0.0004943716	0.008941445	0.0115584	4.000074e-05	0.08584139	-21.388051986694336
s06e08a	290.0	5.0	0.8478079	0.8478079	0.03353366	0.0216732	0.00116196	0.0049359403	0.08373115	0.0021553433	0.0018286688	0.0008894959	0.0005350349	0.0003842302	0.0030721524	0.015096857	0.0022391875	0.00011559537	0.0022216137	0.00082778954	0.001621716	0.07396687	0.0076501193	0.006273876	0.0016827632	0.013193289	0.0031241714	0.013193289	0.06034492	0.0051329737	0.0015905345	0.0004768317	0.00040621107	0.0007324053	0.0034335763	0.00023013692	0.000537036	0.0012723736	0.0010517982	0.0005565181	0.0012094802	0.0010872569	0.00034120554	0.0012094802	0.0016091312	0.008388937	0.0028490112	0.0003222521	0.00032127294	0.0003203676	0.0016780483	0.0010940811	0.001873266	0.015941482	0.00056897785	0.0032458247	0.002367617	0.0062819254	0.00031720623	0.0026442131	0.0015746078	0.0012507442	0.0013239061	0.0003809602	0.006563074	0.0018535579	0.00086729316	0.005400035	0.0027677352	0.0052228053	0.0052146018	0.00015722954	0.008754753	-19.970609664916992
s06e08a	295.0	5.0	0.9231397	0.9231397	0.14843918	0.07717243	0.0002455937	0.0069865026	0.056658577	0.001099354	0.0031767874	0.0018701383	0.00032718416	0.00034551893	0.0006089723	0.004312454	0.0010375916	0.000105809966	0.00094422087	0.0005146732	0.00208155	0.0053365035	0.008379863	0.004718425	0.0010307393	0.003837329	0.0012860156	0.007912568	0.046851654	0.0041164476	0.0020559593	0.00041195526	0.00015120997	0.00035105436	0.001656959	0.00026305442	0.00047643392	0.004053972	0.0009643248	0.004053972	0.0023399845	0.0011628252	0.0008648496	0.0023399845	0.0009802502	0.004494124	0.0059008733	0.0007452289	0.00019448853	0.0008296647	0.0017754752	0.001518383	0.003302554	0.0057474636	0.00059042673	0.0012065173	0.0017492223	0.01467871	0.0003049899	0.0012454351	0.00059230253	0.0018789297	0.0013110464	0.00012978357	0.0026396057	0.0016608039	0.0003489722	0.001307642	0.0013756492	0.010919572	0.0038005402	0.000121741745	0.0038005402	-19.65679931640625
s06e08a	300.0	5.0	0.8083272	0.8083272	0.0068680863	0.00075887324	0.00024761833	0.0005200826	0.0012809308	0.00022134397	0.00063584023	0.001001035	0.00016969595	0.0002327057	0.014426005	0.003549779	0.0034017703	3.4427943e-05	0.000716429	0.00063065113	0.00035211083	0.0010275969	0.0036233927	0.0030982075	0.00092202384	0.0046885735	0.0011470885	0.011057248	0.02082978	0.003111979	0.0014840538	0.00052831165	0.0003402499	0.00086897856	0.0015882243	0.00014280174	0.00028074606	0.0014646343	0.000984376	0.0012340107	0.0014612003	0.00045985353	0.00040141522	0.0014612003	0.021400712	0.0034821962	0.003458838	0.00010526	0.0010876962	0.0004800439	0.0009665356	0.0056880857	0.0020512198	0.021102427	0.00084895355	0.0034206682	0.00827892	0.002567387	0.00036372006	0.003935779	0.016989188	0.0008047394	0.0028758063	0.00018127354	0.04207602	0.0073598386	0.0023185275	0.0009416689	0.0011662652	0.02742306	0.0013142563	0.0001885803	0.04207602	-20.95854949951172
s06e08a	305.0	5.0	0.8863755	0.8863755	0.029112678	0.013246953	0.0018046536	0.00029458027	0.002648428	0.0006664711	0.00069393375	0.0071742935	0.00034715974	0.00027973662	0.0075319204	0.012179507	0.0052123833	0.00032319513	0.0019446413	0.00040179194	0.00036788947	0.00071858626	0.032376375	0.032376375	0.008072966	0.0037527457	0.0028646404	0.01253444	0.027298454	0.0042462037	0.002381648	0.0009981504	0.0006399558	0.0010266682	0.0019130345	0.0006969267	0.00017272943	0.008614102	0.001470084	0.007915585	0.0013856448	0.00056609255	0.0014754	0.0013856448	0.0057336083	0.002210466	0.00175084	0.00022965622	0.00018781192	0.00026471747	0.0009497599	0.005788344	0.0006308192	0.01066624	0.0006339756	0.008068133	0.0016477258	0.0014125818	0.00018057022	0.03780902	0.0018040026	0.000945293	0.005527398	0.00021732092	0.011427073	0.001505694	0.0014982903	0.0016261535	0.00087791606	0.020593729	0.0005948186	0.00034978072	0.011427073	-23.12968063354492
s06e08a	310.0	5.0	0.8743712	0.8743712	0.060319018	0.06853398	0.00021475152	0.003658084	0.3138936	0.0027108467	0.0031894585	0.00067646336	0.00027587055	0.00031167304	0.0010005673	0.0039956947	0.005477451	0.00024875725	0.00062935386	0.0012980965	0.008066317	0.10088914	0.003975093	0.0019823348	0.0008530765	0.003118207	0.0011215572	0.003118207	0.03217509	0.003588375	0.0018252991	0.00044214196	0.00016874686	0.00029074735	0.0018400731	0.00020204755	0.00039629423	0.0007756061	0.0007298861	0.00076239894	0.002326921	0.0017797735	0.0002536807	0.002326921	0.00076585915	0.0074505587	0.02171122	0.0010619517	0.0006217616	0.0012875416	0.0033152858	0.000917473	0.0028905002	0.004275112	0.00060605	0.0005636058	0.0006356942	0.008381218	0.00048765348	0.0014156725	0.00015286407	0.0007781342	0.0005526056	0.00020698535	0.0014582728	0.0007592754	0.0006244875	0.0012301697	0.0006683716	0.006859531	0.0020838163	0.00023969715	0.0051061558	-19.6811466217041
s06e08a	315.0	5.0	0.8983223	0.8983223	0.039107025	0.23007312	0.0025943704	0.0016321649	0.017482474	0.004857192	0.0019111462	0.041406404	0.00019051103	0.000306777	0.0027837337	0.0038115038	0.0028006101	0.0009673873	0.0015625093	0.0004636744	0.00044152263	0.003429187	0.012831388	0.012831388	0.0013187628	0.005988755	0.0026373987	0.005988755	0.041914687	0.006643809	0.0021455002	0.00061443506	0.00064037705	0.00063152896	0.0012052602	0.0007310267	0.00031796013	0.0030028764	0.0010467647	0.0030028764	0.0028531472	0.00076914195	0.000536292	0.0028531472	0.0017227081	0.0052246363	0.0073342156	0.00036948975	0.00044570674	0.0007843845	0.0020291777	0.0024019675	0.0021626945	0.0023728656	0.0006884513	0.0031977666	0.001303482	0.008029898	0.00069884246	0.008025576	0.00030807007	0.0011051554	0.002148207	0.00029235287	0.0042110304	0.0006528	0.00022415846	0.0006918708	0.0016852731	0.006723578	0.0013697082	0.00042847506	0.0042110304	-20.70071220397949
s06e08a	320.0	5.0	0.75428015	0.75428015	0.04862987	0.010101914	0.00046593626	0.0038903097	0.262456	0.0011568018	0.0022751724	0.0007565951	0.00088081893	0.00022016108	0.0038195238	0.003855655	0.00237964	0.0003476229	0.0033479626	0.00042187845	0.006249572	0.04391162	0.004847707	0.0019680995	0.0010255591	0.0026779757	0.0013611246	0.0026779757	0.03926136	0.007306025	0.0028153453	0.0011191997	0.0002996789	0.0007694363	0.0059081726	0.0005208483	0.00039791822	0.0018775353	0.0018775353	0.0015567844	0.003516063	0.004909802	0.00084018934	0.004909802	0.0013430754	0.016103622	0.020277191	0.0029383304	0.0010481162	0.0011363336	0.020270612	0.0008292778	0.008303997	0.03724649	0.00053452724	0.002585627	0.0010266991	0.004809002	0.00082274684	0.0006503146	0.0009436076	0.001995666	0.00063170743	0.00041308624	0.0021853496	0.0029124233	0.0009612706	0.0048160586	0.0040691714	0.0061400677	0.0048066247	0.00044797148	0.008218806	-19.2314567565918
s06e08a	325.0	5.0	0.8547016	0.8547016	0.014898097	0.048909567	0.00038296214	0.00091906096	0.0012761434	0.00026002302	0.00303161	0.0027825094	0.00018740621	0.00037185696	0.003942183	0.004116983	0.0005756914	0.00011490466	0.004589566	0.0003327838	0.00035011035	0.0019055541	0.0035473274	0.0009184018	0.0008981729	0.0019312936	0.0013441144	0.0019312936	0.024996968	0.0040542707	0.0019773648	0.00084879017	0.00037518598	0.0007932645	0.0015521907	0.0004222502	0.00019966858	0.0043817414	0.0023628664	0.0035798126	0.0025344868	0.0009858209	0.0006976766	0.0025344868	0.0023408975	0.002619776	0.00510371	0.0005006121	0.0001934174	0.00042801804	0.0018629096	0.0012620438	0.00096073863	0.018507728	0.0003320663	0.015970584	0.0041513913	0.0036231275	0.001105025	0.0035231253	0.00050593447	0.0015163162	0.0052052843	0.00017035936	0.013759082	0.003431539	0.00048740025	0.0028180864	0.0020535307	0.009732776	0.0033896544	0.00029331775	0.10090325	-22.487319946289062
s06e08a	330.0	5.0	0.92465186	0.92465186	0.03023772	0.13681948	0.0005944431	0.0007889614	0.0056642117	0.002002666	0.0024969582	0.0017481436	0.00025025595	0.00043940078	0.0071927183	0.0024777753	0.00036960337	0.00012637475	0.002098861	0.00074166135	0.00030003625	0.002252788	0.0024518603	0.0024518603	0.00074080453	0.0021383732	0.00081772555	0.0024293072	0.030597534	0.0038651477	0.0016106188	0.00075616693	0.00039063423	0.00069271	0.0028400063	0.00016769815	0.00025609773	0.003130016	0.0008780909	0.0011608785	0.0006740409	0.00065508543	0.0003516189	0.0006740409	0.0015768508	0.002676873	0.0041389023	0.000284378	0.00023091852	0.00041471858	0.0012648044	0.0007567386	0.0014082273	0.006534428	0.0006940326	0.0033025036	0.0021787155	0.027457654	0.0013464385	0.027599024	0.0006608847	0.001081162	0.004368519	0.00016753959	0.004729137	0.003035719	0.0008834473	0.00082965917	0.0009959927	0.0099945525	0.0017408553	0.00017148993	0.019310629	-20.059234619140625
s06e08a	335.0	5.0	0.86342794	0.86342794	0.043300666	0.01638129	0.00088631053	0.001670464	0.34237394	0.0026602396	0.004611058	0.0020465537	0.00034927955	0.00046533282	0.00808594	0.0021331476	0.0019923162	0.0005914327	0.0025121325	0.0007405839	0.0030009227	0.008216942	0.0048513548	0.0048513548	0.0016590924	0.0017858036	0.0013453875	0.0022060426	0.04344047	0.015208884	0.010553048	0.0010583139	0.00021680765	0.00095330284	0.0040639127	0.0005609417	0.00046148905	0.0011121946	0.00061815965	0.00073361135	0.002008853	0.0007726902	0.00017887405	0.002008853	0.0009055621	0.0039773425	0.006481413	0.00018511328	0.00021782501	0.00021622716	0.0012841448	0.0013313409	0.0013851236	0.009171373	0.00055241864	0.001102796	0.0009068777	0.012723391	0.00063684216	0.0368785	0.0005351502	0.0013044793	0.001082608	0.0002974263	0.0036069276	0.0032153626	0.00041809183	0.003939209	0.0020532853	0.004678544	0.0015949339	0.00027031856	0.004980847	-19.3010196685791
s06e08a	340.0	5.0	0.87351024	0.87351024	0.01720892	0.025848292	0.00034613232	0.0057382663	0.15421793	0.00262669	0.0032167854	0.0039206385	0.0011851512	0.000514751	0.0028006393	0.0021440561	0.0019879653	0.0018196745	0.002045983	0.0027497998	0.0021621305	0.035634708	0.025002478	0.001802293	0.0011994524	0.002017221	0.00050558546	0.002017221	0.05150864	0.0038438032	0.001800806	0.00047122242	0.00022449683	0.00050917786	0.0025433043	0.00027309763	0.0004109919	0.0016454762	0.00126507	0.0016454762	0.003050714	0.0016702231	0.0006007957	0.003050714	0.0024735876	0.0057347883	0.012229622	0.00063699693	0.0005721058	0.000605735	0.0024729478	0.0011659714	0.0037471985	0.009636055	0.0004610911	0.0027895798	0.0007527884	0.0029681765	0.0005815235	0.0007091556	0.00038226586	0.0007280844	0.00045652516	0.00028359875	0.0012411482	0.00044378242	0.00071627606	0.0029729626	0.0014715545	0.004258423	0.0017362598	0.00031943343	0.0029729626	-19.498044967651367
s06e08a	345.0	5.0	0.80409694	0.80409694	0.047913633	0.032176528	0.00070272805	0.0077329	0.23950306	0.0016593877	0.0015939517	0.00093297457	0.0014309788	0.00026408874	0.0023281833	0.0029950975	0.0026619367	0.00028765816	0.002934151	0.000536076	0.017265337	0.010644629	0.0036042144	0.0016853028	0.00076991454	0.0021052335	0.0009418946	0.0021052335	0.038263526	0.012203	0.005752594	0.0012252862	0.00036469678	0.00089161383	0.004611975	0.0002080921	0.00044880412	0.00079165376	0.0005976711	0.00052218896	0.001553358	0.00082147436	0.000169019	0.001553358	0.0010629224	0.0042728027	0.0026677586	0.00031522196	0.00041574356	0.0006511364	0.0009888004	0.00057511166	0.00090776116	0.012980781	0.0009266934	0.0014785356	0.0009320905	0.005438584	0.00062122825	0.008009827	0.0005171137	0.0018360434	0.00056110666	0.00016051123	0.008518118	0.0013974034	0.0005050116	0.0021556693	0.0005595805	0.0083022	0.0037422476	7.9162426e-05	0.008518118	-18.999176025390625
s06e08a	350.0	5.0	0.75327957	0.75327957	0.036558818	0.018479144	0.00034649647	0.0044824737	0.22113608	0.0011429688	0.0041300636	0.0022254696	0.00060224335	0.00059574423	0.0017335527	0.0042864755	0.0072083715	0.000663194	0.0046398155	0.0012707738	0.013576503	0.13704407	0.0056057284	0.0056057284	0.00080689095	0.004592527	0.001709971	0.004592527	0.03306632	0.0066664075	0.002908737	0.00091933506	0.00032036394	0.00090215006	0.004287483	0.0004178683	0.0003508954	0.0011151487	0.0008302377	0.0011151487	0.004227382	0.001960576	0.0004436308	0.004227382	0.0007046739	0.0031916182	0.006529146	0.0013696867	0.000701663	0.0010714337	0.00278908	0.0013976097	0.0018463115	0.0054155127	0.00043024938	0.0014326744	0.00097051734	0.0044437237	0.0010108367	0.002719816	0.00028576874	0.0026164316	0.0007296076	0.00030066623	0.0016763428	0.0009122655	0.00091505516	0.0033247783	0.002226837	0.0033564237	0.0066371122	0.0005761162	0.012633446	-19.81381607055664
s06e08a	355.0	5.0	0.48961264	0.48961264	0.018189752	0.004876764	0.00034824118	0.002934162	0.24495193	0.00071038835	0.003054227	0.0025151179	6.1354775e-05	0.0005851433	0.001538016	0.0058945604	0.001595521	0.0014041668	0.002339024	0.0005984965	0.01419326	0.12211088	0.007361103	0.006931236	0.004087037	0.042088654	0.0055961707	0.042088654	0.08463462	0.021002851	0.008240727	0.0013484675	0.0006818924	0.0017913405	0.0046024234	0.0013639948	0.00093089906	0.0013091773	0.0013091773	0.0006998889	0.002213042	0.0016782616	0.00039367692	0.002213042	0.0006162799	0.0077613518	0.004734533	0.0011290439	0.0016163159	0.0008078796	0.031420384	0.0012757478	0.0025942593	0.003130144	0.00027258595	0.0003995396	0.0013558011	0.0012667943	8.892612e-05	0.0005988879	0.00030131245	0.0010754198	0.00057845196	0.002112619	0.0021825938	0.0005843825	0.00087415526	0.0016531313	0.00063700485	0.0024441215	0.000950976	0.00020380478	0.00832821	-19.54279899597168
s06e08a	360.0	5.0	0.8854762	0.8854762	0.052190676	0.015040862	0.00085671415	0.0031486633	0.24249236	0.001231397	0.0011933703	0.001099718	0.0010276253	0.0003234926	0.007750475	0.0030061046	0.0023806274	0.00027097086	0.0026211964	0.0002954384	0.001438986	0.03570096	0.104022786	0.104022786	0.002555053	0.0045750565	0.0023377147	0.0070290477	0.04029825	0.010778323	0.0057572383	0.0009863789	9.023667e-05	0.0014037524	0.0022931013	0.0010775339	0.00029063624	0.00093718426	0.00039063385	0.00032493175	0.0011029257	0.00037876426	0.00010536083	0.0011029257	0.00029721088	0.0017318503	0.0008163257	0.00013874378	0.00024072433	0.00029794793	0.00057001354	0.0005695758	0.0005073848	0.009119947	0.0023700115	0.0012009278	0.0027508147	0.0057116263	0.00047314662	0.017738193	0.00038601924	0.00050370226	0.0008879969	0.00024061603	0.0023568291	0.002841354	0.0003249677	0.006045387	0.0031982134	0.005350232	0.0153685305	0.00019149465	0.017345356	-20.76766967773437
s06e08a	365.0	5.0	0.6428698	0.6428698	0.007491277	0.0060926573	0.00019169853	0.0011469049	0.0028204904	0.00040841632	0.010447516	0.0005507129	0.00013139965	0.00014633233	0.0038225586	0.011247264	0.00014054416	3.7719627e-05	0.0018431882	0.0006708567	0.00023932103	0.0012670199	0.0011817985	0.0008250999	0.00093866943	0.000709787	0.0004298558	0.000747151	0.29057863	0.05534451	0.010023867	0.0015340166	0.00061064184	0.001655747	0.030166429	0.00068326463	0.0023919551	0.0004636947	0.0003439106	0.0002237005	0.00033640745	0.00017537679	6.035346e-05	0.00033640745	0.0005710171	0.0012034333	0.0008199044	6.351353e-05	0.000109257635	0.00034820137	0.00030583722	0.00024471298	0.00041032446	0.010612983	0.0007299247	0.022732532	0.008827532	0.004652433	0.0004942745	0.0026599397	0.00035456222	0.00054226845	0.0015886856	0.00022148415	0.0034721289	0.004816596	0.00011654733	0.0021116382	0.00021636016	0.0048523145	0.007957579	0.00016034082	0.039441746	-19.041934967041016
s06e08a	370.0	5.0	0.776399	0.776399	0.13380143	0.018889401	0.00042654338	0.0042083324	0.134978	0.0030325253	0.006599574	0.000990902	0.0004549532	0.0011666385	0.0050137467	0.0032312819	0.002139233	0.0003410784	0.0024032246	0.00062367506	0.009808127	0.018385604	0.0024706456	0.0020333882	0.0006794834	0.0013770518	0.0004881474	0.0013770518	0.036531895	0.00686239	0.0023393265	0.0007189918	0.00029024357	0.0005753507	0.0026638338	0.00019925625	0.0005030463	0.0014012933	0.0014012933	0.0005617962	0.006436023	0.002192567	0.00014391172	0.006436023	0.00051984075	0.0063948254	0.0058102035	0.0013098352	0.0007537916	0.000655349	0.0016343342	0.00083376403	0.0007323906	0.029105993	0.00012893333	0.0027820768	0.00082150253	0.001659357	0.00015325098	0.00018754958	0.00016188071	0.0010869803	0.0003033584	0.00032059063	0.0011167433	0.0002728319	0.0009001366	0.005773222	0.0005012856	0.014343116	0.005621686	0.00010025847	0.043744653	-20.230976104736328
s06e08a	375.0	5.0	0.7431766	0.7431766	0.03215851	0.08985347	0.00067962136	0.004586247	0.00477653	0.0053797583	0.010599209	0.0066330675	0.011970716	0.00034149585	0.0028680325	0.0017954226	0.00073087064	0.000212878	0.0006065701	0.0007087029	0.0005067308	0.006123579	0.011470121	0.0044133575	0.0014491582	0.001980745	0.0011044587	0.0020481045	0.23644614	0.009288224	0.0023252491	0.00053142203	0.00064369297	0.00048062904	0.0021253666	0.0004913056	0.002188542	0.0022838917	0.00088937255	0.0022838917	0.0009685087	0.0008941835	0.0007628422	0.0009685087	0.000876729	0.0043629105	0.009394512	0.0005981777	0.00071119546	0.0011864658	0.00235859	0.0013803855	0.0013655454	0.0028898749	0.00097027136	0.0023394155	0.0010391546	0.027284993	0.00033010455	0.006575936	0.0010883185	0.0021648193	0.0077436273	0.0003077111	0.0065390975	0.0011253265	0.00033488337	0.00073431287	0.0007279879	0.004737091	0.0025395742	0.00023814743	0.011055782	-20.90322494506836
s06e08a	380.0	5.0	0.8565514	0.8565514	0.070755385	0.0065474175	0.00032796708	0.0067191627	0.43434075	0.0013155725	0.0035867898	0.0007709497	0.000315686	0.0004279224	0.0020501532	0.0013960453	0.0028581726	0.0009134553	0.0021361348	0.00028030423	0.0041581485	0.04192153	0.002483557	0.0023744702	0.002483557	0.0018418598	0.0004307533	0.0018418598	0.065189034	0.01796806	0.0121598095	0.001804907	0.00077630626	0.0021168212	0.008593684	0.00032774173	0.00042624623	0.00040611642	0.00040611642	0.00028854315	0.0009714415	0.00051403756	0.00013936631	0.0009714415	0.0007323086	0.0020927438	0.0014194496	0.00027916994	0.0005912726	0.0005943499	0.001815566	0.00075589167	0.0013087677	0.0041562696	0.00041637957	0.00079207704	0.0008136042	0.0051474874	0.0002975664	0.002138769	0.00076333375	0.0009784289	0.0003964399	0.00028206204	0.002766743	0.0012042336	0.0007113286	0.006592407	0.0013301027	0.0024348914	0.0038001665	0.00023323856	0.006592407	-20.009788513183597
s06e08a	385.0	5.0	0.9067978	0.9067978	0.09441621	0.017907932	0.001433754	0.0072892117	0.18087101	0.0025605857	0.0021502175	0.0010815756	0.0014286186	0.0004077768	0.024832327	0.01809421	0.00126646	0.00030052982	0.0019038318	0.0024036728	0.0018884311	0.06302203	0.04261201	0.012904233	0.002031479	0.0037936608	0.0028334307	0.010657527	0.075167485	0.0059770397	0.0032704805	0.00077415217	0.00041176306	0.0008381667	0.0016713748	0.0007928945	0.00028058953	0.0034543276	0.0020849837	0.0015500373	0.0035969864	0.0028418705	0.00057522516	0.0035969864	0.0011585966	0.008245054	0.0035980549	0.00081062835	0.00029362048	0.0006821661	0.00089646725	0.002520254	0.0012008329	0.011189067	0.0005473734	0.0017945444	0.0007274692	0.010158221	0.00038845345	0.017327257	0.00087648554	0.00052918127	0.0012585722	0.00017076837	0.006812498	0.001068551	0.0010856485	0.011296991	0.002239489	0.0083755525	0.006090446	0.00014297996	0.016300727	-20.815963745117188
s06e08a	390.0	5.0	0.7717077	0.7717077	0.02219949	0.09903298	0.00057901733	0.0049755843	0.3200177	0.0014093689	0.005927045	0.006842329	0.00018122826	0.00046828965	0.0042798035	0.001879351	0.0023116	0.001796687	0.0023552477	0.00026291626	0.0056855488	0.084755085	0.005046331	0.005046331	0.0017700427	0.013159534	0.0018075119	0.013159534	0.04400958	0.008984923	0.0035230068	0.0009864781	0.00033468963	0.00075209	0.0023621405	0.00043964715	0.00037553508	0.00056059053	0.00045498073	0.00056059053	0.0009693409	0.0006284449	0.00016795579	0.0009693409	0.00053652027	0.0014182958	0.0035566064	0.00093991973	0.0008142173	0.0013337523	0.004545857	0.0007980205	0.0017314506	0.0041517406	0.00091006956	0.0017586781	0.00080138806	0.004057129	0.00072967925	0.0069104517	0.00040269096	0.0012884395	0.00039754837	0.00028887787	0.0014345736	0.00092117954	0.00026641792	0.0022748497	0.0011983876	0.0028059033	0.0038690749	0.0001346413	0.0046833293	-19.46472930908203
s06e08a	395.0	5.0	0.5598935	0.5598935	0.02933927	0.012613779	0.0006678228	0.0008764024	0.22319992	0.002979103	0.0028584239	0.002932929	0.00014025258	0.00017686855	0.058952846	0.0017924646	0.003239512	0.0062522856	0.0006154839	0.00039232185	0.0023524137	0.055754665	0.09291873	0.002739644	0.09291873	0.0028809633	0.0006540424	0.0028809633	0.047611438	0.0062539657	0.0018657137	0.00081536017	9.676967e-05	0.0010100328	0.004633737	0.00017243635	0.00022409821	0.0018212472	0.0018212472	0.0007463322	0.0045358064	0.0073793167	0.00041427405	0.0073793167	0.00054461125	0.008903487	0.007836808	0.001487312	0.0012397434	0.0005855037	0.037168093	0.0017473199	0.0044998364	0.002940593	0.00011182442	0.0011504523	0.000673974	0.005356867	0.0026313511	0.00084484805	0.00025392024	0.00041854606	0.00014779731	0.0027560624	0.009096523	0.0012771562	0.0014278514	0.001155248	0.0017700073	0.010849887	0.0014894677	0.0003962523	0.009096523	-28.91998291015625
s06e08a	400.0	5.0	0.70782006	0.70782006	0.019410212	0.0076667815	0.00025338022	0.009806279	0.1212799	0.0008458118	0.013792302	0.0012492858	0.0014212325	5.4685876e-05	0.0016307133	0.0015937976	0.00038514167	0.00029499395	0.0016506142	0.0008686131	0.039206807	0.031122155	0.0020691177	0.0020691177	0.00032667365	0.0016004918	0.0003349916	0.0016004918	0.6953075	0.113373466	0.06971349	0.0020537553	0.000184394	0.0014374432	0.02605508	0.00060615054	0.0060364483	0.00040410573	0.0002611069	0.00040410573	0.00062735606	0.000808178	0.00019358529	0.000939896	0.00039283282	0.0020069068	0.061733235	0.0019830435	0.0007565193	0.0007744421	0.0042506857	0.0007025991	0.0030478653	0.005422557	0.0005515618	0.00084492617	0.0012701796	0.0028573992	0.0070022764	0.0010613621	0.00018432211	0.00059262523	0.00019823712	0.00016361783	0.0010754362	0.0019563371	0.00142893	0.015786592	0.0012979407	0.0019248796	0.0043119336	0.00032836726	0.015786592	-17.944286346435547
s06e08a	405.0	5.0	0.017883152	0.017883152	0.00034139707	0.00039982953	0.00022620498	0.0020184107	0.00045859086	0.0003043735	0.031960502	0.0006124376	9.692408e-05	0.00039510295	0.0007755584	0.00087807793	0.0005291299	8.212793e-05	0.0002990915	0.00058740104	0.000690175	0.0006872454	0.002985753	0.002985753	0.00079753774	0.004904875	0.0024885626	0.004904875	0.8116907	0.2352545	0.21316347	0.0023655838	0.0007242388	0.0027124807	0.071553886	0.0016017054	0.01796308	0.0009701128	0.00096622255	0.0007676464	0.0015337951	0.0015321844	0.0003601781	0.0015337951	0.00050372316	0.0037820677	0.0023249746	0.00033123346	0.00084485766	0.00033260963	0.0012701373	0.0022774606	0.0006611639	0.00062375	0.0009554397	0.0011454048	0.0008903837	0.00062876486	0.00026854864	0.00038575495	0.0009836626	0.0010351089	0.0015426149	0.00076390576	0.0015011093	0.0014914391	0.0012131862	0.0014214551	0.0013282329	0.0017089645	0.0012183308	0.00027093108	0.02663424	-21.814064025878903
s06e08a	410.0	5.0	0.076854356	0.076854356	0.00027621794	0.00025729867	0.00090626173	0.00020025505	0.004282322	0.00090269215	0.003100151	0.0035796936	0.00038897042	0.00030449775	0.0025007094	0.0035834373	0.00059646094	0.00013258791	0.00024063277	0.000311627	0.00048080756	0.0001255569	0.13231374	0.13231374	0.0014239704	0.0010999354	0.0004971467	0.0046116314	0.31775823	0.025860853	0.0063776756	0.0129583115	0.0039020663	0.006681259	0.02294128	0.016282463	0.001071836	0.0709899	0.0055230856	0.0709899	0.0014367041	0.004097422	0.048802577	0.004097422	0.0020014218	0.00830879	0.010040309	8.155454e-05	0.00039232185	0.0003905629	0.008336035	0.0042281533	0.0035266562	0.08379413	0.4759415	0.0014446388	0.006574475	0.0005344271	0.00050937326	0.00045203313	0.0012027136	0.0018526026	0.0055921148	0.0007827649	0.016104976	0.0012164481	0.0017934599	0.05622205	0.0010524908	0.008831855	0.008232737	0.0006512651	0.05622205	-23.36139297485352
s06e08a	415.0	5.0	0.73383737	0.73383737	0.10383051	0.010853736	0.00014630666	0.0007865683	0.26098606	0.0017353699	0.0022478888	0.0031112896	0.0010253878	0.00053866394	0.0033460557	0.003186866	0.0013334221	0.0026217524	0.0015991986	0.0007050769	0.0065999646	0.023634005	0.012951159	0.007743335	0.009522454	0.0041167056	0.0010340381	0.023261365	0.03575273	0.004543825	0.0016386409	0.0008448154	0.00033431491	0.00085218245	0.0028385145	0.0001970542	0.00019090399	0.031414695	0.0059287082	0.031414695	0.0050344863	0.0064342604	0.012517189	0.0064342604	0.004004154	0.009055693	0.011789992	0.002210242	0.0014704051	0.00053321995	0.037492044	0.0024493705	0.008357608	0.007115807	0.00019690921	0.0033304428	0.0015767188	0.0012718914	0.00018483971	0.0007609458	0.0013683438	0.0005052547	0.00057854434	0.0018936123	0.0067595625	0.0007955495	0.0017466847	0.0043301	0.0018568505	0.007068415	0.00109963	0.000104976534	0.018201487	-20.42171669006348
s06e08a	420.0	5.0	0.9042258	0.9042258	0.0075786756	0.25260064	0.000271703	0.0010168881	0.0019321007	0.005753077	0.0021778573	0.021511218	0.00021733047	0.00047074724	0.0011616274	0.0072523644	0.0013799781	0.0004609272	0.002067002	0.00037465378	0.0002711567	0.0021813815	0.012766403	0.011339989	0.0011429508	0.0038086153	0.0031311873	0.0042694123	0.05772531	0.0030376997	0.0009785962	0.0005725193	0.00059782836	0.00054862327	0.001126525	0.00077610736	0.00033217395	0.0031083687	0.0014988012	0.0021771851	0.003753575	0.0013732879	0.0005119736	0.003753575	0.0018735327	0.004845506	0.021718811	0.00049415394	0.0006332111	0.0011812572	0.0027805811	0.0021341883	0.0027292778	0.0030514058	0.00041171894	0.0019657537	0.0005748582	0.008114037	0.0022256519	0.005229933	0.00017427144	0.0006687597	0.0036547347	0.0002496549	0.0037718678	0.00077256473	0.0005906761	0.0010646472	0.00044714723	0.0057441625	0.0013838612	0.00048907375	0.0051237554	-19.98094940185547
s06e08a	425.0	5.0	0.77200073	0.77200073	0.05207579	0.078001775	0.0005547913	0.0022535215	0.1213349	0.0010637946	0.0014710501	0.003557289	0.0002287469	0.0002992358	0.0015487965	0.009749473	0.001606388	0.0013919291	0.0028345801	0.0009672781	0.0026412245	0.07007692	0.009068748	0.0021225137	0.009068748	0.0035925987	0.0017656385	0.0035925987	0.036944576	0.0060239015	0.002149157	0.0008322931	0.00079130265	0.0007879261	0.0035109695	0.0006015942	0.0004537438	0.009033857	0.009033857	0.005421395	0.006052583	0.0100001125	0.0015511668	0.0100001125	0.003024332	0.02681801	0.018290378	0.0071448353	0.0031405557	0.0018911716	0.035458542	0.002904443	0.006956759	0.01140617	0.00028167316	0.004663323	0.0020849262	0.0030119696	0.0005703837	0.0023629654	0.0009339262	0.0017027248	0.0014127761	0.0023879805	0.0035893589	0.0011733281	0.0015610037	0.0047977073	0.0013782299	0.008843459	0.0048588123	0.00013875542	0.011405692	-21.93453598022461
s06e08a	430.0	5.0	0.82957387	0.82957387	0.049412265	0.06863128	0.0011070268	0.0007515985	0.002205879	0.0008209375	0.001918043	0.005261646	0.0001709184	0.00032695217	0.0070251543	0.003907243	0.00051323586	0.00028791252	0.0008619829	0.00039397876	0.00036918873	0.004285554	0.005407228	0.004067062	0.0022938072	0.0014180817	0.0015244728	0.006560547	0.044420745	0.0066694836	0.0023224088	0.0009305962	0.0003095256	0.0008372371	0.00068940123	0.0004696489	0.00016061011	0.06242551	0.010192551	0.06242551	0.0059448723	0.009980696	0.013944612	0.009980696	0.0042948425	0.011130611	0.018032426	0.0029921217	0.00042744578	0.0010502917	0.0048602764	0.0034094525	0.0030183082	0.0037523075	0.00031638143	0.00273562	0.001430884	0.0051250323	0.00065632653	0.005452131	0.00032087287	0.0011590978	0.00043538248	0.0003181378	0.010510736	0.0011058537	0.0009969501	0.0005528155	0.0020249796	0.043388326	0.0013903494	0.00033828197	0.01069231	-20.85294532775879
s06e08a	435.0	5.0	0.7178424	0.7178424	0.03114831	0.03364943	0.00015994837	0.0011223813	0.019954905	0.00076163065	0.002239181	0.002262849	0.0016626155	0.00023607639	0.0027965168	0.0021671813	0.0017896157	0.0008728256	0.0010230015	0.00057587906	0.0007615232	0.05596316	0.005582606	0.004036601	0.0023341654	0.0011084514	0.00047603124	0.0012323087	0.0438378	0.0059150266	0.0025458387	0.0007050884	0.00045257443	0.0007435286	0.001164768	0.0002732372	0.00033807222	0.02740458	0.02740458	0.022324115	0.017393503	0.06656614	0.008719706	0.06656614	0.0032904528	0.029071875	0.08413802	0.03072957	0.0021930388	0.0021155444	0.009697274	0.00463786	0.0063196686	0.003582719	0.0003043358	0.00060476386	0.00086286257	0.0087945415	0.0005221126	0.0046909438	0.00059548765	0.0023437522	0.0015320926	0.00028874955	0.010052463	0.0007287508	0.0021858446	0.0019373362	0.0027661656	0.010046031	0.0014403606	0.00059234345	0.010052463	-22.782135009765625
s06e08a	440.0	5.0	0.84756476	0.84756476	0.022308266	0.048350263	0.00041486963	0.00159541	0.008286486	0.0029283825	0.0011058879	0.014709029	0.0007762431	0.00043947974	0.008541935	0.0057986546	0.003451535	0.0017922276	0.0005902821	0.0008535197	0.0005142926	0.07740363	0.0051096356	0.0037431705	0.0022146937	0.001008602	0.0016258036	0.0016258036	0.06434214	0.0034938115	0.0010071434	0.0003917095	0.00022384922	0.00037057305	0.001197631	0.00020922274	0.0002186703	0.012848099	0.012848099	0.012377092	0.033864375	0.02436125	0.0022048329	0.033864375	0.0037744003	0.017744018	0.024851758	0.0036668568	0.0012691118	0.0011314675	0.003621744	0.0031376118	0.0015664092	0.0013293049	0.00038557316	0.00072161265	0.00026676487	0.0016114939	0.00063330133	0.004674398	0.0002207088	0.0022649546	0.00043074365	0.00052691007	0.0022210567	0.0004958121	0.0016282543	0.0014776348	0.0014276528	0.012047177	0.0013446137	0.0005890847	0.004216577	-19.59147453308105
s06e08a	445.0	5.0	0.76761085	0.76761085	0.019571993	0.014775492	0.00022320599	0.0016309757	0.020442825	0.00038541164	0.0032076342	0.0018808777	0.0003229167	6.62057e-05	0.0005042422	0.0052562803	0.00042623386	0.00032615394	0.0012876084	0.0012884001	0.0089682825	0.021864165	0.0050591365	0.0050591365	0.0012913069	0.0017556119	0.00016123649	0.0017556119	0.14238207	0.009651958	0.0022227925	0.0005990278	0.000118238524	0.0006242561	0.0026394678	0.00056478265	0.0005248882	0.0010784803	0.0010784803	0.0009368396	0.0007900508	0.0014410636	0.00042399426	0.0015718455	0.0008768589	0.0029855017	0.010459863	0.0051646824	0.00067966536	0.00053402054	0.02506014	0.00131425	0.0055188704	0.044770144	8.928094e-05	0.0022338543	0.002247337	0.0011602915	0.00038651953	0.0007283086	0.00066181	0.003019739	0.0007603329	0.00029639056	0.003619391	0.00087946793	0.0008483454	0.009706488	0.0015571809	0.0067278245	0.01104596	0.0001635199	0.20893526	-18.853605270385746
s06e08a	450.0	5.0	0.8407889	0.8407889	0.017781872	0.0040747444	0.00021619147	0.008411284	0.006337979	0.0011824843	0.011280536	0.005818969	0.00031426115	0.00031712517	0.004268905	0.008488614	0.0013910824	0.00016436215	0.0017736203	0.0011095701	0.0030296894	0.010952514	0.013441224	0.013441224	0.002134827	0.009732992	0.004073901	0.009732992	0.86793387	0.06976594	0.051282346	0.0011290363	0.00024371198	0.00064595236	0.011388983	0.00090187934	0.0032510527	0.0025266765	0.002077153	0.0023199166	0.007805926	0.008627808	0.00042565507	0.008627808	0.00090582104	0.012673163	0.022902312	0.0014761988	0.00044892714	0.00027846338	0.0020648197	0.0074283415	0.0017273732	0.0056237094	8.297164e-05	0.0034942064	0.00053036015	0.0011959221	0.00039460402	0.0016712808	0.0007222249	0.00018618403	0.00020000928	0.0002188021	0.0020156184	0.0009284742	0.0014137297	0.0031626462	0.0018620135	0.015984444	0.0040252074	2.9381532e-05	0.005149815	-20.645381927490234
s06e08a	455.0	5.0	0.84470516	0.84470516	0.09252999	0.01687093	0.00023225747	0.0026656485	0.07221574	0.0007261746	0.001604365	0.004573632	0.00033476623	0.0002142198	0.0011065945	0.004288786	0.00061990897	0.0009921759	0.002033576	0.0008069025	0.010138443	0.009924445	0.027238214	0.007781799	0.0017879383	0.0043259244	0.00074810465	0.0043259244	0.01911614	0.0038243819	0.0015686795	0.0005547336	0.00029330936	0.00044945147	0.0010888199	0.00077381544	0.00010509041	0.0032543794	0.001031222	0.0032543794	0.0045698974	0.0015869758	0.0006741234	0.0045698974	0.001081282	0.0027090928	0.008998848	0.0024951205	0.0009026518	0.00027746323	0.014731154	0.0037746925	0.0046858704	0.008368119	0.00017773887	0.0020467932	0.002690945	0.0014585451	6.6225715e-05	0.0003223406	0.0014080784	0.0008059707	0.00020320869	0.00040686296	0.002839971	0.0005310263	0.0017273739	0.0028818592	0.004537312	0.004900688	0.0050889957	0.00018769501	0.021969756	-19.63947486877441
s06e08a	460.0	5.0	0.84103554	0.84103554	0.070605874	0.026249267	0.00021738352	0.00458165	0.29630205	0.0014044063	0.0030939896	0.0010631091	0.00022232962	0.00031983844	0.0032414866	0.0031014332	0.0031964097	0.00059255265	0.003859226	0.0028115513	0.010206005	0.026207238	0.01598851	0.0036745057	0.0017341741	0.0019857187	0.000521001	0.0019857187	0.13340105	0.0119405305	0.0038021507	0.0015334958	0.0005250511	0.0013463065	0.004485239	0.00053670007	0.00077846274	0.0009788857	0.0007171899	0.0009200217	0.0024365205	0.0008620851	0.00042391827	0.0024365205	0.0014097354	0.0030854195	0.008665707	0.0006591166	0.0009427889	0.00054213306	0.0041317428	0.00089960155	0.007105936	0.014669229	0.00025890215	0.0021210518	0.0015988362	0.01489734	0.0022040461	0.001151313	0.00048896467	0.00132489	0.00029281704	0.00036915243	0.002069737	0.0007213686	0.0007106971	0.0063712997	0.0013873924	0.003665364	0.006530247	0.00016752954	0.023296952	-20.28282928466797
s06e08a	465.0	5.0	0.77770066	0.77770066	0.04405166	0.0043033254	0.0001938572	0.005381277	0.20211561	0.000488019	0.006115499	0.003045341	0.000101290345	0.00056957913	0.0003311397	0.0024627845	0.00412628	0.0010104178	0.0032471486	0.000524161	0.005949332	0.05665338	0.011191822	0.002916916	0.0028786848	0.015007092	0.0005265069	0.015007092	0.040300958	0.008000602	0.005869783	0.0010797087	0.00079806236	0.0011093604	0.0032404314	0.0007083423	0.0003336256	0.0006604975	0.0006604975	0.00043108605	0.001369951	0.0007583007	0.00032920227	0.001369951	0.00088419765	0.0024313638	0.0058795745	0.00069841935	0.00083685626	0.0005572089	0.016233364	0.00091994234	0.006190197	0.003164959	9.963069e-05	0.003632121	0.0025759083	0.0011479608	3.9457635e-05	0.00015772566	0.0006004826	0.0010229992	0.0003509553	0.001111531	0.0013743449	0.00026558657	0.0008465649	0.0036919024	0.0011769308	0.0016083256	0.0019873788	0.00019272155	0.0075432207	-19.102163314819336
s06e08a	470.0	5.0	0.88804847	0.88804847	0.021260485	0.062482048	0.00043656008	0.0010665857	0.1737797	0.0028976158	0.00085139886	0.018396385	0.00025970538	0.00032382863	0.0022062843	0.0038981338	0.003390792	0.0011729024	0.0018088166	0.0032897992	0.0019211172	0.1090265	0.010732855	0.005670674	0.0025495382	0.0030779806	0.0010448646	0.0030779806	0.052738395	0.0037039644	0.0013217668	0.0007071394	0.00036991038	0.0007889351	0.002459984	0.0003309686	0.00039806907	0.0023481648	0.0011919775	0.0023481648	0.0059879795	0.0018548428	0.0006001845	0.0059879795	0.0010578955	0.0055027413	0.014318316	0.0012349162	0.0006175678	0.0006612829	0.005616195	0.0022662922	0.0042786878	0.0072413357	0.0007035465	0.0015415166	0.0006267928	0.0053885938	0.0013809287	0.0062433477	0.000980591	0.0014373467	0.0016150152	0.00038741983	0.002261426	0.0012731252	0.0006549456	0.0028129446	0.0020386716	0.0037505538	0.0028555861	0.00013809057	0.003239552	-19.60114288330078
s06e08a	475.0	5.0	0.8232595	0.8232595	0.03173333	0.006268922	0.0002972429	0.0045231106	0.31031734	0.0009879331	0.002276775	0.0006380274	0.00053069287	0.00026834029	0.0012458082	0.0024893545	0.0024403762	0.001092213	0.00074430194	0.0013687022	0.0020039568	0.08358826	0.007910247	0.0063485643	0.0026097777	0.002663142	0.0013055021	0.002663142	0.052193962	0.006932214	0.0027025049	0.0007352501	0.00033386613	0.0009104385	0.003736423	0.0006637726	0.00045217638	0.0011374203	0.0011230353	0.0008150472	0.0027062008	0.0016785668	0.00048732336	0.0027062008	0.00057277037	0.0055163405	0.0059573995	0.0012989894	0.0011095691	0.00057406456	0.0044161533	0.001371475	0.003945525	0.0062344843	0.00036158404	0.0012567276	0.0018487534	0.0022449156	0.00012740893	0.0005869469	0.0010059965	0.0010147657	0.00027973103	0.00030083713	0.0024658605	0.00066079403	0.0010179494	0.010207233	0.0017489244	0.002129359	0.0043067387	0.00023183403	0.026395626	-19.567901611328125
s06e08a	480.0	5.0	0.9268402	0.9268402	0.019943971	0.032334358	0.0010512949	0.0010980677	0.013652295	0.0010237464	0.0011653523	0.027849574	0.002819029	0.00014610967	0.0047671054	0.0011893667	0.0002084877	0.001165601	0.00036415292	0.0013775018	0.00046037327	0.005921013	0.02008857	0.0030148563	0.0037895364	0.0023095622	0.0013151467	0.0023095622	0.09653931	0.003541423	0.0008690949	0.00055513193	0.0002574187	0.00041844352	0.0008713105	0.00025348846	0.00019617779	0.041820157	0.00248694	0.041820157	0.00825501	0.0043409513	0.010102736	0.00825501	0.0011123525	0.003598819	0.00814118	0.00071709254	0.00018727903	0.00028209432	0.0021372247	0.00091023516	0.0020637568	0.0036245706	0.0011261093	0.0013329071	0.0005055469	0.0025621634	0.0010816776	0.0053435448	0.00028188486	0.00040943886	0.00038030633	0.0004504347	0.0006322378	0.0006392718	0.000534805	0.00068046286	0.0017462074	0.0148339	0.0008009861	0.00021164244	0.0026945753	-19.877954483032227
s06e08a	485.0	5.0	0.7546416	0.7546416	0.018174412	0.0109332735	0.0005070241	0.0020287277	0.036218677	0.00074287696	0.0018921179	0.0020957282	0.0013842678	0.0007581013	0.0008112013	0.025625931	0.0043357015	0.00045779874	0.0010680504	0.00061179727	0.006768792	0.026758103	0.039666567	0.008251594	0.0037431188	0.0125689665	0.004285851	0.0125689665	0.06342643	0.015400023	0.0088055385	0.0017497594	0.0013888234	0.0015797948	0.0050702253	0.00073484174	0.000617421	0.004142166	0.004142166	0.0037720667	0.016697265	0.005986382	0.0014145485	0.016697265	0.0032121532	0.030691473	0.014742377	0.002258824	0.0023129971	0.0012992121	0.030612877	0.0044000144	0.011482358	0.0047628176	0.00033105983	0.0021362791	0.0022423347	0.0040410836	0.0005781521	0.0033501114	0.001073109	0.0011941526	0.00061971403	0.0021138922	0.0088053355	0.002901669	0.0034777743	0.0031593975	0.0022777359	0.016043654	0.0009230126	0.00030422266	0.019779861	-19.27503967285156
s06e08a	490.0	5.0	0.79500127	0.79500127	0.07655126	0.008024024	0.000114703565	0.0022995926	0.09214863	0.0010856289	0.0010918373	0.001073894	0.00049279636	0.00040133507	0.0011283885	0.004065992	0.0012122045	0.00047474948	0.0017676583	0.0015683972	0.008575255	0.0087524885	0.012012817	0.008657125	0.00092044036	0.008061701	0.0011607314	0.008061701	0.020291304	0.004385067	0.002536363	0.000881313	0.00035267926	0.0007300291	0.0014699922	0.0005730871	0.00020551967	0.004187389	0.004187389	0.0019155289	0.024679894	0.007916525	0.00046002076	0.024679894	0.00080528215	0.01579564	0.0156652	0.002473255	0.0011733148	0.0005757638	0.007076365	0.0032608109	0.0044456017	0.00953933	0.00027108792	0.0011208535	0.0009855321	0.0011283214	0.00027688872	0.0019218334	0.00034448467	0.0009835145	0.00026205438	0.00024568412	0.004527785	0.0011560913	0.00085203024	0.0053638173	0.0014596636	0.0288196	0.0047357916	0.00016829677	0.077905744	-19.675020217895508
s06e08a	495.0	5.0	0.75386447	0.75386447	0.0057876804	0.057477698	0.00040813105	0.0003513309	0.0023787166	0.0013986935	0.0015079065	0.013333225	0.000876096	0.000319516	0.0019454837	0.008130748	0.0011235912	9.204592e-05	0.00048254765	0.00033509894	0.00015097426	0.0011653146	0.023410274	0.017489962	0.0012169235	0.002739166	0.0064212265	0.016793834	0.2787472	0.008585498	0.0014172156	0.0006916582	0.00058207003	0.00073542347	0.00196919	0.00067171844	0.00052892714	0.007018163	0.00121401	0.0046572937	0.0050460678	0.0009891621	0.00047501316	0.0050460678	0.0014775688	0.007564895	0.0038909065	0.0002068648	0.00023720563	0.0004734507	0.00075959164	0.0014765932	0.0009642665	0.006003391	0.00069195486	0.004223823	0.0027419054	0.0035174182	0.00076488475	0.009694092	0.00036123258	0.0004887002	0.0008497976	0.0002128157	0.004485526	0.0013772681	0.00036858366	0.005668494	0.0013319687	0.052015588	0.0043021264	0.00015550581	0.02067812	-19.56415557861328
s06e08a	500.0	5.0	0.7689096	0.7689096	0.12946014	0.014486128	0.00037441458	0.00786128	0.27926743	0.00070717814	0.0033643045	0.0020122286	0.00030392868	0.0013340012	0.0010290527	0.0068249307	0.0016941596	0.00033485558	0.0062332675	0.0014076105	0.02459808	0.020607183	0.007240794	0.0027676995	0.001393641	0.0073463796	0.0011067252	0.008215609	0.018229261	0.005910657	0.004152557	0.0010078489	0.00034863633	0.0007885939	0.0034853348	0.0003083657	0.00018350528	0.0065044085	0.002322082	0.0065044085	0.009665797	0.0044589657	0.0012048613	0.009665797	0.001384273	0.00809224	0.0047446685	0.0011979835	0.00077007856	0.0005740405	0.005620921	0.0020761448	0.0016221182	0.021260967	0.00029653555	0.0036710822	0.0013554913	0.0013216044	0.00036700215	0.0010357942	0.0003144185	0.0020261325	0.0003442872	0.00080961623	0.00274554	0.00088117743	0.0008387451	0.010569695	0.00072895427	0.010737457	0.005426977	0.00013106928	0.026751224	-19.525392532348636
s06e08a	505.0	5.0	0.7571852	0.7571852	0.020990824	0.008802152	0.00030895218	0.0015752182	0.15540858	0.0011134465	0.0016019227	0.0019038029	0.0006184643	0.00027646008	0.0017052215	0.0029198618	0.0021040505	0.0004062508	0.0015541799	0.001256454	0.0066523864	0.03346909	0.008142103	0.006097707	0.0016228426	0.012363308	0.0019662853	0.012363308	0.058219563	0.013555766	0.0066583985	0.0009499744	0.0003759237	0.0008339527	0.0026852754	0.00038964732	0.00024929811	0.002189696	0.002189696	0.0014672504	0.009513734	0.007356161	0.00039931017	0.009513734	0.00065316004	0.014398805	0.031433374	0.0037404348	0.001453534	0.0012293169	0.030434864	0.0012396442	0.0042257844	0.0034505674	0.00016621493	0.0007548156	0.00037889677	0.004016841	0.00068518764	0.0044861864	0.00038619354	0.0010051577	0.00059387763	0.0005244336	0.0022950014	0.00069016876	0.00045378963	0.001904992	0.0014697942	0.006861967	0.0011595915	0.0003145093	0.014302275	-19.090761184692383
s06e08a	510.0	5.0	0.8208398	0.8208398	0.006891038	0.023539081	0.0002391796	0.0006670124	0.004084164	0.00037001004	0.0013989174	0.00676562	0.00018109007	0.00018043752	0.0017346092	0.0712679	0.00029006958	3.4929828e-05	0.00096682156	0.0010282099	0.0009534723	0.006471036	0.22476232	0.0053763893	0.0017494638	0.0080779465	0.0024089955	0.0080779465	0.14353547	0.004592671	0.00095568364	0.00037058824	0.00034622557	0.00053525786	0.0071126446	0.0005038242	0.00081266667	0.006349638	0.0042771217	0.0057468973	0.00082533853	0.0012727882	0.0014980636	0.0012727882	0.0038683217	0.009021047	0.007921597	0.00026154643	0.00055348617	0.0010041738	0.006124572	0.009285705	0.0038732965	0.022631563	0.0009846349	0.05796551	0.00070910796	0.0021189668	0.00049434893	0.00063239055	0.00030893274	0.0011447383	0.0006369095	0.00028244255	0.0048085614	0.0016097918	0.002494959	0.022000356	0.001420608	0.037582938	0.0020437469	0.0001993034	0.06533637	-20.035131454467773
s06e08a	515.0	5.0	0.808058	0.808058	0.012702832	0.1066333	0.00026588657	0.0032093818	0.29853916	0.0013910724	0.0030578792	0.006085737	0.00031552202	0.0001212288	0.0018629328	0.0061295894	0.002666216	0.00066370773	0.005473065	0.0069147856	0.0062567494	0.024463272	0.010262673	0.000963406	0.0006481721	0.00057202514	0.00019650652	0.0006460746	0.093698815	0.005669674	0.0024951976	0.0011732493	0.00067901245	0.00073053886	0.0014290212	0.00014866657	0.0011188511	0.0010362689	0.00040374472	0.0010362689	0.0028079757	0.0006359975	0.00016189244	0.0028079757	0.00090326904	0.0015243443	0.007130504	0.00041627238	0.00047305235	0.00033412533	0.0012719884	0.001584913	0.005835232	0.014123769	0.00026440996	0.005447884	0.0014521946	0.005453654	0.02032262	0.0036569159	0.00036374523	0.0010539874	0.00029110129	0.00014163631	0.0017395555	0.0011805244	0.0007211252	0.008144684	0.0018451985	0.007020712	0.008868001	6.997979e-05	0.008868001	-19.27551651000977
s06e08a	520.0	5.0	0.77308464	0.77308464	0.013084497	0.03832947	0.00085648155	0.0011641757	0.0021975134	0.000952331	0.00091837946	0.010679435	0.000676205	0.0005172108	0.00414252	0.02226459	0.0014627052	0.00017350708	0.00062262145	0.00029211215	0.00037831752	0.0032297308	0.037860695	0.026409522	0.004085564	0.0021603536	0.0016040603	0.0032147618	0.040046237	0.0027357514	0.00062629	0.0008717406	0.0006675349	0.00076309784	0.0015369224	0.00028064838	0.00023607144	0.05021775	0.005996276	0.05021775	0.002696698	0.0026327132	0.011895064	0.002696698	0.008504594	0.005079541	0.008510091	0.00054820906	0.0004874037	0.0007081456	0.0022640894	0.0039446237	0.00095233234	0.007861425	0.0005047632	0.0043977425	0.00080431043	0.0013069566	0.00043691855	0.0049695396	0.00023378136	0.00087657745	0.0021347692	0.0002894102	0.0017756391	0.0009946589	0.0030468747	0.008760911	0.0008446999	0.011426776	0.0044659222	0.0001815342	0.032072615	-20.40958404541016
s06e08a	525.0	5.0	0.7853588	0.7853588	0.007184	0.019503426	0.00082016375	0.0027436933	0.004805242	0.00019744146	0.0017130027	0.010634163	0.0002402552	0.00010389581	0.0024798398	0.04233818	0.0013813758	0.0001293017	0.008054071	0.00021541145	0.0014493273	0.0076789293	0.016114656	0.006619674	0.00075428997	0.0029457326	0.0011149505	0.0029457326	0.13903819	0.0036511994	0.0009427511	0.0003674457	0.0007382593	0.00042230575	0.004933784	0.0004790054	0.0007603227	0.002172972	0.0012381886	0.00097342045	0.0007685441	0.00049868366	0.00029658587	0.0007685441	0.0029670661	0.0024579396	0.0030876189	0.00012234537	0.00030881024	0.0004282905	0.00079400785	0.0026656813	0.0005429967	0.014586239	0.0004146634	0.053799547	0.002091186	0.0015880339	0.00057973136	0.01772693	0.0003751023	0.0009769757	0.0026852933	0.00011715438	0.0012500433	0.007811822	0.0042263465	0.01161439	0.0006985591	0.029557051	0.10040658	0.00016621145	0.29780886	-19.67982482910156
s06e08a	530.0	5.0	0.7446731	0.7446731	0.003074529	0.17022035	0.0024881612	0.0005156696	0.0016547431	0.0019334725	0.0025350463	0.14184366	0.0005700128	0.000540448	0.0034608454	0.003283192	0.0009794944	0.00020655674	0.002405512	0.00044203998	0.000156173	0.00042903054	0.039480865	0.010885583	0.0062421467	0.0066651325	0.0042460384	0.0066651325	0.22144412	0.008739244	0.0016995514	0.0013691793	0.0017308447	0.0013694062	0.003287083	0.0009053382	0.0010926089	0.004239747	0.001119012	0.004239747	0.0019631006	0.0009652767	0.0015648446	0.0019631006	0.00109984	0.0051728226	0.0067479643	0.00016213514	0.0002601485	0.0011126486	0.001688461	0.0009668589	0.0010384045	0.0028418705	0.0028118894	0.002543251	0.0012462741	0.008169177	0.0022614854	0.00875361	0.00017403264	0.0008687058	0.009626467	0.00021666322	0.004853542	0.00038502	0.00061103445	0.0038100136	0.00030746273	0.002798081	0.0015517517	0.0004990886	0.01061424	-20.126325607299805
s06e08a	535.0	5.0	0.8022372	0.8022372	0.021062287	0.02909234	0.0016905722	0.000997169	0.17202227	0.0011789224	0.00087602093	0.010161564	0.00014404282	0.00019945206	0.008286667	0.0039950437	0.0032012293	0.0005406409	0.001044799	0.000557035	0.002054337	0.02007345	0.006925515	0.0035826508	0.0018489697	0.02534407	0.0034565853	0.02534407	0.05160167	0.009951536	0.0033493743	0.0015302205	0.00016573146	0.0009140649	0.0038623856	0.00042973578	0.00038178512	0.020363864	0.0076488154	0.020363864	0.016872924	0.025264373	0.0066860574	0.027699182	0.0011614342	0.016754167	0.008258274	0.0039773462	0.00084897457	0.0007648337	0.0147759495	0.00120997	0.0015639985	0.008311934	0.0006371614	0.0014395987	0.0015932476	0.0025015506	0.0008917472	0.0145468395	0.00035201097	0.0010254873	0.0004726088	0.00043703706	0.0032851195	0.0011939928	0.0014383201	0.0017641607	0.0016323025	0.01245811	0.0011029489	0.00012177588	0.009120831	-20.02689552307129
s06e08a	540.0	5.0	0.86840415	0.86840415	0.0068486244	0.19598752	0.0024240308	0.0014740945	0.014226725	0.0023371498	0.0014895336	0.20575504	0.0011509319	0.00027170792	0.0033623197	0.0025797111	0.0011735087	0.00073753257	0.003638553	0.0012832889	0.001387824	0.0046482948	0.0191703	0.008877117	0.0031844855	0.0062337695	0.005311774	0.0062337695	0.085253395	0.0021495137	0.00045566302	0.00026050291	0.0002745146	0.00035334475	0.0009092387	0.0005347433	0.0005325492	0.001646787	0.00026575098	0.0015729624	0.002108979	0.00024991474	0.0003855081	0.002108979	0.00070272165	0.0013800714	0.0043463875	0.00017159183	0.00033970186	0.00088008406	0.002337738	0.0009081011	0.001558082	0.0029297823	0.0010900592	0.0047519943	0.0006961381	0.0072829803	0.0016066359	0.009343828	6.56897e-05	0.0008575676	0.0037331227	0.0001372062	0.0023296569	0.00026347584	0.00022458546	0.00095909426	0.00033367297	0.0029791724	0.0019177601	0.00019140996	0.004077985	-20.49455451965332
s06e08a	545.0	5.0	0.8745969	0.8745969	0.019000689	0.0063314117	0.00035473265	0.0036855692	0.27038842	0.0013115716	0.002109983	0.001768515	0.00073244993	0.0003628631	0.0020567393	0.0030147962	0.0030279788	0.0005413652	0.0012838985	0.0015621306	0.0031095687	0.16175511	0.0077982116	0.0028158713	0.0016607667	0.0016663205	0.00048534083	0.0025120347	0.042860586	0.0070673316	0.003931749	0.00075074664	0.0005364883	0.00082615606	0.0023662287	0.0005319412	0.0002490007	0.0013825695	0.0013825695	0.0007560977	0.0021793842	0.0022999484	0.00029043428	0.0023592028	0.0012255079	0.009744456	0.019386714	0.0010676576	0.00045329306	0.0008279521	0.0021488818	0.0015731854	0.008514028	0.006414428	0.00017546662	0.00051039876	0.00085926324	0.0017318213	0.00054040056	0.001974477	0.00073747814	0.0007150814	0.00017450324	0.00025174566	0.0015048332	0.0015940883	0.0006454973	0.0027587935	0.0010295911	0.0033109572	0.0021930335	0.00031944166	0.008030038	-19.13605499267578
s06e08a	550.0	5.0	0.77347594	0.77347594	0.0034734772	0.004727245	0.00017669256	0.00160801	0.011089493	0.00039464523	0.0013083932	0.006205105	0.000114099756	0.00034633416	0.014118384	0.02086566	0.0021878195	7.9408295e-05	0.0011045514	8.144364e-05	0.00051036885	0.008934906	0.08612776	0.02732784	0.0009004832	0.009116036	0.0013939335	0.042381722	0.018047221	0.0033512404	0.0009786045	0.0006708135	0.00047680666	0.0005323663	0.0007047629	0.0001297169	0.00013892342	0.0013445548	0.000695524	0.0012005806	0.0007713814	0.00023786355	0.00015667669	0.0007713814	0.005335102	0.0018051777	0.0013989153	7.63248e-05	0.0003212558	0.00038810977	0.0006480202	0.005389634	0.0006131691	0.0074023907	0.00032091662	0.0032104892	0.001499375	0.0006184481	0.00043512837	0.00045721765	0.00038497834	0.0008147536	0.0005064645	0.0004465245	0.0024811318	0.0011810766	0.00014164794	0.0017547866	0.00047982132	0.005685562	0.0034097328	0.00016100021	0.035031643	-21.87334442138672
s06e08a	555.0	5.0	0.86731577	0.86731577	0.026642637	0.005954619	0.00082727935	0.0021965539	0.37347156	0.0007726472	0.0059603006	0.0015267332	0.0023150712	0.0004212565	0.0017387607	0.0039530993	0.004245611	0.0013237945	0.0016475869	0.0012813958	0.006321855	0.045776557	0.009392439	0.0020765956	0.0020457492	0.0025824206	0.0010221627	0.0025824206	0.1856717	0.011190993	0.0062511745	0.001143839	0.00034631684	0.000998899	0.0033292372	0.00039371953	0.0007114242	0.0012981218	0.0005536046	0.0012294269	0.0032128096	0.0013066778	0.0005807091	0.0032128096	0.0017366755	0.0059400527	0.0044427533	0.000884565	0.0020782996	0.00033758717	0.0077694855	0.0005567964	0.0013339396	0.0067290035	0.00034006053	0.0009465835	0.00042841298	0.0072280406	0.00033486707	0.0018210479	0.00050059205	0.001016982	0.0013430831	0.00051588734	0.0020709508	0.0010176712	0.00077026564	0.0020812666	0.0014265078	0.007301067	0.0019516615	0.00032526834	0.0062932796	-18.92150115966797
s06e08a	560.0	5.0	0.8568478	0.8568478	0.011828734	0.009302341	0.00065174757	0.0022399228	0.06053681	0.008221633	0.0012428801	0.009538654	0.0017842165	0.0001534513	0.0063198092	0.013585223	0.0040959143	0.0013091156	0.001268417	0.0005874131	0.0002710538	0.026122954	0.020146891	0.007968171	0.003805282	0.0011856073	0.0006664069	0.0018451985	0.104189016	0.004576281	0.0010960794	0.00075163576	0.0005303222	0.00077302207	0.0012192038	0.0002859917	0.000435805	0.0015155713	0.0015155713	0.0012389548	0.0013941785	0.001969087	0.00043916356	0.001969087	0.0025031655	0.017239917	0.011053729	0.00031079297	0.00018056213	0.00043554502	0.0044138855	0.0044848938	0.0025221317	0.04899559	0.000447697	0.0067006093	0.0022516844	0.001567047	0.0007711238	0.0037275194	0.0008037091	0.0007566095	0.0007551555	0.00035461228	0.012360956	0.0032067788	0.0011522351	0.013294013	0.001577803	0.0062344666	0.0049097184	0.00023716039	0.013294013	-21.080543518066406
s06e08a	565.0	5.0	0.84637076	0.84637076	0.010758167	0.24760675	0.004694338	0.0029902502	0.0064851046	0.0029538877	0.0023700984	0.08217643	0.0005150216	0.0005086753	0.0010952068	0.006223598	0.0010927989	0.0006871933	0.0017515477	0.0006717159	0.0014479085	0.0054861205	0.013623693	0.013623693	0.0033778902	0.003356401	0.00556631	0.00556631	0.056144536	0.003001325	0.000728773	0.0005654886	0.00033143815	0.00050847896	0.00121107	0.0004912548	0.000333452	0.004121521	0.0013085185	0.004121521	0.0027170442	0.0015631791	0.0008346185	0.0027170442	0.00094346557	0.0047192965	0.0082532605	0.00048260472	0.00055250264	0.0006435181	0.004716952	0.0014716568	0.0017407956	0.0030238302	0.0003448146	0.0029107607	0.00040689085	0.004138953	0.0011876668	0.006380913	9.396983e-05	0.00066139887	0.0012963396	0.0006412914	0.002254452	0.00047671192	0.0006636297	0.0009911602	0.00025728447	0.006604644	0.001979583	0.00013583452	0.0070132664	-19.875322341918945
s06e08a	570.0	5.0	0.6801247	0.6801247	0.01674493	0.0443742	0.002706951	0.004239813	0.02057407	0.007973449	0.012578871	0.026240444	0.0046380647	0.0009555393	0.0011500174	0.0036477246	0.0009152954	0.0010529406	0.001969072	0.0012576166	0.007326589	0.027830627	0.012090295	0.007233147	0.0027765369	0.005115345	0.0033486804	0.005115345	0.061794244	0.009433277	0.0033790588	0.0012421831	0.0004579247	0.0009152343	0.0016095893	0.0012289194	0.0009985775	0.005089976	0.004263084	0.005089976	0.011784505	0.0064075664	0.0013544797	0.011784505	0.0012994701	0.012013659	0.055506125	0.0056746984	0.008719031	0.0014101288	0.06965792	0.0028150317	0.0048775347	0.0023813795	0.0007126351	0.0011281306	0.0010826457	0.0038012497	0.0013956391	0.0028379948	0.00021716392	0.0021807514	0.0015199925	0.0041512675	0.0036474231	0.0006847894	0.0019435864	0.0014907774	0.001721613	0.009939056	0.0009455227	0.0006596309	0.019563658	-18.308439254760746
s06e08a	575.0	5.0	0.8857554	0.8857554	0.008936426	0.068787806	0.00041360204	0.0017510409	0.12687173	0.0012513805	0.0020111087	0.006063985	0.0010817993	0.0002944247	0.0031448163	0.0027683775	0.005411846	0.0016383758	0.0013324902	0.0005635402	0.00069060107	0.0027448456	0.035206277	0.0060509252	0.003664934	0.001129516	0.00082464324	0.001129516	0.12037993	0.0069403267	0.0024993278	0.0012418152	0.0006648061	0.0011128559	0.0014003288	0.00023340696	0.0005774711	0.0013837696	0.0010925771	0.0012769398	0.002683501	0.0018409332	0.00040525186	0.002683501	0.0017348594	0.0038589085	0.006419134	0.00054924516	0.0007160686	0.00051277597	0.0034246987	0.001770518	0.0035613482	0.008949721	0.00055154366	0.0020500997	0.0008860362	0.007449131	0.001425832	0.032023266	0.0006571559	0.001061631	0.0018806028	0.00027857916	0.0029402939	0.0006531513	0.0007522377	0.0057086833	0.0017603742	0.006609917	0.0045554866	0.00020104594	0.0057086833	-20.439207077026367
s06e08a	580.0	5.0	0.7642606	0.7642606	0.0016889402	0.30887455	0.000407376	0.00048790127	0.0018022269	0.0009523133	0.004763729	0.10024301	0.00019047852	0.00019441139	0.0021353727	0.0020220312	0.0009779787	0.00026092128	0.0015672478	0.00038560588	0.00020593492	0.00046825042	0.011400596	0.011400596	0.0015665309	0.0020267959	0.0015778856	0.0020267959	0.10330974	0.0057557016	0.0010821997	0.00115983	0.0012346762	0.0008445623	0.0012713779	0.0019204434	0.0006411679	0.0015551347	0.0004617839	0.0015551347	0.00088217884	0.00036366563	0.00036196047	0.00088217884	0.0004344919	0.0013877731	0.00402793	0.00012425864	0.0002233086	0.0009121161	0.0009888216	0.0009687463	0.0010515362	0.00046587628	0.0011862196	0.0013801305	0.001229178	0.0031237763	0.0020751879	0.008771349	4.0764182e-05	0.00088762643	0.0015763614	0.000112418646	0.0033890486	0.00013502031	0.00013067992	0.00022157519	0.0003227416	0.00197981	0.00079829013	0.00030446262	0.006912632	-20.63590240478516
s06e08a	585.0	5.0	0.705755	0.705755	0.0025395693	0.15171777	0.0009747838	0.0021382906	0.0019578536	0.008111186	0.016965099	0.055798225	0.00047489163	0.0004025831	0.0008662087	0.004015521	0.0007846764	0.00020338818	0.002767872	0.00050381175	0.00081381545	0.0019322222	0.0098725865	0.0055552935	0.0009219381	0.0028513311	0.0029167815	0.0029167815	0.1087063	0.006281351	0.0018342773	0.0010839667	0.0007356036	0.000847802	0.0020591414	0.0026236798	0.0021012682	0.002009687	0.001250774	0.002009687	0.0015684726	0.00095920474	0.00089115644	0.0015684726	0.0010885996	0.004818338	0.015621013	0.000310345	0.00039676033	0.0018229125	0.0016724245	0.0009026698	0.0015740996	0.0019219485	0.0016784623	0.0016230257	0.00095238857	0.0059342105	0.0025751414	0.0054666866	0.00026389546	0.0007975997	0.0026294093	0.0003646255	0.0033205128	0.00039440492	0.0004202564	0.0018464968	0.0006102572	0.0025146694	0.0011174376	0.0009966504	0.0033205128	-19.48978805541992
s06e08a	590.0	5.0	0.8897728	0.8897728	0.005778337	0.0084946565	0.0004423709	0.004124415	0.044861406	0.0020186335	0.0011898477	0.11064453	0.0011327562	0.00022006455	0.0013739223	0.0017415556	0.0011196956	0.005253466	0.0009331986	0.00040912573	0.0009243283	0.049967736	0.012309746	0.009081484	0.001136024	0.0035969096	0.0026101226	0.0035969096	0.028647827	0.004064915	0.0021722855	0.000308581	0.00010319398	0.0003489344	0.0009230377	0.00036794244	0.00026290322	0.0007500584	0.0006513393	0.0007500584	0.004456712	0.00093381014	0.0003057253	0.004456712	0.0009438202	0.004335483	0.010579923	0.00047039174	0.0011511347	0.00023777579	0.005478825	0.003952981	0.0027172044	0.002272523	0.0009524331	0.0006618683	0.00051579933	0.0005346796	8.279001e-05	0.0004097028	0.00036735466	0.00092466036	0.0003477391	0.00024179602	0.0017906536	0.0003591717	0.0015043813	0.0010377553	0.0012354262	0.01182889	0.001033212	0.000336903	0.0017906536	-18.950515747070312
s06e08a	595.0	5.0	0.44741094	0.44741094	0.0034492838	0.19699894	0.00030789978	0.0017399216	0.0004561737	0.0011105706	0.005328026	0.019046089	9.726407e-05	0.00017469634	0.000797137	0.002714038	0.00050883094	6.56239e-05	0.0006110257	0.00032372246	0.00040137314	0.0042422134	0.010688785	0.0017812465	0.0012695718	0.0021996296	0.0011249358	0.0026457792	0.026849546	0.0013148134	0.0005159503	0.0004051638	0.00025647355	0.00035307792	0.00052215735	0.00052043196	0.00084251066	0.002523477	0.0024038658	0.002523477	0.0012665736	0.001904673	0.0007211341	0.001904673	0.0009447447	0.010421058	0.020584874	0.00040986552	0.0008775937	0.0011246556	0.0025552572	0.00027451565	0.0028285848	0.0008325708	0.00065272755	0.0021569817	0.0006770006	0.0021505042	0.0013726786	0.00048709576	5.537121e-05	0.00063161174	0.001828815	0.00041216266	0.0012899449	0.00034228252	0.00084817415	0.00031018435	7.18404e-05	0.0029664524	0.0003741796	0.00054408127	0.0029739083	-20.51398086547852
s06e08a	600.0	5.0	0.90464526	0.90464526	0.015293021	0.09124006	0.016104113	0.0027800417	0.05945064	0.024766156	0.0037816542	0.4663027	0.0002483113	0.0005928679	0.0014664319	0.0013552113	0.0019308507	0.0010971638	0.0036463232	0.00029896235	0.00035117133	0.0022410268	0.009271087	0.0026135175	0.0021162955	0.00083452783	0.002743421	0.002743421	0.03503187	0.0017976854	0.00079907407	0.00036142272	0.00040658494	0.00047001816	0.0009557538	0.00089269126	0.00075047556	0.0012312552	0.00057969266	0.00075234164	0.0025847664	0.0005351694	0.00022453966	0.0025847664	0.0006006549	0.0014388245	0.0048247282	0.00017036358	0.00042436123	0.0002512414	0.0010922655	0.0014669948	0.00085175264	0.0014486326	0.00048942794	0.000812273	0.0003537428	0.0024332777	0.00052865746	0.0015160851	0.0003422019	0.000325937	0.0041610207	0.00025089955	0.00082401093	0.00030478992	0.0004927372	0.00041222223	0.00027246954	0.0020523777	0.0009919235	0.0003186982	0.0012154499	-20.110279083251957
s06e08a	605.0	5.0	0.79965836	0.79965836	0.021264276	0.021645345	0.0035417965	0.013943524	0.1701991	0.01249846	0.02907931	0.09685554	0.000743242	0.0006671218	0.0023097268	0.0014073786	0.0012436926	0.0032263433	0.018629184	0.0015212318	0.011544201	0.012222609	0.002396471	0.0018468114	0.0010291458	0.0015840335	0.00049549487	0.0015840335	0.2655658	0.023624798	0.0088139	0.0014035732	0.00085555285	0.001572594	0.0129578905	0.00043109673	0.0012535177	0.0014233846	0.00053423335	0.00075979147	0.005598485	0.0013308054	0.00025157267	0.005598485	0.00072207145	0.0013061409	0.004371023	0.00028089815	0.00076136435	0.0002949931	0.003792423	0.0019014485	0.0007347857	0.007139926	0.00083282305	0.0038261462	0.00045126484	0.002569433	0.0033434883	0.0016735991	0.00024489712	0.0033204406	0.00075147673	0.0002334557	0.00095377886	0.0003951768	0.00095909694	0.0053219525	0.00048402435	0.0068459557	0.0033798649	0.0008601856	0.010984964	-18.30831718444824
s06e08a	610.0	5.0	0.8166059	0.8166059	0.0023996925	0.0026237934	0.0002724846	0.0020269493	0.0021749476	0.00047106526	0.0038750742	0.00719481	9.659718e-05	0.00043720228	0.00043901434	0.01871178	0.0001458573	0.00021091904	0.00022271386	0.00010370785	0.00029944413	0.0013651879	0.009536766	0.0034618669	0.0011492443	0.010367046	0.0078089847	0.010367046	0.9016346	0.05549544	0.03850323	0.00028610026	2.6333924e-05	0.00054710184	0.005397421	0.00045412304	0.007608328	0.0017461517	0.00153727	0.0010858637	0.0014474674	0.0054461667	0.00023532803	0.0054461667	0.00028896713	0.0058649494	0.010640728	0.000591811	0.00028656598	0.0006166071	0.0014916543	0.003858467	0.00048482668	0.0010695746	0.000634279	0.0033363649	0.00043110087	0.0013806269	0.0006544648	0.0012081618	0.0001326882	0.0004197339	0.00039487175	0.0004303037	0.000293863	0.00088118284	0.00067234226	0.001811197	0.0008332795	0.008907889	0.00361877	4.367914e-05	0.0111158835	-19.3946475982666
s06e08a	615.0	5.0	0.7601756	0.7601756	0.015210776	0.039693914	0.00016889641	0.0023309528	0.23365352	0.0014874876	0.0026460537	0.0045908666	0.00014562729	0.0003685631	0.0062904027	0.0010132259	0.002163135	0.001730994	0.0020231516	0.00046762748	0.0025192806	0.006474845	0.014950554	0.0063059027	0.0011535529	0.0072345035	0.0005746287	0.0072345035	0.04006207	0.006994416	0.003186654	0.0010115149	0.00031825947	0.00080760673	0.0020948509	0.00018065063	0.00043905582	0.003389052	0.001565569	0.003389052	0.002453643	0.0027340802	0.0017521123	0.0030988054	0.00090030517	0.003262389	0.030281993	0.0026349376	0.0016731858	0.0013367432	0.016081741	0.0010917146	0.01364958	0.0051886886	0.00023250964	0.0010282756	0.001689248	0.004981513	0.005104814	0.0034740581	0.00088733295	0.0016061402	0.00038317032	0.00044803598	0.0009307239	0.0010901282	0.0009698435	0.0026717682	0.0013689421	0.0029418585	0.0012739154	0.00022665967	0.004755604	-19.52555084228516
s06e08a	620.0	5.0	0.9166317	0.9166317	0.045384303	0.12120809	0.00027096982	0.0061638984	0.29549065	0.005737086	0.003975769	0.0037354645	0.00018570533	0.00043940308	0.0038147913	0.0030432178	0.007171587	0.001707079	0.0019671295	0.00069530134	0.0024432614	0.07920255	0.0065626046	0.0032288223	0.0019461067	0.0014105788	0.0002379214	0.0028306488	0.041651234	0.0041797524	0.0018079912	0.00091623946	0.0004435978	0.0008301973	0.0020391915	0.0004261435	0.00044860734	0.000628992	0.00034214926	0.0003237027	0.0006240586	0.00031029145	9.177773e-05	0.0006240586	0.00056130136	0.0014349697	0.0028350966	0.00023185261	0.0005250856	0.00056925835	0.002233342	0.0008740299	0.00226097	0.009284947	0.0007940355	0.00273514	0.0013480707	0.006588851	0.00016600365	0.0011088538	0.0011908722	0.0006237069	0.00035806163	0.00022093958	0.0014562925	0.00036549245	0.0003103311	0.0038447422	0.0015881587	0.0025306575	0.00626554	0.00016556955	0.00626554	-20.19513702392578
s06e08a	625.0	5.0	0.7802307	0.7802307	0.0075702025	0.11578149	0.0008699926	0.006584299	0.03326888	0.0038289719	0.022680337	0.026413132	0.0029508066	0.00012418201	0.0041515785	0.0031353172	0.0010283892	0.00079688756	0.0022097088	0.001889607	0.0012840678	0.0030852742	0.021474138	0.0023104413	0.0038909398	0.0009518444	0.002126629	0.002126629	0.05031129	0.005584478	0.0027424607	0.0010261368	0.00016226042	0.0005438111	0.00096899923	0.00065356697	0.0012149597	0.0019106832	0.0006202964	0.0019106832	0.0007369312	0.0004530786	0.0007139375	0.0007369312	0.0015415796	0.0016881243	0.0032359017	0.00017602296	0.00021708547	0.00028632345	0.001999772	0.0008101681	0.0027709485	0.005532197	0.0013448239	0.0013584548	0.001622315	0.0052555474	0.0016565827	0.010656231	0.00031845827	0.00037553953	0.0003512316	0.0005025987	0.0022445782	0.001210981	0.00047537714	0.0016743675	0.0020013552	0.0066209603	0.0009988415	0.0008070247	0.0036965653	-19.94263458251953
s06e08a	630.0	5.0	0.8419583	0.8419583	0.028575836	0.077826634	0.00054754474	0.0064120395	0.11296357	0.0022374813	0.008191574	0.005009262	0.00021876476	0.0005967586	0.0022515613	0.0031482007	0.007541832	0.001134417	0.0060655694	0.0007282232	0.010610966	0.02846172	0.013980378	0.0036566001	0.0018904372	0.009604861	0.0006059241	0.009604861	0.04390904	0.006751772	0.0034316157	0.0017139683	0.0006277622	0.001073196	0.0023551234	0.0008250869	0.00087433273	0.00081468374	0.0007208435	0.0006313102	0.0017893116	0.0012216257	0.00020225802	0.0017893116	0.002572873	0.0033521133	0.0100737875	0.0011289917	0.0014497973	0.0011869363	0.0052148243	0.0013727967	0.0067512733	0.020664701	0.00089319405	0.0028024255	0.0015893438	0.0042436803	0.0030238964	0.002698132	0.001692276	0.0027512566	0.00078504963	0.0005560711	0.003247411	0.0011516891	0.0006982613	0.002171097	0.004056231	0.004397515	0.00852145	0.00039307543	0.013529642	-20.48906135559082
s06e08a	635.0	5.0	0.88327605	0.88327605	0.027073862	0.029956583	0.0006406726	0.0017512842	0.28017396	0.0013850597	0.0013155293	0.0015036851	0.00016549331	0.0005271683	0.0028782906	0.0019708204	0.00426442	0.0010909245	0.0024504764	0.0012033307	0.0067397146	0.0072387788	0.0063752164	0.0063752164	0.0010623139	0.02593759	0.0008117313	0.02593759	0.05388848	0.008543256	0.0033422667	0.0010426611	0.0003561482	0.0007868464	0.003993344	0.0003510192	0.00035638985	0.0011812454	0.00061538623	0.0011812454	0.0025611583	0.0010786261	0.00037823257	0.0025611583	0.0011577907	0.0037897183	0.0071349004	0.00051471934	0.0013762612	0.0005921281	0.0076252753	0.0009030165	0.0035673974	0.0071345693	0.00015691023	0.00079273776	0.0010932549	0.0043529463	0.00046017254	0.0015127526	0.00058967597	0.002052617	0.00067205075	0.00040101114	0.0029323546	0.0010784977	0.0005031454	0.0019763948	0.0012715559	0.0019407923	0.0012134977	0.00011846603	0.0029323546	-19.09406852722168
s06e08a	640.0	5.0	0.8730614	0.8730614	0.009895307	0.08615857	0.0068396884	0.0005578636	0.00882236	0.00096582633	0.0014685517	0.026591165	0.00039998908	0.00015441784	0.005463872	0.033025272	0.0017739817	0.00039615182	0.004575762	0.00040344696	0.00092733244	0.00049048837	0.0198642	0.0198642	0.0018107729	0.0012912086	0.00074710825	0.0021443325	0.029853143	0.0025397143	0.0008503615	0.0008399968	0.00060632825	0.00056210684	0.00060792675	0.0002982839	0.00030254907	0.0031612152	0.0012588965	0.0031612152	0.0009702649	0.0005425479	0.00076588505	0.0009702649	0.0012212703	0.0015406611	0.0017123584	9.3333176e-05	0.00032514	0.00014567716	0.0019029478	0.0008259927	0.00059093005	0.011106542	0.00028106797	0.010382345	0.002124488	0.0019407324	0.00026823414	0.007053759	0.00010887843	0.000431211	0.0012567586	0.00030061664	0.0024706118	0.0005147463	0.000365234	0.0036198343	0.00031861255	0.0049732784	0.00374599	0.00011371005	0.014930679	-21.349184036254883
s06e08a	645.0	5.0	0.8393572	0.8393572	0.013126699	0.03927067	0.0006558276	0.001109417	0.007323128	0.0015603363	0.0028564988	0.0066303443	0.00076447375	0.00025860782	0.004897805	0.007991294	0.0010222864	0.00028602933	0.0039284993	0.000249214	0.00050291215	0.0007762301	0.013435723	0.009446881	0.0037825727	0.010326643	0.003788523	0.010326643	0.061913863	0.005125102	0.0016049127	0.0013649923	0.0007864322	0.0013317253	0.0013755653	0.0009646597	0.00059798505	0.0055708997	0.0021747602	0.002237177	0.0020967277	0.0010370956	0.0007075213	0.0020967277	0.0019378841	0.006908122	0.007807714	8.38743e-05	0.000309618	0.0008206176	0.0014069551	0.0048019644	0.00180425	0.023932857	0.0028095893	0.009982534	0.0055448874	0.005055005	0.0020607018	0.015131049	0.00031393924	0.0008737847	0.0016277335	0.00045398754	0.0026179797	0.00630067	0.0046768347	0.021155821	0.008644137	0.018590508	0.011175063	0.07279879	0.056825608	-34.0177001953125
