episode_id	onset	duration	talking	speech	man_speaking	woman_speaking	baby	shout	laughter	cry	singing	kids	groan	whistling	breathing	walking	mouth_sounds	fart	hands	heartbeat	cheering	crowd	mammal	dog_bark	cat	rooster	duck	bird	music	musical_instrument	guitar	piano	organ	electronic_instrument	percussion	bell	ambient_music	weather	wind	rain	river	wave	thunder	river_sea	fire	boat	car	traffic	car_honk	emergency_vehicle	train	cycling	engine	door	doorbell	knock	dishes	radio_tv	dryer_vacuum	zipper	keys	alarm	telephone	whistle	mechanisms	tools	boom	bang	glass	water	beep	silence	sudden_noise	db
s06e24b	0.0	5.0	0.818831	0.818831	0.042344157	0.010188444	0.0008917331	0.0007844716	0.002440801	0.0007948179	0.0057451697	0.009008008	0.00014255822	0.00048126283	0.0046591195	0.0034882177	0.00086122676	0.00082768785	0.0025245755	0.00014867012	0.00039119285	0.0038472777	0.004646607	0.00349958	0.0015063953	0.0031752356	0.0009747518	0.0050029396	0.31119296	0.01930184	0.008228386	0.0017653854	0.0013111138	0.0019555897	0.0032206087	0.000731632	0.0010375797	0.10574464	0.007691694	0.10574464	0.0059122094	0.005320922	0.035353996	0.0059122094	0.00779723	0.0072743734	0.0057684067	0.00056090934	0.00040684605	0.00029874267	0.0012181295	0.002565024	0.0004945978	0.0017919171	0.0010856129	0.0017460893	0.0009154977	0.016217632	0.00015748161	0.0004117633	0.00024431595	0.0020612688	0.007666593	0.0003217465	0.0026434448	0.0007300242	0.0013561854	0.0013165578	0.0010366845	0.007781689	0.00075314427	0.0025036274	0.0075980094	-24.70771789550781
s06e24b	5.0	5.0	0.6744968	0.6744968	0.009954551	0.008262122	0.00013177193	0.0031823278	0.09278872	0.0014785151	0.023325967	0.0025351234	0.00037670485	0.00032630013	0.0030131713	0.0008897798	0.00040735927	0.0009953703	0.013942508	0.0004744464	0.057426985	0.005898286	0.0033698299	0.0033698299	0.00017863186	0.0050745183	0.0004748751	0.0050745183	0.6371981	0.05891929	0.021140845	0.001755358	0.00018031472	0.0025321518	0.037478007	0.00016450984	0.0049249404	0.0009739835	0.0006304399	0.0009739835	0.002217471	0.0019157998	0.00023465163	0.002217471	0.00019697401	0.0018580332	0.006615242	0.0010292997	0.00066188094	0.00022819795	0.0031181076	0.0006037048	0.0020661268	0.0017002124	0.0001900906	0.00093151745	0.0004344062	0.0008696921	0.0010743222	0.0006916618	0.00011562922	0.0014343344	0.00041488267	0.00016138291	0.00040430686	0.00060366857	0.0006210583	0.002194946	0.00039418766	0.0026609404	0.005181057	0.00017085698	0.008190574	-18.863117218017575
s06e24b	10.0	5.0	0.510097	0.510097	0.0051594935	0.0065531577	0.0010102257	0.0045348117	0.00030570079	0.001706394	0.024259793	0.0029775738	0.0009950171	0.00016758147	0.0070325397	0.0012895622	0.012406269	9.218049e-05	0.001534807	0.00063162437	0.00072701107	0.00046488526	0.009602952	0.00706212	0.009602952	0.007374704	0.07219928	0.07219928	0.84757626	0.0876	0.085886225	0.0021417334	0.00014012051	0.0015858714	0.024893133	0.00046618035	0.0077613555	0.0021082647	0.0014239846	0.0021082647	0.0010717523	0.0037844959	0.00094533176	0.0037844959	0.00065583043	0.006064781	0.007612707	0.00046897898	0.0005555586	0.00021659773	0.0033734431	0.00066563697	0.0011886485	0.002866368	0.0023955524	0.0049208156	0.0007205956	0.0016012853	0.00036933002	0.0009848872	0.00032680633	0.00029757153	0.0008657512	0.00017370141	0.0015131012	0.0012148683	0.004279653	0.004166691	0.0008331342	0.014658502	0.0067851422	0.00014570437	0.0067851422	-21.505157470703125
s06e24b	15.0	5.0	0.91304386	0.91304386	0.29736805	0.025551759	0.0006086259	0.005325601	0.08771803	0.009825466	0.00095316663	0.001974961	0.000159956	0.00014052808	0.0030103019	0.010614886	0.00080738706	0.00026100958	0.0016514158	0.0017623386	0.00086200837	0.12368113	0.0043956493	0.0043956493	0.003538335	0.0025322575	0.00061395124	0.027802363	0.035131436	0.0036824762	0.0011247982	0.00047273838	0.00025979255	0.0006327074	0.0018382225	9.0366004e-05	0.00021569444	0.0025425388	0.0010167462	0.0007421891	0.0021191349	0.0014984943	0.0002361142	0.0021191349	0.0010199565	0.0057862317	0.0066809864	0.00076599634	0.0001814719	0.00046055389	0.0011308694	0.0022015676	0.0023491092	0.009544098	0.00021022598	0.0027314138	0.001103814	0.005501687	0.00021502076	0.0011158049	0.0027403801	0.0004902196	0.00055030105	0.00020145027	0.00495325	0.0007157397	0.00044665416	0.0025149742	0.0009421289	0.007079448	0.007216956	0.00012267049	0.023095056	-22.83431053161621
s06e24b	20.0	5.0	0.8833512	0.8833512	0.009948675	0.054127205	0.00019536616	0.003193122	0.077080615	0.0010656645	0.0020229858	0.026089069	0.0037535892	0.00020093613	0.0009927943	0.0013848572	0.0014272124	0.0015065568	0.001786453	0.0024533651	0.003215972	0.011915342	0.019012028	0.0012557218	0.00082174246	0.0007469883	0.0005222856	0.0010233842	0.06035324	0.0029560386	0.0010415958	0.0005212265	0.00025316168	0.00040087852	0.0010194484	0.00048415703	0.00042155178	0.006365045	0.0014685112	0.006365045	0.016815152	0.002478697	0.00153541	0.016815152	0.0009831861	0.007110624	0.017061552	0.0011246776	0.001252876	0.0004394812	0.0034943244	0.0019968287	0.0049279323	0.0026488388	0.00077380403	0.0008543281	0.0003970318	0.0014063462	0.0006325967	0.0014410691	0.00013048394	0.0011436119	0.00050261593	0.000255283	0.0018338846	0.00033016436	0.0005726978	0.0017099116	0.0012456535	0.033173636	0.0018520288	0.00011616688	0.0018520288	-21.741544723510746
s06e24b	25.0	5.0	0.8589954	0.8589954	0.020186724	0.048545696	0.00024427846	0.0013581727	0.10629493	0.0019296327	0.0010669245	0.005199614	0.002349137	0.00045315805	0.0016925845	0.0026559832	0.00453994	0.0020244198	0.0011631188	0.0005333066	0.0015260066	0.009867129	0.0055597047	0.0027634127	0.0010023963	0.0006993471	0.0005846817	0.0017954106	0.07616083	0.0043956805	0.0019512678	0.0012379604	0.0005691815	0.0011139696	0.0027047894	0.0010389804	0.0005304026	0.0033818926	0.0033818926	0.0024153362	0.003892021	0.006453524	0.000790706	0.006453524	0.0008393151	0.009434333	0.011466083	0.0012867459	0.0013397563	0.0004603735	0.005053667	0.0013321945	0.0033597974	0.006188299	0.0048208763	0.0014186293	0.0008637967	0.0030564142	0.0007660548	0.0077394447	0.0006456301	0.001822209	0.001565127	0.0003529934	0.0033491866	0.0007993898	0.001046122	0.0026295646	0.007756105	0.0062648687	0.012628748	0.00013420191	0.012628748	-22.24368667602539
s06e24b	30.0	5.0	0.86778414	0.86778414	0.022704465	0.14391622	0.00039345425	0.0039652293	0.24698181	0.0048560346	0.0031498459	0.0067882664	0.00010898272	0.00032181555	0.0016408649	0.002516645	0.0057461397	0.002981248	0.00268283	0.00063894625	0.0060605747	0.107773	0.002541116	0.002541116	0.0007157189	0.0016402471	0.00032118658	0.0016402471	0.03740885	0.0057548145	0.0023213297	0.0009165154	0.00032480535	0.00065218593	0.0042804354	0.0007087336	0.0003710165	0.0005089168	0.000346968	0.00028018293	0.0009919589	0.00033943364	9.503698e-05	0.0009919589	0.0004973697	0.0017252752	0.0030474192	0.00023853783	0.00055515947	0.00068306085	0.0018217275	0.00073405256	0.0011768512	0.016180359	0.00054184144	0.011022929	0.001030923	0.004468806	0.0009708937	0.0021179635	0.00050881837	0.0010871472	0.00019632261	0.00015440799	0.0009506163	0.0011056334	0.0006433538	0.0037799517	0.0013566123	0.0020431478	0.009291862	0.00015594964	0.009291862	-22.669044494628903
s06e24b	35.0	5.0	0.89377093	0.89377093	0.01806989	0.13555665	0.0002586897	0.005905647	0.33328226	0.0008472129	0.0026397237	0.008720039	3.510193e-05	0.0003724844	0.00074679824	0.0011690552	0.0054569165	0.0013336461	0.0046519917	0.0007750228	0.0049376246	0.018075872	0.002767368	0.002767368	0.0007617693	0.0020636762	0.0002339301	0.0020636762	0.02421392	0.0045583937	0.0022682424	0.0010764336	0.00044045574	0.0007400904	0.0014564298	0.0005037349	0.00030933504	0.0004751667	0.0002600627	0.00036910284	0.00078077696	0.00035925597	0.0001354629	0.00078077696	0.00036616012	0.00089893024	0.0018201675	0.00019114952	0.0003234593	0.00023821261	0.0022996005	0.00042888822	0.001948304	0.0050765867	0.00032781018	0.0011206629	0.0011552029	0.002468543	0.0005354466	0.0011976572	0.00032281608	0.00090705126	0.00022649525	0.0003850044	0.0009810878	0.00031698254	0.00023061443	0.002829813	0.00052724493	0.0009815056	0.0029691546	5.2435462e-05	0.0029691546	-22.598766326904297
s06e24b	40.0	5.0	0.8723456	0.8723456	0.007952674	0.53813475	0.0005481999	0.0010283965	0.0030547613	0.0028491167	0.0020000373	0.037894893	0.00010421075	0.00022115413	0.002540855	0.006081176	0.0020443653	0.00021479472	0.0012081814	0.0012258155	0.00032693567	0.0029354484	0.006341259	0.006341259	0.001977646	0.0021871326	0.001915219	0.0031093943	0.0993673	0.0046594245	0.0010306534	0.00080063427	0.0007602532	0.0005579242	0.0011254053	0.0015777668	0.0004998408	0.004596555	0.0016973701	0.004095008	0.0042687473	0.002038529	0.00090634025	0.0042687473	0.0008422711	0.005615468	0.010843574	0.0006006578	0.0004146723	0.0009259281	0.0018627243	0.0015777668	0.0026653782	0.001994424	0.00044965371	0.0017548399	0.0018732295	0.0054426347	0.0018361415	0.029785506	0.00018077194	0.000877653	0.0005167117	0.00018626873	0.00603189	0.00046398607	0.00030366107	0.0002842948	0.0017372145	0.018220285	0.0008196712	0.00016577318	0.0064297747	-23.79039764404297
s06e24b	45.0	5.0	0.82197046	0.82197046	0.030923523	0.061347645	0.00033849472	0.0042376677	0.25821292	0.0012747159	0.003078516	0.00408407	0.00017253438	0.00027218056	0.00058162306	0.004040537	0.0027972616	0.0016257231	0.002911457	0.0006763803	0.012376089	0.26612455	0.0071944967	0.0044718473	0.0012304784	0.0045491597	0.0011358714	0.0045491597	0.032795154	0.008254104	0.004350886	0.0010520301	0.00031894137	0.00086919434	0.003885554	0.00078055164	0.0004752856	0.0012824733	0.0012824733	0.0012438714	0.0043362016	0.0026074378	0.00048005278	0.0043362016	0.00050725974	0.0055231014	0.010476558	0.0026854235	0.0014146335	0.00094742264	0.015998356	0.0013130989	0.0033628882	0.0039933817	0.0005817916	0.00092449656	0.0009767499	0.0038358327	0.0003629487	0.001172746	0.0003132277	0.0016089045	0.0005141216	0.00047870207	0.0011048738	0.00037325986	0.00066091464	0.0024035263	0.0019067681	0.002759351	0.003013164	0.0002653125	0.004368038	-21.32854652404785
s06e24b	50.0	5.0	0.7662569	0.7662569	0.07995375	0.026536893	0.00033554714	0.007589906	0.010026398	0.0018675952	0.0039121876	0.0008223225	0.00038603047	0.00017886041	0.0049959184	0.017911926	0.0018019103	5.473951e-05	0.0011604456	0.005366693	0.0013543456	0.0155863175	0.008578061	0.003480317	0.000955664	0.002264389	0.0011077588	0.0035345878	0.1335221	0.011777932	0.0037291632	0.0013071228	0.0005314116	0.0013522718	0.0043045394	0.00027347804	0.0011957586	0.0025386515	0.00076646626	0.00058286864	0.00077896967	0.00049689866	0.00023759315	0.00077896967	0.0018555853	0.0052908114	0.007821341	0.0002356691	0.00033950273	0.0007074852	0.0015993379	0.0020571533	0.0014582478	0.011517298	0.00044145214	0.015706155	0.0012268301	0.00576497	0.00033062013	0.001677645	0.0012141753	0.0011600455	0.0013491766	0.0002626209	0.023801098	0.001296073	0.0008933579	0.0019165538	0.00039203902	0.010748185	0.0021664556	0.00011545634	0.023801098	-22.20833969116211
s06e24b	55.0	5.0	0.8339806	0.8339806	0.026357617	0.015053103	0.0007283381	0.0012781152	0.0047951033	0.001996804	0.0028263852	0.001414275	0.0012652894	0.00019747365	0.0049240896	0.0076581594	0.0018304259	0.0002667412	0.00086221704	0.00041341007	0.00040465948	0.004282999	0.0070842193	0.0051308847	0.002119851	0.003797595	0.0022382098	0.007935426	0.042711534	0.004328398	0.001797314	0.00051230745	0.00026437442	0.0007631011	0.0010476735	0.00042416606	0.00030461446	0.0038032257	0.0012261512	0.0010878734	0.00092784676	0.0008557531	0.00024170245	0.00092784676	0.001937874	0.0066316975	0.012418462	0.00043058745	0.0010165268	0.0011290944	0.0007038715	0.0014809297	0.004074203	0.009565903	0.0012909183	0.002667429	0.001240181	0.014476024	0.0022356662	0.07916026	0.0005861575	0.0011683055	0.0013726079	0.000719714	0.011109208	0.015340854	0.0009989624	0.0013162518	0.0016051817	0.010206106	0.0037653886	0.00047726434	0.01618161	-23.067840576171875
s06e24b	60.0	5.0	0.8824765	0.8824765	0.016150456	0.06495881	0.0005319476	0.006053995	0.073376425	0.0011970036	0.0027112837	0.0020483346	0.00026699388	9.047758e-05	0.0011786737	0.007156332	0.0059151947	0.00013634698	0.0013093612	0.0002212136	0.0010143584	0.01314029	0.004940758	0.004940758	0.0011511222	0.0021250956	0.0014399656	0.0021250956	0.13151586	0.0055701258	0.0011577896	0.0011377243	0.00024292669	0.0008877448	0.0020360705	0.0004813812	0.00070094084	0.0005067185	0.00021782359	0.00024341869	0.00040732318	0.00026187403	8.0336526e-05	0.00040732318	0.00077695097	0.0020409944	0.0016944628	0.00013057953	0.00046672148	0.0006538339	0.0008943207	0.0008309939	0.0011977324	0.008141342	0.0041749696	0.0042528016	0.006862942	0.0048381607	0.0011185964	0.008422383	0.0013921366	0.001114975	0.0004155738	0.00010278485	0.004292677	0.0015767382	0.00029825434	0.00167884	0.008491692	0.010581686	0.06367134	8.5309075e-05	0.06367134	-21.6572208404541
s06e24b	65.0	5.0	0.87236565	0.87236565	0.10202635	0.042684313	0.00018128945	0.002203001	0.37102562	0.0015418013	0.0024007703	0.0010151326	0.00031027192	0.00037958732	0.0013739576	0.001165485	0.002391747	0.0011163242	0.0012145644	0.00021808481	0.00665326	0.035366748	0.0021022784	0.0021022784	0.0011595561	0.0018087021	0.00029884037	0.0051245266	0.046002857	0.0051089907	0.0021811156	0.0006724592	0.00022637758	0.00062796683	0.0017077561	9.970083e-05	0.0001797018	0.0012450715	0.00044913107	0.0010403175	0.0030349756	0.0012999194	0.00029604064	0.0030349756	0.0003913965	0.0023336234	0.0070139403	0.0010664733	0.0008202181	0.00049847364	0.00504989	0.0006169748	0.0017053887	0.0051936237	0.00023593508	0.0012086125	0.00058180076	0.0042146393	0.00034247315	0.0019361206	0.00045441036	0.0006869307	0.00072428095	0.00017087912	0.0006816883	0.0006727361	0.0003823969	0.00195344	0.0010775374	0.0030511592	0.0019050773	0.0002515132	0.002168898	-22.00354766845703
s06e24b	70.0	5.0	0.7704939	0.7704939	0.07090684	0.003519896	0.0007237759	0.005526594	0.31105343	0.0010202914	0.0038555723	0.0009450183	0.0006415787	0.00055726094	0.0009180423	0.0025138753	0.0023382274	0.0013542036	0.0013774807	0.00014494237	0.004040928	0.040346686	0.0037335542	0.0037335542	0.0024498412	0.0043886285	0.0019442295	0.0043886285	0.061131783	0.021904323	0.011851898	0.0012645556	0.00071065174	0.0016393547	0.0041823788	0.0007059537	0.00042227274	0.002497419	0.002497419	0.0011740397	0.0041719796	0.0035935275	0.00037752668	0.0041719796	0.00233991	0.013658159	0.01198611	0.0024243284	0.0015736246	0.0019050193	0.007365857	0.0022477135	0.0052148066	0.0026649106	0.00032092704	0.00040029828	0.0007021045	0.004054792	0.00041250192	0.0009134553	0.00066761475	0.00089979527	0.00014968004	0.00041906926	0.0029840742	0.0025967774	0.0007699626	0.0064183376	0.002602576	0.0031685836	0.0021141898	0.00013973277	0.0064183376	-22.582393646240234
s06e24b	75.0	5.0	0.8413457	0.8413457	0.046481874	0.0043027657	0.0010834066	0.0018822952	0.0077541796	0.0006023125	0.00059961644	0.003764128	5.0086182e-05	0.00018145997	0.0020798093	0.029726807	0.00077550596	6.4953485e-05	0.00070028583	0.00022952707	0.0015036794	0.13574217	0.010381149	0.0071837655	0.0029053243	0.0035640192	0.0025112699	0.016064994	0.06213588	0.009365454	0.0020567754	0.0010084743	0.00017961956	0.00094155554	0.003849038	0.008630581	0.000330921	0.0065554366	0.002387141	0.0011984983	0.003281545	0.0011929116	0.00026019462	0.003281545	0.0018400844	0.007028688	0.0027420525	0.0010222757	0.00030578094	0.00067221286	0.0025790734	0.0036156166	0.0014171981	0.006543349	0.001727452	0.0015699922	0.002320323	0.0030323032	0.00028286292	0.0006501866	0.00041434218	0.00072234124	0.0004297325	0.00020656089	0.006157146	0.002667085	0.0006266867	0.00079599343	0.015063612	0.0070066643	0.026289128	0.0009934978	0.026289128	-25.748828887939453
s06e24b	80.0	5.0	0.8788047	0.8788047	0.07289731	0.04097069	0.0005637847	0.0057093464	0.047653843	0.012453083	0.0064818608	0.010165257	0.0041744504	0.0011043093	0.064844534	0.010032776	0.055303354	0.005891904	0.0013075031	0.0006013096	0.0010911355	0.0054453867	0.0342098	0.004228302	0.0008853568	0.001139579	0.00025061984	0.0048835375	0.045514837	0.0070692357	0.0044803233	0.0006244143	0.00016707457	0.00043876292	0.00083984714	0.00020938937	0.00030518568	0.0015167472	0.0008948492	0.00078032474	0.0014761701	0.00067752606	0.00023471068	0.0014761701	0.0026245122	0.004817195	0.0040584817	0.00026586145	0.00091712864	0.0009923677	0.0013126656	0.0041925157	0.0022661714	0.014062179	0.00044778024	0.002408881	0.0006881882	0.0031687221	0.00020830093	0.0038139343	0.0013158194	0.001015821	0.0025144517	0.00029137367	0.0049772016	0.0045524603	0.00059389666	0.0015788025	0.0006796673	0.0032915382	0.0032277592	0.00054428587	0.0056819995	-24.18443489074707
s06e24b	85.0	5.0	0.61692464	0.61692464	0.01761512	0.004721994	0.0010719325	0.007137455	0.24927929	0.0041905018	0.0058492892	0.002208702	0.00027608208	0.0010179635	0.0026205697	0.009917531	0.001161987	0.00070828095	0.0012941696	0.0003523709	0.0064601684	0.37067243	0.0039029042	0.003018268	0.0030865255	0.016378855	0.0032728987	0.016378855	0.08938008	0.012079587	0.0046570925	0.0013204808	0.0011382435	0.0020248583	0.005892476	0.0012980655	0.0012791065	0.0045577404	0.0045577404	0.0013041078	0.004823833	0.0080345785	0.0006940852	0.0080345785	0.0024730407	0.037448414	0.009564828	0.001940954	0.0024294425	0.002259155	0.006325642	0.0020779476	0.0049403124	0.0028616276	0.00073024305	0.00036452073	0.001176385	0.0021542483	7.650362e-05	0.0004027612	0.0004773183	0.0011766865	0.0014105176	0.00075721106	0.0020241009	0.0007179983	0.0037302333	0.0034329677	0.00085917034	0.003163464	0.0010007389	0.00037942163	0.0046809805	-20.192577362060547
s06e24b	90.0	5.0	0.8631984	0.8631984	0.04080768	0.003798104	0.0021726494	0.011051358	0.03062616	0.051754408	0.004509069	0.0024583861	0.039140876	0.00047179052	0.006044831	0.012213309	0.0006269493	0.0004582618	0.00054057885	0.00036786386	0.0026507755	0.058340736	0.0054240925	0.0028374472	0.00037941404	0.00068616425	0.0013444615	0.0043067303	0.0916199	0.0065636737	0.0012530361	0.00021274247	0.000119506	0.00018734475	0.0027989459	0.0004693437	0.00042521584	0.0012083155	0.0012083155	0.0010416593	0.001790616	0.0012707532	0.0003810049	0.001790616	0.00079527096	0.009958876	0.0114513645	0.0011446909	0.00045784132	0.0004938469	0.005322687	0.003630589	0.0006601504	0.01176019	0.00022992703	0.00093463575	0.0003223698	0.005267951	0.00012648977	0.00037831464	0.0003695898	0.000479959	0.0035856857	0.00012965148	0.002819938	0.00068184594	0.0007306572	0.002878422	0.0016525271	0.003743199	0.002896752	0.0004340281	0.0039368225	-21.63946533203125
s06e24b	95.0	5.0	0.87525815	0.87525815	0.0068008383	0.11512511	0.0008811052	0.0030111808	0.047787506	0.0025930603	0.0022010386	0.0139819095	0.0005279535	0.00018820183	0.0028999532	0.0041344296	0.0017173871	0.00049303647	0.0013373876	0.0009032613	0.0019022669	0.06391031	0.009213278	0.009213278	0.0013880136	0.0034958671	0.001975336	0.0034958671	0.20888756	0.0058360198	0.0011795189	0.0007229411	0.00035124668	0.0011856633	0.0038387454	0.0002855996	0.0011033986	0.0007999483	0.0007181201	0.000703075	0.0018179839	0.0009486963	0.00030777123	0.0018179839	0.000509893	0.0033420823	0.002427444	0.0004283432	0.00030722303	0.00067598524	0.0066039525	0.00040375206	0.0011765453	0.0067778	0.0006126956	0.0022209953	0.0013219871	0.0043745707	0.00085871364	0.01645448	0.0001383146	0.00074274174	0.0007207058	0.00028917272	0.0020694654	0.0016036158	0.0005568046	0.0012665717	0.00059955387	0.0057273405	0.005309558	0.00012402711	0.005309558	-22.81501007080078
s06e24b	100.0	5.0	0.9002191	0.9002191	0.0200477	0.12259139	0.00071223825	0.00062285207	0.005297551	0.01028484	0.0019758174	0.0072653983	0.0005615007	0.00049088383	0.0058648298	0.0032437998	0.001178274	0.0001294995	0.0004134483	0.0018449295	0.00017662114	0.0022936554	0.02542468	0.01575157	0.004405518	0.010773789	0.010149504	0.025589611	0.09980066	0.0040771933	0.00083617074	0.0006276464	0.0005595496	0.000667179	0.0010707102	0.0007465482	0.0005785752	0.005123802	0.0008512776	0.0018450158	0.002311866	0.0011712388	0.00036142787	0.002311866	0.0011477552	0.0049895747	0.007991207	0.00027439633	0.00022501116	0.00039617976	0.0034007065	0.00085892394	0.0020890168	0.003646401	0.0014004268	0.0021527892	0.0011820659	0.008535013	0.000801532	0.008085619	0.0004241778	0.0006432959	0.0008120284	0.00028399978	0.007995521	0.0018795354	0.0002494384	0.00052452233	0.0016661492	0.013493236	0.0030850412	0.00023574058	0.007995521	-24.23090171813965
s06e24b	105.0	5.0	0.8158861	0.8158861	0.021891862	0.01517732	0.00076324755	0.00039189178	0.0032471179	0.0037502632	0.0017608561	0.001596853	0.007797027	0.0003814139	0.013734394	0.0013041364	0.002607764	0.0017788198	0.0007751679	0.0002014591	0.00018981133	0.0007409302	0.024389518	0.024389518	0.006820033	0.0028749655	0.0013225115	0.010487226	0.0586354	0.016393304	0.0070955143	0.0013408094	0.0005631255	0.0015711392	0.0017888577	0.0003559452	0.00021502096	0.0018629656	0.00061291264	0.0011822343	0.00037178237	0.00035965315	0.00045923673	0.00037178237	0.0009717562	0.0021314777	0.0054481043	0.0002749258	0.0002646145	0.00042138243	0.0013853348	0.00057331024	0.00095374434	0.006807822	0.00028600098	0.0019276941	0.0036272476	0.024608674	0.0010376223	0.0028300362	0.00030868102	0.0022331285	0.013607907	0.00022868192	0.012577492	0.0012660626	0.00020279757	0.00082693103	0.0011347116	0.003368661	0.002797445	0.00017319714	0.014680702	-23.460474014282227
s06e24b	110.0	5.0	0.9114865	0.9114865	0.013659295	0.44720542	0.00045982943	0.0008100214	0.0046855323	0.001419745	0.0014557976	0.0110873375	4.955016e-05	0.00012330107	0.0010102706	0.0025269685	0.0009899522	0.000121744655	0.0012129789	0.0009722692	0.00014898118	0.0013797836	0.0047349017	0.0047349017	0.0006952629	0.0020735394	0.000654274	0.004162598	0.10909187	0.006240969	0.0013244534	0.0005219275	0.0005256442	0.000567157	0.002969818	0.00061435427	0.0004350535	0.0013272637	0.00036316036	0.00047800556	0.00049623265	0.0003271143	0.00018684454	0.00049623265	0.00040363986	0.0015908078	0.0016391606	8.372239e-05	9.5458505e-05	0.00047487195	0.00073600444	0.0004590052	0.0009852598	0.0022205643	0.00087843696	0.004067844	0.002587593	0.011898624	0.0015724562	0.028418906	0.00018767607	0.0004868268	0.001295045	0.00010791601	0.0050265817	0.00062180695	0.00017455131	0.00026105836	0.00094114826	0.008309682	0.0020515916	8.801667e-05	0.013030041	-22.8687744140625
s06e24b	115.0	5.0	0.8981748	0.8981748	0.17770557	0.0052369307	0.0002366075	0.0006298291	0.0031589142	0.00076956867	0.0009757074	0.00095559715	0.0005546049	0.00026609655	0.006537035	0.009813694	0.00064441515	8.663255e-05	0.00035226546	0.0004488662	0.00019896864	0.01212282	0.005416329	0.0036965357	0.0020105594	0.0017274134	0.001275707	0.0112734055	0.04158958	0.0068863793	0.0028526045	0.00046343004	0.0002752836	0.00045389906	0.0021228157	0.000510308	0.00019794097	0.010490022	0.003367672	0.0018347751	0.002897508	0.0026764746	0.00043669346	0.002897508	0.0021962926	0.009519644	0.006768129	0.00037159084	0.00045529247	0.00053891353	0.001162514	0.0020669843	0.0010967928	0.004326894	0.00022772868	0.0019383951	0.00077093067	0.00612138	0.00016281712	0.0016748266	0.0005040507	0.00060069637	0.0019977184	0.0004097897	0.005992642	0.0013186114	0.0004918163	0.000643477	0.0006272852	0.0064773667	0.0011708016	0.00045241782	0.0072557265	-23.71329498291016
s06e24b	120.0	5.0	0.8460791	0.8460791	0.028284742	0.01103408	0.00034437122	0.003566467	0.018794117	0.0010775108	0.0021266493	0.0011549586	0.0015032493	0.0001935257	0.019061137	0.0044421335	0.0014623877	0.0003448762	0.0012269673	0.0015955999	0.001157681	0.025056534	0.014866225	0.002880544	0.0036517668	0.0013586513	0.00089026487	0.003449505	0.07065472	0.006830253	0.0035850822	0.00086666277	0.0003785892	0.00077460374	0.0018817469	0.0009050994	0.0002971021	0.008837066	0.008837066	0.0047169025	0.0049407226	0.029312205	0.0022775743	0.029312205	0.0018975025	0.03706672	0.05391832	0.0053329486	0.0012531608	0.0019208184	0.009225112	0.0020550124	0.013358228	0.013490437	0.00071143877	0.0018622084	0.00111914	0.006001209	0.0035796529	0.053868316	0.00072795677	0.0018881956	0.0010322075	0.00085815246	0.008348903	0.008981956	0.0016710374	0.003225388	0.003148129	0.0113187535	0.0022135412	0.000414438	0.017687626	-21.51289749145508
s06e24b	125.0	5.0	0.73965025	0.73965025	0.020720601	0.017998578	0.00011461554	0.004483525	0.21504483	0.0007337354	0.0028042758	0.0012568478	0.0011248512	0.00039560837	0.0025107088	0.0037079945	0.0017991422	0.0016493637	0.0032575985	0.0012459577	0.021173809	0.01839691	0.019192718	0.0035512568	0.0013716702	0.0033572547	0.0009143013	0.0033572547	0.05683189	0.0138392495	0.006551556	0.0015753155	0.0004544803	0.0012618353	0.0048686485	0.00045202812	0.00041624857	0.003347285	0.003347285	0.0020426083	0.0061698956	0.0076254564	0.0007089049	0.0076254564	0.0018326028	0.012312564	0.022975737	0.00395044	0.0014136301	0.0013784544	0.009666764	0.0018398181	0.0059495065	0.0073398557	0.0004598055	0.0011446358	0.0012196574	0.0018943037	0.001249904	0.008195945	0.0004201767	0.001177643	0.00031607688	0.0004973085	0.0036453581	0.00087797677	0.0021725935	0.005092527	0.0014188078	0.007032942	0.0032559545	0.0004151422	0.012634011	-22.05709648132324
s06e24b	130.0	5.0	0.8115128	0.8115128	0.035730083	0.051267	0.00016136044	0.004047931	0.19576983	0.0009998917	0.0016417791	0.001568053	0.00012645456	0.000232409	0.0005920042	0.003095911	0.0016664268	0.00096378423	0.0019254641	0.02806812	0.0015993341	0.017119119	0.022307578	0.002590356	0.0013171898	0.002785214	0.00036150162	0.0043192585	0.09200756	0.005142089	0.002108301	0.0009193071	0.0003778315	0.00081760786	0.0014455279	0.00031832198	0.0004379965	0.0061978814	0.0061978814	0.0025382363	0.0042724498	0.0054096854	0.0016922292	0.0057039275	0.0008177127	0.01008145	0.023490835	0.0006709615	0.0007732331	0.0003985627	0.0032680987	0.0032750098	0.015168492	0.009413282	0.00031967837	0.0008907884	0.0025059364	0.0033073213	0.0017151737	0.0020126558	0.0014072339	0.00082524534	0.00029087433	0.0004124197	0.0012919976	0.0012128471	0.0006125021	0.0046024234	0.0010723181	0.006660206	0.0032254832	0.00013848604	0.031831674	-21.341354370117188
s06e24b	135.0	5.0	0.73180693	0.73180693	0.008206464	0.025359211	0.0003048864	0.001020551	0.0017497652	0.001129281	0.015697239	0.0153464945	0.00015782435	0.00025515672	0.0023361414	0.00474429	0.000521153	0.00039335786	0.00036586614	0.00030861804	0.00041371363	0.0014099985	0.0070917294	0.0070917294	0.001983301	0.003732621	0.004000713	0.004000713	0.76628685	0.04042048	0.021818617	0.005556906	0.0010587984	0.0039893347	0.011599407	0.0037297532	0.005003341	0.008447136	0.0058083474	0.008447136	0.012444723	0.019682854	0.0029873406	0.019682854	0.0011166214	0.03802848	0.028824657	0.0017899089	0.00091162085	0.0005951483	0.0019044608	0.0037490684	0.0032463896	0.002025045	0.00085501664	0.0014226042	0.000913922	0.0033408676	0.0005087752	0.0029758192	0.0008797847	0.0005459985	0.00036800766	0.00018434724	0.0013190836	0.0019048786	0.003551574	0.001795503	0.002601533	0.0149908895	0.0012005235	6.6927e-05	0.003551574	-20.697513580322266
s06e24b	140.0	5.0	0.87344193	0.87344193	0.01610737	0.30149573	0.000605271	0.001114349	0.004519715	0.0026363903	0.0020825507	0.0090290345	0.00029083109	0.0002664055	0.0014788313	0.0059767365	0.0009988595	0.00011891978	0.0007016155	0.0005845544	0.0001908119	0.0013107226	0.0066667297	0.0066667297	0.0013760751	0.0056613362	0.0022617048	0.0056613362	0.106138766	0.0072575673	0.0022006084	0.00059980876	0.0005414478	0.000742545	0.0037103398	0.0005588721	0.00055880606	0.0015993295	0.00048665883	0.0008791194	0.000934735	0.0004663108	0.00036167796	0.000934735	0.0004012362	0.0035216308	0.004309003	9.991479e-05	0.0002649586	0.0009206789	0.0009339227	0.00073083024	0.0011612556	0.0014124284	0.0015439169	0.0013586709	0.0009003077	0.019560141	0.0025427043	0.022479847	0.00016848913	0.0016702708	0.0040386952	0.00012807803	0.004301536	0.0012171918	0.0007620891	0.0009437838	0.00057714153	0.0061068046	0.0015475162	0.00020393814	0.008234194	-22.325258255004883
s06e24b	145.0	5.0	0.86942655	0.86942655	0.024745539	0.10382674	0.0025237398	0.0018815732	0.19294336	0.010212245	0.003855567	0.01119084	0.00058620557	0.00023099406	0.0027796386	0.001838402	0.0043666735	0.0018100637	0.00082618673	0.000731708	0.00041954746	0.011556983	0.010533667	0.0061218585	0.0026089388	0.0159944	0.0028825551	0.0159944	0.10237575	0.0073369173	0.0020165672	0.001273921	0.00084865146	0.002007991	0.0038422262	0.0006629384	0.0013965839	0.00082515687	0.00061329216	0.00078866223	0.0012862037	0.0006601375	0.00038570346	0.0012862037	0.0009811411	0.004529571	0.0068662586	0.00017465871	0.0008195275	0.0003475727	0.002706233	0.0008130327	0.0028449541	0.0034370732	0.001531178	0.0019744649	0.0007086391	0.008256466	0.00071203907	0.008552158	0.0008956694	0.0012480554	0.0023517467	0.0004367424	0.0025516842	0.0012985986	0.00055680674	0.0021398643	0.0013766531	0.0029048934	0.003088526	0.00025411934	0.003088526	-22.11310386657715
s06e24b	150.0	5.0	0.8687048	0.8687048	0.05306816	0.024339756	0.0031690989	0.004481189	0.34854507	0.007617097	0.001551553	0.0028572457	0.0012730901	0.00018635312	0.006093948	0.0054011717	0.0040695425	0.0005513684	0.002710683	0.0006513955	0.0022232186	0.045920666	0.0032122293	0.0032122293	0.0011569038	0.0034444374	0.0014385462	0.0034444374	0.07180477	0.009697205	0.005237989	0.001308754	0.00034781997	0.0017264304	0.0063579436	0.00039833685	0.00054878986	0.001990976	0.0018739126	0.0010275367	0.0029626598	0.002769523	0.00042364217	0.0029626598	0.0014606626	0.0069605513	0.0049153105	0.00077044184	0.0010854908	0.0013248514	0.0023685587	0.0017952108	0.0013905758	0.0032313403	0.0014554176	0.001306646	0.0005250216	0.0030052972	0.0008919346	0.00549941	0.00035783707	0.0015793557	0.00032281608	0.00018557647	0.0033116387	0.002060249	0.00089317915	0.002307539	0.0027890308	0.005897372	0.004854906	0.00025264279	0.010171621	-21.23050308227539
s06e24b	155.0	5.0	0.34354287	0.34354287	0.0076214373	0.0022247413	0.0002566805	0.0029203019	0.33270863	0.0006133415	0.0016550802	0.0014813966	8.863911e-05	0.00032001198	0.001158147	0.0028940756	0.0021122422	0.0016916244	0.0014853163	0.0003011875	0.010264604	0.11306394	0.0041275793	0.004074009	0.002738145	0.024985855	0.0025915413	0.024985855	0.07259631	0.016606808	0.005798567	0.0010613065	0.00027866123	0.0013384377	0.0055779675	0.00097093906	0.0005797247	0.0022986096	0.0022986096	0.0010807331	0.0031619756	0.0037589585	0.00071972946	0.003842084	0.0007829671	0.012109629	0.006301895	0.001368939	0.0012385519	0.0008896115	0.030748045	0.001299409	0.0027508917	0.0021752766	0.00015373938	0.0002395523	0.0009155981	0.0010060574	9.1859154e-05	0.00045735907	0.00027840602	0.0009308654	0.00028768557	0.0011705417	0.0015486572	0.00052019214	0.0012528909	0.0017423085	0.00054729043	0.0022971325	0.00064632465	0.00028653262	0.007204803	-21.750099182128903
s06e24b	160.0	5.0	0.8547935	0.8547935	0.045926273	0.005745115	0.001890116	0.00046215887	0.01746152	0.00535326	0.0019841243	0.0013471749	0.00055515044	0.00030456597	0.009758472	0.0072784717	0.0036246497	0.00051210925	0.00088418665	0.00040675048	0.00039215243	0.0045371694	0.017170448	0.009099713	0.0075229034	0.0071521695	0.002745018	0.0071521695	0.04278321	0.0122300545	0.0044320524	0.0007796498	0.00056794	0.00088630046	0.0017345193	0.0005441453	0.00019013592	0.0056677363	0.0031184233	0.0056677363	0.0045739557	0.0020815053	0.002137961	0.0045739557	0.0038305724	0.028462721	0.0047964826	0.00040107634	0.0004492287	0.00035618182	0.0043697115	0.0026110413	0.0017652502	0.009063997	0.0005273022	0.004088262	0.006174309	0.012826683	7.011031e-05	0.0009542625	0.0009794487	0.0009239197	0.0031713755	0.00032510774	0.011299021	0.0016707422	0.00031944562	0.0017068491	0.0032347902	0.016313508	0.0014203313	0.000617173	0.011299021	-24.92138671875
s06e24b	165.0	5.0	0.53433424	0.53433424	0.0068041794	0.0008977246	0.0007034581	0.00020162686	0.0004465175	0.00023238553	0.0010384604	0.00055050064	0.00030243085	0.00025065689	0.0052209278	0.0021870846	0.00018900099	1.2535518e-05	0.00010865316	0.00048109546	0.00010257835	0.00078849954	0.005798825	0.0010498421	0.0010727205	0.0015006533	0.00074032287	0.0066030575	0.03444899	0.009589047	0.0032061983	0.0006943319	0.00036474198	0.0010574653	0.004847636	0.0049565085	0.00025963137	0.017863246	0.014016945	0.017863246	0.0052498737	0.0067012184	0.006046147	0.0067012184	0.0030997514	0.01280147	0.005793154	0.0008270567	0.0004998932	0.00047024738	0.0045551863	0.004942083	0.0022012587	0.0037777727	0.0005677809	0.00076083123	0.09220875	0.0017227811	0.00021197993	0.0027406656	0.0018414381	0.0015383229	0.0009649732	0.00030941496	0.01632074	0.016741116	0.0020086055	0.00084368675	0.07575547	0.012689497	0.0044624996	0.00014265259	0.07575547	-22.282230377197266
s06e24b	170.0	5.0	0.81815404	0.81815404	0.0182742	0.000682675	0.0001393044	0.00022515943	0.00026299575	0.0002551049	0.0010598646	0.0011376586	0.000455834	0.00065151596	0.0028713003	0.0021230835	0.0008573495	6.017749e-05	0.00032226442	0.00020949982	6.518549e-05	0.00025474082	0.0022032547	0.0022032547	0.0021716447	0.004004884	0.0028869635	0.004004884	0.6614475	0.036637478	0.011790926	0.0044058547	0.00059076387	0.004748633	0.001723119	0.004304846	0.001269263	0.011823819	0.0019829122	0.011823819	0.003328193	0.0017317167	0.0015142541	0.003328193	0.0017243581	0.006386705	0.00461124	0.000110267436	0.00016092314	0.00042360098	0.001305555	0.002836039	0.0011731543	0.004237587	0.01638308	0.0024777963	0.0014880358	0.0042539528	0.00022402151	0.0025757465	0.00037598622	0.0012592323	0.0016816012	0.00030690274	0.026098333	0.0024363466	0.0005562543	0.0013587615	0.0038974464	0.00871957	0.0018492991	0.0004059281	0.026098333	-23.20103073120117
s06e24b	175.0	5.0	0.8366149	0.8366149	0.038639147	0.021141794	0.015623132	0.00064485596	0.0021671783	0.004842867	0.0013002148	0.016056636	0.00095054606	0.0003867366	0.022515444	0.0052623767	0.005319557	0.0003875003	0.0009644189	0.00021058647	0.0002746764	0.0033486614	0.014893555	0.014893555	0.01021885	0.033699084	0.012398233	0.033699084	0.03960255	0.003978204	0.0014217868	0.0005447995	0.00017749635	0.0004933837	0.0016071728	0.00023318808	0.00022792352	0.0035546229	0.0019675752	0.0035546229	0.0041238978	0.0015360315	0.0014251664	0.0041238978	0.002304737	0.011157668	0.0031394274	0.00047184047	0.0006129313	0.0004911412	0.002119265	0.001719729	0.00065038	0.001966708	0.0008125408	0.001935298	0.0002875101	0.0047482927	8.8237095e-05	0.0013925252	0.00018473294	0.00061398785	0.0016339865	0.00021712025	0.002588302	0.00063736096	0.0009892517	0.00061064324	0.00040050267	0.0070350207	0.0005157207	0.0016067383	0.010275519	-31.664569854736328
s06e24b	180.0	5.0	0.7224012	0.7224012	0.21085072	0.0033588968	0.00021250485	0.003714038	0.25881624	0.0007079985	0.006399742	0.0015054438	0.0002550074	0.00027099153	0.0015878977	0.0022746562	0.0008322202	0.0025347208	0.004919284	0.0005370539	0.029041829	0.024906542	0.006181883	0.0026783654	0.0012839657	0.009632988	0.00066409307	0.009632988	0.3314344	0.07437014	0.02679235	0.0018363686	0.00069890276	0.0016244125	0.015115885	0.0006556963	0.002246886	0.0030218384	0.0012958118	0.0030218384	0.0037881723	0.0038781476	0.000864684	0.004187629	0.0006123871	0.0034304825	0.0078823725	0.0025144445	0.0013498726	0.0011213693	0.009021652	0.0005987361	0.0016612245	0.004138525	0.00012377025	0.0015998596	0.0005271967	0.005833967	0.00014272443	4.5334615e-05	0.00036875255	0.0011117295	0.0003260237	0.00027682667	0.0014826582	0.00023723728	0.0005388239	0.0031066432	0.0006072422	0.0050434684	0.0020181139	0.00014314202	0.012632435	-20.03034782409668
s06e24b	185.0	5.0	0.07323424	0.07323424	0.0006738832	0.000264801	0.00015598028	0.0049234447	0.0013068795	0.00057344936	0.029150574	0.0007965178	0.00046181382	6.1174425e-05	0.0008978581	0.008272674	0.0008251026	0.0002678092	0.0008138457	0.00012063768	0.003444907	0.0059340503	0.0071266023	0.0051180613	0.0010061968	0.008448666	0.0030832833	0.008448666	0.7752242	0.058066256	0.04153298	0.00031256367	9.380492e-05	0.00064389297	0.033347342	0.0007235338	0.0041397414	0.0015165978	0.0015165978	0.00027686998	0.0016026503	0.0019775114	0.00011424216	0.0019775114	0.0011927288	0.0065947645	0.012401497	0.0004937226	0.00030000252	0.00048594773	0.001881164	0.013768455	0.00082296174	0.0075389915	0.00014578762	0.009635581	0.0007158905	0.00038997436	0.00025294817	0.00046906905	0.00043470925	0.0004941647	0.00029438597	0.00027864953	0.005933279	0.0025313604	0.009589107	0.03421528	0.0029752841	0.0044096108	0.0040396503	0.00023903187	0.03421528	-20.494935989379883
s06e24b	190.0	5.0	0.6749028	0.6749028	0.0074359286	0.0035838715	0.0022120958	0.0013191295	0.0041586147	0.005919582	0.0014391853	0.0026933225	0.010995921	0.00013388632	0.011680573	0.00622841	0.00013131936	4.519933e-05	0.00053550507	0.00012740114	0.000118637305	0.0059286016	0.0058568115	0.0017092248	0.0007704382	0.004782645	0.00084621366	0.004782645	0.1387155	0.0043637906	0.0010353887	0.0003472319	0.0002208048	0.00028263865	0.0067344108	0.00019472308	0.00029557332	0.0019296769	0.0019296769	0.0011997147	0.000233217	0.0011582429	0.001356737	0.0011582429	0.0011017612	0.0058670705	0.0032754007	0.00021668656	0.000639964	0.0005882061	0.0011322071	0.00052220264	0.0002245022	0.06933552	0.00044179798	0.009455461	0.001462942	0.0038650467	0.00024522704	0.0007337204	0.0002663608	0.00089139293	0.0021803644	0.00012970167	0.0012532377	0.006938993	0.11655331	0.29006365	0.002127865	0.0021809558	0.0010718799	0.0004942634	0.29006365	-20.7646484375
s06e24b	195.0	5.0	0.7087069	0.7087069	0.017171325	0.016989307	0.005815227	0.008102183	0.12007469	0.19914855	0.0065307887	0.00879556	0.019863408	0.0012026214	0.012854178	0.0020742537	0.0011381427	0.0015496233	0.0012575878	0.00082817936	0.0028909235	0.0055869548	0.010870099	0.010870099	0.0025688512	0.00064112636	0.0020870008	0.0020870008	0.038518112	0.005809975	0.002478236	0.0021329965	0.001148214	0.002074865	0.002840814	0.0004470893	0.0006903947	0.002170999	0.0011424463	0.0012714615	0.0024455192	0.001391678	0.00040537838	0.0024455192	0.0008354305	0.0042344877	0.0038755417	0.00041403438	0.0013005412	0.0005677795	0.0036498378	0.0014541971	0.0006308871	0.0043396573	0.0011562884	0.001916886	0.0004056484	0.0035720363	0.0002650177	0.005632797	0.00064979354	0.0008272983	0.004307565	0.0004482295	0.0022873592	0.0005842338	0.0008363373	0.006903276	0.0008879191	0.0029736226	0.0032557237	0.00030287346	0.006903276	-21.39400291442871
s06e24b	200.0	5.0	0.89257944	0.89257944	0.067499585	0.025027113	0.00058982207	0.003330848	0.28776434	0.0018280249	0.0019730437	0.001158307	0.00035604314	0.00025952517	0.005065141	0.0035026977	0.0015512288	0.0007036947	0.0014282484	0.0009902518	0.0022553564	0.0643047	0.008993016	0.0025259363	0.0010605116	0.0012688839	0.0008061889	0.0019325194	0.049370587	0.00933878	0.0055174623	0.0019498643	0.00047515176	0.0020824475	0.0032433448	0.00031104908	0.0002682999	0.0017631709	0.0012323005	0.00062812935	0.0023119783	0.0019390244	0.00025724055	0.0023119783	0.00056303607	0.004869011	0.0042008893	0.0008372439	0.0003754769	0.0008125161	0.0020815043	0.0015390166	0.0015416311	0.005128904	0.00037806548	0.0017791467	0.00068270945	0.007773037	0.00028780408	0.0028095078	0.00060504087	0.0006029078	0.0006596589	0.00015101889	0.001648683	0.0010035005	0.0005340437	0.0018227163	0.0011058241	0.0021854173	0.0039888574	0.00020458474	0.0050262217	-21.79530143737793
s06e24b	205.0	5.0	0.9003311	0.9003311	0.23867692	0.034703456	0.0006938464	0.0033420206	0.15492724	0.0054509626	0.0013406076	0.0015745702	0.0003179692	0.0005932523	0.0049676374	0.0024360826	0.0031239663	0.0011505531	0.0022600752	0.00077003776	0.0066847275	0.014174785	0.0021524224	0.0012225821	0.0012405448	0.0006739853	0.0004425516	0.0027601805	0.011355551	0.0024226038	0.0018057706	0.0012649116	0.00025000126	0.0010366273	0.0012667303	0.0005499083	0.00029256757	0.0027082388	0.0024159646	0.0027082388	0.0071003065	0.005043514	0.0008015312	0.0071003065	0.0011580267	0.008392992	0.017737903	0.0026341255	0.0007296121	0.0007760745	0.004383202	0.0014699264	0.002129293	0.008136849	0.00047557047	0.0019821443	0.0010797689	0.005588854	0.0002496906	0.0029626372	0.0015726628	0.0010141158	0.0027053542	0.00029690162	0.0015745478	0.0012066932	0.0010035612	0.0023856221	0.0017854278	0.00314022	0.004217514	0.00051831733	0.004217514	-22.414072036743164
s06e24b	210.0	5.0	0.8074897	0.8074897	0.032960482	0.016985565	0.0007701779	0.0015256186	0.0057377634	0.0019450985	0.0031332136	0.0014380806	0.0023003607	0.0004256857	0.005785296	0.009551042	0.00027486187	0.00011279491	0.0009261112	0.00081133156	0.0003849468	0.0038150465	0.0038106942	0.0018403218	0.0008068456	0.0049779126	0.0018739428	0.0049779126	0.12287474	0.011896197	0.004023946	0.0015485266	0.0015599887	0.0014723017	0.014492651	0.00032395122	0.0008866484	0.020658923	0.004319023	0.017697811	0.0042925267	0.0034982732	0.00723857	0.0042925267	0.002536117	0.010482684	0.004970606	0.00041922607	0.00065380376	0.00096760533	0.0012625734	0.0010508792	0.0010535753	0.021062866	0.0025559913	0.009476372	0.0011304591	0.027557807	0.0006124539	0.0024017596	0.00066242024	0.0034802195	0.004535808	0.00018388292	0.0058411486	0.0032184464	0.0077003464	0.01784797	0.00137591	0.015007126	0.0061450424	0.0004433921	0.04982013	-20.452808380126957
s06e24b	215.0	5.0	0.80647314	0.80647314	0.01568388	0.031395063	0.0001863899	0.002337955	0.16140768	0.000714703	0.0023742963	0.0012630733	0.0001923067	0.00023064016	0.0013946593	0.0007494625	0.0018514593	0.0016830459	0.0013427287	0.007943967	0.0047399914	0.011889724	0.0032925052	0.00039992997	0.00083607674	0.0020305745	0.00021361648	0.0020305745	0.07996297	0.008087542	0.0028177772	0.00095144176	0.0004006657	0.0009931742	0.008891452	0.00029905158	0.00063555664	0.0014134907	0.0014134907	0.00071711687	0.0024320926	0.0024609342	0.00041816878	0.0029473465	0.0015383067	0.004389981	0.012330855	0.0011600892	0.00053632725	0.0005956259	0.0053972644	0.00032647717	0.0030834447	0.014848108	0.00030099318	0.0012712677	0.0016616146	0.006608771	0.012676802	0.0014549472	0.00044326682	0.00073297333	0.00035093926	0.0002407271	0.0009116677	0.002870618	0.0012101048	0.0029541897	0.0014489251	0.004251237	0.0015468952	0.0004344992	0.0031030006	-22.611730575561523
s06e24b	220.0	5.0	0.88659346	0.88659346	0.17199102	0.007895293	0.0005706009	0.0010662316	0.0044963686	0.0011634179	0.0016146979	0.00040858067	0.00045557358	0.00027096207	0.01110227	0.015767088	0.00045468725	7.389132e-05	0.0008651142	0.002229115	0.00039834314	0.0053944467	0.011215863	0.0014488181	0.001458759	0.003074519	0.0009843389	0.016115867	0.08755715	0.012437155	0.006558981	0.00059549016	0.0005604912	0.0007847516	0.0112524945	0.0007979004	0.00046237497	0.0055208704	0.0053515746	0.0026969803	0.0018784917	0.002121831	0.0018707011	0.002121831	0.0013168443	0.019527586	0.005915226	0.00035962896	0.00051161426	0.0006279578	0.0031814235	0.0017362193	0.0019218863	0.009012508	0.00047316012	0.002095162	0.0016699528	0.024624769	0.00048664026	0.0021517866	0.0011126673	0.0012628055	0.002535408	0.0003872852	0.0068843677	0.007389767	0.002626038	0.0020462165	0.0010591041	0.005734742	0.0009204307	0.0002915079	0.011141577	-22.284103393554688
s06e24b	225.0	5.0	0.88108134	0.88108134	0.03207021	0.009104457	0.00032666026	0.00024140766	0.0012904506	0.0005582248	0.0011171141	0.0016736167	0.00012370855	0.00014368055	0.004321952	0.0034057621	0.0008485702	0.0001531033	0.0014144926	0.000299455	0.00015084576	0.0014116203	0.009080218	0.0021414552	0.0010313862	0.0018210098	0.0013206386	0.0019341359	0.023415212	0.006682936	0.0043603303	0.0009560871	0.0005346251	0.0009272436	0.0029032943	0.00078941	0.00018019372	0.0032985038	0.00150515	0.00090820185	0.00050596485	0.00051267014	0.00026504576	0.00051267014	0.002238641	0.002606576	0.0015819459	0.00017028123	0.00015855728	0.00035945175	0.0010746487	0.0013799163	0.0010687129	0.005218009	0.001532798	0.0027337293	0.0012586999	0.0010328685	0.00012416259	0.012958493	0.00039047003	0.0007547408	0.001369152	0.00024440564	0.0064024557	0.0051907073	0.0003903807	0.00046959918	0.0021852623	0.004170518	0.0007174993	0.0005410237	0.006838772	-24.29818725585937
s06e24b	230.0	5.0	0.92486256	0.92486256	0.029454822	0.5443035	0.0003785899	0.0006531641	0.005187151	0.0026119307	0.0017166383	0.009612661	0.00022594871	0.00028386875	0.0018772199	0.0021918903	0.002771502	0.00017763145	0.0011186657	0.0009052218	0.00010284416	0.0005221285	0.0031533663	0.002184204	0.00052081974	0.0012584302	0.0011703962	0.0029102473	0.03094726	0.0030784984	0.0011358357	0.001106751	0.0005434919	0.0009652904	0.0014322855	0.001260466	0.00028154833	0.0041951323	0.0011232134	0.0041951323	0.0014808091	0.00081778714	0.0013793546	0.0014808091	0.0007030338	0.0026807792	0.0022431605	0.00010469302	9.862748e-05	0.00058556505	0.00073069934	0.001260466	0.00063087506	0.0015289038	0.0012706975	0.0013547847	0.0008988917	0.009325793	0.001737533	0.030243587	0.0004543289	0.0010053378	0.0059887944	9.274337e-05	0.0031369182	0.00072052487	0.0002983146	0.00046524566	0.00066028035	0.0065969992	0.0011720369	0.00033871405	0.006735553	-22.22642707824707
s06e24b	235.0	5.0	0.8604735	0.8604735	0.12764657	0.06650158	0.00034847017	0.0018922746	0.35015514	0.0020455585	0.0022656529	0.002926978	0.00018844225	0.0007103494	0.010791682	0.0012032344	0.001746086	0.0023089359	0.0015196465	0.000595499	0.004758051	0.008868622	0.0026710925	0.002408087	0.0018633921	0.0029361143	0.0008581803	0.0029361143	0.012867139	0.004455261	0.0019228379	0.0007738807	0.0001793461	0.0005438	0.002206364	0.00024744158	0.00015501562	0.003488682	0.0017307526	0.0017902419	0.0065408945	0.0044015544	0.00041115296	0.0065408945	0.00046219325	0.0030463154	0.0054572476	0.0012390186	0.00050429173	0.001222493	0.0034021095	0.0010434192	0.0013419081	0.0024219332	0.00026795937	0.0006463736	0.0005284661	0.0041420246	0.00044559754	0.012895709	0.00059925567	0.0010319517	0.0007395835	0.00035493326	0.0022553564	0.0035325442	0.00047413763	0.0013805702	0.00086966646	0.0035477958	0.0013643437	0.0003459029	0.0035325442	-22.36748504638672
s06e24b	240.0	5.0	0.9157845	0.9157845	0.018418446	0.0056507913	0.00029796612	0.00031033345	0.0013206983	0.00034618194	0.0014208873	0.0012156328	8.216365e-05	0.00016754934	0.009996865	0.011391146	0.00090290466	5.0656312e-05	0.0012127548	0.0003398379	0.00021464139	0.0010174928	0.0051065385	0.0015207552	0.0006666105	0.0015194135	0.0005254516	0.0020722009	0.01913881	0.0077256807	0.0044106934	0.001169068	0.0005373071	0.001017643	0.0027185357	0.00041243504	0.0001522293	0.0036118324	0.0010716016	0.00039455004	0.00053700246	0.0003187277	0.00012163174	0.00053700246	0.0031710756	0.0032041203	0.0020661298	4.3345895e-05	0.00045616893	0.00033313106	0.00044041604	0.0015002576	0.00089929946	0.023013826	0.0012998953	0.0063056676	0.0028142636	0.001998598	0.00038907662	0.02582006	0.0007110558	0.00063782005	0.0032772834	0.00016646046	0.010097934	0.0073406473	0.0005223008	0.0008966676	0.0009492479	0.010213893	0.0013711805	0.0005177445	0.023130681	-23.302757263183597
s06e24b	245.0	5.0	0.8130245	0.8130245	0.013583217	0.050741985	0.0006720066	0.001315134	0.11199788	0.0017292374	0.0011891882	0.003025084	0.00083068875	0.0004332373	0.057104044	0.0019619705	0.0035009973	0.0028525626	0.0010715481	0.0013875914	0.000708528	0.008320833	0.009047412	0.0010280155	0.00094519026	0.001751717	0.0005328069	0.001751717	0.01966816	0.0043423204	0.002219696	0.0011365798	0.00041395528	0.00085884164	0.002564158	0.00020700785	0.00044163605	0.006494998	0.006494998	0.0034777995	0.0071761208	0.022245042	0.001109844	0.022245042	0.0019329875	0.010306175	0.03336622	0.0047026444	0.00096377695	0.0028292667	0.004492486	0.00078492996	0.0074133785	0.009371765	0.00028274916	0.0013380233	0.0013433408	0.00331464	0.009577701	0.039245013	0.0011852212	0.0018792553	0.0010357107	0.0003597032	0.0039331145	0.0030454278	0.001152823	0.0033480502	0.0037551962	0.006841467	0.0011949429	0.0005372385	0.007338893	-22.49608612060547
s06e24b	250.0	5.0	0.8659035	0.8659035	0.14265428	0.010781618	0.0018606511	0.0017904165	0.06091213	0.0017383453	0.00078024255	0.0011425389	0.00028766584	0.00019439342	0.014387684	0.008969487	0.0007537905	0.00013344521	0.0004008894	0.0008820267	0.00048256514	0.0446699	0.0065942993	0.0065942993	0.0014716905	0.015102382	0.0059500504	0.015102382	0.02507579	0.003782675	0.0028492105	0.000416321	0.00025803273	0.0003772619	0.0015906745	0.0019269667	0.00018897883	0.009078125	0.009078125	0.0020091694	0.011083135	0.017937593	0.000801747	0.017937593	0.0010203895	0.044681564	0.013326634	0.0017392277	0.00059694436	0.0010865451	0.0029826814	0.0023487872	0.0016593705	0.0052854884	0.00027382138	0.0010269113	0.0006013767	0.0013149588	0.00036060446	0.091983505	0.0005242669	0.0013574627	0.0005801105	0.00019001812	0.008189408	0.005292581	0.0006425281	0.00067599135	0.0020607195	0.015566335	0.0010417169	0.00022239536	0.008189408	-23.91696548461914
s06e24b	255.0	5.0	0.854018	0.854018	0.10332145	0.0073564597	0.0014788397	0.002461276	0.17986496	0.0054595363	0.005153043	0.0008475932	0.017631352	0.0003543041	0.043618906	0.0025980277	0.001739852	0.0014568876	0.0004641259	0.0010614708	0.0012172364	0.03733458	0.007880296	0.0028747537	0.007880296	0.00097010867	0.0017838785	0.0045402264	0.038306277	0.007875529	0.004146982	0.00096889405	0.00055068405	0.0014933512	0.004874393	0.00028236178	0.00045724268	0.00077316863	0.0006655472	0.0003017218	0.0009779292	0.00056196435	0.00015390188	0.0009779292	0.0018182028	0.004402725	0.0067704883	0.0005236534	0.0006987805	0.00031296173	0.003372441	0.0009654505	0.0015249186	0.0034278217	0.00012562408	0.00076646876	0.00083232485	0.011770946	0.0007256641	0.013062803	0.0004987443	0.0002878727	0.0011546616	0.0006502551	0.0025193393	0.0044879415	0.0013454759	0.0028026307	0.0006283284	0.0032741881	0.0008125397	0.0005094847	0.0044879415	-20.76519203186035
s06e24b	260.0	5.0	0.81801474	0.81801474	0.06063144	0.0075277044	0.00024617932	0.004744191	0.4641298	0.000399051	0.0027103699	0.00091392634	0.0001958735	0.00022147951	0.0014608253	0.0006649326	0.0026115247	0.0009088802	0.00783517	0.0004121356	0.05793965	0.010642314	0.001480565	0.0008153944	0.0005043631	0.005847094	0.00044239196	0.005847094	0.042265255	0.023178294	0.016349297	0.002124199	0.0003552296	0.001317599	0.0048760655	0.0002855498	0.00037953016	0.0006926974	0.00058039447	0.0006926974	0.0025826232	0.0012427346	0.00021454686	0.0025826232	0.00057474454	0.002086953	0.0038555579	0.0004540107	0.00027393497	0.00040188045	0.0027373794	0.00038936827	0.0033093842	0.0024293778	0.0001546082	0.000962379	0.0009328342	0.0044584894	0.00045114866	0.0013548706	0.0005721192	0.00090977695	0.00022454436	0.00018717085	0.0015498778	0.0012185356	0.000184252	0.0009859415	0.00081248354	0.0038199665	0.0016916847	0.00018646973	0.0016916847	-20.627666473388672
s06e24b	265.0	5.0	0.8577316	0.8577316	0.02529864	0.40396842	0.001741878	0.004591496	0.02713389	0.01020429	0.005566434	0.010066452	0.00047971067	0.00052217976	0.0021937098	0.004071777	0.00083249225	0.0010427992	0.003029642	0.0012266735	0.010255918	0.004705578	0.004872843	0.004872843	0.0011779622	0.003394442	0.0010545459	0.003394442	0.15095226	0.01745254	0.0037187606	0.0018825084	0.00037698596	0.0013079117	0.0035375247	0.0007027799	0.0010713505	0.0028089348	0.00090148364	0.0028089348	0.0033494283	0.0017200804	0.0005837996	0.0033494283	0.0005464676	0.0036022214	0.007601235	0.0006010732	0.00063723983	0.0014667697	0.0037891113	0.0005456809	0.0013260539	0.0016253857	0.0009126742	0.0021424643	0.00076353457	0.006580242	0.0019745878	0.00730106	8.314049e-05	0.0022121663	0.00048100326	0.00016381968	0.0015471147	0.0002928416	0.00023380476	0.00062591524	0.000810872	0.006789874	0.003915387	0.00015227257	0.003915387	-23.562639236450195
s06e24b	270.0	5.0	0.9039441	0.9039441	0.1405165	0.36621818	0.0006071717	0.0012762795	0.0013379366	0.0036330132	0.002761672	0.010897927	0.00025447938	0.00025495756	0.0012677719	0.001320828	0.00029298765	0.00017337197	0.0004626631	0.00024728733	0.0001227826	0.0014181007	0.002317879	0.002317879	0.0012432354	0.00068212673	0.00081097445	0.0011518921	0.023122225	0.0034202682	0.0013195404	0.0013572689	0.0005506216	0.0010740428	0.0008974719	0.0012774415	0.00035511615	0.008934694	0.0016288303	0.0042400127	0.0019147224	0.0019084276	0.0014526705	0.0019147224	0.00064704695	0.0027907968	0.005734949	0.00029510283	0.00023269636	0.00062895246	0.0015251341	0.0012774415	0.00077943737	0.0006461872	0.00054274517	0.0008273417	0.00028841663	0.004460746	0.00035936557	0.002857576	0.00016070787	0.00064469065	0.0038801543	0.00014457962	0.0010044733	0.00023024314	0.00031091154	0.00020332982	0.0006668148	0.002290393	0.00089653814	0.0029085528	0.0063077323	-23.048057556152344
s06e24b	275.0	5.0	0.7076222	0.7076222	0.04097912	0.055677675	0.00040494913	0.010285815	0.18944177	0.002928239	0.0029986824	0.013004396	0.0024358556	0.0002907041	0.0013828856	0.0028892786	0.0015745674	0.0015531953	0.0016047012	0.00030015814	0.019432418	0.059764422	0.01346652	0.0059714136	0.0011109632	0.0021297347	0.0026257732	0.0026257732	0.03194291	0.006695847	0.0030209853	0.000921676	0.00038548623	0.0007999422	0.002758871	0.00079929875	0.0005805422	0.0013312174	0.0008709054	0.0013312174	0.002657013	0.001027429	0.0003147535	0.002657013	0.001100751	0.0022706513	0.014458549	0.0018714669	0.0007675689	0.0027326243	0.012242117	0.0020054623	0.0013625537	0.0039820145	0.0015120166	0.0011127277	0.00043641258	0.003366083	0.0025013993	0.0045012273	0.00031180322	0.0017355954	0.001062899	0.00029280726	0.0023202202	0.000561502	0.0005179402	0.0017120586	0.0021022602	0.0020668446	0.0023155722	0.0003291734	0.0033988825	-20.96908187866211
s06e24b	280.0	5.0	0.8340373	0.8340373	0.17187831	0.0053892275	0.0011992268	0.0006846785	0.019423667	0.0013909175	0.00066436373	0.002523752	0.00038453285	0.0006135538	0.007836075	0.011670856	0.00048805668	0.0004376015	0.0012694637	0.00089847465	0.0006418429	0.004763195	0.011718225	0.0043395543	0.0047126915	0.0046124063	0.0017657612	0.021923348	0.05687179	0.009043048	0.0037287078	0.0009554224	0.0006930798	0.0009781637	0.0015149271	0.00075879844	0.00017863578	0.008339082	0.0032177612	0.0042506857	0.0022202495	0.0018769528	0.0010066475	0.0022202495	0.004701265	0.0055650673	0.0094235595	0.0006820055	0.0004132885	0.0013223548	0.005298134	0.003955126	0.0023857846	0.04322444	0.00021513086	0.007276605	0.0015301796	0.0064532096	0.00041205896	0.0070827166	0.0026994774	0.0019164426	0.0010988179	0.00048699946	0.01904517	0.0021010842	0.00072407146	0.001670619	0.00235053	0.013596064	0.001808375	0.00015703864	0.01904517	-23.4049072265625
s06e24b	285.0	5.0	0.9100656	0.9100656	0.039484944	0.012072658	0.0002942342	0.0002997492	0.00066630304	0.00031121224	0.0010893258	0.001731158	0.00015143072	0.00014565895	0.006430216	0.0010703019	0.00084502756	0.00019032547	0.000871083	0.0005759145	0.0002442957	0.0013832544	0.0009802352	0.000843254	0.00076058944	0.00096130266	0.0011931662	0.0011931662	0.028296022	0.0062751304	0.0036992356	0.0008734946	0.0003832633	0.00077288836	0.0023647365	0.00043225902	0.00016446906	0.0031443005	0.0016815386	0.00085891865	0.0004761356	0.00090541807	0.0003393149	0.0009284547	0.0014255851	0.002411691	0.0032976733	0.0006111708	0.00026133528	0.0007492065	0.0026455906	0.00066032034	0.00069231796	0.003662962	0.00035331378	0.003295339	0.00051235704	0.0010846489	0.00019077733	0.016573658	0.00052419497	0.00065351714	0.0050130426	0.00015046207	0.003591964	0.0057444917	0.00031162612	0.00020829935	0.0009898117	0.005607217	0.00053833955	0.00026159105	0.006186581	-24.38862991333008
s06e24b	290.0	5.0	0.8761507	0.8761507	0.022837875	0.0012926962	0.00087185315	0.0002758821	0.0007450712	0.00085212843	0.0012860597	0.001356478	0.000892139	0.00044653623	0.0028778662	0.0025260167	0.0021692542	0.00017658813	0.0019307736	0.00013007423	9.750179e-05	0.00049359136	0.01625281	0.003876836	0.0014385517	0.0016459164	0.0026653162	0.009044158	0.021315126	0.0077795056	0.004614581	0.0017999961	0.0007758319	0.002020467	0.0016190191	0.0003302991	0.00018459948	0.0051273275	0.0015896647	0.0040998845	0.0017019908	0.00063714024	0.0008452865	0.0017019908	0.004765956	0.003269573	0.005299004	0.0002453241	0.0002245632	0.0005220053	0.00092500314	0.0022511273	0.0012120088	0.008726765	0.0012357179	0.0013706301	0.003298714	0.010364415	0.00068221317	0.01235524	0.0061341636	0.0005699207	0.0029845466	0.00018931029	0.03619907	0.007950512	0.0042116423	0.001993462	0.0028217873	0.006546865	0.0023728262	0.000552918	0.03619907	-25.574243545532227
s06e24b	295.0	5.0	0.83801347	0.83801347	0.024676174	0.016436493	0.0010082686	0.0007339421	0.0043664062	0.0006433207	0.0033367958	0.001068008	0.00022720102	0.00024224623	0.026079135	0.0035761541	0.0016929116	6.8328256e-05	0.0007470164	0.0008467497	0.00026854224	0.001051396	0.004653568	0.0022985549	0.0015525824	0.003397458	0.0014741927	0.006767039	0.052523687	0.016826287	0.009022752	0.0014729712	0.0006622069	0.0015279782	0.0038477916	0.0009254726	0.00048749757	0.001724624	0.00069950445	0.00083600066	0.00093220244	0.00041563026	0.00028390312	0.00093220244	0.0018465803	0.0034569157	0.0016947597	9.931984e-05	0.00027097398	0.0005201892	0.0010123975	0.00094175426	0.0010977832	0.006683664	0.0016384029	0.005422976	0.00597551	0.009360758	0.0010256051	0.04944015	0.0008957599	0.0013527701	0.0030250035	0.0002909914	0.017788304	0.008187186	0.0009778254	0.00057992805	0.0020211998	0.0063251746	0.0017836118	0.00024583805	0.018133752	-21.122150421142575
s06e24b	300.0	5.0	0.24419704	0.24419704	0.020000488	0.0068355566	0.0010083551	0.0030278708	0.118054196	0.0011677736	0.0066078072	0.0045081084	0.00037331218	0.00044018516	0.0027956192	0.006703304	0.0009994383	0.001099883	0.0061163893	0.0002590619	0.108917184	0.043049086	0.011133877	0.009483298	0.0045223376	0.03231985	0.0065002865	0.03231985	0.054792225	0.017193073	0.0056709647	0.0012248509	0.0006066002	0.0012618785	0.0034043444	0.0020535374	0.0006199019	0.00075942953	0.00075942953	0.00058174285	0.0017014625	0.00054453366	0.0002490406	0.0017014625	0.0007438794	0.003799311	0.0050342	0.0011206367	0.0010898982	0.00085622614	0.060036026	0.0016327548	0.0020075918	0.0043178787	0.0005738359	0.0009119535	0.0020741858	0.0023782526	0.00031336182	0.001508221	0.0002131709	0.0030302699	0.00050607004	0.0012550044	0.017443711	0.0013888598	0.000610725	0.0012768279	0.0017904676	0.0059037576	0.0028646337	0.00040131036	0.018320305	-20.43219566345215
s06e24b	305.0	5.0	0.8928299	0.8928299	0.14552572	0.022649933	0.0020289016	0.005979647	0.062676266	0.0034765848	0.0029250192	0.003309178	0.0007199531	0.000111479356	0.001549124	0.016522203	0.002034335	0.00018111113	0.0027969554	0.00049848075	0.0057206266	0.1121417	0.0071002664	0.0071002664	0.0012969539	0.006279444	0.0015681366	0.006279444	0.06955821	0.009216303	0.0026611187	0.00062929123	0.00045543376	0.00082581677	0.00930656	0.0011623966	0.0005774824	0.0008229562	0.000801217	0.00061403227	0.002125303	0.000923951	0.00028005952	0.002125303	0.0008306254	0.0072915726	0.0026011667	0.0006129383	0.00042413475	0.000584738	0.0016234979	0.0011951393	0.0009955467	0.006250224	0.00062420935	0.001949907	0.00095731043	0.0029233398	0.00025619494	0.00058745453	0.00017866796	0.0007757122	0.0023531266	0.00023879544	0.0013999755	0.0042342423	0.0017011403	0.0012806533	0.0017305409	0.0028744747	0.007882317	0.00032194197	0.01961187	-22.32826042175293
s06e24b	310.0	5.0	0.6744553	0.6744553	0.011656549	0.0024753332	0.00070980634	0.007417478	0.022422362	0.0010780802	0.035684638	0.001026191	0.00013306605	0.0009693492	0.0011376402	0.0031611943	0.00029874238	8.653825e-05	0.0008999419	0.0005805746	0.023096327	0.010542846	0.0052666045	0.0036204038	0.0017589636	0.011207473	0.0017718516	0.011207473	0.78298706	0.15860516	0.07824489	0.0017261419	0.001273172	0.0009356893	0.06961975	0.00033686205	0.0037885983	0.00017836703	0.00017220814	8.0339734e-05	0.0009812817	0.00059390423	3.771391e-05	0.0009812817	9.5297524e-05	0.0018732935	0.0062234243	0.0002642527	0.00054090796	0.00018671167	0.002327654	0.00074525375	0.00057922903	0.0016126451	0.00015954336	0.00014710613	0.00023502624	0.005366225	0.000477534	0.00013700042	0.00044174385	0.00041022786	0.0007512326	0.00084691145	0.0001810759	0.00042328995	0.00052042323	0.0033535678	0.00021055015	0.0006505775	0.0013284308	9.681269e-05	0.010269518	-20.441139221191406
s06e24b	315.0	5.0	0.4444484	0.4444484	0.018422782	0.004811871	0.0012679169	0.0059014712	0.035123907	0.006648065	0.025885468	0.0074847243	0.00038256697	0.00035426623	0.0019021354	0.0075902366	0.002386476	0.0015047302	0.004485982	0.00059073465	0.0048387144	0.34697494	0.004214125	0.0025028489	0.0026737612	0.0011939849	0.00038416462	0.0036222897	0.20826896	0.02190569	0.01100828	0.0009358542	0.00038595655	0.00092659576	0.004942887	0.0013963551	0.0018208901	0.0034432886	0.0034432886	0.00087801355	0.007389211	0.0050800657	0.00036785263	0.007389211	0.0017146831	0.014536099	0.0055879955	0.0009890534	0.00043849574	0.0003745834	0.0016567003	0.010794451	0.0010424624	0.002403028	0.0014606097	0.0014247464	0.00087262696	0.000915845	8.662255e-05	0.00074920896	0.0061197844	0.00105195	0.00027931744	0.000562541	0.0041719535	0.001688604	0.0006554958	0.0021823114	0.0049438393	0.040851686	0.006344625	0.0009909128	0.015987858	-26.7114372253418
s06e24b	320.0	5.0	0.33885267	0.33885267	0.0151079	0.004247789	0.00020192796	0.0049976725	0.073199525	0.00042796723	0.003333211	0.00605053	0.00033592834	9.836065e-05	0.0018806763	0.004807619	0.0049208314	0.00023232016	0.0071367356	0.0012171436	0.017907841	0.13892195	0.0032181372	0.0032181372	0.00095064257	0.003981052	0.0008161585	0.003981052	0.11221384	0.027251335	0.0020359096	0.0002997629	0.0002973302	0.0006146632	0.024690965	0.0143928975	0.00029999905	0.00035051478	0.00035051478	2.4109117e-05	0.0005044792	0.00023947077	1.9601634e-05	0.0005044792	0.0004405193	0.0026639819	0.00085672067	0.00017345547	0.00015341809	0.00032206537	0.0019523305	0.0143928975	0.0005153649	0.0045254016	0.00049714406	0.0007361019	0.005270883	0.0006174878	4.195581e-05	0.00010340341	0.0017354079	0.00055028684	0.00024117483	9.4285504e-05	0.010183088	0.0018425524	0.0020447157	0.029449562	0.20594396	0.0012490668	0.046695422	0.00026781097	0.20594396	-24.36767578125
s06e24b	325.0	5.0	0.8483437	0.8483437	0.012251969	0.17394985	0.00079232245	0.002905128	0.042537503	0.00186935	0.0024776997	0.030599112	0.0001716036	0.00032552273	0.012344005	0.010893112	0.0015570178	0.0010943376	0.0013232984	0.00038292637	0.0010363963	0.054223754	0.020651592	0.020651592	0.0028541093	0.034851827	0.0063787154	0.034851827	0.06738257	0.0057343477	0.0010877723	0.00070859585	0.0006804739	0.0008118559	0.00193607	0.0008369631	0.00057308876	0.0022217415	0.0009362382	0.00083501945	0.0029082003	0.00079043146	0.0002080786	0.0029082003	0.0012883451	0.0037786074	0.0035871393	0.00030664977	0.00041863997	0.00062803744	0.0020590886	0.0026044275	0.0012538788	0.0066762827	0.00037460343	0.0047355737	0.0012002919	0.0033987742	0.0004097288	0.010879542	0.0003825812	0.0008452305	0.0004818293	0.0003542703	0.0021162622	0.00044090475	0.00057654467	0.0021075367	0.0025170948	0.013001716	0.0069842963	0.00027244695	0.012881155	-25.454120635986328
s06e24b	330.0	5.0	0.8111173	0.8111173	0.0057073277	0.114385	9.369594e-05	0.0017241372	0.06886728	0.000637126	0.0036702135	0.010868992	0.00021481684	0.0001461325	0.0011764718	0.0007408162	0.0012292835	0.0003894418	0.00070515356	0.00054214906	0.002121934	0.05785132	0.0029225228	0.0029225228	0.0014634401	0.0013655826	0.00044533535	0.0014247504	0.041629657	0.0030769538	0.00095866574	0.0003623442	0.000119277174	0.0003304462	0.00064400956	0.0011067389	0.00021587963	0.0014394397	0.0007623205	0.0014394397	0.0048431084	0.0020719406	0.00020395369	0.0048431084	0.00044701106	0.0035080977	0.00879039	0.0018199943	0.0008146981	0.0005185071	0.0032759302	0.0013657334	0.0029911774	0.0033487838	0.006523256	0.0021191088	0.0041006557	0.0010391636	0.0006760696	0.0008393575	0.00091680716	0.00126957	0.00036977377	0.00015187668	0.0012972782	0.00035453436	0.00016765577	0.0014414671	0.03157631	0.007064541	0.011963397	0.00034880222	0.03157631	-23.99275779724121
s06e24b	335.0	5.0	0.82735616	0.82735616	0.020520473	0.023088835	0.00021827515	0.0031990802	0.03529089	0.0015120612	0.0028288793	0.008630048	0.0033388883	0.00017174553	0.0338998	0.0036000093	0.0012233899	0.00067677425	0.0014244125	0.000614351	0.0030706017	0.055222902	0.0066140518	0.0066140518	0.0014674383	0.0016964823	0.0017954945	0.002814989	0.047427252	0.003543271	0.0013190052	0.0007513164	0.00021606166	0.00054283807	0.00066541746	0.00020744848	0.0002776924	0.0041734953	0.0019201293	0.0041734953	0.0027929896	0.002493649	0.0009835351	0.0027929896	0.001988659	0.010976647	0.05352977	0.00315883	0.000680965	0.0019118185	0.008162168	0.003200391	0.0046007982	0.035852358	0.0013117265	0.013289898	0.0006161762	0.0023849506	0.001009046	0.005126824	0.0028896662	0.0018045788	0.0009084841	0.00017792979	0.0050661066	0.0025742683	0.00027514686	0.00691129	0.0017180976	0.0048041777	0.0016927085	0.0005121685	0.010950225	-24.270238876342773
s06e24b	340.0	5.0	0.8119195	0.8119195	0.023827175	0.0058922274	0.00072402426	0.00080359034	0.0056914473	0.0005827564	0.001455437	0.002377219	0.0018268679	0.0003012823	0.008471085	0.014734802	0.0022570752	0.00021394016	0.0010346264	0.0041945465	0.0005335886	0.003024309	0.0132012	0.011490555	0.0032300474	0.0063041826	0.0041560307	0.0065597543	0.12717037	0.009062772	0.0035091296	0.00078005675	0.00071431557	0.0010858285	0.0019045733	0.00039189492	0.0006743589	0.012031745	0.004099125	0.005362937	0.003988577	0.00200534	0.0015679142	0.003988577	0.0014572698	0.008890184	0.0043238774	0.00022671586	0.00038375484	0.0004247951	0.0017540199	0.0033575739	0.0014102148	0.0124256695	0.0007526611	0.005438104	0.0016183855	0.0066750464	0.00026687756	0.0052035935	0.00036893925	0.0021159924	0.0015006827	0.0004061139	0.012818244	0.0020633747	0.0007457517	0.0025483754	0.0012842458	0.020093737	0.0031336604	0.00021634945	0.012818244	-22.691556930541992
s06e24b	345.0	5.0	0.75995237	0.75995237	0.016790023	0.078527644	0.00035896598	0.0009811686	0.0022186644	0.00270387	0.0018960193	0.0065991804	0.00092696137	0.00050776405	0.0043825987	0.0026333542	0.00069319864	0.0002440224	0.00029207038	0.0011745408	0.0002437048	0.002528012	0.035971604	0.035971604	0.0026580074	0.009530886	0.0083439965	0.015643664	0.07036081	0.005507866	0.0011068913	0.000786912	0.00052493723	0.00069275656	0.001149876	0.0005981965	0.0005071242	0.0061630397	0.0014015283	0.002802415	0.0031098584	0.0008859281	0.0005698758	0.0031098584	0.0009861877	0.0066206907	0.0061333147	0.0001524312	0.0003321011	0.0008959682	0.002191958	0.0012348514	0.0015531924	0.0025596726	0.00096192653	0.0012975982	0.0009361463	0.018560886	0.00084435346	0.02329972	0.00052603515	0.0010281893	0.0031457567	0.0002211653	0.003816852	0.00161667	0.0005030696	0.0011738893	0.00069970987	0.009612148	0.0014750508	0.0003017972	0.0077505335	-23.232154846191406
s06e24b	350.0	5.0	0.7670734	0.7670734	0.029207535	0.011277679	0.0004119013	0.0020643058	0.17162465	0.000988635	0.0036839128	0.004656078	0.00010657561	0.0005441583	0.0017638264	0.003212425	0.001688998	0.0025639774	0.0011807055	0.0009724475	0.0062769507	0.2851078	0.0101375	0.008511577	0.0039434694	0.00552804	0.00072289736	0.00552804	0.07962218	0.008188103	0.0024063613	0.00079206534	0.0001795403	0.0008898722	0.003169439	0.0006249401	0.00048855424	0.0018046277	0.0018046277	0.0012048405	0.0031526738	0.0029687225	0.0012894247	0.003747519	0.0005830156	0.0064421147	0.004678635	0.0012546972	0.0010520923	0.00035544523	0.057640556	0.0014159092	0.0036576318	0.0063424846	0.00017946362	0.00071137946	0.0007360711	0.0045505115	0.00038535468	0.00031645893	0.00029949212	0.00059746206	0.00042663142	0.0012223615	0.002462515	0.0005243749	0.001999021	0.0023298475	0.0013609002	0.007841285	0.00289029	0.0002563073	0.016674371	-22.46078872680664
s06e24b	355.0	5.0	0.83107275	0.83107275	0.023293626	0.06260284	0.00031183622	0.0038448407	0.08052916	0.0019483708	0.006969829	0.010368294	0.0006928117	0.00031176637	0.03068136	0.0073933774	0.0031528268	0.0015153245	0.0020897714	0.001176264	0.006794982	0.057468064	0.10893128	0.017617283	0.0019543942	0.017763741	0.0013987655	0.017763741	0.03569406	0.0028723164	0.001442394	0.0006170507	0.00038432798	0.0005256474	0.0014706601	0.00040198505	0.00031715483	0.0010494755	0.00048713962	0.0010494755	0.0016982687	0.00037103542	0.00039099337	0.0016982687	0.0008722532	0.0017801124	0.003498353	0.00020220655	0.0001698784	0.00031724162	0.0034361584	0.0029459344	0.0015841088	0.0047771153	0.00033051267	0.0024870632	0.00056020066	0.002780006	0.0002961389	0.0013391555	0.0014402788	0.00044244237	0.00053688243	0.00023030856	0.0015028435	0.00021159099	0.00048518428	0.004572757	0.0019175119	0.0023125613	0.0024120733	0.00040778224	0.004572757	-22.97228240966797
s06e24b	360.0	5.0	0.8990446	0.8990446	0.04639778	0.25315782	0.00062530616	0.0032442084	0.21555363	0.0037029227	0.0032956472	0.0050984053	0.00033866256	0.00045082672	0.0018430382	0.0018333442	0.004765988	0.0008754289	0.0025360882	0.00083458476	0.00094845495	0.013853848	0.014864214	0.014864214	0.0018225732	0.001602687	0.0008809247	0.0017248729	0.030973583	0.0044512143	0.001422449	0.0012347156	0.00083846063	0.001013639	0.0016271229	0.0002764983	0.00037686934	0.001235801	0.00051436643	0.0008110393	0.00069420825	0.000348805	0.00030365612	0.00069420825	0.00074776885	0.0014991481	0.0018777166	0.00016964466	0.00026677022	0.0005418303	0.0014589666	0.00058832526	0.0022733891	0.0046684914	0.00026889733	0.0022845762	0.00090122776	0.0042192605	0.0006620359	0.013466958	0.0005897895	0.00074630947	0.0003952073	0.00022192216	0.0025810048	0.00064423983	0.00036480214	0.009421197	0.0014111908	0.0021749642	0.0044706226	0.00012711162	0.009421197	-21.341697692871094
s06e24b	365.0	5.0	0.7880291	0.7880291	0.1173856	0.006952264	0.00031577962	0.0128777	0.26325262	0.0008137794	0.0028810205	0.0022346294	0.00020834366	0.0005805041	0.0020971908	0.005572036	0.002615941	0.00065997615	0.005114127	0.000115074836	0.00901138	0.23070182	0.002484534	0.002484534	0.0018291702	0.005849905	0.00087205594	0.005849905	0.03248414	0.015429319	0.007313941	0.0012214978	0.00050184206	0.0017152792	0.006390852	0.00045461179	0.00031583142	0.0012879113	0.0012879113	0.0008247551	0.002303333	0.002150631	0.0004187248	0.0025503957	0.0006731177	0.004970021	0.0020933961	0.0009785057	0.0007466207	0.0011274312	0.003706589	0.001511687	0.0014598276	0.005265421	0.00019821974	0.00091034744	0.0008658617	0.0020941333	0.00037582568	0.00073236023	0.0005739434	0.0012953442	0.00022200277	0.00028723996	0.0040463475	0.0012739416	0.000831804	0.0036595163	0.001444658	0.0014920385	0.006287557	0.00015492151	0.006287557	-21.561389923095703
s06e24b	370.0	5.0	0.8394339	0.8394339	0.0085013015	0.006450162	0.0013300241	0.00045682167	0.08061943	0.0015883272	0.0018122386	0.0024796994	0.0019453336	0.00037951025	0.0032484452	0.005240343	0.0040228795	0.0005039616	0.00066506624	0.0010602504	0.0006018686	0.0014984473	0.27786136	0.27786136	0.00851565	0.0027086085	0.0025387951	0.0032109625	0.14888655	0.006636201	0.0014483401	0.0013470491	0.0003592933	0.0012267873	0.0012772809	0.00019493411	0.0005033416	0.0052876174	0.0014230438	0.004886382	0.0028654903	0.0012943445	0.001469722	0.0028654903	0.0014277834	0.007223641	0.0022543932	0.00011981935	0.00043966604	5.7953494e-05	0.0022861722	0.005162889	0.0010183636	0.005666401	0.0016715522	0.0011640437	0.0012376315	0.0025912824	0.00012470246	0.012674625	0.0005978887	0.001032806	0.00017593973	0.00035001905	0.009241536	0.0012043375	0.00042913604	0.0033782015	0.0027784095	0.0137843145	0.0074816323	0.00015132016	0.009241536	-22.68375396728516
s06e24b	375.0	5.0	0.7681431	0.7681431	0.013674729	0.2782613	0.00042833562	0.0022537056	0.010810813	0.004298543	0.004181249	0.019445317	0.0020289265	0.000507159	0.00461735	0.0027259314	0.0019974255	0.00068892183	0.001706277	0.002279016	0.00078148855	0.0032788867	0.009055088	0.006803606	0.0017951526	0.0039050996	0.0035851882	0.0039050996	0.083182216	0.005019621	0.0014195538	0.0008755682	0.0007211486	0.0007132809	0.0011515998	0.0008515806	0.00090801285	0.0044085435	0.0012117334	0.0044085435	0.0035801106	0.0019993903	0.001679881	0.0035801106	0.0011748429	0.0049716905	0.015266792	0.00052534416	0.0006594974	0.0013613319	0.006105717	0.0009617621	0.005167716	0.0028772315	0.001549267	0.0017790451	0.0008895234	0.011511795	0.007147999	0.027810078	0.0002759392	0.0019011552	0.0039610094	0.0006665841	0.0037546002	0.0011781052	0.0008180755	0.0009944575	0.00095421117	0.004984911	0.0013298386	0.00053879386	0.008107949	-23.25936317443848
s06e24b	380.0	5.0	0.87296635	0.87296635	0.0057575763	0.4087971	0.0008300929	0.00040040642	0.0029517272	0.0039142584	0.0015719082	0.06599782	0.00024994928	0.00029951724	0.0014598311	0.0033207638	0.0018009577	0.00038453742	0.00067621394	0.0005590442	0.00013372506	0.000836215	0.008253971	0.008253971	0.0019137374	0.0045909034	0.0036926495	0.0045909034	0.15596245	0.0064400365	0.0012285087	0.00079400185	0.0011658331	0.00078482606	0.0020865977	0.0017463671	0.0007456885	0.0021984733	0.00086561963	0.0021984733	0.0011052617	0.0007944192	0.00090766	0.0011052617	0.00091915386	0.0035495346	0.008740801	0.00017715243	0.00026263518	0.0015433275	0.001815674	0.0017463671	0.0016224047	0.00084201584	0.0014774723	0.0012804082	0.0005611987	0.010869976	0.0025193742	0.02112399	9.6839e-05	0.0019609903	0.0024002702	0.00016584354	0.004445002	0.0005232849	0.00036312867	0.0005425551	0.00082820107	0.006607119	0.0010142279	0.00023450713	0.007369149	-23.454408645629883
s06e24b	385.0	5.0	0.79108316	0.79108316	0.053608593	0.0252493	0.00037922148	0.005729915	0.38502994	0.002202785	0.0017884754	0.0013302928	0.00056058704	0.00020928838	0.0016994608	0.003322442	0.0027841772	0.0011049066	0.0032859896	0.00033461367	0.010278478	0.09786593	0.0033581613	0.0033581613	0.0016662087	0.0031961754	0.0013786579	0.0031961754	0.045436848	0.009268031	0.0033961716	0.00075593276	0.00028230713	0.0007189123	0.0063324976	0.00050319405	0.00032246418	0.0009660569	0.0009660569	0.000764833	0.0024423723	0.002241991	0.00032793925	0.0026030294	0.00077380886	0.0047048857	0.0078139845	0.0035035617	0.0024100498	0.0022227142	0.004417435	0.0010073133	0.002103489	0.008749788	0.00094648893	0.0027898387	0.00066796097	0.0019360682	0.0006621949	0.0041668536	0.0003414493	0.0016336769	0.0005926769	0.00026083944	0.0020855733	0.0021747313	0.0011085512	0.005046791	0.0020744067	0.003528627	0.0053546466	0.00021199894	0.0075308257	-22.06769180297852
s06e24b	390.0	5.0	0.81933445	0.81933445	0.06400578	0.004764502	0.00058744417	0.008701733	0.13500878	0.001555256	0.008586533	0.0016557975	0.0012545784	0.00037075064	0.00059982704	0.011125867	0.005724528	0.00033284977	0.0019790847	0.00024811298	0.00754196	0.15200688	0.010904888	0.010904888	0.0011471005	0.0030974757	0.0018388858	0.0030974757	0.052396785	0.015194849	0.0054990114	0.0008676742	0.0003726743	0.0011447836	0.007597125	0.0007920533	0.00045888734	0.0014851635	0.0010440785	0.0007730386	0.0026136143	0.0012896291	0.00025435348	0.0026136143	0.0015172043	0.007310636	0.0024416766	0.00060641003	0.0004932287	0.0011015754	0.0022150371	0.0017749175	0.0014077459	0.0074601425	0.0008343557	0.0010010474	0.00062060775	0.0069135055	0.00029292007	0.011963274	0.0003807068	0.0026843576	0.00048220027	0.00017926095	0.0060283397	0.004370857	0.0009002987	0.002109462	0.0014303187	0.0046387627	0.0058366586	0.00022153759	0.008810084	-22.8665771484375
s06e24b	395.0	5.0	0.9389055	0.9389055	0.06644821	0.17973667	0.0004329677	0.006522923	0.04532517	0.0058776685	0.0023582994	0.0056882156	0.00039110036	0.00028370396	0.0009419758	0.014701734	0.004061584	0.00021692697	0.00084969564	0.0016181252	0.0011432759	0.013533919	0.00788225	0.00788225	0.0011979704	0.0031179313	0.0017579667	0.0033000328	0.13063154	0.004962702	0.0013800438	0.0006029613	0.000298042	0.0004922011	0.0015031963	0.0007702455	0.0006069813	0.0033099127	0.001087818	0.0032223326	0.0032514143	0.0014072874	0.0006921656	0.0032514143	0.0007658862	0.005891421	0.0038012986	0.00019443771	0.00043228437	0.00081847084	0.0012395498	0.0021159067	0.0010561153	0.003764176	0.0007385158	0.0024941855	0.0003850462	0.005959074	0.0003084745	0.008044865	0.00032116607	0.0011649195	0.00049467233	0.00018880611	0.0021052635	0.0005425243	0.00027369533	0.0019525449	0.00073790696	0.015669724	0.006573114	9.750774e-05	0.006573114	-22.885684967041016
s06e24b	400.0	5.0	0.84924054	0.84924054	0.008761362	0.007276928	0.09313309	0.011180424	0.17449874	0.0627823	0.0010787803	0.017463148	0.017223783	0.0014323217	0.049446646	0.0004975283	0.0036904046	0.0020381042	0.0052823555	0.00012833819	0.00011694354	0.0005509371	0.0031517118	0.0008450135	0.0008990715	0.00051828765	0.0010663458	0.0020620585	0.03352097	0.0036319797	0.0016531928	0.0004531643	0.0002078486	0.00051067054	0.0012598803	0.0003533798	0.00029759933	0.00078712613	0.00055957306	0.00067923963	0.00038526946	0.00046304628	0.00028747309	0.00046304628	0.0004660915	0.00072558905	0.0029718434	0.0001283279	0.0004369989	0.00018035083	0.0013829614	0.000669524	0.00084538356	0.0030235946	0.0004150496	0.0005489201	0.0002520156	0.0030796828	0.00036935558	0.010336651	0.0004923799	0.000966659	0.0022089877	0.00018968467	0.0021869119	0.0010050476	0.00082682073	0.015770182	0.0010228383	0.0012283068	0.0013354714	0.00046327658	0.015770182	-23.3531551361084
s06e24b	405.0	5.0	0.82397115	0.82397115	0.020411875	0.008976211	0.00039913986	0.0035145148	0.13915543	0.004086678	0.0013756662	0.007309421	0.0010959926	0.0007186353	0.0018330817	0.001686025	0.0021509666	0.0016163698	0.0004588733	0.0003859543	0.00075593457	0.04635694	0.0046964036	0.00221818	0.0013059363	0.007444035	0.0028351166	0.007444035	0.02966834	0.0033823168	0.002263819	0.00042143968	0.00026452396	0.00051490555	0.002172122	0.00035498297	0.00021005205	0.011978411	0.011978411	0.0009894959	0.0053225504	0.021862946	0.000609309	0.021862946	0.002246155	0.022713872	0.02577733	0.0038810058	0.0009965636	0.0014549528	0.00645048	0.003074281	0.0014617501	0.0014289729	0.001280151	0.00017411531	0.00023602755	0.0011373991	0.00024060594	0.0024169798	0.00042651047	0.0007120903	0.00036973992	0.00024399167	0.0010280386	0.00077663444	0.0014806815	0.0024793644	0.001437871	0.004318151	0.0005808032	0.00043012798	0.0024793644	-23.937801361083984
s06e24b	410.0	5.0	0.8474427	0.8474427	0.03470801	0.20877773	0.0007547523	0.0021814187	0.13785855	0.0056749242	0.0032941676	0.03263698	0.0009453128	0.0006644362	0.0031628355	0.0017426385	0.0054563833	0.005271438	0.0016037349	0.0009953722	0.0049755913	0.022159789	0.014068315	0.0030843283	0.0018409857	0.004842601	0.00097153126	0.004842601	0.05140723	0.0073000505	0.004336329	0.0009711707	0.0004754211	0.0008424633	0.0020783688	0.0010225207	0.00054842565	0.002910596	0.0010528865	0.002910596	0.003406646	0.0013010572	0.0009560748	0.003406646	0.0006017565	0.00266431	0.0078094206	0.00080085365	0.0005685198	0.0008686776	0.0063315555	0.0010931966	0.0027400258	0.0046143704	0.0023091314	0.0032109683	0.0006736359	0.006279244	0.001370758	0.0036941357	0.00031511407	0.001452806	0.0018408081	0.0005222512	0.003121357	0.0009209342	0.00039154728	0.00070713804	0.0020730668	0.0021659755	0.0017717774	0.0005113961	0.003121357	-23.72768211364746
s06e24b	415.0	5.0	0.88032186	0.88032186	0.046490572	0.028113093	0.00016858056	0.0030977158	0.1923716	0.0036058212	0.0037142886	0.0014522743	0.0004689859	0.00053572486	0.008358628	0.0028428421	0.0011950538	0.0009889747	0.0005682793	0.0008417611	0.0031678593	0.31647405	0.0129865855	0.0026914235	0.0129865855	0.0010555178	0.0005389572	0.0017946537	0.066750646	0.0053386632	0.0019106505	0.0009484686	0.00036285134	0.0012354867	0.0029871073	0.00015431952	0.0002587277	0.0009022128	0.00059558754	0.00062318787	0.0043903873	0.0016504476	0.00019191048	0.0043903873	0.0007739409	0.00445995	0.0041538193	0.0006707844	0.00024193716	0.00076388975	0.0025630323	0.0009946319	0.0024265228	0.004216721	0.00030842275	0.00067652884	0.0006867792	0.01498625	0.000858278	0.0018203842	0.00059960445	0.00042664423	0.00045122177	0.00046738863	0.0013484361	0.00059442245	0.001331355	0.0018164321	0.001487681	0.005390286	0.002357087	0.00025233778	0.005241653	-22.47283744812012
s06e24b	420.0	5.0	0.8839152	0.8839152	0.026806774	0.14480184	0.00021149116	0.0033172746	0.020116622	0.0017011192	0.0025992289	0.0054015946	0.0009879783	0.00021220197	0.00305196	0.0022864507	0.0015803478	0.0004886127	0.00070010603	0.0021881028	0.0015193586	0.0067713736	0.006483467	0.006267648	0.0019975472	0.0017999277	0.001277873	0.0021355494	0.09848081	0.004535516	0.0011142488	0.00075349107	0.00034937245	0.0006968849	0.0024096211	0.0002983863	0.00047296757	0.00378857	0.0014903438	0.00378857	0.0039535593	0.0029447523	0.0012861027	0.0039535593	0.0009860529	0.0053108167	0.018868072	0.0009645669	0.00036713041	0.0016380589	0.0050076796	0.0016068516	0.0036823067	0.0037434245	0.001214583	0.00073581014	0.00056188885	0.009685434	0.006406886	0.046067253	0.00036230637	0.0014952573	0.000877707	0.00035458538	0.00388868	0.0012184939	0.00095460756	0.0011712773	0.0019370598	0.006314969	0.004884896	0.00016242868	0.0060457597	-23.096248626708984
s06e24b	425.0	5.0	0.832155	0.832155	0.028953886	0.12772168	0.0004033606	0.0070557296	0.07302869	0.002935528	0.0066823093	0.009058375	0.0003795586	0.0004748586	0.0013028069	0.028201668	0.00145169	0.0010484688	0.0031842585	0.000711904	0.010316218	0.21511418	0.005211256	0.005211256	0.001112476	0.0069794394	0.0017748686	0.0069794394	0.09206911	0.0086785415	0.002475657	0.00079893705	0.00036076366	0.001633719	0.0060830032	0.00058778556	0.0008101152	0.00092475023	0.00061219797	0.00092475023	0.0018879602	0.00092784414	0.00045377188	0.0018879602	0.00077853655	0.0035445509	0.004211834	0.0006002846	0.0010191014	0.0021909634	0.0056872717	0.0010621621	0.0012494338	0.0044654454	0.0010062524	0.0012995581	0.0008799726	0.0031078397	0.0005800873	0.0014642711	0.00023758295	0.0011878128	0.001824086	0.00023344616	0.0031152559	0.0006371873	0.0010378995	0.0011573083	0.00089307234	0.002959602	0.0039623887	0.00043990245	0.008152801	-21.85948944091797
s06e24b	430.0	5.0	0.8404662	0.8404662	0.020992005	0.2118983	0.0004086946	0.0008591597	0.0023400055	0.004559521	0.002231546	0.04626815	0.00076572597	0.00021609462	0.0015318649	0.0037488525	0.0007833007	0.00061534607	0.0010226648	0.0030363076	0.00024102474	0.0038354322	0.023392402	0.023392402	0.0021741271	0.003044836	0.004012625	0.008757004	0.14763367	0.004388749	0.0007740758	0.0008685568	0.00079324254	0.0012550085	0.0022369833	0.0010869752	0.0009509239	0.009682746	0.0030645938	0.0038661372	0.0020098859	0.0017593062	0.0017423019	0.0020098859	0.001339912	0.0075694285	0.008655279	0.00038183865	0.0004409012	0.0010759328	0.0024653948	0.0013616813	0.0013828283	0.0020110952	0.0014600145	0.0015823632	0.0003401873	0.0033888444	0.00071057794	0.020998023	0.00028950293	0.0019048352	0.0004893531	0.0001707796	0.0019023321	0.000619131	0.0005718253	0.00094322016	0.0008228194	0.007737145	0.00206314	0.00042996585	0.0055636186	-23.54433250427246
s06e24b	435.0	5.0	0.8596492	0.8596492	0.006111773	0.050864603	0.010515131	0.0003274747	0.00739392	0.0012661911	0.0008771339	0.3796208	0.0009945944	0.00023025587	0.0041152863	0.0023780037	0.0012612868	0.0008296627	0.008748903	0.00032700578	0.00027892465	0.0006884404	0.06209764	0.029549954	0.004250452	0.0016876517	0.008943836	0.008943836	0.20778723	0.0050369594	0.0015638989	0.001263181	0.00076098635	0.0013100897	0.0031729725	0.010389951	0.001970496	0.002213057	0.0005842419	0.002213057	0.0015495474	0.00038569502	0.00049317983	0.0015495474	0.0004664464	0.0016601052	0.005783615	0.00017741242	0.00031527545	0.0003074378	0.0021188415	0.0010685958	0.0015425503	0.002374782	0.017285323	0.0027662169	0.0023091226	0.005111166	0.00060017995	0.012142284	0.00022089198	0.0028037867	0.011077575	0.0001927028	0.0022574584	0.00045317967	0.0001877172	0.00085908105	0.0029962799	0.0013492485	0.015500103	0.00035339966	0.015500103	-23.531078338623047
s06e24b	440.0	5.0	0.86924326	0.86924326	0.03240507	0.03132685	0.00029356364	0.003563176	0.13666317	0.0011462125	0.002659669	0.0037651812	0.00065471	0.00054660096	0.0019553823	0.004879818	0.0015882492	0.0011103802	0.0021316025	0.0008319586	0.019192193	0.053066194	0.018346453	0.0029500967	0.0008191629	0.0010582932	0.00058039924	0.0018915776	0.042550508	0.0058709295	0.0030553536	0.00121442	0.0002921283	0.000937433	0.002986389	0.0005939051	0.0003094601	0.0009882055	0.00066189014	0.0009882055	0.0035043343	0.001176125	0.00026721033	0.0035043343	0.0007611931	0.0034364932	0.007685844	0.0028197234	0.0010022837	0.0013976463	0.005145	0.0010625498	0.0023699892	0.0034186793	0.00032070067	0.0007811785	0.00061023945	0.004527108	0.00040834802	0.00039640948	0.00019366211	0.0011180759	0.00068169256	0.00038642169	0.00090184965	0.00056795793	0.00038698755	0.0011089668	0.0010552674	0.0028370179	0.0026172006	0.0006968812	0.0038117426	-21.994474411010746
s06e24b	445.0	5.0	0.68206066	0.68206066	0.12513731	0.014325721	0.00027288368	0.00827625	0.117459856	0.0021326838	0.0034370404	0.005012971	0.0011795498	0.00054623483	0.00086498685	0.010581465	0.002360094	0.0014637636	0.0035914655	0.0008503096	0.018003736	0.0639459	0.007137222	0.0025207624	0.0013397225	0.0033589494	0.000784229	0.0033589494	0.02747195	0.013083696	0.0061417003	0.00076169963	0.0007203415	0.0008632804	0.0047933264	0.0007351485	0.00074274815	0.0031485227	0.0031485227	0.0015579195	0.010067754	0.006483464	0.0005095512	0.010067754	0.0010254259	0.012036161	0.0050539332	0.0017990343	0.00088420184	0.0015662891	0.005691671	0.0025303639	0.0008701228	0.0048359986	0.00035371786	0.0008829886	0.00039516494	0.0011366192	0.00013268137	0.0011150695	0.0003281826	0.0014184985	0.0010572608	0.0003351149	0.0041617756	0.000718815	0.00088378746	0.002829751	0.00097550475	0.004678664	0.0020473406	0.00022741125	0.008486431	-21.353796005249023
s06e24b	450.0	5.0	0.9130359	0.9130359	0.021475386	0.096669376	0.0027064157	0.0066222274	0.053956546	0.029661888	0.004039127	0.028450264	0.00011820222	0.00029011496	0.0010520993	0.004975528	0.0037468623	0.000518599	0.0061345357	0.00038773034	0.002719517	0.2696074	0.008940489	0.0067913756	0.0012776264	0.008276508	0.0012939712	0.008276508	0.06462108	0.0026838763	0.00077615323	0.0006948161	0.00021350774	0.00084943057	0.0013914832	0.00028942342	0.0007780682	0.00044563794	0.00041953192	0.000371103	0.0008298948	0.00035998074	0.00020230374	0.0008298948	0.0007676764	0.0027152048	0.0059930542	0.00039034386	0.00027065948	0.0010503703	0.0021157537	0.0011171876	0.0013837887	0.0132761225	0.0022426012	0.0026854032	0.0006431613	0.0030303781	0.0002838073	0.0012155146	0.00027847214	0.0013605761	0.0038495283	0.00033900526	0.0031600525	0.0014694498	0.00085077604	0.004708806	0.0009358739	0.0019461319	0.005192461	0.00029228933	0.007700856	-23.69245338439941
s06e24b	455.0	5.0	0.7869696	0.7869696	0.11816978	0.023051597	0.00018789576	0.012144635	0.31730676	0.006970707	0.009520048	0.0013123488	0.00042218962	0.0003070895	0.00090262253	0.0025773763	0.0009681899	0.00049308396	0.0029414643	0.0028710763	0.011871728	0.030915927	0.008099417	0.002007453	0.0009478977	0.004606772	0.00053155347	0.004606772	0.23427552	0.023205906	0.007391481	0.0022387486	0.0014197404	0.0018488888	0.020313926	0.00065235625	0.0029260654	0.0011287158	0.0009214104	0.0008395003	0.0056903	0.0026220519	0.00026283556	0.0056903	0.00058201206	0.0048180725	0.0068003167	0.0009674256	0.0009028995	0.0013781401	0.00273261	0.0007147854	0.0016589927	0.006224557	0.0006608422	0.0020173648	0.0010261593	0.009789282	0.00076104153	0.001738563	0.00045480125	0.0015025687	0.0015608848	0.00023098127	0.0018027974	0.00064817676	0.00064733136	0.0031607763	0.00023699855	0.002855263	0.0024211938	0.00032040547	0.011607068	-20.501928329467773
s06e24b	460.0	5.0	0.02261072	0.02261072	0.0003607152	0.00045829607	0.0006373294	0.0007601311	0.001385371	0.00080884056	0.01167698	0.0011776227	0.00012517054	8.428416e-05	0.0012258687	0.003496286	0.0006668307	0.00040944724	0.00077519007	0.00022002995	0.0020223977	0.0012304104	0.003858337	0.0021415092	0.0007211348	0.0060173953	0.0013233407	0.0060173953	0.84411454	0.4267265	0.40899128	0.00060679996	0.00017558663	0.0006072761	0.064537704	0.00051179476	0.010144211	0.0007226407	0.00071620435	0.00059915567	0.0019098815	0.0012917885	0.0003142983	0.0019098815	0.00075102714	0.0036616137	0.003222077	0.00017794658	0.00067697547	0.0001485457	0.0007263837	0.0030299085	0.00055706024	0.00090742344	8.7940156e-05	0.0033442304	0.00087223324	0.00084485044	0.00039682424	0.001908463	0.00044455827	0.00026995514	0.00047678806	0.000297193	0.0011309352	0.0023094653	0.011740378	0.0015698816	0.0008904545	0.0013968977	0.0008282587	0.00025901792	0.011740378	-19.3153076171875
s06e24b	465.0	5.0	0.872986	0.872986	0.035321876	0.023512457	0.0024862709	0.0050444542	0.08031441	0.017892342	0.0145112155	0.029865285	0.0005335728	0.0040084994	0.003271945	0.0037688732	0.0025873233	0.00081701484	0.0063228942	0.0003716734	0.0032278574	0.28367835	0.011761387	0.011761387	0.0016464156	0.001246673	0.0014376896	0.010217345	0.1881607	0.018093545	0.008477488	0.0021006144	0.0006658711	0.001964695	0.0037034878	0.00042694187	0.0012139671	0.002454361	0.0017707169	0.002454361	0.004963785	0.003099666	0.0008795576	0.004963785	0.0016928682	0.0073381537	0.012915403	0.0007790831	0.00046732315	0.0004024766	0.00268825	0.005176058	0.0013004688	0.0033303795	0.0010659605	0.0015048404	0.00041384698	0.0032575284	0.00054902164	0.0019426524	0.0007620866	0.0017324052	0.0013632112	0.0040105865	0.0015686891	0.0007916206	0.00076433975	0.004107128	0.001625443	0.0058290907	0.0022023406	0.0007426295	0.004107128	-23.06732177734375
s06e24b	470.0	5.0	0.8690172	0.8690172	0.014487538	0.042798024	0.0015768327	0.0019337769	0.013888194	0.0017003873	0.0010411781	0.02552188	0.003222192	0.00024184908	0.0065763253	0.0018501872	0.0006472968	0.0020433287	0.0007677108	0.00043781535	0.0007993939	0.008324257	0.016100956	0.016100956	0.0067839855	0.009670166	0.0046275984	0.009670166	0.07339752	0.004326894	0.0014888211	0.0011436996	0.0003911684	0.0009469353	0.0015151527	0.00023372054	0.00033702588	0.009723717	0.0017991697	0.009723717	0.0043026	0.005255126	0.0024961128	0.005255126	0.0017853574	0.002820391	0.00983051	0.0009865703	0.0005488019	0.00090979814	0.0018952795	0.0009802983	0.00073719665	0.0059473356	0.0016424481	0.0012977275	0.00037039808	0.0034537595	0.0014611433	0.030928899	0.000122053025	0.0010907988	0.0017339322	0.00027262128	0.0016566458	0.00043823497	0.0043839472	0.004915217	0.0008860902	0.012044033	0.0009965303	0.00047557816	0.008940347	-21.82886505126953
s06e24b	475.0	5.0	0.77788275	0.77788275	0.09081453	0.027516551	0.000115480136	0.0056716427	0.027720895	0.0009646625	0.005026668	0.005966445	0.0017856224	0.0009057524	0.0017161807	0.026192348	0.0009787971	0.001064305	0.0059779324	0.0008006255	0.06651023	0.030373301	0.014961444	0.0137498835	0.00080513477	0.0027672062	0.0019093453	0.003822849	0.04768525	0.007767589	0.0021150552	0.000920875	0.0005080272	0.0008714557	0.0037149661	0.0008198141	0.00031604315	0.003978812	0.0023033493	0.003978812	0.010472259	0.0019653572	0.0007327152	0.010472259	0.0023743142	0.01242437	0.007298051	0.0018564509	0.0007037048	0.0010976808	0.0047379634	0.011096846	0.0013483615	0.015430107	0.00017822796	0.0021240907	0.0011087925	0.0012718199	0.00019990517	0.0019447551	0.00047071738	0.0015953592	0.00069057173	0.00035912739	0.014455703	0.0007877212	0.001522094	0.004318135	0.00242036	0.018232398	0.0049214177	0.000245824	0.047252394	-22.27398109436035
s06e24b	480.0	5.0	0.75634205	0.75634205	0.0115273725	0.0019668955	0.0003352635	0.00924655	0.005991321	0.0012082084	0.0010704666	0.0021329944	0.0060728146	0.00047652997	0.008836406	0.012076048	0.00028772454	0.00018647683	0.00092722423	0.0006178204	0.003480446	0.022912445	0.017907068	0.005638373	0.0009873238	0.0030505992	0.0005425926	0.022283854	0.02151453	0.003455106	0.0014362794	0.00043483666	0.000107247244	0.00037584844	0.0027253416	0.00013919194	0.00025437167	0.008726781	0.008726781	0.0032763584	0.006155013	0.00618193	0.0012992016	0.00618193	0.006393947	0.022182237	0.012679036	0.00042251716	0.0005052795	0.0003238913	0.001299467	0.005884345	0.0021175605	0.07354934	0.0002441632	0.0027092693	0.0011729561	0.0008848963	0.00044586885	0.0006833451	0.00037336058	0.0008779458	0.0003990495	0.00027823515	0.005733937	0.0022542311	0.015630864	0.022797542	0.0021557412	0.018831853	0.0012040621	0.00041871384	0.022797542	-24.161977767944336
s06e24b	485.0	5.0	0.8698813	0.8698813	0.0059147067	0.003420535	0.0004075966	0.00038827225	0.0045575025	0.0013817573	0.00037088816	0.011956996	0.0013706458	0.00011395536	0.01958515	0.021941863	0.00035064292	0.00029736137	0.00050810253	0.00020838338	0.00022705938	0.00087434356	0.06793265	0.053595252	0.007935655	0.0031431604	0.001469729	0.019767642	0.033138342	0.0008291126	0.0003836804	0.0004468096	0.00021748863	0.0005492933	0.0012480726	0.00036535136	0.0001911014	0.013797784	0.0034553162	0.013797784	0.0007382952	0.00085349975	0.0042664045	0.00085349975	0.0079919705	0.0059299446	0.005178376	0.000120451004	0.00043011652	0.0003289212	0.0049557392	0.01818988	0.0013801595	0.31580025	0.0026339353	0.038325805	0.001679622	0.0012959872	0.00043624642	0.0018168922	0.00052467815	0.000741004	0.00060040475	0.00034387913	0.0062658275	0.0027749224	0.0014603295	0.210386	0.0010927843	0.006270797	0.0024002313	0.0005592169	0.210386	-23.965381622314453
s06e24b	490.0	5.0	0.8736821	0.8736821	0.03937804	0.008667504	0.001436419	0.0024218017	0.100716546	0.005017699	0.005174143	0.001720688	0.032639906	0.0003317217	0.029412754	0.0032843468	0.00956247	0.0018143412	0.0023954292	0.0015758661	0.002712634	0.0077473614	0.010395759	0.0027936392	0.0007718392	0.00041937677	0.00032126467	0.0019830065	0.102984555	0.009503427	0.0029892696	0.00065642036	0.0003460274	0.0005797504	0.0053283423	0.00010368777	0.00035071015	0.0008092923	0.00047323457	0.0005239295	0.0011731845	0.00044939553	0.00013938412	0.0011731845	0.0016272027	0.0028653487	0.005570239	0.00028393994	0.0004592512	0.00035636997	0.0020196605	0.0021135802	0.0010240327	0.02732245	0.00021379211	0.0032423276	0.00049083424	0.002541447	0.00029268002	0.0014491417	0.0007561359	0.00042642467	0.00026592662	0.00011149498	0.002153909	0.0011739078	0.00073362986	0.00310807	0.0010170266	0.0048241992	0.0043519046	0.00013285052	0.012309798	-21.716157913208008
s06e24b	495.0	5.0	0.73631275	0.73631275	0.008687439	0.06956193	0.0025759742	0.0017380964	0.020134699	0.0024182275	0.003406745	0.018462248	0.0011117328	0.0003772004	0.007347732	0.002620586	0.00085963914	0.00036214045	0.009315992	0.00016584242	0.0019860808	0.0035350781	0.122493245	0.122493245	0.0015137943	0.0041938517	0.0020032371	0.0041938517	0.045220256	0.0040995185	0.0015141332	0.0009924216	0.0006769674	0.0011967854	0.0010343977	0.00025117985	0.00046438345	0.00089642114	0.00051523227	0.0006272242	0.00079212047	0.0003595945	0.00015454704	0.00079212047	0.0009908996	0.0015375321	0.0028985292	0.00017820315	0.0004036212	0.00069123314	0.0011667418	0.0008003116	0.00048812974	0.005621875	0.0006612171	0.006252837	0.0025552972	0.0076047787	0.0016655402	0.012673951	0.0003776005	0.001645484	0.0044674342	0.00012676544	0.0012647905	0.0010182918	0.00028900433	0.0089993365	0.0003892102	0.0041072858	0.0299157	0.00019591945	0.20655	-21.64679336547852
s06e24b	500.0	5.0	0.87082285	0.87082285	0.027201256	0.07368553	0.0006799349	0.0037255136	0.0523569	0.0015675082	0.0020602557	0.0052217674	0.004444694	0.0003777085	0.0028873822	0.0015015797	0.0013975498	0.0009153913	0.00084627734	0.0005690281	0.0028531838	0.058963403	0.012253943	0.0032358833	0.0033426494	0.0027303435	0.0034640539	0.0034640539	0.05082448	0.0069335145	0.0030777976	0.00069542264	0.00024257395	0.0008211167	0.0017694547	0.0004918353	0.0003028856	0.0012003902	0.0012003902	0.0010767387	0.002941565	0.0022179773	0.0004160086	0.002941565	0.0012528498	0.011496503	0.010228037	0.0011512603	0.0019538938	0.0017563592	0.0037519757	0.0012543256	0.0015657987	0.009293004	0.0014615108	0.0009818919	0.0009459498	0.004192922	0.0006173425	0.0140771475	0.00019052828	0.0010423096	0.0016244536	0.00033847036	0.0014628313	0.0006055673	0.0007413261	0.004149486	0.004304756	0.0051439037	0.0037159035	0.00016603751	0.004304756	-23.735218048095703
s06e24b	505.0	5.0	0.8384175	0.8384175	0.018109594	0.06309673	0.0060170162	0.0028339387	0.114644475	0.005356643	0.005077702	0.048826065	0.0006428022	0.0001975032	0.0018758043	0.0022564684	0.008244445	0.001962301	0.0042999373	0.001003829	0.0025650933	0.019627592	0.017969256	0.0038895167	0.0024697904	0.0068654744	0.0015863443	0.0068654744	0.20591798	0.021376172	0.008064646	0.0011901719	0.0002858178	0.0008913271	0.00523866	0.00067768455	0.001058567	0.00073054683	0.0006615363	0.00070441334	0.0037993218	0.0012679743	0.00014334348	0.0037993218	0.00077927776	0.004777593	0.013311318	0.00086892105	0.002342223	0.0009842832	0.006214787	0.0016091005	0.003226564	0.00787784	0.0014242146	0.002050125	0.0012198131	0.0056802323	0.002220167	0.004523937	0.0005770051	0.0014988611	0.0007905889	0.00063183124	0.003075557	0.0016726499	0.00047994574	0.003963915	0.0038107506	0.011112017	0.0043198555	0.0002007812	0.0043198555	-21.78890609741211
s06e24b	510.0	5.0	0.83488846	0.83488846	0.06250933	0.05069974	0.00079320284	0.0052352767	0.24365744	0.0021921864	0.0032307352	0.0022928908	0.00077663263	0.00045902908	0.0033150872	0.0021787921	0.0010476011	0.0011480559	0.0025144396	0.0005632801	0.006831411	0.025200268	0.004857789	0.004857789	0.0011160749	0.0031368288	0.0009925152	0.0031368288	0.10007837	0.015383229	0.0065304236	0.0011283859	0.00051045616	0.0010233178	0.0043092915	0.0003194526	0.0005907203	0.0021701988	0.0013665395	0.0021701988	0.004304995	0.0019216192	0.00069842406	0.004304995	0.00079081906	0.0055350256	0.0056861495	0.0017442394	0.0022299276	0.0022809978	0.005212868	0.00086484797	0.0023699314	0.0043761493	0.00037553883	0.0020012257	0.0005696388	0.004450361	0.00088314345	0.008567192	0.00036853674	0.0013781276	0.0007582461	0.00035241895	0.0038523613	0.0014904453	0.00066374766	0.0021783176	0.0010099789	0.008545393	0.0027348655	0.00016824415	0.0038523613	-23.878761291503903
s06e24b	515.0	5.0	0.8461509	0.8461509	0.0077506946	0.41354164	0.000281976	0.00036224767	0.00096077984	0.0008798208	0.0016719422	0.0057367487	0.00020114795	0.00030702888	0.00059758563	0.0016431178	0.0009922227	7.6588585e-05	0.00043730732	0.00048528626	0.00014214829	0.00054302876	0.0040908274	0.0040908274	0.0010343549	0.002490829	0.0011681396	0.002490829	0.06355549	0.0057357587	0.0015225725	0.0006803783	0.0008475755	0.0007013414	0.0016884659	0.0008396087	0.00032854572	0.0012589337	0.00049497397	0.0011812032	0.0004975584	0.00036560636	0.0003917995	0.0004975584	0.0004052225	0.0020373003	0.0040744888	0.0001174341	0.0001837222	0.0006982989	0.0011497627	0.00023927861	0.00097259955	0.00050143903	0.00047436886	0.0009017096	0.0011233441	0.006892294	0.0012301297	0.04283029	9.568972e-05	0.0007656082	0.0051183943	0.00014476669	0.004003591	0.00061612803	0.0001795545	0.00053705595	0.000652754	0.007034408	0.0007364885	0.00018775929	0.018940946	-22.95037078857422
s06e24b	520.0	5.0	0.7422752	0.7422752	0.006111397	0.048191816	0.0031725848	0.00075948454	0.0076243845	0.0038275188	0.0026159983	0.01833561	0.0057560373	0.0011029226	0.0052066823	0.0012915788	0.0017396946	0.00041841756	0.0011833108	0.0003736328	0.00029509215	0.00075420766	0.071274534	0.071274534	0.002194139	0.0023841544	0.0032760468	0.0039523835	0.10650488	0.0044805827	0.0010988315	0.0012386233	0.00085397076	0.0016481573	0.002109517	0.0007303241	0.0006845213	0.0015621166	0.0004829434	0.0013126482	0.0010044164	0.00053610234	0.00045849316	0.0010044164	0.0005198491	0.0020249016	0.0037743642	0.00010852082	0.00017474181	0.0003587802	0.0021750056	0.0005408752	0.0018038566	0.0018442228	0.0018499681	0.0013189926	0.0012607685	0.0051800297	0.0014404188	0.06686782	0.0003816545	0.00056813954	0.0027197564	0.00020860086	0.0031261737	0.0016309563	0.00039107277	0.0032988598	0.00066539436	0.0019309205	0.0013513531	0.00045305616	0.009719122	-22.50693130493164
s06e24b	525.0	5.0	0.923391	0.923391	0.013914235	0.12806676	0.00029303992	0.0012209801	0.015143737	0.0025897424	0.0012447129	0.0113512045	0.0018914983	0.00028243285	0.0015442123	0.0017669415	0.0020588513	0.0014246731	0.00071467366	0.0007139671	0.0005833897	0.0017943657	0.010043063	0.004557206	0.001093833	0.0024448633	0.00089654844	0.0027166412	0.03284721	0.0026230095	0.0014992259	0.00043827845	0.00029768274	0.00037715188	0.00077292486	0.00061474025	0.00027807496	0.0023138048	0.0016214882	0.0019288228	0.0015973678	0.0022147917	0.001005038	0.0022147917	0.0011829856	0.0062542735	0.046136577	0.0008269787	0.0005873129	0.00082131464	0.005771481	0.0026282931	0.0068116626	0.010025215	0.002423609	0.0014071146	0.0006810026	0.010946777	0.0033761694	0.021445356	0.001333652	0.00097134797	0.0039497586	0.000549008	0.0073038046	0.0020418484	0.0020990148	0.0012527902	0.0025100436	0.003318798	0.001388143	0.00070383627	0.0073038046	-22.651721954345703
s06e24b	530.0	5.0	0.75220203	0.75220203	0.05404438	0.009233143	0.00018998532	0.0038294864	0.10160028	0.0017833894	0.0007562451	0.0011544109	0.0014013655	0.00029358073	0.0011575619	0.0062679183	0.0012378761	0.00068556156	0.0013568773	0.001435226	0.016511861	0.046308916	0.009179757	0.0009508283	0.0011782421	0.004521106	0.00077672215	0.004521106	0.036460124	0.003489655	0.0012516476	0.00040988775	0.00018122584	0.00030761605	0.00276436	0.00018252473	0.00024697112	0.0038008348	0.0038008348	0.0027806975	0.0059429393	0.010590616	0.0011893082	0.010590616	0.0008464645	0.014402573	0.04127629	0.0051987977	0.001051447	0.0007980867	0.0060914964	0.0021531025	0.003388358	0.020493882	0.00029654347	0.0025870746	0.00087329606	0.0019367003	0.0011221472	0.0002957275	0.0008528966	0.00086033484	0.0013862598	0.000329935	0.0034954718	0.00045327083	0.0020415909	0.002844213	0.0011938956	0.0053544994	0.0017282432	0.00026181038	0.020735318	-21.82623291015625
s06e24b	535.0	5.0	0.71105313	0.71105313	0.003932356	0.061793596	0.00026038694	0.001275989	0.0013838381	0.0004780762	0.015381698	0.007307453	0.00013844814	0.00058005	0.0008730664	0.0013051603	0.0003763294	0.00010846723	0.0023006038	0.00058837124	0.0006810491	0.0019883183	0.004077497	0.0016135529	0.00072032574	0.0013177985	0.00041724893	0.0020344374	0.178767	0.009168384	0.0019250007	0.0004983596	0.0002864444	0.0008451077	0.00563806	0.00011745684	0.0018487999	0.0008008781	0.0008008781	0.00047551398	0.00067624875	0.0006994711	0.0001901983	0.0006994711	0.0009129186	0.0030272205	0.0045739748	0.00030265006	0.0003244968	0.00067824894	0.002229815	0.00048417342	0.0012687648	0.018157179	0.00044953395	0.027017033	0.00281307	0.002861618	0.0013610505	0.001166128	0.00020245368	0.00085501507	0.0027603186	0.00034688052	0.0022929204	0.00047733553	0.00052881247	0.009041514	0.00023469457	0.006609636	0.002424242	0.00031136835	0.035039816	-22.34940719604492
s06e24b	540.0	5.0	0.70133096	0.70133096	0.0518972	0.010297968	0.0002443523	0.0033283036	0.05029758	0.0005033555	0.0016921494	0.0030529555	0.0003104459	0.0004967923	0.00069937384	0.014886072	0.0020068027	0.00018407482	0.0066012624	0.0003777755	0.030329073	0.019615185	0.008900929	0.002024652	0.0017007305	0.004792578	0.0005865929	0.004792578	0.023480434	0.0053349272	0.0017512367	0.001055728	0.00045610848	0.00061931845	0.0016532463	0.00021659113	0.0002566526	0.0035333433	0.0032454235	0.0035333433	0.009347272	0.0024836808	0.00025454027	0.009347272	0.0067390758	0.006612924	0.013261596	0.0016452216	0.000809083	0.00079959317	0.0050810734	0.0070561836	0.0032831295	0.01398853	0.00029496584	0.0043472503	0.0010546392	0.0011479444	0.0013842164	0.0011796571	0.0012776855	0.0027793082	0.0008585807	0.00038562572	0.0048000417	0.003111232	0.00053615705	0.0030010499	0.0004351968	0.01582867	0.019248638	0.00017070325	0.046270013	-22.381999969482425
s06e24b	545.0	5.0	0.89366496	0.89366496	0.0035015845	0.012844543	0.0011094888	0.0072162654	0.016802568	0.008031087	0.0011040559	0.0542899	0.0030897683	0.00015986786	0.0016992578	0.005804923	0.0008074833	0.0012064496	0.0011582231	0.00054185925	0.00013817752	0.029912155	0.011121253	0.0068659983	0.00055661757	0.0025026891	0.001480759	0.0025026891	0.052687574	0.0018708309	0.0010071194	0.00037154995	0.00013478247	0.0002268841	0.0017074414	0.00070904917	0.00039477934	0.003952896	0.0038747503	0.0026834118	0.0036021909	0.0035353536	0.0018695251	0.0036021909	0.0012721592	0.017111162	0.055533994	0.0010538368	0.0012126416	0.0011721943	0.005238243	0.0096727	0.002177477	0.07510049	0.0015297557	0.02804675	0.00068588933	0.00042533767	0.00019279434	0.00033488238	0.0003159829	0.0010151458	0.0014480057	0.00011515453	0.0012610279	0.004855099	0.007907029	0.079241596	0.0065270863	0.008710335	0.00096058677	0.0010005902	0.079241596	-22.350616455078125
s06e24b	550.0	5.0	0.7871891	0.7871891	0.013269092	0.014154949	0.0003581569	0.011000215	0.032491315	0.0007658548	0.0237703	0.042265333	0.0017556361	0.00013001298	0.00094466	0.005095997	0.00067117385	0.00070581207	0.013304881	0.00027669448	0.09472492	0.007315126	0.008560107	0.0039590066	0.00043938277	0.004275469	0.0020758267	0.004275469	0.6985085	0.035267398	0.02093586	0.0008769859	0.00017102258	0.0005649784	0.03835921	0.00039106642	0.0023258806	0.001127971	0.0005678732	0.001127971	0.004260445	0.0017521724	0.0002471775	0.004260445	0.000778954	0.003379446	0.015052192	0.00036821296	0.0003854107	0.0002432623	0.00397909	0.006998452	0.0015072908	0.0045446963	0.0013853704	0.010331644	0.0010072519	0.0005508502	0.008164354	0.0007992957	0.00023517663	0.00039103458	0.00017030624	9.334884e-05	0.0013938234	0.00064853736	0.000590281	0.004932953	0.0004634711	0.01694268	0.00999277	0.00022978566	0.00999277	-20.614397048950195
s06e24b	555.0	5.0	0.009783179	0.009783179	0.00022933827	0.00021497482	0.00014722258	0.002209488	0.00015292589	0.00016906478	0.04991181	0.00030919616	9.645063e-05	0.00041318237	0.0013980077	0.00046270434	0.000436204	8.057905e-05	0.00038267678	0.00035822976	0.00045849383	0.00060387515	0.002227635	0.002227635	0.0014780795	0.0014220082	0.0006719765	0.0018427129	0.80377567	0.23572336	0.15539774	0.00302158	0.00100349	0.00342744	0.21726453	0.0043081134	0.010740436	0.000551075	0.000551075	0.0003925959	0.00088494946	0.000789465	0.000169778	0.00088494946	0.00034713146	0.003470491	0.004838788	0.00028252118	0.00038695306	0.00020232977	0.0023194146	0.0024981853	0.0018853596	0.0008167794	0.0006889399	0.0008389461	0.004332475	0.00060611067	0.00016525379	0.00021573846	0.0028919505	0.0003468496	0.00034439418	0.0005957377	0.0065575982	0.0045302203	0.00092697336	0.0005354829	0.0040002493	0.0029053187	0.0036821913	0.00041198474	0.025857305	-20.17846298217773
s06e24b	560.0	5.0	0.056847513	0.056847513	0.0015515989	0.0024941994	0.00033558902	0.00014941895	0.00038397955	0.00011402275	0.008338782	0.0024417033	3.8218397e-05	1.4604605e-05	0.0008423842	0.010736323	0.0018354817	0.004519683	0.0003151168	0.000210457	0.0026038885	0.0004272582	0.0017842868	0.0017842868	0.001271852	0.0015418631	0.00039846695	0.0015418631	0.47266555	0.07903907	0.043846548	0.007250013	0.0018459063	0.0055624843	0.011963134	0.00027968062	0.0011822984	0.0007709064	0.00032876947	0.00015391936	0.00016884762	0.00020045142	8.770658e-05	0.00022488761	0.0008893907	0.002494857	0.007825769	0.00027083966	0.0009084996	0.00021321807	0.001001085	0.0066297413	0.0014001615	0.019982202	0.0001448454	0.06031683	0.017056633	0.00056118745	0.0011225513	0.0006699098	0.00016048276	0.0014423198	0.00031938075	8.7546396e-05	0.011663746	0.038017772	0.0019810656	0.007363685	0.0019932988	0.002840202	0.0003969103	0.0010668564	0.24316528	-31.40997695922852
s06e24b	565.0	5.0	0.8119607	0.8119607	0.0046772608	0.005465784	0.04659271	0.0018696578	0.21379754	0.009033716	0.0012214106	0.050459173	0.0011696779	0.00012511613	0.006755597	0.0067309733	0.005679516	0.0031005843	0.00035487826	0.00017119829	0.0001531623	0.0008685932	0.0017342673	0.00064253114	0.0016783016	0.0006966033	0.00029706213	0.0010535727	0.025751842	0.0012719108	0.0009827305	0.0003289444	8.103824e-05	0.00035163667	0.0014415948	0.000233193	0.00022939777	0.0005467205	0.00047402552	0.00036049171	0.00022859711	0.00021696338	0.0001750859	0.00022859711	0.0015006213	0.0017144653	0.02022645	7.2961964e-05	0.0003369178	0.00018714891	0.003929419	0.005205216	0.005747216	0.34809276	0.0017203824	0.010754758	0.0006200544	0.00094707526	0.0005757553	0.0009240343	0.008007106	0.0005048963	0.00078981445	0.00021588788	0.0147735	0.0027077147	0.0008021826	0.05825356	0.0006617854	0.00046341147	0.00094715954	0.00072420714	0.05825356	-24.23961639404297
s06e24b	570.0	5.0	0.7324273	0.7324273	0.006180606	0.0026954133	0.0028567105	0.00067592657	0.002965357	0.0017894052	0.006533221	0.0058784992	0.00022805134	0.00012590675	0.00466995	0.0037176393	0.004297398	0.000593479	0.0015205549	6.7293826e-05	0.0002309392	0.00089597836	0.14981176	0.0097663505	0.0052187094	0.109231375	0.11101752	0.11101752	0.45303348	0.14235376	0.061205797	0.007304621	0.0005109617	0.0068758866	0.010717667	0.00079177297	0.0019939514	0.0012342128	0.00043882942	0.0003881005	0.0004996703	0.00028743775	0.000105227184	0.0004996703	0.0010641412	0.0017300203	0.002085473	0.00023015995	0.007228971	0.00025378712	0.001321089	0.0017730986	0.0011206218	0.0029447637	0.0026512018	0.001722654	0.0030798805	0.0032840034	0.00049902627	0.0013239149	0.0035616118	0.0010825709	0.003353294	0.00040786076	0.003730749	0.005899889	0.004095858	0.0005304769	0.0020382826	0.0025829969	0.0043222043	0.0005917955	0.010601124	-24.852703094482425
s06e24b	575.0	5.0	0.29836535	0.29836535	0.0014165073	0.0003005688	0.0006458326	0.0025608465	0.0007588819	0.0007640972	0.040595815	0.0005805693	0.00075875537	0.00013492032	0.0018093771	0.0006105801	0.0003938939	0.0004280458	0.0006443006	0.00010446744	0.0005874109	0.0021583028	0.026349578	0.0033489778	0.026349578	0.002273001	0.0015083697	0.002273001	0.8723656	0.51353925	0.51353925	0.0009721937	0.00036168384	0.0005613263	0.030078273	0.0004205626	0.0021493789	0.00044735867	0.0004281744	0.0002488552	0.00069015165	0.0015020109	0.00015121371	0.0015020109	0.0005429605	0.001961924	0.009896035	0.00061443273	0.0004871661	0.00012598504	0.001277009	0.0006274347	0.0008054226	0.005192712	5.3273146e-05	0.005177389	0.00066793326	0.000452574	0.00020728022	0.00028264403	0.0007416589	0.00021056339	0.0005013475	0.00017197627	0.0013856343	0.001499502	0.0005039025	0.0052250554	0.00084326486	0.00061314367	0.00053812563	0.00017942734	0.0052250554	-20.02064514160156
s06e24b	580.0	5.0	0.8639129	0.8639129	0.09316457	0.0101320995	0.00025116332	0.0004937636	0.0011549202	0.00039786135	0.0005294626	0.0009950375	0.00041593425	8.96507e-05	0.0027177136	0.044607613	0.002414362	8.6973414e-05	0.00060250855	0.0002931648	0.0015905793	0.005255784	0.060553927	0.0027089834	0.0029511044	0.0031220661	0.001860875	0.004386924	0.05854201	0.004744236	0.0016600349	0.0005306109	0.00031200008	0.0005849983	0.0029072298	0.00035800328	0.00035737414	0.026460696	0.014851804	0.026460696	0.008965401	0.013416535	0.009231394	0.013416535	0.0056444346	0.04880284	0.01002727	0.0026155978	0.0005745835	0.00050908927	0.004094831	0.005658776	0.0022645323	0.005304933	0.00020043824	0.007392888	0.0029471656	0.0013905765	9.9890494e-05	0.00025292332	0.00022907276	0.0007428539	0.00013211969	0.00024983063	0.0035259055	0.0010985689	0.030998966	0.004779317	0.0009634005	0.057653777	0.0027362797	0.00011916077	0.030998966	-23.414989471435547
s06e24b	585.0	5.0	0.8162113	0.8162113	0.05413343	0.0071754213	0.0009925492	0.00066061394	0.008627506	0.0023328043	0.0038082823	0.002869488	0.0003502305	0.0002903482	0.018741844	0.048174616	0.0010547729	0.0007194236	0.0036700165	0.0005273497	0.0010848205	0.00945455	0.033043277	0.014231233	0.0046097143	0.008356774	0.0028152366	0.014109799	0.033814643	0.0048210616	0.0015925629	0.0007363268	0.00022313834	0.00091244676	0.002888474	0.00011336121	0.0002728327	0.0033181023	0.0008382413	0.00076171913	0.0013033989	0.00035833087	0.00019734021	0.0013033989	0.0050943196	0.002302188	0.0018538286	0.00040111094	0.00017277885	0.0003256121	0.0013861834	0.004984989	0.0010441811	0.012007712	6.1324004e-05	0.009174779	0.001297083	0.0026954352	0.000106911415	0.02875142	0.00050353305	0.00046525808	0.0013417087	0.000280722	0.005232918	0.003440688	0.000615804	0.0017302335	0.0005316498	0.01796716	0.0026333642	0.00029185048	0.05064334	-22.50996398925781
s06e24b	590.0	5.0	0.8416646	0.8416646	0.051231794	0.0044147363	0.00019356444	0.0005967046	0.0014649314	0.00023566304	0.0008608047	0.0018425129	7.943207e-05	0.00024073901	0.005088549	0.026927624	0.00070033385	7.546976e-05	0.00042498083	0.0004289524	0.0008701058	0.006209064	0.016005294	0.002903333	0.0007638147	0.0016895947	0.0022427228	0.033409093	0.052384976	0.007560314	0.003976602	0.00074717693	0.00030426992	0.00064464146	0.0031829346	0.0006398189	0.00024706346	0.05682581	0.021146817	0.05682581	0.008131352	0.014427552	0.016749382	0.014427552	0.006674863	0.04896387	0.014086416	0.0038463606	0.0009435285	0.0010129064	0.0058329054	0.010948578	0.001966302	0.0068672793	7.150468e-05	0.0025525752	0.0012108854	0.00078027265	0.00018235165	0.0025239752	0.00040843096	0.00095330557	0.00029590802	0.0003242194	0.0036399602	0.0017377482	0.0038899346	0.0009338782	0.00089237996	0.025322407	0.00082985644	0.00020460814	0.005939684	-23.21303367614746
s06e24b	595.0	5.0	0.7990131	0.7990131	0.01119568	0.011320828	0.0012237221	0.0030055288	0.0024231847	0.0005677282	0.001524973	0.29086712	6.590674e-05	8.355211e-05	0.00068319956	0.02843293	0.000697915	0.000414802	0.0023106523	0.00046347466	0.0014444421	0.03786412	0.01251357	0.002925295	0.001715409	0.0009658424	0.0023358394	0.0023358394	0.117782064	0.0037060168	0.0007469737	0.00066397636	0.00039248957	0.0007523309	0.00198386	0.0014268509	0.00061552	0.012003414	0.012003414	0.003896736	0.005716489	0.006623799	0.0015699653	0.006623799	0.005364983	0.011414421	0.0105021065	0.0032458215	0.000666661	0.00030667285	0.004235061	0.009890496	0.0013187615	0.010190829	0.00074910297	0.0036138457	0.00043327906	0.00062523433	0.00017396861	0.00057254796	0.0007602804	0.00040654404	0.00034494032	0.00011971142	0.0023719866	0.0012039016	0.006753876	0.004884826	0.0031746349	0.011831487	0.0032626882	0.00041587336	0.07889622	-23.76279067993164
s06e24b	600.0	5.0	0.88979685	0.88979685	0.021128891	0.037908398	0.00056106946	0.0019098334	0.04134363	0.0025208127	0.0018800372	0.025853889	0.0010473042	0.0004870851	0.0007856356	0.002205496	0.0008324946	0.0010877738	0.0018693231	0.00055279734	0.0060570883	0.018328784	0.007593304	0.002947118	0.007593304	0.0021597494	0.0028687336	0.0032667336	0.063293904	0.0031296173	0.0014928422	0.0011189401	0.0008732145	0.0012537917	0.0014511255	0.0004201801	0.000666317	0.004434864	0.0026015642	0.004434864	0.01160214	0.004232733	0.0017487444	0.01160214	0.0020252957	0.008269427	0.038142174	0.004101666	0.002267634	0.00089458755	0.0167067	0.00229408	0.0064643933	0.005712149	0.0007886683	0.0020201413	0.0009258964	0.0036251561	0.0009523851	0.0057732626	0.00085667823	0.0018575859	0.0007860355	0.0016767834	0.0022959262	0.0013476625	0.0027754016	0.0026724823	0.001141713	0.011671957	0.0015829464	0.000598499	0.005346645	-22.265989303588867
s06e24b	605.0	5.0	0.110046804	0.110046804	0.0030529685	0.0023588089	0.00036483692	0.0023107072	0.017159909	0.0020819958	0.0024101806	0.00084370846	0.0004203289	0.00042630476	0.0016531675	0.0041377135	0.00070047507	0.00024621547	0.002216743	0.0001441225	0.0029725216	0.009169753	0.0028840797	0.0028840797	0.0011502112	0.030586872	0.016099483	0.030586872	0.01907439	0.0019956355	0.0012965014	0.00038712335	0.0007560923	0.00042954326	0.0016382174	0.0003010437	0.00023043904	0.005852457	0.005852457	0.001529463	0.0035783977	0.004800301	0.0007861576	0.004800301	0.0053388886	0.01850598	0.006329462	0.0008853066	0.0014126006	0.0016559173	0.0065359385	0.0019640976	0.00082627096	0.007967164	9.527072e-05	0.00045668342	0.003628899	0.00012214501	5.743424e-05	0.0003023697	0.00010934226	0.0011364049	0.0006160227	0.00036912147	0.0008963106	0.00068550993	0.05469434	0.025946377	0.0051356726	0.009029346	0.0034788602	0.00071288506	0.055119414	-22.64395904541016
s06e24b	610.0	5.0	0.8596786	0.8596786	0.029272282	0.0061927615	0.00028516454	0.0021077832	0.025994474	0.0007207968	0.0006974921	0.002577597	3.856724e-05	0.00039499337	0.0009936909	0.039981455	0.0009868278	0.00015359856	0.0009830485	0.00020146582	0.0010751607	0.379954	0.01823878	0.004921586	0.0010864183	0.009755447	0.003505182	0.009755447	0.046911642	0.006797126	0.0033735551	0.00068071776	0.000317408	0.0006045988	0.0023189245	0.00035518338	0.0003524974	0.02157307	0.02157307	0.003321078	0.014046712	0.028888892	0.0010485162	0.028888892	0.0049793534	0.105786785	0.0332492	0.0075228536	0.0019878272	0.0009803654	0.0024341713	0.015438433	0.0022689959	0.0017572774	7.741104e-05	0.0005799574	0.00042277438	0.00029662772	6.015419e-05	0.0010741819	0.00042737572	0.001958849	0.00026632016	0.00021087943	0.0014604937	0.00051274005	0.0026576763	0.0012137903	0.00054785045	0.012011107	0.00080331013	0.00012415348	0.0068972367	-22.554702758789062
s06e24b	615.0	5.0	0.07296342	0.07296342	0.003788408	0.0019045132	0.0012861529	0.011496503	0.018527323	0.00031340902	0.029332412	0.0016949049	0.00042902172	0.00021643423	0.0006455508	0.010067964	0.00020512227	0.0001394466	0.0025443546	0.0012625373	0.09214626	0.021021497	0.0018284617	0.0018284617	0.00053655426	0.007892029	0.0047299066	0.007892029	0.7717523	0.19241333	0.11649123	0.0006858481	0.00037773154	0.0011718671	0.067813314	0.00058361934	0.012908632	0.0008347863	0.00082188775	0.000711593	0.0010240142	0.0014226225	0.00022075238	0.0014226225	0.00015621501	0.0016828536	0.0029902277	0.00030213804	0.0006064814	0.00032166246	0.0020480675	0.0011478799	0.00051055226	0.0034367887	0.00043350793	0.0027363198	0.00068141334	0.00037958787	0.00041527598	0.00013989369	0.00012351442	0.00067115435	0.0002801036	0.00038439836	0.00043642113	0.00030868693	0.0010794912	0.0045689754	0.00023522507	0.0020737238	0.0013966876	9.243312e-05	0.019472962	-20.982563018798828
s06e24b	620.0	5.0	0.023444152	0.023444152	0.00027572748	0.0003679205	0.00025755764	0.017123982	0.0004821077	0.00028112988	0.02270776	0.0016838505	0.00020530423	0.00038523827	0.0009677593	0.0015553982	0.0003412469	9.672004e-05	0.0002791332	0.00063016446	0.0003147847	0.0011420965	0.004426186	0.004426186	0.001190909	0.009451644	0.01368676	0.01368676	0.87729764	0.19099884	0.13433784	0.000563258	0.00014852785	0.0019274298	0.056881994	0.00093088887	0.031457253	0.0012774196	0.0012774196	0.00089306175	0.0015739182	0.0013392001	0.00052428467	0.0015739182	0.0006351755	0.003101327	0.0022043998	0.00018380297	0.0005340129	0.0005326348	0.0018926014	0.0030241178	0.00053027825	0.0005092065	0.0005025963	0.0009105418	0.0003414529	0.0007557822	0.00023526815	0.00030139377	0.00037933013	0.0006089549	0.0015192573	0.0005894296	0.0009057446	0.00062751124	0.0019060576	0.0030015293	0.00090869743	0.0015670052	0.0005970926	0.00037095728	0.03216071	-20.40678977966309
s06e24b	625.0	5.0	0.7451554	0.7451554	0.060274005	0.0046884688	0.00017148502	0.00081816124	0.0015812997	0.00029195065	0.0016214196	0.0011829394	0.0002809099	0.00014347545	0.002227122	0.039715964	0.0007645321	8.582869e-05	0.00064535206	0.002598182	0.0014725176	0.002168122	0.033384047	0.0072620115	0.0017143354	0.015433063	0.015141405	0.015433063	0.65545976	0.019102966	0.01102546	0.0008966351	0.00040902046	0.00086478697	0.0037456537	0.008320345	0.01150239	0.017183697	0.012701033	0.017183697	0.011464203	0.020714458	0.010881497	0.020714458	0.0022263105	0.08013607	0.009920271	0.0005304233	0.001285827	0.0004390713	0.0053608366	0.004616478	0.0015671558	0.0028807234	0.0009994787	0.004800971	0.00044673737	0.007833221	0.00012538569	0.0010673978	8.5325424e-05	0.0031697524	0.0004775695	0.00061127706	0.003535824	0.0012728154	0.025156936	0.030417643	0.0010443721	0.024726385	0.0026257008	9.212179e-05	0.030417643	-22.718305587768555
s06e24b	630.0	5.0	0.9025587	0.9025587	0.08638693	0.013227203	0.00039666725	0.003002768	0.2783856	0.0016597015	0.002115333	0.0011927964	0.0001322736	0.00017616333	0.0011191122	0.0042079045	0.004745119	0.00055853534	0.0036511994	0.00044556527	0.0029067267	0.23114604	0.017466567	0.017466567	0.0014557142	0.0023629025	0.00044378155	0.0023629025	0.03966766	0.009677813	0.004667818	0.0007809098	0.00022523395	0.00085108733	0.0032736312	0.00021312172	0.00029687074	0.0009284436	0.0007504866	0.0006580452	0.0017286103	0.0012084635	0.00031331938	0.0017286103	0.0008361325	0.005464258	0.005956358	0.00036309578	0.0004263056	0.00033092225	0.0014524997	0.0029913934	0.002578682	0.0081401365	0.00014465851	0.0017245214	0.000679115	0.0021135884	0.00013609134	0.0017563031	0.00069181604	0.0005606816	0.00029880818	0.00016740164	0.0010640621	0.001170068	0.0012307299	0.006333524	0.001485977	0.0029182574	0.007519305	0.00011423289	0.009072494	-23.283292770385746
s06e24b	635.0	5.0	0.7911764	0.7911764	0.029278658	0.0036409965	0.00027605944	0.004672107	0.3554246	0.0008712199	0.0009166971	0.0008394371	0.00013582467	0.0003675375	0.0012546781	0.0010979715	0.0018600196	0.0007576156	0.0010849275	0.0014684888	0.0046928436	0.03235198	0.004653732	0.0011365338	0.0017090604	0.005604278	0.00058696786	0.005604278	0.047816668	0.009083342	0.0041093966	0.0008279963	0.0003029133	0.0011813168	0.0038039954	0.00020744906	0.00047103697	0.005705699	0.005705699	0.0019461504	0.010257825	0.013600734	0.0010356935	0.013600734	0.0007555964	0.020940248	0.019074818	0.0033395437	0.0011965232	0.0013695564	0.00855863	0.0011763055	0.010467946	0.0031042134	0.00010660468	0.0004361566	0.0012268779	0.0029789614	0.00048138353	0.001163745	0.00066362554	0.0006693517	0.00016443111	0.0005572158	0.0033804192	0.0012800497	0.0018451791	0.004179544	0.00049112464	0.0062037287	0.0010115659	0.00015708373	0.004179544	-22.296432495117188
s06e24b	640.0	5.0	0.77324	0.77324	0.031837065	0.02413191	0.004684334	0.0055427714	0.0724623	0.015399343	0.0015322049	0.016723685	0.00074273255	0.0013837438	0.0044058044	0.0059403623	0.0025437376	0.0019023183	0.003665279	0.0016168979	0.0053835283	0.07367482	0.009449438	0.004650521	0.0016906012	0.0023628338	0.0010399959	0.0029642067	0.042219594	0.007092223	0.0030183038	0.0014139154	0.000552411	0.0016983439	0.0071110656	0.0006962343	0.00052519876	0.0060776435	0.004576507	0.0060776435	0.0138553325	0.007931786	0.001744501	0.0138553325	0.0028921815	0.011080053	0.015249402	0.003160584	0.0015673528	0.0016296066	0.004409613	0.0035351722	0.002950658	0.0058643627	0.0004535846	0.0016531338	0.00083810755	0.0053565316	0.0010540205	0.0023546864	0.0005861329	0.0025431253	0.001273203	0.0005463436	0.0040713674	0.0013563307	0.0043407516	0.004147839	0.0020137604	0.012548707	0.0037691684	0.00058400637	0.0045815124	-22.743396759033203
s06e24b	645.0	5.0	0.69249195	0.69249195	0.12217906	0.010857115	0.00025817179	0.0013875518	0.05183383	0.00038934825	0.0013757672	0.0057704803	0.00061035407	0.0001376444	0.0012275103	0.003254559	0.0057806573	0.00058664684	0.007556136	0.00041901832	0.029932003	0.049950402	0.0030548512	0.0030548512	0.002025446	0.0014696682	0.00053786155	0.0014696682	0.016466498	0.005476635	0.0022428168	0.00045238892	0.00014441759	0.00042758233	0.0012210266	0.00018413029	0.00013711791	0.002642334	0.0017270385	0.002642334	0.010649029	0.0023415345	0.00028841005	0.010649029	0.0020411003	0.0054230914	0.006317046	0.0021557556	0.0005507502	0.00035861778	0.0021921522	0.0031626385	0.0011514105	0.012598163	0.00018076402	0.0024338446	0.004446648	0.0010148546	0.00079933496	0.0010483674	0.0003276249	0.0018101783	0.0011927191	0.00014431145	0.0061526163	0.0033839794	0.0006194424	0.003869281	0.004506983	0.021970313	0.024961118	6.6600005e-05	0.024961118	-23.11811065673828
s06e24b	650.0	5.0	0.8874383	0.8874383	0.076111004	0.0056343004	0.00034814113	0.0007690951	0.0015878229	0.000516993	0.0019578135	0.00032362217	0.00029224696	0.00014322504	0.009395595	0.007112291	0.000629007	4.4335196e-05	0.00040968225	0.00052027596	0.00023638248	0.0022896358	0.0070280954	0.003220209	0.0009934958	0.0025601035	0.0010752416	0.0057575274	0.050698914	0.014909529	0.009963019	0.001023349	0.0005844563	0.0011805957	0.0056182994	0.00092106056	0.00026992554	0.0035942448	0.0015997225	0.0011925686	0.0019925057	0.0008573331	0.000422412	0.0019925057	0.0012908211	0.012187776	0.004172865	0.00018193673	0.00022243947	0.00046182264	0.0007848888	0.0021604565	0.0024364002	0.0043782894	0.00071545946	0.0025077728	0.001136746	0.01734065	0.00052089494	0.0047123428	0.0004764028	0.0006758013	0.001589586	0.00016523789	0.010214052	0.013077381	0.0011815364	0.0011008736	0.00095423014	0.005138153	0.0014017919	0.00041162944	0.017799854	-22.80512237548828
s06e24b	655.0	5.0	0.89043564	0.89043564	0.074800774	0.0034044322	0.00075905444	0.0015700356	0.011090847	0.0009666907	0.0019382465	0.0003943673	0.00070228183	0.00033312725	0.010198103	0.014688934	0.0008403931	7.084847e-05	0.00073521753	0.0016368399	0.0010188848	0.015135305	0.0057640276	0.0030528975	0.0023468572	0.003017532	0.0021860807	0.015513528	0.06282196	0.012849539	0.005766252	0.00074351573	0.0005660121	0.001458561	0.0077036875	0.00021100433	0.0003325415	0.0036043408	0.0021265824	0.0017393321	0.0032758166	0.0013850301	0.00051326083	0.0032758166	0.0025227582	0.010030555	0.004946777	0.00033716296	0.00048572358	0.00049244653	0.0020977675	0.0015304994	0.0024661324	0.0076624732	0.00047165292	0.003175865	0.0009901215	0.021690385	0.0005087752	0.010307474	0.0009824833	0.0006596112	0.0013379112	0.00030512369	0.015465635	0.0042200303	0.001164829	0.001863801	0.0009786838	0.0060224743	0.0014661959	0.00035885687	0.015465635	-22.481348037719727
s06e24b	660.0	5.0	0.90678763	0.90678763	0.025093753	0.03748013	0.00102256	0.0024749152	0.14849791	0.0027875048	0.0015321451	0.002596223	0.00035076615	0.0006299867	0.0029574106	0.0087984335	0.0056216917	0.00090421503	0.0019546435	0.0012433721	0.0014182397	0.06850026	0.12249262	0.0051790765	0.0015530969	0.0036101409	0.00037172477	0.0064937123	0.03388932	0.0038487618	0.0017474248	0.002109511	0.0010237835	0.0018012517	0.0020453832	0.00045221543	0.0003313554	0.0016742637	0.00087665423	0.0014433922	0.004499392	0.0011269195	0.000277721	0.004499392	0.00092511775	0.0038859064	0.002358121	0.00023057398	0.00021775464	0.00027918007	0.0022250123	0.0027371424	0.0019283583	0.0040064915	0.00021747577	0.0038644795	0.0007186585	0.005312815	0.00017699979	0.001363976	0.0021323317	0.0013971219	0.0008312196	0.0006811974	0.0025728496	0.00042695794	0.00047124177	0.004502033	0.0022200954	0.0042430274	0.002924605	0.00013321586	0.008118305	-24.0587215423584
s06e24b	665.0	5.0	0.91242456	0.91242456	0.032611415	0.07575952	0.0019670313	0.0036739837	0.2637967	0.009004369	0.0021003745	0.0023010275	0.00032053166	0.00032204387	0.0019258565	0.0014393664	0.0043108487	0.00061857956	0.0012556794	0.0005767992	0.002847852	0.04163404	0.003737055	0.0023406034	0.00060850754	0.0024851498	0.0010196621	0.0024851498	0.033507016	0.004130679	0.0014703835	0.00056669285	0.00032753556	0.0004432301	0.0018602879	0.00026193645	0.00025648111	0.0006919169	0.0002533138	0.00046008133	0.0010508707	0.00044860007	0.00013185703	0.0010508707	0.0006523087	0.0018955249	0.008619434	0.0005020782	0.0007672807	0.0007494093	0.0019353606	0.0007048747	0.003337107	0.0035139902	0.00028533017	0.0007275746	0.0006828812	0.011765711	0.0004249656	0.0056904107	0.0005075841	0.0009960894	0.0016117947	0.00023508472	0.0011597455	0.0009066677	0.00051093055	0.0020626935	0.0017699904	0.0020480198	0.0023628261	0.00011518	0.002664884	-21.73166275024414
s06e24b	670.0	5.0	0.9171562	0.9171562	0.056711297	0.10939104	0.00030569322	0.0015145615	0.0040357234	0.0027942662	0.0015501399	0.012207851	0.00025397446	0.0001985856	0.0032161921	0.00799374	0.0015357382	0.00011903006	0.0007881382	0.00084058446	0.000311518	0.0022044238	0.010060405	0.0075376853	0.0014616275	0.0024565135	0.0018396545	0.018381163	0.05087509	0.0034255711	0.0012426766	0.00046159618	0.00046043715	0.00043002385	0.0015836346	0.0022329586	0.00041093706	0.009824649	0.003619876	0.0072385627	0.0059026186	0.002667241	0.0016945468	0.0059026186	0.0018174769	0.021414526	0.011359288	0.00024262787	0.00031971952	0.0007659019	0.0019047253	0.0030376532	0.0016630936	0.011640941	0.00096217135	0.0025568206	0.0014034904	0.004553394	0.00047833397	0.00872653	0.0026581467	0.0010155467	0.0008668429	0.0003364748	0.002380564	0.0012077591	0.00063569297	0.0010290145	0.0059160246	0.036281027	0.0036511177	0.000259908	0.0059160246	-23.897579193115234
s06e24b	675.0	5.0	0.8956548	0.8956548	0.10260312	0.3069149	0.00017267789	0.0015633241	0.0024966814	0.0016872222	0.0011267263	0.0024457483	0.00024773215	0.0001265256	0.000574139	0.0059995423	0.0020232073	4.7756002e-05	0.0003303451	0.00021243478	0.00025059975	0.002376416	0.0076129665	0.0031317128	0.0006148472	0.0014355915	0.00076956605	0.00261201	0.037857294	0.0034186598	0.0010067367	0.00057310023	0.00043421035	0.0003887074	0.0012034356	0.00042797503	0.00024906007	0.0026516544	0.0006445192	0.0015662952	0.00060533534	0.0005229518	0.00044761636	0.00060533534	0.0009615115	0.0037836079	0.004461807	0.0001493013	0.0001460563	0.000497091	0.00078260043	0.0005245809	0.0008303595	0.0013728759	0.0002606187	0.001967579	0.00052609935	0.0023947204	0.00061504496	0.0072460845	0.0002605973	0.00041351607	0.0013245643	0.00012072823	0.0020321154	0.0008232994	0.0006183927	0.00028201632	0.00034313247	0.006758551	0.0027392139	0.00019836967	0.007355847	-24.52844619750977
s06e24b	680.0	5.0	0.061308544	0.061308544	0.0014638394	0.004163879	0.00083244784	0.0005758933	0.0013397895	0.0023537367	0.00866991	0.0025017706	0.0068253158	4.4345852e-05	0.0034981456	0.0017830074	0.0028754782	0.00044052603	0.008086892	0.0003618211	0.0012240986	0.0037686725	0.004854717	0.0021360046	0.0026471824	0.003088905	0.0009556295	0.0041350895	0.14862445	0.02546694	0.009434378	0.0016156144	0.0007094144	0.0022144197	0.0046459655	0.000978008	0.0011203613	0.006414835	0.004673719	0.00508705	0.0008996526	0.00091081636	0.0033332885	0.0012447123	0.0007863277	0.008079364	0.020250905	0.00020524941	0.00048061783	0.0014987227	0.002075411	0.0007570079	0.0031959524	0.0029893063	0.0052617704	0.0022317043	0.005798336	0.00088043296	0.001508328	0.00040842275	3.686648e-05	0.0014930505	0.0016144657	0.0016146194	0.0051817675	0.0036775058	0.0028861319	0.0032649918	0.0024797795	0.0029088198	0.0033679793	0.47744215	0.014111722	-61.89771270751953
