episode_id	onset	duration	talking	speech	man_speaking	woman_speaking	baby	shout	laughter	cry	singing	kids	groan	whistling	breathing	walking	mouth_sounds	fart	hands	heartbeat	cheering	crowd	mammal	dog_bark	cat	rooster	duck	bird	music	musical_instrument	guitar	piano	organ	electronic_instrument	percussion	bell	ambient_music	weather	wind	rain	river	wave	thunder	river_sea	fire	boat	car	traffic	car_honk	emergency_vehicle	train	cycling	engine	door	doorbell	knock	dishes	radio_tv	dryer_vacuum	zipper	keys	alarm	telephone	whistle	mechanisms	tools	boom	bang	glass	water	beep	silence	sudden_noise	db
s07e12a	0.0	5.0	0.38802513	0.38802513	0.0021895086	0.0040143444	0.00038520264	0.0024387224	0.0007097434	0.0005716763	0.050508074	0.005250586	0.000809339	4.939508e-05	0.0014836984	0.00080698176	0.00016159772	0.00019120912	0.0005557889	0.0007884113	0.00038189106	0.0004391075	0.002719102	0.002719102	0.0014971765	0.0031510738	0.00189357	0.0031510738	0.6276681	0.07941555	0.07941555	0.0035269945	0.0005263364	0.002934042	0.007862295	0.0072785406	0.012578522	0.0014583388	0.00090654497	0.0014332639	0.0017806668	0.0017539555	0.0014583388	0.0017806668	0.00029668995	0.002377098	0.0049168733	0.0004391638	0.00039787235	0.00020739033	0.0015118972	0.003374671	0.0010977444	0.0006631097	0.0006920343	0.0009504347	0.0011710654	0.0027212119	0.00028167746	0.0009190833	0.00053370505	0.0004707131	0.0017608895	0.00014126486	0.0010196315	0.0011556663	0.00051592424	0.00057548017	0.00091548247	0.007737914	0.0018849837	0.0048633195	0.003504929	-19.310138702392575
s07e12a	5.0	5.0	0.7777352	0.7777352	0.03876035	0.17935593	0.00016642775	0.0016041641	0.0012643943	0.0006321429	0.00093568984	0.0030580435	0.00019240261	0.00011574649	0.001220021	0.019401142	0.0014720142	0.00013476178	0.0007150948	0.00041605855	0.00035577625	0.04178295	0.009842437	0.0036917902	0.0009434651	0.0018414259	0.0014053816	0.0018414259	0.057256907	0.004419161	0.0016053956	0.0006671402	0.00043958955	0.0006181149	0.0019715286	0.0004160193	0.00030081646	0.016231041	0.016231041	0.00693314	0.0027940418	0.017821426	0.0026453577	0.017821426	0.002346163	0.042926688	0.03428728	0.003740138	0.0004938843	0.0012625229	0.0051290644	0.0035989902	0.002839523	0.001535475	0.00048113536	0.0023053994	0.0006985555	0.00312976	0.00035151132	0.0064322427	0.00013449093	0.0006264171	0.0012889047	0.00018160207	0.0045677028	0.0008035773	0.008087948	0.0012661851	0.0011505286	0.00698057	0.0015740659	0.00014945827	0.00927008	-22.3658447265625
s07e12a	10.0	5.0	0.8412692	0.8412692	0.048649307	0.029936463	0.000633493	0.0039574835	0.0036044575	0.0014274339	0.0019719556	0.0013192665	0.000994621	0.00040980024	0.0044330643	0.06833385	0.00138892	0.00021033423	0.0010348117	0.00024702388	0.0008818489	0.08737658	0.05795632	0.004179282	0.0016388141	0.002276607	0.002459619	0.002459619	0.04714083	0.0048405216	0.0027995901	0.00031284927	0.00023411149	0.000445323	0.0033335022	0.00064401637	0.00033728126	0.0174754	0.016574204	0.0036546062	0.0049640373	0.0153080365	0.0013175637	0.0153080365	0.0071515962	0.06593516	0.019364942	0.0029148294	0.0008436924	0.0015749045	0.002808255	0.0067919963	0.0027130058	0.005490493	0.00043706805	0.0026984313	0.0010710321	0.024355875	0.00015154845	0.004726913	0.00015790323	0.00090888457	0.0015500048	0.00030370796	0.005107537	0.0016220054	0.012570488	0.0040503233	0.0015447696	0.009440587	0.004084757	0.00024585985	0.012570488	-22.25328063964844
s07e12a	15.0	5.0	0.7461142	0.7461142	0.021311799	0.03915468	0.00030034536	0.00080440554	0.0011026999	0.0009867958	0.00062234706	0.0033612521	0.000514802	0.00023620382	0.0037812253	0.019653566	0.0019122626	0.00019747458	0.0013466873	0.00029323777	0.00042773108	0.0033610992	0.02214692	0.0070680175	0.00848611	0.0012622692	0.0015621724	0.0015621724	0.36257416	0.011886124	0.0030639672	0.0009592469	0.00044720477	0.0007579799	0.0031574534	0.0010153605	0.00067456294	0.021864057	0.021864057	0.009536402	0.0021583522	0.01945768	0.0024986786	0.01945768	0.0031568352	0.05451865	0.036616698	0.0037988995	0.0022094755	0.0016842008	0.0061335536	0.0076759113	0.003316605	0.0050359033	0.0008114201	0.0042604594	0.0022753845	0.005435448	0.00013367011	0.0028752226	0.0001121927	0.0028184017	0.0037142197	0.00043486297	0.051437538	0.0010534684	0.009397263	0.0079474775	0.0010326672	0.0073910197	0.0042070216	0.00016706486	0.051437538	-24.971694946289062
s07e12a	20.0	5.0	0.70599616	0.70599616	0.033287566	0.027658835	0.00018331937	0.0028793034	0.04051098	0.00095663016	0.0018190762	0.0008943493	0.00017153475	0.00029889026	0.0019372164	0.017921206	0.001332036	0.00012174371	0.001451292	0.00186938	0.002981869	0.14387187	0.00715094	0.0038161797	0.0014664577	0.0018170123	0.0009138619	0.0018170123	0.0465381	0.005044663	0.0019081442	0.00056712405	0.0003211278	0.0006441925	0.0034487545	0.00023014129	0.0003048716	0.0062221177	0.0060181	0.0009304659	0.0029676782	0.0046282746	0.00038734137	0.0046282746	0.0017577809	0.02437159	0.01038239	0.0020160829	0.0010720862	0.0011342906	0.006131158	0.0028614523	0.0029278186	0.017592313	0.00031635546	0.0035487264	0.0010877516	0.004311526	0.00019725817	0.0009475969	0.00044052853	0.001079577	0.0005677035	0.00029377223	0.0027578769	0.0020123397	0.0033802278	0.0021462066	0.000654	0.014499641	0.003424487	0.00011370842	0.037426524	-22.1876220703125
s07e12a	25.0	5.0	0.8131383	0.8131383	0.020127706	0.050325524	0.0014491031	0.003367219	0.0062758625	0.0027611363	0.0016305007	0.02253431	0.0023827597	0.00041112694	0.016312223	0.050704457	0.0018747315	0.0012989758	0.0025090158	0.00043036055	0.0022231373	0.025371464	0.0747535	0.017117523	0.00809538	0.0032883408	0.012443751	0.012443751	0.030531058	0.001818061	0.00064190256	0.00021582139	0.0001180344	0.00027565678	0.00079932687	0.00029365715	0.0002237839	0.0056205266	0.004662655	0.0028146463	0.0020248466	0.0019125902	0.0007763126	0.0020248466	0.0024259065	0.010214269	0.009507889	0.0009949636	0.0019804828	0.00023308805	0.004627787	0.008052981	0.0010461506	0.0061064754	0.000115778166	0.0068204394	0.0005445106	0.0014821147	5.8466296e-05	0.00357592	0.00028219033	0.0009830433	0.0014717116	0.00059634616	0.020549454	0.0006283125	0.007227079	0.012092049	0.0005117179	0.008538774	0.0093028555	0.0003137995	0.036221214	-25.128437042236328
s07e12a	30.0	5.0	0.8368447	0.8368447	0.006630891	0.040862083	0.0003531641	0.0002789757	0.0010163806	0.0009397043	0.00072363863	0.02729721	0.0002700674	0.00018854794	0.0014536399	0.013751539	0.0006030285	0.00039372308	0.0027176219	0.000118729535	0.0001589607	0.005847063	0.036647104	0.0039843377	0.0028924153	0.0023057053	0.0018326874	0.0037004238	0.108035386	0.0020210384	0.00056642934	0.00053267897	0.00011714499	0.00044075455	0.0010270826	0.00038654456	0.0004541462	0.0130801005	0.0130801005	0.0023488845	0.0027098828	0.008858979	0.0007395229	0.008858979	0.0033178248	0.009587295	0.043426838	0.011649606	0.000840675	0.0016862039	0.010260261	0.015172581	0.0012364897	0.008057581	0.00068623875	0.0024780121	0.0008127933	0.0003992835	0.00032890236	0.022045286	0.00031665116	0.0014411364	0.0003204238	9.841704e-05	0.0027542203	0.0017830346	0.004409475	0.0010957448	0.0020003535	0.009829466	0.0027679037	0.00059602765	0.015844975	-25.358516693115234
s07e12a	35.0	5.0	0.9096511	0.9096511	0.027506541	0.36908433	0.00018273284	0.004268147	0.17420429	0.0012537822	0.0014410733	0.013341307	3.399618e-05	0.00031247459	0.0009832995	0.0011649872	0.0040226867	0.0010749748	0.0020211528	0.00086353865	0.003004283	0.034343395	0.0015773983	0.0015773983	0.00084740255	0.0005286333	0.00022620456	0.0009589088	0.050466415	0.0035701273	0.0009876818	0.00039848898	0.00020025561	0.0005415038	0.0015142622	0.0005133225	0.00028936772	0.0010385578	0.0008688196	0.0010385578	0.001779494	0.0012451089	0.00022685382	0.001779494	0.0006801416	0.003071631	0.007706273	0.0011713164	0.00053371524	0.00091905403	0.003797088	0.0013720066	0.004241426	0.0030939132	0.0001635545	0.0010925137	0.0006758035	0.0070353467	0.00096467946	0.00250674	0.0001415534	0.0009433653	0.00046778086	0.00019456587	0.0028710735	0.00063135294	0.00057691603	0.0019181818	0.0010859594	0.0024582036	0.002889482	7.18968e-05	0.002889482	-23.01265335083008
s07e12a	40.0	5.0	0.853996	0.853996	0.03657653	0.33549184	0.00034685657	0.0052655707	0.08017319	0.0016691865	0.0042477786	0.0042407555	6.5933455e-05	0.00034969085	0.00033207008	0.007931388	0.0010386355	0.00029421286	0.002455531	0.0016321432	0.04508561	0.060614657	0.008268438	0.0032513214	0.00068070577	0.0021957995	0.00046452423	0.0021957995	0.04496806	0.0048394627	0.0021801798	0.00091023993	0.00067437656	0.0004503905	0.003882833	0.00080817024	0.00046336954	0.0007025627	0.00064717955	0.00065348885	0.00094557944	0.0005556873	0.0001778901	0.00094557944	0.0003749382	0.0024649433	0.0036093998	0.00046982756	0.0010382977	0.00062304025	0.00861802	0.0005113963	0.0016070358	0.0027285058	0.00023332599	0.00088875665	0.0011418425	0.0048443154	0.00016584607	0.00062305655	0.00014532573	0.00077805197	0.00088367076	0.00025982724	0.0005933402	0.00017074689	0.00040983755	0.0005893759	0.00028579845	0.002744346	0.0011500611	8.586118e-05	0.0049962075	-22.757837295532227
s07e12a	45.0	5.0	0.8511529	0.8511529	0.037421446	0.051912032	0.0010207226	0.007564455	0.043804824	0.0026978576	0.008874802	0.0038803348	0.00019793605	0.0007519542	0.001039118	0.010425956	0.0021445937	0.00026372037	0.0015564398	0.0004448907	0.004069716	0.136016	0.010168573	0.0043382444	0.0026511184	0.0025807004	0.0016347069	0.004687719	0.054215197	0.008860507	0.004352012	0.001103703	0.00035012202	0.0009257509	0.002562367	0.00080652005	0.0006689531	0.004005904	0.004005904	0.003857089	0.009706771	0.004577107	0.001142732	0.009706771	0.0035789995	0.01721252	0.020632515	0.0026521413	0.0006421721	0.0016775187	0.006339757	0.00767294	0.004273326	0.0059377667	0.00050812913	0.0011516733	0.0015011737	0.0052660475	0.00041411375	0.005440601	0.0012044584	0.001126282	0.00025720499	0.00079535355	0.0037764753	0.0015625205	0.002482187	0.0021927361	0.0029819058	0.008174082	0.0027148589	0.00037587155	0.007131659	-23.80240631103516
s07e12a	50.0	5.0	0.82549953	0.82549953	0.4037352	0.022392588	0.00030831483	0.010427053	0.12629351	0.0023747752	0.003170803	0.0010816205	0.0005927684	0.000581495	0.0019864314	0.0016691516	0.0010778527	0.000549254	0.0071519422	0.00050983863	0.061723735	0.027912771	0.0030979516	0.0030979516	0.0014846489	0.0017989606	0.00043586525	0.0019475678	0.015147877	0.008378516	0.006386826	0.0010710756	0.00042785672	0.0008899138	0.0046917363	0.00042470518	0.0005154219	0.0023928622	0.0023928622	0.0008956652	0.005768579	0.004640313	0.00018007796	0.005768579	0.0009420338	0.008039756	0.0143676475	0.005655611	0.0008141533	0.0014052343	0.0016441708	0.00094151375	0.0028841484	0.0060892655	0.00035026023	0.0012775242	0.001127028	0.0033514379	0.00065103953	0.0018113056	0.00045846103	0.0016210289	0.0006047999	0.0003713741	0.0028289626	0.005638587	0.000594917	0.0035179064	0.00083578326	0.0041855	0.004761265	0.0002986259	0.005638587	-23.947269439697266
s07e12a	55.0	5.0	0.8201943	0.8201943	0.40211716	0.0343339	0.0002818067	0.00096812675	0.0013947157	0.0010664988	0.0016499865	0.00089365075	0.00024670095	0.00040494502	0.0042350446	0.0023699282	0.00027445416	0.0001640002	0.0005545962	0.0005207458	0.00037019947	0.01057624	0.0024624425	0.00139313	0.0014526685	0.000794216	0.00046438898	0.0016503015	0.013707865	0.002301299	0.001494712	0.0003552555	0.00029648098	0.00039300756	0.0014503911	0.0009426528	0.00018326554	0.023048244	0.019106695	0.023048244	0.0066329516	0.022283869	0.006246144	0.0229097	0.0026714199	0.014558204	0.016395602	0.0048276824	0.0008373357	0.0010067746	0.00713047	0.0015058768	0.0025560192	0.0021607308	8.1856306e-05	0.0010482046	0.0011241843	0.002345914	0.00014952869	0.0016469408	0.00035064577	0.001170646	0.0019217939	0.00030086064	0.004589701	0.0023395559	0.001703144	0.00039301507	0.0018703305	0.007750123	0.0005125942	0.0004891008	0.021133097	-24.889766693115234
s07e12a	60.0	5.0	0.8735247	0.8735247	0.18456669	0.004820014	0.00013457301	0.00063465483	0.0014377923	0.00031248023	0.0009706444	0.00050615467	8.8276734e-05	0.00011439641	0.0015085104	0.0054881293	0.0005378879	5.6805548e-05	0.00044587036	0.00023597128	0.00019584381	0.013078446	0.005266877	0.0027600164	0.0012193084	0.0011808724	0.0009184823	0.0062159467	0.0155868735	0.003169379	0.0019379506	0.00045999492	0.00025662445	0.00046134568	0.0015558011	0.00067823025	0.00013008018	0.048749425	0.048749425	0.0116795385	0.0075709973	0.050469294	0.0043439204	0.050469294	0.002926494	0.046725594	0.017995827	0.0033222511	0.00030046795	0.00047050856	0.0032142927	0.0041364934	0.0020136386	0.0030908233	0.00011259524	0.00059426465	0.00046896914	0.0014718903	9.283575e-05	0.0018783272	0.0010423061	0.00064741925	0.0006509294	0.00012861541	0.0048439335	0.0017112315	0.0058900467	0.0003837179	0.0010877459	0.0046656984	0.00097620103	0.0017836391	0.026262194	-24.961524963378903
s07e12a	65.0	5.0	0.8205518	0.8205518	0.13032381	0.084084615	0.0003542342	0.00682011	0.20798519	0.0010801521	0.0014869168	0.0031533812	0.00022563008	0.0004623697	0.0023056627	0.0029273427	0.0016654512	0.00061518804	0.0043568164	0.00031649333	0.010936894	0.025526045	0.0049029575	0.0049029575	0.00074093335	0.0028103667	0.00073203613	0.0028103667	0.015793392	0.0040551084	0.0022278524	0.00057050464	0.00018897126	0.00036793173	0.0019721424	0.00030330115	0.00012982207	0.00113942	0.0005930758	0.0009726853	0.00081149663	0.00063606113	0.00018279643	0.00081149663	0.0018577415	0.0014798914	0.004214073	0.0012056539	0.0010198088	0.001052741	0.0040097698	0.0026756374	0.0009514685	0.004368349	0.00023755396	0.0012127265	0.0007161887	0.00181563	0.0005326048	0.005401108	0.0005918302	0.0018369945	0.00046243583	0.00036267372	0.0015634715	0.0005920909	0.00049824466	0.0033364315	0.00084369315	0.00278698	0.0027070811	0.00011067089	0.008182742	-22.38765525817871
s07e12a	70.0	5.0	0.6135692	0.6135692	0.0714786	0.0072431182	0.00041072225	0.0033727698	0.08105242	0.0014619324	0.0012763087	0.0036287508	0.00020360551	0.00047322555	0.0015554753	0.008746252	0.0004331089	0.0009900758	0.004330739	0.00021336203	0.0030136355	0.0497358	0.0067804423	0.0037556456	0.002793558	0.19503646	0.0071102036	0.24978977	0.025915308	0.0047653294	0.0019798186	0.0009481568	0.00089391647	0.001044556	0.0025430454	0.0007462231	0.00042199387	0.021389384	0.021389384	0.005237629	0.007291417	0.01658736	0.0028207332	0.01658736	0.0023181061	0.03879549	0.025981795	0.0022557117	0.0022605762	0.0008470127	0.015435664	0.0056959526	0.00551344	0.004763855	0.00011041537	0.005356412	0.0018932257	0.0003980844	6.2879124e-05	0.00014273314	0.0004788253	0.0037489773	0.00052923855	0.000633788	0.0018889038	0.00070779945	0.0030939956	0.0035737082	0.000796248	0.004934828	0.0022608032	0.00022145142	0.0046315314	-24.715351104736328
s07e12a	75.0	5.0	0.33031708	0.33031708	0.037433043	0.004858229	0.00019901968	0.019291164	0.029438822	0.0005541555	0.02588142	0.010743044	0.00013220198	0.0004374178	0.0007447607	0.028267082	0.00088362454	0.00011706069	0.012039791	0.00041861786	0.14642677	0.096519075	0.0010375555	0.0010375555	0.00033824553	0.0065445863	0.001491601	0.0065445863	0.6124551	0.09355088	0.0454091	0.0045512547	0.0015045682	0.002941274	0.032682247	0.0007545059	0.0053738602	0.0002905703	0.00023557451	0.00018651114	0.00046748956	0.00041827682	4.7666465e-05	0.00046748956	0.00022906905	0.0008599107	0.0012283921	0.00019991603	0.00030177445	0.001702105	0.0007266627	0.00086393696	0.00020096317	0.0041293595	0.00019448389	0.0012570937	0.0009559068	0.00025380406	0.00029653384	0.00010023762	0.0003389526	0.0011589824	0.0006768439	0.00032474066	0.00059850333	0.00026984938	0.00043640737	0.0022721372	0.00022672363	0.000945347	0.002244826	7.404333e-05	0.0065155355	-21.98326873779297
s07e12a	80.0	5.0	0.010136155	0.010136155	0.0001329022	0.00023979704	0.00011285408	0.0007304584	0.0001737536	0.0001110684	0.012702336	0.00079762295	5.2393476e-05	0.0002724293	0.00048652847	0.0002131341	0.000113620845	0.00010753173	0.00017290609	0.0003159311	0.0003306293	0.00042515647	0.0011066272	0.0011066272	0.0010570997	0.0018147385	0.00060535147	0.0018147385	0.902439	0.41659445	0.37496743	0.0008044385	0.0002580389	0.0014598276	0.052643843	0.001912704	0.014850857	0.00030167462	0.00022857597	0.00029429927	0.0009656492	0.0003716192	0.00017810326	0.0009656492	0.00023773452	0.0006000818	0.0013983538	9.853686e-05	0.0003534502	0.00019200145	0.00056814065	0.0012424245	0.00038672923	0.00019706118	0.00013551381	0.00053669495	0.00042318285	0.00117069	0.00030439877	0.00024036267	0.00080562214	0.00023901502	0.00049636536	0.00066802587	0.00056478754	0.0018336854	0.00071615726	0.0012043455	0.0012418991	0.001560494	0.00051418337	0.00039352852	0.01945701	-20.618698120117188
s07e12a	85.0	5.0	0.025283175	0.025283175	0.00029752214	0.00014649497	0.00016317723	0.0029227117	0.00034512897	8.636151e-05	0.11910382	0.00026468514	6.0667484e-05	0.00022542666	0.00064543146	0.00053756475	0.00020523826	8.2550985e-05	0.0008256312	0.0003614601	0.0009892432	0.00060548936	0.0022256677	0.0022256677	0.00048607582	0.00255907	0.0013593982	0.00255907	0.82458824	0.10542265	0.05899925	0.0017306652	0.00027489752	0.0016489986	0.08199743	0.0047609285	0.023680639	0.0005833366	0.0005833366	0.0003979482	0.00066082616	0.000540269	0.00021465858	0.00066082616	0.0003508907	0.0012981787	0.0018772922	8.177954e-05	0.0001990358	0.00020401826	0.0012549518	0.0013714044	0.00045072119	0.0009679732	0.00026844317	0.00096019503	0.0006334359	0.0012120289	0.00011967958	0.00012702862	0.0007025007	0.00037720182	0.000634754	0.00030298668	0.0019216466	0.00074385345	0.0017389726	0.00052272656	0.00042431045	0.0012875655	0.0018091266	0.00042883586	0.0357903	-18.787761688232425
s07e12a	90.0	5.0	0.023639474	0.023639474	0.00020947163	0.00014970815	7.529178e-05	0.0065072435	0.00022322005	0.00013820057	0.14040683	0.000247518	4.6153793e-05	0.0005635972	0.00030672023	0.00012995175	0.00012593989	3.54729e-05	0.0001646605	0.00021275524	0.00014454736	0.00046690993	0.0015490863	0.0015490863	0.00033441567	0.0010476925	0.00044089742	0.0010476925	0.883268	0.10923845	0.072532386	0.0010180338	0.00021446792	0.0012274156	0.07636652	0.004174268	0.036863014	0.00033198018	0.00033198018	0.00013004037	0.00010321603	0.0002524309	9.50911e-05	0.0002524309	0.0001533318	0.00044130994	0.0008783855	7.925775e-05	0.00017581094	0.0001433655	0.00076136214	0.000429522	0.00013606709	0.0003956276	0.00034544384	0.00029169914	0.00028961693	0.00044463394	7.057147e-05	4.8090078e-05	0.0006147537	0.00026434442	0.00043323112	0.000519147	0.0007077647	0.00021414302	0.0018014592	0.00037465754	0.0002499998	0.00044794503	0.0006370564	0.00045347697	0.05309285	-18.151973724365234
s07e12a	95.0	5.0	0.02980413	0.02980413	0.0005492865	0.00038771707	0.00017468486	0.0053106355	0.00043987375	0.0002588755	0.15397899	0.0005067424	0.00016523237	0.00043001687	0.00096069014	0.00050489436	0.00040179174	4.8042497e-05	0.00027776812	0.001954478	0.0003500716	0.0007086343	0.0028052363	0.0028052363	0.00086288113	0.0026589278	0.00071526103	0.0026589278	0.83773625	0.13130718	0.0794386	0.0019554177	0.00058971305	0.0035379415	0.07675916	0.0076588914	0.040968984	0.00063788454	0.00063788454	0.0003637275	0.00022459595	0.00042569483	0.0003220617	0.00042569483	0.00025901647	0.0007773275	0.0014900934	7.795067e-05	0.00029594978	0.0002891584	0.0016528992	0.00066535285	0.00040761472	0.00035659308	0.00034719697	0.00072146684	0.00023339473	0.001529372	0.00011559218	0.00015042978	0.00047046642	0.00060074136	0.0007212503	0.00067690643	0.0011617148	0.00034856304	0.0014478947	0.0007942493	0.0002352964	0.00038289593	0.0009134371	0.00022393928	0.042419214	-18.3181266784668
s07e12a	100.0	5.0	0.033692338	0.033692338	0.0006416332	0.00048501365	5.438134e-05	0.008404155	0.0001848258	0.00012280743	0.22772932	0.00033510852	5.3104646e-05	0.00022617221	0.0015822389	0.00052764436	8.773243e-05	2.3691025e-05	0.00036482856	0.00299252	0.0002828632	0.0010362975	0.001537816	0.0015040324	0.00047475495	0.0017148872	0.0004242538	0.0017148872	0.8524345	0.15681863	0.080826096	0.0015064534	0.00037799397	0.0031746167	0.15985088	0.0024567412	0.035713896	0.00058410905	0.00058410905	0.0003422608	0.0002595445	0.00037900536	0.00027147718	0.00037900536	0.00033362466	0.0006783902	0.0013195587	6.1334475e-05	0.00016767801	0.00028901754	0.00079115416	0.0009496016	0.00038598452	0.0004365934	0.0003036104	0.0007731889	0.00024451752	0.0014698151	5.526918e-05	0.000120865094	0.00038921094	0.000443954	0.00081202993	0.00021195163	0.0009178	0.00032564564	0.001967238	0.0011026317	0.0003534118	0.00032592268	0.0012905108	0.00016075722	0.03709225	-18.521541595458984
s07e12a	105.0	5.0	0.012299963	0.012299963	0.00018474985	0.00025446288	9.506154e-05	0.004320118	0.00018043598	9.153091e-05	0.20449853	0.00046407856	8.357227e-05	0.00017484165	0.00040671052	0.00048050168	0.00020106629	7.4500225e-05	0.00032927888	0.0004968847	0.00032485087	0.0009688672	0.0012068093	0.0010759179	0.0005947222	0.00086033763	0.0002997735	0.00086033763	0.8222573	0.084901705	0.048619676	0.0023178305	0.0008447542	0.0014320053	0.056269974	0.010504406	0.021968253	0.00041403677	0.00041403677	0.00033802033	0.00031011784	0.00025964843	0.0001870021	0.00031011784	0.00025533463	0.0006688467	0.0007559439	4.178639e-05	0.00010078029	0.00011022876	0.0007237024	0.0008606857	0.00027395404	0.00027899112	0.00032656218	0.00043867677	0.00020259155	0.0005737818	7.9636775e-05	0.00011384479	0.0004107741	0.0002399878	0.00023879044	0.0003129155	0.00091330137	0.00039837824	0.0007575387	0.00043980204	0.0002972154	0.0007085685	0.00074276933	0.00021384268	0.027491305	-19.34479522705078
s07e12a	110.0	5.0	0.010375806	0.010375806	0.00021804114	0.00021696193	8.810795e-05	0.00109973	8.4500076e-05	0.00017357526	0.032243457	0.0002106168	0.00011451875	0.0006408835	0.00060461863	0.00045606607	0.00027683142	8.3899824e-05	0.00027844586	0.001090484	0.0002891548	0.00066468195	0.0009821225	0.00080421317	0.0009821225	0.00087895733	0.00063836586	0.0012494738	0.8435224	0.20907097	0.20907097	0.011936576	0.0078421645	0.010104819	0.033538926	0.00082719116	0.021538364	0.0009627536	0.00029431048	0.0006643757	0.0011784385	0.00061758375	0.00022191812	0.0011784385	0.00029365433	0.00077314436	0.002249485	7.325198e-05	0.00024961348	9.6298274e-05	0.0007062713	0.0016279783	0.00094911904	0.0005205334	0.00018271401	0.00082428305	0.00040320528	0.0006438108	0.00030361098	0.00045002848	0.00066876924	0.00076858036	0.00074199215	0.0005436756	0.0009956392	0.0019838607	0.0010516114	0.0041114697	0.0007769013	0.0012498677	0.0010666572	0.0002539159	0.0054719984	-22.02506256103516
s07e12a	115.0	5.0	0.63926685	0.63926685	0.016635623	0.047762312	0.00028611388	0.0013821785	0.00085714157	0.00095174054	0.0021415856	0.014405296	7.565206e-05	0.00016321302	0.0014684419	0.0064034755	0.0005087829	0.00010234503	0.0006619513	0.00026732296	0.00040577294	0.010149844	0.003982128	0.003982128	0.00067840156	0.0012728318	0.00066770223	0.0012728318	0.08714876	0.0075451946	0.002880481	0.0012582876	0.0011442945	0.0013878966	0.0030409386	0.0005407721	0.0021270693	0.006492365	0.006492365	0.0019302131	0.0014505736	0.005425378	0.0006656376	0.005425378	0.010191021	0.008293492	0.24233197	0.022424782	0.012530587	0.4427942	0.0030272393	0.0015696716	0.010695559	0.0006499425	0.00039801234	0.0017917227	0.0003853444	0.0006743624	0.0004599929	0.0065112095	0.00039211076	0.25712386	0.0002559386	0.000112007656	0.0018897258	0.0005621087	0.0023079694	0.0005096042	0.0006155258	0.0034835285	0.0009187104	0.00044702238	0.0036363858	-24.57572555541992
s07e12a	120.0	5.0	0.794835	0.794835	0.006041641	0.24166723	0.0008861653	0.0002814206	0.00038383534	0.000692669	0.0023891202	0.09274604	0.00035476813	0.00025198556	0.0020003286	0.004542031	0.00033628175	0.0003139994	0.0026087053	0.0003460683	0.0003619299	0.0023336157	0.08318969	0.0087909885	0.08318969	0.0039492953	0.003366259	0.0039492953	0.045971114	0.0033271697	0.00094186945	0.00077180425	0.00040288718	0.0006142459	0.0013433989	0.00077078777	0.00036099314	0.0078048883	0.0078048883	0.0050123762	0.0038803846	0.0054678693	0.0020270073	0.0054841666	0.0020376407	0.011388907	0.0393154	0.0035277691	0.0018495832	0.002104218	0.009977662	0.0017843395	0.0028001957	0.0018544932	0.0004967845	0.0008822208	0.00061686366	0.0015527288	0.001078284	0.011639081	0.00017057455	0.001404742	0.001034516	0.00041348182	0.0027152954	0.00062997045	0.003434183	0.00079477095	0.00046975072	0.0036819044	0.000527315	0.000592213	0.011168653	-23.961503982543945
s07e12a	125.0	5.0	0.87781334	0.87781334	0.019115712	0.13538411	0.00016818513	0.002305044	0.31393474	0.00070355256	0.00136161	0.0124289	6.7055145e-05	0.00018969625	0.0010582191	0.0021384086	0.0017998994	0.001427589	0.0016286387	0.00018639221	0.004221956	0.062053453	0.006599577	0.003544957	0.0010284877	0.00061250385	0.00036246772	0.001264896	0.017743468	0.0020066164	0.0011715747	0.00045966616	0.00016532534	0.00036803892	0.00096820743	0.00022808637	0.00018357563	0.00045257612	0.00043573338	0.00045257612	0.000681983	0.0003982683	7.332858e-05	0.000681983	0.0009999879	0.0013837683	0.0042855744	0.000608271	0.00046201725	0.00032650022	0.0025835936	0.0013514181	0.0016082504	0.007498648	0.0002360253	0.0024383224	0.0006410885	0.0010771711	0.00044469777	0.0023387268	0.00041322684	0.00036299854	0.0001054882	0.00014268524	0.00069905625	0.00023041003	0.00053055456	0.002789653	0.0005338595	0.0018833177	0.0030678792	5.31583e-05	0.007090188	-22.90468978881836
s07e12a	130.0	5.0	0.85317	0.85317	0.1650628	0.010558954	0.0003419182	0.0037623812	0.057029147	0.0012218562	0.0010011223	0.00079814985	0.00014539863	0.0002061581	0.0020993713	0.007637445	0.0045154863	0.00022578525	0.0023058031	0.00045280313	0.001705755	0.016224777	0.01171987	0.005797319	0.0011835198	0.0009102378	0.00029853653	0.0023734777	0.051870037	0.009412469	0.008572904	0.00070015236	0.0003537408	0.00087368354	0.0020319924	0.00024286786	0.00022639551	0.0029574304	0.0029574304	0.0010113578	0.003017687	0.0039421213	0.00026331464	0.0047722952	0.0031904716	0.014844516	0.011228064	0.0018048494	0.0007384894	0.00097487425	0.0064247386	0.005332871	0.0036098666	0.0076894085	0.00015073117	0.000992398	0.0017996185	0.0051854043	9.4194205e-05	0.0021531149	0.00069518405	0.00082485104	0.00054778124	0.00021037637	0.004137012	0.0011147467	0.0019013942	0.0027186081	0.00080929	0.0075782454	0.0026644242	0.00014445589	0.0049463497	-22.01972198486328
s07e12a	135.0	5.0	0.77351004	0.77351004	0.061963677	0.030442838	0.00020347431	0.0051767696	0.4055193	0.0010067851	0.0028456468	0.0017073838	0.00011943435	0.0005346016	0.002639684	0.0015969604	0.0017096236	0.0018301812	0.0024679513	0.00094170345	0.009194492	0.027262969	0.00439399	0.0016844205	0.0017798075	0.0029616768	0.0003218376	0.0029616768	0.040466912	0.006994042	0.0040044882	0.00093073456	0.00033954968	0.0008752087	0.0036563568	0.00050083734	0.00047257327	0.0028894602	0.0028894602	0.0028876264	0.0071165483	0.0053698095	0.0007150702	0.0071165483	0.00092959753	0.0106029045	0.014252668	0.004087501	0.0016657019	0.0014697864	0.008802792	0.0029622258	0.0053125354	0.0025343276	0.0002527013	0.001371095	0.0018928375	0.0024083608	0.00021088244	0.0008102136	0.0006606045	0.0012754896	0.0004257137	0.00038822857	0.002674285	0.00058319455	0.0013807366	0.0037421177	0.0015065797	0.003268723	0.0018129945	0.00013340257	0.0037421177	-22.366531372070312
s07e12a	140.0	5.0	0.79605246	0.79605246	0.05432583	0.037393555	0.00034502416	0.007896877	0.03080533	0.0027092178	0.0034011784	0.0008745439	9.9949466e-05	0.0004064495	0.00070997747	0.015574118	0.00089272694	0.00027965556	0.0025593452	0.0015614451	0.0037555208	0.19169252	0.011873327	0.0032268493	0.0011602008	0.0019359087	0.00094329746	0.0019359087	0.08174285	0.0037004133	0.0015203181	0.0003355967	0.00018705738	0.00039024974	0.006738524	0.00032400156	0.00093668525	0.0025463316	0.002534371	0.00045788192	0.0025986678	0.0022310312	0.00017450789	0.0025986678	0.0020457385	0.012358016	0.02272268	0.003711662	0.001011444	0.0032666465	0.0032588681	0.0023698548	0.0019491211	0.0113390535	0.0003217103	0.002332314	0.0015392591	0.004352252	0.00026102053	0.0033475982	0.0002504636	0.0011648868	0.0033257643	0.00021684964	0.0012129297	0.00062487304	0.005699172	0.0021880297	0.00047863592	0.0084962305	0.0014591529	0.00021965284	0.017173465	-23.467294692993164
s07e12a	145.0	5.0	0.8195085	0.8195085	0.01999469	0.116742775	0.00035255624	0.0022115083	0.004988765	0.0011404207	0.0017980686	0.009528838	0.00041304037	0.00017539167	0.0010405242	0.015093142	0.0038430952	0.0001707114	0.0025151812	0.0023946294	0.0016871016	0.012527053	0.02564985	0.0118704075	0.0023093675	0.0020356828	0.0033722536	0.0033722536	0.112807654	0.0041865455	0.0005732526	0.00068102893	0.0004913981	0.0006017597	0.0017786421	0.00044260014	0.00050779677	0.014159554	0.0069312095	0.014159554	0.0080815	0.005415695	0.002851185	0.0080815	0.002340659	0.015154423	0.0057768933	0.00067417347	0.00062584964	0.0006219125	0.005033873	0.00263969	0.0024879458	0.0061034574	0.000548452	0.0060281404	0.001600376	0.0052650706	0.00036126547	0.0040190066	0.00015620636	0.0011071634	0.0013712869	0.00024328458	0.0024790224	0.0013679217	0.0019325534	0.004023382	0.0008397143	0.025433702	0.0104110455	0.000112688045	0.01436779	-23.75473976135254
s07e12a	150.0	5.0	0.74859816	0.74859816	0.07521387	0.017310198	0.00023930598	0.0012042818	0.18636267	0.0015751768	0.0041020033	0.00060359144	0.0005814842	0.0005014383	0.008197403	0.0023987223	0.0014276637	0.00035753462	0.0014649983	0.0002444539	0.0120112095	0.020799808	0.032357477	0.0029558924	0.032357477	0.0027269907	0.0003636934	0.0027269907	0.009891879	0.0035371764	0.0013471376	0.0016305735	0.0005434637	0.0013769928	0.001798971	0.000115571565	0.00016556165	0.0011038065	0.0011038065	0.00070777215	0.0016210319	0.0013965998	0.0003128794	0.0016210319	0.0011150972	0.0048998133	0.012228828	0.0025308682	0.0016300676	0.0006881829	0.0609131	0.00076638773	0.0050509083	0.007989839	6.219623e-05	0.0011755527	0.0011332305	0.004067616	0.00018776287	0.0012984439	0.0005833524	0.0011713967	0.00022085322	0.00280993	0.0049528508	0.0010750787	0.0012513412	0.0038545872	0.0018803101	0.0065048765	0.0014689085	0.00032991456	0.021441948	-22.823131561279297
s07e12a	155.0	5.0	0.8167054	0.8167054	0.040531088	0.01397828	0.00016396643	0.00092869723	0.0051090615	0.0003933393	0.00096995896	0.0025639578	0.0005007452	6.4879016e-05	0.00426172	0.02920505	0.0015420406	0.00016492087	0.00086397736	0.0011696322	0.0007969991	0.03173718	0.050926805	0.014880275	0.0024386493	0.001614521	0.0022102958	0.0062215845	0.038233414	0.0050103413	0.0014243387	0.0006254537	0.00036317072	0.0006400507	0.0019260873	0.0002481681	0.000167446	0.004196774	0.0039526992	0.004000911	0.000986895	0.001183122	0.0018265644	0.001183122	0.00413882	0.010733983	0.007483375	0.0017112519	0.0009246054	0.0006618094	0.012890295	0.007700492	0.0028041757	0.019147974	0.00015330387	0.01200304	0.00083432	0.0018545188	0.00010243329	0.0051209466	0.0005132031	0.0008731264	0.00065968884	0.0003424354	0.03307641	0.0010403249	0.0041705514	0.009495754	0.00068131066	0.014351336	0.0041843676	0.0001447711	0.044452127	-25.13735008239746
s07e12a	160.0	5.0	0.83670634	0.83670634	0.113461524	0.014799793	0.0003479699	0.0088124415	0.24707429	0.0020607372	0.0028079492	0.00075338624	0.0008766008	0.000627496	0.0011389018	0.0032700049	0.0034922643	0.00028331284	0.0014283076	0.00058796484	0.004644347	0.034565557	0.02982915	0.02982915	0.001975603	0.001624162	0.0007426073	0.0029429412	0.06025791	0.010521449	0.004894274	0.001456538	0.00048014987	0.0012820153	0.0035307168	0.00043792243	0.00045576706	0.001560161	0.0013329014	0.00070148247	0.0024441343	0.0016444245	0.0003608163	0.0024441343	0.0011400948	0.0062528336	0.0062494334	0.0014632054	0.00078486267	0.0014930007	0.0070730587	0.0019076039	0.0026323162	0.0049456526	0.00022514784	0.00051059946	0.0014719021	0.010148377	0.00018763257	0.0015669336	0.00042037942	0.0011928651	0.00025047985	0.00021353156	0.0037704685	0.00091631635	0.0009139473	0.0034638217	0.0010086366	0.004498858	0.005753824	0.00014182551	0.005753824	-23.099777221679688
s07e12a	165.0	5.0	0.71489346	0.71489346	0.04645804	0.16478704	0.00020980986	0.0019944943	0.0011724393	0.0018152999	0.0039112293	0.00062471133	0.0005407131	0.00015334511	0.0011669975	0.0076143146	0.0017020442	6.5562344e-05	0.00060289	0.0016751088	0.0004828571	0.008602395	0.018248506	0.008228483	0.0016854753	0.0024340323	0.0022523864	0.0024340323	0.18243822	0.0058071082	0.00092578173	0.00071263476	0.0007504105	0.00073642674	0.0034613605	0.00091433746	0.0012790004	0.0082062	0.0061443704	0.0055747284	0.0017349106	0.0063798516	0.0039443914	0.0063798516	0.0015922218	0.032502286	0.04528406	0.001267644	0.0015726449	0.0011684657	0.013270528	0.00067964563	0.007995979	0.0014271757	0.0010500331	0.0012316316	0.0019078683	0.038621463	0.0005198779	0.0012720792	0.00019054771	0.0010705777	0.010829773	0.0009978389	0.0062008044	0.001339232	0.015778769	0.0005406979	0.00026573983	0.004005426	0.0030488276	0.0001725008	0.015778769	-22.42650604248047
s07e12a	170.0	5.0	0.8340347	0.8340347	0.021025017	0.22021489	0.00030923536	0.0009082776	0.00077952654	0.0020578464	0.001272656	0.0017944453	0.00035735863	7.823202e-05	0.002989298	0.004536868	0.0011948347	0.00012367363	0.000526669	0.002242676	0.00026718818	0.0042712246	0.0053877733	0.0031537558	0.0010336274	0.0016703536	0.000794836	0.0016703536	0.086896494	0.004541936	0.0008820981	0.000680979	0.0005491059	0.0007328912	0.004148178	0.0005281528	0.0004827241	0.0044508255	0.0040723206	0.0040171673	0.001395814	0.0045671696	0.0015250384	0.0045671696	0.0012217701	0.012054484	0.02994414	0.001348971	0.0008358131	0.0009035858	0.0066286363	0.0008413434	0.0059669768	0.0017507374	0.0006779252	0.0030964406	0.001153526	0.0075301556	0.0009375616	0.0066398545	9.8871176e-05	0.0009926108	0.0015496447	0.00035139988	0.0032689685	0.0024040525	0.0030674667	0.00073315774	0.0014618866	0.008851563	0.002449855	0.00018251847	0.0072577666	-23.11236953735352
s07e12a	175.0	5.0	0.783641	0.783641	0.1833816	0.016447682	0.00028628524	0.0021722647	0.0802732	0.0008999801	0.00073804514	0.001955574	0.0003356799	0.00041590352	0.001142035	0.0029443856	0.0008013178	0.00083569845	0.0019017725	0.0005881871	0.0008345302	0.019225977	0.0157482	0.011956929	0.0013606546	0.0054496313	0.0006718212	0.0054496313	0.0120576415	0.0017644857	0.0013104567	0.00025501274	0.00019776703	0.00020775825	0.0010968392	0.00031501226	0.00010546496	0.0064358977	0.0064358977	0.001840038	0.0012960667	0.0046591326	0.0007660672	0.0046591326	0.0014934046	0.004451295	0.011503214	0.0029653087	0.0011421649	0.0007869487	0.007530359	0.009083763	0.0018169148	0.0064578	0.00019702058	0.0013558503	0.0011910071	0.0010493796	4.4525947e-05	0.0010430188	0.0018112556	0.001239878	0.0004355085	0.00024993927	0.0029530749	0.0008175296	0.001080504	0.0056605632	0.0010125764	0.0050808517	0.002332365	0.0003802924	0.017838927	-24.780237197875977
s07e12a	180.0	5.0	0.7262815	0.7262815	0.03598641	0.0057805865	0.00081920467	0.004811198	0.032197095	0.001685724	0.0017356481	0.0021281182	0.00068718084	0.0021203756	0.0024372046	0.0023477895	0.00054048223	0.0004838216	0.0010407805	0.00044582464	0.0018450667	0.07975846	0.07005365	0.07005365	0.005952082	0.022412492	0.0038069799	0.022412492	0.05110916	0.004953203	0.0017689377	0.0012195365	0.00047795317	0.0011280801	0.0017694015	0.0005773547	0.001451068	0.012579161	0.012579161	0.004988893	0.014616399	0.03175809	0.0013686715	0.03175809	0.002869035	0.021610593	0.06298671	0.033682067	0.008709466	0.009585104	0.039438557	0.003813635	0.0031230932	0.0016162266	0.00095801114	0.00031443706	0.00097370613	0.0028449108	0.00022274678	0.0011746578	0.0003699917	0.009517873	0.0015593175	0.0016840525	0.0024712852	0.0006068494	0.001881602	0.0037109142	0.0016201455	0.01086913	0.001199216	0.00025542348	0.010210982	-24.151168823242188
s07e12a	185.0	5.0	0.7968739	0.7968739	0.013629371	0.0029394706	0.00015155827	0.0014903239	0.037040647	0.00037371012	0.00054167124	0.0016073227	0.00028880793	0.00040099202	0.0005779804	0.007627181	0.0010048336	0.00051158696	0.0009863043	0.00243618	0.0010488009	0.053586062	0.1008823	0.021317048	0.0022960815	0.020406429	0.0027122484	0.020406429	0.0627196	0.0040609706	0.0015110594	0.0005540462	0.00049549347	0.0005206123	0.0027513013	0.0005489604	0.00044711892	0.0070109456	0.0070109456	0.0011248571	0.006361159	0.0047096666	0.000458468	0.006361159	0.0025591017	0.021387858	0.024710648	0.004091278	0.005167165	0.0010939956	0.016633788	0.004563676	0.0042821085	0.0033888684	3.6469253e-05	0.00040278924	0.0016017344	0.00086695765	4.2545507e-05	0.00034146218	0.00019315332	0.0034589448	0.00032901025	0.00072256086	0.0014652105	0.0005910404	0.0026853953	0.0017648796	0.0007762916	0.0069605745	0.00069759844	8.756326e-05	0.008647182	-25.90475273132324
s07e12a	190.0	5.0	0.84878	0.84878	0.10191723	0.028751174	0.0006249237	0.0027996807	0.08666705	0.0021814622	0.0010860106	0.001909276	0.00018441124	8.308438e-05	0.002192004	0.011089085	0.003321528	0.000332965	0.0021932996	0.00046016838	0.0014009344	0.23474947	0.009222162	0.009222162	0.0024523945	0.0012029209	0.0008334927	0.0017775384	0.033147387	0.0036747851	0.0022496125	0.0003592104	0.00018374252	0.0005617239	0.0019247805	0.00039024267	0.00042950764	0.005430187	0.004804458	0.0012846121	0.0021691136	0.0065430263	0.00063296524	0.006938277	0.0025211736	0.012186484	0.01601887	0.008129575	0.0010254297	0.0009033319	0.006459315	0.00794133	0.003290112	0.004646351	0.00021338665	0.0010388428	0.0010958205	0.0011789112	0.00011728202	0.006172984	0.0018985774	0.0011171375	0.00022509096	0.00019769765	0.0022244165	0.0016542303	0.003291651	0.0028525707	0.0032807244	0.015385519	0.0053520063	0.0003807939	0.0070065847	-25.667919158935547
s07e12a	195.0	5.0	0.80878735	0.80878735	0.079311095	0.012037181	0.0004884094	0.0012873117	0.06799427	0.0014484002	0.00079745	0.0013202457	0.00028535494	0.00030237174	0.005321304	0.000776908	0.0009633198	0.0011295903	0.0005183101	0.00032991896	0.0005748155	0.041896235	0.0018769267	0.0018769267	0.0012711023	0.0032317946	0.00062055036	0.0044585466	0.024664002	0.0030118192	0.001386089	0.000444226	0.00027843047	0.00046196085	0.0015660059	0.00020980166	0.00047387552	0.01617613	0.01617613	0.008796337	0.014136695	0.046015646	0.0019500906	0.046015646	0.0020675224	0.016620886	0.06605122	0.03132394	0.0023150844	0.005361035	0.011860484	0.0032339585	0.003755073	0.0011985154	0.00020580714	0.00018653	0.00071379024	0.0023183688	0.00019066969	0.001545952	0.00058706664	0.00277409	0.0008659063	0.00018063858	0.0037043514	0.0007271573	0.0022947297	0.0014527978	0.0012646061	0.00212043	0.000768159	0.00033001174	0.004482859	-22.196971893310547
s07e12a	200.0	5.0	0.6029571	0.6029571	0.015148673	0.0072750347	0.0002849436	0.0035076342	0.31865716	0.0007678088	0.002569686	0.0017214105	9.5048315e-05	0.00050274003	0.0011599157	0.0023968061	0.0016493605	0.0013587077	0.0023828095	0.00024404148	0.0074499454	0.28685173	0.0072600003	0.0072600003	0.0019359732	0.0048628557	0.00070659374	0.0048628557	0.08068219	0.012555132	0.0043886537	0.0011876961	0.00039456022	0.0016216541	0.0044526053	0.0013094073	0.00078618166	0.0014096554	0.0014096554	0.00073159783	0.0029157193	0.0019157587	0.0004060589	0.0029157193	0.0008699383	0.00728268	0.0052196993	0.0013196837	0.001989883	0.0013627685	0.0068776156	0.0020736568	0.0020326336	0.0036165183	0.00021168342	0.00031250258	0.000969104	0.0010644008	8.614749e-05	0.00040230187	0.0004941162	0.0014065357	0.00025908364	0.00043242078	0.0015847659	0.00044851928	0.0019312331	0.003508561	0.0009315295	0.0026717884	0.0019254239	0.0003463992	0.003508561	-23.460670471191406
s07e12a	205.0	5.0	0.81513244	0.81513244	0.04989901	0.0055592703	0.000106841195	0.004978281	0.13961144	0.00060440484	0.0014759942	0.001404956	7.919549e-05	0.0005225766	0.0010362451	0.007045267	0.00085838477	0.0007639112	0.004347254	0.0013709225	0.01077077	0.040400278	0.02662333	0.0042803357	0.0017987553	0.016311765	0.0012223107	0.016311765	0.03178163	0.009085325	0.0062774504	0.0010944022	0.00060507405	0.0011215546	0.0042432975	0.00049886433	0.0005199939	0.0060981056	0.0060981056	0.0025238357	0.011758423	0.0075131305	0.0006591298	0.011758423	0.0015096413	0.021365574	0.02223969	0.004947002	0.0013978493	0.0012448315	0.0046663163	0.0049750274	0.006283968	0.0034530542	0.00011870848	0.00082140934	0.0021755458	0.00040759976	4.2232914e-05	0.00016320181	0.0006752718	0.0038286645	0.00022433016	0.00035259553	0.0014051849	0.00038596903	0.001341084	0.004074253	0.00058094325	0.0077075777	0.0009204505	0.00014449004	0.0076019973	-22.431886672973636
s07e12a	210.0	5.0	0.7695598	0.7695598	0.067532696	0.026440699	0.00011895245	0.0038836834	0.010466231	0.0005242769	0.0036423358	0.0017756661	0.00030998688	0.00032646128	0.0017144219	0.05278567	0.0014190746	0.00011872115	0.008042247	0.00027993406	0.026842935	0.06532993	0.020641347	0.009559006	0.0018599667	0.0067993025	0.00093925546	0.0067993025	0.08030921	0.011059177	0.003776915	0.0007993593	0.0004969076	0.00064855895	0.0126462225	0.00038640088	0.00052014505	0.0016894081	0.0011700117	0.0011205054	0.000818403	0.00067108625	0.0003178198	0.000818403	0.0021151176	0.004861628	0.0062918817	0.00055308326	0.0008677164	0.0014164317	0.0015004791	0.00216546	0.0017221719	0.019778354	0.0008532887	0.019103238	0.001299076	0.001768589	0.0009307053	0.0004967007	0.00060023484	0.0018856038	0.0017574589	0.0005082442	0.0025296453	0.0014472123	0.0011075531	0.007483573	0.00068600307	0.036286354	0.003994	0.00021322496	0.13502036	-21.99629592895508
s07e12a	215.0	5.0	0.7316681	0.7316681	0.2889748	0.04211386	0.00025270059	0.044935666	0.10056869	0.003002421	0.0029765293	0.0009769575	0.00010145351	0.0002840764	0.0001590356	0.009832529	0.00049521204	0.00016568026	0.002281662	0.000265045	0.03826132	0.11145121	0.0025616237	0.0017616316	0.0025616237	0.0031728563	0.0009822184	0.0031728563	0.0165254	0.0037480781	0.0018812428	0.000922211	0.00043516717	0.0006173425	0.0030111005	0.0003235938	0.00041442772	0.0011085443	0.0011085443	0.00036913168	0.0008155657	0.0012521234	0.00010670547	0.0015053207	0.00064735964	0.003517726	0.00786407	0.0027290639	0.0014924578	0.0022672627	0.003667174	0.00040121877	0.0008994777	0.0069603273	0.00038672995	0.002115677	0.002806358	0.0009463536	0.00013093937	0.00031102952	0.0005072385	0.0014654282	0.00086583407	0.00026756854	0.0010657451	0.0023602704	0.0009786624	0.0010020393	0.00018376092	0.008833567	0.0016159435	0.00013057093	0.025422199	-22.57875061035156
s07e12a	220.0	5.0	0.6169217	0.6169217	0.072077505	0.18460001	0.00027505663	0.003136638	0.0033161524	0.0019049285	0.0053117215	0.0007142737	0.00022957237	0.00024239504	0.0010377507	0.006205981	0.0007793595	6.525528e-05	0.0009119596	0.0031298285	0.0008947371	0.027299665	0.020991575	0.0033069865	0.0012314387	0.0019368053	0.0015452538	0.0019368053	0.13954864	0.00698423	0.0015332579	0.00037900842	0.00044832993	0.0005564852	0.004312511	0.0014666469	0.0012087593	0.005064708	0.004388643	0.0019996872	0.0012056098	0.003472413	0.0011587412	0.003472413	0.0015750636	0.026141373	0.03422009	0.0014287599	0.0008593074	0.0017078943	0.007905153	0.0011911688	0.005177934	0.002929104	0.0005448127	0.0024507572	0.0018008866	0.06998244	0.00030792534	0.0013035056	0.00022493178	0.0025618016	0.015619304	0.0004075038	0.00817977	0.00085771637	0.0064775543	0.0014165707	0.0003083763	0.004797559	0.0025158203	0.0001257462	0.00817977	-23.190326690673828
s07e12a	225.0	5.0	0.73554134	0.73554134	0.06036047	0.018367153	0.0024094128	0.008313805	0.015724678	0.0036669404	0.006929175	0.0034934878	0.0011007594	0.00013678256	0.0029732876	0.033234764	0.00055269065	0.00021348149	0.01268865	0.0004590286	0.036072683	0.07665575	0.0032987988	0.0032987988	0.0009898966	0.0021024535	0.00057787605	0.0021024535	0.09812261	0.023792569	0.01102569	0.00105582	0.0006893369	0.0007111063	0.01660286	0.0010817096	0.00037012118	0.0009999769	0.0009294239	0.00079464563	0.00048781993	0.000560512	0.0005053703	0.0005650449	0.002939461	0.0029227617	0.0044794087	0.0009476303	0.004155654	0.0011899894	0.002966444	0.0019343541	0.00044831965	0.056286193	0.0018389261	0.009789865	0.0011569946	0.002180518	0.00019858105	0.0003566689	0.00031538366	0.0024484186	0.003495339	0.00038468445	0.0011293064	0.002263998	0.017632632	0.02462392	0.0017088653	0.00246207	0.008322733	0.00016878691	0.051698707	-20.783071517944336
s07e12a	230.0	5.0	0.01782463	0.01782463	0.0002012886	0.00022540925	0.00029704458	0.00205712	0.00072332355	0.0001710397	0.012713817	0.0007020948	0.00012901892	0.00016239926	0.0010703692	0.004207681	0.00014781338	0.00023811839	0.00022086964	0.00061496295	0.00079129694	0.00047808507	0.0066902707	0.0022105826	0.0012797645	0.0039469586	0.004772719	0.004772719	0.8534591	0.10064823	0.10064823	0.00122904	0.00017966599	0.0019666532	0.0128449425	0.0011408465	0.017791286	0.0026520728	0.0026520728	0.002123715	0.0054864557	0.0052705985	0.00080202176	0.0054864557	0.00058015116	0.01360616	0.019348009	0.00036740195	0.000547544	0.00045281174	0.0027664509	0.008763264	0.0016844975	0.000618901	0.00017998165	0.0011090413	0.0004095593	0.0009425131	0.0002223114	0.00053087703	0.00034780023	0.00067001674	0.0006253944	0.0010031401	0.0022279846	0.0026869795	0.0030746288	0.0047305534	0.0011464865	0.006096181	0.0008344658	0.00019996599	0.020681085	-17.306291580200195
s07e12a	235.0	5.0	0.5221136	0.5221136	0.0043856706	0.0010150176	0.00032283267	0.0005916678	0.00044972144	0.0010652884	0.029281503	0.0014500342	0.0015348421	0.00064746453	0.0012285104	0.00029151677	0.007883373	0.0003039623	0.00020502214	0.00024271278	0.00024990807	0.00013968429	0.005862534	0.005862534	0.0038565814	0.0011002341	0.0032587722	0.0032587722	0.7777886	0.4237653	0.37993893	0.010773265	0.000456649	0.006210329	0.017951526	0.00079413503	0.0044600475	0.0015843577	0.00021545788	0.0015843577	0.00072805973	0.0006565496	0.0008162211	0.00072805973	0.0003138031	0.000905569	0.0007789317	0.00015666145	0.00048490663	4.2964813e-05	0.00066079904	0.0002494284	0.00013590747	0.00044365422	0.00075286656	0.0004116367	0.00040074898	0.0012914864	0.00018122705	0.000106612206	9.2611954e-05	0.0024328053	0.0029076957	0.00068809505	0.0008122045	0.00032765427	0.00012511374	0.00063970423	0.00033834451	0.001068033	0.0008698579	0.0002378792	0.0020348092	-22.428184509277344
s07e12a	240.0	5.0	0.8306131	0.8306131	0.24324335	0.013580477	0.0006953454	0.0033446182	0.44982755	0.0011890155	0.007667271	0.0013603728	0.0007853868	0.00048767484	0.0012892442	0.0010737139	0.0013937597	0.00248783	0.005046034	0.00014185703	0.01390049	0.027647821	0.008436822	0.0023895884	0.0035805542	0.005823379	0.0047458936	0.005823379	0.018129444	0.0061926027	0.0034036261	0.0014846588	0.00031590517	0.001090162	0.0019626447	0.00019002175	0.00029351554	0.0019476134	0.001130571	0.0015370139	0.0012350648	0.0019411591	0.0019364625	0.0020863276	0.00092284643	0.0061187115	0.013342599	0.0017705213	0.0024798315	0.00036873601	0.037885457	0.0008494747	0.0038280678	0.010010532	0.00034611564	0.0051686135	0.0014365079	0.0117254555	0.00016209156	0.00031432288	0.001000561	0.0013491482	0.0019239545	0.0018327065	0.0014221504	0.0008938254	0.0023148519	0.0071088504	0.0014603378	0.0012936556	0.0041136607	0.00037966567	0.011812669	-23.712862014770508
s07e12a	245.0	5.0	0.81997913	0.81997913	0.059647236	0.008505526	0.0002535269	0.00035990728	0.0008330112	0.000702727	0.0016219282	0.00087649224	0.00071369193	0.0008796041	0.014729071	0.0062817084	0.0006312639	0.00018180911	0.0005362179	0.0003794336	0.00022958156	0.003994163	0.0061558825	0.0061558825	0.0023951547	0.019167533	0.026814695	0.036820818	0.03966265	0.0076761977	0.003905992	0.00048239084	0.00018443023	0.000700411	0.0032421	0.00060184737	0.00031447934	0.0052937833	0.0021458482	0.0009874504	0.0012781967	0.0009996897	0.00026291853	0.0012781967	0.0011565231	0.00911377	0.009173449	0.0004911021	0.0009169766	0.00066121924	0.0020781513	0.0011373872	0.0014105788	0.0037522826	0.00024903775	0.002348194	0.0006784119	0.025174417	0.0001896713	0.008760654	0.00066453783	0.0010369522	0.005269748	0.00035183952	0.005221859	0.0038531355	0.0016983439	0.00063438626	0.00066751544	0.0078941425	0.0006705045	0.00036429873	0.006031984	-25.637725830078125
s07e12a	250.0	5.0	0.90822756	0.90822756	0.02437159	0.08214845	0.00052694924	0.0014287613	0.6744206	0.0067186407	0.0020056188	0.0034346634	0.000122022764	0.0006027406	0.012449003	0.0010369276	0.007398478	0.0040128883	0.001386555	0.0010571581	0.0008801662	0.021843987	0.0020043736	0.00063689373	0.0020043736	0.00061945803	0.00021917002	0.0009815323	0.024162738	0.003666068	0.0018561489	0.001201184	0.00025218385	0.0013474519	0.0010598707	0.00013204929	0.0003634951	0.00078069547	0.0007741083	0.0003031537	0.0018426005	0.0016272446	0.00011746614	0.0018426005	0.00058087433	0.0036769153	0.0040484006	0.00025960835	0.00036999417	0.00043018663	0.0025369206	0.00043857645	0.0041226274	0.0040448722	0.00067986915	0.0006518979	0.0009434475	0.011320151	0.00086382503	0.011255646	0.00026543773	0.001198855	0.0003469108	0.0003555547	0.0019464635	0.00052346574	0.00044908613	0.0038971414	0.001653088	0.0045865127	0.001839468	0.00017705247	0.0038971414	-25.462234497070312
s07e12a	255.0	5.0	0.9375689	0.9375689	0.006974557	0.26403275	0.00050591567	0.00023471762	0.0016763812	0.0012035834	0.001615456	0.002176719	6.586634e-05	0.00038100503	0.0076101613	0.0012638055	0.00022317108	8.034794e-05	0.0009833309	0.00022411019	0.00023855924	0.0009323775	0.0019648597	0.0008821948	0.00036827827	0.00093523617	0.0005323115	0.00093523617	0.061264817	0.0062121577	0.0018514831	0.0010485671	0.00033334325	0.0009406517	0.0015715903	0.0006435298	0.00039118144	0.0007695338	0.00020417373	0.00026738006	0.00024543243	0.00013634126	7.130727e-05	0.00024543243	0.00031167455	0.0011438619	0.0010021606	7.633426e-05	7.6370736e-05	0.00048447234	0.00073094975	0.00034636818	0.00062904507	0.0010397418	0.0017610228	0.001314749	0.0012295323	0.0034290727	0.0007526578	0.035287984	8.143922e-05	0.00037842212	0.0012042222	9.628752e-05	0.0026980743	0.0016899349	0.0004217445	0.0002568012	0.000737333	0.0065351278	0.0003729394	0.0002741981	0.0055040955	-24.32297706604004
s07e12a	260.0	5.0	0.7794007	0.7794007	0.114498824	0.013550786	0.000641879	0.00339938	0.28284386	0.01662815	0.0064182947	0.0010072864	0.0049798735	0.0005252721	0.018245649	0.0027842924	0.0077453647	0.0024349357	0.0007573344	0.0011052571	0.0020843807	0.010794324	0.01371919	0.0043581636	0.0031926243	0.003337424	0.000735221	0.004918222	0.02417486	0.0048242975	0.0020307929	0.000872065	0.00041420374	0.0008922971	0.00093100645	9.933425e-05	0.00020492266	0.0011477405	0.0011477405	0.0010421119	0.001560763	0.0015244975	0.0005037383	0.001560763	0.0015187481	0.00560692	0.010004144	0.00024450914	0.00056443823	0.00018705541	0.0036714904	0.0008651789	0.008387173	0.013111444	7.816602e-05	0.0033927553	0.0006887997	0.009470278	0.00022299244	0.0021201435	0.0015685159	0.00066906476	0.0008249603	0.00027009338	0.0030364406	0.0009939881	0.0008686748	0.011275872	0.0013577524	0.002348319	0.0012666784	0.00064562185	0.011275872	-25.442157745361328
s07e12a	265.0	5.0	0.21103543	0.21103543	0.0029270016	0.0017903919	0.019362612	0.0008844377	0.0026624606	0.0027156132	0.002505996	0.0060968804	0.0035260061	0.00024644798	0.0033210309	0.006451944	0.009187624	0.0008360528	0.00045083446	0.00014499186	0.00028828744	0.0011612324	0.02545117	0.02545117	0.008439815	0.0013625836	0.0025285254	0.0049476596	0.010086344	0.0021232935	0.000580092	0.00063962984	0.0001636166	0.0005093152	0.0005201339	0.00016771653	0.00015208217	0.0055151186	0.0026925462	0.0055151186	0.001882297	0.001306707	0.001623144	0.001882297	0.0038646043	0.0064895237	0.026897125	0.00052511616	0.00050927757	0.00039688192	0.0027848948	0.02054279	0.003224384	0.009213104	0.00012131182	0.0016392877	0.0007293212	0.00084668957	2.0148016e-05	0.01312006	0.027338665	0.00068295735	0.0006889796	0.00027891	0.11270718	0.0017966835	0.003987179	0.0019703917	0.00078133924	0.003280372	0.0014447942	0.0016608989	0.11270718	-30.973012924194336
s07e12a	270.0	5.0	0.81881875	0.81881875	0.015189755	0.010576076	0.00090856024	0.0004489631	0.0014027107	0.0011552833	0.0017956619	0.0017728893	0.0011014233	0.0011339573	0.020878347	0.0056134877	0.0012479139	0.00028469675	0.004855947	0.0012091312	0.00015043897	0.0018465301	0.02711544	0.010527517	0.0047164303	0.017788528	0.006340754	0.017788528	0.058036532	0.007817916	0.0020837798	0.0006071818	0.00053308683	0.0009424364	0.0028417541	0.0001965455	0.0003546018	0.004814932	0.0020208692	0.003664135	0.0029455533	0.000981979	0.00074159703	0.0029455533	0.0022620007	0.0050563123	0.002927983	0.00016495892	0.00041718569	0.00047995514	0.0008802732	0.0025541103	0.000769953	0.0057793176	0.00031078822	0.0038418137	0.0050681545	0.02007758	0.00049244886	0.019099273	0.00062528206	0.0012433159	0.010778637	0.0006344788	0.0066542993	0.0043042023	0.00062796054	0.0031836382	0.0014604937	0.009375724	0.0021290195	0.00042493118	0.034915045	-23.37447166442871
s07e12a	275.0	5.0	0.5632412	0.5632412	0.007336743	0.0061544823	0.0012447662	0.00017105226	0.0010488759	0.0007730095	0.0018456674	0.0039871396	0.0021436694	0.0006123281	0.001716944	0.0010461316	0.009031019	0.00045394446	0.00063099986	0.000374945	0.00029084965	0.00047864436	0.006568716	0.0060338685	0.0037336603	0.059298977	0.003925511	0.059298977	0.026596602	0.014071411	0.010092011	0.00055555406	0.0010402075	0.0010262027	0.0034574084	0.00027039897	0.0003841062	0.0005343836	0.0005141341	0.0002132018	0.00055648154	0.0001606325	0.00013639171	0.00055648154	0.00449639	0.0014816448	0.0012084881	8.0029226e-05	0.00033050482	0.00035583918	0.0005817278	0.00052933994	0.00062923576	0.00096953387	0.0004311214	0.00073570287	0.0076567098	0.020905249	0.0012259493	0.010886394	0.00048761725	0.001724496	0.044018187	0.00042552885	0.04081031	0.010557804	0.00070082565	0.0002962106	0.0018591832	0.003396848	0.002731663	0.00022469043	0.04081031	-23.673364639282227
s07e12a	280.0	5.0	0.8203705	0.8203705	0.02291498	0.017071245	0.0007558816	0.0040239533	0.2393854	0.0015698696	0.0021117337	0.0020501385	0.00042063894	0.0005273623	0.0011895756	0.002542355	0.010011094	0.00042340215	0.005295024	0.0013317943	0.004763801	0.04140713	0.0128011685	0.00089937745	0.0008559308	0.0042340113	0.00041073243	0.005619392	0.04610159	0.004853187	0.002561899	0.0007598607	0.00047477894	0.0007167394	0.0013368847	0.0003321242	0.000414139	0.0014966946	0.0014966946	0.0009590554	0.0050027925	0.0015241825	0.00019278128	0.0050027925	0.0058974223	0.011132244	0.015184277	0.00047425198	0.0003457761	0.0006199873	0.0011366772	0.0032688535	0.0083943615	0.008824979	0.00029735288	0.0008018219	0.00148041	0.007563402	0.0011499384	0.0054231663	0.000898663	0.0012231645	0.0008600893	0.00024878193	0.01394199	0.004379423	0.0005040543	0.0028351059	0.0019834472	0.012315927	0.002396268	0.00021645859	0.01394199	-24.11473846435547
s07e12a	285.0	5.0	0.94497913	0.94497913	0.03200864	0.071680784	0.0008875715	0.0017196399	0.33368173	0.003796132	0.001828225	0.004925777	0.0002937966	0.0007467445	0.015475804	0.0018033553	0.0053650592	0.0031832417	0.002344379	0.0010216857	0.0006623154	0.009863636	0.025640132	0.0023079342	0.001133609	0.00083797454	0.00025618615	0.00083797454	0.018852048	0.004455311	0.0029699819	0.0010571298	0.00017841482	0.0008360305	0.0012707852	0.00015067053	0.00016969901	0.0008556181	0.00051316275	0.0005339274	0.0011040037	0.0003396429	0.00015089555	0.0011040037	0.0010115458	0.001525148	0.0015097441	0.00019040206	0.00052046345	0.00023884304	0.0006860887	0.0008287438	0.0013125164	0.0053272536	0.00016954861	0.00106593	0.00083540706	0.005830384	0.00020395369	0.0010895832	0.00063012424	0.00038608568	0.00041401666	0.00061439554	0.0012134053	0.0006158703	0.00042707965	0.0025761018	0.00095089443	0.0034169445	0.0018003458	0.00015961807	0.0025761018	-25.97845458984375
s07e12a	290.0	5.0	0.21025933	0.21025933	0.0033675646	0.0008363445	0.001858527	0.0070431996	0.038979277	0.0031134025	0.024004249	0.0009948498	0.000684443	0.00022442173	0.00074173097	0.0017568825	0.0004358262	0.00034131587	0.0008337215	0.00046736345	0.010610571	0.005092367	0.005948855	0.0021040656	0.0040920377	0.011316928	0.006141479	0.011316928	0.64265823	0.086355306	0.062086154	0.0011846952	0.00051067636	0.0012597871	0.07746438	0.00021518789	0.0030010256	0.00075683807	0.00075683807	0.00060186465	0.0024886606	0.0018434233	0.00020883688	0.0024886606	0.00018457731	0.0050234133	0.015691603	0.00037948784	0.0013535357	0.00049731607	0.0060036555	0.001466256	0.0025599198	0.0016848592	0.0001487945	0.00074549986	0.00021785371	0.0019772828	0.0003186888	0.00020083234	0.00015678385	0.0007735055	0.0021355392	0.00034086418	0.0007385679	0.0007451494	0.0007696259	0.0045822477	0.00018747519	0.0018313775	0.0018455093	0.000219165	0.01366067	-19.67293930053711
s07e12a	295.0	5.0	0.0076373946	0.0076373946	0.0002219268	0.00027853667	0.000118409116	0.0011918214	0.00025768363	0.00015136576	0.006555611	0.00024602047	0.00031134873	0.0043170485	0.0002480387	0.0010022445	0.0008862835	5.0353658e-05	0.00017691172	0.0005660138	0.00044876477	0.00042490402	0.0012544941	0.0008830959	0.0012544941	0.0010451066	0.002355269	0.002355269	0.5620314	0.04028516	0.01861441	0.0007506844	0.00035268313	0.001953849	0.012341278	0.00086421124	0.010044419	0.00484105	0.004249233	0.0009110529	0.0021092803	0.0041116294	0.0007349387	0.0041116294	0.00081414246	0.010726709	0.039434828	0.0029824984	0.011289575	0.00087426393	0.0033507196	0.0024706528	0.0029705747	0.00051019253	0.00033027297	0.00019536859	0.001142615	0.0012111841	0.00032533563	0.00013301149	0.0009979459	0.10402373	0.00068713864	0.011000833	0.0017391804	0.0011394325	0.0012949957	0.0009878192	0.0013891225	0.0016408789	0.023521207	0.0015282285	0.023521207	-20.747364044189453
s07e12a	300.0	5.0	0.7817524	0.7817524	0.004639366	0.0071860035	0.00026000864	0.00041675087	0.0008919851	0.00046046654	0.001792027	0.0016380193	0.00014395097	0.02411693	0.00078370573	0.00937285	0.003364183	7.4954005e-05	0.000378174	0.00029004854	0.00061599916	0.0009096174	0.015243153	0.007470328	0.0026855872	0.0020725736	0.0013732591	0.003392075	0.032535817	0.0026338475	0.00042229248	0.000308651	0.0002828303	0.0002963298	0.001082341	0.00038579927	0.0005718297	0.0028671857	0.0025492823	0.0016767364	0.001248622	0.00089940784	0.0005221452	0.001248622	0.0037253313	0.0062051755	0.0038807844	0.00020384793	0.0026258992	0.00017733224	0.0024415941	0.0012112337	0.00048676739	0.0012433988	0.00017652349	0.00034193302	0.00058264507	0.0030971796	0.00022611355	0.0060291747	0.0003147049	0.33466935	0.0016031426	0.05127897	0.0007446379	0.00032550006	0.0011116205	0.00029876546	0.001140412	0.0048958063	0.057810362	0.0021901452	0.057810362	-29.836715698242188
s07e12a	305.0	5.0	0.8031534	0.8031534	0.013194891	0.008186787	0.000924257	0.0060036015	0.17726782	0.00085387315	0.0016684049	0.0013224701	0.0009395222	0.0020764868	0.0006275633	0.0021902712	0.006787514	0.0007354379	0.0013113674	0.00012342565	0.0061703753	0.037406135	0.0057651834	0.0057651834	0.0022940845	0.00075063435	0.000478104	0.0018024028	0.065762244	0.0067807576	0.0013734578	0.00061130826	0.00018900512	0.00055705704	0.0012017711	0.00048509476	0.00040244573	0.0021561198	0.0021561198	0.0004606509	0.0035354828	0.0047156494	0.00014428876	0.0047156494	0.0016051473	0.015981534	0.009747954	0.0015348464	0.0035188575	0.0004858683	0.0019085448	0.0031849549	0.0021268365	0.002035953	0.00022620414	0.00023861541	0.0007393527	0.00517804	0.00012327015	0.008877227	0.0005195732	0.2136443	0.00030835805	0.0041396315	0.00211117	0.0005550214	0.0015071104	0.00712151	0.0018157734	0.00522282	0.016175091	0.0010637438	0.016175091	-27.395404815673828
s07e12a	310.0	5.0	0.64490813	0.64490813	0.002242454	0.007807595	0.00034528362	0.00091367733	0.0018106418	0.0024283414	0.0031702255	0.003883827	0.00029998648	0.0024270052	0.0010638959	0.019960605	0.008578795	0.00031764805	0.0007310218	0.00017655717	0.00033542814	0.00057870336	0.010323221	0.0062589343	0.0048332205	0.002115917	0.0015706045	0.002115917	0.01577523	0.0022311457	0.0005508746	0.00026726793	0.00014927909	0.0002589335	0.0009975344	0.00058901624	0.00055690494	0.004741112	0.0022491554	0.00051329384	0.00077521964	0.0010420971	0.00018952505	0.0010420971	0.007034374	0.0028469164	0.0013972556	0.00018483725	0.0016897764	0.00018348586	0.0009320359	0.0011666913	0.0004254007	0.0019382078	0.00050235324	0.00079240854	0.0014104263	0.0012481398	0.00030245678	0.054665454	0.0002848059	0.4096621	0.0015982335	0.0036502262	0.0025695919	0.00045628787	0.0044062207	0.0006969473	0.0010416603	0.013014352	0.096939385	0.009612815	0.096939385	-28.68388938903809
s07e12a	315.0	5.0	0.3853475	0.3853475	0.0058911666	0.0020309058	0.0002398892	0.0017434583	0.11026431	0.00200654	0.002083641	0.00041806314	0.00033392568	0.0019124318	0.0040722066	0.0014956802	0.0021758252	0.00034386764	0.000837963	0.00023640231	0.00039145528	0.012140672	0.00984709	0.0046442985	0.0030511417	0.0014186571	0.00035950984	0.010250372	0.023319636	0.0029117437	0.0010286705	0.00019665236	0.00020935344	0.00052877696	0.0006628768	9.6454045e-05	0.0001894871	0.0014432225	0.0012582426	0.00050367776	0.00090653764	0.0010427545	0.00016555346	0.0010427545	0.0020675194	0.0073082484	0.015798872	0.0007558543	0.0021376172	0.0003358134	0.001687112	0.0023224354	0.006473691	0.002489191	8.175256e-05	0.00019644134	0.002255965	0.001844488	2.5876658e-05	0.0016861823	0.0011453786	0.123143524	0.00032921857	0.0064227968	0.0026230896	0.0002709316	0.00063159916	0.0041960073	0.00071894214	0.0033376636	0.02234646	0.00032255548	0.02234646	-32.5400505065918
s07e12a	320.0	5.0	0.019424316	0.019424316	0.00024436906	0.00017992794	0.00013040744	0.00041632063	0.00057969044	0.00090450194	0.00091318216	0.0005591065	0.0003059355	0.0006551854	0.0017907984	0.030947575	0.00091705867	0.00012567057	0.0002591506	0.0003466427	0.00041284022	0.0004025856	0.020441918	0.0047644884	0.002341628	0.002336256	0.0013750925	0.0051703695	0.024476102	0.0023118542	0.00059556286	0.00017814165	8.100502e-05	0.00021846419	0.0015989009	0.00076271535	0.00022489426	0.00843758	0.0073487964	0.0038818317	0.0018552745	0.001461398	0.0018416676	0.0018552745	0.009684127	0.008403841	0.021381536	0.00043972745	0.030459095	0.0006263688	0.0024993038	0.017490864	0.0030441324	0.028968373	0.0003596826	0.0010059505	0.0015115322	0.0007287112	0.00037419086	0.0014136253	0.010539698	0.22045273	0.00038121815	0.0032276409	0.005328577	0.0011089214	0.0038681857	0.0055148206	0.0019358728	0.0018714543	0.06290693	0.005284814	0.06290693	-35.463768005371094
s07e12a	325.0	5.0	0.14952427	0.14952427	0.002759754	0.0019370771	0.00020315811	0.00077543355	0.09751941	0.0013335814	0.0014052102	0.00049603265	5.247818e-05	0.0003874135	0.0016651596	0.00059563696	0.002993553	0.0006001307	0.00050401397	0.00082010485	0.00040131365	0.026942465	0.029109268	0.0008397211	0.001733202	0.0051208953	0.0002751175	0.03367009	0.019495444	0.0019006451	0.0015350394	0.0008576624	0.00046120054	0.0009457055	0.0011066045	0.0003263642	0.00038203126	0.0021441285	0.0021441285	0.001028937	0.0010636441	0.0023257036	0.00017284954	0.0023257036	0.0010896543	0.013289235	0.011939129	5.7398433e-05	0.00026536663	0.00028374942	0.0035856583	0.0017895765	0.048369937	0.022038357	0.0005978411	0.0020393701	0.0015518493	0.0014462685	0.0004471528	0.0004697478	0.002198323	0.0004751921	0.0005513847	0.00052333926	0.046034142	0.0020478794	0.0007798769	0.0023712125	0.0007014177	0.0021710405	0.00037681477	0.0016449082	0.046034142	-28.260543823242188
s07e12a	330.0	5.0	0.07476929	0.07476929	0.00012963689	0.0003702542	0.0001280238	0.0004207779	0.0005857414	0.0010746609	0.00034100914	0.0005349671	0.00025272203	0.0020953792	0.00093342277	0.016918117	0.007207621	0.00034733204	0.00054224103	0.00013910636	0.00021330794	0.000106134445	0.005751795	0.004090732	0.004455426	0.0041130553	0.0014854125	0.0041130553	0.044616472	0.005392334	0.00061701896	0.0002683508	7.93432e-05	0.00046484338	0.00072960445	0.00040165734	0.000337453	0.0030985433	0.0015991766	0.0006833083	0.001195512	0.00057128305	0.000470865	0.001195512	0.011236092	0.0038104842	0.006151858	0.00016541207	0.009076803	0.00053822977	0.003106884	0.0037272784	0.0011187707	0.0067594955	0.00021683164	0.00072485267	0.006947166	0.0020722402	0.0005453499	0.0011808133	0.007324193	0.2774169	0.025276465	0.014079848	0.014114124	0.001413097	0.0278998	0.0009503659	0.0013720368	0.0110340165	0.22496651	0.009746744	0.22496651	-32.95686340332031
s07e12a	335.0	5.0	0.73339146	0.73339146	0.016366974	0.003441875	0.00019605305	0.0025959748	0.061013363	0.00072580314	0.0010200158	0.0009753468	0.00067206006	0.00029300275	0.0019333168	0.006704527	0.0013550034	0.00055003987	0.00073009933	0.001035252	0.0012274309	0.3005136	0.014023992	0.00791125	0.014023992	0.0033803727	0.0010963232	0.0033803727	0.07926738	0.006930087	0.003742964	0.0010856268	0.00060155033	0.0013195003	0.0060908557	0.0005427842	0.00069509394	0.009884157	0.009884157	0.0022485328	0.011447155	0.017322605	0.0008715064	0.017322605	0.0065003363	0.06429064	0.017223379	0.0026666678	0.0016594524	0.000667365	0.024498997	0.0035844592	0.005087021	0.0053922525	7.753981e-05	0.0003112692	0.0008297552	0.002395982	8.838893e-05	0.0018298695	0.0003934865	0.0010582397	0.00060116005	0.0011185809	0.0039711418	0.0003483395	0.0054304316	0.0033320277	0.0010346352	0.017306581	0.0006036018	0.00060576096	0.006546074	-32.82548141479492
s07e12a	340.0	5.0	0.042701446	0.042701446	0.0005705563	0.0008273263	0.00033868678	0.00022775886	0.00038857586	0.0001611873	0.0011888563	0.0014675816	3.2158092e-05	0.0001784024	0.002433113	0.0028327652	0.009505317	0.00045340977	0.004194834	0.00011514432	0.00025587124	0.00029657004	0.075066775	0.075066775	0.0016888195	0.0017166237	0.00076933554	0.0040548234	0.009093008	0.0034107475	0.0016585663	0.0008308763	0.00016035978	0.0009786544	0.00076056627	0.00032282868	0.00017091498	0.00094857696	0.00094857696	0.00024026116	0.00038894167	0.00022765314	0.00011804802	0.00038894167	0.0077597434	0.0015675812	0.0031484147	0.00015699823	0.00058911025	0.0003470269	0.0014401336	0.0068053426	0.0022794139	0.0073997453	0.00072095	0.0019346229	0.00665435	0.00066193996	0.00033207485	0.0016203807	0.023127489	0.0008115941	0.0014548246	0.0002669613	0.017359136	0.011059485	0.003631871	0.0031003382	0.010743125	0.028998878	0.0072432077	0.0018414467	0.11308455	-33.086334228515625
s07e12a	345.0	5.0	0.2535242	0.2535242	0.003318473	0.001255927	0.00019026324	0.00087173557	0.037066914	0.0025234073	0.0019859315	0.00068084203	0.00037121394	0.0011649628	0.001371987	0.0034212226	0.0026540617	0.00045494732	0.0009405517	0.00142366	0.0031263686	0.0041867006	0.011148355	0.0040951073	0.0017662839	0.012678486	0.0035193039	0.013578783	0.043915547	0.00831206	0.0020195942	0.0004827639	0.00013054605	0.00037013067	0.0013293606	0.0007503097	0.00033447242	0.012728603	0.012728603	0.0035005033	0.013413411	0.018202644	0.00167793	0.018202644	0.0012609246	0.034455087	0.021742983	0.0028046719	0.002893081	0.0007310086	0.007147562	0.0020872888	0.0032527759	0.0037423524	0.0014865361	0.00019414094	0.00059443916	0.000838813	0.00013425478	0.0010973152	0.0009303307	0.18452469	0.0003492173	0.002925965	0.00182998	0.00029365518	0.0005694542	0.0028505425	0.001162617	0.007482256	0.03315236	0.0018211077	0.03315236	-28.06534194946289
s07e12a	350.0	5.0	0.80154425	0.80154425	0.003932276	0.0325025	0.04913248	0.005354408	0.063986234	0.01062606	0.009627863	0.09146361	0.00078891777	0.004871579	0.0013376729	0.00082732865	0.001814203	0.00066897704	0.010103884	0.00011726212	0.00031361825	0.00086737	0.009471472	0.0044644913	0.00044061508	0.00048551295	0.0034036832	0.0034036832	0.16333878	0.006939387	0.00078098825	0.0015694795	0.00051623245	0.0013646971	0.0011624265	0.0014823441	0.003425231	0.0011308613	0.00035668438	0.0011308613	0.00078146777	0.0005132471	0.0004585371	0.00078146777	0.00042108647	0.0010948239	0.00527567	0.00020104289	0.0016529039	0.00034142568	0.0022603977	0.0006555857	0.0014828587	0.0010648075	0.0004855449	0.00049500907	0.0006271244	0.003901225	0.0005954831	0.001136746	0.0008410052	0.04536651	0.021190654	0.021613164	0.002286501	0.00044391528	0.00034488246	0.00054136803	0.0004159158	0.0015467745	0.002386661	0.00052446313	0.0032684775	-22.087722778320312
s07e12a	355.0	5.0	0.80959445	0.80959445	0.0051316563	0.007390047	0.00022507594	0.003046469	0.033530943	0.001270182	0.0038305072	0.009764299	0.0007214318	0.00037976506	0.00037973048	0.005049583	0.00044166172	0.0008000413	0.0056673842	0.00018572093	0.005063843	0.004810093	0.020127185	0.020127185	0.0006598815	0.0062456233	0.00083870837	0.0062456233	0.53671354	0.007136394	0.0036067974	0.00020460463	0.00012449763	0.0003466045	0.0061805593	0.00017870171	0.0011092975	0.0021895147	0.0018855141	0.0014446615	0.0017533437	0.0016847469	0.0005236741	0.0017533437	0.0013448712	0.0037961507	0.009695914	0.0003703435	0.00038504347	0.00019671085	0.0052662147	0.0049060434	0.001814595	0.011630702	0.000271732	0.012677031	0.0010335388	0.00042607216	0.0007288932	0.00095585216	6.7357774e-05	0.00038991746	0.000106528365	0.0005791956	0.0014189726	0.00045151525	0.01339179	0.014946103	0.00081730954	0.018900337	0.003769276	0.0001659435	0.1556649	-20.146018981933597
s07e12a	360.0	5.0	0.6793764	0.6793764	0.007342955	0.000950226	0.00035782414	0.0074098012	0.0016940563	0.0004548758	0.012004002	0.004670411	0.00093429827	0.00020075728	0.00036988236	0.0024208792	0.00034442407	2.1394371e-05	0.013112012	0.00017501146	0.008978515	0.031907383	0.0018734559	0.0016300458	0.0009816726	0.0014530517	0.00067601743	0.0014530517	0.15751337	0.017966563	0.0030060515	0.00028455674	0.00053780514	0.00048411966	0.018357854	0.00045543787	0.000659802	0.0011911336	0.0011911336	0.00017401905	0.00023968733	0.0003021873	0.00019346112	0.0003021873	0.0007711047	0.0014610931	0.0027140277	8.892527e-05	0.000112022084	0.0003337866	0.0013382222	0.0001799832	0.0006753445	0.005885366	0.00021323308	0.04767823	0.00046044568	8.256996e-05	0.000101745514	9.1151844e-05	1.715245e-05	0.00054387	0.00037881915	0.00042146377	0.00020335367	0.0068788044	0.025821937	0.29376647	0.00063918077	0.08763255	0.00052259455	0.000324589	0.29376647	-21.828510284423828
s07e12a	365.0	5.0	0.8102392	0.8102392	0.03818688	0.011834715	0.00033450077	0.0029521075	0.12662089	0.00033637605	0.00095554435	0.0020093676	0.000388196	0.00017288646	0.0006399628	0.009952959	0.0012437655	0.00040271782	0.0022924314	0.0009979246	0.0045761312	0.013483933	0.0040733204	0.0027782416	0.0009818559	0.0019758455	0.00047502157	0.0019758455	0.06034664	0.0055879666	0.0018995627	0.00029354435	0.00045438914	0.00040528353	0.0075083068	0.00035065314	0.0006527154	0.0032126936	0.0032126936	0.0010320452	0.0011871035	0.0012616058	0.00030524822	0.0012616058	0.0029176357	0.0039818897	0.011742094	0.0012796901	0.0012795	0.0011748475	0.003211243	0.0029961986	0.0055334615	0.052808035	0.00022564556	0.005428205	0.0017036459	0.0010422535	0.00037736766	0.0029267457	0.00039273064	0.0013075492	0.0002501505	0.00015760839	0.0029149766	0.0014910692	0.015481974	0.01084565	0.0007042764	0.07943149	0.0049292394	0.000111624344	0.41329366	-25.121246337890625
s07e12a	370.0	5.0	0.76130927	0.76130927	0.015245586	0.0072406125	0.00047448828	0.00042795137	0.0024021994	0.00053959945	0.0009668754	0.0025439346	0.0002520639	0.000113564834	0.0059516532	0.026392104	0.0009785206	0.00025195602	0.0013020867	0.0004925008	0.00028892414	0.003565569	0.016680887	0.005685433	0.0011684218	0.001791912	0.0010345648	0.0040119165	0.03559582	0.0036069208	0.0018491053	0.00043111996	0.00032929832	0.00039296655	0.00345226	0.00047522737	0.00025695204	0.006037885	0.006037885	0.002043989	0.00070131937	0.0016085246	0.0013020984	0.0016085246	0.009944584	0.012977702	0.018211173	0.0013543688	0.0026762418	0.0009672781	0.006103237	0.009542763	0.0022748173	0.09877096	0.00073378294	0.027037937	0.0029102708	0.0031952974	0.0004714116	0.005281499	0.0011890783	0.0013241192	0.0029165014	0.000402628	0.013415721	0.004288829	0.00666108	0.009914119	0.0017525544	0.006957569	0.0038887758	0.0003014567	0.042453755	-23.893569946289062
s07e12a	375.0	5.0	0.87902594	0.87902594	0.05585205	0.024080785	0.005808444	0.0141015025	0.05961361	0.017707024	0.0034140816	0.050903775	0.00042188083	0.00034763102	0.00037102393	0.007391691	0.0024518708	0.0011736691	0.005205403	0.00020140973	0.0054873433	0.18940921	0.012868563	0.006914622	0.004052894	0.0007354344	0.0006867874	0.0016877443	0.0150030805	0.003463771	0.00175359	0.0003268375	0.0001156076	0.00038046896	0.00095581746	0.0005335082	0.00032029918	0.0007194219	0.0007194219	0.00042953223	0.0009748399	0.00048662495	0.00017410601	0.0009748399	0.0009240844	0.0018197146	0.004177141	0.0005346465	0.00091684295	0.00030845247	0.0039855605	0.0065433243	0.0011634157	0.009716402	0.00055587	0.00102576	0.0005208217	0.0009909015	5.156574e-05	0.00075238396	0.00091792113	0.0018557284	0.00060854125	0.00019134425	0.0028612209	0.0006233194	0.0010053598	0.0056296648	0.0017961415	0.003175791	0.006898978	0.00032144177	0.006898978	-22.055370330810547
s07e12a	380.0	5.0	0.7573982	0.7573982	0.024251956	0.021877008	0.0026961584	0.008192229	0.046815667	0.0057719736	0.024816398	0.061565183	0.0003098557	0.00070600916	0.00075722404	0.006787449	0.0013549441	0.0002625946	0.019955065	0.000537419	0.005749241	0.14065772	0.007151346	0.0010986568	0.0009127563	0.009418789	0.0016258811	0.009418789	0.036448173	0.0060667875	0.0025330575	0.00063582964	0.00035793707	0.00059011026	0.0029830884	0.0011610045	0.0014983467	0.0016593308	0.0016593308	0.0010739767	0.005600354	0.0016050426	0.000430039	0.005600354	0.0012850043	0.0076204995	0.0057637324	0.00020406689	0.0003756389	0.0008682647	0.0033865694	0.0016245124	0.0010412703	0.0017546722	0.0014065104	0.0013189235	0.0003424155	0.0020743713	0.00018193258	0.00043017927	0.00028363554	0.0015776993	0.0020086314	0.00031491977	0.0043667313	0.00073062134	0.0009624674	0.003360061	0.0010675291	0.010161582	0.0012958489	0.0010187862	0.0043667313	-22.63237190246582
s07e12a	385.0	5.0	0.87997824	0.87997824	0.09338688	0.017270725	0.0011788012	0.0035808503	0.1165057	0.0012287995	0.0008034552	0.009377088	0.00021975466	0.00034332895	0.0022694815	0.0030356236	0.0011481128	0.0005359833	0.0032157856	0.00021484328	0.0013183345	0.039962865	0.039745983	0.039745983	0.003153813	0.0050806203	0.0015389001	0.0050806203	0.024906438	0.0034665319	0.001455649	0.0004767167	0.00020084823	0.00047569806	0.0043500066	0.00057336193	0.00012825866	0.0009783328	0.000534354	0.0003632973	0.0008609007	0.0006368773	0.00011948345	0.0008609007	0.0010842254	0.0018961455	0.00418278	0.00083094527	0.00032830716	0.00046839393	0.0025815095	0.0016776242	0.0011740263	0.009878055	0.00027077924	0.0013771935	0.0006698039	0.0017076471	0.00015759186	0.0020469236	0.00018001307	0.00039433627	0.0005260284	0.00023395351	0.0014918573	0.0008871234	0.0030443757	0.0074686133	0.0009241504	0.0013621262	0.0025189393	0.00014882485	0.0074686133	-23.455717086791992
s07e12a	390.0	5.0	0.7436487	0.7436487	0.09696686	0.020813603	0.00017469918	0.0027394278	0.25071678	0.000774026	0.0020772477	0.0010131646	0.00020046004	0.00033594837	0.0016572216	0.0010366519	0.0026106816	0.0024494985	0.014661443	0.0002338837	0.12492188	0.025962217	0.025381012	0.025381012	0.0014868857	0.0047259866	0.00062997534	0.0047259866	0.018898113	0.012304616	0.004443131	0.0018416765	0.00054358545	0.0015263306	0.0030258377	0.00051249797	0.00044497274	0.0005321235	0.00035396646	0.0005321235	0.0018141564	0.0006334423	0.0001450516	0.0018141564	0.00051901565	0.0010463484	0.0018864082	0.0004394542	0.00028121032	0.00036646114	0.0020667512	0.0005884066	0.0009015318	0.0057714293	0.0006169337	0.0006948754	0.00062755006	0.0024066202	0.0007545081	0.004843401	0.0006090124	0.0024467597	0.0007064591	0.00021455504	0.0020600362	0.002081336	0.0004789645	0.0034847618	0.00084378885	0.0026116078	0.0029289408	0.00018235948	0.0034847618	-22.56808853149414
s07e12a	395.0	5.0	0.85851514	0.85851514	0.21013859	0.05156507	0.00042173004	0.0159309	0.2865483	0.0030735664	0.008338854	0.005637411	2.8872231e-05	0.00048282353	0.00029309466	0.0030715826	0.0013872306	0.00043535657	0.0046419585	0.00043045328	0.009422812	0.23484994	0.0027408025	0.0018531899	0.0013957341	0.0014277025	0.00035757828	0.0020030912	0.0121920025	0.0038165206	0.0035899251	0.0010657543	0.0004178295	0.00097459427	0.0015390855	0.00077416986	0.000702248	0.00065714587	0.00051609636	0.00065714587	0.0027322955	0.0005489379	0.00021077128	0.0027322955	0.00048006768	0.0020781276	0.0020617042	0.00050350255	0.0002463942	0.0006514588	0.003082111	0.0014850511	0.0016507659	0.005554482	0.00059863226	0.0025368312	0.001679339	0.0017330344	0.00019417945	0.0002222972	0.00039253058	0.00089397014	0.0002486361	0.00023188222	0.0011736047	0.00039197862	0.00071585434	0.0032149407	0.0010836688	0.0020708228	0.0054421653	0.00014628489	0.0054421653	-22.08003234863281
s07e12a	400.0	5.0	0.80657595	0.80657595	0.12637459	0.043822583	0.0003125845	0.006811121	0.063961126	0.0011501083	0.007104658	0.0017817926	0.00017331759	0.0005596656	0.00022951567	0.013759431	0.00044763382	0.00021457835	0.01411204	0.0001804033	0.19870843	0.042291388	0.0015666151	0.0015484809	0.0011914247	0.0028886579	0.00045607064	0.0028886579	0.039618026	0.01236513	0.005844874	0.0013380131	0.000563399	0.0008860269	0.007800005	0.0006321694	0.00047721592	0.0006769626	0.00052598526	0.0005427069	0.0017303613	0.000715259	7.341226e-05	0.0017303613	0.0005076015	0.0021923815	0.001545966	0.000536917	0.00064241025	0.0006349174	0.0032555058	0.00087845704	0.0006245745	0.0045399917	0.00041197962	0.0009101836	0.001369326	0.00078276754	9.359432e-05	0.0001439971	0.00035817976	0.0010687618	0.0005792842	0.00046508026	0.0010160466	0.00086619385	0.00023523628	0.0010113548	0.00024794933	0.004393344	0.0044763414	0.00021312822	0.013009747	-21.67461585998535
s07e12a	405.0	5.0	0.10529748	0.10529748	0.003287836	0.0019182988	0.0013597705	0.04524471	0.030703519	0.003654257	0.1234719	0.0049760924	0.0008580233	0.00027050392	0.006092917	0.0040187202	0.0034504149	0.0004299601	0.0021910623	0.00081529643	0.020661391	0.031768057	0.005374704	0.005374704	0.00095288147	0.011852669	0.0021854152	0.011852669	0.786338	0.089072734	0.054278985	0.0011720619	0.00043624642	0.0019425278	0.05537391	0.0005602919	0.039344758	0.0005646898	0.0005646898	0.00020381139	0.0008402257	0.0010914993	8.522427e-05	0.0010914993	0.001159295	0.0019133906	0.0143160345	0.0012199095	0.00048736006	0.0017895178	0.00056912703	0.005270203	0.0012524727	0.0051888316	0.0003158281	0.0027828747	0.0007769931	0.00084666896	0.000873738	0.0005609759	0.00042275366	0.0010245802	0.00019479661	0.00012166446	0.0026247492	0.00053332036	0.005092063	0.08782325	0.0012083149	0.002582262	0.006074556	0.00028957386	0.08782325	-18.075231552124023
s07e12a	410.0	5.0	0.092211366	0.092211366	0.0010546166	0.0012207034	0.00023769532	0.00031855603	0.00441053	0.0002920871	0.002482415	0.0022688631	4.8254766e-05	2.2921167e-05	0.00032956968	0.00022212198	0.00024794176	4.6690733e-05	0.00081923156	0.00031608593	0.00024691038	0.0009518947	0.0023087119	0.0014865834	0.0023087119	0.0011508584	0.00011280642	0.0112680495	0.057661112	0.008674993	0.004108364	0.0006220968	0.00032086583	0.00058022165	0.0026873937	0.000522675	0.0002996149	0.00040589538	0.00032725342	0.00040589538	0.00030521824	0.00016048919	9.304792e-05	0.00030521824	0.001145879	0.0020845702	0.013540362	5.5366723e-05	0.00031043848	0.00018469842	0.0023348227	0.0030244456	0.03663574	0.0024357962	0.0010883113	0.000529175	0.004935397	0.0013919113	0.0006509685	0.00049465365	0.0017334833	0.00025874397	0.00022298117	0.0006302296	0.009856337	0.0023134132	0.00021081671	0.0055427817	0.009034971	0.02065748	0.0002872301	0.0030778737	0.015487797	-23.942583084106445
s07e12a	415.0	5.0	0.7878374	0.7878374	0.023716044	0.015481835	0.0006229135	0.0012185437	0.10262724	0.0006129693	0.0025336817	0.0053389594	7.9495876e-05	0.00012347367	0.00423995	0.0018395021	0.0045006014	0.000375897	0.0024223318	0.00013058152	0.0025494474	0.08281933	0.008310876	0.008310876	0.002787738	0.0042568217	0.00070893427	0.0042568217	0.035042316	0.0055444194	0.0011936574	0.0006425749	0.00019124923	0.0008968086	0.0034098886	0.00014050395	0.00013708575	0.0005607303	0.00047382203	0.0002630948	0.0006673088	0.00041386668	8.231704e-05	0.0006673088	0.0017372699	0.0026744136	0.01004339	0.00030069088	0.00022151077	0.00021209556	0.0042488496	0.0035070179	0.0064749243	0.017977485	0.00048517756	0.003652858	0.03270749	0.0017350139	0.0007688031	0.0015665011	0.0052210568	0.0004302777	0.00029311675	0.0002501977	0.00895898	0.0061140563	0.0002922871	0.003617479	0.013372802	0.003546003	0.013788392	0.00039761412	0.016300734	-26.0068416595459
s07e12a	420.0	5.0	0.91905093	0.91905093	0.046673354	0.042674113	0.0011814806	0.0009680128	0.009809391	0.0011311511	0.0013576439	0.0035604276	0.00027352548	0.0002322092	0.018774757	0.0072145644	0.0010343366	0.00021933056	0.0021272656	0.00049584213	0.00042381202	0.0049821045	0.010597733	0.009537973	0.0012439046	0.0054367194	0.0027393	0.0054367194	0.023018887	0.0051341183	0.003010521	0.0009182767	0.00034678943	0.000740167	0.0016065792	0.00015794268	0.00012686533	0.0069587156	0.0020296993	0.0015422609	0.0017446447	0.0017114377	0.00031230837	0.0017446447	0.0015893589	0.0038008092	0.0033029118	0.000265826	0.00020574279	0.00048150972	0.0009851007	0.0013988047	0.0014552543	0.0054591843	0.0004535747	0.004806109	0.000497575	0.0024871377	0.00079077994	0.07005653	0.00038707556	0.00057128386	0.0011390754	0.0001637199	0.004233726	0.0022278067	0.000496544	0.0029366491	0.0013755327	0.009478064	0.006497925	0.00026645605	0.030779094	-24.1662712097168
s07e12a	425.0	5.0	0.84361625	0.84361625	0.03143577	0.1580745	0.0004494039	0.0011119499	0.18654369	0.00152347	0.002247256	0.005035019	0.00016718899	0.00030135727	0.0022410825	0.0021875177	0.0027555826	0.0014765889	0.003875203	0.0019017734	0.0036642272	0.016259406	0.010703049	0.010703049	0.0016381729	0.0057639373	0.0006885785	0.0057639373	0.054357097	0.006572906	0.002363278	0.0011362728	0.00037605685	0.0013231838	0.0034545427	0.00023397157	0.00036532313	0.0011332948	0.0011332948	0.00073411653	0.001443995	0.0013353766	0.00038073	0.0015086455	0.0008384898	0.0039283666	0.0054491223	0.00079743215	0.0009709154	0.0005230425	0.029035045	0.00067624875	0.0023251849	0.006249522	0.0006753361	0.0012035054	0.0010808747	0.011858489	0.0015432128	0.008529301	0.0007074738	0.0009962289	0.0022626852	0.0006037454	0.002141652	0.0009587462	0.00091344403	0.0021992978	0.0007802608	0.0022940736	0.0029714408	0.00033426742	0.009647142	-23.23213768005371
s07e12a	430.0	5.0	0.86698306	0.86698306	0.03085122	0.084962435	0.0002415488	0.0040240507	0.1552156	0.0015116682	0.0016430285	0.010735659	0.00059903465	0.0002367357	0.0038973945	0.0017816145	0.0019047444	0.0009923762	0.0010952104	0.0014725162	0.0026975113	0.029038152	0.008183628	0.0020589288	0.0018834511	0.0015268945	0.00082615134	0.0022144997	0.019865941	0.0019126439	0.0013096886	0.00030033448	0.0001329022	0.00032693255	0.0008739608	0.0002599001	0.00027907066	0.0007994811	0.000604848	0.0007994811	0.004608026	0.00091208046	0.00015257909	0.004608026	0.00080245326	0.0040482236	0.0056567267	0.000369432	0.0005410296	0.00086187245	0.0023878636	0.0015162065	0.002629512	0.0034478155	0.00068861066	0.0013432609	0.00033253198	0.0075965244	0.0005282938	0.0068997466	0.00023437839	0.00091596716	0.0009836878	0.0002574609	0.0023654893	0.0005148852	0.0003034278	0.0030922252	0.0019986501	0.008284689	0.0013967215	0.00034661987	0.0030922252	-23.11505889892578
s07e12a	435.0	5.0	0.8895771	0.8895771	0.009333347	0.2484138	0.00087399915	0.0011213885	0.008729046	0.0031608471	0.0032470652	0.020000156	0.0001953861	0.0002301062	0.0046148174	0.0064042523	0.0014717192	0.00039267185	0.0032925522	0.0007078295	0.0020073825	0.0013507927	0.1255362	0.1255362	0.001987988	0.021116212	0.0021713017	0.021116212	0.09634007	0.005227723	0.0013232921	0.0009827894	0.00036092845	0.000729915	0.0019451984	0.0010707899	0.00057614397	0.0019403019	0.00048661084	0.0016037051	0.001016689	0.0002683362	0.00030107985	0.001016689	0.0021045222	0.0010328833	0.002817106	0.00017744591	0.0002404931	0.0004624195	0.0013004366	0.0013944203	0.00086981646	0.012129337	0.00088584283	0.0041915206	0.0020479194	0.006668164	0.0069481567	0.010866952	0.00042128804	0.0009919433	0.00062922883	0.0001661753	0.002922267	0.00042816435	0.00054091285	0.0014230771	0.00087920023	0.008372777	0.0044643898	0.0001185187	0.0066238213	-24.92091941833496
s07e12a	440.0	5.0	0.8015299	0.8015299	0.011707285	0.14992316	0.0005938247	0.0005634057	0.00294615	0.0017078746	0.00203313	0.0075007984	0.00028694983	0.000277184	0.0018044345	0.008929245	0.0013354077	0.00016465892	0.0013469792	0.0008219942	0.0002696349	0.004204599	0.015016067	0.0047820937	0.0010542546	0.0042609754	0.0009952532	0.0042609754	0.039762296	0.0040967627	0.0012993595	0.0008595908	0.0009531376	0.0008346925	0.0018252609	0.0005592361	0.0003235432	0.0022797913	0.001696579	0.0006144345	0.0012885702	0.00083110476	0.0001656869	0.0012885702	0.0016223668	0.0072947484	0.010062871	0.0003168952	0.0006974629	0.0017848585	0.002498833	0.0016285861	0.001528537	0.0059240223	0.0015836655	0.007536024	0.00136077	0.011186698	0.0026513417	0.018454762	0.0004691162	0.0017239026	0.014626284	0.0002433639	0.0059625437	0.0015392746	0.0010281962	0.0025433395	0.0005531734	0.005917444	0.0028476543	0.00057749613	0.12791973	-23.531606674194336
s07e12a	445.0	5.0	0.68347937	0.68347937	0.0093808845	0.088875204	0.0005350449	0.00065348385	0.0019727787	0.0036095094	0.0015508921	0.009655715	0.0011556068	0.00039518584	0.0080258455	0.0054895165	0.0011854729	0.00060847425	0.0024009142	0.00059776905	0.00022321899	0.0018911167	0.004626166	0.0024767958	0.0019646736	0.002242055	0.0012750378	0.0024106703	0.023955116	0.0025159423	0.0007833175	0.0006833516	0.00074562815	0.0006951364	0.0012629469	0.00045151226	0.00026006863	0.0037178441	0.0037178441	0.0023301325	0.001722591	0.0012530098	0.0010089902	0.001722591	0.0024777858	0.012329473	0.024444249	0.00061205914	0.00042210528	0.0010773486	0.0069077653	0.0038349	0.0019037031	0.04013305	0.0009538307	0.04192562	0.0028900593	0.012866188	0.0022296305	0.0037778695	0.0013059264	0.0026379908	0.03796715	0.0002683439	0.011532916	0.0036358037	0.0012471302	0.02559893	0.002078264	0.006104554	0.002994138	0.0006932902	0.27882853	-23.35831642150879
s07e12a	450.0	5.0	0.887658	0.887658	0.024013914	0.14856003	0.0010427361	0.0046868827	0.09292038	0.0041116844	0.0029040289	0.021900186	0.0003102113	0.00040364874	0.00073166157	0.0020116696	0.0033378697	0.0007014327	0.0012402737	0.0006005851	0.0022751605	0.053904552	0.0052482258	0.0052482258	0.0013473711	0.0029228954	0.0007580811	0.0029228954	0.027974077	0.0033189182	0.0012745224	0.0005044422	0.0003266886	0.0007990973	0.0017013897	0.00037332892	0.00038307172	0.0007259059	0.00020979706	0.00044954143	0.0015644254	0.00023822738	0.00012339128	0.0015644254	0.0006041938	0.0012215211	0.002966547	0.00021737564	0.00026403385	0.0008839609	0.0018783701	0.0014374069	0.0012762053	0.003911493	0.0011302076	0.0018289752	0.0006770464	0.010125851	0.0009676661	0.0016590354	0.00019742845	0.0014772668	0.0013914474	8.969259e-05	0.0015512243	0.00048815625	0.00039782343	0.0011583865	0.0011868469	0.0023295549	0.0023661542	0.00061138195	0.0023661542	-22.610610961914062
s07e12a	455.0	5.0	0.78143686	0.78143686	0.12705417	0.008630394	0.00036289543	0.0067338366	0.42461133	0.0009789636	0.0036484143	0.0032163085	0.000120291224	0.00077755307	0.00073327124	0.0019419278	0.0029662845	0.0010035258	0.0033613194	0.00045255004	0.007559431	0.11580522	0.0058704764	0.0037570894	0.0023354772	0.008958718	0.00062629924	0.008958718	0.024119476	0.008297893	0.0037702895	0.0017830346	0.000722462	0.0018919405	0.004057755	0.00063643564	0.00042616538	0.00092539104	0.00092539104	0.00054731156	0.0015932514	0.0012894154	0.0004876595	0.0017001664	0.0007756666	0.0047989367	0.006207226	0.0011674511	0.00050094095	0.001422867	0.01031265	0.0019256382	0.0037601285	0.0041677994	7.9310135e-05	0.0012476316	0.0025374708	0.0047601624	0.00014687612	0.00019558366	0.0006669222	0.0008569468	0.00063313625	0.00062703626	0.00345941	0.0004962788	0.0016874792	0.003714673	0.0012803252	0.0016039091	0.002658694	0.00010510233	0.003714673	-24.326765060424805
s07e12a	460.0	5.0	0.6308354	0.6308354	0.04163316	0.023574749	0.0004811092	0.0021571047	0.26380837	0.0011271095	0.0018165818	0.00075023173	0.00038136245	0.00036305253	0.0025771298	0.0016638214	0.0049349144	0.00032183086	0.0030310696	0.0006020327	0.02718929	0.014182535	0.0033671628	0.0011703784	0.0029303841	0.003674277	0.00024581508	0.003674277	0.04363313	0.004887293	0.002577185	0.0011473169	0.00032059246	0.0008197977	0.0033072066	0.00032991642	0.0005224755	0.0023051668	0.0023051668	0.0008003009	0.005070327	0.0069316495	0.00027462246	0.0077836365	0.0020768128	0.008710512	0.013481359	0.0037879273	0.0010171429	0.0030651707	0.026635095	0.00071247044	0.0028855584	0.0025360254	0.00016432516	0.00037538132	0.0014670701	0.006295066	0.00350972	0.005675995	0.0003137564	0.0027704728	0.00043444574	0.0012173153	0.0027126828	0.0014808099	0.00062186475	0.001923916	0.0013619239	0.0091242315	0.0015848662	0.00046312247	0.010450894	-23.04323959350586
s07e12a	465.0	5.0	0.9154956	0.9154956	0.014262641	0.30734143	0.00041648516	0.0025940174	0.15880682	0.002803941	0.00248894	0.009093674	0.00015149513	0.00013889588	0.0017512651	0.0008398207	0.0039474275	0.0008707344	0.0017389279	0.00080763863	0.0027426928	0.055595048	0.0030634007	0.0012819933	0.00079260976	0.0010965248	0.00039100792	0.0010965248	0.028674921	0.0033297148	0.0011352245	0.00069210026	0.00018019286	0.0005620983	0.0013233445	0.00016457857	0.00026599737	0.00049870554	0.00010567939	0.00026446392	0.0006187603	0.00015057415	5.732688e-05	0.0006187603	0.00041209196	0.00061788986	0.0025932156	0.0001564817	0.00018984011	0.0007515391	0.0012470352	0.00053472625	0.0012564264	0.004626131	0.00080159045	0.0007192646	0.00081517955	0.025813453	0.0045667794	0.013921054	0.0001113507	0.0007514761	0.0013222886	0.00014423291	0.0024383895	0.0007134856	0.0001744184	0.00054584915	0.00086465274	0.0033070021	0.0022503072	0.0002922194	0.0024383895	-23.2180233001709
s07e12a	470.0	5.0	0.7089065	0.7089065	0.025857192	0.0050603678	0.00028186632	0.0032159141	0.29714525	0.00023833732	0.0035748496	0.0010807893	7.513492e-05	9.644264e-05	0.00071802834	0.0038061105	0.0004917589	0.00057145895	0.00410649	0.00091527094	0.021304477	0.04924028	0.0014320605	0.0013172908	0.0011280226	0.002642927	0.00038921187	0.002642927	0.2393894	0.03204627	0.008454225	0.0020506743	0.00045816155	0.0021046165	0.00945983	0.00017465904	0.0011515026	0.0017732498	0.0017732498	0.0007600319	0.012781431	0.005777879	0.00011796013	0.012781431	0.00046811317	0.010038272	0.012110388	0.0020575293	0.00044976606	0.0011767246	0.004274008	0.0011495606	0.004701129	0.008617792	0.00013457802	0.00087488437	0.0008444464	0.001812759	0.0022484504	0.001895411	0.00030970952	0.001244768	0.00011272458	0.00023769692	0.0010595638	0.00088768353	0.00062578195	0.003784999	0.00040756905	0.008666018	0.0082885325	0.00015157272	0.03785559	-22.51504135131836
s07e12a	475.0	5.0	0.09528257	0.09528257	0.001617878	0.0012638447	0.00038329654	0.0031503278	0.0017001007	0.0012499796	0.05491844	0.0008032033	0.00053819106	0.00015503484	0.004185323	0.006016785	0.00049332937	0.00033273178	0.0011830848	0.0027074663	0.0032972435	0.004470625	0.0033759144	0.0033759144	0.0018628237	0.0037398858	0.0023079761	0.0037398858	0.7934895	0.2672409	0.25296262	0.0022897492	0.0005261071	0.0013937565	0.122245505	0.0005767137	0.0061639566	0.0010003081	0.00062086806	0.00032938152	0.0012657649	0.0016235436	0.00013419462	0.0016235436	0.0005737533	0.0030775957	0.0038332427	0.00019820253	0.0005358005	0.0001563357	0.0013000959	0.004341541	0.00037812535	0.010406938	0.0004870231	0.006160359	0.0004811326	0.00038461993	0.00033699136	0.00021939373	0.00036452402	0.0005972796	0.0006159184	0.00048790197	0.0024397494	0.0006051084	0.0043842513	0.005981685	0.0013605127	0.0046940953	0.0035052584	0.00018725154	0.011373831	-22.21686553955078
s07e12a	480.0	5.0	0.802649	0.802649	0.0073277857	0.0042901486	0.001281958	0.0002153638	0.0009993926	0.002912095	0.0013114648	0.0028495288	0.0009834897	0.00041937074	0.01701733	0.03780791	0.002600834	0.00022497188	0.00048647213	0.00018444711	0.0001773561	0.00037388934	0.021533474	0.004923999	0.0043514026	0.002515576	0.0036827018	0.0036827018	0.016783334	0.0034840335	0.0012704675	0.0008101437	0.00047877053	0.000521558	0.0016151967	0.00033478378	0.00012865002	0.038594067	0.028311728	0.038594067	0.00822117	0.024656799	0.010144551	0.024656799	0.01124717	0.042500407	0.0035599708	0.00015609202	0.00029202472	0.00029874893	0.0039035082	0.0033611325	0.00067917357	0.007464861	0.00034415134	0.0011801921	0.00095243676	0.0034569125	0.00033754908	0.06792027	0.00014857827	0.000527749	0.000983865	0.00043685402	0.004406972	0.003511822	0.0041425754	0.0010149078	0.0010064259	0.020930557	0.00049718295	0.0005119284	0.01867873	-27.709278106689453
s07e12a	485.0	5.0	0.8082723	0.8082723	0.007452449	0.050216936	0.00040268403	0.0001868481	0.0012077615	0.0007837151	0.0005079209	0.007294082	0.00012146415	6.477318e-05	0.0036076854	0.046420425	0.0017819147	0.00034137117	0.00598426	0.00049452874	0.00020698161	0.00087652146	0.0208007	0.006130603	0.0033176912	0.0016556114	0.0007854238	0.0034111817	0.01369792	0.0018668497	0.0008899753	0.00079599424	0.00048277678	0.00063447456	0.0010908351	0.0003625299	0.00014464071	0.028645582	0.026477264	0.008963219	0.001038306	0.0043142946	0.008014351	0.0043142946	0.0117156245	0.053064927	0.027324777	0.00034899198	0.0004263698	0.00048636782	0.005675344	0.014393764	0.0028492226	0.05665504	0.0010330938	0.010812464	0.0017031968	0.0021938696	0.0018157018	0.018235518	0.00081300864	0.00063543493	0.0033747177	0.00021216697	0.010040385	0.0030805143	0.005462027	0.020778744	0.0008756996	0.007584068	0.0009995407	0.00067350466	0.024235819	-25.411060333251957
s07e12a	490.0	5.0	0.90500665	0.90500665	0.11531353	0.016328376	0.0006229512	0.0023377459	0.133885	0.0022448793	0.0017854576	0.0016659732	0.0008148476	0.00055581785	0.008474419	0.0068749324	0.005931592	0.0017028279	0.0017223711	0.00038341476	0.0017843915	0.048671704	0.0063844966	0.0063844966	0.0017708518	0.0012341082	0.00044256533	0.0012341082	0.030559767	0.008657506	0.0036664912	0.0007805665	0.0003422086	0.0007701567	0.0021954942	0.00032855387	0.00012632838	0.0013245612	0.0013245612	0.0007485528	0.0014304208	0.0012249991	0.00028245198	0.0014304208	0.0021196029	0.004180048	0.002962664	0.00065993937	0.0004695314	0.0006435881	0.003316121	0.0039676633	0.0018079627	0.008625507	0.00030565826	0.0036092626	0.0011173877	0.008477264	0.00022976114	0.0016216479	0.0013784217	0.00075034506	0.0009245987	0.00030622908	0.010160523	0.0018130998	0.0013869174	0.0025373285	0.002839631	0.0083200345	0.008561774	0.00029055754	0.012581963	-24.33873176574707
s07e12a	495.0	5.0	0.9308876	0.9308876	0.08971851	0.124348596	0.00030116484	0.0006989091	0.0024747504	0.0017306389	0.00076358265	0.0038919786	5.608898e-05	0.00032903097	0.0007640171	0.0065768613	0.0017702887	7.628318e-05	0.0006025617	0.00028826765	0.0001680503	0.0019392477	0.006632166	0.0019762593	0.00051693607	0.0019700562	0.0014475562	0.010748398	0.026607763	0.0032435963	0.001667075	0.00053365366	0.00041468575	0.0005177011	0.0008696549	0.0005135877	0.00017010371	0.0049829315	0.0018098044	0.0049829315	0.0021690074	0.0012111403	0.00059839385	0.0021690074	0.0014444833	0.006399002	0.0048844577	0.00036406558	0.00020719523	0.00052912656	0.0013746539	0.0013429411	0.0014459318	0.001955319	0.00078395515	0.0010844825	0.00052341365	0.0060978835	0.00058885117	0.008247557	0.00034403306	0.0016624287	0.007846863	0.00021095404	0.0077245953	0.0015765085	0.0007687778	0.0001806665	0.0006641472	0.0051065874	0.00096264534	0.0002918171	0.0077245953	-24.288856506347656
s07e12a	500.0	5.0	0.91613805	0.91613805	0.04964429	0.47627556	0.0026605166	0.001461817	0.032407552	0.015457187	0.009398506	0.006123675	7.0807066e-05	0.00017300519	0.0018897293	0.0017762564	0.0013307857	0.0002450202	0.0011892664	0.00023949088	0.0002955195	0.007201608	0.0026919497	0.002071761	0.00057658483	0.008306264	0.0012644508	0.008306264	0.020780258	0.0032758212	0.0012830573	0.0009208544	0.00044410574	0.0006974954	0.0015596361	0.0003011103	0.00039087524	0.0010479814	0.00037017284	0.0004965864	0.00067545776	0.00021729876	9.269811e-05	0.00067545776	0.0006370586	0.0016741108	0.0029085223	0.00017875471	0.00033187197	0.00031651504	0.000652517	0.00060334295	0.0008412732	0.002186215	0.001438075	0.0017623797	0.001548731	0.00937839	0.0005150398	0.0073624235	0.00027076944	0.0015159306	0.006726592	0.00013263825	0.002220972	0.0014078652	0.00042245854	0.00027518466	0.00089993083	0.004536842	0.004163165	0.0004808208	0.005156799	-23.708837509155277
s07e12a	505.0	5.0	0.807842	0.807842	0.028709352	0.10466458	0.00029532122	0.0038415145	0.13496009	0.002467787	0.009227662	0.02421522	0.0005384853	0.0003006519	0.0018854962	0.002040402	0.0021226974	0.0048171855	0.0044590775	0.0005797355	0.009190602	0.28268147	0.0046922644	0.0029374366	0.0023776067	0.001581351	0.0008695621	0.001581351	0.02455451	0.0054609138	0.0024373413	0.0007281604	0.00034515891	0.0007703204	0.0017475927	0.0004964624	0.0005244751	0.0010916387	0.0010725581	0.0010916387	0.003990341	0.0017073537	0.00039596588	0.003990341	0.00077921833	0.0045659556	0.00690665	0.0006314378	0.0010397815	0.0005772469	0.0036810702	0.0038294026	0.0017352245	0.003824996	0.0010979129	0.0014250285	0.0006212809	0.0020530263	0.00023663616	0.0030801292	0.0002721105	0.0029129828	0.00057430536	0.0004865786	0.0017321982	0.00036159935	0.00089903217	0.002276006	0.0012497635	0.0040777237	0.004797384	0.00030948874	0.004797384	-24.51744842529297
s07e12a	510.0	5.0	0.84251124	0.84251124	0.014497106	0.3770893	0.00051026203	0.0026794982	0.0034903765	0.002903942	0.0026019996	0.016700005	0.00041335414	0.00037234934	0.00068495586	0.009331226	0.0012282728	0.00016460792	0.0006467936	0.003826686	0.00067753706	0.0048714285	0.0051860437	0.0051860437	0.0019124172	0.0054413597	0.0012572226	0.0054413597	0.17526786	0.007517199	0.0014489181	0.00080047216	0.0007069925	0.0023387335	0.0039419997	0.00086782133	0.0012839668	0.0022672445	0.00092168566	0.0014024776	0.0018865896	0.0010723241	0.0004587769	0.0018865896	0.00065873447	0.0058659725	0.009471835	0.0002552976	0.0002449158	0.001483507	0.0035335147	0.0010176217	0.0021695038	0.0015009436	0.0009692033	0.0015798776	0.0006315491	0.017158397	0.0013616685	0.00388039	0.0002076228	0.0014130527	0.0030232137	0.000245095	0.0035895924	0.0006928348	0.000730987	0.0003366765	0.00039823606	0.0055986894	0.0018812133	0.00016760366	0.0064317277	-22.58091163635254
s07e12a	515.0	5.0	0.75586814	0.75586814	0.010479177	0.19030258	0.000460943	0.0011320895	0.0041607837	0.0022537133	0.0074882032	0.0049129715	0.0008370712	0.00045649082	0.0034248075	0.0017813321	0.00053799024	0.00019483914	0.0014656424	0.00091427215	0.00025680926	0.0011318281	0.0047183335	0.0047183335	0.0021850066	0.0014999798	0.0011859416	0.0014999798	0.05853072	0.0059330063	0.0019777082	0.0015423028	0.0011830578	0.0012885119	0.0018616768	0.00032865882	0.0005666853	0.0013376882	0.000659946	0.00059792097	0.00044218602	0.00040556066	0.0003204782	0.00044218602	0.0006320495	0.0020794284	0.0031407736	0.00012980016	0.00025405342	0.0007027558	0.0015450397	0.0002944542	0.0006747218	0.0016747708	0.00053436396	0.0022968003	0.0013648466	0.01464907	0.0016830396	0.008134921	0.00029037034	0.0033573601	0.016153084	0.00015814461	0.0020986262	0.0005802015	0.0002048246	0.0010129382	0.00020467644	0.0026532449	0.0017478447	0.0004529693	0.03133354	-22.756107330322266
s07e12a	520.0	5.0	0.78753984	0.78753984	0.002988349	0.38658836	0.0003562363	0.0007118101	0.0014458844	0.002629442	0.0080447085	0.029573694	0.0002458873	0.00022019111	0.00075933186	0.0016563808	0.0004911616	0.000152437	0.005792451	0.00041807906	0.00027586185	0.0009457705	0.006346405	0.0036849913	0.00082450296	0.0042920006	0.0016001125	0.0042920006	0.039128188	0.0043234993	0.0020065114	0.00096469105	0.00048989657	0.0007045463	0.0010196067	0.0012669088	0.00073555356	0.0010270781	0.00045658223	0.0008520185	0.0010869096	0.0003411132	0.00018426219	0.0010869096	0.0006390595	0.0027569458	0.010010243	0.00023008337	0.00032577294	0.0014591826	0.0008469969	0.0005640024	0.0015503953	0.00092310674	0.0017159226	0.0007294546	0.0005185204	0.03032369	0.0026073633	0.0054789884	8.146026e-05	0.0008555578	0.0062009427	0.00015881253	0.0043914756	0.00036707075	0.00030925247	0.0001929444	0.0002057885	0.0023914375	0.00051133195	0.0006048803	0.0043914756	-23.342185974121094
s07e12a	525.0	5.0	0.9096765	0.9096765	0.026385054	0.08940025	0.0005421604	0.0010882661	0.112897396	0.0029213699	0.00056668906	0.0049431166	0.00019978627	0.00015321195	0.0027792368	0.0017608578	0.0033171787	0.0009810326	0.0014385147	0.00095476856	0.0016456195	0.06728417	0.0051121814	0.0051121814	0.0044944566	0.0006696325	0.00076394505	0.0017165976	0.08291717	0.0044222795	0.0013487911	0.0007744716	0.0002565425	0.000792191	0.0013417597	0.00023362828	0.00033788726	0.0023390541	0.0011616201	0.0014213333	0.0066577047	0.004635857	0.00022859733	0.0066577047	0.0010739368	0.0038242256	0.007334306	0.0011593876	0.00053745974	0.001033056	0.002182945	0.0010466778	0.0018240944	0.0042967065	0.0007064302	0.00043018768	0.00043321875	0.009731246	0.007436316	0.028205292	0.00024065709	0.0020595393	0.00035484764	0.00042953447	0.001549149	0.0014361447	0.0012703998	0.0030050487	0.0012666362	0.005700959	0.002782143	0.00020437475	0.0041314205	-28.13005828857422
s07e12a	530.0	5.0	0.83009404	0.83009404	0.010245237	0.30398145	0.00050612696	0.0003555813	0.0012967458	0.0018309209	0.0015537057	0.0073138033	7.213084e-05	0.0001537775	0.0013492362	0.0036154639	0.0019753145	6.1008268e-05	0.0015979626	0.00072080607	0.00023748128	0.0010924236	0.004782366	0.0027530394	0.0007159355	0.0018791927	0.0010712531	0.0018791927	0.048816316	0.0071967924	0.002890305	0.0007211231	0.0007998195	0.00083228486	0.0019317155	0.000808471	0.00033781287	0.0021473507	0.0016398887	0.00089448097	0.00086064305	0.00086502265	0.00037880434	0.00086502265	0.0008291435	0.011420784	0.012532404	0.00032256256	0.00031897178	0.0009171015	0.0022571438	0.0008521695	0.0024206294	0.0024390486	0.0026223548	0.0020079338	0.0020416453	0.009344778	0.0013970567	0.021332966	0.00016373458	0.0008468077	0.0047598174	0.00018387678	0.006461898	0.0012140318	0.0010952167	0.0004776102	0.0013032213	0.009946031	0.0007629327	0.00022734751	0.012207932	-24.73512840270996
s07e12a	535.0	5.0	0.8643339	0.8643339	0.02310409	0.03859895	0.00033043738	0.00055954186	0.0009798029	0.00029414613	0.0020271298	0.0015569734	0.0002638283	0.00019765148	0.0066157496	0.0012901494	0.00063365	5.2825933e-05	0.0006092341	0.0002840829	0.00019356333	0.0007183699	0.003322273	0.003322273	0.0011377751	0.0040468606	0.0013149612	0.0040468606	0.030069275	0.012356945	0.006619574	0.0008149574	0.0005228571	0.0009235915	0.0029014493	0.0006511336	0.00020049693	0.0009007118	0.0005114419	0.00059087906	0.00056984735	0.000260377	0.00017627691	0.00056984735	0.0007658358	0.0020299705	0.0014005715	9.179374e-05	0.00023308008	0.0005665246	0.0007490444	0.00040034155	0.0009286273	0.0007336581	0.00030709946	0.0015023556	0.00075778493	0.0060045836	0.00026914792	0.011049429	0.00013643736	0.001007824	0.0037124942	0.000111761095	0.01248893	0.0019763084	0.00038612398	0.0002985969	0.00054459414	0.0034283004	0.0006220645	0.00013033794	0.01248893	-23.406234741210938
s07e12a	540.0	5.0	0.8755939	0.8755939	0.014294916	0.28865758	0.00060138066	0.0033739915	0.27197513	0.0027513797	0.003491634	0.006477051	0.00048612888	0.00024361582	0.0015028686	0.0005884425	0.0028892264	0.001412754	0.0014343084	0.0017073414	0.0016841198	0.011687782	0.003536518	0.0017236212	0.0007899996	0.000953247	0.00029112486	0.000953247	0.05765097	0.005498844	0.0023274934	0.00076621544	0.0003865357	0.00050722907	0.0018518602	0.00020330907	0.00053592917	0.00044867964	0.00019968857	0.00044867964	0.0006772046	0.00026815615	0.00017000998	0.0006772046	0.0003237697	0.0012255808	0.0052746395	0.00018522203	0.00051537546	0.0004267093	0.0018598239	0.0003151784	0.0023870254	0.0030498684	0.0006083748	0.0012309022	0.000531872	0.010804802	0.0013546267	0.002208206	0.00014640574	0.0006004511	0.0012361306	0.00022544965	0.00065795047	0.00032008122	0.00034116898	0.0020773662	0.0005700497	0.0012291261	0.0021594553	0.0001491563	0.0021594553	-23.44379425048828
s07e12a	545.0	5.0	0.81575376	0.81575376	0.030554933	0.013618492	9.64626e-05	0.0026489797	0.006160841	0.00084505376	0.0017654636	0.0011757084	0.000539312	0.00027682932	0.0054849624	0.028940387	0.0013168168	7.7722514e-05	0.0010330146	0.004170999	0.0035318276	0.017287672	0.012341313	0.005010315	0.001015257	0.004428071	0.0021020363	0.004428071	0.29827562	0.017818363	0.0023131752	0.0018813226	0.00041109457	0.0029005473	0.004438889	0.00015742396	0.00087374303	0.003487926	0.002168413	0.003487926	0.0034107002	0.0024376486	0.0006358324	0.0034107002	0.0016789297	0.010720023	0.014728538	0.0006886451	0.00027891507	0.0017231347	0.0014400677	0.006498088	0.0021108766	0.0077697732	0.0009597433	0.0028062912	0.00068353297	0.01248579	0.0011718827	0.0033973386	0.00079685036	0.0013118839	0.0008355511	0.0002832737	0.0036200064	0.0013464752	0.0027076877	0.001944101	0.0004399681	0.011518492	0.0032880048	5.776788e-05	0.03656421	-25.272655487060547
s07e12a	550.0	5.0	0.8668908	0.8668908	0.049135152	0.016104227	6.802309e-05	0.00018052528	0.0006205208	0.00017728187	0.0012606208	0.0016796547	7.2099065e-05	3.9098348e-05	0.0023110723	0.0063714357	0.0005365722	0.00021427272	0.0007134366	0.00041865016	0.00030082566	0.0013226061	0.004525744	0.00049693865	0.0009428266	0.0006779666	0.000147737	0.0006779666	0.030652452	0.0039843605	0.0016629962	0.00036001386	0.0008827809	0.00039165068	0.0020024793	0.00017212833	0.0001389853	0.0019807043	0.0014286689	0.00148696	0.00035040334	0.0003597263	0.0013133229	0.0003597263	0.003633973	0.0054803453	0.005155131	0.00027235292	0.00012635645	0.00046608615	0.0021375266	0.0029379867	0.001073918	0.058189895	0.0002669394	0.04818903	0.004222728	0.0035094349	0.00027483254	0.0002675379	0.0003175975	0.00067313504	0.015153647	0.00013478362	0.0068592383	0.0026580885	0.0017690682	0.008176332	0.0009142151	0.0063182795	0.00034699478	0.0007700348	0.031943873	-26.679880142211918
s07e12a	555.0	5.0	0.8238702	0.8238702	0.004670697	0.014034763	0.00026900606	0.0021088307	0.047764696	0.0018658219	0.0032411446	0.014755556	0.0006007465	8.6286935e-05	0.008650783	0.008562499	0.00295622	0.00094132853	0.0022967642	0.0024392132	0.0050982074	0.007330061	0.07251747	0.07251747	0.0010969992	0.001718901	0.0006277152	0.001718901	0.1126011	0.008170533	0.0020086218	0.0014386434	0.00072321296	0.0012310945	0.0023621384	0.0002499681	0.00037458987	0.00071479566	0.0006552072	0.00071479566	0.005488007	0.00046668103	0.00014773122	0.005488007	0.00059741567	0.009032444	0.001712466	5.1590825e-05	0.00026812754	0.0002599918	0.0013797993	0.002557172	0.0008810591	0.008126831	0.00078072597	0.009027089	0.000348052	0.00203914	0.0007408899	0.0022533026	0.00017329081	0.00060479785	0.00034361304	0.000106119376	0.0041234866	0.00046417542	0.000244643	0.0033791037	0.00067610893	0.021163872	0.0036134357	0.0003024816	0.006972833	-24.83700561523437
s07e12a	560.0	5.0	0.7416565	0.7416565	0.007870438	0.026300414	0.00016576385	0.0016735761	0.08911696	0.0023583723	0.0064854054	0.013330948	0.00076071883	0.00030899842	0.009365428	0.0020846603	0.0014574204	0.0027835907	0.0014524091	0.0010110337	0.0046240436	0.003829541	0.059292834	0.0035693098	0.0013742114	0.00616972	0.0027177357	0.00616972	0.090491146	0.017035477	0.00668267	0.0024759937	0.0004948001	0.0020190503	0.0048194556	0.00028811378	0.00068994024	0.002041686	0.0014859289	0.002041686	0.012245808	0.0026798688	0.00030544968	0.012245808	0.00061608927	0.005475321	0.012071999	0.000454591	0.0023105897	0.0005873	0.004134382	0.0022438648	0.010747541	0.0035451571	0.0020299659	0.003781996	0.00047094448	0.002481356	0.002932009	0.0030430488	0.0007819061	0.0012823927	0.0006414442	0.00035564875	0.0027214407	0.0015929745	0.00032620618	0.0015782139	0.0008931851	0.019172667	0.0014715665	0.0005894006	0.0054875333	-22.813081741333008
s07e12a	565.0	5.0	0.052684646	0.052684646	0.00058937084	0.00034623645	0.0003810768	0.0029434087	0.0009881284	0.00032389688	0.053828698	0.0009596477	0.00016412816	0.000106807674	0.0005209091	0.0009869396	0.00016314456	3.274349e-05	0.0005949521	0.0007273153	0.001779223	0.0028271447	0.0014959552	0.0014959552	0.00034154337	0.0058486187	0.0020748214	0.0058486187	0.8220961	0.33019984	0.28793588	0.00047246518	0.00023610407	0.0014287232	0.31284893	0.0011400698	0.011293759	0.00040781	0.0003039084	0.00040781	0.001482887	0.00078923587	0.00020923669	0.001482887	0.00013007771	0.0014973141	0.0018788413	0.0001976852	0.00033438025	0.0003261101	0.0004450981	0.0009054871	0.0002938238	0.0007018559	0.00019233677	0.0016084342	0.00051971193	0.0007075877	0.00064509845	0.00017821182	0.00020976145	0.00034649993	0.00028150002	0.00024406615	0.00036499885	0.0009979393	0.00070516363	0.0011420904	0.000806751	0.0024058118	0.0012307105	0.0001817337	0.025370486	-19.47178268432617
s07e12a	570.0	5.0	0.77242637	0.77242637	0.03381303	0.0059106993	0.00034476887	0.00096123724	0.008121186	0.0025200753	0.005804243	0.0012768114	0.0006020482	0.00034207047	0.030511983	0.028169326	0.0026503685	0.00043465744	0.0011197665	0.0006694519	0.0010078412	0.004076043	0.023437582	0.023437582	0.0048766416	0.0018010169	0.00072369515	0.0027744332	0.13671327	0.019808426	0.0067857625	0.00097516045	0.00048239774	0.00088881725	0.012775108	0.0001687602	0.000493248	0.0016691865	0.0010213879	0.000549804	0.00038807647	0.0003841267	0.000269854	0.00038807647	0.0074549327	0.0033452718	0.002916629	0.0003792101	0.00049323717	0.0003987607	0.0045090565	0.0044784416	0.0008930894	0.04031305	0.00014256882	0.015574015	0.0013895974	0.009288175	0.00018388133	0.0011039812	0.0002414917	0.0007782291	0.00086897775	0.00039844017	0.017943181	0.0026731486	0.0052558887	0.018646495	0.00056831393	0.008036996	0.0041160644	0.0001400405	0.0647527	-24.363574981689453
s07e12a	575.0	5.0	0.8573026	0.8573026	0.19143245	0.055091422	0.00022279097	0.0008170308	0.055132102	0.0016187223	0.0007772279	0.0018276491	0.00011228109	6.86096e-05	0.0032245037	0.0069169737	0.00092016853	0.00060882256	0.0007306367	0.0005085439	0.0004685699	0.059893556	0.0071085473	0.0028225617	0.0071085473	0.0017094087	0.0007204266	0.0039008525	0.04341754	0.0029631162	0.001044078	0.00028264782	0.00061874464	0.00032888513	0.0017223156	0.0004006678	0.00023534105	0.0057185492	0.0057185492	0.0022805345	0.0034687154	0.0047250562	0.0008162969	0.0047250562	0.0023762125	0.05536954	0.022294905	0.0015327733	0.00062763743	0.00042587038	0.004169312	0.0026992976	0.0026480113	0.01974762	0.00022182865	0.029684022	0.0022446294	0.0026901094	0.00025163312	0.0010696969	0.0005326876	0.00095192733	0.0011324395	0.00056732463	0.0023650143	0.0017188633	0.0018539177	0.004569934	0.001893953	0.009388442	0.0010063105	0.0003083416	0.022593675	-23.962989807128903
s07e12a	580.0	5.0	0.8870768	0.8870768	0.13739514	0.072915934	0.0007538243	0.0013544016	0.007318416	0.0016107577	0.0014172851	0.004387624	0.00014494044	0.00023711135	0.006368529	0.01051854	0.0011761385	0.0002799466	0.0037697805	0.00082876394	0.0006011732	0.0036800713	0.017215949	0.013825421	0.0038706851	0.0036808585	0.0022778455	0.0036808585	0.043076705	0.00853176	0.0033201345	0.0010861068	0.00039406252	0.0009624674	0.004068696	0.0007108681	0.00026405224	0.0077587254	0.00424314	0.0024142794	0.0014561566	0.0034705158	0.0007497132	0.0034705158	0.0018630481	0.006741936	0.0035409855	0.0006650435	0.00035102206	0.00053244876	0.0017974217	0.0021623527	0.0012462111	0.0068179434	0.00014402167	0.012498036	0.0013535614	0.0030915197	0.00037287807	0.011692448	0.00056598306	0.0013213904	0.0029245522	0.00040576793	0.006000387	0.0024696307	0.001958849	0.0016586186	0.0008555982	0.0061650556	0.005348428	0.00017034035	0.0145927165	-23.835769653320312
s07e12a	585.0	5.0	0.87695354	0.87695354	0.18698293	0.06295483	0.00059926364	0.0052807075	0.016218811	0.0024264038	0.0010045733	0.0015018893	0.00011427484	0.00023574058	0.0021450326	0.038441826	0.001006811	7.8602476e-05	0.0014872042	0.0011934526	0.001535709	0.14322627	0.02933845	0.008065786	0.0015542872	0.002402756	0.0015941862	0.0028912988	0.051787797	0.00555256	0.0022738446	0.00057276356	0.0003089554	0.0005860372	0.0032216208	0.0005005138	0.00030997032	0.0024075934	0.0022851687	0.0008317921	0.0014910145	0.0016852538	0.00025870203	0.0018575073	0.001464018	0.015529177	0.0065838746	0.0008846919	0.00039327217	0.0014770466	0.0011538882	0.0019507377	0.002200512	0.004622907	0.00014358919	0.002458075	0.0009895613	0.0049559977	0.00014696873	0.0018841147	0.0005140812	0.0008111731	0.0011064607	0.00021798834	0.0037827343	0.0009956947	0.000773599	0.0013257299	0.00090547453	0.0038655736	0.00196045	0.00017449408	0.0072220345	-22.519540786743164
s07e12a	590.0	5.0	0.8444827	0.8444827	0.32451427	0.030689176	0.0002153519	0.003987607	0.092932865	0.0016739499	0.0012229617	0.00062612793	0.00032346518	0.00018813742	0.0040815654	0.0044483542	0.0014156967	0.00017132403	0.0021151952	0.0026383456	0.0074668853	0.023005411	0.0069050314	0.0018357561	0.0018031045	0.00060303137	0.0007639392	0.0021189032	0.015165194	0.0036997858	0.0026345553	0.00067960774	0.00036700358	0.00047850635	0.0036986575	0.00037550213	0.00027081487	0.0073485705	0.0071747145	0.0073485705	0.009235347	0.015479271	0.001447579	0.01558522	0.001758002	0.02281076	0.015393024	0.0044053695	0.00091664464	0.0010961896	0.0071923165	0.0016698064	0.0040479084	0.0065133935	0.0001321575	0.0017050048	0.001055742	0.002172974	0.0007593753	0.002927624	0.0005882703	0.0011999283	0.0005151012	0.00051090814	0.0023548745	0.0028739392	0.0019878414	0.0012522588	0.0015209705	0.014978375	0.0030056515	5.6101337e-05	0.008152685	-23.583328247070312
s07e12a	595.0	5.0	0.7136186	0.7136186	0.11280793	0.02346374	0.00018349111	0.010689329	0.071131915	0.0005766519	0.004246877	0.0017996012	0.00028788394	0.0007565168	0.000516659	0.009031821	0.00057970645	0.00028781974	0.004955925	0.0011091924	0.21095881	0.030495966	0.00802994	0.003943436	0.001178425	0.0058536306	0.00061216997	0.0058536306	0.05892029	0.01763335	0.009331486	0.0014717262	0.00058239273	0.0008830442	0.00967398	0.00077862374	0.0005751852	0.0023005467	0.0023005467	0.0011106314	0.0071321246	0.0031148	0.00025470392	0.0071321246	0.0010785465	0.010039157	0.016196337	0.0028853184	0.0009415815	0.0034818852	0.016612766	0.0019394081	0.004507725	0.01553857	0.00023070218	0.00070698373	0.0020575272	0.0023217483	0.0005858665	0.00066038163	0.0003239642	0.0029403009	0.00056683196	0.00068192	0.0044879755	0.0008637065	0.0008302685	0.001910087	0.00036186646	0.012874312	0.0042530517	0.00015523839	0.032489385	-22.898447036743164
s07e12a	600.0	5.0	0.8701476	0.8701476	0.18393262	0.055368375	0.00053035	0.0042033154	0.0077857585	0.0055078217	0.001220679	0.0038782049	0.0019734239	0.00039521864	0.0045388667	0.004250553	0.0011092172	0.0004400434	0.0017877035	0.0009033134	0.0003492156	0.030990405	0.040169947	0.040169947	0.004271204	0.0014735695	0.0030761245	0.0030761245	0.04768273	0.0035821707	0.0017159946	0.00038979447	0.00031316828	0.00042729182	0.0012675257	0.0007344759	0.00044131663	0.005884119	0.005884119	0.0031222089	0.004218792	0.0077350955	0.0014427017	0.0077350955	0.00084958435	0.015077937	0.011825311	0.0017244738	0.0013054127	0.0004899748	0.00444599	0.0018763097	0.0012227638	0.0029379367	0.0004431494	0.0014258268	0.0005644361	0.0067019234	0.00017355174	0.002492525	0.00030220085	0.0009276625	0.006263658	0.00044749584	0.003802171	0.00042606547	0.0009519105	0.0036429602	0.0014950437	0.0052875746	0.0025906775	0.0005815036	0.003802171	-24.580322265625
s07e12a	605.0	5.0	0.84619766	0.84619766	0.0840341	0.012954147	0.00060480996	0.007459722	0.24366418	0.0069240322	0.004944217	0.0007945347	0.00095112633	0.00055031833	0.0012579724	0.01527693	0.0046380735	0.00022903671	0.0013189273	0.00028116556	0.0029621103	0.27916455	0.006337054	0.006337054	0.0021864835	0.0009599513	0.001182509	0.004490213	0.07417961	0.011363171	0.004371243	0.0014221598	0.0006933269	0.0014414946	0.0040202914	0.0005362986	0.0008287986	0.0009010406	0.00057273294	0.00031923677	0.0024029159	0.00085098116	0.00011173798	0.0024029159	0.0010143139	0.007854432	0.0038579428	0.000708067	0.0007326461	0.001167738	0.0013306184	0.0018965744	0.0012073703	0.0073257983	0.0027309342	0.0014542408	0.0011870391	0.013088881	0.0002761616	0.00596171	0.0019795198	0.00092769956	0.0019539366	0.00026196692	0.0039789444	0.0026998457	0.000561566	0.0042620418	0.0013845764	0.005625542	0.0050152075	0.0008520924	0.009655627	-23.27106666564941
s07e12a	610.0	5.0	0.87592685	0.87592685	0.1355616	0.09190732	0.000629427	0.0023159755	0.004721658	0.004115943	0.0020954031	0.0017252645	0.00056584005	0.00020494786	0.011106673	0.0056262193	0.0028036747	0.0004580727	0.0021150794	0.0010350193	0.00049867894	0.008045946	0.008659482	0.008659482	0.0010567965	0.0019562545	0.0014682832	0.0019562545	0.056417707	0.009231935	0.0044821613	0.0009900734	0.0010890005	0.00094901863	0.0041289614	0.0005079035	0.00041579964	0.0046610436	0.0032974333	0.0015982615	0.0013638443	0.0023026438	0.00057845225	0.0023026438	0.0020592248	0.00969108	0.0076916865	0.00069709675	0.00062088814	0.0009535667	0.0019756877	0.0014903331	0.0017513552	0.0047917594	0.00045126225	0.005458001	0.000944301	0.014897116	0.0007320504	0.028316384	0.00055785826	0.0012577843	0.006728379	0.0002579705	0.006564896	0.0020881104	0.0014814035	0.0016146625	0.0010972081	0.005774864	0.0029500353	0.00016098854	0.022088638	-23.876693725585938
s07e12a	615.0	5.0	0.8352417	0.8352417	0.08794565	0.0034346944	5.4146614e-05	0.0033254672	0.24695422	0.00044331438	0.0024301338	0.0006141177	0.00017181892	0.00029798062	0.00042487952	0.002912699	0.0014704984	0.00058532873	0.0030100774	0.00022409116	0.023024036	0.022915477	0.0060614077	0.0020315254	0.00062779506	0.008168382	0.00035714966	0.008168382	0.027999988	0.00692434	0.0034215008	0.0011142434	0.00033513503	0.0009833464	0.0035497148	0.00033723624	0.0002442314	0.0044090897	0.0030096164	0.0044090897	0.022659278	0.0056675375	0.0011033561	0.022659278	0.0013288871	0.022412758	0.010503057	0.0019214986	0.00057883357	0.0005587829	0.00463428	0.0032084056	0.0030279271	0.0068797134	0.00013157669	0.0036317587	0.0010201198	0.0009386306	4.7426878e-05	0.000109699635	0.00044749348	0.0012557732	0.00016622318	9.892569e-05	0.0009875689	0.000273538	0.00067316735	0.0052840724	0.0004977989	0.017157078	0.002594317	0.0003931601	0.00822145	-21.95244789123535
s07e12a	620.0	5.0	0.8901928	0.8901928	0.16180487	0.037942383	0.0010139119	0.005218645	0.3105997	0.00996594	0.001986889	0.001976028	0.0001830647	0.000847045	0.0063296114	0.002143334	0.0043519004	0.0005944459	0.001501213	0.00058353314	0.0031399645	0.12747015	0.0029531997	0.0013715756	0.0029531997	0.000785313	0.00080780836	0.0038508999	0.02032684	0.005579116	0.004087241	0.00064030325	0.00024071103	0.0006563034	0.002280082	0.0005046173	0.00025569566	0.0013896716	0.001009647	0.00064102403	0.0035225966	0.0030283171	0.000112545335	0.0035225966	0.00086505484	0.009770594	0.009666235	0.00042799604	0.00024376615	0.0006297322	0.0011580582	0.0010331912	0.0018269323	0.0038545614	0.00027555932	0.0005229075	0.00031925837	0.0038933945	0.002088317	0.058458164	0.0003527601	0.0007281427	0.0007645317	0.00041630992	0.0016466037	0.0044509503	0.000631964	0.0012751459	0.0018114117	0.0145409005	0.0016461012	7.921053e-05	0.005386951	-23.98873519897461
s07e12a	625.0	5.0	0.73224145	0.73224145	0.047737584	0.011431959	0.00017078857	0.0027406826	0.06016882	0.00035517424	0.003794272	0.0011759772	0.0012440125	0.00038852365	0.00092310755	0.004881684	0.0011126461	0.00064494135	0.0023434402	0.00032272434	0.002704814	0.029778013	0.037211794	0.0047073155	0.001392089	0.005850998	0.0008142576	0.005850998	0.04732621	0.007545484	0.003663618	0.0019240414	0.0005652929	0.00141167	0.00284521	0.00050443306	0.00021426924	0.0059450413	0.0059450413	0.0022652617	0.00742295	0.010877053	0.00088882097	0.010877053	0.0017879553	0.0174224	0.017101781	0.0029910211	0.002586163	0.0014660368	0.023555577	0.003615426	0.0040041483	0.0075446665	0.00038317157	0.0015498026	0.0011142042	0.0027394786	0.00018168121	0.0014455761	0.0009994755	0.0019530589	0.00080744666	0.0004486439	0.0033966282	0.0013625785	0.002116956	0.00610972	0.0028885424	0.0034765021	0.0042760987	0.0012077063	0.011810716	-23.75005340576172
s07e12a	630.0	5.0	0.5798203	0.5798203	0.0108793415	0.0038543125	0.00048971496	0.0008448492	0.0058194078	0.00088756974	0.001667879	0.0013691917	0.00034443985	0.00038910483	0.013036236	0.004725693	0.0011359012	4.006213e-05	0.004169035	0.0001809413	0.00033303705	0.001453988	0.008055618	0.008055618	0.001623593	0.006259394	0.0035049254	0.006259394	0.05800041	0.007957127	0.0010158771	0.0006089363	0.00013498157	0.0010721127	0.0058305366	0.0011748519	0.00022469556	0.002386971	0.002386971	0.00085133803	0.0010496621	0.0010724018	0.00040508425	0.0010724018	0.002068105	0.005422143	0.0058746296	0.0003619075	0.000790807	0.00073834794	0.004279379	0.004789734	0.0027515772	0.014965154	0.0002507073	0.0071775275	0.1542397	0.001981301	0.0014459057	0.00023288903	0.0006394257	0.00076773274	0.00034612752	0.0002851167	0.009018264	0.06750607	0.026940135	0.040583733	0.025635513	0.007569844	0.0496085	0.00015286567	0.06750607	-23.38796806335449
s07e12a	635.0	5.0	0.83453983	0.83453983	0.034969155	0.011507857	0.00032896633	0.0028738545	0.16510013	0.0010804706	0.0018001787	0.0007494407	6.029208e-05	0.00022885008	0.00093810534	0.00584721	0.0020380053	0.00034862285	0.001816669	0.00025949994	0.004357737	0.43936607	0.004880839	0.004880839	0.0016550794	0.0021886367	0.00030341855	0.0021886367	0.07369344	0.0077255922	0.0030530656	0.00046077542	0.0002656613	0.0004320329	0.0034247101	0.001020547	0.00029729644	0.00062586844	0.00062586844	0.0002133539	0.0013880368	0.0015138347	6.435795e-05	0.0017169244	0.0008396695	0.004811659	0.0029133915	0.00096952886	0.0006622429	0.0003843439	0.002709071	0.0016975534	0.0010241229	0.006088284	0.00026318763	0.0007322217	0.0016290094	0.001752632	0.00010397213	0.0017325067	0.0055068997	0.00070424314	0.00023177701	0.00025963286	0.0018149277	0.0012935485	0.0013196208	0.0014977682	0.0037009567	0.0055604856	0.012661248	7.37002e-05	0.020296093	-23.979951858520508
s07e12a	640.0	5.0	0.8473284	0.8473284	0.09198304	0.014551189	0.0003539906	0.00535373	0.11466715	0.0027705478	0.0009025047	0.000806974	0.00033221956	0.00029234312	0.0010203326	0.002239829	0.0015848345	0.0002582853	0.00073577015	0.0007229845	0.0030128316	0.06988355	0.002623399	0.0011650448	0.002623399	0.00079503906	0.0010493986	0.0014727833	0.039747696	0.0041243033	0.002792857	0.00068519614	0.00024845882	0.0007424735	0.001871212	0.0005477721	0.0003236419	0.004834877	0.004834877	0.0020642763	0.017967472	0.018854292	0.00047588674	0.022144543	0.0013699796	0.025624473	0.03454499	0.007546134	0.0012561716	0.0015177911	0.005651595	0.0018525443	0.007115322	0.0049909833	0.0005605756	0.00062385696	0.0015152213	0.017509548	0.0012465128	0.0016540232	0.000498745	0.0012258347	0.0023344394	0.00044669054	0.0034040904	0.0021993774	0.0014678702	0.0027734411	0.0006198978	0.0063426173	0.0020605058	0.00017928403	0.0055190194	-23.114919662475582
s07e12a	645.0	5.0	0.91103876	0.91103876	0.28798047	0.0147198215	0.00015449796	0.005863985	0.020309277	0.0019386128	0.00074361777	0.00046524656	5.765121e-05	7.299175e-05	0.00047506887	0.00943072	0.00030945774	0.00010359576	0.00039478144	0.0010770172	0.0009547435	0.11377177	0.007967985	0.0018467052	0.0016232452	0.0020746724	0.0005184487	0.004169902	0.029239029	0.002740479	0.0007400478	0.00039033865	0.00014272252	0.00030473995	0.0012489985	0.0001627631	0.00013087371	0.002531735	0.002531735	0.0006540658	0.0013170281	0.0019076013	0.00017546662	0.0023061815	0.00069678394	0.010478555	0.010516336	0.002786601	0.00049108505	0.0004947157	0.002942779	0.001080183	0.0029614344	0.0090986	0.00016571551	0.0012315279	0.0021354274	0.003241579	0.00013263343	9.952444e-05	0.00034419924	0.00058149145	0.0013041687	0.00013694295	0.00092734606	0.0007328137	0.0009047169	0.0011689902	0.00029181098	0.014101583	0.0023784314	4.5697223e-05	0.08830211	-22.416399002075195
s07e12a	650.0	5.0	0.8157179	0.8157179	0.15640755	0.25974822	0.00029333087	0.0020046197	0.0047722184	0.0051125116	0.0011933668	0.0013512694	0.0005141094	0.00019851631	0.0032852397	0.0043182536	0.0010044078	0.00013545438	0.000859341	0.0018095564	0.000468119	0.006623583	0.004089932	0.0024144403	0.0012842261	0.00063763466	0.0012246887	0.00188439	0.03712173	0.0024874418	0.0011928088	0.00044368638	0.00061997457	0.00035586514	0.0019386958	0.00085388456	0.00030415072	0.0024088258	0.0019402113	0.0011305591	0.00066964555	0.001595316	0.000403188	0.001595316	0.0010536852	0.00744457	0.015839428	0.0010291615	0.0010204994	0.0008747977	0.00721576	0.0006369939	0.0035837132	0.0041297027	0.00016956283	0.0030375593	0.0010383441	0.014125587	0.0004148465	0.004605767	0.0002501734	0.0016826157	0.0065409564	0.0005631	0.010735487	0.0015566577	0.0017822267	0.0007286366	0.0004407182	0.0077559445	0.0014845125	7.866591e-05	0.010735487	-23.324005126953125
s07e12a	655.0	5.0	0.8467592	0.8467592	0.07615764	0.05373838	0.0003417665	0.007597557	0.12535296	0.0019135126	0.0032026798	0.0016362143	0.0003409006	0.0005749533	0.0034056748	0.0027424514	0.0038410255	0.00034344633	0.0022332785	0.0011420643	0.0072274855	0.038486354	0.0058833105	0.0058833105	0.00084567355	0.0021704012	0.00038736736	0.002916665	0.03712661	0.0055142767	0.0019883749	0.0007875575	0.000359643	0.000683967	0.0045376006	0.0013696958	0.0005198925	0.00083702256	0.000753276	0.0008246224	0.0015057959	0.0011981843	0.00026383682	0.0015057959	0.0005536888	0.0038877549	0.0069532283	0.0007542892	0.00043953944	0.0013826261	0.0029572279	0.001279823	0.002076968	0.0037060343	0.00064902764	0.0006249314	0.00078239245	0.0042956783	0.00064015464	0.0038180107	0.0004539008	0.0017350666	0.00078941643	0.0003554757	0.0023030841	0.0037890268	0.0008915526	0.0014196282	0.0024832534	0.0024090987	0.0033647474	0.0002543598	0.0081057325	-21.479625701904297
s07e12a	660.0	5.0	0.82857865	0.82857865	0.039685626	0.010034685	0.0008511364	0.0043652183	0.010011378	0.0029976973	0.005245968	0.0029067183	0.003567089	0.002018235	0.0015660372	0.013003588	0.0014106708	0.0004459135	0.0024647932	0.00015944678	0.002356753	0.010821287	0.044331346	0.010507696	0.0018786509	0.009976904	0.0027523716	0.009976904	0.0421791	0.007565217	0.003297656	0.0010734096	0.00059848564	0.0010245455	0.0014258777	0.0005776233	0.00070019707	0.004319232	0.003859369	0.0015691395	0.0035294725	0.004092617	0.00063641404	0.004111751	0.0039605713	0.014526368	0.0064551383	0.0017397492	0.0017765267	0.0014560069	0.0015660609	0.004323553	0.0008034862	0.0011139665	0.00042977696	0.00029999192	0.0011168885	0.005457807	0.00011746625	0.005394659	0.0007147323	0.071742825	0.0011461562	0.0024223963	0.0013808537	0.00097191543	0.0006557188	0.0029929185	0.0011410569	0.003941367	0.0077721253	0.0067565315	0.0077721253	-29.62175750732422
s07e12a	665.0	5.0	0.79623115	0.79623115	0.021394845	0.06567802	0.00074679573	0.002124872	0.0011363806	0.006131914	0.002698648	0.0039913547	0.0017318411	0.00043552613	0.0052441545	0.004082335	0.0006461466	0.00042295922	0.00228328	0.0003976943	0.00023888015	0.0018892797	0.0067487154	0.0029963437	0.0067487154	0.00540928	0.003726013	0.00540928	0.056093544	0.008027631	0.0022414366	0.0018984844	0.0005904459	0.001606593	0.0023140393	0.0020994223	0.0007652303	0.00855965	0.0038744465	0.003884964	0.001904129	0.0022898864	0.00058292225	0.0022898864	0.0015780397	0.0097365	0.009898709	0.0002656337	0.000828276	0.0012485059	0.0014161855	0.0025151419	0.0027761422	0.003392386	0.0031844673	0.0046755495	0.0014907198	0.004426472	0.0014312806	0.045615807	0.000311816	0.0012266046	0.0020210827	0.00046228533	0.0046746065	0.0022723512	0.003972102	0.0030925015	0.012716809	0.019752985	0.008285107	0.17670926	0.015476573	-31.795263290405277
