episode_id	onset	duration	talking	speech	man_speaking	woman_speaking	baby	shout	laughter	cry	singing	kids	groan	whistling	breathing	walking	mouth_sounds	fart	hands	heartbeat	cheering	crowd	mammal	dog_bark	cat	rooster	duck	bird	music	musical_instrument	guitar	piano	organ	electronic_instrument	percussion	bell	ambient_music	weather	wind	rain	river	wave	thunder	river_sea	fire	boat	car	traffic	car_honk	emergency_vehicle	train	cycling	engine	door	doorbell	knock	dishes	radio_tv	dryer_vacuum	zipper	keys	alarm	telephone	whistle	mechanisms	tools	boom	bang	glass	water	beep	silence	sudden_noise	db
s07e02b	0.0	5.0	0.7690373	0.7690373	0.009277366	0.017247787	7.195181e-05	0.0009458398	0.014733265	0.0006589878	0.001404873	0.0030002666	0.0037207506	0.00021436447	0.00144771	0.0018304216	0.0034317852	0.00040717158	0.0012902587	0.00032602495	0.004874853	0.0068988446	0.0104848165	0.0018703075	0.0017362349	0.0023584284	0.0011120018	0.0030857918	0.029002478	0.0016071919	0.0008294888	0.00037673305	0.00021567328	0.00028425144	0.00089885056	0.00024078196	0.00024214924	0.014626415	0.010090687	0.014626415	0.047089472	0.03550727	0.0044160024	0.047089472	0.0014891571	0.0248798	0.035363242	0.0045153447	0.001403767	0.0007409588	0.02056321	0.002148166	0.0034581018	0.0014118946	0.0005265285	0.00043823328	0.0003341578	0.0016544218	0.002705775	0.010708499	0.00040740552	0.0010336225	0.0005721044	0.00094806374	0.0021454326	0.00082137523	0.00059783517	0.0013620496	0.0014501314	0.042890508	0.0007125903	0.0016678061	0.005439404	-22.92581558227539
s07e02b	5.0	5.0	0.8664418	0.8664418	0.0075373864	0.01589778	0.00039374578	0.0035925321	0.16296877	0.00081182073	0.0012604336	0.006501556	0.0038487364	0.0010319267	0.0039288015	0.000959066	0.0023837278	0.0017952381	0.0029361993	0.0013421964	0.0015334892	0.003522804	0.04124706	0.0055816164	0.0008669849	0.0030808365	0.00069275295	0.0056055267	0.053699266	0.004053826	0.0013631325	0.0010944491	0.00028548663	0.00074768905	0.0015193274	0.0007157298	0.0002697902	0.0024862897	0.000701864	0.0024862897	0.0040514395	0.00093787117	0.0003494131	0.0040514395	0.0016289894	0.0018634241	0.0027680064	0.0007924429	0.0008374825	0.00039157266	0.0030573835	0.0008346392	0.0018345132	0.012611755	0.006897936	0.0021757134	0.0060825767	0.0009310987	0.00079475733	0.0040823426	0.00033947427	0.00045885582	0.001058868	0.00061465526	0.0035295866	0.0018955148	0.00023703586	0.003372863	0.019003863	0.006284688	0.0085887695	0.00022973616	0.019003863	-19.49428939819336
s07e02b	10.0	5.0	0.86788344	0.86788344	0.0076610195	0.034648985	0.0009852439	0.0019347271	0.40726086	0.00037417834	0.0011720492	0.0023068432	0.0004112643	0.00026336533	0.0012131609	0.0017290941	0.008183844	0.0007134291	0.0017497187	0.001411877	0.0040100534	0.00941278	0.03069065	0.0023979635	0.0011556036	0.002586649	0.0014091147	0.002586649	0.06815803	0.005001634	0.0022950363	0.0008695787	0.00018505909	0.0008321972	0.0022902482	0.000349322	0.00093752635	0.0016068285	0.0005437331	0.0015903822	0.0034215723	0.0011918406	0.00052508287	0.0034215723	0.00094815594	0.0034784917	0.0057853977	0.00074198126	0.0008990797	0.00041728833	0.0068183276	0.0004916642	0.0040871496	0.0073797847	0.0006310408	0.0008896031	0.0009385349	0.0043563326	0.0011101803	0.002303906	0.00036747198	0.0014187604	0.0009716687	0.00051726506	0.0013090695	0.001210762	0.00042381283	0.0010832853	0.0015901581	0.0046378425	0.002586424	0.000110636705	0.002586424	-20.244861602783203
s07e02b	15.0	5.0	0.852259	0.852259	0.0075711515	0.24751003	0.0019265678	0.0013299811	0.0028863102	0.0055393633	0.003779661	0.042400286	0.0013027609	0.0004166861	0.0007496179	0.0041392758	0.00041262974	0.00014163645	0.00060256483	0.00035813212	0.0002442908	0.0011267865	0.014415664	0.014415664	0.006987521	0.007525973	0.003371805	0.007525973	0.10435572	0.0048491936	0.0012204174	0.0007881356	0.00075414975	0.00075432734	0.0010318785	0.00082970975	0.00066749536	0.0014851813	0.00040635982	0.0014851813	0.0017522657	0.00043325836	0.00036150904	0.0017522657	0.0006940722	0.0027120537	0.0033280696	9.3692186e-05	0.00012502752	0.0011101548	0.00076598395	0.00048647934	0.0009177344	0.0008507103	0.0018704322	0.00076541334	0.0004756194	0.012645557	0.0013885511	0.009344526	0.000112030626	0.0008444234	0.005147827	0.00014968276	0.0018227579	0.00028206714	0.00029113598	0.00069542264	0.00027947035	0.0030635102	0.001229906	0.0006553321	0.010805444	-20.30503273010254
s07e02b	20.0	5.0	0.8948411	0.8948411	0.010016909	0.16627494	0.00047970793	0.00021585143	0.0026165235	0.0008681841	0.0014401657	0.006277445	0.0002597195	0.00031262537	0.0026101263	0.0009424521	0.0009839166	0.0005920979	0.001137812	0.0007775553	0.00010547823	0.00054995576	0.005493337	0.0041306736	0.0017506258	0.006325342	0.001525604	0.006325342	0.04086115	0.0043317736	0.0014466956	0.0005213023	0.00046968646	0.00087813986	0.0012708294	0.00037471415	0.00023155125	0.0024692146	0.00077300915	0.0024692146	0.00076972926	0.0007030141	0.00081924326	0.00076972926	0.0007764617	0.0018079645	0.0032298139	0.00021616304	0.00011038527	0.0003429034	0.001954289	0.00053323444	0.0017742687	0.0016185482	0.00030219826	0.0011896743	0.0016006938	0.0063763037	0.0015817877	0.052788813	0.0002887636	0.0008085978	0.0022962869	0.00024319901	0.0035792515	0.0018009518	0.00040890274	0.0005347112	0.0014229537	0.0031468798	0.0007955551	0.00033347233	0.014611961	-21.924102783203125
s07e02b	25.0	5.0	0.88853693	0.88853693	0.043749593	0.0053898385	0.0003307248	0.0022029947	0.011039596	0.0008779667	0.0013725498	0.0011727561	0.0005354865	0.00031728577	0.002027749	0.010295334	0.0007288897	0.00036708245	0.0005370286	0.00071336044	0.0032931531	0.06419616	0.012384274	0.003979672	0.0029389479	0.007050787	0.0025096722	0.007050787	0.24463995	0.022332605	0.0071712607	0.0016885687	0.0003726542	0.0015106753	0.005884945	0.00028987884	0.000943434	0.001795414	0.0013451416	0.001795414	0.0029057139	0.0029865964	0.0008016587	0.003057818	0.0021886004	0.011581571	0.020109452	0.0017978443	0.00053968455	0.0012504346	0.0052979533	0.0009221283	0.0043381457	0.004900483	0.00050936255	0.0009838023	0.0011580477	0.01387454	0.000250541	0.0009160396	0.0006395037	0.00074098347	0.0021444182	0.00045735668	0.0024806466	0.0008625634	0.005804106	0.003907957	0.0016640486	0.005269121	0.00096808566	0.00021681945	0.005804106	-22.068618774414062
s07e02b	30.0	5.0	0.47844365	0.47844365	0.021606492	0.004848655	0.0005962083	0.009362575	0.2238596	0.0021667073	0.0069191847	0.0042783855	0.00027324088	0.00022418817	0.00052354456	0.0053076064	0.0013488194	0.00058788864	0.0037948738	0.00054799166	0.027894909	0.1005764	0.0024428267	0.0017029048	0.0011997364	0.0023202666	0.0005119601	0.0023202666	0.40748936	0.05908437	0.015097836	0.0042114826	0.0017544833	0.006553928	0.018698772	0.004737259	0.0016889175	0.001937839	0.001937839	0.0012736177	0.0040035127	0.0031187318	0.0005016723	0.0040035127	0.000925574	0.0087516485	0.008656666	0.0024974642	0.0052665	0.0022306342	0.024895782	0.0019919937	0.002583498	0.0035465606	0.012067541	0.0004763247	0.0013081196	0.0036197004	0.00016034815	0.00097126333	0.0002582183	0.0024885896	0.004342712	0.0013748601	0.0036737637	0.0005143498	0.0008869273	0.0032303652	0.0026218663	0.002846387	0.008864809	0.00027983374	0.008864809	-17.81983757019043
s07e02b	35.0	5.0	0.08550462	0.08550462	0.0022748196	0.0017828852	0.0013096749	0.0020159455	0.039735693	0.0017025499	0.009655277	0.005763743	0.0006278298	0.00029527338	0.0005057002	0.0032721474	0.0013218486	0.00025459417	0.0067029963	0.000113025206	0.11796228	0.016380975	0.0052116048	0.0017292941	0.0034791727	0.013585555	0.002242804	0.013585555	0.59846944	0.12848832	0.03139188	0.010179628	0.0021175768	0.0066872174	0.015482003	0.024989009	0.002016122	0.0040770965	0.0015204883	0.0040770965	0.0030510519	0.0018009036	0.0012866019	0.0030510519	0.0015636992	0.007054039	0.019477887	0.00145326	0.004722738	0.0036157386	0.09479335	0.004735333	0.005959125	0.0015488039	0.0126052415	0.001709233	0.0031436996	0.0019449133	0.0011908408	0.0015641638	0.0007927401	0.005367306	0.00431628	0.01656721	0.0040577394	0.0030092704	0.0008289886	0.0058312775	0.019916693	0.0050209523	0.003929884	0.0003272194	0.034473304	-21.12862014770508
s07e02b	40.0	5.0	0.7742974	0.7742974	0.056120083	0.0069606868	0.000807499	0.0033152385	0.045561783	0.0007683702	0.0011432692	0.003866683	0.00013678243	0.00091778114	0.0011592497	0.055005662	0.0022638836	0.00027794376	0.0020280087	0.00023407555	0.0071762125	0.81115115	0.011332742	0.004711323	0.0021613035	0.014731182	0.0060670814	0.019407352	0.04692493	0.010714966	0.0036947168	0.0004854549	0.00023000572	0.0006933487	0.004840533	0.00077461416	0.00025029006	0.0016898955	0.0016898955	0.0006347156	0.0029502765	0.0012968613	0.00016083095	0.0029502765	0.0050656116	0.015134693	0.0036375003	0.0010733313	0.0002599412	0.00043832356	0.002289796	0.004844237	0.003978922	0.0021390344	0.00010805821	0.00047013734	0.002207563	0.0015157214	5.4612185e-05	0.00021839693	0.000974094	0.000625654	0.00025536164	0.00062007917	0.008995055	0.0014513873	0.0009938973	0.001417389	0.005027312	0.0044067544	0.0016888605	0.00064428063	0.008995055	-26.05744171142578
s07e02b	45.0	5.0	0.3927342	0.3927342	0.01947324	0.0035269277	0.00011223261	0.0022260563	0.06567794	0.0022126378	0.0031815006	0.0008770169	0.00030146533	0.00018644074	0.00038326642	0.0013546887	0.019016327	0.00019461986	0.0018670291	0.00015830605	0.001864998	0.0771646	0.30875203	0.00085165113	0.0010490428	0.004826152	0.00064255256	0.004826152	0.15398447	0.013844443	0.009187763	0.00057206163	0.00032100963	0.0005187933	0.0013338793	0.0007452594	0.0004920487	0.0009964606	0.0007987996	0.00078648544	0.0014504208	0.0017101379	0.00048942864	0.0017101379	0.00039945275	0.0052308184	0.0020454787	0.00044637555	0.0015387697	0.00028054486	0.0058388948	0.00045177725	0.00062664883	0.0010136309	0.00020864283	0.0008583737	0.00039918968	0.0025843766	0.00010228337	5.7299934e-05	0.0009432004	0.0016078432	0.00013282416	0.0006842799	0.00074748637	0.00013813825	0.0004472338	0.0019243219	0.0011739229	0.0069551845	0.0006406283	0.0002854197	0.0024927894	-23.574182510375977
s07e02b	50.0	5.0	0.63355076	0.63355076	0.019944875	0.0043892553	0.0013445241	0.003152085	0.13373008	0.0026568423	0.002673784	0.0022684345	0.00015991757	0.00025928527	0.0008585786	0.003479067	0.004215828	0.0011662807	0.002494348	0.00027443713	0.0038923966	0.4715174	0.014987699	0.014987699	0.0015928018	0.0023064448	0.00067895034	0.0023064448	0.12649724	0.031761613	0.011852568	0.0012669186	0.00055942876	0.0021152303	0.003909875	0.0011532843	0.00065363455	0.000441659	0.000441659	0.00029498327	0.0011136264	0.00051974633	0.00016352114	0.0011136264	0.0007436065	0.006669632	0.0021518162	0.00023460956	0.0010960747	0.0005177998	0.0031544936	0.0013991838	0.0021426966	0.006052233	0.00049377134	0.0007022584	0.00089402596	0.004436361	0.00011174383	0.0005646771	0.00031595607	0.0009936582	0.00074049854	0.00031791345	0.010338315	0.0013009505	0.001818112	0.010851176	0.004290676	0.0020602334	0.0034145582	0.00029017302	0.010851176	-29.46758079528809
s07e02b	55.0	5.0	0.79827	0.79827	0.002244967	0.0035537498	0.002376934	0.00022732995	0.0003827193	0.00057363196	0.0061555263	0.044650808	4.797529e-05	0.00037365826	0.0005166078	0.0007599747	0.0027128407	0.00015423582	0.0014863337	4.9468475e-05	0.00019243895	0.00030062496	0.0046127043	0.0046127043	0.0030904205	0.00658798	0.0016452685	0.00658798	0.7005742	0.094494104	0.03564451	0.00766693	0.0015696178	0.00631254	0.0094255	0.0056459066	0.0018963189	0.0009200326	0.00019598371	0.00087632565	0.00065987237	0.00020264642	0.00026949664	0.00065987237	0.0013749013	0.0010161259	0.013759095	0.0001743	0.00051878666	0.0021203808	0.00055798166	0.0015957762	0.0007279165	0.0032786822	0.04729619	0.0028019233	0.0025418678	0.0021766163	0.00047983503	0.0010559361	0.0002569981	0.004068294	0.0064546224	0.0002888977	0.044663593	0.0016170086	0.0006586331	0.00071360526	0.0064565763	0.0070802122	0.005414678	0.00025655326	0.044663593	-21.017242431640625
s07e02b	60.0	5.0	0.81320286	0.81320286	0.07041915	0.005767808	0.00032982617	0.0035134996	0.29020265	0.0015040755	0.0037943132	0.0007627172	0.00020144487	0.0008569105	0.0014885928	0.001003002	0.0064381026	0.00053491665	0.0015334871	0.0004519437	0.004475538	0.043096554	0.0028137125	0.0024418426	0.002148119	0.0035779695	0.00071533193	0.0043521896	0.027769232	0.0073762187	0.0035186068	0.00074641657	0.00019221082	0.0008058617	0.0025577934	0.00039949673	0.00041678143	0.0017788571	0.0017788571	0.00074666337	0.0037054992	0.004505881	0.00031202685	0.004505881	0.0008249096	0.009329825	0.01237099	0.0020006315	0.0006959437	0.00069228234	0.007348699	0.0015370768	0.0041147587	0.004171486	0.0005594549	0.0005494996	0.00069267565	0.008275585	0.0003559284	0.0022706448	0.0007257983	0.0015968006	0.00046139755	0.00039696385	0.0035662754	0.0022585844	0.00048880716	0.0025139733	0.0021847736	0.0036133376	0.0010820584	0.00075390615	0.0035662754	-22.88802146911621
s07e02b	65.0	5.0	0.6322004	0.6322004	0.018059723	0.0048367376	0.0005790135	0.003363531	0.12952933	0.0017201966	0.00111376	0.0030425554	8.5455955e-05	0.00050311803	0.0019432766	0.0016900428	0.0014663885	0.0007026955	0.0007602601	0.00031155482	0.0028916453	0.5814227	0.0075610653	0.0044590733	0.0075610653	0.0030415577	0.00068989745	0.0030415577	0.05162599	0.01009305	0.003104342	0.0010384712	0.00045949774	0.0014680778	0.005571473	0.0006290681	0.0003952676	0.0027845358	0.0027845358	0.00047357052	0.005811077	0.0060619023	0.00027438585	0.0060619023	0.0015980721	0.018287268	0.0113445185	0.0017618974	0.00081119157	0.0013590434	0.008325226	0.0014804467	0.0053083417	0.0021314907	0.00012981587	0.00019477097	0.0009220484	0.0023811462	0.00026878866	0.00042094663	0.00038945067	0.0010345579	0.00018982652	0.0006905632	0.0023437499	0.00073255325	0.0016041022	0.0014076271	0.0013920572	0.0052814167	0.0008749953	0.00030038945	0.0023437499	-25.38004302978516
s07e02b	70.0	5.0	0.6550645	0.6550645	0.04794023	0.014580372	0.00070893427	0.0042712893	0.16218191	0.0023850321	0.010162854	0.001840299	0.0003269584	0.00043365837	0.0047005713	0.0029865452	0.0020813162	0.0004406739	0.00071301445	0.0010925428	0.001510087	0.12053821	0.011057493	0.011057493	0.009516335	0.018463964	0.005563946	0.018463964	0.04780664	0.006712763	0.0028307105	0.00073598826	0.0004190954	0.0010368826	0.0026773443	0.00027213074	0.00071716163	0.0010296038	0.0010296038	0.0005051772	0.0037716383	0.0008292505	0.00017363997	0.0037716383	0.00056531554	0.006668669	0.010053133	0.0005550473	0.00085511804	0.00084229914	0.0018408089	0.0028179274	0.01111548	0.0031391797	0.0001154274	0.0006678244	0.002133104	0.01934293	0.00036036974	0.0022518302	0.002881914	0.0008516423	0.00072560704	0.00089872984	0.005829892	0.06637276	0.00032014717	0.002684711	0.0021336614	0.0035009705	0.0016543461	0.00015360105	0.06637276	-22.55550765991211
s07e02b	75.0	5.0	0.592288	0.592288	0.020355172	0.006723177	0.0003565309	0.0043830485	0.27360323	0.0016776362	0.0022783233	0.001847865	9.419726e-05	0.0004974949	0.0014761735	0.0021730908	0.0028685275	0.0009982726	0.0012201337	0.00039920534	0.0037013257	0.43798298	0.0044205664	0.0044205664	0.0042060306	0.0067808954	0.0021571037	0.0067808954	0.05566132	0.012680516	0.005007309	0.0009601919	0.0006335639	0.001571458	0.0038313312	0.0010395754	0.00090672466	0.001289079	0.001289079	0.0006148545	0.003024463	0.002037596	0.0003139548	0.003024463	0.0010107437	0.00831423	0.00559612	0.001035437	0.0007773049	0.0011852912	0.0076504084	0.0015943138	0.0032977453	0.0014361788	0.00023703992	0.000345859	0.00088314764	0.0021579599	0.00015057172	0.0005860503	0.00025029076	0.0013732545	0.0003307901	0.00049565785	0.0021420065	0.0005683199	0.0009675237	0.0017959063	0.0010053718	0.0018600948	0.0014048022	0.00017811685	0.0021420065	-25.94943618774414
s07e02b	80.0	5.0	0.062039927	0.062039927	0.0004740732	0.0002843924	9.245278e-05	0.00012171736	0.00012250217	0.00023505626	0.0053507653	0.0004448894	3.8615377e-05	0.00030941586	0.0005581292	0.0011630822	0.00065908395	0.0001582152	0.0007532904	0.00021559926	8.433345e-05	0.0002803013	0.0032047872	0.0032047872	0.0009614501	0.0018239886	0.00060222094	0.003407687	0.83392596	0.20637572	0.034212656	0.009576914	0.0019355281	0.0071777175	0.0116417855	0.011227004	0.0153701175	0.0031390407	0.0018877768	0.0031390407	0.00045846627	0.0021265836	0.0015613902	0.0021265836	0.0007388125	0.0040082824	0.025469564	0.00029220936	0.00094845815	0.00036043228	0.0037777566	0.0014522078	0.0010647699	0.0008912778	0.0014172966	0.0030139436	0.0007181646	0.0006454235	0.00012432845	7.225772e-05	0.00013613743	0.0011798189	0.0008362166	0.0010209024	0.031369183	0.0004605978	0.00037378224	0.0018640282	0.013351586	0.0010655716	0.0031063242	0.00019070713	0.031369183	-34.551902770996094
s07e02b	85.0	5.0	0.50754964	0.50754964	0.016935533	0.004719106	0.006354161	0.004045404	0.1708372	0.014841803	0.004556025	0.0039421516	0.00057294156	0.00076907635	0.0048946035	0.0038870603	0.0052069346	0.0012707526	0.0015126792	0.00035619386	0.002438385	0.19094655	0.008351528	0.008351528	0.0014548828	0.0032458557	0.0011914026	0.0032458557	0.77703923	0.09926964	0.040004488	0.008331641	0.0036495517	0.008569096	0.013812229	0.0043743486	0.004608951	0.00072816975	0.0005059328	0.0003978733	0.0009033948	0.001058337	0.00012889289	0.001058337	0.0007936255	0.005829602	0.031678025	0.00044917176	0.0008443832	0.0016019265	0.008870412	0.0013316263	0.0020580785	0.0032014027	0.009193051	0.003023057	0.0007252756	0.012622816	0.00022876849	0.0010920818	0.00028120173	0.0021765397	0.0019329699	0.0011269667	0.030573225	0.0004492561	0.0004264584	0.00390474	0.008894436	0.0032817381	0.0045721927	0.00016814278	0.030573225	-30.03854751586914
s07e02b	90.0	5.0	0.4081656	0.4081656	0.016482763	0.007872624	0.00022085954	0.0023012485	0.42048338	0.0014923256	0.004191288	0.002661253	6.449041e-05	0.00038127849	0.00071771373	0.0011513705	0.0020092595	0.0026011283	0.0018944443	0.00082955207	0.006186094	0.099909894	0.0060794554	0.0049286713	0.0018491563	0.004763322	0.00081832847	0.004763322	0.043098222	0.009422581	0.0033188928	0.0012558487	0.0007694565	0.0017939722	0.0033269485	0.00066745374	0.00057718804	0.0004602063	0.0004602063	0.00035206485	0.0016923927	0.00082557526	0.00018946886	0.0016923927	0.00036991513	0.0025873294	0.006654489	0.0008839407	0.001033719	0.0007455272	0.019830287	0.00080704555	0.0049578794	0.0024330958	0.0001222543	0.00058101467	0.0016502191	0.0039240983	0.00012344024	0.00024659443	0.00016825827	0.0012108859	0.00020220462	0.0007305838	0.0014867143	0.00025997392	0.00076392683	0.0015163999	0.00087052624	0.00078944274	0.00090874155	0.00016293966	0.0034808018	-21.546646118164062
s07e02b	95.0	5.0	0.5629227	0.5629227	0.03208891	0.006207587	0.00022896772	0.003523989	0.308039	0.0005438015	0.0018767974	0.002379672	3.866527e-05	0.00048025194	0.00096382	0.003316616	0.0021481162	0.001040374	0.0014266336	0.00046211327	0.007784719	0.4608377	0.004073599	0.0035893435	0.0028026614	0.0067761983	0.001278788	0.0067761983	0.05017267	0.011932567	0.005039455	0.0012128281	0.00067776465	0.0019081063	0.0044479743	0.00090114016	0.0007132673	0.0010223892	0.0010223892	0.00035409656	0.0021713192	0.0017993579	0.00020523358	0.0021713192	0.00057997316	0.0058891363	0.0028303822	0.0009596285	0.000647918	0.0010943412	0.007697126	0.00093224505	0.0021771789	0.003204903	0.00015872896	0.0005348983	0.000721451	0.0019541783	0.000109257526	0.00030094956	0.00034806295	0.00072416227	0.00024810398	0.00051009504	0.0022083174	0.0005412295	0.00063273543	0.0011298971	0.0008327505	0.0018400266	0.0020608334	0.0001270067	0.0022083174	-21.462730407714844
s07e02b	100.0	5.0	0.46877527	0.46877527	0.036157936	0.004005995	0.0001574139	0.0032067648	0.12992069	0.00042468132	0.008330884	0.0021674156	0.00018492293	0.0010118753	0.0015569037	0.010021317	0.0012624016	0.00064008235	0.0071892394	0.00036244266	0.008173367	0.09454354	0.013274875	0.0044031157	0.00075084466	0.004249499	0.00051455747	0.0115814665	0.036741104	0.008064032	0.0035349892	0.0015275606	0.000501009	0.0019822188	0.0034272287	0.00018484396	0.00046302006	0.00088693906	0.00088693906	0.0007729005	0.0008358358	0.00073010486	0.0002790321	0.0008358358	0.0012104294	0.0023552577	0.001320308	0.00032569902	0.0007055595	0.00044397748	0.0039430163	0.004799358	0.00093450665	0.0035543223	0.00026435376	0.003730382	0.0015284205	0.0028325645	9.926417e-05	0.00035030514	0.0020453348	0.001622292	0.000406816	0.00073889847	0.0058668456	0.00095886627	0.0006301227	0.003921076	0.0034612978	0.0023294287	0.010400803	0.0007254165	0.010400803	-21.888072967529297
s07e02b	105.0	5.0	0.75942826	0.75942826	0.0036244139	0.02863464	0.00014401892	0.0019661768	0.030335415	0.001044003	0.0019257903	0.0062377467	0.0014599443	7.2425006e-05	0.0015658359	0.003299098	0.000634682	0.00041771375	0.0006748928	0.00045421807	0.00069252716	0.008803979	0.0026576992	0.0019253909	0.00039146835	0.0014336162	0.0005767618	0.0014336162	0.06112948	0.0040760953	0.0010355978	0.0008938786	0.00035095614	0.00059316744	0.0040256907	0.00018284735	0.0004523081	0.0009857918	0.0005036754	0.0009857918	0.00022920364	0.00025922473	0.00076459366	0.00025922473	0.0010517506	0.0014058093	0.0048205974	0.00029348754	0.00025287413	0.00061869895	0.0018240337	0.0012579964	0.0022250705	0.12696166	0.0006105391	0.016123611	0.0009449139	0.0013695628	0.0011666996	0.0010999385	0.00031736412	0.00053798844	0.00031194	8.171343e-05	0.00500237	0.007010756	0.021922842	0.04273825	0.0055143214	0.0054737376	0.0026682548	0.0004464645	0.04273825	-21.788179397583008
s07e02b	110.0	5.0	0.70905495	0.70905495	0.010564681	0.07882195	0.0011371943	0.0013280085	0.0037499443	0.0030845585	0.0012895352	0.011456246	0.009467644	0.00048627416	0.0036797288	0.02747959	0.00086708285	0.00049682666	0.00087210984	0.0021434391	0.00046290463	0.002052747	0.023952179	0.0023281944	0.0038971915	0.0023842566	0.0015054495	0.0023842566	0.09986226	0.0043750154	0.0009170902	0.0005751495	0.0006486059	0.0005289478	0.002661324	0.00068629277	0.00049255125	0.010073597	0.004450475	0.008293041	0.0019803434	0.0024171704	0.0011966486	0.0024171704	0.004524927	0.007939102	0.0054864455	0.0002486055	0.00039729243	0.0009580211	0.004494111	0.0025727323	0.0011522312	0.00950815	0.0014721495	0.023235159	0.0017798701	0.0048325895	0.00043364888	0.00369236	0.00026316455	0.0013121326	0.010446058	0.00026265995	0.0040234257	0.0013289688	0.0017314397	0.017409867	0.0018685581	0.028697945	0.0083591845	7.550582e-05	0.14397115	-21.933557510375977
s07e02b	115.0	5.0	0.7711131	0.7711131	0.0060273176	0.04058151	0.00016950656	0.00246118	0.15055175	0.00025404326	0.0015220563	0.0034298925	0.00031380996	0.00010195685	0.0008650581	0.0016614792	0.0018861595	0.00069830625	0.0025018966	0.0011466563	0.0044802935	0.023905024	0.025647104	0.0009841819	0.00077837374	0.0013468964	0.00036782495	0.0013468964	0.04946568	0.005428164	0.003169394	0.00091881846	0.0001867765	0.00057471445	0.0025850134	0.00015197361	0.00029529477	0.0008367977	0.00065185316	0.0008367977	0.0008527072	0.00091171765	0.0002763191	0.0010030144	0.00094247365	0.0022095598	0.0039953776	0.00057183293	0.00083776505	0.00036843153	0.0022401677	0.0005073961	0.0069204005	0.0063381977	0.00033813235	0.004964381	0.0013758943	0.0013036757	0.0029945823	0.0012188264	0.00031724464	0.0005989222	0.00046813145	0.0002200998	0.0024125734	0.0016702866	0.00029533787	0.00094064	0.00036980462	0.0017700966	0.004066577	8.6974745e-05	0.0047438038	-20.60920524597168
s07e02b	120.0	5.0	0.8114207	0.8114207	0.0049266187	0.007971122	0.00037555333	0.0008386012	0.012604655	0.0021764694	0.0018234695	0.0055713514	0.001110433	0.0001241485	0.0058853854	0.009227793	0.002856204	0.00013259298	0.00051061454	0.0002800705	0.00025893893	0.0024795225	0.0063098515	0.0063098515	0.0005318401	0.004310188	0.002522403	0.004310188	0.057375822	0.0026986802	0.0007802779	0.0003774675	0.00053076295	0.00040498847	0.0020829807	0.00026062367	0.00031397695	0.0009720229	0.00081491045	0.0009720229	0.00030193187	0.0002731591	0.0004438336	0.00030193187	0.002810717	0.0013644353	0.0019290881	0.00011508812	0.00037243703	0.00023238087	0.0009195436	0.0011149287	0.000744308	0.1482654	0.00031657392	0.037718926	0.0014406382	0.000848027	0.00064849376	0.0037047477	0.00030160102	0.00038403354	0.0005958575	8.431013e-05	0.0010968131	0.0027012082	0.023869686	0.070534706	0.0013509573	0.031068008	0.005122278	0.00021760001	0.20243776	-21.537391662597656
s07e02b	125.0	5.0	0.8591079	0.8591079	0.057861056	0.0065615755	0.0005066729	0.0026592996	0.1993301	0.0011486259	0.003081147	0.001552082	0.00025165928	0.00037696585	0.007332806	0.005833788	0.0031268694	0.0004523868	0.0019421506	0.00039996483	0.005215554	0.019640349	0.005168319	0.0023601996	0.0018459433	0.0037262074	0.002667647	0.0061017596	0.034068108	0.0125500485	0.006444093	0.0015947267	0.0004261967	0.0015815836	0.0028707215	0.0002976396	0.00033322666	0.0061331457	0.0043802587	0.0031351205	0.038660508	0.008066652	0.00047050187	0.038660508	0.0011698535	0.021647263	0.0116098365	0.00082109944	0.00061312295	0.0008868952	0.001826415	0.0044622775	0.0018341044	0.007703658	0.0005572068	0.0013712294	0.00038577407	0.0036453756	0.00046477048	0.01082534	0.0008427158	0.0009300697	0.0005594019	0.000251624	0.0037248149	0.0022840253	0.00034459372	0.002256841	0.0014051233	0.016577335	0.0025526916	0.00026553014	0.0058297734	-21.417387008666992
s07e02b	130.0	5.0	0.88318115	0.88318115	0.032417495	0.00965768	0.0010620969	0.0020881393	0.14135672	0.0034732793	0.0021907985	0.000541892	0.0009470712	0.00016800064	0.039675422	0.004340568	0.0011409764	0.0003742465	0.0010440288	0.0018501669	0.000745128	0.007750185	0.0035187653	0.0012845467	0.0029727577	0.001045222	0.00095560483	0.0017433148	0.0315441	0.008294995	0.0038385778	0.0008058774	0.00034519643	0.000844611	0.0028563195	0.00029484578	0.00025569662	0.0022386059	0.0019179864	0.00066710525	0.0016701785	0.001960466	0.0002455237	0.001960466	0.0017700689	0.008038824	0.003256549	0.00024038191	0.00029654516	0.00046483142	0.0011380928	0.0013004155	0.00188752	0.02406845	0.0008062811	0.0037894878	0.002035898	0.007931174	0.0004041327	0.02733829	0.000851536	0.00079467514	0.00063221646	0.00021524105	0.008016125	0.0059869103	0.0015071078	0.0024441832	0.001414799	0.012552566	0.0010527772	0.0002294179	0.010488884	-20.70270347595215
s07e02b	135.0	5.0	0.851528	0.851528	0.07208541	0.007357696	0.00056617183	0.002334556	0.11944514	0.001003764	0.0023166034	0.0015804057	0.0008444001	0.00046226042	0.007792306	0.0033428527	0.0012688555	0.0010427912	0.0022979884	0.00057787664	0.0022746485	0.0064938352	0.0025230353	0.0013008212	0.0005926786	0.0027820426	0.0003005281	0.0027820426	0.0239211	0.0075168144	0.0029099693	0.0012478135	0.00034221172	0.0009175351	0.0038614152	0.0007474262	0.00015652379	0.0061527616	0.0016532927	0.0061527616	0.0043206615	0.0029058836	0.0017215343	0.0043206615	0.00074014685	0.0020592667	0.0020482107	0.00024294617	0.00019149118	0.0003489424	0.0014196681	0.0008109289	0.0009932256	0.010709554	0.00022094169	0.0014911806	0.00055536744	0.0035045021	0.00025554528	0.028673738	0.001086188	0.0011499779	0.0016162667	0.00016321472	0.0020338818	0.002218771	0.00089941605	0.0021798054	0.0021068468	0.002598287	0.0013740349	0.0011270231	0.0039805095	-22.102392196655277
s07e02b	140.0	5.0	0.8532674	0.8532674	0.008112291	0.04100874	0.0026317693	0.0031118162	0.005200694	0.0042053517	0.0007200828	0.025977619	0.0045174886	0.0013796311	0.020083923	0.011773976	0.0005173748	0.00040516572	0.0013090295	0.00038203452	0.0033804108	0.0077701616	0.028175293	0.018306157	0.0028185223	0.0036969322	0.0044604666	0.009160153	0.032320894	0.0024572287	0.0005659577	0.0009042236	0.00056763616	0.00060606503	0.0014777199	0.0003309503	0.00031292654	0.0036495258	0.0011083764	0.0028200452	0.007200285	0.00148174	0.00038882042	0.007200285	0.0013665954	0.002101116	0.0039242026	0.0002557342	0.00015112074	0.00018401498	0.0020227663	0.0029009196	0.0007283092	0.004417638	0.00027111144	0.0013586682	0.00045946948	0.0006470463	0.0037916666	0.018799914	0.00062934874	0.00035428785	0.00020062638	0.00047261585	0.0014145445	0.0010410805	0.0011500546	0.000782256	0.0007439531	0.0057992735	0.0013307926	0.00033174414	0.024408448	-21.180686950683597
s07e02b	145.0	5.0	0.7626045	0.7626045	0.016532378	0.024732959	0.00019240941	0.0026938757	0.018734328	0.002207954	0.0014836638	0.005675193	0.017654996	0.00021210406	0.0023408195	0.002172549	0.0012763257	0.0012835761	0.0007176617	0.00095466396	0.0022258214	0.021823445	0.009308271	0.009308271	0.0026773098	0.0007869187	0.0012561291	0.001458684	0.049925786	0.0029682398	0.0013520779	0.0007637922	0.0004624821	0.0005132354	0.0020856904	0.00037985048	0.00031213902	0.017124495	0.017124495	0.0071623176	0.01209577	0.05038636	0.0033030217	0.05101536	0.002053718	0.013665111	0.058539614	0.017315894	0.0041733724	0.0016156029	0.055073738	0.002405431	0.00215138	0.0034040986	0.0013475213	0.00069724093	0.00076902285	0.0023927724	0.0029447314	0.003037217	0.00062860124	0.0016596579	0.00060771353	0.0015830036	0.005581815	0.00044168383	0.0030628168	0.003855781	0.0023126693	0.0061787814	0.0015002742	0.0005839104	0.021813232	-20.449094772338867
s07e02b	150.0	5.0	0.9038964	0.9038964	0.017023345	0.057595465	0.00052709394	0.003057167	0.0034728202	0.0026649802	0.0026749058	0.02580811	0.0064179692	0.0005360467	0.0049867723	0.003040871	0.0017134935	0.0010025029	0.0007518808	0.00026812573	0.00020571298	0.0024658018	0.041657936	0.041657936	0.0022897164	0.0059966883	0.004856906	0.0059966883	0.04140841	0.0037145866	0.0015626261	0.0007468733	0.00038185046	0.00057552324	0.0009117298	0.0006134532	0.00056482543	0.0033938035	0.00073095463	0.0019220272	0.0026754288	0.0005235254	0.0005043088	0.0026754288	0.00091279414	0.0017645403	0.008237761	0.00021795447	0.001420729	0.00048824464	0.0008256583	0.0021003445	0.00064132747	0.002170968	0.0021383648	0.0028851193	0.00028658946	0.00056530506	0.00023684358	0.0028981597	0.000118199285	0.00090031326	0.0013820641	0.00015879255	0.0042559183	0.0002727713	0.00065616396	0.0028675976	0.00064031547	0.003123779	0.005044921	0.0009073011	0.0066961963	-20.890155792236328
s07e02b	155.0	5.0	0.80942667	0.80942667	0.025584958	0.02822627	0.00031662642	0.0044749053	0.11343195	0.002495557	0.00201411	0.014578344	0.003298203	0.00057526876	0.0033132948	0.0014900848	0.0030854312	0.0035593756	0.0012560304	0.0006938319	0.005911576	0.018687533	0.020232655	0.007226775	0.0019862754	0.004766008	0.004551745	0.004766008	0.0315014	0.0075189136	0.0026273758	0.0011126015	0.0002906742	0.000983986	0.0014648868	0.0005717016	0.00064289133	0.002448655	0.0018081926	0.002448655	0.024071502	0.0053897565	0.00051473087	0.024071502	0.0006993825	0.0060762838	0.012399786	0.0022703132	0.0028783972	0.0015280567	0.005301291	0.002072692	0.0011102976	0.002494991	0.002780835	0.002056284	0.0009259343	0.003651326	0.0014476161	0.00308394	0.00028489498	0.0014979993	0.002264527	0.00025755516	0.0035347722	0.0006912262	0.00065847556	0.0018281623	0.0016550109	0.013623617	0.005580523	0.00044813554	0.005580523	-20.1160831451416
s07e02b	160.0	5.0	0.8120367	0.8120367	0.013220072	0.2551346	0.00026975112	0.002850144	0.0060866657	0.005697524	0.0033549215	0.011717109	0.0010301896	0.00033738496	0.008186516	0.0014348085	0.00046774742	0.00047600333	0.0011898907	0.00076760905	0.00077539065	0.005554577	0.007769795	0.0017697478	0.007769795	0.00084024656	0.0011640299	0.001521174	0.03725622	0.0032321666	0.0014684092	0.0005626619	0.0001908956	0.0004831299	0.0020839563	0.00027176648	0.00041650262	0.0037062352	0.003259705	0.0028892981	0.012914404	0.013259019	0.00075476913	0.013259019	0.0030996366	0.007811726	0.053414974	0.0020351608	0.0011525112	0.002025211	0.00800485	0.0015530658	0.004033129	0.0031307926	0.0009814177	0.00094406214	0.000584397	0.008911009	0.09475792	0.019365521	0.00033463506	0.0013473717	0.00075976906	0.0018733257	0.0046525258	0.0010666974	0.003400836	0.0011096103	0.0014295167	0.011352756	0.0028571372	0.0012297338	0.0058052503	-20.44137191772461
s07e02b	165.0	5.0	0.85174876	0.85174876	0.017086368	0.17621905	0.0018472826	0.0058080587	0.062936574	0.007175523	0.0071123885	0.023546876	0.0003664484	0.000929578	0.0012748956	0.0030334382	0.0007184596	0.0009073366	0.0019950515	0.0017229771	0.004335518	0.013071425	0.009384922	0.009384922	0.0012045961	0.008181558	0.0017437538	0.008181558	0.11282705	0.009998739	0.002585184	0.0010782912	0.00039470242	0.0013244761	0.0020755462	0.0006829385	0.0007412696	0.0020336688	0.00033244325	0.0011900121	0.0049123075	0.00071048277	0.00021102405	0.0049123075	0.0004015174	0.00093552034	0.002916934	0.00022174956	0.00021291779	0.0006411322	0.00350043	0.0008355937	0.0010326029	0.005197133	0.0010033585	0.0009971148	0.00041941993	0.008591661	0.007220031	0.0039414437	0.00022123089	0.00059131545	0.0006338031	0.0002420336	0.0011250435	0.0004985827	0.00038439507	0.0014347743	0.0005641446	0.0040858085	0.0034473715	0.00030275455	0.020724917	-19.97188186645508
s07e02b	170.0	5.0	0.7253736	0.7253736	0.0028218532	0.07323819	0.00062204374	0.0031886492	0.0024563384	0.0012194007	0.0038685345	0.04058318	0.00060540746	0.000116310635	0.008759819	0.016085561	0.0025133158	0.00018498677	0.0012862068	0.00038850642	0.00084041554	0.0021122028	0.08679443	0.01600739	0.0038918566	0.003761302	0.001370313	0.003761302	0.06921746	0.0032177398	0.0006172592	0.00048557777	0.000393317	0.00045705054	0.0011916227	0.00058372284	0.0004150872	0.0028341976	0.0016683175	0.0028341976	0.001277812	0.00053886167	0.00062518934	0.001277812	0.0028003915	0.0054931855	0.004867122	0.00015888494	0.00022832636	0.00072969386	0.002456163	0.0016594826	0.0009911068	0.013030114	0.0006946781	0.014878997	0.001532701	0.0012727136	0.0010383975	0.003818731	0.00021669855	0.0009188723	0.0008563713	0.00020399627	0.002429172	0.00033009794	0.00047495886	0.015931305	0.00028731555	0.01362413	0.0042124745	0.00042426452	0.031959925	-20.45076560974121
s07e02b	175.0	5.0	0.920852	0.920852	0.011017066	0.11894225	0.0010475179	0.0036035806	0.100428656	0.0047893	0.005767469	0.08918825	0.00014199615	0.00039450527	0.0015658427	0.0055234055	0.00446553	0.002919781	0.006649139	0.00080224755	0.0012337839	0.009313087	0.0069760894	0.0069760894	0.0011903101	0.0015118272	0.0006158175	0.0025633483	0.16788195	0.0058841472	0.0021498501	0.0007458605	0.0005355477	0.0006115157	0.0015256724	0.00044196835	0.0007566975	0.0009927546	0.00021554212	0.0005192341	0.0008855314	0.0001922781	9.258979e-05	0.0008855314	0.0005231368	0.00044508686	0.0018115902	0.00013892553	0.00027466303	0.00033797682	0.001251129	0.001014298	0.0008148576	0.0065332702	0.0010696495	0.0037947693	0.0006517333	0.003498014	0.0016713524	0.012386047	0.00029166244	0.0009366576	0.0010929436	0.00017458512	0.0015275286	0.00037160786	0.00034361597	0.0035213565	0.00078276685	0.0017617899	0.0036709672	0.00033302783	0.0036709672	-21.546831130981445
s07e02b	180.0	5.0	0.73388225	0.73388225	0.032092724	0.056117	0.00017583625	0.0028632255	0.13742296	0.00084762543	0.0065989112	0.008745413	0.00034637857	0.00043967523	0.0017269604	0.0009884255	0.001123381	0.0020601861	0.0027154656	0.00029315782	0.011287962	0.0077233273	0.009571561	0.009571561	0.0011813752	0.004533962	0.0010901749	0.004533962	0.050920837	0.008273346	0.0023985123	0.00085487124	0.00041993381	0.00094710774	0.0022990971	0.0008211366	0.0006377453	0.0031022942	0.00087275205	0.0031022942	0.010348175	0.0010681694	0.0008507789	0.010348175	0.00047364616	0.0035312271	0.0053698756	0.0010542404	0.001698757	0.00076323195	0.0071899747	0.0009939753	0.0051442166	0.001493342	0.00087554025	0.0026537888	0.0011537111	0.0027242973	0.0002968521	0.0017849349	0.00038391512	0.0014233406	0.0015969587	0.00041923966	0.0030544724	0.00031658687	0.0004084257	0.0033184008	0.0012095136	0.024075182	0.0031126032	0.0002172913	0.0033184008	-21.55312728881836
s07e02b	185.0	5.0	0.75255764	0.75255764	0.0150531735	0.08424301	0.00026706184	0.0033509026	0.2856	0.0015583439	0.004345942	0.005601584	0.0001594956	0.0007917605	0.0031381054	0.0013427543	0.0034402136	0.0016496229	0.0038337782	0.0011314114	0.0111421645	0.09712144	0.0054285135	0.0012482812	0.002074404	0.0009392062	0.00029872643	0.0010147304	0.02949693	0.0047198744	0.0020672213	0.00066332996	0.00023991002	0.00052752945	0.001630045	0.00045619372	0.00036612886	0.0011151099	0.0011151099	0.00070698647	0.0037327681	0.0030179897	0.0001885501	0.0037327681	0.0007272408	0.0033503503	0.00484295	0.000899728	0.00073136255	0.0006742287	0.004853344	0.0007117474	0.0021578358	0.0023175264	0.00024346048	0.0005259584	0.0009774347	0.0034217574	0.0019322204	0.0019425305	0.0001917296	0.0020600166	0.00023963912	0.0009860966	0.0013217913	0.00035494033	0.00046452382	0.0028312209	0.0011395502	0.0030663933	0.0026461768	0.0001812326	0.004685246	-21.00442695617676
s07e02b	190.0	5.0	0.91373676	0.91373676	0.008787745	0.15526754	0.00041267692	0.00035835188	0.0017641707	0.000737118	0.0016918547	0.016877037	0.00014106241	0.00015603828	0.0038401734	0.0107442215	0.0010735932	0.00011305248	0.0030275472	0.00057121064	0.0002639113	0.0005026952	0.0035144496	0.003181198	0.0010192362	0.0032042754	0.0009905173	0.0032042754	0.05681099	0.0050439904	0.0010676363	0.00072168617	0.00038173	0.00051544793	0.0018672176	0.0003946548	0.00025141536	0.0038327912	0.0006864053	0.0025255962	0.0004889302	0.00048575323	0.0006172874	0.0004889302	0.0015285312	0.0012908279	0.0009899051	4.8458172e-05	0.00012326663	0.00027590105	0.00076123804	0.0006750498	0.00057023606	0.0012905649	0.0004769067	0.009977408	0.0022266326	0.0015930042	0.0007254753	0.06356986	0.00012684258	0.00047139992	0.0013087004	8.920809e-05	0.0022242523	0.00101686	0.0004019998	0.00055909884	0.0012066001	0.02522417	0.0042863516	0.00030296098	0.011518411	-22.806602478027344
s07e02b	195.0	5.0	0.7085958	0.7085958	0.0045744115	0.27958182	0.00077362044	0.0003568672	0.0011798999	0.0008156488	0.0026067758	0.039166693	0.00039445228	0.00030942587	0.0025290295	0.006196877	0.0028828417	0.00035629745	0.0038524016	0.0008794863	0.00027508338	0.0011308123	0.010843333	0.0059769945	0.0025841456	0.0036456473	0.0019918347	0.0036456473	0.016712608	0.0022606913	0.00046382888	0.00047422122	0.00039470824	0.00046778485	0.0017364376	0.0007400277	0.0002710471	0.002075574	0.0013796063	0.0019653984	0.0006353962	0.0004969233	0.0004624076	0.0006353962	0.0067099333	0.0025008663	0.008883686	0.00037926287	0.00017926232	0.00063734397	0.0016490717	0.0019449873	0.0018262055	0.0013921168	0.00022648791	0.0027248156	0.0031629542	0.0018777926	0.0011750658	0.015895804	0.0009988077	0.00052278984	0.0014209198	0.00014575747	0.010387265	0.0010489848	0.0005214233	0.00056848675	0.001013527	0.025933519	0.0007706603	0.00015213541	0.010387265	-22.70883178710937
s07e02b	200.0	5.0	0.89294314	0.89294314	0.0069307573	0.18877202	0.0009440446	0.0006114531	0.0017892017	0.002948919	0.0022839874	0.14679828	0.00010208877	0.00010253933	0.0050749783	0.00998655	0.00512723	0.00047303678	0.011452331	0.000424143	0.00018871485	0.0007612177	0.009264866	0.0045070425	0.0017349898	0.0010561298	0.0025729095	0.0025729095	0.018821128	0.0019867509	0.0006650415	0.00055181974	0.00029614	0.00043626848	0.00054015184	0.0014382243	0.00020663378	0.008731791	0.0019758926	0.008731791	0.0017644545	0.0010573842	0.002559955	0.0017644545	0.0033255874	0.0024534154	0.0052331365	0.0003152526	9.023606e-05	0.00045438262	0.0006737977	0.0020702237	0.00060814637	0.0017128248	0.00071792374	0.0014947675	0.0009968053	0.0023392998	0.0018876843	0.06589311	0.00037225138	0.0004078975	0.0014371215	4.1436393e-05	0.0017539448	0.00037205874	0.00044270264	0.00039153217	0.0011346019	0.06476361	0.0005671354	0.0006417582	0.0053231968	-22.312034606933597
s07e02b	205.0	5.0	0.5113238	0.5113238	0.048683237	0.0183133	0.0004297081	0.0047134724	0.20298423	0.0011098462	0.008153164	0.0044980445	0.00021032299	0.00067079306	0.0023371466	0.0068155155	0.0019112398	0.0018701695	0.0093108	0.00031937528	0.033440504	0.10825066	0.008299031	0.008299031	0.003164944	0.012090175	0.0024601172	0.012090175	0.022200877	0.009910698	0.003940036	0.0010144815	0.00029704912	0.0009087321	0.0022452702	0.00039248567	0.00029003416	0.0007989458	0.0007989458	0.0005771011	0.0012789286	0.0010748636	0.00023854831	0.0012789286	0.0008804783	0.001975255	0.0041617975	0.0030887565	0.006266291	0.001630864	0.028278578	0.0022158553	0.0011087302	0.003310185	0.00080728665	0.0009806551	0.0011579099	0.0012621983	0.00025420488	0.0011280784	0.00043697393	0.0022501573	0.00093972177	0.0014980206	0.0031888084	0.0004853635	0.0004976087	0.002736847	0.0012203163	0.0021960554	0.0064482274	0.00047347008	0.008574919	-21.32092666625977
s07e02b	210.0	5.0	0.9323939	0.9323939	0.018301962	0.008368411	0.0023773748	0.0018141789	0.103780955	0.001482887	0.0011780816	0.0015266794	0.00027119313	0.00054397003	0.0013204701	0.01187321	0.0050216457	0.00035536865	0.0011314502	0.003121704	0.0007438652	0.031677008	0.15000933	0.0045574266	0.0026014945	0.0067480183	0.0014844608	0.0067480183	0.094349526	0.007786963	0.004698368	0.0012680884	0.0005488464	0.0012280074	0.003884578	0.0002817825	0.0004624301	0.002609651	0.0016236503	0.0022443924	0.0048199273	0.0016890253	0.0006429584	0.0048199273	0.0034989433	0.006366493	0.005045955	0.00083180796	0.00022851277	0.0005659946	0.0021396596	0.0013383445	0.0029463798	0.0055406294	0.00028007556	0.00064578187	0.0005686485	0.008207613	0.0010586284	0.0013756151	0.0002560477	0.0009022519	0.00031353065	0.00062121666	0.00701799	0.004185552	0.0014858942	0.00049514667	0.0032701073	0.0075549777	0.0010044087	9.8966455e-05	0.00701799	-21.044931411743164
s07e02b	215.0	5.0	0.9023549	0.9023549	0.068691105	0.18898425	0.0007824275	0.0012905605	0.0056645367	0.003674104	0.0021335832	0.0076496922	0.00030964307	0.00026002128	0.0020513681	0.004046528	0.00072271615	0.00030944476	0.0009217454	0.0003854087	0.0002143142	0.0012604696	0.0064051077	0.0064051077	0.0012465572	0.0026821664	0.0020842478	0.005317852	0.02390272	0.0051830187	0.0020560534	0.00080791966	0.0003713642	0.00068219367	0.0012952547	0.00031922854	0.00020721144	0.0034710288	0.0007445495	0.001045719	0.00039690445	0.00045263526	0.00024877195	0.00045263526	0.00091071014	0.0017984625	0.002493386	0.00017589779	0.00016621049	0.0002896125	0.0010482336	0.0007405677	0.0007685866	0.0018999705	0.0001915078	0.0019457076	0.00066248776	0.008116482	0.00035665632	0.012342847	0.00031510778	0.0010579727	0.003572089	0.00019374964	0.004145866	0.0008817208	0.00029987667	0.00041546504	0.0004812	0.0066190003	0.0016262572	0.00039390815	0.005137388	-21.28130149841309
s07e02b	220.0	5.0	0.7858755	0.7858755	0.011705414	0.11468085	0.00030804778	0.0026407233	0.07285934	0.00094694353	0.0054321033	0.047806174	0.00023268393	0.00021929313	0.0025921923	0.0056452802	0.0008738371	0.0011621774	0.005992588	0.0008493055	0.024810202	0.025638668	0.008783234	0.0061354456	0.0006378553	0.009798717	0.000616561	0.009798717	0.0678847	0.0041790004	0.0011025702	0.0006989031	0.0003676286	0.0004893647	0.0019170338	0.0005041312	0.00059482903	0.004145476	0.001219094	0.004145476	0.0030774698	0.001312412	0.0011995124	0.0030774698	0.0021648596	0.0031983168	0.022914277	0.0015716435	0.00065255247	0.00085345993	0.008414696	0.004683916	0.002358755	0.011408403	0.0004267811	0.0022232812	0.00082588964	0.0018074577	0.0014183889	0.0033678	0.00061099924	0.001497128	0.00055140624	0.00025043974	0.0024345953	0.00046283714	0.0013709983	0.0036113965	0.0007956511	0.0033358224	0.00205024	0.00025195986	0.014797123	-20.591636657714844
s07e02b	225.0	5.0	0.86189157	0.86189157	0.02460726	0.055456486	0.00026806668	0.0003929244	0.0018644016	0.00062581623	0.0014036534	0.005261231	0.0002769283	0.0005437137	0.006364448	0.00410902	0.00063164305	0.00020654393	0.00029726472	0.00042986422	0.00017505836	0.0024276958	0.008494969	0.008494969	0.0022633744	0.0047207614	0.0025596276	0.0047207614	0.03712717	0.006037885	0.0027529802	0.00048367685	0.00045892518	0.0005217628	0.0022571136	0.0009441827	0.00015549202	0.004406311	0.00129414	0.0025192352	0.0015967748	0.0008505762	0.0007005482	0.0015967748	0.0019499608	0.004570826	0.007587144	0.0003869053	0.0003560426	0.0010796593	0.0017963758	0.0020606236	0.0025927569	0.0020322902	0.00043421265	0.0011505367	0.00090125354	0.010770028	0.0012487314	0.018025938	0.00045816938	0.00073224056	0.0030900328	0.00022842608	0.0048039793	0.0017250362	0.00037013597	0.00046687474	0.0013771527	0.008260864	0.0010840235	0.00056760263	0.0065478915	-23.78861427307129
s07e02b	230.0	5.0	0.46389383	0.46389383	0.05548212	0.007387907	0.00016296047	0.0062701493	0.06827243	0.0016485323	0.0036767619	0.0012298673	0.0014388867	0.00036761284	0.0009463712	0.008111754	0.001472728	0.00059301313	0.002196005	0.0016800186	0.010092521	0.07398601	0.042516362	0.0034716027	0.0020916378	0.0014905857	0.0005573579	0.0022273127	0.029383175	0.004180671	0.0023954154	0.0010534804	0.00061830785	0.0009773979	0.001963025	0.0004586704	0.0003277755	0.007096556	0.007096556	0.005603722	0.0074316747	0.008944361	0.0029784488	0.009461193	0.0034102285	0.012657682	0.025319634	0.0049013337	0.00086451595	0.00085255643	0.0057284376	0.0048391894	0.0030032992	0.010001774	0.00016107512	0.0011128124	0.00255953	0.001053505	4.9741044e-05	0.00079830503	0.001354561	0.0008283032	0.00053878	0.00037512716	0.0031002143	0.00036264796	0.0034287858	0.0041210987	0.0020817253	0.009162299	0.001625675	0.0015249716	0.015172339	-24.713275909423828
s07e02b	235.0	5.0	0.72942656	0.72942656	0.014417832	0.0045597916	0.00040566368	0.0015931057	0.01757415	0.001078641	0.0010106426	0.00245082	0.00018632237	0.00030928137	0.0033688324	0.0043514483	0.007870195	7.980075e-05	0.00030771256	0.00013006457	0.0006373719	0.0505257	0.014962075	0.0063639535	0.00249991	0.03849873	0.0009104567	0.054929763	0.006590955	0.0013441119	0.00061777886	0.0006186594	0.00035530646	0.00063795166	0.00073211774	0.0002520853	9.8238044e-05	0.0018467535	0.0014749581	0.0018467535	0.0004887648	0.00047747776	0.00041614723	0.0004887648	0.017046884	0.0037592994	0.0064370837	0.00022948766	0.0003138719	0.00039512067	0.0011761676	0.010652229	0.002523034	0.012458245	0.00064679724	0.002015092	0.010733552	0.00056263106	0.00018071818	0.00077437307	0.015233314	0.00039736327	0.000235337	0.001110533	0.01995259	0.001922352	0.00045983752	0.0023000753	0.005578195	0.021320056	0.0018329718	0.0006370482	0.053874943	-25.898435592651367
s07e02b	240.0	5.0	0.8487475	0.8487475	0.016506394	0.026595384	0.0039800596	0.030889567	0.05365691	0.0077125756	0.007873871	0.13779785	0.0006387557	0.0005907572	0.0045670914	0.008753527	0.0006058531	0.00090640807	0.0025272954	0.00053293287	0.009055563	0.032937013	0.012921666	0.0038094418	0.002980286	0.020095944	0.004801659	0.020095944	0.026159104	0.0039990908	0.002523345	0.0009507332	0.00056732487	0.0010182555	0.001194573	0.000561471	0.0009365456	0.0030779496	0.0008106708	0.0030779496	0.005226964	0.0009816263	0.0012058819	0.005226964	0.0012760315	0.0035664516	0.016836718	0.00029017578	0.00081706315	0.0005451628	0.005031757	0.002262924	0.0040307203	0.0035868888	0.0005778227	0.001872748	0.0010319803	0.0023869732	0.0013880354	0.0003942196	0.0007462359	0.0007047756	0.0008862262	0.0023768526	0.0022880852	0.0010551217	0.0046219416	0.0030437591	0.0005772482	0.012690824	0.0025710831	0.001423546	0.0046219416	-20.20346450805664
s07e02b	245.0	5.0	0.8671057	0.8671057	0.0049898117	0.20982292	0.0004941916	0.000994801	0.0096028745	0.0028884518	0.0038230813	0.052551154	0.00022061096	0.00048627506	0.0024215865	0.0062333974	0.001715035	0.0002743885	0.022784134	0.00072248274	0.0004172362	0.0014546299	0.008265424	0.008265424	0.00063081103	0.0028188934	0.0018472106	0.0031650357	0.08579934	0.003440405	0.0011381443	0.00058964617	0.00050194183	0.0004607611	0.0018858067	0.0005280675	0.000535014	0.0009601649	0.0006668094	0.0009168232	0.0014629588	0.0007191203	0.0003638503	0.0014629588	0.0010208475	0.0020948946	0.005921541	0.00026068155	0.00024437445	0.00075337547	0.0015013238	0.0017767043	0.0014495543	0.0076035047	0.0009916561	0.011991499	0.0042882976	0.003877221	0.003748851	0.008279875	0.00061973295	0.00066607643	0.0037579658	0.000100817015	0.002717344	0.00097248977	0.000418219	0.010213333	0.00082163204	0.005253247	0.008132621	0.00040699248	0.010213333	-20.89993667602539
s07e02b	250.0	5.0	0.8370237	0.8370237	0.0080420645	0.07761769	0.00025802338	0.002532248	0.13388187	0.00035175032	0.005192382	0.014854247	0.0002619442	0.0012515112	0.0008581075	0.0021277133	0.003465692	0.0015479017	0.00556715	0.00060438586	0.02370229	0.018743658	0.0046309335	0.004500003	0.0011502956	0.004906949	0.00047540184	0.004906949	0.071233995	0.012442673	0.005563582	0.0015823179	0.0007401712	0.0010550171	0.003926313	0.0008131373	0.0009584466	0.000695705	0.0005889952	0.0006900198	0.0034097233	0.00064138894	0.0001742166	0.0034097233	0.00056768704	0.0017461816	0.0018517263	0.00035875285	0.00038644066	0.000582247	0.003769274	0.00044406042	0.0009053581	0.002905236	0.00060651806	0.00082311546	0.0007132232	0.0011153267	0.00034074884	0.0015141757	0.00034716024	0.0015627608	0.002563296	0.0003420742	0.0021989692	0.00027631567	0.00023337026	0.00081482617	0.00033393299	0.0035664872	0.0035039282	0.00021863965	0.0035039282	-20.561864852905277
s07e02b	255.0	5.0	0.9224987	0.9224987	0.00463065	0.19327587	0.011166095	0.0026006312	0.07107228	0.16500875	0.0035863721	0.045948867	0.0038435715	0.00048290566	0.00092370063	0.0014157008	0.0025392347	0.001012985	0.0007116995	0.00027503434	0.00016965986	0.0015214549	0.0073067923	0.005443693	0.0008967791	0.0017396151	0.0008556071	0.0021239745	0.09342791	0.003483848	0.0010386583	0.0007337773	0.0003951561	0.00058836903	0.00093078864	0.0013193645	0.00083507836	0.001546714	0.00056889193	0.001546714	0.0013066964	0.0005010508	0.00069316174	0.0013066964	0.0007122121	0.0022995172	0.009219439	0.00013833017	0.00066700607	0.0011433304	0.0020365955	0.0012565755	0.0013782779	0.0012189721	0.0012868317	0.00046285347	0.00027273543	0.009889563	0.0005503965	0.006126595	0.00018159983	0.0016067803	0.0024472638	0.00022945201	0.0010464854	0.000314298	0.0004579884	0.00043754958	0.000421878	0.0015070566	0.0008091582	0.0009324716	0.0011997301	-20.46147918701172
s07e02b	260.0	5.0	0.8533112	0.8533112	0.043201398	0.13543922	0.0006278202	0.002417566	0.07925541	0.0064950413	0.0028886965	0.010174795	0.0025903743	0.00068498397	0.0063893315	0.004033091	0.0025156	0.0027260815	0.001759549	0.0009049329	0.0033547317	0.016451502	0.005970853	0.0050351867	0.0012257012	0.0015311022	0.000955067	0.0015955636	0.023702538	0.0028139104	0.0010439566	0.00053249975	0.0001896543	0.00054189126	0.0023452714	0.00037495518	0.00015670763	0.008319071	0.0027508433	0.008319071	0.004705205	0.004408374	0.0029491913	0.004705205	0.0015673096	0.0048481924	0.009550929	0.0009050852	0.0015601194	0.0009335557	0.006217715	0.0017337871	0.0018110918	0.0057871756	0.0007109078	0.0017204226	0.00042372718	0.0044564535	0.0012917031	0.009403226	0.00060811476	0.00091892446	0.0010268473	0.00029877797	0.001313129	0.0008580695	0.0016790488	0.0020382728	0.0016161466	0.005444669	0.0032262802	0.00042353856	0.009060357	-23.125877380371094
s07e02b	265.0	5.0	0.8677265	0.8677265	0.061116926	0.015681988	0.00033110243	0.0052442937	0.007658094	0.005925637	0.00097105047	0.0021448673	0.034350462	0.00059674983	0.058441825	0.0033554477	0.0019329396	0.001322623	0.0004557217	0.0007430058	0.00040635437	0.0018939631	0.01015708	0.0015008327	0.0009515923	0.00064178294	0.00090583524	0.0014318185	0.019806292	0.0037799699	0.0017425672	0.00038278042	0.00033435604	0.00029094977	0.00096988777	0.0007774968	0.0001919524	0.0015668857	0.0011587059	0.0015668857	0.0009628517	0.002204641	0.00065947726	0.002204641	0.0017143828	0.0032193568	0.0051406696	0.0006396524	0.000257103	0.0010806296	0.0020585193	0.0011293999	0.0013775247	0.003764078	0.0002396069	0.001166883	0.0007005198	0.006713936	0.00047945877	0.036707968	0.0017394008	0.0017389479	0.004163424	0.00047609594	0.005168829	0.0023684427	0.0006111114	0.00085085956	0.0018506442	0.0057664816	0.0013022907	0.00022196998	0.005168829	-20.358375549316406
s07e02b	270.0	5.0	0.7749744	0.7749744	0.10842536	0.010416327	0.00041537042	0.0033281771	0.18513636	0.0013708306	0.0011794313	0.0019014829	0.00024414435	0.0004488803	0.0044259676	0.008948267	0.0027521176	0.0013029489	0.0026764532	0.0008316304	0.0061802226	0.110371925	0.015398778	0.005427854	0.0038139739	0.029891547	0.001340556	0.029891547	0.075630866	0.014204353	0.0055215666	0.0013282317	0.0008072732	0.0013978785	0.006222578	0.00025460095	0.00029929972	0.0035081978	0.002130578	0.0035081978	0.00538409	0.0038621307	0.001335809	0.00538409	0.0020863633	0.007263648	0.007540793	0.0019928056	0.00059043494	0.0010027899	0.008696721	0.0020862392	0.0046083275	0.006230657	4.5455745e-05	0.00150353	0.0014986792	0.004435803	0.0003237456	0.0007599566	0.0028823086	0.000987345	0.0006472622	0.0007489994	0.0070709456	0.0012628429	0.0024072188	0.0031738805	0.00097482087	0.0040282896	0.001926411	0.00014936281	0.0070709456	-22.166719436645508
s07e02b	275.0	5.0	0.7912735	0.7912735	0.019573689	0.03668558	0.00031772742	0.0003690673	0.0013422462	0.00028998635	0.0014428934	0.001056244	0.00019676151	0.00017707677	0.0061075287	0.0025881664	0.00056396314	9.248267e-05	0.00091177115	0.0009805817	0.00031578806	0.001162849	0.0034636687	0.001997378	0.0012885144	0.0021802846	0.00081600493	0.0021802846	0.03153595	0.008875993	0.004340997	0.00077513873	0.0005219494	0.0010776437	0.0030289204	0.0002972868	0.00035597864	0.0017408676	0.0017408676	0.0013065011	0.0005960248	0.00079715485	0.000527582	0.00079715485	0.0017851763	0.0039330395	0.0025795456	0.00020645415	0.00019179872	0.0011858467	0.001625751	0.00046494062	0.0011051523	0.005173306	0.0001711761	0.009207308	0.0025787274	0.0014339574	0.0008480481	0.021975499	0.00017964783	0.0010464475	0.0011169853	0.00015165383	0.004236706	0.0032321576	0.00042566843	0.0027978015	0.00065592566	0.0047463416	0.0007495164	7.459527e-05	0.08545259	-21.110355377197266
s07e02b	280.0	5.0	0.63984895	0.63984895	0.035126757	0.051908605	0.0014884071	0.004501187	0.13854936	0.002861082	0.003323091	0.022365605	0.023066303	0.0010021816	0.0042389133	0.00074816204	0.0039344146	0.0022113454	0.0024965198	0.0012267441	0.008923867	0.0072376924	0.011370915	0.00799039	0.011370915	0.00085389434	0.0015625785	0.0015625785	0.06644021	0.009530981	0.0062873545	0.002855965	0.00095185253	0.0022876717	0.0030969458	0.00072925584	0.0004513281	0.0023918017	0.0011207884	0.0023918017	0.0017234727	0.0020467523	0.00104347	0.0021534592	0.0007811628	0.0023500626	0.012514607	0.0022308168	0.0012006967	0.0012202674	0.03564526	0.00079263357	0.002212921	0.005818751	0.0025411944	0.0011221847	0.0006558726	0.003120986	0.0021888253	0.0032830266	0.00050879945	0.0012608477	0.003793504	0.0010216249	0.0036445756	0.0006393447	0.00082359364	0.0044531715	0.0022306237	0.0044042487	0.003527142	0.00031906547	0.009648705	-20.57215881347656
s07e02b	285.0	5.0	0.88460654	0.88460654	0.024486192	0.08588531	0.00021445667	0.0028843842	0.26540157	0.0014420535	0.0011298443	0.003756675	0.00019626722	0.00030712815	0.0006855064	0.0035722856	0.010228346	0.0010690591	0.0008803869	0.0005188917	0.0028054456	0.46371347	0.0035707245	0.0035707245	0.0021800573	0.0036153106	0.0005815771	0.0036153106	0.107496664	0.006911424	0.001978659	0.0007847565	0.00045335206	0.0009730449	0.0028269647	0.00062304473	0.0008489398	0.0012471036	0.0011173025	0.0012471036	0.0029403944	0.0020232284	0.0007567703	0.0029403944	0.00090666936	0.006161314	0.006371985	0.00092234096	0.0005835821	0.001496436	0.0069046095	0.0013100766	0.0032601508	0.0021918423	0.00027154604	0.0007038584	0.0005238573	0.004703448	0.00089544756	0.0068394523	0.00035788657	0.0017198166	0.00052741833	0.00035319407	0.0014708849	0.0005780113	0.0010715012	0.0026430602	0.0022189992	0.005279436	0.0022746052	0.00022548942	0.0026430602	-23.547250747680664
s07e02b	290.0	5.0	0.8574939	0.8574939	0.029336715	0.07064236	0.00052457536	0.0005296766	0.0048673945	0.00039616448	0.0016523941	0.0020272802	0.00015206884	0.0002632102	0.004877632	0.0019799185	0.00078909	0.00017083921	0.0016059796	0.00045968193	0.00061611336	0.0012992028	0.0023578843	0.0018994224	0.00085533847	0.0037731382	0.001470093	0.0046981736	0.07071486	0.0123828165	0.0032353129	0.0018818814	0.0006654739	0.002170908	0.004229113	0.0004901243	0.00045910018	0.0027116437	0.00052047113	0.0017022111	0.0008779491	0.00034943127	0.00037380986	0.0008779491	0.0006321833	0.0018583827	0.0014786299	8.106289e-05	0.00025710423	0.00034589958	0.0005687827	0.0004921922	0.000662585	0.00524514	0.0020157958	0.0031484521	0.0025963625	0.0077438615	0.0014010513	0.03660546	0.00032188548	0.0012240427	0.0016937436	0.0003779401	0.0062927697	0.0067320354	0.0011890047	0.0005633775	0.0016140437	0.005703803	0.003280966	0.00013416992	0.008721281	-22.878612518310547
s07e02b	295.0	5.0	0.877592	0.877592	0.07780001	0.28811413	0.0021970095	0.0014943285	0.032442138	0.022083376	0.0019446199	0.0050034453	0.0004908688	0.00034585968	0.028406499	0.00200503	0.0045411987	0.0011957365	0.0011000831	0.00086732703	0.00048718817	0.0033943146	0.0034802442	0.0034802442	0.0012033501	0.002191517	0.0013054861	0.002191517	0.019771298	0.0040589673	0.0010284651	0.00054523273	0.00028999048	0.00050787226	0.002436691	0.0005122723	0.00018804845	0.0011029867	0.0004937683	0.00030256814	0.0003603129	0.00029655307	0.000113179325	0.0003603129	0.0007271289	0.001992836	0.0026653986	0.00013501671	0.0004002765	0.00061432674	0.001170481	0.0006344673	0.0014784236	0.0022200488	0.00011029215	0.00464848	0.00048390028	0.004459247	0.0005829428	0.0059513655	0.0002862989	0.00046073744	0.0011043446	0.00044330276	0.0025971048	0.0011798707	0.0004085612	0.0013816805	0.0008429507	0.005815241	0.0019603167	9.411143e-05	0.0060954904	-21.88939666748047
s07e02b	300.0	5.0	0.8945856	0.8945856	0.06812344	0.029002536	0.0001449012	0.0026576333	0.33781323	0.00081248354	0.0019405826	0.002793084	0.00023060653	0.00031181067	0.00085955556	0.0038287772	0.0027405377	0.0011006073	0.0025486057	0.0005478862	0.008064863	0.039259534	0.0029489947	0.0026283232	0.0011941749	0.004306195	0.0004039016	0.004306195	0.026295414	0.005795203	0.001853197	0.0010265509	0.00029793062	0.00082786375	0.0032863612	0.00046786468	0.000199605	0.0033383695	0.0015606321	0.0033383695	0.005627876	0.002871011	0.00082611357	0.005627876	0.0014595789	0.0027762584	0.0025747921	0.0007188253	0.0007455485	0.0006635351	0.0028502198	0.0016006549	0.001141408	0.0058124103	0.0007811524	0.0024860662	0.00075361924	0.0013027039	8.8076114e-05	0.0015949166	0.0007275822	0.00074224855	0.00023243694	0.00017623608	0.0014922686	0.00036748688	0.00085507653	0.0024815695	0.00072880875	0.004238529	0.011741214	0.00025398392	0.011741214	-21.026695251464844
s07e02b	305.0	5.0	0.86026365	0.86026365	0.018203732	0.18367258	0.0007166905	0.00086938316	0.0022808013	0.0028908919	0.00230153	0.0076413383	0.00094524253	0.00047403818	0.00069392874	0.0071041835	0.0011865937	0.00018137088	0.0002504617	0.0010848525	0.00019653501	0.0031084071	0.0051577436	0.0039128195	0.00065321045	0.002884036	0.0024509274	0.0031491332	0.07926104	0.0031789262	0.00079083565	0.00057084434	0.0004653033	0.0006175231	0.0018815427	0.0010769279	0.00044382052	0.0051499885	0.0018353236	0.0051499885	0.0012878531	0.0015081263	0.0017508484	0.0015081263	0.0013641736	0.0066032764	0.009160802	0.00038018127	0.0003778266	0.0004268946	0.0026788814	0.0014769061	0.0017451653	0.001291273	0.0006970359	0.0011434382	0.000522475	0.026262732	0.00062384567	0.01909421	0.0005846059	0.0014916948	0.003701312	0.0002631781	0.0038883882	0.0015365836	0.0014182093	0.00055782637	0.0009195484	0.004965719	0.00077899557	0.00028117225	0.006023051	-22.214954376220703
s07e02b	310.0	5.0	0.8320201	0.8320201	0.03774866	0.010415197	0.00050861615	0.0003236274	0.0014084766	0.0019188647	0.0012577866	0.002380632	0.0011960047	0.00016810816	0.016898444	0.021199856	0.003600709	0.000146046	0.0033487075	0.00041999406	0.0004045673	0.0012454031	0.009771752	0.0048986906	0.001690552	0.0024180815	0.0020397634	0.0031612949	0.023423817	0.006471962	0.0035364288	0.0012522533	0.00051388866	0.0011236875	0.0024493728	0.0005587528	0.00021210143	0.009933999	0.0026327504	0.009911204	0.0015176133	0.0013275316	0.0033782527	0.0015176133	0.004018373	0.0043798657	0.00497208	0.00036371071	0.00042025177	0.0004760505	0.0019148636	0.0034277008	0.001027356	0.0132578155	0.0008394855	0.0052232067	0.0010415288	0.0017478623	0.00037356422	0.025151772	0.0009958275	0.001322875	0.0031794007	0.00020049368	0.013387167	0.003003336	0.0011417093	0.003906363	0.0013574046	0.011250914	0.00059733883	0.00043958597	0.013387167	-24.88256072998047
s07e02b	315.0	5.0	0.8687532	0.8687532	0.04602823	0.04120098	0.00045837145	0.00053818	0.0020564122	0.0014383476	0.0017637266	0.003910477	0.0011003782	0.0003420773	0.009044847	0.00940252	0.006203411	0.0003565506	0.00060150906	0.00033586973	0.0004337092	0.001385288	0.012138952	0.012138952	0.0041232165	0.0018954455	0.0025791973	0.0054980596	0.015201844	0.0034090492	0.0011557202	0.0007725913	0.0004966519	0.0007128127	0.0012899947	0.0006256352	0.0002026443	0.009703041	0.0015041964	0.009703041	0.0029238597	0.0008059819	0.0017549486	0.0029238597	0.0042162724	0.0039092735	0.0043392247	0.00028067888	0.00019845007	0.0005262837	0.0015468629	0.0020356558	0.00088316825	0.0024231696	0.00055413385	0.0019389893	0.00094118057	0.0056287916	0.00047068595	0.02179445	0.0009779306	0.00073587534	0.011993459	0.0001631598	0.0043768724	0.0008247521	0.00031632168	0.0005113768	0.0007918084	0.018519511	0.0011510542	0.00064773613	0.010267328	-23.78870964050293
s07e02b	320.0	5.0	0.8177768	0.8177768	0.007845943	0.014199713	0.00507565	0.00046040266	0.0053224596	0.0016984603	0.0037602156	0.005190712	0.0022255639	0.0007079236	0.03490772	0.02124897	0.005802078	0.00086327374	0.0019947668	9.6568074e-05	0.00025984558	0.00089371257	0.034803547	0.017966058	0.0067164614	0.00436747	0.0021171505	0.00436747	0.025076024	0.007785098	0.0032308486	0.0012341094	0.0006104088	0.00091621245	0.0017288554	0.00034438894	0.00024751402	0.001627147	0.0009947238	0.0010905629	0.0006809715	0.00027230775	0.00024846167	0.0006809715	0.004329035	0.0032136037	0.0013870007	0.00010366533	0.00018151102	0.00040977367	0.0011093398	0.0020931521	0.00044513436	0.01967544	0.001263427	0.007032463	0.016985979	0.002152156	0.0005430034	0.047819372	0.000494728	0.0006777773	0.0016807033	0.00069365266	0.0015846594	0.0072555756	0.00042212178	0.000869529	0.001292029	0.032450493	0.0060484363	0.000418206	0.014461805	-26.19780731201172
s07e02b	325.0	5.0	0.74646103	0.74646103	0.0052170213	0.005357286	4.9091257e-05	0.0095049795	0.013483274	0.0003646686	0.036193796	0.00076594634	0.000299461	4.918774e-05	0.0009536444	0.0015390071	7.2870316e-05	2.195416e-05	0.0016910229	0.00083054946	0.009083204	0.0055566505	0.0013900421	0.0006002274	6.7495115e-05	0.00048824743	0.0001873101	0.00048824743	0.85687035	0.2098703	0.07975733	0.00059377693	0.00010679363	0.0027018634	0.29660755	7.63915e-05	0.02238309	7.1208335e-05	5.24968e-05	6.6431916e-05	0.000120158475	0.00014360656	2.2296605e-05	0.00014360656	8.777511e-05	0.00041412737	0.004811677	7.421128e-05	5.6762663e-05	0.00011234236	0.00024675342	0.00048904977	0.0007197308	0.0010363469	0.00015870143	0.0002430029	0.00011979009	0.00048520716	0.0004846964	0.00023774747	6.0162973e-05	0.00010509732	4.634605e-05	2.5259915e-05	9.9502235e-05	0.000120102806	0.00026795376	0.0022118168	0.0002621206	0.0006881213	0.0018648178	8.8681976e-05	0.0077687064	-17.673885345458984
s07e02b	330.0	5.0	0.029146727	0.029146727	0.00029675956	0.00018635276	0.00013083877	0.0060691056	0.00015730932	0.00014711944	0.044901658	0.00052666053	6.648002e-05	0.0001868506	0.0005006703	0.00013836921	7.726538e-05	4.4218996e-05	0.000106994026	0.00028523552	0.00018043803	0.0006678269	0.0012943853	0.0012943853	0.0007187688	0.0023584072	0.001456606	0.0023584072	0.8573916	0.18597278	0.12973844	0.0005351464	0.00034451473	0.0013957336	0.17014591	0.0006806101	0.009989487	0.00041938393	0.00041938393	0.00028009614	0.00040120195	0.00036418065	0.0001293815	0.00040120195	0.0003661945	0.000735344	0.0009359573	8.431768e-05	0.0002170269	0.00016600934	0.00048294294	0.001099641	0.00026128872	0.00015164602	0.00017425614	0.0001277113	0.00021390182	0.00070371927	7.1278715e-05	9.4200856e-05	0.0004424586	0.0002508936	0.00040640746	0.00027363948	0.0005366208	0.0007818197	0.00059785024	0.0008044346	0.00019609345	0.00064825243	0.00049120816	0.00016279072	0.054781307	-17.040796279907227
s07e02b	335.0	5.0	0.6912919	0.6912919	0.06842302	0.0029605771	0.00019789378	0.005311661	0.079973824	0.0011762964	0.006202165	0.0013334284	0.000929346	0.0005665967	0.0024609906	0.0066002873	0.000761978	0.0006993771	0.0022950831	0.0007455002	0.00380645	0.07218942	0.012172263	0.0042743366	0.000522902	0.006353535	0.0033099267	0.007387459	0.44867206	0.15465009	0.11023292	0.0031174452	0.0012824562	0.002902883	0.03551933	0.0006016851	0.0023846861	0.0076646707	0.006923521	0.0076646707	0.0016336519	0.008684381	0.0033795952	0.008684381	0.0023772765	0.026257146	0.035278488	0.0022736618	0.0010208242	0.0005596952	0.0023337123	0.0037973388	0.005357418	0.0053530703	0.00024798172	0.0012854707	0.0016914826	0.0023457287	4.07268e-05	0.0008586064	0.0011775566	0.0007165	0.00012788046	0.00036579987	0.0057050036	0.000948531	0.0031820254	0.0030696986	0.0023925423	0.0026905497	0.005155931	9.993089e-05	0.016051915	-27.19359970092773
s07e02b	340.0	5.0	0.8663507	0.8663507	0.031956483	0.11940598	0.000867823	0.0036246153	0.02762929	0.003222169	0.011639997	0.01885195	0.0001242096	0.00012128429	0.0030883835	0.010499776	0.0018552189	0.00047602446	0.0029795873	0.00051048654	0.0010937757	0.0897122	0.010890055	0.008143752	0.005881671	0.015174241	0.003884768	0.015174241	0.036941852	0.0050127856	0.0013263369	0.0008417599	0.000549486	0.0007038108	0.0014949568	0.00090290507	0.00077515683	0.004393523	0.004393523	0.0017918429	0.0041567413	0.003387049	0.00057530415	0.0041567413	0.0023897658	0.014543744	0.012841726	0.0008469861	0.00028313842	0.0005780041	0.0036223189	0.002798089	0.003883497	0.005468188	0.000991128	0.0018647132	0.0005827639	0.0032931266	0.0007017185	0.0050003077	0.00042980604	0.0007364513	0.000986013	0.0008993573	0.0043857065	0.0008448891	0.0008297912	0.0019379561	0.0017923546	0.014583353	0.0048346585	0.00042411694	0.016360566	-23.696521759033203
s07e02b	345.0	5.0	0.86061907	0.86061907	0.018911688	0.10346695	0.00012701929	0.0026616834	0.18600598	0.00091853837	0.0013753899	0.0033977698	0.0003850947	0.0004797237	0.0037760339	0.0019042332	0.0012900272	0.0011100988	0.00086545805	0.001826242	0.0026556926	0.024127778	0.027793575	0.0019008965	0.002798898	0.0042345803	0.0007933386	0.008202623	0.049352042	0.0041410173	0.001954091	0.0005517269	0.0001955171	0.00050357555	0.00203627	0.0002099083	0.00041804003	0.0030889725	0.0019582682	0.0030889725	0.007113439	0.003848528	0.00066763343	0.007113439	0.0009618249	0.004917291	0.0067768246	0.00034520813	0.00037278692	0.0005059364	0.002127778	0.0013188494	0.0025313797	0.0025402554	0.00029568636	0.0010983909	0.0007927174	0.0036420969	0.0020650555	0.0039668423	0.0003641541	0.00041298624	0.00016453933	0.0003240683	0.0010241444	0.0004563655	0.00054117275	0.003019455	0.0017004439	0.0068773	0.0019600827	9.922007e-05	0.0034210484	-24.56393814086914
s07e02b	350.0	5.0	0.7645997	0.7645997	0.04080543	0.013916846	0.00029144343	0.0016908773	0.0072143255	0.0010160902	0.000793812	0.0033639146	8.7772096e-05	0.00014914435	0.0013359268	0.012132823	0.0003090382	0.00019301209	0.00040951866	0.00014716364	0.00025757359	0.044778038	0.010074372	0.0046075075	0.0015227238	0.0063453466	0.003933249	0.09187825	0.04173222	0.002838389	0.0008917876	0.00036337486	0.00011981283	0.00025651022	0.0025244865	0.0004388353	0.00013011244	0.011955059	0.011217529	0.0035370456	0.0010327445	0.008928993	0.0009861266	0.008928993	0.0018235658	0.0153820375	0.0070323963	0.0011499955	0.00032139057	0.00038271034	0.0035409553	0.0016065333	0.00086426723	0.017025068	0.00031392457	0.0059099765	0.00067919947	0.0010384382	0.00016263465	0.0010522036	0.0002912673	0.00046712675	0.000590494	0.00067139784	0.0046558413	0.0012551228	0.0015186917	0.0021596588	0.001320823	0.010922302	0.0037594691	0.00029974835	0.1704522	-27.84900283813477
s07e02b	355.0	5.0	0.64928937	0.64928937	0.07511897	0.0032122126	0.00028152848	0.005699878	0.025130719	0.0003646606	0.0018934762	0.0017517904	0.00034851185	5.2594918e-05	0.0037335004	0.0061739082	0.00018760377	0.0003352421	0.00092830753	0.00030901138	0.006948048	0.015790459	0.0036516471	0.00091801863	0.0018554077	0.003350726	0.00033091908	0.014474968	0.026832437	0.0041895784	0.0021819004	0.00033510945	0.00019990023	0.00028736817	0.00440816	0.00028100956	0.00017130362	0.002633958	0.0010419426	0.0021024845	0.00063299626	0.0005290658	0.0004544214	0.00063299626	0.0015561642	0.004493906	0.011287468	0.00056479045	0.0002342573	0.00057951204	0.003119098	0.0038741874	0.0012646291	0.21582165	0.00020038054	0.10205965	0.008665185	0.0016815068	0.00078455865	0.00012667481	0.00048508742	0.0009791874	0.00037689487	0.00019356907	0.0060102413	0.017918335	0.000360989	0.008833826	0.0030889784	0.0025881024	0.0044797277	0.00032280496	0.1616046	-23.018028259277344
s07e02b	360.0	5.0	0.81438494	0.81438494	0.07218283	0.008948656	0.0014543758	0.006169621	0.03793872	0.008750884	0.0023338434	0.0064881803	0.00015872654	0.0011257527	0.0042527956	0.019626211	0.0017367721	0.0010829979	0.0018606208	0.00049026794	0.017201286	0.14622283	0.009575186	0.009575186	0.0050775213	0.007562175	0.0026027297	0.008123679	0.05081312	0.0151218055	0.004947082	0.0009771409	0.0004917519	0.0010542796	0.006917137	0.00042544777	0.00030893658	0.0042053238	0.0042053238	0.001073109	0.0030976024	0.0024875232	0.00051741104	0.0030976024	0.007134384	0.016122838	0.033628564	0.012262512	0.003140463	0.010267474	0.012059919	0.0040817033	0.0070706108	0.0060100984	7.185177e-05	0.0005680759	0.0014572748	0.0019451253	0.00012781925	0.0007847531	0.00057352043	0.003387123	0.00014838319	0.00072277884	0.001620657	0.00061780156	0.005548859	0.0022395027	0.001466721	0.0050448226	0.0014536461	0.0002293267	0.005548859	-24.50271987915039
s07e02b	365.0	5.0	0.8841672	0.8841672	0.020490257	0.011527204	0.0005106379	0.000687761	0.0017703326	0.0005437062	0.0007708821	0.026818078	0.00016578661	0.00018812844	0.0044950135	0.047986504	0.003556919	0.0002330254	0.0012338832	0.00011519231	0.00037868807	0.010095975	0.07270865	0.010546259	0.0013347395	0.006899537	0.0069940225	0.3717934	0.04035697	0.003943994	0.0013042134	0.00038928422	0.00014375674	0.00038251776	0.0022081397	0.00021596013	0.00016288404	0.0074937586	0.0029579843	0.0074937586	0.0015475603	0.0018557266	0.0016814716	0.0018557266	0.013992326	0.0046089073	0.0014282756	0.000200375	0.00013426668	0.00018061102	0.0005053812	0.011208637	0.00018204658	0.0046559675	0.00012815633	0.0031889721	0.00067628775	0.00045217294	0.00025141847	0.0037604517	0.0006196488	0.00019449559	0.00043778762	0.00032970417	0.0023264296	0.0002801319	0.005685643	0.0013487558	0.0008381307	0.027851278	0.00072155346	0.0005312724	0.005685643	-28.070602416992188
s07e02b	370.0	5.0	0.8077755	0.8077755	0.021497432	0.005411138	0.00053865317	0.00049295684	0.0058239363	0.0012457436	0.0005843797	0.0020826387	0.00037294955	4.4615204e-05	0.0036757889	0.007622032	0.0007796235	0.00016590855	0.0012120232	0.00020325616	0.00018607719	0.008374979	0.119040735	0.014907721	0.00086997973	0.019779824	0.0050464002	0.6961566	0.13761249	0.006591788	0.001118509	0.00041720082	0.00026268576	0.0005769122	0.0029815657	0.00044475094	0.0003211321	0.0012450977	0.00026221457	0.0003751538	0.0009002031	0.0003052779	0.00010972914	0.0009002031	0.000939588	0.0023979521	0.0006373701	0.00011049226	0.00011964729	0.0002881355	0.0004945064	0.0009550619	0.00072216504	0.005804527	0.000788524	0.0016906937	0.002423844	0.006818237	0.0003146731	0.013179365	0.001070075	0.00052797084	0.00037024467	0.00015217734	0.010383923	0.0014618866	0.0003570838	0.0007317697	0.007351858	0.0037872419	0.0055816695	0.00010772087	0.010383923	-24.580337524414062
s07e02b	375.0	5.0	0.75366485	0.75366485	0.032108553	0.017944012	0.0005416625	0.0055189696	0.30435878	0.0022996946	0.0050424226	0.003744812	0.00026001633	0.0010462442	0.003888294	0.011896483	0.005452767	0.0013401059	0.0050069713	0.00084152457	0.014276444	0.08383823	0.016144259	0.0032509242	0.0011730717	0.0045073014	0.00080545555	0.0045073014	0.056729637	0.0153934	0.0058359094	0.0019893546	0.00048869656	0.0017914651	0.009922749	0.0005133518	0.0005300993	0.00096500857	0.00096500857	0.0008406542	0.003957331	0.0022802372	0.0002483769	0.003957331	0.0006710242	0.003802684	0.002756993	0.0007976385	0.0009124003	0.00048111653	0.004657322	0.0015881412	0.0010810817	0.0069407085	0.0005035126	0.001023982	0.0006950479	0.002163459	0.00038367638	0.0004684542	0.00026147236	0.0033563804	0.0011200049	0.00041558847	0.0029848304	0.00019876972	0.0015460794	0.0024756829	0.0008921339	0.0026121032	0.003304567	0.0002338061	0.013794333	-22.87028312683105
s07e02b	380.0	5.0	0.65724045	0.65724045	0.0033334547	0.026245704	0.00083746377	0.0016973215	0.003671942	0.0022068028	0.0054899566	0.028537422	0.00086128915	0.00015660381	0.003730173	0.0041703335	0.0027112437	0.0003275162	0.0029638344	0.0001699552	0.0003147487	0.001644841	0.016999463	0.0071112877	0.0017658889	0.005357492	0.0019520667	0.008825588	0.0491086	0.0028311508	0.0010151254	0.00062903034	0.0004020197	0.0004290886	0.0009137488	0.00015412057	0.00045078117	0.0010029328	0.0007193187	0.0010029328	0.0010831031	0.0005352739	0.00029604544	0.0010831031	0.0038088972	0.0027175327	0.003516688	0.00016948394	0.00022015332	0.00041018816	0.001213874	0.0012817566	0.0009853664	0.031522796	0.0016722247	0.013984264	0.002867806	0.0025511042	0.0016782088	0.005262282	0.00037258473	0.00059514184	0.0026266475	0.00017171638	0.004169585	0.0012209202	0.00034599952	0.009019657	0.00034464087	0.0044416273	0.0034875202	0.00056771736	0.023976153	-23.190031051635746
s07e02b	385.0	5.0	0.6617015	0.6617015	0.02284108	0.10785493	0.0010275558	0.002111354	0.006531717	0.0060501713	0.0041232966	0.0043338058	0.0006527341	0.00038968874	0.0036590344	0.009400491	0.0017601463	0.00015968915	0.003809701	0.0010773332	0.00073732174	0.005299273	0.017475072	0.012075359	0.0012273677	0.00490809	0.0026705181	0.007892641	0.11152913	0.0075477017	0.0021662381	0.0010952516	0.0009358864	0.0010519009	0.003975567	0.00062704313	0.000810553	0.0017586389	0.0015443322	0.0009988758	0.001046009	0.0009288671	0.0005105649	0.001046009	0.0011656892	0.0074127405	0.0069638286	0.00033645125	0.00094304315	0.0012410443	0.0025393653	0.0014214483	0.0015791543	0.0068602096	0.0029985798	0.009218651	0.004094792	0.014576316	0.00069670886	0.012176546	0.0010925635	0.0025557384	0.025114175	0.00025481053	0.008725021	0.0025801384	0.00091201655	0.004086387	0.0007297028	0.006055378	0.008739509	0.00024689978	0.04960125	-22.899150848388672
s07e02b	390.0	5.0	0.7505427	0.7505427	0.10203159	0.015266333	0.0001699552	0.010221339	0.05660981	0.0033342342	0.007382586	0.00038170343	0.0010976582	0.00040722845	0.00062807935	0.00791827	0.00031377946	0.0001374204	0.0034955651	0.0058338316	0.0075079584	0.054162465	0.013667187	0.0012635937	0.001367846	0.00072104513	0.00027041085	0.00072104513	0.078800045	0.0045993463	0.001450097	0.0005818867	0.00068537245	0.0004872172	0.0035474775	0.0008113474	0.0008736223	0.0025152792	0.0025152792	0.0008683176	0.0019743454	0.0023580987	0.00030917348	0.0027166645	0.00086235255	0.003182951	0.010055891	0.00076761236	0.00051523035	0.0008623592	0.0021148147	0.00094277854	0.00116457	0.044946954	0.00030744984	0.0012366994	0.0017087368	0.003046521	0.0006473656	0.0014747046	0.00052004884	0.0010742643	0.00032989818	0.00031246862	0.0017377498	0.0007158792	0.0010082999	0.007937513	0.00041866614	0.01810595	0.0035279233	0.00014136807	0.28391555	-21.11620712280273
s07e02b	395.0	5.0	0.7961829	0.7961829	0.051876064	0.026225291	0.000253836	0.004041408	0.16014299	0.0013030054	0.0016830628	0.0010605454	0.0005281702	0.00022728986	0.00078635616	0.0028606767	0.0013418971	0.0005833691	0.0009663578	0.0026108355	0.0040507466	0.071519524	0.006041091	0.0031971266	0.001503396	0.00080984196	0.00033216696	0.0011020111	0.11373552	0.006971539	0.002710192	0.00053077884	0.00045952073	0.00059253146	0.0034236168	0.0004241123	0.00053969695	0.0013232077	0.0013232077	0.00074091746	0.002578069	0.0023967046	0.0002810007	0.0025957243	0.0008610056	0.0054668477	0.013498695	0.0026354513	0.0009278843	0.0012276144	0.0029194814	0.0008796502	0.003036608	0.00978159	0.00013807714	0.0007361794	0.0014562038	0.007050907	0.0003388476	0.0019732192	0.0002371136	0.0026277194	0.00034057023	0.00024827104	0.0013580382	0.00052352087	0.0010829741	0.0019247202	0.0015484013	0.0039146896	0.0020049745	0.00017329394	0.018601649	-24.569881439208984
s07e02b	400.0	5.0	0.8432282	0.8432282	0.0039872853	0.014715956	9.4740375e-05	0.0016263648	0.010229852	0.00038225422	0.0018295585	0.024970498	0.000638421	3.519357e-05	0.0007945226	0.0106050195	0.00046156824	0.00072871643	0.0017545936	0.00032228467	0.0066839396	0.030330813	0.017203156	0.007051231	0.0005219797	0.0014738404	0.0008311879	0.0016031188	0.03131915	0.0019201493	0.00059636147	0.00028175832	0.00014638327	0.00015090936	0.0014057631	0.00038699916	0.00017038551	0.0033799936	0.0033799936	0.0018186971	0.00219142	0.0016074667	0.00041929362	0.00219142	0.001250802	0.00535129	0.011581702	0.00075404486	0.0006349906	0.00037038076	0.004328928	0.0069616325	0.0012766625	0.080447696	0.0003084304	0.011273975	0.00045750366	0.00018340381	0.0005470244	0.0007908952	0.0003556006	0.0005186835	0.00010759285	0.0001331874	0.008808786	0.0007451319	0.0014064058	0.015691537	0.0015815482	0.045491	0.0021727672	0.00025262206	0.30341446	-23.69641494750977
s07e02b	405.0	5.0	0.8484887	0.8484887	0.13629733	0.006748744	0.00020982148	0.005382216	0.39536753	0.0011160142	0.0015910548	0.00074760464	4.4141136e-05	0.00024884834	0.0005058231	0.0011955838	0.0026164302	0.0006628323	0.003120866	0.00047238322	0.0068889335	0.14812252	0.002109451	0.0012323158	0.0019587558	0.0033248635	0.0003752541	0.0033248635	0.015518219	0.0044383435	0.0024291882	0.00077574357	0.00035212713	0.0010399261	0.0025886944	0.00034218314	0.00031334985	0.00080005924	0.00080005924	0.0007513844	0.004054933	0.0018646936	0.00026742902	0.004054933	0.0004853221	0.0025999807	0.0035682872	0.00090533704	0.00039566986	0.00042670115	0.0021825815	0.0011056083	0.0023413717	0.006535889	9.5546755e-05	0.0022965916	0.0015173474	0.001488848	0.00014044756	0.00015303485	0.00039804514	0.0013566058	0.00017473917	0.00018712891	0.0010211461	0.00041135566	0.0008381467	0.003955088	0.00049520633	0.0014522176	0.0035496945	0.00014137481	0.0058335443	-24.418376922607425
s07e02b	410.0	5.0	0.8620432	0.8620432	0.016637743	0.2660539	0.00086346304	0.0023653049	0.07667349	0.005381292	0.0026525976	0.021411125	0.00019692197	0.00019329296	0.02273126	0.0072672796	0.001116028	0.0004280103	0.0016774819	0.0021444203	0.001868311	0.032698266	0.067647375	0.067647375	0.0033764134	0.009132854	0.0015291033	0.009132854	0.09731055	0.005476788	0.0012655931	0.0010394423	0.0005409097	0.000914971	0.0022982892	0.00043508768	0.00062289095	0.0034081389	0.0014404798	0.0034081389	0.0014007284	0.0008107357	0.0009906598	0.0014007284	0.0012691034	0.0049570496	0.01727495	0.00094614044	0.00048631427	0.00040963912	0.010257632	0.0024906953	0.0077597876	0.021221884	0.00091512885	0.0043323534	0.00085289736	0.009231517	0.0018838655	0.011924187	0.0011985365	0.00074951863	0.0009774333	0.0010997872	0.004160479	0.0006576737	0.0005879357	0.002111383	0.0021463782	0.004839612	0.00569244	0.00013705844	0.016565127	-24.322906494140625
s07e02b	415.0	5.0	0.8320323	0.8320323	0.0047666957	0.31519064	0.0008387739	0.00066894165	0.0027497343	0.004769318	0.0032353834	0.009038003	0.0001907275	0.00043951054	0.0015672141	0.0016936726	0.0008007224	0.00018109145	0.0007283637	0.00044927472	0.0001675634	0.00081986067	0.003964915	0.0037728944	0.0008378281	0.0033916363	0.0014956688	0.0034524438	0.08209696	0.0071026026	0.0024043636	0.0011426465	0.00083241967	0.0010574452	0.0021761213	0.0007542163	0.0006913013	0.0013876196	0.00067815714	0.00094115455	0.00055582257	0.0005582673	0.00043260015	0.0005582673	0.000478844	0.0030108357	0.005346653	0.00013786087	0.00011695324	0.00064402766	0.0013807405	0.00040785316	0.00101274	0.0009906179	0.0015281587	0.00082273595	0.0016927666	0.014298752	0.0031568306	0.051605605	0.0002826489	0.00083575735	0.005887928	0.00018950319	0.0062601683	0.0008375787	0.0004342284	0.0005234226	0.00043510826	0.006227776	0.0006014076	0.0003263026	0.0064747403	-23.92949104309082
s07e02b	420.0	5.0	0.88908917	0.88908917	0.037594493	0.06208618	0.00070827483	0.0052840654	0.2285065	0.0038623656	0.0022993367	0.0029379993	0.00040858964	0.00049229705	0.0009322123	0.007563914	0.003417935	0.0006634058	0.0010368816	0.0018600932	0.0050242953	0.09991257	0.0060469173	0.0036960158	0.0013173317	0.0037362666	0.0012922321	0.0037362666	0.07947654	0.0068073156	0.003288758	0.0010711246	0.0004093534	0.0010005997	0.0034014191	0.00040114095	0.0006126054	0.0012014896	0.00089490466	0.0012014896	0.0039443593	0.0016682444	0.00039532658	0.0039443593	0.0006359445	0.005573716	0.006282762	0.0007416935	0.0005694966	0.0012129147	0.0025387674	0.0011731789	0.0015842792	0.0064352783	0.001094764	0.00081276114	0.0007744244	0.0069680144	0.0006009567	0.0021407888	0.00055591454	0.000979401	0.00056758424	0.00029842329	0.0011279511	0.0007734911	0.00087281194	0.0016045597	0.00093832385	0.0051851775	0.0035519942	0.00020904088	0.0035519942	-22.60673713684082
s07e02b	425.0	5.0	0.8595808	0.8595808	0.04670145	0.075790785	0.0010993875	0.012598905	0.251229	0.008005024	0.00602722	0.0040581888	0.000706417	0.0005007595	0.0014191834	0.0058910465	0.0031037237	0.00064484915	0.0008798652	0.0012782442	0.005153943	0.05297956	0.0048497273	0.0029564982	0.0012277319	0.0029086303	0.001183428	0.0029086303	0.06811384	0.007004989	0.0024391378	0.00077314506	0.00036209042	0.0006981845	0.0040585916	0.00056284026	0.0005606691	0.001326975	0.00044755405	0.0006055679	0.0017939089	0.0007833504	0.00016350353	0.0017939089	0.00061679434	0.0019537692	0.0030035106	0.00034739415	0.00030827252	0.0009562287	0.0020937917	0.00067582866	0.00051361026	0.0045035463	0.0013338341	0.0011976851	0.00031771348	0.0036438052	0.0006757443	0.0044886232	0.00032240298	0.0008674725	0.0005217556	0.00018196554	0.0019309133	0.0005874954	0.0003192456	0.0012290324	0.000938327	0.005650422	0.003419051	0.00035913574	0.009219627	-21.99344825744629
s07e02b	430.0	5.0	0.760851	0.760851	0.049856983	0.035070818	0.0009780648	0.004724374	0.030113399	0.0015061091	0.003086621	0.0011086657	0.0067283595	0.00026552458	0.010956631	0.012067023	0.00065147213	0.00015443374	0.0008452817	0.00084831554	0.0009947707	0.013663895	0.0043321108	0.0043321108	0.0015160923	0.005380853	0.002355074	0.005380853	0.13533957	0.011985529	0.0036767079	0.0006914578	0.0005763628	0.0005966631	0.00559551	0.00047329318	0.00082099024	0.0010041451	0.0004752888	0.0005012715	0.0005302995	0.00043737734	0.00016172968	0.0005302995	0.0006957239	0.003478442	0.003292934	0.00023427026	0.00028451197	0.0011576606	0.0011583732	0.00060549745	0.0008196926	0.0044615977	0.000477868	0.0031592355	0.00097223034	0.010935935	0.0008111055	0.007761869	0.00092159957	0.00060600264	0.001613241	0.00023571067	0.0049257255	0.0013744079	0.00069664314	0.0013578248	0.0011322848	0.0035042574	0.0021467593	0.00015281248	0.044753652	-22.816673278808597
s07e02b	435.0	5.0	0.8710815	0.8710815	0.041362178	0.020008588	0.00058692787	0.0027688595	0.18567921	0.001626309	0.0037898766	0.0027623628	0.0005065869	0.00031057646	0.002424693	0.0022781477	0.0011393598	0.0014365886	0.0038430914	0.0020681345	0.021825222	0.011389283	0.012262702	0.0022601385	0.0013054743	0.0009524612	0.0012795134	0.002424499	0.044539444	0.013015839	0.007230983	0.0015700968	0.00067467516	0.0013442015	0.005494207	0.0004956767	0.00043169546	0.0037239902	0.002606359	0.0037239902	0.02457543	0.0064586475	0.00053540966	0.02457543	0.00091008685	0.00872157	0.01059062	0.0014566559	0.0010920318	0.000601998	0.001894704	0.0012151147	0.0025102978	0.004824307	0.0005048275	0.0010765279	0.00066956703	0.0030555632	0.0006644242	0.012755657	0.0005163124	0.0016547446	0.0001811025	0.0005479016	0.0017017468	0.0014250285	0.0007461911	0.0031944397	0.0017700612	0.023588385	0.00438971	0.0003995613	0.027046826	-23.576948165893555
s07e02b	440.0	5.0	0.85285425	0.85285425	0.0034858433	0.16167408	0.0016944209	0.000747797	0.0040836013	0.0065385248	0.004685633	0.12385854	0.00043967567	0.000104100895	0.001031594	0.0027310979	0.00092113076	0.0003834729	0.0013480374	0.0007815251	0.00018377142	0.00051519985	0.026948817	0.005907612	0.0013546705	0.0038087002	0.0041032094	0.0041032094	0.13770673	0.006773846	0.0016634166	0.0007988875	0.000836421	0.00088243437	0.0012774847	0.0018939468	0.00123119	0.0027887246	0.0005938666	0.002526233	0.002717631	0.0005997385	0.00068064744	0.002717631	0.0007273701	0.0032743595	0.0045832093	0.00010948415	0.00021274916	0.0006752988	0.0009735828	0.00078041694	0.0007759232	0.0010296715	0.0013260103	0.00073791045	0.001060219	0.010195572	0.002575058	0.025591787	0.00021656718	0.0025457295	0.004820673	0.00012989501	0.0022405868	0.0009374495	0.00025385586	0.00043356267	0.00054961775	0.0045194235	0.0007520076	0.00039334435	0.0037140416	-23.145029067993164
s07e02b	445.0	5.0	0.7728937	0.7728937	0.018240327	0.12423567	0.00034527114	0.0031646055	0.0053675403	0.0059283683	0.0020915102	0.0061929254	0.0011473158	0.00033655248	0.0031118502	0.00486388	0.0021827228	0.000232715	0.0009135633	0.0005127547	0.00020985727	0.00658158	0.012043172	0.011732608	0.0011061819	0.003854712	0.0023178637	0.008111643	0.11188534	0.0049649063	0.0012339813	0.00076830026	0.0011994519	0.0007801679	0.0017475579	0.0008632532	0.001026812	0.0029640277	0.0010976065	0.0009818167	0.0010118213	0.0010311076	0.0004418348	0.0010311076	0.00068240374	0.005847651	0.0076811677	0.0001952386	0.00042392878	0.0010715745	0.0014465647	0.001114649	0.0010696296	0.007254861	0.0017381625	0.001597123	0.0025074626	0.020210868	0.001247274	0.09724102	0.0020478356	0.0016966857	0.010027738	0.00024680965	0.009696359	0.002242695	0.00076740026	0.0018752242	0.0008181527	0.0047967373	0.0036956507	0.00027203062	0.030251196	-23.129169464111328
s07e02b	450.0	5.0	0.8249878	0.8249878	0.019973595	0.06814531	8.582328e-05	0.0029221836	0.016072925	0.0028141406	0.0020390723	0.01007344	0.00082681957	0.00041772096	0.0007136685	0.0011706996	0.0011207178	0.0008948552	0.0009856598	0.0003009613	0.0009852701	0.013751896	0.0050206785	0.004764545	0.0017538394	0.0008655438	0.0013935919	0.0021616141	0.057553925	0.0028223041	0.0011447421	0.0009866379	0.00049942767	0.00075535016	0.001231725	0.0005762266	0.0006729198	0.0027697312	0.0027697312	0.0017186366	0.0054128603	0.0066565	0.0006097465	0.0066565	0.0011503778	0.0074519766	0.048612073	0.0026421277	0.0014015563	0.002972414	0.0071353368	0.0015227754	0.001203717	0.0049212356	0.002105576	0.001115554	0.0005102482	0.0040073614	0.00224849	0.005867216	0.00029951724	0.0022320535	0.002571197	0.00056294515	0.0032310865	0.00086079724	0.0008008467	0.0016597756	0.00058992556	0.0043969788	0.0021140298	0.0018172406	0.0037119354	-22.16509246826172
s07e02b	455.0	5.0	0.75892514	0.75892514	0.08607219	0.04217339	0.0003475101	0.004486195	0.117312714	0.001149703	0.001984896	0.0037444597	0.00010786241	0.00035131298	0.0008657714	0.004996084	0.0005743426	0.0005755043	0.0045168046	0.001581232	0.023190971	0.02962402	0.009818728	0.003797992	0.0018188953	0.004107828	0.0014365572	0.004107828	0.028678572	0.00421874	0.002790685	0.00066672644	0.00034445396	0.0005714679	0.0032554935	0.00039245404	0.00042853248	0.002092663	0.002092663	0.0012850821	0.0033207152	0.0030644538	0.00039772937	0.0033207152	0.0011040091	0.0055833342	0.020762697	0.0048348308	0.0017541985	0.0009856542	0.015052594	0.002055034	0.0035996418	0.01065805	0.00011255617	0.0019249024	0.0017293955	0.0014126208	0.000845367	0.0009854893	0.0003801037	0.00088024593	0.00021986468	0.00056815636	0.0031798026	0.000804818	0.0012572232	0.002707282	0.00053425675	0.005206643	0.0014536405	0.00015439429	0.01887616	-23.60711097717285
s07e02b	460.0	5.0	0.91213506	0.91213506	0.2197466	0.0071453117	0.00023139457	0.0016303447	0.011613213	0.0012791101	0.0007434102	0.003989473	0.0005691666	0.000121686724	0.0051039183	0.012648867	0.014011918	0.00018113187	0.001186023	0.0003266188	0.000625431	0.315802	0.011077105	0.011077105	0.003989789	0.0016171072	0.00088872784	0.011438644	0.10565681	0.01733858	0.0051964354	0.00075479405	0.0004088573	0.00128969	0.0025043492	0.00020808874	0.00027485663	0.0028790296	0.0028790296	0.0019026888	0.005854979	0.0030200435	0.00043087325	0.005854979	0.0034384094	0.030753637	0.0058642486	0.0010321952	0.0003198622	0.00022548577	0.0006492686	0.0030129422	0.0013697989	0.0018689957	0.0004785424	0.0015933501	0.0022314559	0.0044427807	0.00010270118	0.0051054345	0.00090289174	0.0003679652	0.0009773178	0.00011493315	0.0035757958	0.0011306616	0.00048065674	0.0019276721	0.0020534494	0.011291922	0.0017715043	0.00023195829	0.0049464977	-26.5505485534668
s07e02b	465.0	5.0	0.8049061	0.8049061	0.07235502	0.0042613437	0.00042376982	0.002991994	0.22364286	0.00046761098	0.0027919582	0.0004851521	0.0001415047	0.00025358782	0.0006768703	0.003510419	0.0014996964	0.0003806121	0.001466288	0.0013522021	0.012585673	0.038180113	0.0033256947	0.002733165	0.0013736842	0.004904987	0.0009627096	0.004904987	0.05265869	0.018202662	0.005590285	0.0010395126	0.0005085187	0.0009087455	0.0052338266	0.00038490785	0.0003530301	0.0011870068	0.001048636	0.0004162319	0.0024061599	0.0014892564	0.00013751701	0.0024061599	0.00033076014	0.005342676	0.0034818156	0.00050808775	0.0010676674	0.00057104294	0.002269759	0.00060228	0.0012395002	0.016177375	0.00017646425	0.0007132867	0.0010410909	0.0027839732	0.00011095567	0.00044041648	0.0003264865	0.0007208291	0.00014438454	0.0002978778	0.0021021382	0.0010927613	0.00057405746	0.00276805	0.0005268202	0.00967298	0.006624543	6.2803796e-05	0.109914504	-24.90827369689941
s07e02b	470.0	5.0	0.8497359	0.8497359	0.07073746	0.0043189386	0.00020078084	0.005451516	0.22566871	0.000427933	0.0031024136	0.0020145434	0.00024959445	0.0010454729	0.0013733774	0.006169425	0.0054716407	0.00032459086	0.002050693	0.000840506	0.016145805	0.054850567	0.019345846	0.0019990765	0.0012240288	0.002006921	0.0008644534	0.0047856485	0.026911754	0.0068556145	0.006294947	0.0016141398	0.0009615967	0.002010724	0.0022972627	0.00024810966	0.00037967853	0.0023184393	0.0023184393	0.001446741	0.015442956	0.0037479817	0.00034746304	0.015442956	0.0016105445	0.008714828	0.0034817727	0.0010447929	0.0003058349	0.00048661963	0.0035360307	0.0009979341	0.002098091	0.0018334682	8.929797e-05	0.00043242285	0.00057281845	0.0032855053	0.00015651052	0.0007344675	0.0012191196	0.00058451924	0.0002511935	0.00036978663	0.00405528	0.0014809762	0.00034969268	0.0010058964	0.0017764743	0.028573746	0.0007061656	0.00011324625	0.00405528	-23.632831573486328
s07e02b	475.0	5.0	0.90848047	0.90848047	0.02168833	0.18847702	0.00091289415	0.00082232524	0.0049805683	0.002046126	0.0020259398	0.0029185836	0.00011682016	0.00017013257	0.0022557331	0.0055151028	0.0005981065	8.166093e-05	0.0006284342	0.00069132965	0.00029486322	0.0034549155	0.007316899	0.007316899	0.0008787091	0.003449394	0.0018663452	0.003449394	0.07333145	0.0074583236	0.0028501737	0.00092221354	0.00062702043	0.0009003399	0.0037814765	0.00042432258	0.00048757912	0.0021920707	0.0007495879	0.00067485677	0.0006367781	0.0006791509	0.00023915773	0.0006796991	0.0005865574	0.003181679	0.0031468677	0.00019994445	0.00022186841	0.00062969286	0.0010315321	0.00045955754	0.0011886072	0.0015113689	0.0008915866	0.0018594434	0.0017894402	0.016570652	0.0013064388	0.044506583	0.0002294006	0.00066625705	0.0019757214	0.00013947612	0.005273824	0.0019076465	0.0007368697	0.0003109803	0.00077514834	0.007880446	0.001339815	0.00012751784	0.007621268	-22.05344009399414
s07e02b	480.0	5.0	0.84934866	0.84934866	0.031536512	0.22704995	0.00034395666	0.0010113954	0.0043449146	0.0016728832	0.0015007464	0.009079154	0.00051524653	0.0002914387	0.0040126825	0.0047811675	0.0016087889	0.0001853503	0.0016574094	0.00067368505	0.00026820984	0.001357689	0.013527846	0.013527846	0.0020170875	0.0029536267	0.0020374039	0.0029536267	0.11364651	0.0078946585	0.0025640784	0.0010613378	0.00085243385	0.0010194868	0.003023057	0.00080520386	0.00047457442	0.0031795837	0.0012200554	0.0016174128	0.0009445331	0.00072653044	0.00077708863	0.0009445331	0.0006110578	0.0036647862	0.004971252	0.00010884874	0.00035956706	0.00049960293	0.0013040464	0.0011502063	0.0013154197	0.0012377753	0.000942664	0.0015234519	0.0015489853	0.0076661357	0.0013888037	0.043419	0.00039121785	0.0014769778	0.0055433465	0.00024033172	0.0022452672	0.0012180471	0.00033548876	0.0010580729	0.0009883115	0.0067986907	0.0015962397	0.00014782662	0.024006806	-23.21537399291992
s07e02b	485.0	5.0	0.920687	0.920687	0.08648217	0.30633622	0.00070299295	0.00201017	0.013078833	0.0044519436	0.0026066962	0.007004077	0.00017956494	0.00027577902	0.002193543	0.0026597588	0.0012905268	0.00040903158	0.0017860364	0.0009583954	0.00030203522	0.0019657847	0.0045962147	0.0036245533	0.0008829609	0.0029921546	0.0016879122	0.0029921546	0.03676636	0.0051367446	0.0020279603	0.0012170307	0.0009909784	0.001123981	0.003027275	0.00039679056	0.00046002123	0.0026525396	0.0013851118	0.001028637	0.0009181975	0.0009605144	0.0005347647	0.0009605144	0.00070987805	0.004141466	0.0038478954	0.00021214652	0.00029432957	0.00057991815	0.0011199409	0.0006778684	0.0010906424	0.003406573	0.0004297458	0.0026689668	0.0008206919	0.008549523	0.00086930447	0.023867251	0.00074243464	0.0015106553	0.009419666	0.00020771488	0.0035211307	0.0011238776	0.00080471294	0.00097258424	0.000667242	0.0055675562	0.0021080612	0.00038598687	0.0059127673	-23.967559814453125
s07e02b	490.0	5.0	0.84300715	0.84300715	0.12948595	0.002107635	0.00069035887	0.0038057198	0.1936427	0.00085260684	0.00348606	0.0009431438	0.00013854679	0.00042325526	0.0004218917	0.0029649818	0.00076450437	0.0004044553	0.001463289	0.0007369828	0.007001783	0.020453274	0.0025242537	0.0004787299	0.00089046557	0.0015579655	0.00023991299	0.0018575399	0.35626915	0.0740708	0.015938235	0.0035947708	0.000981637	0.0031891873	0.08977002	0.00017506321	0.0015058611	0.0006746976	0.0003472256	0.000673426	0.0010973169	0.00070791825	0.00021376257	0.0010973169	0.00023138971	0.0014717774	0.0011095575	0.00017663917	0.00019379899	0.00015167799	0.00083267153	0.0004588405	0.00069553993	0.0035956658	0.00016483596	0.0010524573	0.000583104	0.0017403325	8.027395e-05	8.204965e-05	0.00024276762	0.00047936416	0.0005499054	0.0002773704	0.0006549681	0.0004395935	0.00043264384	0.0007902081	0.0002453419	0.0013888592	0.007595065	0.00012947505	0.012588184	-21.17222785949707
s07e02b	495.0	5.0	0.015420005	0.015420005	0.00030536114	0.00025203146	0.00019786568	0.0021093003	0.00013466865	0.00025179607	0.0144412955	0.00031344427	0.00010507547	0.00047389138	0.003057388	0.00086991343	0.00061654806	0.00017201989	0.000250649	0.0012912012	0.00033240457	0.00044442675	0.0052142013	0.0052142013	0.0026656901	0.0037332224	0.0026350114	0.0037332224	0.7433385	0.18249835	0.09226325	0.002197043	0.00037399432	0.0064267474	0.17452917	0.0024421935	0.013789903	0.0014774891	0.0014774891	0.00045855957	0.0016539273	0.0013884751	0.0003098705	0.0016539273	0.000591734	0.0056388117	0.0059477976	0.00027310752	0.002675954	0.000621748	0.0035234366	0.005814957	0.0020927207	0.0009542029	0.001257604	0.00041671432	0.00082009536	0.00069153786	0.00036515042	0.0004694578	0.0020660413	0.00095701625	0.0008840195	0.0014033836	0.005663124	0.003935465	0.0018841845	0.0009077932	0.0018230435	0.0030104623	0.0029271506	0.0005891299	0.015714953	-20.109783172607425
s07e02b	500.0	5.0	0.70550865	0.70550865	0.010168967	0.0034407238	0.00038178658	0.0029457493	0.08386913	0.0007627819	0.0018887187	0.0010327218	0.00025638405	0.00077939726	0.000825324	0.017209778	0.0008992386	0.0006680844	0.0007858917	0.0012075084	0.005458477	0.28934556	0.0355406	0.0052130586	0.0013807957	0.0014305802	0.0010149837	0.0014305802	0.09556873	0.008420332	0.0038883532	0.0014851933	0.0008988613	0.0017771603	0.0044990764	0.0008833025	0.00083166565	0.00547842	0.00547842	0.0015172571	0.0039183283	0.008562928	0.0009730486	0.008638185	0.0022089132	0.023473296	0.009712255	0.0026177058	0.0012073691	0.00070993626	0.019468449	0.0019222265	0.003825712	0.0031745187	0.00014136134	0.0002594178	0.0011447677	0.0012741139	6.073376e-05	0.00023668466	0.0002809983	0.0017450375	0.0006200741	0.00052798545	0.0021223803	0.000297913	0.005908556	0.0026586233	0.000920728	0.004756247	0.00061934855	0.00031513753	0.005908556	-25.11826515197754
s07e02b	505.0	5.0	0.83253324	0.83253324	0.04244786	0.022971354	0.0010990546	0.0028731672	0.24494156	0.006185423	0.0026370224	0.011215482	0.00011459501	0.00035718392	0.0057342635	0.002108891	0.018496977	0.0018773922	0.0021164122	0.0008304299	0.002835017	0.083412424	0.0066475896	0.0014556062	0.0016547256	0.0015384312	0.00079410546	0.0026291532	0.03198315	0.0077588763	0.0031850245	0.000625299	0.0002609969	0.0008491498	0.0021547445	0.00048840384	0.00031006758	0.0014506149	0.0014506149	0.0012685934	0.013294501	0.0026154262	0.00026623535	0.013294501	0.0007950857	0.014045602	0.0019890026	0.00030027062	0.00035209052	0.00050311134	0.001167147	0.0012881438	0.00070194394	0.0030848754	0.0002383287	0.0018617813	0.0005820323	0.003484053	0.00045824432	0.0057196068	0.00028837266	0.0012725919	0.00027412307	0.0004268503	0.0021291552	0.0006388586	0.00046528716	0.0018799996	0.0025136396	0.010901295	0.0021771197	0.0003733134	0.0025136396	-26.208419799804688
s07e02b	510.0	5.0	0.8599357	0.8599357	0.044023003	0.03075806	0.00019961185	0.0044351146	0.12612838	0.00090449245	0.0014082412	0.0010746666	0.000440826	0.0004330005	0.003914433	0.0021307627	0.001871612	0.00045139712	0.002541916	0.0006503307	0.0037066473	0.011668722	0.011047128	0.003375836	0.001817245	0.0038820086	0.0006178095	0.0038820086	0.040557027	0.009403036	0.0051017376	0.0010046116	0.00035822758	0.0009325232	0.0017774065	0.00025613778	0.00021500066	0.0019858077	0.0019858077	0.0012693155	0.0029275431	0.003500535	0.00034494328	0.003500535	0.002272098	0.0070753526	0.010251156	0.0006338394	0.0003848811	0.0006360542	0.0015088983	0.0013954072	0.0028400088	0.0030259674	0.0002465354	0.0008341526	0.00078489777	0.002035993	0.0005235653	0.008334896	0.00088851916	0.00084878446	0.00045809976	0.00035723567	0.001524033	0.0007901054	0.00058176665	0.0019815539	0.0017968504	0.00393714	0.0025201149	0.00015062412	0.0025201149	-24.181814193725582
s07e02b	515.0	5.0	0.82182795	0.82182795	0.007046822	0.00810566	0.00029503336	0.0021907089	0.105031945	0.00229299	0.0012806949	0.0019022487	0.00143161	0.00035098995	0.004464212	0.0011341161	0.0009408712	0.00045227146	0.0021562746	0.0019326122	0.0035084477	0.0052797683	0.08303092	0.0004150419	0.0018313952	0.00357557	0.0005760284	0.00357557	0.048386544	0.002908791	0.0024837484	0.0011773524	0.00027108972	0.0008405585	0.0012442778	0.00014928791	0.00040334195	0.0009571152	0.0006392861	0.0009571152	0.004838923	0.0013901666	0.00021803989	0.004838923	0.0033532048	0.0030724986	0.010161266	0.00086799706	0.00051134784	0.00042794686	0.002630105	0.00017668329	0.005922122	0.0077507757	0.0012992097	0.0011887511	0.0005509741	0.0018385656	0.006695638	0.0016384544	0.00013036629	0.00086547615	0.0010699063	0.00046611304	0.0064302897	0.0024860674	0.00051793235	0.0009368191	0.0021057883	0.012569292	0.0017412299	0.0002661318	0.0064302897	-22.68766212463379
s07e02b	520.0	5.0	0.897436	0.897436	0.033432934	0.043224193	0.00022337248	0.0003859959	0.0016071744	0.00028910325	0.000804542	0.007779716	0.0001601208	0.00022438556	0.0024815402	0.0025866574	0.0011554649	0.000156962	0.0005902011	0.0008148918	0.00010303361	0.0012595119	0.0027627714	0.0019466358	0.0008717547	0.0020771122	0.0011016462	0.00215133	0.029428167	0.0056806416	0.0029249762	0.0004270422	0.00050328235	0.00075480837	0.0025033953	0.0005671397	0.00015173324	0.004972465	0.001962484	0.00223459	0.0013777129	0.0010678474	0.00063415326	0.0013777129	0.0012421287	0.004257131	0.0028512583	0.00015344238	0.00013187614	0.00044171754	0.00084478647	0.0012133059	0.00079691486	0.0039014197	0.00046731622	0.002831097	0.0008077037	0.004906756	0.0005478572	0.022404345	0.00017467636	0.0008563971	0.0037769435	0.0001374786	0.0100314785	0.002118888	0.00037804042	0.0010530996	0.0009842119	0.0041202237	0.00058156985	0.00017048171	0.012289524	-24.053524017333984
s07e02b	525.0	5.0	0.84650964	0.84650964	0.010978873	0.11924153	0.00025124956	0.0030557255	0.01819916	0.0018331251	0.0017983544	0.023624398	0.000840756	0.00011905627	0.012324329	0.00563709	0.0012515427	0.00029795562	0.003771264	0.00087553734	0.0017535222	0.007194541	0.006105836	0.0045278925	0.00048777624	0.0023579213	0.0011341361	0.0023579213	0.0546654	0.0050360896	0.0017329637	0.00081417	0.00022709793	0.00066252943	0.0021604523	0.0004662579	0.00029449153	0.0010378595	0.00069651037	0.000804792	0.0012776672	0.0006222175	0.00023630902	0.0012776672	0.00073249463	0.0024497758	0.0076834112	0.00024690237	0.0005642647	0.00047972988	0.0018829745	0.0011710196	0.0019982774	0.015858535	0.0027309707	0.0040355795	0.00072971743	0.0024137087	0.0018366528	0.008381666	0.00023351406	0.00048533807	0.0018071807	0.00014544022	0.0030331844	0.00091925194	0.00029230438	0.005787493	0.0014800902	0.0034537795	0.009318425	0.000533745	0.014642161	-23.37315368652344
s07e02b	530.0	5.0	0.80865574	0.80865574	0.0020321328	0.11263436	0.00030559706	0.00041256755	0.001237944	0.0005342873	0.0020180515	0.030854937	0.00025172238	7.376397e-05	0.0050352653	0.010441193	0.00064942427	0.00043623353	0.0014401719	0.00014274743	0.00018608058	0.0008581897	0.0074848663	0.0014650053	0.0007410428	0.00089021825	0.00051157014	0.00089021825	0.045072205	0.0027997592	0.00082306645	0.0005268468	0.0008032221	0.00042478112	0.0019590454	0.0015666859	0.00030390522	0.0023903206	0.001346252	0.0023903206	0.0008331946	0.00035488824	0.0007718546	0.0008331946	0.0014829236	0.0041941865	0.011217158	0.00026500408	0.00021630178	0.0007206227	0.0016477235	0.0012331952	0.0005037469	0.05232797	0.0013272074	0.10534171	0.0033054089	0.00206543	0.0022705907	0.0064169876	0.00027819298	0.00060823566	0.00719791	0.00015030534	0.0016171564	0.0013738804	0.00070962304	0.06614868	0.0007956507	0.0028650244	0.0016289303	0.00034925842	0.06728221	-23.88237190246582
s07e02b	535.0	5.0	0.7537598	0.7537598	0.021770464	0.0038536757	0.00064564	0.00049166183	0.0012090263	0.0005400278	0.0009735173	0.0013429231	0.00019305959	0.00040560297	0.010998772	0.0033023078	0.006716369	8.771511e-05	0.0015207857	6.128139e-05	0.00037983785	0.0008692928	0.0028787546	0.0027082183	0.001062567	0.0028725595	0.0025748867	0.0045101545	0.02376848	0.009403609	0.004828457	0.0013047439	0.00036195287	0.0013086954	0.0030956476	0.0020870941	0.00016380672	0.113399215	0.0046551675	0.113399215	0.004658098	0.0012659765	0.014398932	0.004658098	0.014551422	0.0043581985	0.002906916	0.00023722577	0.00045779548	0.00044959542	0.0007457706	0.0030374294	0.00042977487	0.005785639	0.001774018	0.0038288608	0.013402757	0.0020096067	0.0004707156	0.011480534	0.0013750225	0.001630437	0.005173323	0.00018659885	0.0076310723	0.0042617586	0.0014665688	0.0015892839	0.0035923566	0.023882903	0.0021584497	0.0003966051	0.01222262	-25.57428359985352
s07e02b	540.0	5.0	0.7896855	0.7896855	0.05992167	0.018421385	0.00069718645	0.018296111	0.07795376	0.0019027665	0.0020312325	0.0053792098	0.0011197248	0.0009535295	0.0063550887	0.0050109806	0.0015965574	0.00038572887	0.0024175537	0.00018420651	0.009006011	0.10321135	0.0012440538	0.0012440538	0.0010873714	0.0010391581	0.0008965053	0.0013660444	0.015590502	0.004406702	0.0024392062	0.0005401526	0.00017689368	0.0005684464	0.002247365	0.00044770105	0.00021626941	0.0011131968	0.0005435015	0.0010902394	0.006697855	0.0014610472	0.00015425067	0.006697855	0.00086634496	0.0015824423	0.003965179	0.001624128	0.001703255	0.0023817443	0.0021688403	0.0024687424	0.0009381411	0.0025171393	0.001340531	0.0007896963	0.00042487367	0.004076825	0.0019680285	0.005535162	0.00023555386	0.0024840957	0.0009272789	0.00035850244	0.0064631198	0.0017464253	0.00064582645	0.0024380903	0.0018850807	0.0022865532	0.009671997	0.0007221252	0.009671997	-23.4841251373291
s07e02b	545.0	5.0	0.88975996	0.88975996	0.09743283	0.08066801	0.00025764457	0.0011492847	0.012409572	0.0022722366	0.0016177093	0.018454654	0.031478286	0.0002937	0.003095961	0.000512959	0.4785215	0.012922661	0.0004085211	0.000616294	0.0005953004	0.010874663	0.08213367	0.0054345024	0.0007548249	0.000660246	0.0006090185	0.0016065043	0.02286967	0.004578769	0.0018073699	0.0005626611	0.00041726563	0.0004808346	0.0010305371	0.00018245356	0.0002580357	0.0012486516	0.0012486516	0.00076302874	0.0004918885	0.0006486291	0.00059428765	0.0006486291	0.0007701996	0.0025275478	0.007131581	0.0009519686	0.00054917444	0.00055471936	0.0026763002	0.00073350465	0.00064972084	0.00065515854	0.000109445115	0.0008350882	0.0006694567	0.0029212614	0.0005225692	0.0019571772	0.0002908774	0.00061595894	0.009248209	0.00031370707	0.0012345967	0.00056782854	0.00087048643	0.0003745579	0.0011625605	0.0009078792	0.0010045121	0.00019052211	0.0017155274	-25.66741180419922
s07e02b	550.0	5.0	0.83311814	0.83311814	0.027418649	0.03274425	0.00010132976	0.002845283	0.03426498	0.0018333329	0.001749478	0.005184823	0.0048142127	0.00069704594	0.009231308	0.0032451584	0.0009991879	0.0016272801	0.0015613262	0.0010747869	0.004996848	0.010148272	0.08309077	0.026688328	0.0018405074	0.003724896	0.001174933	0.003724896	0.04287573	0.0036459714	0.0014977996	0.0009936913	0.00020507004	0.0007585543	0.0013270342	0.00031456212	0.00030559677	0.0027477331	0.002247688	0.0027477331	0.0035864965	0.0021944165	0.0014397571	0.0035864965	0.0012152288	0.004761299	0.014528949	0.0020102093	0.0011392892	0.00080013205	0.015838945	0.0026570393	0.00520389	0.005649945	0.00026941288	0.0010927593	0.0020435299	0.0051701977	0.00048933865	0.0011187616	0.0011006587	0.0006378207	0.0007507781	0.00059263536	0.005704052	0.00052173	0.0032317918	0.0031735366	0.0023916354	0.0072986344	0.001520114	0.0004389928	0.008070358	-25.119707107543945
s07e02b	555.0	5.0	0.9022073	0.9022073	0.024514934	0.29293916	0.00234002	0.0022461978	0.015030321	0.0077820383	0.0053626094	0.030131334	0.0006572861	0.0003099423	0.003838348	0.0015282037	0.0013669787	0.0007806721	0.0010699165	0.00019592488	0.001008346	0.02506516	0.0042894096	0.0036293834	0.0019786328	0.0014614633	0.0009014862	0.0014614633	0.2529822	0.03455582	0.00757409	0.003850969	0.0014011199	0.0028285042	0.0021048577	0.00053155044	0.0009640065	0.0010949215	0.0004898167	0.0010949215	0.00079445064	0.00059307186	0.00028056063	0.00079445064	0.0007938237	0.001721182	0.002143803	0.00027778003	0.00032900213	0.0005965326	0.0014096173	0.0005387941	0.0005663526	0.0010399895	0.0005337058	0.0009065035	0.0003508966	0.01269242	0.0004278775	0.0071162083	8.480393e-05	0.0012659535	0.0016629827	0.00017411995	0.0021381055	0.00020229236	0.00023142614	0.0006470907	0.0018450998	0.0038486465	0.0018026824	0.00023939363	0.0021381055	-23.28484535217285
s07e02b	560.0	5.0	0.685663	0.685663	0.017137656	0.009359113	0.00025460022	0.0014808013	0.0015687804	0.0011779033	0.0031072088	0.0015055649	0.001456735	0.00020002798	0.010880635	0.010125798	0.00042474671	0.0002587891	0.00063552696	0.00028125025	0.0007452995	0.008216475	0.0051573496	0.0007706556	0.0009456074	0.0033243785	0.0018764399	0.0033243785	0.055272494	0.008000754	0.0030578938	0.0005471337	0.00040268173	0.00096019235	0.0116006695	0.00037511697	0.0005784729	0.0064843055	0.0064843055	0.0028311792	0.000976076	0.003384301	0.002043947	0.003384301	0.005244391	0.020020522	0.024784015	0.0005820351	0.0021873564	0.0009638187	0.003304036	0.0047387187	0.0021222602	0.16629879	0.0021158764	0.02717019	0.0010403928	0.010958445	0.0011849344	0.0017629695	0.0018893695	0.0018521193	0.0067369756	0.00046264436	0.012277635	0.0068901335	0.008604582	0.2241629	0.0021780988	0.0066268714	0.0018149612	0.00084470276	0.2241629	-21.83979034423828
s07e02b	565.0	5.0	0.86111146	0.86111146	0.13974102	0.05292137	0.00086986873	0.006594193	0.05667094	0.0039778505	0.0019865213	0.0065884297	0.004580271	0.00026287718	0.0019846626	0.003985053	0.0010427495	0.0009525103	0.0018410236	0.0036996207	0.0045174393	0.027102318	0.0063462546	0.0028909387	0.0019232469	0.00058334856	0.00070815603	0.0010758677	0.02822767	0.0025171607	0.0013514013	0.00073303026	0.00020281516	0.00064827345	0.00225445	0.0003632696	0.00028522464	0.004688302	0.0024035997	0.004688302	0.007919975	0.0051755817	0.0018236084	0.007919975	0.0008602397	0.004431842	0.006796498	0.0012261273	0.0004003675	0.0007787529	0.003622188	0.0008746177	0.0014792586	0.009157046	0.0013388341	0.0034334785	0.0007876874	0.00358942	0.00039875176	0.002259273	0.00048077223	0.0008989169	0.0015835658	0.00019974055	0.0032169474	0.000632192	0.0013235984	0.002141444	0.0014707126	0.007608659	0.0049258843	0.0006847575	0.006341803	-23.22596740722656
s07e02b	570.0	5.0	0.8984612	0.8984612	0.063191935	0.0093927495	0.002636206	0.0022770131	0.011130695	0.0022318156	0.0011871606	0.0065664137	0.0005916204	0.00046498628	0.0032162077	0.014162829	0.00045437962	0.00022391815	0.00057854236	0.00067528145	0.0014793735	0.15738791	0.052539818	0.0029567624	0.0042712167	0.004522492	0.0020337193	0.004888949	0.05331053	0.010016961	0.007439473	0.0009893563	0.00027237914	0.0012470852	0.0023157464	0.0011480942	0.00035227754	0.0028730019	0.0028730019	0.00184755	0.016087357	0.005298325	0.00042652996	0.016087357	0.0012553427	0.01884718	0.0064693536	0.0010712103	0.00050925213	0.0003181445	0.00110411	0.0017083122	0.0013232972	0.0016256255	0.00022423649	0.0005944544	0.00061910896	0.0034729557	0.00021904425	0.0006770361	0.0005381672	0.00089541514	0.0005471102	0.00025314913	0.0025215824	0.0011634501	0.00072214304	0.00082470995	0.0027592147	0.010243781	0.0020148742	0.00024768966	0.004579284	-22.13139533996582
s07e02b	575.0	5.0	0.9233345	0.9233345	0.038659222	0.45571923	0.0014449966	0.004907268	0.09897758	0.01979234	0.010276131	0.0057727075	0.00039794442	0.00031125735	0.0029641248	0.0031319598	0.0018631704	0.00043236223	0.0017722026	0.0016977781	0.00083485956	0.011894057	0.0029755149	0.0029755149	0.0015389323	0.002118002	0.0011901843	0.002118002	0.05957075	0.00490935	0.0023905754	0.0007420767	0.0002894535	0.00052777765	0.001664726	0.0004061958	0.00077436905	0.0010298991	0.00044458522	0.000693018	0.00068615703	0.00037875958	0.00022283834	0.00068615703	0.00083533145	0.0022692452	0.0051216	0.0001612185	0.00026715736	0.0006474248	0.0010944449	0.00083744415	0.0015939905	0.0027138183	0.002402365	0.0013238058	0.0009226948	0.030666746	0.0016506739	0.02423817	0.0005066304	0.000831735	0.0015818495	0.00022080689	0.0015609851	0.0013812213	0.0005204672	0.0014682427	0.0012131631	0.0073082387	0.003078595	0.00031063895	0.003078595	-24.947908401489254
s07e02b	580.0	5.0	0.7985476	0.7985476	0.011118196	0.008089039	7.74563e-05	0.0019207051	0.16137546	0.0014329691	0.001149096	0.0009120444	0.001517622	6.0045986e-05	0.006759755	0.0045285695	0.00045828646	0.00047210162	0.0010061384	0.00061943947	0.0014379381	0.021104934	0.005985832	0.0009913755	0.000535036	0.001738131	0.00024422325	0.001738131	0.14465815	0.003877746	0.0016266436	0.00018917875	0.000109527384	0.00016768232	0.0044506798	0.00016357916	0.0002627321	0.000756714	0.000756714	0.0004803066	0.00069751474	0.0008817712	0.0002671049	0.0008817712	0.0007702771	0.003927537	0.0035452484	0.00021734124	0.00017910446	0.00024229704	0.0011411759	0.0005583932	0.000496834	0.12004574	0.0004922959	0.014483971	0.00033403837	0.00071028207	0.0012982244	0.00080181577	0.00015972983	0.00041423336	0.00024085911	0.000107559616	0.0016569438	0.00048450535	0.0037337826	0.14783593	0.0040400284	0.002887252	0.0011891231	0.00016102292	0.14783593	-22.331439971923828
s07e02b	585.0	5.0	0.30841535	0.30841535	0.012198005	0.0026154746	0.00023403227	0.001294495	0.06236527	0.00063095836	0.04606901	0.0014666197	0.0001904925	9.320653e-05	0.0007446038	0.0019295206	0.00017834356	0.00030112092	0.0033238984	0.0004418173	0.19838639	0.019187948	0.0011271284	0.0011271284	0.00062213774	0.0021672372	0.0003874281	0.0021672372	0.6446515	0.29469112	0.22579224	0.0018878954	0.0005820653	0.0014045213	0.03332346	0.0004864181	0.0023585272	0.00081555446	0.00081555446	0.00070467754	0.009764871	0.0053839036	0.00024302075	0.009764871	0.00029264233	0.0046015647	0.010204161	0.000966159	0.0015529017	0.00020521675	0.0026638273	0.0001511059	0.0007179371	0.0018416616	0.00040562326	0.00031798863	0.0004229163	0.0030911346	0.00084389263	0.00035714166	0.00027399085	0.0049616657	0.00022235932	0.00022604632	0.00039626137	0.00031109623	0.00056418247	0.0005441961	0.00038698092	0.0037874668	0.0014001209	0.00023210341	0.0036046836	-21.669118881225582
s07e02b	590.0	5.0	0.8517171	0.8517171	0.00093625253	0.0012083213	8.4805055e-05	0.0002842693	0.0004666899	7.384181e-05	0.02028733	0.0015282496	4.6533914e-05	3.8878723e-05	0.00075876695	0.0032688505	0.00015966251	4.640217e-05	0.00033435415	7.158675e-05	0.00030792094	0.00047957076	0.0015743665	0.0012338632	0.0007346219	0.0016985363	0.0007720205	0.0016985363	0.8604486	0.3801976	0.3801976	0.0012304191	0.00045901656	0.00075501984	0.014254316	0.0003865512	0.0038601279	0.0009934083	0.00042029546	0.0006859478	0.00042122297	0.00067513343	0.00036103823	0.00067513343	0.001216811	0.0022971348	0.0024811719	0.00010746172	0.00042191136	2.5720065e-05	0.00031643087	0.0024826995	0.00027178173	0.020431247	0.0006479192	0.009583493	0.0009798724	0.0008119658	0.00020873	0.00040204576	0.0003417261	0.0003700894	0.0015921936	0.0001209519	0.0010815546	0.0011557654	0.0028043492	0.12191021	0.00046752542	0.0028021552	0.0018487296	0.00044335893	0.12191021	-24.84148406982422
s07e02b	595.0	5.0	0.84620655	0.84620655	0.008069339	0.034435153	0.002620308	0.00025728912	0.002086843	0.0014287354	0.0016752124	0.018725256	0.00023924735	0.00014894326	0.0076634125	0.024732698	0.0023153685	0.0006932549	0.0042389436	0.00023306384	0.0003718896	0.00037035532	0.023082532	0.009878438	0.004672834	0.0028593633	0.00080301776	0.0068884077	0.025508523	0.0028291983	0.00076745223	0.00076450506	0.00022205972	0.0005209042	0.0017406521	0.00015709137	0.00015659456	0.003558665	0.0009216004	0.0021652994	0.00027662326	0.00025076873	0.0004582308	0.00027662326	0.008553117	0.0010088307	0.0022803068	0.00013261067	0.00022494163	0.00019876972	0.0019143387	0.0039161104	0.00082448253	0.021727828	0.0003661589	0.009260695	0.0015528403	0.001332541	0.00033659642	0.011515773	0.00077922794	0.00038553803	0.0019008586	0.00012307354	0.00568402	0.0009105079	0.0010088625	0.0028758377	0.0013330728	0.04298422	0.004114399	0.00041423258	0.015652433	-31.52179336547852
s07e02b	600.0	5.0	0.84893495	0.84893495	0.08367287	0.09965467	0.0014745607	0.0004511629	0.0012474213	0.0038228398	0.0019061764	0.007846113	0.0006587759	0.0004520075	0.009812624	0.0055982084	0.00417172	0.00046041826	0.0022768562	0.00038782906	0.00020107548	0.0019142394	0.014510152	0.007821578	0.0037875657	0.0030389922	0.002711761	0.008163801	0.023532538	0.0035999701	0.0013515173	0.0009344536	0.0003964206	0.0008827842	0.0009317727	0.00030640577	0.00018231984	0.0075232526	0.001197478	0.0030345325	0.0010175263	0.000876922	0.00081424566	0.0010175263	0.002688755	0.0027149646	0.0046801874	0.0004553031	0.00031680215	0.00063468626	0.0019463754	0.0027295984	0.000714372	0.0029955334	0.0005134962	0.0016490543	0.0009280643	0.003065583	0.00024408965	0.021207225	0.0018488414	0.0012000707	0.0048040613	0.0002784562	0.0034526621	0.0011428077	0.00045777563	0.0007352466	0.001788221	0.029391065	0.00088593864	0.00105499	0.008849835	-30.61742782592773
s07e02b	605.0	5.0	0.7802995	0.7802995	0.0060677514	0.10230834	0.0031174913	0.00028543547	0.0010503548	0.0014673818	0.00081578805	0.027108826	0.0010461744	0.00032188857	0.0027824645	0.008776176	0.009512223	0.00033159493	0.0005734275	0.00025667757	0.00038090936	0.00051536266	0.039318036	0.021734243	0.0051417765	0.0135022765	0.032478172	0.032478172	0.035239723	0.0036426592	0.00066518894	0.00048983144	0.00018771023	0.00042633445	0.0015581532	0.0007825934	0.00020267635	0.02571133	0.0032768506	0.016947374	0.003797265	0.0015206924	0.0027353833	0.003797265	0.005853403	0.0069519575	0.0035031124	0.00032331253	0.0006139147	0.0006528909	0.0023709983	0.0013197893	0.00076278043	0.0019531408	0.0008607686	0.0015408209	0.0014260928	0.00074823474	0.0007993898	0.045936808	0.0004907484	0.00062428525	0.00046362975	0.00023364565	0.0017594878	0.0013083441	0.0009438449	0.0021246367	0.002676042	0.051108677	0.0017205472	0.00017189003	0.0068474445	-26.767995834350582
s07e02b	610.0	5.0	0.7665673	0.7665673	0.13115701	0.0063181687	0.00054525223	0.0013464129	0.089048415	0.0037213888	0.0009183047	0.0015538314	0.0008716227	0.00056349754	0.006052159	0.010732976	0.00222857	0.0011548344	0.0015118496	0.00016366792	0.0018962125	0.03812506	0.01527493	0.00784859	0.0051569263	0.028386863	0.0065300213	0.028386863	0.025615461	0.0051183966	0.0026784649	0.00088404765	0.00016517061	0.00070680154	0.0020511164	0.00036933285	0.00020224202	0.0018854782	0.0011095596	0.0018854782	0.0010125224	0.0011890382	0.00084505096	0.0012569567	0.0016939983	0.003518147	0.0040321294	0.0007676969	0.00046516964	0.0005145327	0.009574739	0.0014998305	0.0021543354	0.008085967	0.00027633068	0.001978096	0.0011958595	0.002639425	0.00015490274	0.0018826913	0.0034327607	0.0013692342	0.0021319948	0.00083655893	0.0037539478	0.002686125	0.001190258	0.0014755412	0.0021094189	0.002616867	0.001801985	0.00041740012	0.008394326	-25.781469345092773
s07e02b	615.0	5.0	0.84368867	0.84368867	0.11439543	0.0024665643	0.00018279713	0.00026718894	0.00047395143	0.0007511993	0.0012342534	0.00069905596	0.00043121303	0.00019879095	0.003063551	0.0068046595	0.00047525915	0.00012107722	0.00076122285	0.00014529095	0.00022716809	0.0018151011	0.0067914953	0.0025434785	0.0011419556	0.0031587998	0.0023450346	0.023659058	0.0138363335	0.0031709762	0.0017419884	0.00050511054	0.00018211706	0.00044584036	0.00079443364	0.00037857113	0.00013996761	0.013184191	0.0027912636	0.006006784	0.0017221138	0.0010646837	0.0012912122	0.0017221138	0.0021765314	0.0046406123	0.0033871941	0.00024150158	0.00022892667	0.00022382595	0.0010257195	0.002020421	0.0007676961	0.004029028	0.00027290866	0.0010624409	0.00050539756	0.00400169	0.000110064684	0.007779895	0.0003013076	0.00044111142	0.0013031171	0.00025466748	0.0051926337	0.0032747984	0.0010890788	0.00061067817	0.0006641586	0.0063855033	0.00056326203	0.001436635	0.0066746133	-28.588838577270508
s07e02b	620.0	5.0	0.88559425	0.88559425	0.009556844	0.0030557462	0.00053381827	0.0007996961	0.010884982	0.001457453	0.0006288314	0.0015088329	0.0012823633	0.00031041572	0.023677526	0.003850499	0.0028328975	0.0007651428	0.00042239373	0.00109633	0.0007905076	0.001185652	0.36601236	0.0018493464	0.0040191095	0.002121204	0.0015876589	0.002121204	0.022463113	0.0037474672	0.0029634428	0.000934451	0.00019115207	0.0005481364	0.001704449	0.00017633812	0.00024664757	0.0040245038	0.0027311523	0.0040245038	0.026314596	0.004167479	0.00045351026	0.026314596	0.0021582618	0.004249927	0.0019556482	0.00032246785	0.00023164134	0.000324013	0.0016226488	0.0010226035	0.00047377325	0.0022679975	0.00014576552	0.000760129	0.00038159554	0.0018410226	0.0007599646	0.02114771	0.0002807755	0.0003773412	0.00026970071	0.00043076684	0.002212725	0.0044163	0.00014381048	0.000387118	0.00118174	0.020974794	0.00039510147	0.0002675147	0.007352603	-26.679767608642575
s07e02b	625.0	5.0	0.8729166	0.8729166	0.039890535	0.0010013398	0.00075071596	0.0005920649	0.065170124	0.00055444875	0.0018510091	0.0012271123	0.0016415087	0.00052324054	0.004367202	0.008377228	0.0023999163	0.00079739414	0.0028601682	0.0016572609	0.00095569005	0.0050177276	0.06908122	0.0031605435	0.0051531508	0.008746711	0.0018928222	0.02396855	0.09030251	0.013815392	0.009240138	0.0013004539	0.00052100845	0.0019120378	0.003364594	0.00028242613	0.0003751538	0.0047686053	0.0047228183	0.002434001	0.014223214	0.0036318274	0.0007578073	0.014223214	0.005376782	0.016879665	0.004898363	0.00038356354	0.00064378564	0.000508652	0.003004817	0.0032623862	0.00227223	0.020781446	0.0003694304	0.0022473864	0.000892986	0.0060772803	0.00046652462	0.0015263429	0.0007870489	0.00080989214	0.00038278877	0.00062425074	0.0034681996	0.0031052849	0.0015218933	0.0057610385	0.00217125	0.017920684	0.0047038225	0.00016893169	0.007249698	-28.254621505737305
s07e02b	630.0	5.0	0.93673104	0.93673104	0.10012914	0.009186924	0.00023005443	0.00034011857	0.00076809275	0.009219287	0.002301601	0.0005393989	0.00033941597	0.0008001991	0.09251437	0.0013315488	0.00032432607	7.0357186e-05	0.0004956836	0.000110780384	0.00021901542	0.0009933974	0.004642813	0.0009844064	0.0038467187	0.0009392071	0.0007869079	0.0019745268	0.014601297	0.004472068	0.0021230187	0.0013767509	0.00024298509	0.0012080157	0.00087485305	0.0005340982	0.00013335005	0.004141547	0.0008037481	0.0032212164	0.0015416904	0.0005955904	0.0007706383	0.0015416904	0.001260415	0.0023490721	0.0022714487	0.00027173976	0.00015189842	0.00041087947	0.0010642213	0.0011871137	0.0007447089	0.0012478295	0.0006834567	0.00092195836	0.0004132249	0.0022431796	0.00016932242	0.0011650593	0.00042309592	0.00034114867	0.0004922865	0.00028208006	0.0021844183	0.0014791038	0.00021594879	0.0002051821	0.00061291375	0.0070510204	0.00070091453	0.0007915241	0.019401114	-26.016511917114254
s07e02b	635.0	5.0	0.8811724	0.8811724	0.060315665	0.03621686	0.0008043917	0.00023990085	0.00071434485	0.0038213928	0.001811072	0.004170373	0.0004041431	0.0005254008	0.025004338	0.0009159938	0.0006980115	0.00023706771	0.0017342212	0.00044056049	0.00020649098	0.000793108	0.0044491272	0.0020337298	0.0017830839	0.0016116381	0.0012735794	0.004057362	0.013030966	0.0036153074	0.0016404041	0.0013357283	0.00022758477	0.0011218447	0.0013356812	0.0003306832	0.00015095728	0.005261359	0.0013852523	0.0019070004	0.00073958636	0.00075418426	0.0009616379	0.00075418426	0.00075469905	0.002113206	0.0027155653	0.0002511657	0.0001500729	0.00035945108	0.0016802218	0.00075803266	0.0006371026	0.0012062582	0.0004887613	0.0016439485	0.00057483115	0.005638066	0.00016258859	0.010375528	0.00036952214	0.0003278611	0.005622558	0.0001292211	0.0027723166	0.0034654138	0.000418045	0.0002330272	0.00067867764	0.005717695	0.00079352455	0.0022471596	0.03312606	-30.18914222717285
s07e02b	640.0	5.0	0.830332	0.830332	0.015034627	0.030321166	0.010526131	0.00031137132	0.002567167	0.0062830807	0.0022541874	0.019403098	0.0018452273	0.00033453075	0.19834627	0.009232223	0.042274013	0.0014110504	0.0019653516	0.00012019091	0.00040980926	0.0010583008	0.046086032	0.046086032	0.019471345	0.0031961405	0.0027412663	0.008388164	0.022124251	0.006204094	0.0023362027	0.00075096707	0.00034541386	0.0006966185	0.0010481577	0.0001880818	0.00017781701	0.0029357472	0.0006574528	0.0008758068	0.00080299407	0.00033128748	0.0002841181	0.00080299407	0.001224392	0.0013935361	0.001454763	0.00017989862	0.00025107042	0.00027882174	0.0007929301	0.0016116397	0.0006726983	0.0011020835	0.00017029552	0.0015252917	0.000601103	0.0029368275	0.0001562226	0.019085389	8.970628e-05	0.00044360268	0.0011338087	0.00016190959	0.003130046	0.0014929723	0.00043153134	0.0006487008	0.0003816232	0.005578412	0.00070621714	0.0005357749	0.003130046	-32.80921173095703
s07e02b	645.0	5.0	0.66190624	0.66190624	0.020724202	0.032917768	0.0014902948	0.00035297844	0.0025061795	0.004758918	0.0010683404	0.0024190098	0.0014281892	0.00046432702	0.011175439	0.018222537	0.0015777287	0.00021706207	0.0024354567	0.0009386864	0.00067068666	0.0007067456	0.021587986	0.0137543725	0.00946679	0.0180578	0.0035038514	0.0180578	0.029130163	0.0040407213	0.0012515796	0.0010599671	0.00048713753	0.00097227015	0.0015729713	0.0005561612	0.0002823475	0.010166318	0.0022484611	0.0036619161	0.0010604352	0.0011211386	0.0013153019	0.0011211386	0.002545589	0.0038868445	0.00425385	0.00022330604	0.00041666522	0.00039232444	0.003969113	0.0027344795	0.0008932707	0.010392241	0.00031596422	0.0042170775	0.0020760107	0.007813279	0.0008126349	0.011246342	0.00064829754	0.0008084236	0.003855867	0.00076439686	0.003967639	0.0014853574	0.0015301039	0.0038267772	0.0005394686	0.0068396856	0.0014509548	0.0004505148	0.013174653	-25.582813262939453
s07e02b	650.0	5.0	0.86717594	0.86717594	0.042126	0.011381335	0.0007052624	0.0020206806	0.018451847	0.0008010036	0.0011336209	0.0008214516	0.0005831629	0.00016466944	0.011208346	0.012284095	0.000993636	0.00016414099	0.0011147881	0.0019646597	0.0012213396	0.01757695	0.004898349	0.0025441295	0.0035868136	0.002401684	0.000745101	0.002401684	0.12758817	0.010528505	0.0038471844	0.00091052055	0.0004815368	0.0019964876	0.013792297	0.00045543376	0.0007687811	0.0027774994	0.0027774994	0.0022623893	0.0016018426	0.0034598703	0.0012634847	0.0034834342	0.0019219521	0.011753569	0.0069194566	0.00081904815	0.00040456635	0.0007268005	0.0034396725	0.0018182936	0.0020803527	0.022059092	0.0005327521	0.008568124	0.002342525	0.005087521	0.00080847065	0.0032318316	0.00046647352	0.001117164	0.0005811149	0.00064041244	0.004422955	0.004200975	0.0061618863	0.0030397046	0.002980636	0.0089446185	0.0036059956	0.0001346033	0.011937645	-22.728174209594727
s07e02b	655.0	5.0	0.8122453	0.8122453	0.034620896	0.024214504	0.00025429358	0.0015049315	0.12302869	0.0031977592	0.0030732304	0.0039169625	0.0028843677	0.000121087265	0.003614002	0.0027709142	0.001489977	0.0024088786	0.0019531744	0.0012435054	0.017464358	0.03057756	0.0059479894	0.0059479894	0.0023729503	0.0028561128	0.0015669724	0.003975195	0.050770827	0.0054712617	0.0020057638	0.0010627431	0.00017660465	0.0007655637	0.0019708383	0.00041498354	0.00023436945	0.00521665	0.0024580867	0.00521665	0.009355841	0.0067287744	0.0018777462	0.009355841	0.0005881374	0.008315872	0.01475826	0.0024745504	0.0015340778	0.00040576022	0.04180239	0.00093308307	0.002412367	0.007863541	0.00071241136	0.002520634	0.00058590114	0.004906153	0.00067672296	0.0023990464	0.0003069645	0.0010306652	0.00095592765	0.00066589774	0.0015134455	0.00081657234	0.0006215898	0.003454715	0.0014743465	0.008031367	0.0030208374	0.0010355795	0.01637688	-24.44813537597656
s07e02b	660.0	5.0	0.90545356	0.90545356	0.011932111	0.07220396	0.0008148903	0.00058312004	0.0032422724	0.00071016565	0.0014040439	0.013378755	0.00018522576	0.00029259213	0.0057088244	0.006559338	0.001523967	0.00018375058	0.0029648214	0.0006494338	0.00019604652	0.00076046656	0.0071613947	0.004215956	0.00095994165	0.0035972123	0.0022849764	0.0035972123	0.050613523	0.00587527	0.0028009189	0.0010044929	0.0006208994	0.0011398646	0.0029883063	0.0003093489	0.00037162518	0.004240284	0.001046965	0.0030833054	0.0018152257	0.0006261324	0.00053233304	0.0018152257	0.0017558968	0.0022824197	0.0022429854	0.0001612208	0.00021054411	0.0008728606	0.0009916943	0.0011406846	0.0012463762	0.00590717	0.0014398387	0.0077417	0.001923854	0.0023232796	0.0012295317	0.05899414	0.00015374906	0.0011840059	0.0020776768	0.00014389511	0.020325325	0.0023355281	0.00021906513	0.0006289006	0.0013450051	0.012235372	0.0021661813	0.0002630005	0.020325325	-23.33021545410156
s07e02b	665.0	5.0	0.8547183	0.8547183	0.07003275	0.009602045	0.0004236216	0.0018351707	0.17714673	0.00084248534	0.001485165	0.0013893102	0.00065010454	0.00051136443	0.0025326863	0.0041766595	0.0016453422	0.00035693593	0.0009735211	0.0004525132	0.0018829582	0.045896564	0.0048428304	0.002156568	0.0027310655	0.004242183	0.0020360316	0.011366691	0.025543734	0.0038932317	0.0022076303	0.0011576109	0.0005667277	0.0014131846	0.0020947822	0.00020551086	0.0001542901	0.011516701	0.0049760495	0.011516701	0.0130824335	0.0076268883	0.0020652548	0.0130824335	0.0028015103	0.008341433	0.0071733086	0.0014954524	0.00021568252	0.00059767195	0.004635118	0.002072684	0.002782372	0.005496738	0.00028632156	0.0008589726	0.00067644595	0.007349385	0.0007123123	0.017300062	0.002406952	0.0005383901	0.0006093857	0.0002996272	0.0019331033	0.0025817621	0.00076972484	0.001022337	0.0028717918	0.0076060602	0.0023995428	0.000116043215	0.007064293	-27.148231506347656
s07e02b	670.0	5.0	0.90150213	0.90150213	0.10612534	0.003720602	0.00011539417	0.00032553822	0.0010342333	0.00040132512	0.00065206626	0.0008141769	0.0001240529	0.00017466237	0.012712913	0.0066753747	0.00030917584	8.880528e-05	0.0017282999	0.0003163021	0.00025256618	0.0019004055	0.0047364836	0.0009596984	0.0011232526	0.001514661	0.0005762142	0.0043774378	0.009045838	0.005519064	0.004563048	0.0006888522	0.0002853201	0.00061616744	0.0022066138	0.00034416807	9.770003e-05	0.0040814024	0.0014206722	0.0008065224	0.00046706753	0.00029406647	0.00020929876	0.00046706753	0.0033000435	0.0019381238	0.0025914747	0.00024982064	0.00011016339	0.00025837542	0.00077583303	0.0017585962	0.0011640299	0.009947303	0.00018660739	0.0022827554	0.0008882949	0.0019652862	0.00018309228	0.002729731	0.0004473097	0.00061635184	0.0028593293	0.00019481759	0.005779553	0.008059921	0.0003154757	0.0005439734	0.0010904496	0.009503252	0.0002790252	0.00016629373	0.015673673	-23.344444274902344
s07e02b	675.0	5.0	0.8255958	0.8255958	0.015908899	0.0055202474	0.00030610035	0.00019276491	0.0020155138	0.00045484133	0.0014334761	0.0012341911	0.00010200042	0.00015885221	0.007487484	0.014449923	0.0004607934	5.886507e-05	0.004177905	0.00021055636	0.00014172628	0.0010061441	0.004034468	0.001492128	0.0019479295	0.0023239474	0.0007439425	0.0023239474	0.028717278	0.010025793	0.0045962366	0.000930661	0.0005088535	0.0009398812	0.006381475	0.0010560529	0.00015781622	0.002330066	0.0015875862	0.0006916598	0.00049466523	0.00042737366	0.00026019762	0.00049466523	0.0020547349	0.0039170943	0.0030475175	0.0001478324	0.00031057082	0.00039180994	0.0008085346	0.001421361	0.0009782158	0.05128159	0.000896179	0.021108706	0.0024707443	0.0010090475	0.0007598581	0.0054417597	0.00028695035	0.00063569966	0.00088113546	0.00036473817	0.0018215196	0.0078114895	0.001640818	0.0059838286	0.0015564427	0.0068377005	0.0018444906	0.0007320703	0.057313897	-24.868871688842773
s07e02b	680.0	5.0	0.8697601	0.8697601	0.09477058	0.010494651	0.00029532434	0.00036169018	0.00094203016	0.0004138375	0.00071224844	0.0007736219	0.0005411297	0.00027306742	0.0071431645	0.003279426	0.0009098758	0.00010831055	0.0008795429	0.0003588664	0.00022766876	0.0010627127	0.0025916423	0.0016265359	0.0008975501	0.0023606454	0.0012637832	0.0039264923	0.028790781	0.016517129	0.007270624	0.0013150001	0.00066363154	0.0018662971	0.0034313889	0.0006852001	0.00016604322	0.0060872394	0.0015275476	0.003246562	0.0017395472	0.0009239409	0.0007297922	0.0017395472	0.0026011567	0.0036554362	0.0038083962	0.00018197214	0.00032982082	0.0005010821	0.0008914201	0.0010377547	0.0012372967	0.0038015747	0.00041497167	0.002356383	0.0015417117	0.01844221	0.0008945428	0.019248607	0.00097399554	0.00093163864	0.008992875	0.00018579034	0.03151094	0.0039280197	0.000912395	0.0007876648	0.0014893358	0.007554899	0.0009304269	0.00037068277	0.03151094	-22.85466766357422
s07e02b	685.0	5.0	0.9113933	0.9113933	0.020498509	0.006317795	0.00072119915	0.00030792825	0.0024272338	0.008270647	0.0008604057	0.0009537271	0.00041000775	0.000493753	0.0837099	0.015857464	0.0012395155	0.00041138445	0.0009841125	0.00011098805	0.00012172503	0.0013545493	0.0035620318	0.001965705	0.0035620318	0.0010929456	0.00063128193	0.0010929456	0.02016405	0.007469822	0.0037375183	0.0011353068	0.0002616629	0.00072235917	0.0022190076	0.00074013625	7.7177305e-05	0.002409981	0.00074169063	0.00054565514	0.0003970736	0.00038490933	0.00012719758	0.0003970736	0.003069338	0.002578352	0.002267281	0.00012156646	0.00038749757	0.00046818925	0.0005527897	0.0023440868	0.00051651074	0.01666829	0.00035962948	0.0047020237	0.0015824806	0.0036814634	0.0006191579	0.007370426	0.0007065964	0.0005727463	0.0011951939	0.00049076986	0.0015669627	0.004906602	0.0012006921	0.0017490998	0.0011692028	0.012759464	0.000808329	0.00048030773	0.022076344	-23.61026954650879
s07e02b	690.0	5.0	0.84164083	0.84164083	0.05010738	0.0035086111	0.00047750302	0.004523596	0.33824006	0.00067609927	0.0014312398	0.0019127178	0.00010854711	0.00024749065	0.0013554759	0.0034177843	0.005390843	0.0009265706	0.0020477974	0.00029454628	0.007746453	0.26677045	0.0030589553	0.0023959728	0.0018839873	0.0023381773	0.0012002547	0.0023381773	0.033552084	0.02040296	0.013415046	0.0016419792	0.00047229155	0.0020804042	0.008571081	0.00073391723	0.0004861261	0.00071361096	0.00071361096	0.00056762615	0.002842753	0.0013734768	0.00023187757	0.002842753	0.00051765743	0.004173608	0.0042346986	0.0009380821	0.0011026359	0.00071469415	0.002386444	0.0015887946	0.0022460853	0.0031418428	0.00037083653	0.00047466785	0.000552806	0.0044896505	0.00013432212	0.0017244065	0.0007320365	0.0008722059	0.00089109485	0.00026431342	0.0025969849	0.0013258997	0.0006791765	0.0015540266	0.0014737675	0.00152073	0.0046145413	0.00028486265	0.0046145413	-24.31945037841797
s07e02b	695.0	5.0	0.85126424	0.85126424	0.17998071	0.04971203	0.0020840643	0.0011169991	0.14123638	0.006174233	0.001995623	0.0047227824	0.0007909585	0.0013050024	0.04500267	0.0035751148	0.0031085578	0.0034135105	0.0019098105	0.00013329374	0.00090568943	0.0065701352	0.019003838	0.019003838	0.0023666958	0.005209872	0.0041295006	0.005209872	0.016426945	0.004989494	0.0018757774	0.0011023249	0.0003142144	0.0011221851	0.001801473	0.0007812161	0.00029970976	0.003949486	0.0013993869	0.0032480548	0.0035232208	0.0018472009	0.0012976645	0.0035232208	0.0011217123	0.002632788	0.0035563747	0.00044875234	0.00046194857	0.00044391016	0.001674605	0.002200088	0.0012119781	0.005929411	0.0008033993	0.002479282	0.0006405999	0.0027177576	0.00026313544	0.01620745	0.0022329458	0.00048611176	0.0028147267	0.0002069514	0.0026075817	0.0007178197	0.000961714	0.00226829	0.0032247903	0.008282887	0.0017732108	0.0031702844	0.007887371	-28.21797561645508
s07e02b	700.0	5.0	0.86083525	0.86083525	0.076537654	0.013524271	0.0001978785	0.00037151432	0.0011204376	0.0018765723	0.0010428479	0.00095820555	0.0005691352	0.00024621314	0.002588111	0.021845842	0.0014714459	8.188926e-05	0.0014920165	0.0007528379	0.00036876695	0.00078186364	0.008956936	0.0014670017	0.0013156427	0.0032985948	0.0014084834	0.0067099333	0.033163883	0.0042129667	0.0018410962	0.0008714865	0.0005069618	0.0008100866	0.007163379	0.000583306	0.00028542077	0.03865671	0.0033322338	0.03865671	0.0012723409	0.0009870196	0.01106216	0.0012723409	0.009714658	0.0033391772	0.002764355	0.00018723635	0.00020696403	0.00037278072	0.0014131764	0.0020071943	0.0007598729	0.008934779	0.00071399333	0.004888383	0.0010313037	0.0041886014	0.0003835848	0.008366667	0.0008990664	0.00086785574	0.003650903	0.00016352643	0.005726208	0.00225362	0.0019272299	0.0031690823	0.0015265144	0.010279837	0.0010437936	0.0008523124	0.011484864	-28.708341598510746
s07e02b	705.0	5.0	0.8367601	0.8367601	0.020875901	0.04258958	0.00083698303	0.00029666477	0.00048572334	0.0009933931	0.0013582478	0.0031284124	0.0002820526	0.00021978692	0.0048443726	0.009850321	0.0012425552	0.00030495296	0.0015457438	0.00046289427	0.00016088158	0.0009241997	0.0075920285	0.002671453	0.0015695543	0.002588612	0.0019344931	0.002588612	0.026709488	0.0031208969	0.001042392	0.0009287742	0.00042352083	0.0008042473	0.0024454717	0.00034322916	0.0002235344	0.022323605	0.006437029	0.016121568	0.0012910696	0.0036118804	0.004575393	0.0036118804	0.0073210485	0.0037776236	0.0019778889	0.00029515993	0.00016456506	0.00033644418	0.0022462425	0.0010901537	0.00065877935	0.001632932	0.00039287272	0.0016550439	0.0019697505	0.0013208506	0.00019811846	0.032913685	0.00021169917	0.00063565664	0.001550041	0.00019879777	0.002477457	0.0012672704	0.002388753	0.00064727577	0.0035462102	0.02814565	0.0014310182	0.0010765617	0.012334601	-26.77204322814941
s07e02b	710.0	5.0	0.7575885	0.7575885	0.01880704	0.017121896	0.0044696867	0.00026653227	0.001465082	0.004048637	0.008176773	0.008018026	0.0010952026	0.00032014778	0.0068734935	0.011765739	0.0033258938	0.0013561603	0.006289628	0.00035656794	0.00058128446	0.0007984636	0.034499746	0.031785384	0.019045599	0.0075631407	0.0054057767	0.020890262	0.015932208	0.0044945935	0.0013110426	0.00085234817	0.0002849713	0.0005997642	0.0012905563	0.0005269884	0.000130526	0.036447287	0.0023670236	0.036447287	0.0015946636	0.00075762573	0.009811253	0.0015946636	0.009708371	0.0023712802	0.0039281244	0.0004203177	0.00023355435	0.00032280775	0.002967873	0.004952935	0.00080600526	0.0024959752	0.000124397	0.0017987516	0.000604899	0.0029697912	0.000103963204	0.0023586955	0.0002927841	0.0008002174	0.002135389	0.00024125096	0.012209524	0.00034627673	0.0018414871	0.0006580872	0.0006200313	0.0098322695	0.0015504771	0.0016633469	0.02312689	-33.817840576171875
s07e02b	715.0	5.0	0.8721076	0.8721076	0.059276223	0.0070428327	0.00022054305	0.00035523705	0.0004529335	0.0004719651	0.0014382249	0.0010267865	0.00016836147	0.00034453673	0.0026466928	0.0067584645	0.0011790538	0.00015439636	0.0010050242	0.00010450401	0.00021173693	0.0007681154	0.012099359	0.0035627747	0.0025509826	0.003964608	0.0028153625	0.008876572	0.011985129	0.0042357245	0.0020241782	0.0012776173	0.0002867045	0.0011142275	0.001015657	0.00056923553	0.00012377556	0.024266273	0.0022833245	0.024266273	0.0017563023	0.0006726127	0.004348423	0.0017563023	0.0060424027	0.0020250229	0.0021067206	0.00014983355	0.00012303388	0.0001948018	0.001292759	0.0034281344	0.00044582362	0.0013956225	0.0003391991	0.000922178	0.0006879901	0.0041724094	9.376387e-05	0.007399042	0.0011286868	0.0006084374	0.0020688511	0.00015042319	0.0053160666	0.001246445	0.0005761747	0.00019201629	0.0006404314	0.010935084	0.000622307	0.0043305787	0.0345576	-31.3474063873291
s07e02b	720.0	5.0	0.8507705	0.8507705	0.008753618	0.01930532	0.0008771272	0.0004559985	0.00032572917	0.0006076487	0.004489126	0.004393148	7.768857e-05	0.00032391882	0.0053992565	0.0033855475	0.0022893548	0.0001945976	0.0039960495	0.00012552661	0.00019453489	0.0009523846	0.03287697	0.007819854	0.008159871	0.003903926	0.0033605334	0.003903926	0.01903101	0.005385791	0.0022348026	0.0011005664	0.0006162913	0.0012706732	0.0012525801	0.0009374066	0.00021653538	0.013212659	0.0017370855	0.0050757346	0.00372568	0.0011074645	0.0007759317	0.00372568	0.0032912192	0.0029680817	0.0014410183	0.00019074259	9.144768e-05	0.000421755	0.0018131369	0.0023198957	0.0007494493	0.0008954134	0.0008173835	0.0023027314	0.001895662	0.0034293889	0.00013475356	0.011320156	0.00024184077	0.0009436116	0.004809682	0.00012769585	0.025814591	0.0008740674	0.00035394554	0.00025711747	0.002570017	0.033288978	0.0035676719	0.012400172	0.04063109	-30.221254348754883
s07e02b	725.0	5.0	0.8593164	0.8593164	0.0116210645	0.023323871	0.002322842	0.0005104613	0.0038413154	0.003701987	0.0016553435	0.006285808	0.001832841	0.00061938574	0.0131650595	0.009624703	0.0022813624	0.00072001317	0.0009058102	0.0013223813	0.00025695033	0.0007163211	0.034482438	0.034482438	0.0065068183	0.005207367	0.0036725265	0.005207367	0.038491912	0.010431049	0.0038568783	0.001549433	0.0010232847	0.0014467686	0.0038998912	0.0006967517	0.00031691423	0.0077412976	0.0019098269	0.0016270439	0.0018583554	0.0010797982	0.0003744101	0.0018583554	0.0026435733	0.0038274096	0.001142406	5.7605157e-05	0.00019991318	0.00042593732	0.00088411005	0.0011183439	0.00054272293	0.0024365901	0.0006177951	0.0021095152	0.0011721457	0.0062380573	0.0004914154	0.11203417	0.00013122811	0.0004962409	0.0014378615	0.0002689986	0.0031156954	0.0014059492	0.0006820416	0.0013757448	0.00101367	0.0056810053	0.0013134693	0.00041511605	0.01092313	-23.207706451416016
s07e02b	730.0	5.0	0.8423961	0.8423961	0.08146864	0.02133366	0.0016107255	0.002433523	0.32500103	0.0029486502	0.0030716413	0.0016312934	0.00050415425	0.00040756245	0.0016619737	0.01039211	0.0030169396	0.0009019709	0.0016859728	0.0006749314	0.009515993	0.07677603	0.007554785	0.007554785	0.0019062997	0.012112733	0.0016573889	0.012112733	0.03194309	0.006478693	0.0035439783	0.0017993238	0.00047022136	0.0015712634	0.002085725	0.00020769308	0.0003427898	0.0010641189	0.0010286043	0.0005084673	0.0022688652	0.0010931102	0.00025027504	0.0022688652	0.0010914593	0.005162838	0.00885409	0.0022630664	0.0015901354	0.0011965238	0.03245932	0.0012360057	0.0017536016	0.0053419583	0.00019626741	0.0006560836	0.0009532579	0.0039677103	0.00030188783	0.0014271227	0.0008740436	0.0008823318	0.0008162355	0.0005786571	0.0018193221	0.0011242958	0.00073143083	0.002037909	0.0008561082	0.0031505541	0.0018702844	0.00020263888	0.013702031	-22.612741470336918
s07e02b	735.0	5.0	0.022854965	0.022854965	0.0008052388	0.0006948794	0.00031010396	0.004281283	0.00088195316	0.0006167655	0.045094013	0.0009641397	0.00059330766	0.00028225224	0.0023293977	0.001778974	0.0001226816	0.00011700812	0.0005630133	0.0012633867	0.006266662	0.0043154275	0.0009154908	0.0009154908	0.00085711095	0.002176925	0.00091002655	0.002176925	0.85303736	0.18321994	0.18321994	0.0011064922	0.00023262782	0.0015225484	0.013501185	0.00044066718	0.017790787	0.0012112955	0.0012112955	0.00088625064	0.0063946196	0.0064088353	0.00034136075	0.0064088353	0.00013796672	0.006101728	0.031025048	0.0015487898	0.001637383	0.00032863594	0.0034244969	0.0018154496	0.0012587568	0.00077106577	0.00023957147	0.0004928626	0.00034361597	0.0003817677	0.0021575924	0.00036714246	0.00014530092	0.0008740382	0.00028469323	0.00076601026	0.0004411846	0.00089638826	0.00090040895	0.0038484987	0.0008182719	0.0035870026	0.0008037925	0.00028865517	0.013248192	-18.26286125183105
s07e02b	740.0	5.0	0.48427534	0.48427534	0.0012242134	0.0042832494	0.0005777147	0.00014783142	0.00015376548	0.00033319174	0.0010768848	0.0014537188	0.0007786279	0.00011544545	0.003992906	0.0006439589	0.00015981421	5.16141e-05	0.00021659031	4.3483433e-05	4.2612588e-05	0.0001987284	0.7253317	0.00091043074	0.0037081195	0.0063292277	0.0039239028	0.0063292277	0.45062545	0.031288967	0.009114546	0.001557287	0.0014700852	0.0013568101	0.0028625191	0.0006952404	0.0010767468	0.0022714303	0.0005144452	0.0015313092	0.0006073363	0.0011642827	0.00027218473	0.0011642827	0.00056712516	0.0020528417	0.0019902172	3.7276073e-05	9.546643e-05	0.00014309426	0.001015197	0.0007722291	0.000324246	0.0028087064	0.0006024055	0.0017545075	0.0013718094	0.0024388721	0.00021455239	0.0022572577	3.1497948e-05	0.00073602545	0.000119984325	0.00020908096	0.0014080931	0.0014572921	0.00019943416	0.0005318753	0.0024242476	0.0062264535	0.00047828653	5.2103293e-05	0.0034255937	-27.561767578125
s07e02b	745.0	5.0	0.7959529	0.7959529	0.0031202473	0.0016845728	0.0029725046	0.0007995821	0.0076216934	0.0054400284	0.00439896	0.005340175	0.0038516077	0.0003654863	0.05104013	0.009030187	0.002209259	0.00027963985	0.0039497246	0.00012544883	0.00014268117	0.00029851322	0.0050780177	0.0050780177	0.0020531847	0.00087386963	0.00066949555	0.0013350416	0.4403247	0.019582624	0.006253598	0.00078608346	0.0003264171	0.0007414444	0.0031289777	0.00015823013	0.0015982222	0.00068802224	0.000432279	0.00038383188	0.00027263662	0.00020273804	6.871187e-05	0.00027263662	0.0051518264	0.0010874723	0.0013496155	8.003639e-05	0.00021888243	0.00023161023	0.0003780399	0.0018577398	0.00046511577	0.049645584	0.0028156233	0.032784704	0.0026354452	0.001135496	0.00060978136	0.019558975	0.00012337776	0.0004639905	0.00046829882	0.00023319076	0.004707396	0.0014882726	0.0010200848	0.018976465	0.00071239675	0.013494492	0.016811281	0.00022648642	0.12517326	-25.73506164550781
s07e02b	750.0	5.0	0.7355443	0.7355443	0.013350028	0.0074031684	0.00045460075	0.002548322	0.0357389	0.00085817336	0.00401383	0.014879542	0.00045231005	0.00011792864	0.000806225	0.004561519	0.0005944128	0.0007175533	0.020205718	0.00042136613	0.009899349	0.021455795	0.0008724864	0.00082472723	0.00029464907	0.001108387	0.00030916993	0.001108387	0.103647195	0.010332609	0.0026325164	0.00059442245	0.00042871042	0.0003770129	0.00822835	0.00017138907	0.00044332026	0.00036009468	0.00036009468	0.00021428375	0.00051918137	0.00035214692	8.500082e-05	0.00051918137	0.00089095696	0.0009736546	0.0010928634	9.724978e-05	0.00021308006	0.000111785404	0.0012977008	0.0011885167	0.00022208937	0.28115892	0.00013373386	0.023564557	0.00027207885	0.0006182457	7.8925514e-05	6.632646e-05	4.1971776e-05	0.00022560319	0.00015242364	6.469731e-05	0.0005341371	0.0013758123	0.016058603	0.06785917	0.0016772649	0.010086235	0.008099448	0.00025213984	0.36232233	-21.110811233520508
s07e02b	755.0	5.0	0.8619171	0.8619171	0.031104168	0.20953947	0.00079038134	0.010141574	0.052781593	0.02605098	0.0071241194	0.007378303	0.00031256696	0.00093900575	0.0025472098	0.007722633	0.0025412706	0.0007933983	0.0035772996	0.003674083	0.006931453	0.20519464	0.0032214092	0.0032214092	0.0014530338	0.0009820692	0.00040183275	0.001151654	0.07711262	0.0058207763	0.0014088872	0.0007079769	0.00032264192	0.00063341425	0.0023587751	0.00042939547	0.0006014827	0.0013097415	0.0006455416	0.0008433283	0.0031757923	0.00067819725	0.00020439521	0.0031757923	0.00090201857	0.0026626077	0.005873725	0.0003958868	0.00039167647	0.0013396478	0.001696789	0.0027082567	0.0012236732	0.012745567	0.0005440888	0.0013150024	0.0010110823	0.0039479975	0.0011943278	0.005298986	0.0004671882	0.0012237243	0.00034338149	0.00018328984	0.0011394314	0.0005085027	0.000809688	0.005377266	0.0020938404	0.0041166977	0.0044569126	0.00019223336	0.01632839	-22.75121307373047
s07e02b	760.0	5.0	0.8251786	0.8251786	0.03078873	0.051694393	0.0004512614	0.0029466206	0.0632514	0.00089387904	0.00709094	0.008201086	0.00015924318	0.0001533663	0.0010622552	0.010110649	0.0014263795	0.0014396042	0.0025304733	0.0018123318	0.0038685235	0.29924035	0.004007662	0.0012760764	0.0020072171	0.0042264108	0.00039268608	0.0042264108	0.54410154	0.027442785	0.005923843	0.00058052863	0.00019915523	0.0014028756	0.008919216	0.00069230085	0.0015424746	0.0011832877	0.0011832877	0.00072705897	0.006753339	0.0022785966	0.00013084976	0.006753339	0.0011126572	0.018158708	0.005675161	0.00046464644	0.00036504722	0.0001985996	0.0020946027	0.00188706	0.0017004018	0.006102095	0.0001433543	0.003999015	0.0011573485	0.0032018623	0.00065817626	0.0027576	0.00079048757	0.0012575136	0.0002118708	0.00032502343	0.0022365258	0.00065696397	0.00087775843	0.0018901333	0.0017707978	0.010776584	0.0017477092	0.00024662618	0.01712293	-26.31359100341797
s07e02b	765.0	5.0	0.8000861	0.8000861	0.013199797	0.03937077	0.0001122599	0.008354601	0.1903925	0.0012491988	0.020158077	0.002702866	8.607121e-05	0.00021600418	0.0012825308	0.0007531314	0.00079155574	0.0014442564	0.0037721847	0.0007959806	0.008949912	0.053088676	0.0007611097	0.00053699885	0.0007611097	0.00026912484	6.854009e-05	0.00026912484	0.63361686	0.042477116	0.018312123	0.00137989	0.0005964783	0.0017902863	0.01539285	0.0003237959	0.004505278	0.00053987186	0.00023442443	0.00053987186	0.0011173972	0.0007181229	0.00011046318	0.0011173972	0.0003061091	0.0006886241	0.0021446245	0.0004677666	0.001571241	0.00046207008	0.00078822987	0.00087834493	0.0005329794	0.004369278	0.0002672832	0.0006426129	0.00035452165	0.0021357893	0.0012608321	0.0031200366	0.00039714706	0.0011506381	0.00017470567	0.000101337486	0.00060414453	0.0001850764	0.0009485214	0.008465964	0.0005680448	0.0017674967	0.0032047918	0.00016933178	0.008465964	-21.26255416870117
s07e02b	770.0	5.0	0.008507727	0.008507727	0.00014764181	0.00019913433	0.00010378531	0.0006666045	0.00012820633	0.00042690706	0.011097773	0.00037155897	0.00021837777	0.00059989165	0.0011695871	0.00027386344	0.0002504309	0.00012273391	0.00025651537	0.00078038574	0.00028608253	0.0002673092	0.0015028013	0.0013369666	0.0015028013	0.0017719545	0.00083427544	0.0017719545	0.8521635	0.25487447	0.25398836	0.0042517073	0.00078988064	0.00354284	0.023830492	0.0008183207	0.013043957	0.00039488458	0.00016372942	0.00024408313	0.0006776584	0.00028935252	0.00013702878	0.0006776584	0.00017181727	0.00048618866	0.0011904729	6.6476656e-05	0.0006313665	0.00014218298	0.00044832373	0.0009957621	0.0005506465	0.0004093871	0.00093248097	0.0005280197	0.00053984823	0.00081790757	0.00016716923	0.00038281633	0.0005531977	0.001505864	0.0012733266	0.0005896307	0.00076532585	0.0009250234	0.000883236	0.0016156828	0.0016048226	0.002557516	0.0014131145	0.002126708	0.009581411	-21.219186782836918
s07e02b	775.0	5.0	0.057849515	0.057849515	0.0054949867	0.006564047	0.0006879881	0.00051279576	0.0013092925	0.006892082	0.00786934	0.0013778494	0.0056241043	4.996201e-05	0.0024995191	0.0013522158	0.0015540785	0.0005291397	0.0044782413	0.0005280247	0.0013424603	0.0027862855	0.00241702	0.0010620417	0.0017217891	0.0019136008	0.0007885255	0.004311399	0.10577073	0.018915413	0.006552822	0.0013409422	0.00039241384	0.0020098726	0.0034726022	0.00092716765	0.0009739557	0.0029846374	0.0022513682	0.0027061144	0.00068886107	0.0006041408	0.0014239433	0.00079427735	0.00096715556	0.003546286	0.007995714	0.00017036308	0.0004225276	0.0009891131	0.0014534966	0.0005110245	0.0016632037	0.0020748174	0.0037733407	0.002021348	0.0035758417	0.0014370593	0.0008290076	0.001552167	1.3730305e-05	0.0012256119	0.0012681277	0.00086920836	0.0025864018	0.0020149	0.0026988229	0.0013532328	0.0027245174	0.0023835646	0.0031071142	0.31795636	0.0073445993	-80.4840087890625
