episode_id	onset	duration	talking	speech	man_speaking	woman_speaking	baby	shout	laughter	cry	singing	kids	groan	whistling	breathing	walking	mouth_sounds	fart	hands	heartbeat	cheering	crowd	mammal	dog_bark	cat	rooster	duck	bird	music	musical_instrument	guitar	piano	organ	electronic_instrument	percussion	bell	ambient_music	weather	wind	rain	river	wave	thunder	river_sea	fire	boat	car	traffic	car_honk	emergency_vehicle	train	cycling	engine	door	doorbell	knock	dishes	radio_tv	dryer_vacuum	zipper	keys	alarm	telephone	whistle	mechanisms	tools	boom	bang	glass	water	beep	silence	sudden_noise	db
s07e07a	0.0	5.0	0.5745722	0.5745722	0.0009669431	0.00080785144	0.00015197432	0.0013639617	0.0002885437	0.0005938983	0.02106678	0.0045352555	0.0018078397	0.00028851567	0.00032855326	0.00082904665	0.0005112233	0.00048391896	0.00026649795	0.00016450325	0.00016199653	0.0003577999	0.0069839256	0.0069839256	0.0050656693	0.0007189678	0.00064846314	0.0007189678	0.59068334	0.25117278	0.25117278	0.008628595	0.0032433728	0.0073886896	0.013718364	0.006541223	0.0023803997	0.0035134377	0.0016482789	0.0035134377	0.0007942663	0.0019119495	0.002152912	0.0019119495	0.0022793673	0.004016673	0.01305995	0.0008959852	0.00039744755	0.0003153497	0.0016700099	0.008618204	0.0016040832	0.0017971463	0.0019157167	0.0011979003	0.004095739	0.0017126324	0.00018699138	0.00094147655	0.0035251381	0.001128388	0.0009193951	0.00015662979	0.007209099	0.0013408272	0.0012248654	0.0017813033	0.008369227	0.0010225245	0.0047810115	0.010429071	0.008369227	-21.04157257080078
s07e07a	5.0	5.0	0.7875597	0.7875597	0.0036720487	0.014038142	0.00083784806	0.00056113553	0.0013984451	0.0019787776	0.00056979165	0.029706685	0.00047189803	9.131366e-05	0.0014750606	0.040989146	0.004060562	0.0006560201	0.0003823967	3.8310645e-05	8.227514e-05	0.0019187351	0.20331843	0.035243645	0.003744604	0.010466943	0.0059488523	0.011585807	0.010711823	0.001097412	0.00039171788	0.00025327178	0.0001495033	0.00018143505	0.0004494551	0.000546521	0.00014010689	0.009351339	0.0038603994	0.0017681244	0.000819239	0.0005134595	0.00037973173	0.000819239	0.009674559	0.0023592163	0.0048239133	0.00063292	0.0003629404	0.0010418459	0.001347789	0.018110467	0.0007920978	0.0038439129	0.00019046108	0.0015896239	0.00035535308	0.00026097824	0.00010565945	0.013195051	0.0015803801	0.0015518117	0.00043605934	9.106774e-05	0.002046499	0.000852732	0.0019512939	0.0007072826	0.0010573192	0.009392075	0.0014769455	0.0006790409	0.0105632795	-29.128511428833008
s07e07a	10.0	5.0	0.7615357	0.7615357	0.009493396	0.003503993	0.000109679764	0.0043429057	0.033416275	0.00060108927	0.0034221397	0.010267342	0.00043232722	0.0001471036	0.001564733	0.015930548	0.0008463383	0.00031059215	0.0011856655	0.0011913804	0.0013725607	0.030176006	0.029875476	0.00848603	0.0013906392	0.004831473	0.0009799341	0.004831473	0.052376606	0.0026160432	0.0011678076	0.0002446542	0.00021281751	0.0002816176	0.0021381523	0.00084323593	0.00013029296	0.0038258026	0.0038258026	0.0007227675	0.0010978281	0.0012493072	0.00068668206	0.0012493072	0.0018237038	0.014502967	0.006350388	0.00066641136	0.00041829297	0.0002327261	0.0020603498	0.024120424	0.0009594571	0.039684083	0.00070418714	0.0073642847	0.0014655859	0.00048263874	4.8604514e-05	0.00015210509	0.01730676	0.00092925166	0.00022725626	0.00016405682	0.014433519	0.0009718127	0.014220775	0.08673161	0.025967553	0.0051677064	0.008837413	0.00043832712	0.13293497	-23.98637008666992
s07e07a	15.0	5.0	0.8545755	0.8545755	0.009043291	0.010473374	0.0003799251	0.0051946733	0.1902003	0.0014454507	0.002868162	0.001568678	0.003500741	0.00017199069	0.0044927867	0.0055218027	0.005443285	0.00033797024	0.0021835277	0.0049560335	0.008748964	0.012751442	0.10848034	0.10848034	0.0010261255	0.0022221643	0.0027025742	0.0027025742	0.43981767	0.012640573	0.0037154353	0.0012351561	0.00033021474	0.0014700266	0.0036794285	0.00048300394	0.0011244838	0.0025275995	0.00086357736	0.00083826133	0.008903167	0.0021182369	0.00019172777	0.008903167	0.0011426716	0.004426125	0.0066101737	0.00030033218	0.0007661395	0.00053328805	0.00080407906	0.0026864146	0.0015222585	0.013927104	0.0021862774	0.000651938	0.00056144234	0.010824636	0.009209375	0.15525903	0.00050072395	0.00091657654	0.0003600274	6.781253e-05	0.0039994824	0.0028955746	0.0006016332	0.004290678	0.00084931887	0.020834876	0.017254401	0.00025672064	0.05405889	-23.279273986816406
s07e07a	20.0	5.0	0.7747627	0.7747627	0.0010848168	0.0070633036	0.000418408	0.0005379136	0.001684026	0.00070756674	0.00084710395	0.012140597	0.0024172799	0.00023960712	0.0051888833	0.009169021	0.0015411664	0.0001698609	0.00037776429	8.9436035e-05	0.00039592793	0.00018273614	0.062609985	0.028761813	0.0024116486	0.004871253	0.007399315	0.016658485	0.06468571	0.0029750848	0.0010355149	0.00047903234	0.00028816378	0.00034427128	0.0006836333	0.00023588627	0.0002014977	0.008030141	0.0007717355	0.0044597723	0.002058627	0.0004318066	0.00048893207	0.002058627	0.0021828068	0.004490776	0.0030529276	0.00018155758	0.00014233288	0.00016897307	0.0012464474	0.003476694	0.00043898486	0.04681064	0.0020771192	0.012903261	0.0042192806	0.0009822526	0.0010200163	0.009008902	0.0004884574	0.00043727813	0.0003826609	0.00013954716	0.0039329687	0.0009804099	0.0009109995	0.037053574	0.0026329132	0.020809906	0.004543771	0.00017376702	0.037053574	-25.74715614318848
s07e07a	25.0	5.0	0.89661586	0.89661586	0.15251806	0.0058418354	0.0018995092	0.0071997093	0.31826106	0.002476168	0.0039848373	0.00068733963	0.0026295495	0.0006006944	0.003595734	0.00883459	0.0044924943	0.00046239307	0.0028268006	0.0014876589	0.005284922	0.048726633	0.00737616	0.0040519126	0.0011749968	0.0021605582	0.0010589825	0.0021880278	0.07189481	0.0148056345	0.010088254	0.0011845096	0.0007496218	0.0012535672	0.003982839	0.00037701507	0.00043547738	0.0015376712	0.0012672915	0.0014694212	0.0046595642	0.0017303037	0.0005151706	0.0046595642	0.0009594982	0.008892662	0.0033453195	0.00031775286	0.00064133847	0.0010122032	0.0019234912	0.0014053729	0.0011653601	0.008246714	0.00039140548	0.0011782005	0.0005223204	0.010705331	0.00038132427	0.0032380356	0.00047480882	0.0015994833	0.00035667673	0.00028149787	0.0058176345	0.0025512425	0.0014017725	0.0031868115	0.0026289194	0.005874666	0.0062855044	0.00014143874	0.0062855044	-23.28402709960937
s07e07a	30.0	5.0	0.82366085	0.82366085	0.058166042	0.020204835	0.00085038453	0.003939662	0.04935851	0.0021189959	0.002632802	0.0052999337	0.0015436639	0.001290147	0.005964124	0.005493452	0.0015815438	0.00048396786	0.0023519068	0.0012269913	0.004720504	0.008407184	0.022068664	0.022068664	0.0050229034	0.0037524712	0.0026844812	0.009865378	0.08854444	0.01516295	0.0077506215	0.0012328242	0.0004872172	0.0013481773	0.00597957	0.0006548308	0.0006762265	0.0047126804	0.0034717873	0.0047126804	0.014995241	0.005850127	0.0011809507	0.014995241	0.0012809797	0.014295769	0.011164779	0.0008556148	0.0010063463	0.0022278333	0.015676042	0.0021569047	0.004088716	0.008413849	0.00024892783	0.0019949034	0.0009831407	0.0105968835	0.0019130756	0.018588996	0.00074007065	0.0029112662	0.0005707627	0.001043469	0.0063856123	0.0049329926	0.00092157326	0.0025724445	0.0016214311	0.013955821	0.0013282469	0.0003830463	0.0064518214	-23.72197914123535
s07e07a	35.0	5.0	0.86893505	0.86893505	0.19701682	0.0043223994	0.00033752105	0.001040771	0.0052116793	0.0009314451	0.0007848985	0.0005816114	0.002634579	0.0003014504	0.02063145	0.008583091	0.0005882019	0.00030911277	0.0010989514	0.000650953	0.00065160537	0.014873623	0.011628284	0.0039670137	0.0020453483	0.0025377278	0.0023026164	0.00950929	0.028569616	0.006041675	0.004067411	0.000535887	0.000241699	0.00062900217	0.0017940508	0.00039341918	0.00013552647	0.009401836	0.006321121	0.00429218	0.003576229	0.0043074465	0.0014535444	0.0043074465	0.003393558	0.016566914	0.010870099	0.0017995789	0.0006133532	0.0010706522	0.0018990048	0.002340314	0.0021133258	0.009376964	0.0002275043	0.0023205997	0.0007451611	0.019804941	0.00024276	0.00338897	0.0009945097	0.0010687517	0.0030908776	0.00037093376	0.0070088613	0.002956851	0.0021422154	0.0025359073	0.0016697849	0.00772862	0.0033140979	0.00066755555	0.01648881	-23.587066650390625
s07e07a	40.0	5.0	0.8993262	0.8993262	0.047214027	0.11266098	0.0012203075	0.008799053	0.29760492	0.0141054345	0.0024589486	0.0056710267	0.00028849338	0.00027660586	0.0008824949	0.005445743	0.004331979	0.0004627952	0.0021945732	0.0009616984	0.0074433335	0.09154452	0.005449117	0.0023558238	0.0007138514	0.0034086863	0.0013501832	0.0034086863	0.04273187	0.0061329077	0.0039264844	0.0007976845	0.00019728676	0.00068617635	0.0026913148	0.0003086107	0.00040935513	0.0009978261	0.00030806364	0.00064737484	0.0031603905	0.0006271997	0.00017340884	0.0031603905	0.0005078081	0.0031219488	0.011667897	0.00037937931	0.0004390945	0.0009567869	0.0011465619	0.0016571915	0.0013497729	0.0085395165	0.0013173693	0.0009948105	0.00048385042	0.013786804	0.0016802889	0.0037767247	0.00036295594	0.0012815972	0.0010200789	0.00022039926	0.0009187511	0.000734541	0.0007255282	0.0018110615	0.001460495	0.0025254425	0.0034102758	0.00033597767	0.0034102758	-23.278779983520508
s07e07a	45.0	5.0	0.823812	0.823812	0.122848436	0.028634824	0.00088470156	0.003291024	0.13202603	0.002234456	0.0027904501	0.0050646453	0.0032055979	0.0012322178	0.002131582	0.0031014907	0.0046157986	0.0018515281	0.0023841225	0.0006328051	0.0072235526	0.011853517	0.007216385	0.007216385	0.0013660938	0.00697456	0.0020009438	0.00697456	0.031068878	0.009253698	0.00502792	0.0010866331	0.00027291387	0.0008845161	0.0017113246	0.00044096026	0.0003637194	0.003299454	0.0018127346	0.003299454	0.007367353	0.0037034191	0.00120824	0.007367353	0.0016504372	0.0075077596	0.014389089	0.0024615338	0.0010995137	0.0011554286	0.006575786	0.0015673604	0.0026749426	0.013996781	0.00051306613	0.002994985	0.0011826319	0.005079273	0.0004574404	0.0043477723	0.001863244	0.0024068444	0.002535941	0.0004512188	0.0036022542	0.0018003954	0.0017796237	0.0042452766	0.003950393	0.003891487	0.0026713845	0.00065517006	0.0042452766	-23.2430477142334
s07e07a	50.0	5.0	0.9363265	0.9363265	0.17250319	0.026900133	0.0004491859	0.00040246567	0.004065617	0.0014924457	0.0019091961	0.00066277134	0.00019927869	0.00013000319	0.014934174	0.0018669209	0.0002694478	0.00011147797	0.0008872324	0.00042695424	0.00021707574	0.0014213759	0.0014540082	0.0009513947	0.0003253682	0.0012818603	0.0006220574	0.0017035916	0.023436036	0.012571546	0.0071682096	0.0016246568	0.00033001174	0.0013626893	0.002703393	0.00034248567	0.00011309615	0.0014498319	0.00046114344	0.0003959642	0.00032555652	0.00024314522	0.000120836165	0.00032555652	0.00089554867	0.0020100437	0.0014789833	0.00014614784	0.00013689203	0.00042956008	0.0005298983	0.0005166319	0.00077296456	0.004814868	0.00027391643	0.0032602097	0.0005485357	0.0037071614	0.00030748002	0.0030729002	0.00014045574	0.00080976833	0.0014248407	0.00014643617	0.004947028	0.002769133	0.0007190137	0.00038803447	0.00042022916	0.00400226	0.00074878824	0.00024100773	0.006987515	-24.400821685791016
s07e07a	55.0	5.0	0.9027116	0.9027116	0.048474155	0.06681332	0.00029201608	0.004246861	0.03053539	0.003350274	0.0021134224	0.0018238514	0.0031310874	0.001064269	0.0075058336	0.004445247	0.0023912203	0.00059880293	0.00090845505	0.0028574334	0.0036406713	0.017807074	0.024412112	0.0017887172	0.0011946469	0.000766027	0.0010058595	0.003002952	0.07473586	0.0050888774	0.0022132127	0.0014930732	0.00033664246	0.0010447089	0.002354823	0.0005391822	0.00033498905	0.0038431955	0.0027547493	0.0038431955	0.0078969365	0.0064605842	0.001431657	0.0078969365	0.0015311773	0.012914162	0.0249873	0.0015838011	0.0003960897	0.0010515472	0.0038042595	0.0017217055	0.002523058	0.0044849026	0.0017241167	0.00041277273	0.0005955081	0.012695306	0.0038785692	0.0093168635	0.0006278241	0.000806361	0.0006578264	0.00049133087	0.0025445991	0.0012954362	0.0016182886	0.0017747807	0.003724857	0.008272834	0.0034131485	0.00038089848	0.0070120944	-24.488170623779297
s07e07a	60.0	5.0	0.8258587	0.8258587	0.017315099	0.00976506	0.00023108591	0.0006854048	0.001128418	0.0008547417	0.0009059721	0.0024035997	0.00019083664	0.00034935315	0.0014998763	0.010774072	0.0012155842	0.00014399366	0.0004830346	0.00023734727	8.274187e-05	0.0008465919	0.009294167	0.0012585033	0.0012036001	0.003329555	0.000878247	0.003329555	0.033038378	0.005523997	0.0023162973	0.0006693099	0.00039188785	0.0005487684	0.0070725065	0.00065740524	0.00020206373	0.006980828	0.0035625226	0.0016278528	0.0008949904	0.0010436012	0.000769061	0.0010436012	0.0029879056	0.0037407882	0.0038435003	0.00019138039	0.00027789714	0.000856087	0.0014012353	0.0020094162	0.00061259343	0.0079565765	0.00068218523	0.009334864	0.00094430055	0.0017355756	0.0007841241	0.012942311	0.00026098272	0.0016738462	0.0025882008	0.00015812049	0.0031396423	0.0025931194	0.002386049	0.003603177	0.00079315034	0.010337744	0.0021279056	0.0049454956	0.027225358	-24.680450439453125
s07e07a	65.0	5.0	0.7417927	0.7417927	0.12594265	0.117066406	0.00016089508	0.0037475582	0.05937399	0.0012741035	0.004974305	0.026823873	0.00016272104	0.00025638845	0.0013092253	0.0046421853	0.00045203592	0.002307717	0.010196771	0.0026355954	0.07024606	0.020810563	0.011467197	0.0031143674	0.0006953842	0.0058880006	0.0011401876	0.0058880006	0.027392497	0.005164932	0.0026836619	0.00095013727	0.00037133534	0.0005812188	0.004278121	0.00050070015	0.00047021374	0.001172341	0.0008376109	0.0011178965	0.0016783255	0.0008083913	0.00041421896	0.0016783255	0.0009326982	0.0021525207	0.0063345386	0.00073777477	0.00064857566	0.00023130412	0.011168748	0.0028899203	0.0013529196	0.06555148	0.0005241575	0.018823326	0.0011261061	0.0013682838	0.0011975619	0.00045433067	0.002040674	0.0010102099	0.0008521102	0.00032259792	0.0039538257	0.00084700016	0.0012550151	0.015099821	0.002084583	0.0025331238	0.0031397496	0.0002789241	0.020519165	-24.95433616638184
s07e07a	70.0	5.0	0.7939193	0.7939193	0.004277788	0.17024076	0.013994084	0.0006548033	0.0022764152	0.0034542228	0.0118420785	0.18288419	0.0007505661	8.388638e-05	0.0019732877	0.003213057	0.004443979	0.0007094097	0.025218045	0.00057254004	0.000365795	0.00047648727	0.005884789	0.0049166656	0.0021799589	0.0024795649	0.0026510581	0.0026510581	0.036320228	0.0047207614	0.0012458249	0.0005009548	0.00020456582	0.000344818	0.0015168057	0.00063819916	0.0004315531	0.00203525	0.0010474629	0.0016459627	0.0018245147	0.00060697953	0.00044280733	0.0018245147	0.0013021133	0.0023369496	0.0068051075	0.00021755687	0.00038089955	0.00042714886	0.0011248967	0.001075447	0.001094399	0.00174045	0.00036774745	0.002155935	0.0008894751	0.0019422051	0.0022668627	0.022075268	0.00016197721	0.0003580442	0.0012280821	0.00017753865	0.0014743296	0.00063467806	0.00022864138	0.0005226269	0.0005652439	0.009902486	0.00077107316	0.00057857187	0.0039263037	-24.53788948059082
s07e07a	75.0	5.0	0.904764	0.904764	0.008213387	0.2409963	0.0011404413	0.0012950925	0.34939566	0.0100608	0.0019075895	0.010207228	0.00021596013	0.0004655795	0.0034752437	0.0020200652	0.007030279	0.0020668947	0.0010351479	0.00050658133	0.0010232057	0.012344219	0.003544716	0.0025966405	0.00081912696	0.0005741757	0.0005745249	0.0010903234	0.0483798	0.0065711997	0.0016118699	0.0012134053	0.00024830608	0.00084643095	0.0019146557	0.00029060632	0.00061163114	0.000437031	0.00025170535	0.000437031	0.0005970417	0.00020270015	0.00011941443	0.0005970417	0.00052925496	0.0009965431	0.0020714595	0.00015837021	0.00032013128	0.00046607925	0.0009143017	0.0005602826	0.0010878319	0.0047316086	0.0005472854	0.0013236596	0.00093142653	0.006338369	0.0006656388	0.008951355	0.00036156335	0.0003843062	0.0007644046	0.00018645478	0.0008049656	0.00036601233	0.0002020283	0.0016487137	0.0015648798	0.00277737	0.0018354275	0.00014234034	0.0018354275	-23.5924129486084
s07e07a	80.0	5.0	0.88370687	0.88370687	0.004548879	0.49263075	0.0016805009	0.0002609964	0.0008597808	0.0014828481	0.0013714796	0.059726182	0.000103778184	0.00030019306	0.00195005	0.0020892336	0.0006355312	0.0005337249	0.0034329973	0.00045181124	0.00016971941	0.0004282993	0.00372318	0.0036830662	0.0021501696	0.0015244888	0.0014766023	0.0015244888	0.019878387	0.002607955	0.0009049308	0.0005930165	0.0005842845	0.0004935455	0.0013260058	0.0017661864	0.00025881847	0.002198645	0.0007338599	0.00070384867	0.0005552574	0.00042226387	0.00026911893	0.0005552574	0.0007241354	0.0013476548	0.003870733	0.00023701394	0.00027431524	0.00085065607	0.0010921271	0.0017661864	0.0010277202	0.0007011112	0.00027858737	0.0013942788	0.001031504	0.0022137424	0.0011137829	0.044775356	5.940247e-05	0.00068219856	0.0021291957	0.00013070622	0.0037624456	0.00061143475	0.00031314918	0.00018027896	0.001114616	0.008555078	0.00057777035	0.00073653064	0.007230303	-25.10437393188477
s07e07a	85.0	5.0	0.8416593	0.8416593	0.027448831	0.016575936	0.00010467216	0.0014492467	0.0455106	0.0012517143	0.0011476442	0.0031226866	0.0010691065	0.00061089586	0.008198414	0.0031804119	0.0006324804	0.00085766317	0.002759351	0.0023140283	0.0038203364	0.0074459687	0.24650863	0.00084447174	0.001598216	0.0032304341	0.00030252832	0.0032304341	0.035753615	0.002151719	0.00114291	0.0011228508	0.00029179343	0.0007338308	0.0011542476	0.0001323998	0.00031394733	0.0019039623	0.0019039623	0.0016585672	0.0022924284	0.0014214307	0.0005092254	0.0022924284	0.0035839174	0.0032599943	0.020553796	0.0016056296	0.00078965415	0.0008670998	0.0023242403	0.0014492244	0.0035372288	0.0034470933	0.0002677219	0.0004896503	0.000893369	0.0021799991	0.0009251694	0.0005965232	0.00017284047	0.001092306	0.0005103693	0.00053270307	0.0018945688	0.00072164665	0.00082648394	0.0011880565	0.0017509435	0.0034880454	0.0013884525	0.00017555297	0.008316632	-27.66359519958496
s07e07a	90.0	5.0	0.09978428	0.08518438	0.0050717196	0.0016269804	0.0006336642	0.0032189053	0.09978428	0.00095037447	0.028738666	0.0009808523	0.00021542913	0.00016778035	0.000500077	0.0012437837	0.00082697364	0.0009468524	0.0020719345	0.001980511	0.021216476	0.009109651	0.001916822	0.0009733226	0.0011810558	0.0036492725	0.00077142334	0.0036492725	0.74291784	0.21162315	0.21099627	0.0017425929	0.0013728255	0.0018412013	0.03828413	0.00091300387	0.0061617196	0.0007056718	0.0007056718	0.00057934027	0.0058203293	0.0029339024	0.00020749377	0.0058203293	0.00025690524	0.0034325926	0.008484758	0.0003282868	0.0011900868	0.0002398876	0.002267854	0.0019703244	0.0020688	0.0018499169	0.00010867233	0.0009027988	0.0004936196	0.0008659117	0.0011407901	0.0005689985	0.00028743036	0.0021733895	0.00012640115	0.0003524465	0.0007903098	0.0019901765	0.0010440388	0.005515446	0.00077598233	0.0013316446	0.0010915878	0.00029965263	0.010243046	-20.92579841613769
s07e07a	95.0	5.0	0.017853254	0.017853254	0.00023675238	0.00017277787	5.5649652e-05	0.0022930533	0.00014397444	7.696483e-05	0.109562315	0.00046585273	3.3274937e-05	0.0001985871	0.0006281769	0.00014194215	6.692993e-05	3.836402e-05	0.0001656466	0.00038286435	0.00019080061	0.0003597152	0.0015799701	0.0015799701	0.0006408646	0.0016519836	0.0010594876	0.0016519836	0.87409735	0.24761453	0.14838642	0.0014586229	0.00020428571	0.0027124109	0.08709599	0.007935133	0.021368504	0.00023634777	0.0001989199	0.00023634777	0.00022803135	0.00024281879	0.00014954708	0.00024281879	0.00014181172	0.0005368533	0.00095959555	5.8489044e-05	0.00030319995	0.00012915322	0.0006010489	0.00069545704	0.00022238708	0.000281094	0.00044811264	0.000288426	0.00033975433	0.0005704348	0.00014332477	7.7618744e-05	0.0011368424	0.000230405	0.0006487215	0.0005275322	0.00058562815	0.00059303857	0.0011167167	0.00027867052	0.0005869211	0.00044268364	0.0008188468	0.0002848173	0.030839263	-19.96945571899414
s07e07a	100.0	5.0	0.033438884	0.033438884	0.00028748956	0.00015488974	0.00018247253	0.0040674	0.00047477667	9.494233e-05	0.11988406	0.00042654233	0.00011366429	0.00021410955	0.00082670024	0.0004995691	0.00029264038	6.928477e-05	0.0003594437	0.0002743367	0.00033391325	0.00035375412	0.0036017562	0.0036017562	0.000750551	0.0023876862	0.0017110003	0.0023876862	0.8528391	0.08923166	0.055356786	0.0017093696	0.00017107232	0.0017357969	0.0396715	0.0070680873	0.023846377	0.0006112535	0.0006112535	0.00027192273	0.00037360005	0.00052410853	0.00014959829	0.00052410853	0.00028662992	0.0016578308	0.0025331827	8.681241e-05	0.00016796237	0.00019973218	0.0009049407	0.0020897456	0.00032856734	0.0012811791	0.00034831458	0.0009869406	0.001019924	0.0010844846	0.00015363767	0.00014161822	0.00095960015	0.00034114052	0.000783116	0.00032880393	0.0013839923	0.0007416458	0.001295689	0.00038366267	0.0006408637	0.0012774701	0.0018831018	0.00044335958	0.03362291	-19.03070831298828
s07e07a	105.0	5.0	0.029831247	0.029831247	0.0003555945	0.00047471828	9.668343e-05	0.015362917	0.00025065112	0.00018507744	0.1658258	0.0005249958	7.1812996e-05	0.00048795482	0.0005302752	0.00013635113	0.00018403427	2.835212e-05	0.00032634646	0.0023024904	0.00013623366	0.0006128177	0.0012452927	0.0012452927	0.000451867	0.0015202761	0.00049595087	0.0015202761	0.8766699	0.12647647	0.07388731	0.0011399807	0.00030931114	0.0035384507	0.099634655	0.004488259	0.04937991	0.00040578126	0.00040578126	0.00019396702	0.00014052018	0.00029721996	0.00014099463	0.00029721996	0.00021175004	0.0004077729	0.00070792995	6.745142e-05	0.00012996067	0.00022520967	0.000680459	0.00048765764	0.000205125	0.00039083164	0.00048536074	0.00046413208	0.00028710908	0.00066400645	0.00013628342	7.294694e-05	0.00072528527	0.00039989722	0.00063804747	0.00056351983	0.0015299196	0.00030910774	0.0022854197	0.0006562796	0.00023852511	0.00077088067	0.00075219676	0.0002001178	0.04013266	-17.927001953125
s07e07a	110.0	5.0	0.02102212	0.02102212	0.000500519	0.00032793428	0.00012366573	0.0057657054	0.00039896736	0.00016853283	0.16860287	0.00036927214	6.8716465e-05	0.00036990986	0.0012329886	0.0004474775	0.00016012508	5.5608063e-05	0.00026429733	0.0021417385	0.00021010634	0.00063523604	0.0015912532	0.0015912532	0.0005839677	0.0019811126	0.00050078175	0.0019811126	0.8548785	0.14165705	0.08889357	0.0014557434	0.00037730936	0.0033308323	0.09868985	0.0027649624	0.039354164	0.0006304495	0.0006304495	0.00024290076	0.00020405522	0.0003473398	0.00023549703	0.0003473398	0.0003014251	0.00066616276	0.0012845522	8.963223e-05	0.00019202399	0.00032723532	0.0009281854	0.0009795047	0.00028160014	0.00034088825	0.00027086833	0.00051632914	0.00023930644	0.0013596766	0.00011514136	0.00015986452	0.0005468709	0.00058834994	0.000768226	0.00043628967	0.0009128611	0.00043762467	0.0016335199	0.00085403095	0.00037174	0.00039190313	0.0010261466	0.00023884485	0.03839398	-18.100988388061523
s07e07a	115.0	5.0	0.020311758	0.020311758	0.00033001113	0.0003967486	6.270763e-05	0.010126091	0.0002082104	0.00015844559	0.23557675	0.0005671029	7.7647244e-05	0.00016829981	0.00037369726	0.0004699908	0.00025234546	4.140803e-05	0.00034312133	0.0019695903	0.00025101536	0.0007539256	0.0019345685	0.0019345685	0.0006573833	0.0013604843	0.00029217315	0.0013604843	0.795785	0.08169718	0.049880277	0.0015531842	0.00049204234	0.0022774986	0.05491589	0.013581242	0.02958732	0.0011552294	0.0011552294	0.00048684137	0.0002593936	0.0004295568	0.0003746363	0.0004295568	0.0005876357	0.0010454142	0.0012795208	7.922163e-05	0.00012025121	0.00013687898	0.000998283	0.001016645	0.00041244013	0.00021522587	0.00038298004	0.0005644089	0.00017404908	0.00070061564	7.743355e-05	5.9392838e-05	0.0003548324	0.00024605636	0.00025755027	0.00031350646	0.0011508716	0.00027959238	0.0011594385	0.00059276447	0.00027677417	0.0005805627	0.00059846917	0.00027788864	0.034190755	-18.61934280395508
s07e07a	120.0	5.0	0.011811623	0.011811623	0.00027505483	0.00036901384	8.874407e-05	0.001498844	0.0001290086	0.000110216344	0.066341996	0.0002851031	6.645669e-05	0.00028642121	0.00088435225	0.00032214646	0.00016851032	0.000110689994	0.00035946374	0.0005659064	0.0004565552	0.00075012847	0.00076676614	0.0005835212	0.00076676614	0.0009546258	0.00048449682	0.0009560976	0.7678624	0.16280037	0.103188485	0.0059964014	0.006484699	0.005036147	0.11113075	0.0035742603	0.013009722	0.00054528884	0.00026007707	0.00047847946	0.0005888231	0.00031107757	0.00021142846	0.0005888231	0.00021715273	0.0005530674	0.00079195976	4.6837766e-05	0.00027225792	0.00011976646	0.0005981281	0.0018570696	0.0005683172	0.00038347908	0.00020730274	0.0003610606	0.00037991352	0.0007927189	0.0003653435	0.00026510112	0.000762808	0.00036877696	0.0004501497	0.0006014623	0.0019880459	0.0021653902	0.0010024799	0.00050057244	0.0005034301	0.0007731326	0.0006824889	0.00019595122	0.017758518	-20.64375114440918
s07e07a	125.0	5.0	0.015210618	0.015210618	0.0009035574	0.0011839506	0.00010205315	0.00020290841	0.00012445408	0.000356965	0.0216707	0.0008084714	0.00023758679	0.00040440055	0.0011222456	0.0013768412	0.00031100135	0.00021070799	0.0009262692	0.00040842863	0.00015502924	0.0009318441	0.0037700352	0.0029782576	0.0027128689	0.0014067608	0.0011047166	0.0031558073	0.7118605	0.1065123	0.036230642	0.016341992	0.0068910113	0.013436988	0.004411129	0.002339694	0.03678288	0.0072892057	0.0023121466	0.0016141721	0.0011948335	0.0023550114	0.00059013587	0.0023550114	0.001172121	0.0036147698	0.028360106	0.0021851002	0.00084934273	0.00062673964	0.005564674	0.0036271047	0.0016899053	0.00074378436	0.00065863365	0.00068456563	0.0011666296	0.0018924699	7.678164e-05	0.0012323245	0.00060956227	0.002095549	0.0004105101	0.00033109487	0.0033854558	0.0011196812	0.00090416713	0.00040756477	0.0033571047	0.0021991816	0.0008856159	0.0042332355	0.0033854558	-28.146791458129883
s07e07a	130.0	5.0	0.8620087	0.8620087	0.024860265	0.0044346894	0.00058354595	0.00034565432	0.0014499713	0.00053776155	0.0008516942	0.0011978934	0.00013563041	0.00031249484	0.0050630216	0.03976001	0.002340844	0.00014862716	0.0009646758	5.75749e-05	0.00040732938	0.0011018226	0.016732538	0.016732538	0.0024249386	0.0011506294	0.0015646585	0.04155374	0.035715185	0.004090627	0.0018154097	0.0006983718	0.000394763	0.00061602355	0.0017388916	0.00047798437	0.00020816612	0.0436393	0.008845164	0.0436393	0.002162464	0.0026608114	0.008477777	0.0026608114	0.013011951	0.01233839	0.0069584125	0.0005501568	0.00047481922	0.00030862246	0.003109687	0.006161962	0.00095337915	0.06955486	0.0004915274	0.004951521	0.005094658	0.003241405	0.00025881748	0.004723457	0.0005353068	0.00064640096	0.00176979	0.00025869513	0.008553291	0.0016756934	0.0024338819	0.0018373776	0.00080059766	0.013440396	0.004841286	0.00018570357	0.010770943	-26.041881561279297
s07e07a	135.0	5.0	0.8216543	0.8216543	0.0114719	0.00069575105	0.00026171305	0.0008727578	0.0066265007	0.00042156564	0.0005699807	0.00072452845	0.0007511467	0.00017630684	0.0038718362	0.009248834	0.0011981023	0.0002455876	0.00033860994	0.00031188646	0.00042105038	0.023247598	0.010734287	0.0043775584	0.0006960545	0.0022408094	0.0012673337	0.03734267	0.017920818	0.0040322095	0.0014570069	0.00041531242	9.8277116e-05	0.00031227327	0.0006552562	0.00013555207	0.00016115348	0.019089617	0.019089617	0.005438527	0.004881397	0.012257845	0.0032257359	0.012257845	0.006416294	0.11263517	0.10546553	0.006365926	0.0012020103	0.00045471278	0.0057984954	0.027124066	0.0031720705	0.058200628	8.56725e-05	0.00092418306	0.0009525937	0.001713257	0.00014294208	0.0008863283	0.0042614853	0.00072104554	0.00015531568	0.00031688553	0.010350011	0.0011822291	0.0064217015	0.0016472685	0.0013300165	0.00928478	0.0005482237	0.00041227427	0.010350011	-25.761716842651367
s07e07a	140.0	5.0	0.92969775	0.92969775	0.041116815	0.08571201	0.0017781646	0.0019432425	0.017388491	0.0091012865	0.029133955	0.0017637667	0.0010245313	0.00021169917	0.013037536	0.0019072817	0.0011849779	9.544413e-05	0.0015444991	0.0008858639	0.00036059588	0.0017157298	0.004758667	0.004758667	0.0018485246	0.0018567966	0.0008473493	0.0030725119	0.074114144	0.00979336	0.0042273058	0.0014085337	0.000495862	0.00094061444	0.0037206109	0.00064414646	0.0012020648	0.0022404876	0.00047069584	0.00061087636	0.0004830645	0.00026202764	0.0002255376	0.0004830645	0.0014267538	0.0016329353	0.0011980291	6.888166e-05	0.00021362056	0.00042535082	0.00039188616	0.0006149984	0.0006525658	0.0047302255	0.004250702	0.001961218	0.0006743168	0.036386788	0.00083014194	0.037856095	0.00038142264	0.0007953748	0.0010938144	0.00021313818	0.003167936	0.0023728104	0.0009572944	0.0009538943	0.0009845927	0.010888884	0.0025305864	0.00048348415	0.0034321048	-24.061355590820312
s07e07a	145.0	5.0	0.8471464	0.8471464	0.030917237	0.16150679	0.00044752058	0.00057722814	0.0047641085	0.0011519942	0.004355493	0.0032507465	0.0001401018	0.0002298159	0.0011184631	0.011841688	0.0013198842	0.00013725723	0.0007212121	0.00074670964	0.0004537481	0.0024918907	0.011923929	0.003946014	0.0010501527	0.0062602274	0.002140848	0.007861079	0.09365946	0.015172332	0.0061864317	0.00089066406	0.0005371502	0.00094540557	0.0052985186	0.0010207541	0.00060390076	0.002970346	0.0015857387	0.0025042563	0.0017173354	0.0012695482	0.0008958836	0.0017173354	0.0010582483	0.011339909	0.005859269	0.00021796465	0.0002654775	0.00067944516	0.002361983	0.0012133579	0.002558116	0.0036059048	0.0011861965	0.0028127972	0.0019417957	0.013068066	0.001098817	0.012991954	0.00026181238	0.0006618214	0.0014267978	0.00029691152	0.0070911082	0.00175108	0.00072218844	0.0007385788	0.0025435863	0.0063772947	0.002210264	0.00031749424	0.0070911082	-23.251808166503903
s07e07a	150.0	5.0	0.81576294	0.81576294	0.06876075	0.0948258	0.0005905962	0.0017290381	0.005863965	0.007483347	0.002359131	0.0027084153	0.003404516	0.0008393247	0.010835925	0.0043778825	0.0016538288	0.0003111022	0.0019445737	0.0034933183	0.00032207795	0.004588237	0.009633357	0.009633357	0.0017375627	0.0020265384	0.0021836886	0.0050595948	0.045987796	0.0030832891	0.001631622	0.0006052923	0.0007518521	0.0006041422	0.0032927478	0.0010196957	0.00050287356	0.0053793527	0.0051655592	0.0053793527	0.0015600015	0.0026149235	0.0025408585	0.0026149235	0.0014602857	0.009844134	0.0078796735	0.00035819376	0.00035204453	0.00078948453	0.003527018	0.0012437494	0.0017122151	0.0015284977	0.0007005715	0.0018393121	0.0011794256	0.018017927	0.00031230572	0.020293595	0.000586248	0.0018933899	0.005723383	0.0004192894	0.0026701905	0.001857211	0.0005268189	0.0018111661	0.001110779	0.0043025715	0.0020813025	0.0001626894	0.012634986	-24.110736846923828
s07e07a	155.0	5.0	0.86259925	0.86259925	0.02696954	0.0047419085	0.00047010754	0.0008241314	0.0066495044	0.0012293977	0.00195908	0.00072544283	0.0030542007	0.00060568965	0.0036211489	0.008936439	0.0016289939	0.000101932455	0.00067187974	0.00022002806	0.000350917	0.0042387727	0.014057903	0.0039596856	0.0017325231	0.001842476	0.0013486062	0.019219428	0.12671672	0.01010634	0.0037439067	0.0015518264	0.001868592	0.0015534334	0.006146135	0.00074516144	0.0008490247	0.0063030357	0.0036125875	0.0034928853	0.0020685447	0.0017421029	0.00089826237	0.0020685447	0.003590604	0.008604762	0.009586422	0.00051851943	0.0010211952	0.0008085731	0.0019399251	0.0027782894	0.0012163839	0.034116354	0.0017208454	0.0028672565	0.001373541	0.043243084	0.00086061767	0.028734978	0.003641109	0.0016423904	0.0049132	0.00037601168	0.013018977	0.005182684	0.0023199895	0.0029761726	0.001298408	0.008480254	0.0064657684	0.00021305223	0.016976459	-24.485610961914062
s07e07a	160.0	5.0	0.8343841	0.8343841	0.075555176	0.0051636337	0.0026059116	0.0033042748	0.3502452	0.0012600734	0.0049682315	0.001994259	0.003172351	0.00024539733	0.003233857	0.005002083	0.005964166	0.0012213349	0.0012247739	0.00041613274	0.004544045	0.23180671	0.0058707627	0.0058707627	0.0025741716	0.0012515415	0.0010960533	0.003508643	0.05578327	0.020258078	0.0124889	0.0025901943	0.001028208	0.0030040774	0.003977597	0.0005046288	0.00058478315	0.0013417329	0.001188498	0.0009106555	0.0066062333	0.003258439	0.00032758273	0.0066062333	0.001232297	0.007449085	0.0035026812	0.0006417035	0.0004341752	0.0003743032	0.0014363683	0.0016529149	0.0009438188	0.004079854	0.0003510326	0.0003894019	0.00051510805	0.0057412162	0.00023343413	0.015081444	0.0003713362	0.0007738778	0.0003670431	0.00021623251	0.0042475304	0.0016511052	0.0015420618	0.0031388737	0.0013002135	0.008354854	0.0018785613	0.00058849127	0.01452546	-26.65223693847656
s07e07a	165.0	5.0	0.86978614	0.86978614	0.32163608	0.02006801	0.00038981027	0.00070925325	0.004777788	0.0008282717	0.002620288	0.0015575011	0.00036338132	0.00041400816	0.0019992066	0.01590928	0.0006709436	9.823111e-05	0.0010160368	0.000505961	0.0012946601	0.0025733036	0.006432932	0.006432932	0.0012051287	0.0039643426	0.0026417107	0.038061365	0.39015192	0.071192704	0.024286283	0.0065517793	0.0023420358	0.005838087	0.0075842943	0.00084955565	0.0010729148	0.010774048	0.0022584114	0.010774048	0.0018581528	0.0026140683	0.004020977	0.0026140683	0.002407031	0.009436072	0.0066806697	0.00047053007	0.0003469546	0.00047082955	0.0012815862	0.0021447488	0.0013998102	0.00054018997	0.00051689416	0.0010080116	0.00047200377	0.010473523	0.00023759993	0.0007842541	0.00026618992	0.0017935784	0.00051440496	0.00033795493	0.0027574059	0.0013074627	0.0022053607	0.0003276655	0.0013227111	0.004595155	0.0035440961	0.00017321284	0.0035440961	-26.534921646118164
s07e07a	170.0	5.0	0.8340603	0.8340603	0.068080224	0.003205031	0.0006841619	0.0023412704	0.32611313	0.0051717334	0.0009866134	0.0008611582	0.0033331488	0.00014557745	0.0074550523	0.0029828956	0.013701992	0.0013844926	0.00097118743	0.0049847476	0.0018114522	0.023247078	0.057388738	0.0022678939	0.0013919843	0.0007145236	0.00063687214	0.0034883502	0.027160512	0.006068672	0.003028614	0.0013432559	0.000717285	0.0017314397	0.0022942612	0.00028450575	0.0002587072	0.0013333235	0.0013333235	0.00079802435	0.007555385	0.0029539145	0.00028949988	0.007555385	0.00029418312	0.014561216	0.00638731	0.00023545147	0.00021763239	0.00020221097	0.0017728825	0.0008492011	0.0035328246	0.0135227945	0.00017356715	0.0011476737	0.0003977036	0.0031588045	0.0007752278	0.003416433	0.00084624067	0.0007251207	0.0013365963	0.00023171227	0.0024095282	0.0014700685	0.00037715994	0.0044592195	0.0006528694	0.007637915	0.0017687498	0.00032250013	0.0048466953	-26.775447845458984
s07e07a	175.0	5.0	0.7541354	0.7541354	0.008908167	0.005127099	0.00089312904	0.0018887799	0.16257237	0.0008226861	0.0051557845	0.0017511551	0.00018755012	0.0001680253	0.001732242	0.02247371	0.0043108263	0.0008005149	0.00068660744	0.023157654	0.0012453254	0.12971677	0.0034512612	0.0023710039	0.002528902	0.0038754314	0.0012731397	0.0038754314	0.375237	0.015731947	0.001921624	0.00069271063	0.0004219504	0.0031388437	0.004501806	0.00019932276	0.0039478904	0.0021694119	0.0021694119	0.000723849	0.0038936315	0.0020040723	0.00014795199	0.0038936315	0.0008640025	0.017494373	0.0050371694	0.0005510941	0.00056191266	0.00045390555	0.0019387964	0.0023526174	0.0014423123	0.012097376	7.971298e-05	0.001966948	0.0006798973	0.00089618546	8.237767e-05	0.0007788787	0.00023780188	0.00058840745	0.00011585746	0.0006043985	0.0010437558	0.00030843331	0.0013424169	0.0060255346	0.000112020796	0.014521141	0.0023801925	0.00010298028	0.13864383	-24.301990509033203
s07e07a	180.0	5.0	0.8210638	0.8210638	0.14889538	0.01712318	0.00030566903	0.0018061436	0.11139574	0.0007151772	0.0019302793	0.0016394696	0.00043393995	0.0005929396	0.002137713	0.011425397	0.0006183647	0.0003552384	0.004077867	0.00096999307	0.029940173	0.028393302	0.01453467	0.0054659247	0.0012230101	0.004584582	0.0011531942	0.004584582	0.05347731	0.007629015	0.0026354461	0.00087811815	0.0003183499	0.0006153182	0.005697149	0.0008993843	0.00016853187	0.005132531	0.002747541	0.005132531	0.006875545	0.005379822	0.0013316091	0.006875545	0.0012735412	0.004929347	0.0036629897	0.0016649013	0.00053718087	0.0007510952	0.0025360556	0.0009866755	0.0008209578	0.011106243	0.00012115124	0.0020648127	0.00083226775	0.00095357903	0.00017538515	0.0015071407	0.00030880672	0.00084706437	0.0008118037	0.00045609323	0.0006685723	0.0008416822	0.0014468493	0.0024291847	0.00063580024	0.0058530453	0.004281177	0.00012964147	0.03722005	-23.70884895324707
s07e07a	185.0	5.0	0.008790926	0.008790926	0.0003240686	0.00027859086	0.0001403208	0.0100801755	0.00023348977	0.00015582018	0.02456161	0.00050583755	0.00020571415	0.00045550108	0.0009674707	0.0003639972	0.0002971919	4.384043e-05	0.00040912806	0.0014685343	0.00036716313	0.0026976422	0.001771807	0.001771807	0.0006386617	0.0017396384	0.0013509665	0.0017396384	0.84169185	0.25772986	0.09471176	0.0007437638	0.00032654597	0.0026870435	0.3621438	0.0008940596	0.020007728	0.00074836734	0.00074836734	0.00067865313	0.00041274616	0.00069368904	0.00034455743	0.00069368904	0.00052447035	0.000985588	0.0016532376	0.00016976893	0.00032327895	0.00052953826	0.0013220998	0.00071843975	0.00036806084	0.00042402616	0.00046190585	0.00045792732	0.00055785297	0.0001765782	0.00014821363	0.00013858353	0.00025712285	0.00073641556	0.0003130238	0.00038271217	0.001239577	0.0006789762	0.0010331942	0.0006454662	0.0003938736	0.000602755	0.00070582516	0.0002010517	0.014580304	-20.000219345092773
s07e07a	190.0	5.0	0.81232065	0.81232065	0.0038061861	0.15668654	0.0009244177	0.0011483206	0.0010079478	0.001575873	0.0072391555	0.025071349	0.0002907479	0.0003627422	0.0025635983	0.00087956764	0.000314584	0.00020741446	0.0007214937	0.00041984595	0.00028620884	0.0009328982	0.005132874	0.005132874	0.0011846647	0.0042718635	0.0017708879	0.0042718635	0.54829234	0.1385487	0.06820305	0.0068770163	0.002548612	0.00821115	0.043523617	0.0011425084	0.0032239612	0.0031907067	0.0011752213	0.0031907067	0.0012120163	0.0019839485	0.0009192155	0.0019839485	0.0012324702	0.004599165	0.016829886	0.00058675	0.00033208876	0.000815577	0.0022399332	0.0008858369	0.0046907994	0.000942677	0.000544426	0.0011162391	0.0011304892	0.0099798385	0.002625281	0.0104007535	0.00019323731	0.00060542824	0.00038152645	0.00016274184	0.012641871	0.0010996305	0.00061636296	0.00039090187	0.0025465654	0.0071410313	0.0017236787	0.00027380415	0.012641871	-24.327381134033203
s07e07a	195.0	5.0	0.78701824	0.78701824	0.0046075513	0.06445964	0.0008295402	0.00049046916	0.0024027058	0.00065982493	0.002037788	0.008717208	0.00024951046	0.00034344028	0.0023118628	0.0032591252	0.0018162489	0.00012317755	0.0021172957	0.0017141773	0.00013343655	0.00040606532	0.008489051	0.0049571055	0.00073400047	0.0052982294	0.0017870578	0.0052982294	0.15038936	0.013805228	0.002521814	0.002255261	0.0010396022	0.0034783331	0.004982386	0.0005752202	0.00081786816	0.0065292106	0.0017033062	0.0050907196	0.0058074854	0.0016234416	0.0010918655	0.0058074854	0.0010072719	0.005175218	0.0012057188	0.00011058144	0.00015538205	0.00045940836	0.0012142255	0.00055510545	0.0007412318	0.0033884367	0.00089743594	0.0039549526	0.0046154154	0.0028868427	0.0017077161	0.0147600975	0.00012712108	0.0010267156	0.00084903446	0.00014838629	0.008416984	0.0011643537	0.00034515464	0.000897998	0.0007382358	0.01726456	0.003367208	0.000100453115	0.02467688	-25.19156265258789
s07e07a	200.0	5.0	0.80047363	0.80047363	0.013015932	0.00636068	7.0754824e-05	0.00035903137	0.016887723	0.00023514882	0.0007473963	0.0063228374	0.00042545403	0.0002204638	0.0018152274	0.011780984	0.00090788445	0.0015267921	0.0006911169	0.00033823666	0.0016002161	0.008160836	0.026571656	0.012231167	0.0058798646	0.017090747	0.0013676552	0.017090747	0.020658521	0.0029662845	0.0010888417	0.00090054795	0.00048539822	0.00058015034	0.0015377591	0.00033802615	0.00016216405	0.012675527	0.008414482	0.012675527	0.009143497	0.005864877	0.004734515	0.009143497	0.007279361	0.021175578	0.020958288	0.0020614914	0.00086098677	0.0003489665	0.03022529	0.007391443	0.0040080315	0.011910813	0.00040660278	0.007912818	0.0013438105	0.00092528167	0.00022853239	0.0002541828	0.00094557495	0.0010758932	0.00056550576	0.00062189763	0.006023319	0.0011400437	0.001303338	0.0030556242	0.0020679985	0.03293005	0.0016304255	0.00052344054	0.012435006	-25.51152992248535
s07e07a	205.0	5.0	0.63059855	0.63059855	0.017415766	0.01448344	0.0041782106	0.003954149	0.010599958	0.0014708469	0.028420307	0.21858287	0.0002058892	0.00043178335	0.000779573	0.028315978	0.0010147218	0.00042773926	0.020030806	0.0005481061	0.02220358	0.040306628	0.0063652084	0.0020738305	0.0029252435	0.001821484	0.0011280833	0.0052336603	0.025051117	0.0041542333	0.0014273388	0.0010563296	0.0006507675	0.0008609027	0.0012852247	0.0006609194	0.00044109393	0.007870344	0.002929721	0.007870344	0.032455284	0.0027545255	0.0010981101	0.032455284	0.004869811	0.026776575	0.0054006595	0.00033474548	0.00057231146	0.00052796485	0.0073390426	0.012722295	0.0014345932	0.0040335488	0.00076137664	0.006128985	0.0031232715	0.0008903764	0.00062632404	0.00023498433	0.00089484453	0.0006156195	0.0008533062	0.0005857945	0.0068120915	0.000577634	0.0011412161	0.0017598858	0.0011836428	0.039132312	0.004713727	0.0015867022	0.010127849	-22.843650817871094
s07e07a	210.0	5.0	0.74478865	0.74478865	0.05344277	0.016805442	0.00015280388	0.0007630316	0.0058343075	0.00014458045	0.0048906244	0.0026313672	0.00021722211	9.8467826e-05	0.0014652523	0.0036942745	0.00053541956	0.0002837478	0.020341046	0.00010556417	0.3106794	0.02292794	0.0014303889	0.0014303889	0.00069195585	0.0011710721	0.00014954779	0.0011710721	0.023966374	0.02017075	0.006639961	0.0008454484	0.00021955883	0.0003820675	0.013669585	0.0003226533	0.00019152662	0.000746699	0.000746699	0.0004943037	0.0014952337	0.0006479297	0.00013548163	0.0014952337	0.0024029172	0.004987733	0.003483272	0.00022662207	0.00037903225	0.00035168306	0.0014981063	0.0013531252	0.0010894954	0.03691984	0.0002040416	0.0054954267	0.00083156064	0.00056023744	0.00027476597	0.00053136656	0.00049649854	0.0008107141	0.000998566	0.00014626313	0.0027038762	0.0009097925	0.00088040024	0.018855585	0.0006336968	0.0065160906	0.004900483	0.00066686753	0.018855585	-25.19361686706543
s07e07a	215.0	5.0	0.79612094	0.79612094	0.005843364	0.074970685	0.0005574041	0.0011855351	0.0031216624	0.0013901136	0.0030053444	0.0065988177	0.0014984423	0.00037179582	0.0040276204	0.0015873907	0.0008370852	0.00077048445	0.0020131702	0.00084104115	0.002693781	0.0012801448	0.035305504	0.035305504	0.001770427	0.0040371167	0.0019992439	0.0040371167	0.05456025	0.008560414	0.0031174023	0.001647696	0.0006744283	0.0015040955	0.0026541993	0.00049876806	0.0004998649	0.010330619	0.0035641547	0.010330619	0.012923684	0.0042381426	0.0019452188	0.012923684	0.0014155686	0.006763357	0.027955916	0.0017286949	0.0016470004	0.0014497442	0.009696353	0.0019681877	0.0037751712	0.0015763539	0.00024289891	0.0007232153	0.0007455719	0.013955237	0.008150754	0.013995464	0.00021350164	0.0017053677	0.0011911439	0.00048005942	0.0056414725	0.0011994896	0.0012957847	0.0010617857	0.0011242069	0.009672491	0.001853496	0.0005146511	0.00786648	-25.516010284423828
s07e07a	220.0	5.0	0.79602087	0.79602087	0.011537413	0.092144474	0.00908946	0.004227422	0.13001533	0.013303824	0.0125523945	0.004851267	0.00021481543	0.00031007142	0.0071039516	0.004538307	0.0018345411	0.00075210613	0.0014111209	0.0009570185	0.0007748259	0.05449231	0.011988336	0.0018249265	0.00080832123	0.006320043	0.0032589221	0.006320043	0.067384705	0.009015473	0.0027048462	0.0014757954	0.00022514956	0.0012665639	0.005281266	0.0005288059	0.0012295675	0.004480885	0.004480885	0.0036025846	0.0029548877	0.00910749	0.0012892215	0.00910749	0.0011455516	0.015334783	0.010118149	0.0014786996	0.0007724999	0.0005560123	0.009260731	0.00089943566	0.0037159473	0.002203065	0.0020183146	0.0008634268	0.00085875817	0.02789052	0.00087327365	0.0021653962	0.00040123446	0.001225697	0.0022686082	0.000389362	0.03277849	0.0009026165	0.0026884521	0.0010335064	0.0030059742	0.0037947549	0.0025152494	0.00028392856	0.03277849	-23.550315856933597
s07e07a	225.0	5.0	0.86621046	0.86621046	0.010443194	0.044296592	0.00071588566	0.0016769824	0.031238299	0.0076122605	0.0017145396	0.02353255	0.00086853193	0.0004848618	0.0036162455	0.0024862695	0.002624904	0.0057668923	0.0013796444	0.00029906185	0.0002697933	0.00434331	0.020401454	0.009521532	0.0018226417	0.007602534	0.004648469	0.007602534	0.050958045	0.0038552189	0.0012185054	0.0009101645	0.0007824886	0.0010363588	0.0010346905	0.0006770952	0.00082120433	0.019900393	0.0028443076	0.019900393	0.0063157645	0.0025592537	0.003745812	0.0063157645	0.0032902432	0.005434433	0.0059176236	0.00028921463	0.0006430498	0.0004631198	0.0037955588	0.0025887475	0.001341091	0.0020620183	0.00095856533	0.004057416	0.0002922821	0.010628536	0.00020865219	0.007345277	0.00015404915	0.00089178205	0.0071707075	0.0004126191	0.0031510708	0.0004176381	0.0009628004	0.0024560753	0.0006440946	0.0050798682	0.0015137244	0.0006732486	0.0031510708	-24.755992889404297
s07e07a	230.0	5.0	0.8650538	0.8650538	0.018701337	0.030002553	0.00028487542	0.0079728495	0.11203379	0.0021224956	0.0035161802	0.01282329	0.0013720635	0.00040788017	0.0024480368	0.0010238679	0.0017893568	0.0013551016	0.00092296686	0.00029705733	0.0045089964	0.018509392	0.007283431	0.0022401027	0.0017934751	0.0019526259	0.001333577	0.0019526259	0.10480488	0.00718911	0.0024699972	0.0008434078	0.00035839938	0.0008516378	0.0012142592	0.0004838493	0.0010147967	0.0020807607	0.0006064895	0.0020807607	0.014670704	0.0021392817	0.0003443305	0.014670704	0.00090226304	0.003378476	0.009264104	0.0007903452	0.0026461037	0.0010072979	0.0021278851	0.0014840821	0.0015738051	0.0028453763	0.0017047451	0.001519878	0.00042714315	0.0052599367	0.0010659889	0.0041237925	0.00024738637	0.0016641262	0.0007512419	0.00053104706	0.0032274323	0.0005842978	0.001020166	0.0014988955	0.0007787347	0.012435562	0.0040768734	0.000308936	0.0040768734	-24.007692337036133
s07e07a	235.0	5.0	0.9135542	0.9135542	0.0049522016	0.00824576	0.013098857	0.0018064566	0.015198488	0.0056652566	0.005105471	0.0065938933	0.0029668796	0.00010556599	0.0008590311	0.00080178294	0.00026696385	0.0005606266	0.00028453287	5.3594573e-05	0.0022885283	0.0017590072	0.5301624	0.0046954323	0.017253932	0.0006414763	0.0043501696	0.0043501696	0.060367513	0.00508498	0.001998068	0.00084076315	0.00011904981	0.00077802665	0.0019800193	0.0002475138	0.000610897	0.0007418296	0.00013935316	0.0005066212	0.00068234256	7.1365976e-05	6.8586516e-05	0.00068234256	9.50552e-05	0.00045772982	0.0013808267	5.1919727e-05	0.00015673049	7.749974e-05	0.0007297015	0.00024961063	0.0004229842	0.00015264442	0.00014099827	8.326728e-05	8.553585e-05	0.0031086495	0.00015048933	0.0015448668	0.00011160955	0.00037701652	0.00038187433	0.0001624784	0.0009124124	0.0008152709	0.00024048392	0.00020791996	8.9786976e-05	0.00046973443	0.00028811625	8.4035135e-05	0.0009124124	-22.381046295166016
s07e07a	240.0	5.0	0.8741384	0.8741384	0.040358327	0.031476453	0.0004194797	0.0013877869	0.105464846	0.0025004297	0.0017661443	0.008066912	0.00028711784	0.000888528	0.006230686	0.0076533775	0.0039586513	0.0011196475	0.0008281281	0.00036067978	0.0012845699	0.015438318	0.012686164	0.012686164	0.0052371123	0.018953301	0.0048694895	0.018953301	0.041543648	0.0064096036	0.001973252	0.0008097162	0.00057410286	0.00065186276	0.0013253412	0.0008049561	0.00019751395	0.0025017776	0.0015945324	0.0025017776	0.024285095	0.0015700595	0.0003907076	0.024285095	0.001690734	0.009367065	0.002576141	0.00061165326	0.0007800987	0.00070199947	0.0046456745	0.0021308549	0.0007725342	0.0024599535	0.00013586314	0.0037492265	0.0006438267	0.0023027817	8.732678e-05	0.0017726683	0.00014720026	0.0007046033	0.00038404085	0.0003563144	0.0010539141	0.0003734533	0.0003720981	0.0053158295	0.001292653	0.03426413	0.00087679253	0.00012770826	0.0053158295	-24.718923568725582
s07e07a	245.0	5.0	0.8551966	0.8551966	0.021445991	0.054704152	0.0009969724	0.0025920677	0.1247243	0.015554983	0.003523092	0.008454368	0.0021392717	0.0004240066	0.05517913	0.0025145162	0.0072324285	0.003825857	0.0014484049	0.0019965721	0.001612143	0.008516547	0.013254329	0.013254329	0.009255543	0.0011364981	0.0009557501	0.0014344587	0.06835169	0.009646344	0.003214936	0.0011952786	0.00034310858	0.0012566204	0.004203655	0.0008242052	0.0007245737	0.0011500956	0.0008921794	0.0009406265	0.00079912547	0.0011007735	0.00057795155	0.0011007735	0.00086711056	0.0030424283	0.0058906386	0.00066585775	0.0015791272	0.0007496771	0.0054714666	0.002621209	0.001996195	0.0030328252	0.00018967998	0.001381243	0.0005397581	0.004471843	0.0011888625	0.003114782	0.00046448415	0.0010427635	0.00040783372	0.0008632466	0.004900376	0.000592342	0.002212122	0.0034501413	0.0015878523	0.0076105893	0.0030588026	0.00032163243	0.004900376	-24.62514877319336
s07e07a	250.0	5.0	0.1493777	0.1493777	0.0064181425	0.002574857	0.0009176308	0.012492505	0.076231256	0.0009528624	0.0512302	0.003414109	0.0003604206	0.0002907335	0.0019073052	0.023905769	0.00069898734	0.00048213295	0.007926583	0.00085595937	0.18673679	0.022469493	0.0046305666	0.0046305666	0.0008712452	0.051638693	0.0066478034	0.051638693	0.699128	0.068676285	0.04137814	0.00059900444	0.0004143985	0.00082164025	0.028270343	0.0013628951	0.005862353	0.0020929459	0.0020929459	0.0009767648	0.0067027425	0.0033669036	0.00023003381	0.0067027425	0.0010625629	0.013174193	0.03805302	0.0008606759	0.0009010681	0.0006629267	0.003246303	0.011024379	0.0027418844	0.006672451	0.00024229752	0.0035168969	0.00086120213	0.00063484657	0.0019277474	0.00024503868	0.0003260333	0.0005835457	0.0005628837	0.00032173638	0.0020798647	0.0021057583	0.0029591601	0.009701177	0.0012945518	0.008589561	0.0051258802	0.0001956096	0.011574842	-21.024171829223636
s07e07a	255.0	5.0	0.5432162	0.5432162	0.001583198	0.0019322737	0.0005067499	0.0013159649	0.0024503667	0.00053190294	0.006616452	0.005406882	0.0003273433	0.0001468411	0.0007992416	0.001713549	9.9647325e-05	0.00013050185	0.0006094263	0.00018334594	0.00026836383	0.00048060203	0.0067034154	0.0047834693	0.0015975785	0.0080308365	0.0059516556	0.0080308365	0.6334476	0.04717594	0.032291215	0.001087974	0.00026412224	0.0006487506	0.031109203	0.0002710851	0.0038122607	0.00054740516	0.00054740516	0.0002320596	0.00026532437	0.0002587092	0.00026694348	0.00026532437	0.0004668721	0.0015516189	0.0028413583	8.347717e-05	0.00034489098	0.00050884305	0.0011098466	0.0041675465	0.00037942958	0.047933724	0.00041771418	0.03868667	0.0019684893	0.0013118315	0.0007373913	9.8910976e-05	0.00022910138	0.00046546612	0.0004787851	0.00015473783	0.0046359235	0.013006617	0.03493639	0.21733314	0.0038809779	0.00174769	0.008670127	0.00019254448	0.21733314	-25.295597076416016
s07e07a	260.0	5.0	0.88346213	0.88346213	0.2089109	0.012862627	0.00030229133	0.0056828074	0.118206784	0.0014759914	0.0012479716	0.0014359122	0.0005355416	0.00089318305	0.0016194823	0.0036248425	0.004529367	0.0009619202	0.0026106925	0.0003873373	0.004218153	0.023422638	0.0030597681	0.0028643298	0.0007078798	0.0020529863	0.0005693796	0.002690209	0.029838385	0.012060885	0.0046253563	0.0011184046	0.00054354867	0.0010540235	0.0068140184	0.00048919127	0.00037502972	0.0012448302	0.0010638336	0.0010708133	0.0034536908	0.002034387	0.0003667507	0.0034536908	0.00072416157	0.0050765174	0.0064748204	0.0007800292	0.00075637555	0.00048133376	0.0013129377	0.0020911938	0.0011266565	0.00647517	0.00022346791	0.002714589	0.00053708896	0.0028955785	0.00010156386	0.0010971182	0.000969117	0.0011391037	0.0019133933	0.00038013054	0.0021587075	0.00044153776	0.0011437454	0.003213648	0.0022279252	0.0016986559	0.0052275094	0.00045990088	0.0052275094	-24.132612228393555
s07e07a	265.0	5.0	0.7960692	0.7960692	0.15662423	0.013564791	0.00054561923	0.00684641	0.22292691	0.0044459985	0.0059142923	0.0017421825	0.0005747999	0.00047487917	0.0034553176	0.0109268045	0.0010135343	0.00087134616	0.0043995865	0.0009280691	0.014898285	0.046386328	0.004454732	0.0019702944	0.0015846293	0.0027437548	0.000562467	0.0027437548	0.033625018	0.013759935	0.0064669964	0.0009555098	0.00043093567	0.00087312097	0.0056682928	0.00039399983	0.0004514408	0.0013202407	0.0013202407	0.00075603684	0.0022743628	0.0013996416	0.00013979594	0.0022743628	0.00063524756	0.0064891363	0.0038874997	0.00040020727	0.00046061137	0.00056055497	0.0014561407	0.0018215993	0.000979598	0.019259796	0.00018071284	0.002564764	0.00067616365	0.0011843703	7.349407e-05	0.00028952473	0.0006102538	0.0007727189	0.00037565408	0.00020718318	0.002383136	0.00030276694	0.00063476554	0.005791512	0.0007541907	0.0028188077	0.003021616	7.500828e-05	0.026752405	-25.047712326049805
s07e07a	270.0	5.0	0.85510504	0.85510504	0.022380415	0.22515494	0.0004061195	0.0075694206	0.02190231	0.015905518	0.0062606605	0.022196526	0.0013962487	0.00042082064	0.005719108	0.009430047	0.0025262595	0.00214579	0.0011259913	0.0017366945	0.0017031374	0.08161814	0.019867923	0.014120436	0.0021666011	0.0026240926	0.002016051	0.0026240926	0.06779347	0.0047178655	0.0015061959	0.00078339735	0.0007956966	0.0006941983	0.001447714	0.0014943875	0.0007429789	0.0013428106	0.0011713309	0.0012209616	0.004005447	0.0012617698	0.00038102432	0.004005447	0.00069164863	0.009158539	0.020276936	0.00064674544	0.00082757114	0.0019540351	0.0022616952	0.0027528272	0.001817925	0.003169858	0.0010672895	0.0010248487	0.00034994047	0.005248614	0.00034707654	0.0059601534	0.0002662968	0.0017019105	0.0011296753	0.0005021811	0.0033962005	0.00058689376	0.0008287371	0.0018160476	0.0012681982	0.0046843295	0.0023361405	0.00087533216	0.0052900985	-25.389972686767575
s07e07a	275.0	5.0	0.8655764	0.8655764	0.060867127	0.0075281886	0.0009710153	0.0033787584	0.49586526	0.01976888	0.002399117	0.0011594661	0.00035135553	0.00036530642	0.0038737257	0.004498288	0.014647542	0.0016354666	0.003572963	0.00021202762	0.0011636197	0.04515156	0.0022520968	0.0014562877	0.0020702386	0.0007265658	0.0004909397	0.0020145127	0.050089385	0.010443105	0.0040808544	0.0004143258	0.00013675113	0.000644757	0.0019136035	0.00018131347	0.00019586473	0.0006408832	0.0006188134	0.0003754572	0.0013485715	0.0008312842	0.0001495113	0.0013485715	0.00072466343	0.0056774807	0.0062621976	0.0003153903	0.0006264151	0.0003143582	0.001132076	0.0014989018	0.0024533186	0.013472534	0.00028155692	0.010007513	0.00047002823	0.004292025	0.00018589065	0.00196913	0.00051255536	0.00035414807	0.0004972616	0.00044083857	0.0025286903	0.0008358697	0.0016191393	0.025976209	0.0009452389	0.0023864238	0.0060355905	0.0001744197	0.025976209	-24.81846618652344
s07e07a	280.0	5.0	0.76344967	0.76344967	0.008332208	0.12606154	0.0002466372	0.002185148	0.01642757	0.0005261828	0.0063296477	0.039894663	0.0001187069	9.0544214e-05	0.0010215334	0.005444917	0.0012118258	0.0002168823	0.036623307	0.0002937641	0.0045224708	0.08177051	0.0033952775	0.0017079104	0.00026636204	0.0011244243	0.0003468081	0.0011244243	0.0071926443	0.0016849281	0.00096530793	0.00028382574	0.00014503501	0.0002858993	0.0011791718	0.00037880038	0.0002630657	0.0004184792	0.0004054298	0.0004184792	0.0017560598	0.00035799542	7.608021e-05	0.0017560598	0.0013497216	0.0016525751	0.0020854343	0.0001800347	0.000112134076	0.0004731917	0.0011599449	0.0015521819	0.001003828	0.027575282	0.00030011724	0.012574341	0.0026875366	0.0018730869	0.005773134	0.0016885631	0.00023349289	0.001600872	0.0004782109	0.000101590114	0.0016095343	0.0011141755	0.00037838967	0.0023742307	0.00072045205	0.0055061136	0.009028843	7.285482e-05	0.029022725	-24.217538833618164
s07e07a	285.0	5.0	0.85446393	0.85446393	0.00167053	0.036377143	0.0037272149	0.00062291883	0.0025216162	0.00038225	0.00066430354	0.08345476	0.0004816284	0.00012025316	0.004437524	0.026166204	0.0013072143	0.0005572652	0.0009136007	0.0003880624	0.00010712235	0.00027250487	0.5273399	0.040408414	0.0194532	0.004644096	0.0043236	0.004644096	0.1351584	0.0030206696	0.00085968914	0.000707844	0.0007441452	0.00058296364	0.0010937523	0.00014790741	0.0004673414	0.013392522	0.0025564558	0.013392522	0.0019455364	0.0010724518	0.0031402183	0.0019455364	0.0021231258	0.0064862533	0.0024617817	0.000112224145	0.0002899938	0.00020372708	0.0015981543	0.005587556	0.0006714925	0.0096614435	0.00035103442	0.005438161	0.002132414	0.0016791894	0.00021116454	0.007708059	0.00023770191	0.00030095072	0.0009759752	0.00017022004	0.0019533136	0.00025079912	0.0011350055	0.009937479	0.0006376706	0.0121872425	0.0009344465	7.3372925e-05	0.009937479	-26.823177337646484
s07e07a	290.0	5.0	0.68876797	0.68876797	0.0019208082	0.016587218	0.0006434844	0.0009875294	0.0011832381	0.00051383255	0.0022758208	0.11715869	0.00023280267	8.546671e-05	0.0031602988	0.008865278	0.0020560757	0.0002095973	0.00960208	0.00017289766	0.0002318579	0.0009981822	0.0663774	0.007731671	0.0015829689	0.003772801	0.0020561854	0.0085273655	0.012898464	0.00084275234	0.00038663964	0.0002444364	0.00018092059	0.00037295112	0.0011478908	0.000282235	0.00018860943	0.0037257206	0.0037257206	0.0017114842	0.0017423698	0.0011146521	0.0005012839	0.0017423698	0.0040052775	0.0078346515	0.020441607	0.0003198753	0.00029717517	0.00062929536	0.003581931	0.009502762	0.003177781	0.06822159	0.0009892889	0.035339143	0.0012075072	0.0010532737	0.0013561958	0.002231736	0.0011955781	0.0008835946	0.0010955031	0.00016385654	0.0074295397	0.0013453413	0.002742535	0.031173058	0.0012273514	0.011066805	0.005079054	0.00031304173	0.037467558	-23.64276885986328
s07e07a	295.0	5.0	0.8644057	0.8644057	0.07540132	0.0106700035	0.00031832105	0.003065589	0.28189644	0.0026562358	0.0030333113	0.00068155915	0.000304011	0.0003797844	0.0014179351	0.0050876318	0.0022599096	0.0010054427	0.0010791323	0.00046424536	0.0038178656	0.12354176	0.0035762493	0.0030391105	0.0011415422	0.000978571	0.00038475342	0.0016536777	0.017166223	0.003335667	0.0019583222	0.00047181934	0.00016313118	0.0004409941	0.0016338683	0.00016306477	0.00015375286	0.0025987346	0.0025987346	0.0010485152	0.0032277775	0.0030446476	0.0005308654	0.0032277775	0.0011260664	0.012891005	0.017645901	0.0012376079	0.0005991026	0.00025842665	0.004286372	0.0030541369	0.0027283486	0.0062438976	0.00014882514	0.0007009719	0.00090044114	0.0020140295	0.00011331171	0.00033249424	0.000565873	0.0010062419	0.00022212326	0.00021622838	0.0008836561	0.00044730626	0.0015454023	0.0032239335	0.00084163365	0.0022827967	0.0016185936	0.0002127181	0.011234916	-22.838428497314453
s07e07a	300.0	5.0	0.9086603	0.9086603	0.007307972	0.05535104	0.0010642507	0.0004560446	0.010041423	0.004622784	0.0023488442	0.05292596	0.00033871277	0.0002783856	0.004536168	0.006915467	0.0005618827	0.0005824119	0.001269043	0.00010378491	0.00017106922	0.00047080353	0.0046298215	0.0046298215	0.0016288024	0.0018341377	0.00061781623	0.0053247623	0.014285895	0.0019489495	0.0015581881	0.00045220958	0.0003713417	0.0003300067	0.0017915043	0.0006730564	0.00021538886	0.0016125677	0.00088690314	0.0010010812	0.00061503646	0.0009829693	0.00034561346	0.0009829693	0.0016034174	0.0023713524	0.020123538	0.00016169267	0.00042385506	0.0004933002	0.0033676415	0.00294738	0.0063671023	0.5020298	0.001981654	0.01624704	0.0013515365	0.0057915943	0.0029819214	0.0004819694	0.0005132173	0.0006226532	0.0017614361	0.00025772318	0.0026740537	0.0027458014	0.0011958703	0.024144491	0.0020456004	0.0026954634	0.0007241325	0.00074016233	0.024144491	-25.90909194946289
s07e07a	305.0	5.0	0.72666305	0.72666305	0.15053025	0.01670457	0.00055221596	0.0063289283	0.10813399	0.0014758081	0.0017950552	0.00069829595	0.000966683	0.0004098405	0.0011788983	0.008202816	0.0027671773	0.0003788694	0.0046507996	0.00031644263	0.054186974	0.010315026	0.0048715905	0.0048715905	0.00059923506	0.004818985	0.00176097	0.004818985	0.023199517	0.012889822	0.008775674	0.0013954445	0.00023424791	0.00078393135	0.0045749154	0.00069583225	0.00027429825	0.0015993782	0.0015977429	0.0012339002	0.004133656	0.003096267	0.00038740446	0.004133656	0.0012274121	0.008990712	0.023393087	0.004850429	0.0027410737	0.0034202165	0.010660816	0.0011684557	0.0012495308	0.012029816	0.0006272807	0.0014032392	0.00084731425	0.0024041806	0.0010465303	0.003691536	0.00027004987	0.002922823	0.0013413561	0.0002858641	0.0021871836	0.0010592095	0.0013269818	0.002838234	0.0006658143	0.008127023	0.007925953	0.00038043142	0.014319669	-22.930110931396484
s07e07a	310.0	5.0	0.837917	0.837917	0.00770822	0.3902751	0.0027622327	0.0012673506	0.0018202256	0.007969373	0.0040035225	0.036520503	0.00032109595	0.00018211639	0.00047473525	0.0051695574	0.00091338233	0.00013082055	0.0014930562	0.00046187345	0.00033261155	0.0013174332	0.0071855984	0.006681404	0.004159551	0.0032365	0.0028034104	0.0032365	0.10045582	0.005683543	0.0015422918	0.0009326262	0.00072286464	0.00088493264	0.0021038235	0.0010187828	0.00075713603	0.0011877997	0.0006423524	0.0011731677	0.001213463	0.00072072534	0.0005251752	0.001213463	0.00060474826	0.004847054	0.013411134	0.00028150217	0.00041839047	0.0018961771	0.001573946	0.00085683906	0.0012330561	0.0010806018	0.0012109632	0.0012411766	0.0006544751	0.012155373	0.0015009778	0.009656736	0.00013167308	0.0009356291	0.0026670482	0.00025468908	0.0029039048	0.00039760218	0.00104132	0.0011774388	0.0005415337	0.002713288	0.0008920718	0.0007459998	0.0029039048	-25.16309928894043
s07e07a	315.0	5.0	0.88395643	0.88395643	0.049977537	0.17940615	0.0002725732	0.007988267	0.073149875	0.0024154165	0.00908578	0.00899867	0.00035005328	0.00037605435	0.0029666626	0.004708978	0.0018618053	0.000954794	0.004582926	0.00045146578	0.006883347	0.034018394	0.008104805	0.0026467433	0.0016006725	0.001014169	0.00040900527	0.001194985	0.023065517	0.0045610643	0.0021548695	0.0012629103	0.00039894338	0.0007197154	0.0016640446	0.0003373089	0.0004140717	0.000943827	0.00044627686	0.0008939808	0.0009630242	0.00037706416	0.0002546898	0.0009630242	0.001288156	0.0011364092	0.004280964	0.0003783956	0.00034245584	0.0005438674	0.0013693327	0.0017425333	0.0011717906	0.011677734	0.0004243359	0.004985287	0.00055243255	0.0028359836	0.00077093096	0.0030309297	0.00046121154	0.0007254152	0.0005916125	0.00011530276	0.00096195453	0.0003636811	0.0008513903	0.006224958	0.0020572464	0.0018589727	0.0061102267	0.000754529	0.006224958	-22.901945114135746
s07e07a	320.0	5.0	0.82046056	0.82046056	0.011918267	0.2716773	0.000759668	0.00074085005	0.0010367853	0.0015547918	0.002530258	0.059053373	0.00028246542	0.0001346951	0.001718208	0.0029373975	0.0030297083	0.00038669456	0.001066191	0.000490207	0.00025024283	0.0010339741	0.008163373	0.008163373	0.0023502111	0.007651306	0.0034490316	0.007651306	0.077746965	0.019496534	0.0041036084	0.0024093988	0.0006379408	0.0020207162	0.0029430154	0.0007463931	0.0003939799	0.003157785	0.0010258	0.0023335135	0.0012326398	0.0009418215	0.0008026842	0.0012326398	0.0011893252	0.0027076812	0.010334583	0.00046159202	0.002416352	0.00076857896	0.0027551227	0.00080866873	0.0012084168	0.0006896661	0.00040229844	0.0012675849	0.00036080118	0.0009866543	0.0006127984	0.010571376	0.00012755625	0.00062174205	0.0012246496	0.00036922636	0.0020512666	0.000288863	0.00036207764	0.0003815279	0.0006421029	0.007471534	0.0009926911	0.00024750078	0.004727353	-24.606220245361328
s07e07a	325.0	5.0	0.8091	0.8091	0.030080354	0.19959752	0.00027937043	0.0049889875	0.08339956	0.002465221	0.0042860094	0.013659867	0.0005836199	0.0004887976	0.0023740614	0.0020783097	0.0013873184	0.0009994297	0.0029379171	0.00043193056	0.01735168	0.039618067	0.006983023	0.006983023	0.0011886593	0.0020156845	0.0016060591	0.0020156845	0.117543295	0.016292218	0.0064833965	0.0020612532	0.00055543176	0.0015025709	0.003832662	0.0009326298	0.0007896752	0.0017141543	0.0009046312	0.0017141543	0.0028978565	0.0015909479	0.0004845767	0.0028978565	0.00065043144	0.003430044	0.01230792	0.0011257222	0.0009946565	0.001609305	0.005763536	0.0010106036	0.0017539071	0.0020550615	0.0024507002	0.0004364671	0.00045527902	0.008557522	0.0016958654	0.0035655298	0.00010916286	0.0015739445	0.001497627	0.0003909125	0.0011356706	0.0003495692	0.00057806063	0.0015712589	0.0019163185	0.0024361927	0.005064002	0.00048764882	0.005064002	-24.388893127441406
s07e07a	330.0	5.0	0.6972241	0.6972241	0.05971847	0.010002747	0.000987886	0.004043115	0.374333	0.00630911	0.0024395823	0.001906641	0.002497772	0.0030186453	0.00551774	0.0009735655	0.0015092059	0.0044537974	0.0029703192	0.00010536866	0.05037674	0.009594488	0.0023059258	0.0023059258	0.001774224	0.0064251306	0.0056757745	0.0064251306	0.04236487	0.014613735	0.0060671675	0.001565089	0.00031999673	0.0013473706	0.004632925	0.0005818626	0.00042551468	0.00083366863	0.00044172912	0.00082954095	0.00080425065	0.00064371014	0.00020727271	0.00080425065	0.00065084687	0.0017867737	0.0065838126	0.0011595545	0.0023965598	0.0008285432	0.009171685	0.00089336134	0.0017421036	0.0029536786	0.0011327972	0.0007909495	0.0005531558	0.0015560456	0.00045758695	0.0012787714	0.00052525534	0.0031211018	0.0015258677	0.0016890253	0.002204131	0.0009952304	0.00048623548	0.003298943	0.001410615	0.0014076071	0.003194057	0.0001289337	0.003298943	-22.586305618286133
s07e07a	335.0	5.0	0.75544596	0.75544596	0.013060006	0.16072744	0.00041468575	0.0030727454	0.008463671	0.0028703476	0.016506907	0.018088356	0.00012654177	0.0002668562	0.00084482593	0.02526383	0.0009428095	0.00025540864	0.0050483015	0.0006299092	0.012037743	0.023156991	0.016066689	0.009901794	0.00068961154	0.0048993207	0.001564815	0.0048993207	0.089417204	0.0067936378	0.0018254572	0.0007247574	0.0001657313	0.0005824147	0.0014518076	0.0005399192	0.0006446022	0.0007642115	0.00072007865	0.0005815754	0.0013378132	0.0006301981	0.00019755181	0.0013378132	0.0010521696	0.0035115266	0.010111924	0.00047772974	0.00087993644	0.002094572	0.005351458	0.0011929503	0.0014999348	0.007089044	0.0012850887	0.0030771906	0.00096987386	0.0013268131	0.0015662601	0.0016583904	0.00018418349	0.001307726	0.0009257694	0.00034585936	0.0013096811	0.0005952017	0.00053684996	0.0013166906	0.00025302052	0.0070333853	0.0032035126	0.000697124	0.022387188	-23.684539794921875
s07e07a	340.0	5.0	0.8419898	0.8419898	0.01150867	0.14011844	0.00023016258	0.0018639216	0.02299863	0.0017080698	0.005214196	0.030968491	0.0021967127	0.00020967606	0.004005896	0.0018482483	0.0011709293	0.0023429096	0.0047665234	0.0008932269	0.0005470529	0.0030686553	0.017056162	0.007523551	0.00072926487	0.005497118	0.0012201879	0.005497118	0.06777278	0.0052204304	0.0018686882	0.0005916539	0.0004309143	0.00067922764	0.001971554	0.0005202861	0.0012868649	0.0015190489	0.00072996644	0.0015190489	0.0005050381	0.0008271509	0.0011917987	0.0008271509	0.0006158891	0.002075408	0.007480691	0.00023470509	0.00027751666	0.0004816559	0.0031939403	0.00077339564	0.002200712	0.007919398	0.0019520294	0.0034870645	0.0008008155	0.006702971	0.0007748784	0.009962576	0.00037084238	0.0014726621	0.0025849028	0.00036164315	0.0023275022	0.0006277356	0.00069632253	0.0019126468	0.0015198463	0.0015204101	0.0026120127	0.0004243887	0.0026120127	-22.646617889404297
s07e07a	345.0	5.0	0.74765736	0.74765736	0.07988043	0.006099464	0.00046838098	0.009100809	0.08821034	0.00065844733	0.0037977772	0.0009965554	0.000596716	0.00066185324	0.006191312	0.004986588	0.0017556286	0.0001867576	0.004136287	0.0024808862	0.014078524	0.014745383	0.046537023	0.00709659	0.0012403227	0.01724386	0.0045035887	0.01724386	0.039809458	0.020167455	0.020167455	0.0020761567	0.00094017497	0.0018042807	0.010264135	0.0005915375	0.00055126386	0.0057972446	0.0057972446	0.0015451147	0.009083551	0.006414683	0.0007267503	0.009083551	0.0016161683	0.012957152	0.0065378277	0.0010355405	0.0006448922	0.0015340713	0.004939464	0.0016318705	0.002417152	0.00563476	0.00020017353	0.001796693	0.0014505838	0.0033350457	0.002359405	0.007692203	0.0010681389	0.0013093014	0.00022154223	0.00061838474	0.0056707524	0.006640616	0.0011097229	0.0023829818	0.0011939326	0.007562282	0.0022419356	0.00014117853	0.013159331	-24.427913665771484
s07e07a	350.0	5.0	0.88323057	0.88323057	0.014518935	0.19353378	0.000662831	0.001541584	0.01077073	0.004486806	0.0020914008	0.025832184	0.00037457162	0.0003906685	0.0074902917	0.001967962	0.0023549711	0.0005206788	0.0025710196	0.0006258091	0.00026201067	0.00081751676	0.04129757	0.04129757	0.00084500946	0.0035467849	0.0024720163	0.0035467849	0.05814119	0.009240531	0.0026021306	0.0014121822	0.0008492881	0.0014611627	0.0019237412	0.0008433994	0.00037839037	0.0019439833	0.0008092198	0.0017168818	0.0013474706	0.0006285381	0.0005650818	0.0013474706	0.00056508824	0.002146607	0.0032493502	0.00012457922	0.00022698687	0.00063847634	0.0008988822	0.0009555644	0.0009520439	0.002043952	0.0015894232	0.0018689977	0.0009192677	0.0089626135	0.002170459	0.05570487	0.0002512275	0.00097193214	0.0045235935	0.00011026365	0.0029869797	0.00049665384	0.00031212356	0.0010839604	0.0012451498	0.004352002	0.0019333444	0.0002887622	0.005349258	-24.956226348876957
s07e07a	355.0	5.0	0.82119	0.82119	0.15401125	0.05123189	0.00063985336	0.0032625147	0.0038897255	0.001492418	0.0017237935	0.002358662	0.0008284556	0.00018633092	0.008834017	0.006264278	0.0013472723	0.0002726226	0.0018502173	0.00053217396	0.00060244283	0.004972823	0.005213825	0.005213825	0.0013060868	0.0023348094	0.0016853596	0.0023348094	0.02837791	0.0055939606	0.002693804	0.0011945548	0.0005588663	0.0010155612	0.0019455835	0.00070734165	0.00029885804	0.0026166928	0.0011533765	0.0009833594	0.0003822449	0.00063369377	0.0004584947	0.00063369377	0.0014908683	0.0027305433	0.0053195218	0.000584275	0.00036158314	0.0013408177	0.0021452613	0.00084339496	0.0011581833	0.0038768344	0.00025568102	0.007026046	0.0007292093	0.0023638762	0.0003959608	0.0074848766	0.00051831926	0.0027813853	0.0029414669	0.00033932654	0.005760913	0.0021288614	0.00051402213	0.00090864813	0.00072240154	0.004139144	0.001270245	0.00042399147	0.012097325	-26.916399002075195
s07e07a	360.0	5.0	0.80413926	0.80413926	0.06923072	0.0048783403	0.0015149999	0.0020720589	0.12480851	0.0010661614	0.0047423136	0.0069496473	0.0012283723	0.00026002302	0.0072896783	0.011681449	0.00086853025	0.00027755107	0.013424768	0.00033304913	0.0039052314	0.025100697	0.0054242415	0.0054242415	0.0011487768	0.008431798	0.0022367076	0.008431798	0.02297146	0.005428158	0.003301793	0.00082531176	0.00020628415	0.00066639454	0.0025416343	0.00074590667	0.00012434577	0.0017820649	0.0009775888	0.0006217101	0.0045232223	0.0013881822	0.0001244396	0.0045232223	0.0015301235	0.004531771	0.0022688264	0.00040140966	0.00025599325	0.00064074947	0.0006180993	0.0019838768	0.0006301482	0.01416695	0.000837597	0.0122977225	0.0007147592	0.00077516935	0.0002000394	0.005280064	0.00042489127	0.00078151986	0.00040020898	0.00013773669	0.0025950465	0.0031971345	0.0006798568	0.02094536	0.0012587917	0.0058986666	0.020912476	0.00027135402	0.027210593	-25.538623809814453
s07e07a	365.0	5.0	0.8537214	0.8537214	0.28168458	0.024488367	0.0010063252	0.01713319	0.048732996	0.006520741	0.0042159283	0.001246977	0.0008495823	0.0004730174	0.0010111281	0.016371373	0.00079252815	0.00015384218	0.0020081438	0.000470398	0.0020176577	0.020640528	0.005456896	0.0041910964	0.0011377947	0.0030186581	0.0010001356	0.0063863904	0.024595706	0.0037103398	0.0019951493	0.00057837804	0.00026055708	0.000495467	0.0025131998	0.00035415989	0.00042713745	0.001995642	0.00073761935	0.0007026085	0.0006061491	0.00056492287	0.00023707405	0.0006061491	0.0009829365	0.0028789504	0.0027973598	0.00037924986	0.0002983274	0.0008776008	0.0011759246	0.00083599234	0.0008526869	0.0110070435	0.00028401954	0.0029226951	0.0015482538	0.025808237	0.00032613406	0.00091005344	0.0034592163	0.0029250581	0.005098858	0.00029017663	0.0061964896	0.002511263	0.0012203412	0.0014852379	0.0006084977	0.0080103185	0.0043861624	0.00034726004	0.014851755	-22.445222854614254
s07e07a	370.0	5.0	0.7987891	0.7987891	0.03729082	0.032106396	0.0006828022	0.00786648	0.10186578	0.0017087368	0.003777523	0.006623222	0.0018899767	0.0009823242	0.009666651	0.0021832858	0.0017995363	0.00068658456	0.0015447316	0.00065628707	0.012182135	0.020181376	0.0026235997	0.0021599876	0.0017279702	0.00093562744	0.0016130982	0.0016130982	0.08928653	0.009601414	0.004076045	0.0013581249	0.0003494939	0.0010419105	0.0029192802	0.00048961694	0.00040786364	0.001238772	0.00042375302	0.0008377455	0.0033232048	0.0011862365	0.00011918918	0.0033232048	0.00085055514	0.001546424	0.005457328	0.0011353132	0.0009615362	0.0016786836	0.0033748029	0.0007743318	0.0006583325	0.008528728	0.001445587	0.0009898465	0.0006452254	0.0075278543	0.002946905	0.0348705	0.0003330612	0.0017536125	0.0014275754	0.00022978477	0.0049052704	0.0034770886	0.0006998445	0.0023630194	0.0019437827	0.004253411	0.0013253859	0.00081177085	0.0049052704	-23.861255645751957
s07e07a	375.0	5.0	0.72636783	0.72636783	0.07468961	0.004499296	0.00011450259	0.0076003973	0.3395526	0.00030848422	0.0063495687	0.0014591007	0.00010699647	0.00025967	0.00042901354	0.0017020426	0.00060580514	0.0007563233	0.0028648365	0.0008894322	0.020090189	0.049636856	0.002363331	0.00089982705	0.002363331	0.0041091153	0.0012221076	0.0041091153	0.28829023	0.022911629	0.011774952	0.0013774058	0.00073906773	0.002090547	0.009018115	0.0005750174	0.0012435883	0.000782872	0.000782872	0.0005266706	0.0021074093	0.0021224166	0.00022797374	0.0025428364	0.00038905736	0.0034846792	0.006337901	0.0020953114	0.00087139057	0.00084805524	0.0062428564	0.0005863162	0.00360305	0.0068679755	9.230152e-05	0.0009815833	0.0016221877	0.0010694237	0.00027998345	0.0003180535	0.00047399348	0.0006292295	0.00016072058	0.00059003494	0.0017667448	0.00032109994	0.0010575006	0.008976551	0.00031046662	0.0017129765	0.0037794632	0.00012440103	0.008976551	-23.12279510498047
s07e07a	380.0	5.0	0.115757845	0.115757845	0.0011301263	0.0005336094	0.0002777226	0.009256404	0.0015638482	0.0003129012	0.011260747	0.0022157317	0.00018467201	0.00047906494	0.0017028206	0.007923446	0.0015317205	0.0002224297	0.00068427733	0.0003914747	0.0017202172	0.0028841263	0.051356845	0.015420077	0.005957713	0.029055944	0.034881335	0.034881335	0.7447287	0.043768756	0.021674693	0.0003239926	0.00010450809	0.0020523407	0.02226363	0.0032745183	0.007790552	0.0011510815	0.0011510815	0.00029109628	0.0016286916	0.0008093933	8.343061e-05	0.0016286916	0.0007173991	0.010336178	0.005029208	0.00014190073	0.0003595871	0.00029999824	0.0014906646	0.017415725	0.0009357076	0.0021424438	0.00014637601	0.003800412	0.0006968165	0.00040096222	0.0001575067	0.00056539825	0.00063468865	0.0005032065	0.0005001628	0.0036197759	0.0028867768	0.0010322429	0.0019071855	0.0063736667	0.0021779495	0.0032661469	0.0015414109	0.00016089462	0.021370674	-21.258211135864254
s07e07a	385.0	5.0	0.75691456	0.75691456	0.005991628	0.0089229895	0.0013570569	0.0031307272	0.094179794	0.004025146	0.005083793	0.010790831	0.0008700626	0.000101857935	0.0017458958	0.0033882887	0.0026148865	0.0057056667	0.0012795342	0.0020158363	0.0009602234	0.008738203	0.008182181	0.0023691244	0.0043240064	0.0029465226	0.0013036943	0.0029465226	0.5826734	0.046188217	0.014606155	0.002191303	0.00071702217	0.002235882	0.01664636	0.00052536745	0.0035214215	0.0007901231	0.0007901231	0.0006719246	0.00071097584	0.0007407336	0.00037167908	0.0007407336	0.0014746645	0.004029679	0.0038616536	0.00015880678	0.0006988448	0.00025704296	0.0016036342	0.0037177184	0.00087087264	0.022932304	0.0003568696	0.02219058	0.0004578319	0.0044529224	0.0003931558	0.0021846355	0.0006816068	0.0011817737	0.00034392896	0.00018896152	0.0041963914	0.0007873204	0.00140953	0.025744302	0.001411592	0.0019024416	0.0040680296	0.00033948815	0.025744302	-25.446441650390625
s07e07a	390.0	5.0	0.79243803	0.79243803	0.020839766	0.26198956	0.0027683815	0.0005269234	0.008672033	0.0030156174	0.0016853035	0.024086349	7.8230674e-05	0.00030524036	0.0041925614	0.019257216	0.0013339289	0.00061477773	0.0040314365	0.00082527247	0.0005549457	0.0026891783	0.07637187	0.009019653	0.0025733977	0.005131795	0.007542203	0.007848474	0.027479228	0.003571271	0.0010438096	0.00056022516	0.00039089407	0.0005174857	0.004329047	0.00036892307	0.00031322442	0.03948941	0.03267422	0.03948941	0.0039146077	0.012700823	0.021431224	0.012700823	0.0038431387	0.042371266	0.009279233	0.00046256636	0.001505504	0.00024407684	0.007752734	0.0035520229	0.0018430154	0.016029343	0.00087669684	0.009863859	0.0021095925	0.0073999176	0.0003767018	0.012658995	0.0007509606	0.00124152	0.016868526	0.0014882315	0.0028195167	0.0009391597	0.0035778233	0.0025244483	0.0007793765	0.008019869	0.0030843196	0.00019067986	0.035186425	-23.2304801940918
s07e07a	395.0	5.0	0.36795914	0.36795914	0.0065487665	0.0014803361	0.021225112	0.0054466138	0.016686385	0.0033190676	0.076374136	0.004751667	0.0009494048	0.0005703864	0.0006089923	0.011393939	0.0013366783	0.000557521	0.0024770799	0.00029327243	0.026922021	0.021592475	0.029399399	0.0026793084	0.011697766	0.007874654	0.0019994997	0.007874654	0.15281428	0.03438299	0.007314959	0.0009805775	0.00019565063	0.0006964321	0.0038634057	0.00063314923	0.0013392869	0.0029962896	0.0019674909	0.001549017	0.006329114	0.0029014673	0.00025598056	0.006329114	0.00053644716	0.007212755	0.004972592	0.0009803057	0.0015376983	0.0007488374	0.0054669096	0.0009198223	0.0010624424	0.0005922407	0.00046793386	0.00027963024	0.00057029777	0.00084274425	3.746095e-05	0.00010669703	0.0006349343	0.0007880699	0.00053063367	0.00023939292	0.0007693311	0.00029612193	0.00039193904	0.00061488204	0.00017903002	0.0014438123	0.00075869245	0.00040878795	0.0017973516	-22.13251495361328
s07e07a	400.0	5.0	0.6943328	0.6943328	0.2556734	0.009141873	0.00066493	0.010881929	0.058274962	0.0011880894	0.006766658	0.0054379054	0.001626683	0.0037271793	0.002202519	0.015871348	0.000618307	0.00015407897	0.0027730071	0.0031568096	0.09367622	0.025807805	0.044418294	0.0039900546	0.0034282273	0.025079526	0.0032151912	0.025079526	0.051204104	0.013985939	0.0088662505	0.001110926	0.0011662652	0.00091474614	0.006883083	0.00063751807	0.0005920243	0.004428492	0.003305178	0.002162108	0.012051355	0.002823908	0.00070026016	0.012051355	0.0023523152	0.013274875	0.006224035	0.0009198766	0.00041566492	0.0009931339	0.004083192	0.006848478	0.0016917821	0.0059193014	9.353632e-05	0.00083563227	0.0017596764	0.0063044666	0.00020915671	0.0010077783	0.00051640393	0.0017690521	0.00031185435	0.0013895802	0.0320838	0.0040273527	0.0006014919	0.0023280547	0.0020134163	0.016311029	0.0007083721	0.00028887897	0.0320838	-23.28937149047852
s07e07a	405.0	5.0	0.8615355	0.8615355	0.089350544	0.0149290385	0.0016887375	0.002332629	0.13746478	0.0041748113	0.0024050234	0.0014670821	0.00018681657	5.940066e-05	0.002155969	0.0072177243	0.0010892677	0.00035544808	0.0015232931	0.00035974314	0.0010603252	0.077813976	0.0069111586	0.0069111586	0.0044267788	0.0054752305	0.0008613708	0.0054752305	0.04406107	0.014045456	0.009518798	0.0014429683	0.00076124165	0.0014816491	0.003393729	0.00042716003	0.00044415484	0.001298883	0.00059308746	0.0005973752	0.0008416408	0.00063314504	0.00017713402	0.0008416408	0.002140629	0.0042163245	0.012720803	0.00049415696	0.0004122226	0.00055415655	0.0014894415	0.0011593578	0.004452531	0.011673299	0.00023566955	0.0021508029	0.0009320346	0.00386575	0.00053949014	0.01836704	0.001270049	0.0005165701	0.00027952364	0.0006103165	0.010903783	0.0033687141	0.000937357	0.0019766216	0.0023422677	0.006749054	0.0020087499	0.00041458753	0.010903783	-26.83772087097168
s07e07a	410.0	5.0	0.7913974	0.7913974	0.0048708417	0.31044248	0.000557159	0.00039616108	0.00037601238	0.0005638728	0.001084498	0.06659706	0.00023729884	0.00014677602	0.00094190356	0.002939872	0.0011219634	0.00026862777	0.0012788823	0.0004706826	0.00016790119	0.00069951115	0.005851553	0.005851553	0.0024124885	0.004325777	0.0015605013	0.004325777	0.043860823	0.0042197173	0.00086806115	0.0007130858	0.0006875778	0.0007948838	0.0012803735	0.0012743445	0.00022189043	0.0037104033	0.0013996182	0.0022434976	0.0015551205	0.0008464536	0.00067669805	0.0015551205	0.0009303883	0.004061854	0.010670305	0.0004886176	0.0003899422	0.0010954719	0.0028174114	0.0019325755	0.0022081546	0.0013840221	0.0008037412	0.001691928	0.00069925917	0.0028576276	0.0012945763	0.013060983	6.749846e-05	0.0008715733	0.00072533294	0.00022437914	0.010807014	0.0008271773	0.0005505607	0.00038807775	0.0008763444	0.0052817347	0.0006234234	0.0002176274	0.010807014	-25.031658172607425
s07e07a	415.0	5.0	0.87221956	0.87221956	0.009304034	0.054936152	0.00033152188	0.001705039	0.16736728	0.0018481445	0.0006647393	0.011477943	0.0053934744	0.00042771787	0.0063168122	0.002418881	0.0034524044	0.0023204696	0.0020895097	0.016703889	0.0019856167	0.018709876	0.10362362	0.00085374375	0.0016156497	0.0013192928	0.0002754553	0.002527762	0.0406608	0.0017019146	0.000922777	0.00090452004	0.00038451637	0.0008171344	0.0025091078	0.00021371325	0.0005059224	0.0069559286	0.0020221928	0.0069559286	0.0046979506	0.0014080798	0.0017923844	0.0046979506	0.0012991516	0.0012424067	0.0012692979	0.00024741326	8.631573e-05	0.00037880903	0.0029527405	0.00036529073	0.0010542354	0.0020862254	0.00050545536	0.0017381732	0.0004089444	0.001916594	0.0044824164	0.0048879655	0.00027738413	0.0004527768	0.0006344903	0.00040373165	0.00074415054	0.0008878844	0.00028928524	0.000546755	0.0016051534	0.0024858639	0.000981595	0.00019221265	0.0016051534	-23.949602127075195
s07e07a	420.0	5.0	0.87898886	0.87898886	0.0020875689	0.049433067	0.00023024314	0.00048401492	0.004735558	0.00091923523	0.00088326633	0.010324761	0.0002094445	5.4365264e-05	0.015689526	0.002754764	0.0027590545	0.0003125139	0.001538928	0.00032760086	0.00010981079	0.0005909022	0.52312595	0.52312595	0.00070708146	0.0014017993	0.0004149851	0.0048536435	0.03276702	0.0023591265	0.0008412588	0.0008588588	0.0002467887	0.0007693748	0.0011585437	0.00085251796	0.0003596859	0.0009039906	0.00041384046	0.00049702066	0.00021501623	0.00020786347	0.0001353316	0.00021501623	0.0009145849	0.0014277425	0.002980956	0.00013561697	0.0002672483	0.00021777395	0.0027811497	0.0018322888	0.0012604941	0.008585096	0.0036493924	0.00075307756	0.023893783	0.00043906397	0.0017731907	0.06020674	0.027800456	0.0014760976	0.0004137809	0.0001452728	0.0027818694	0.0013834824	0.0003412586	0.001994572	0.023933792	0.0047171824	0.006365262	0.000102983526	0.023933792	-26.229782104492188
s07e07a	425.0	5.0	0.8530041	0.8530041	0.012774694	0.064055316	0.000101156074	0.0011086045	0.021830084	0.0039926423	0.0011096917	0.005646924	0.0005526696	6.693038e-05	0.0054521644	0.0025620733	0.00646056	0.00044676845	0.00064480066	0.00047827084	0.00021879961	0.012100197	0.22086969	0.22086969	0.0008728685	0.0022050312	0.00031919507	0.002309013	0.025488589	0.0018213512	0.00066911924	0.0001356017	0.00010716607	0.00013174342	0.0008619739	0.00058158033	0.00016834684	0.00055025856	0.0002288706	0.00012446736	0.00027391067	0.00014804387	5.1252715e-05	0.00027391067	0.0020755501	0.0011933044	0.004813655	0.00017572177	0.00022259266	9.2245915e-05	0.0008158661	0.0038839895	0.0013587917	0.0052039563	0.00043292108	0.00054656295	0.0068000304	0.0008368806	0.0002127869	0.0076055387	0.09781855	0.0006024698	0.00020071844	9.015951e-05	0.0009502786	0.00084035785	0.0006429211	0.0028401196	0.022668403	0.01579243	0.005001634	9.5921234e-05	0.022668403	-26.529953002929688
s07e07a	430.0	5.0	0.8719483	0.8719483	0.20337655	0.011927109	0.00057801104	0.0030267385	0.35148674	0.0028855144	0.00080234697	0.0022109363	0.00019615047	0.00024219796	0.0019176488	0.001636085	0.0023216412	0.0018251054	0.0016018548	0.00014881777	0.0017508625	0.0026453075	0.001074295	0.000754566	0.00040118815	0.0007582107	0.000115309456	0.0007582107	0.013361678	0.0033303385	0.0015422939	0.0005297945	0.00014453194	0.00044425836	0.0011636324	0.00018769431	0.00012666406	0.0012066208	0.00046305315	0.00073277846	0.0008360146	0.0008258609	0.00020673861	0.0008746935	0.000704312	0.0009447662	0.0047252444	0.0004933218	0.00058321515	0.000334233	0.0009064224	0.0009045351	0.0032681094	0.010056237	8.3251085e-05	0.0008662401	0.00096617604	0.0021489023	0.0002410206	0.001984653	0.00085514743	0.00069973315	0.0008468949	0.00013399732	0.00185512	0.00092833844	0.0008551865	0.002060953	0.0005865574	0.0011764052	0.003802653	0.00015954	0.0045943824	-24.857471466064453
s07e07a	435.0	5.0	0.882267	0.882267	0.02372839	0.111424685	0.0021536078	0.001043636	0.00648218	0.0027989857	0.0018965545	0.060285024	0.0011493596	0.00023277936	0.008954125	0.003907803	0.002925367	0.0010031865	0.0011899315	0.00057300134	0.00023952559	0.0019185744	0.035058893	0.035058893	0.005214087	0.010409817	0.010300822	0.010409817	0.055040073	0.003770891	0.0013116478	0.0005870138	0.0003612472	0.0006964546	0.0020009521	0.0010323382	0.0003933359	0.003308392	0.001063984	0.0024649762	0.0023197578	0.000651128	0.0005510944	0.0023197578	0.0011812842	0.0034332923	0.0067469385	0.00029507637	0.00047084215	0.00053429394	0.0011967204	0.0022362683	0.0008748519	0.0034167154	0.0031642818	0.0028903477	0.00059179467	0.0033989067	0.00040666517	0.014332442	0.00016781557	0.0012811219	0.0027111485	0.0001604745	0.0054751886	0.00049345964	0.00035123108	0.0012231044	0.0015537345	0.006174051	0.003529796	0.0004569142	0.0054751886	-23.69590377807617
s07e07a	440.0	5.0	0.8096249	0.8096249	0.037551824	0.030674769	0.0018234086	0.00475785	0.1295707	0.014588143	0.004163033	0.013361734	0.0032200958	0.0011217336	0.0012924967	0.0040352843	0.00089299027	0.0008912944	0.0022060513	0.00018822605	0.022267729	0.011653841	0.008307725	0.0073857987	0.0014141236	0.007953258	0.0030761245	0.007953258	0.0897632	0.003984234	0.0011123234	0.00087043626	0.0003323887	0.0006243322	0.0014280302	0.0002779162	0.00091825833	0.00078064424	0.00021581171	0.00038746596	0.0017508267	0.0003303788	0.00014166886	0.0017508267	0.0006214766	0.0013348972	0.005674429	0.0006509766	0.0009990918	0.0006972137	0.004822183	0.0016658636	0.00070761604	0.00513577	0.0011969398	0.0013417918	0.0005804094	0.0038363559	0.00020380867	0.0025951762	0.0004899479	0.0010402902	0.0051798355	0.00021818858	0.0034143669	0.00031400178	0.0003683364	0.0025085313	0.0005743234	0.0037584868	0.0043500043	0.00031615858	0.0043500043	-22.767993927001957
s07e07a	445.0	5.0	0.74499965	0.74499965	0.10339646	0.02894721	0.00015726702	0.017255977	0.11607124	0.0046512894	0.0050200066	0.0010739297	0.00222598	0.00036315012	0.00015706186	0.00410101	0.0033623963	0.00015006374	0.0024701473	0.0009062462	0.008223923	0.07666581	0.0026018436	0.0011441441	0.00094320666	0.0011730046	0.00040913743	0.0011730046	0.035683334	0.0048092483	0.0021078105	0.0004770133	0.00030301846	0.0003913538	0.0022174804	0.00043281462	0.0006829639	0.0006102572	0.0005796526	0.00050419633	0.0012435568	0.00096396054	0.00020525334	0.0012435568	0.00068718084	0.003525607	0.0037873264	0.00049676554	0.00047459838	0.0010263196	0.0015930254	0.0004649145	0.00050891243	0.007074489	0.0011493504	0.0017763324	0.0005254551	0.0031183017	0.00020962389	0.0010449403	0.00030995143	0.0018398892	0.0014157413	0.00016239399	0.003976789	0.00052356377	0.00049805903	0.0044336687	0.000664757	0.004011276	0.004468796	0.00029367648	0.009150278	-23.790401458740234
s07e07a	450.0	5.0	0.75165117	0.75165117	0.07759386	0.08819014	0.00036182004	0.005149947	0.12214506	0.0014882527	0.0055296947	0.006811892	0.0013934167	0.0007893987	0.0024925724	0.0024225994	0.00085507403	0.0019261258	0.004238823	0.0011068354	0.021391481	0.010439981	0.0123176165	0.005407362	0.0029495473	0.004583318	0.0053196684	0.0053196684	0.04621898	0.0050442936	0.0016079182	0.00082741975	0.0005785324	0.00072609505	0.0023769857	0.000951595	0.0015122988	0.004591845	0.0013389093	0.004591845	0.0067645553	0.0019145008	0.0009963181	0.0067645553	0.001385278	0.006966767	0.020803692	0.0017540625	0.0045314915	0.00071061857	0.01534777	0.0025559112	0.0072620073	0.004287477	0.00080190675	0.0023596415	0.0017356103	0.004739569	0.00052980485	0.0012639102	0.00051293854	0.0033638186	0.0015866645	0.0014085304	0.004509384	0.0005338256	0.0006580646	0.0058457856	0.002898711	0.005270643	0.0020552208	0.00033909886	0.0058457856	-23.852725982666016
s07e07a	455.0	5.0	0.84230965	0.84230965	0.032409433	0.06745548	0.00030975055	0.00073239545	0.01020258	0.0018623956	0.0006555538	0.0031288438	0.0004133167	0.0005718501	0.0019232241	0.011341181	0.00071459234	0.00022756959	0.00038978533	0.0005621931	0.00036491448	0.0030600242	0.01065528	0.0072483597	0.0017397857	0.0067642927	0.0022625506	0.026433649	0.09860217	0.0057106325	0.0014544707	0.0005698851	0.00032714798	0.00095517345	0.0043863915	0.00024055112	0.0005062551	0.0019127285	0.0012756585	0.0017265427	0.0011409384	0.000985518	0.0004211716	0.0011409384	0.0009873252	0.0070545133	0.0066498695	0.00022841083	0.00024335347	0.00066982623	0.0023883726	0.0030200018	0.0017348207	0.010163003	0.0012318211	0.0028229267	0.0013985296	0.008420221	0.0007209819	0.013934565	0.0010599839	0.0011751004	0.0014284735	0.0002947227	0.007067662	0.0021205593	0.0008001252	0.0037649954	0.0013653602	0.00860837	0.0034839672	0.00012071005	0.008449965	-25.48173713684082
s07e07a	460.0	5.0	0.84098035	0.84098035	0.067549095	0.0800869	0.00045949512	0.0005191883	0.0017009508	0.00069966714	0.0011960104	0.0021768794	0.000805821	0.0005488955	0.0065756612	0.002398524	0.00072721066	0.00019892557	0.00080029597	0.0002687264	0.00038101358	0.0013939091	0.008994155	0.008994155	0.002530809	0.00657946	0.0039392654	0.00657946	0.04024299	0.0084607545	0.002759742	0.0011615963	0.00068354607	0.0011056493	0.0028226261	0.00036800103	0.00023382617	0.0026459831	0.00079314125	0.0025114515	0.0007961596	0.00056451163	0.0008848453	0.0007961596	0.0016007121	0.0029099334	0.005104759	0.0004069886	0.0003177132	0.0011182277	0.0016349888	0.0008145052	0.0013582439	0.0022785172	0.00021069554	0.002020425	0.0008478565	0.00596342	0.00089597754	0.009714332	0.00041495232	0.0018035783	0.0061377985	0.00029267304	0.007880859	0.0015520451	0.00069395156	0.0014543488	0.00063224864	0.003694889	0.00083027047	0.00015665026	0.020758642	-23.982742309570312
s07e07a	465.0	5.0	0.88468754	0.88468754	0.013653843	0.24766439	0.00030943297	0.0028230008	0.065568745	0.0026524942	0.0028594544	0.024761003	0.0007868903	0.00030339425	0.0041841785	0.0017744428	0.0023254137	0.0009474448	0.0033015606	0.000968391	0.020650564	0.005362876	0.009851982	0.00301705	0.0005454513	0.004447839	0.0012394896	0.004447839	0.033766504	0.0061338497	0.0023163478	0.0017152888	0.00033915724	0.0009167189	0.0019216312	0.0010710082	0.000420387	0.000814485	0.0002544175	0.00078547874	0.0017230748	0.00031694476	0.00012772836	0.0017230748	0.0003266752	0.00081406906	0.0040883846	0.000348375	0.0005397139	0.00074863055	0.0033525752	0.00058531953	0.00073544314	0.0037822006	0.002395183	0.000958023	0.00025965265	0.004661929	0.005236315	0.004411131	0.000121664925	0.00089360145	0.0008106152	0.00014805754	0.00078043254	0.0002061294	0.00010072303	0.00066241645	0.00070653786	0.002070001	0.0023137345	0.0003069095	0.0023137345	-23.09915542602539
s07e07a	470.0	5.0	0.7688268	0.7688268	0.03145948	0.006305867	0.0009941638	0.0059945085	0.5065499	0.00077434105	0.002311368	0.0015339354	0.00020295504	0.00026537044	0.0035962109	0.0017102405	0.008658164	0.00238589	0.0030184158	0.000376542	0.010787865	0.12796201	0.0029649255	0.0022512283	0.0029649255	0.001678264	0.0006224446	0.001678264	0.039950904	0.0115013495	0.0059354114	0.0014798096	0.000502005	0.0018655778	0.0054875957	0.0004170205	0.00037832907	0.0018827808	0.0018827808	0.0006974396	0.002127531	0.0038941307	0.00047833417	0.004233038	0.0007024318	0.007049015	0.0063593844	0.0019944052	0.0014083298	0.0014373015	0.0049505383	0.0015328054	0.00302332	0.0033007998	0.00042266538	0.00047323544	0.0010805993	0.003232165	0.00038642887	0.008358782	0.0006983831	0.00092928845	0.0003405165	0.00047719906	0.003763677	0.0011723097	0.0017405496	0.0046587833	0.0008735865	0.00278315	0.005768735	0.00033543646	0.005768735	-24.559194564819336
s07e07a	475.0	5.0	0.8227993	0.8227993	0.017905803	0.054652847	0.0013609721	0.0006728499	0.0027292687	0.0014464987	0.0036568327	0.01468558	0.00023183138	0.0002058303	0.0138527	0.008427672	0.0009961667	0.00039965042	0.008531559	0.0002825201	0.00064006896	0.0011203805	0.0047794483	0.0013690711	0.001269356	0.00384789	0.0019506931	0.00384789	0.021930838	0.007370701	0.0036391995	0.0012028454	0.00065071636	0.0012326544	0.0013139703	0.00036421174	0.00013617468	0.00362788	0.00088379753	0.0007674924	0.0019461245	0.00057820306	0.00013979635	0.0019461245	0.0011406575	0.0027496587	0.0018923141	0.00011988883	0.00023374414	0.00043481117	0.00055847917	0.0011363248	0.00062357105	0.0050534657	0.0008036991	0.012939553	0.0024579067	0.0026392846	0.0012403068	0.08070976	8.65593e-05	0.0005375246	0.0020050958	0.00024981968	0.0056759086	0.006559866	0.0004079671	0.001234642	0.0022652359	0.010880953	0.008843893	0.00065377756	0.07081314	-26.178062438964844
s07e07a	480.0	5.0	0.75539684	0.75539684	0.27675298	0.07202553	0.00022690228	0.015359889	0.04186552	0.0014901458	0.00287471	0.0019955623	0.0010747772	0.00036399253	0.0015590006	0.00545613	0.00060894736	0.000916051	0.007355238	0.0013673186	0.157794	0.024812682	0.004647763	0.004647763	0.0010044469	0.0019368662	0.0006568403	0.0019368662	0.0149898175	0.008482994	0.003763631	0.0014036441	0.00042117405	0.0006850241	0.0051192706	0.0005276569	0.00045515576	0.0025588851	0.0023508966	0.0025588851	0.004015994	0.004392084	0.00070168235	0.004680285	0.0008695066	0.0040572733	0.011202259	0.003604449	0.0012292723	0.0020279305	0.005001869	0.0007375955	0.0010238278	0.014340279	0.0004484171	0.0009929418	0.0013999861	0.0015545742	0.00054136105	0.0008595449	0.00019621725	0.0029483403	0.00037788026	0.0005275483	0.0024320718	0.0013334475	0.000601397	0.0012401078	0.00059817056	0.006497811	0.0043758876	0.00021761266	0.01743304	-22.558746337890625
s07e07a	485.0	5.0	0.8792458	0.8792458	0.05848486	0.12372108	0.0013383451	0.0020388006	0.034940112	0.011228778	0.003049019	0.008156997	0.0019161553	0.0012284145	0.009947167	0.0066730864	0.001884207	0.0016463866	0.00069929514	0.0049260505	0.00096097944	0.012442873	0.008555385	0.008555385	0.00842668	0.00169595	0.0010811862	0.0029198397	0.080870055	0.007779351	0.0014628508	0.00080929656	0.0003724743	0.00094208133	0.001980122	0.00045666748	0.00019183969	0.0066207913	0.0026468593	0.0030401987	0.0014816653	0.0031511425	0.001017629	0.0031511425	0.0011721719	0.005593929	0.0050697033	0.00069181836	0.0005810064	0.0009969732	0.003931135	0.0017127775	0.0013828203	0.0024068775	0.00030996028	0.0017578413	0.0003268755	0.026218098	0.00056876836	0.016442377	0.00020527918	0.0009474128	0.0028718219	0.00055266643	0.002294246	0.0009841556	0.0015387404	0.0017634513	0.0007023059	0.006603611	0.0048890165	0.00022363353	0.0073515307	-26.48885536193848
s07e07a	490.0	5.0	0.87060744	0.87060744	0.08281391	0.1320671	0.002705586	0.0031789884	0.09929747	0.01297976	0.0027372416	0.030598998	0.0020197711	0.00083220436	0.008977378	0.0013500764	0.003718598	0.0045852456	0.0010605151	0.00010924419	0.0022924151	0.0081342785	0.008170441	0.007369187	0.008170441	0.00080048054	0.00089287973	0.0051048216	0.035031304	0.0026460208	0.0006155505	0.00044440597	0.0003189888	0.00048765045	0.0020775758	0.00029036426	0.0004008082	0.0028141406	0.00083749363	0.0028141406	0.002910542	0.0012711649	0.0007586722	0.002910542	0.00097402534	0.0018520419	0.0033362173	0.0007104046	0.0013577666	0.00045535908	0.0031982665	0.0024134584	0.0010899896	0.002336823	0.0009187546	0.0015224578	0.0006246206	0.0028064675	0.00018252856	0.010545313	0.0009816609	0.0011046329	0.004306371	0.0007047081	0.0015839904	0.0010231268	0.00080514053	0.0013791753	0.001314831	0.013061984	0.0052029495	0.00041033328	0.006671708	-25.06890869140625
s07e07a	495.0	5.0	0.8321965	0.8321965	0.0077232243	0.046980236	0.005325826	0.001510461	0.2857791	0.0032181311	0.0021048028	0.028139317	0.00012002839	0.00064314995	0.0016684667	0.0015544936	0.0024418694	0.0011604876	0.0022884782	0.000876691	0.004034401	0.00823171	0.0037902908	0.0013836102	0.0015303938	0.0026170646	0.0009845546	0.0026170646	0.09781126	0.007508527	0.0036156597	0.0014069002	0.0003470391	0.0012049633	0.003035745	0.0002874147	0.0005444924	0.0011406151	0.0006194604	0.0010777628	0.0032473616	0.0012731459	0.0003590945	0.0032473616	0.00050193607	0.0021208841	0.005785889	0.00040353177	0.0010882061	0.00048632588	0.005415749	0.00090770796	0.0020040704	0.004655943	0.00027313278	0.001485213	0.00066039775	0.0025776238	0.0019909192	0.002542256	0.0004162577	0.0011283999	0.0004303675	0.00059716945	0.00086619763	0.00044445685	0.00066956005	0.0014093542	0.00042277013	0.0015660446	0.001144571	0.00028278583	0.0017914079	-22.938756942749023
s07e07a	500.0	5.0	0.04586282	0.04586282	0.0010818193	0.0020566941	0.012870876	0.0155368345	0.008638933	0.011467305	0.21551563	0.0017614227	0.00040822738	2.0039957e-05	0.0011391633	0.0020969352	0.0008327414	7.825933e-05	0.0035144477	0.0009600258	0.076533295	0.024535684	0.038958482	0.0021740692	0.001345811	0.004569058	0.000987741	0.004569058	0.84732115	0.42092228	0.23651882	0.0010160911	0.000267813	0.00044423953	0.10871063	0.00036882004	0.0035926874	0.00058700226	0.00021749796	0.0001288543	0.001994073	0.00069922884	3.133556e-05	0.001994073	8.9194575e-05	0.00093645277	0.0012843173	0.00015269784	0.001536997	0.00013614066	0.000620703	0.00084160117	0.00019032911	0.001813856	0.0006591097	0.0008350138	0.0002679029	0.0002537922	0.00025163745	0.00019509903	0.00039043874	0.00022194501	0.0001824301	0.00010564554	0.00017865162	0.00016726664	0.00022577275	0.0019191836	0.00022057879	0.0012482462	0.0024889316	3.036495e-05	0.004561883	-21.064476013183597
s07e07a	505.0	5.0	0.008358252	0.008358252	0.00018321347	0.00022854809	0.00021061218	0.0017098628	0.0002906027	0.0002144855	0.014650268	0.0011681775	7.4716154e-05	0.00031171556	0.00037514145	0.00015819287	0.00025337032	0.00010467136	0.00015792069	0.00044537865	8.219845e-05	0.0005179067	0.0019004398	0.0019004398	0.0005414524	0.00448384	0.0023521003	0.00448384	0.8967171	0.3618547	0.34197682	0.00039584868	0.00019908915	0.0018603809	0.12477599	0.00043220958	0.011628493	0.00037165833	0.00037165833	0.00024967824	0.0004141161	0.0004538117	0.00018887327	0.0004538117	0.0001435447	0.0005349294	0.001169927	0.00013316175	0.0005707263	0.0002781768	0.00044389075	0.0007092796	0.00016622222	0.00051588024	0.0002703353	0.00017044123	0.0005930578	0.0005160472	0.000111546455	5.242196e-05	0.00023644783	0.00040132072	0.00045708343	0.00072884804	0.00041986577	0.00076320034	0.0006954451	0.00027242798	0.0005840924	0.0006563215	0.00069451856	0.00026421997	0.011168816	-21.57870101928711
s07e07a	510.0	5.0	0.8081932	0.8081932	0.032864228	0.006021795	0.00016424683	0.0011203742	0.013304087	0.00060595875	0.001286888	0.011053572	0.0019565625	0.0002498828	0.0041569388	0.031741977	0.00092102546	0.00068464683	0.0014732294	0.0008238056	0.0026441414	0.08433428	0.04238993	0.008871526	0.0030658192	0.002869597	0.0024418694	0.004065903	0.5613194	0.032879446	0.013945438	0.0013462013	0.00048663217	0.0018689977	0.019212764	0.00070618244	0.003644697	0.0033369893	0.0033369893	0.0020864427	0.0032419055	0.0064561325	0.00084548705	0.0064561325	0.0024374456	0.035103023	0.046943057	0.004590411	0.0012875698	0.0007596373	0.0067828284	0.004990891	0.0043450054	0.01166051	0.00034474191	0.005608329	0.0012781321	0.005822838	0.00012713634	0.0012217829	0.0009914614	0.0012067632	0.00040448265	0.00056320144	0.006447211	0.0009307177	0.0027494635	0.009552323	0.0037923257	0.012559613	0.0014618378	0.0002602688	0.020171234	-28.26422882080078
s07e07a	515.0	5.0	0.8477119	0.8477119	0.12620455	0.018239183	0.00027361966	0.0052768546	0.39665282	0.002732662	0.002936744	0.0010036764	0.0012213303	0.00027989378	0.0009682287	0.0012591748	0.0033728562	0.00058480265	0.0026541927	0.0015776602	0.0073611904	0.07053996	0.005133178	0.0012331695	0.001332473	0.0024963596	0.00037219032	0.0024963596	0.030150946	0.0025770036	0.0011066899	0.00060983247	0.00036961798	0.00056217593	0.0035690896	0.00021152766	0.00045154063	0.0006391394	0.00055713934	0.0006391394	0.0032359571	0.0016000081	0.00023757954	0.0032359571	0.000409179	0.003913916	0.004668673	0.0008213897	0.0004190139	0.00062815205	0.0024532592	0.000409579	0.002245001	0.005252908	0.0010330752	0.0025383339	0.0010467073	0.0032650107	0.00061668793	0.00017997909	0.00025897127	0.0012900162	0.00056394644	0.00021533854	0.0028861454	0.0009184298	0.00049036235	0.0033960813	0.0010634561	0.0024888087	0.00452272	0.00013830801	0.00452272	-23.11253547668457
s07e07a	520.0	5.0	0.85128134	0.85128134	0.019142954	0.11761379	0.00048732475	0.0005314646	0.0010572738	0.00032119823	0.0009877834	0.009412546	7.4370684e-05	0.00020835856	0.0010059448	0.013239244	0.0009741116	9.7832235e-05	0.00056971645	0.00034515135	0.00020858753	0.0027766782	0.021021616	0.003088062	0.0010355382	0.0063969465	0.0018077795	0.0067734844	0.05796017	0.0073515866	0.002673456	0.00055763184	0.00041009276	0.0006849999	0.0033372384	0.0007811904	0.00022854896	0.0070040836	0.004311205	0.005614007	0.002409345	0.002794321	0.00212087	0.002794321	0.0016455137	0.018254884	0.012858639	0.000440292	0.0002255034	0.0005353706	0.0033419793	0.0036076372	0.0024083515	0.0037193224	0.0004501087	0.0032042512	0.0005321197	0.002605898	0.00078869914	0.006278542	0.00016688924	0.00053337216	0.0006685513	0.00022700484	0.006981	0.0015477984	0.0012923637	0.00050453405	0.0011589339	0.0060563963	0.0012578178	0.00022115033	0.009921053	-23.795021057128903
s07e07a	525.0	5.0	0.90498215	0.90498215	0.038842298	0.16206314	0.0008297896	0.0020375543	0.030804329	0.0021892274	0.0020991287	0.013848728	0.000390393	0.0010056908	0.0010221184	0.0062089935	0.0004863189	0.0007119515	0.00062928523	0.00075537607	0.00032924998	0.014928618	0.042971607	0.016007826	0.0078043602	0.017106215	0.0030965072	0.017106215	0.19095442	0.0045479117	0.0011643043	0.000552461	0.00055499043	0.00052928546	0.0013699867	0.0004927776	0.0007785551	0.0018151997	0.000802965	0.0017529089	0.0013012282	0.00077565596	0.00053927914	0.0013012282	0.00083076826	0.003772828	0.0126660885	0.00044259656	0.0003700633	0.0016082168	0.0011897072	0.002126207	0.0018789101	0.0023941114	0.0006906981	0.0013519941	0.00069225696	0.012823019	0.0002885726	0.0023899386	0.0004403761	0.0007782462	0.004855694	0.00026674962	0.002747557	0.00041483837	0.00072460546	0.0014815953	0.000806429	0.002077754	0.0019341368	0.00019757761	0.0052062133	-22.57581329345703
s07e07a	530.0	5.0	0.8838975	0.8838975	0.013016237	0.078254685	0.00032993592	0.0033801445	0.07703096	0.0031075338	0.002303152	0.0103200935	0.0037448672	0.00084470754	0.002834087	0.004032968	0.0024784352	0.00082660216	0.0006201861	0.0013490919	0.0016501381	0.023648426	0.023051681	0.0049998118	0.0014221639	0.004928061	0.0026183147	0.004928061	0.12712377	0.00676851	0.002818584	0.0013965106	0.0008324264	0.0012144812	0.0018282484	0.00081988133	0.00059573515	0.004374367	0.004374367	0.0025507766	0.016145539	0.008429941	0.00084676297	0.016145539	0.0011170864	0.022305936	0.016829696	0.000991565	0.0008624327	0.0010542696	0.0058568697	0.0013610797	0.0016300668	0.002892322	0.0021408766	0.00072912103	0.00028663047	0.0047787023	0.00086206134	0.008878737	0.0005389793	0.00086656166	0.0015824971	0.0005938072	0.0012699412	0.00056074606	0.0007104438	0.0013372157	0.0020175944	0.018699264	0.0017555443	0.00047754857	0.0031883328	-23.68950843811035
s07e07a	535.0	5.0	0.8140235	0.8140235	0.009659089	0.22011447	0.00035275155	0.00200784	0.022733664	0.00064079225	0.001926931	0.013736783	0.00041198925	0.00021503489	0.0023002175	0.0076661976	0.001373654	0.0006271713	0.001079027	0.0009973239	0.007836249	0.0057330807	0.011893394	0.005401615	0.0015146335	0.0058019105	0.0017209402	0.0058019105	0.09312101	0.0084682265	0.0017461692	0.001362206	0.00057396037	0.0012893921	0.003947236	0.0005743664	0.00065815216	0.0019487882	0.0008454065	0.0019487882	0.0041817436	0.0012542217	0.00047615898	0.0041817436	0.0006184932	0.0064406223	0.010599193	0.0006116323	0.00092719233	0.0006937611	0.018992899	0.0014397084	0.0027991747	0.008517873	0.0006919275	0.002585396	0.00065913604	0.0042989	0.0018591336	0.0050503355	0.00031036453	0.00076020794	0.0009127794	0.0006731318	0.0037690091	0.000634305	0.00086292386	0.00076254824	0.0007723844	0.012072135	0.0026033982	0.00032193091	0.009435781	-23.706844329833984
s07e07a	540.0	5.0	0.74991196	0.74991196	0.040748127	0.042373847	0.0005395822	0.0024221935	0.14367275	0.0015752639	0.002106135	0.0018103136	0.0023263698	0.0008314909	0.0070677428	0.0034967826	0.0024000576	0.0004132637	0.0020090023	0.0009931594	0.0076996097	0.017483875	0.009662679	0.009662679	0.0019362045	0.0057123303	0.0024224045	0.0057123303	0.07418344	0.009795201	0.0034025996	0.0015625191	0.00038825188	0.0012095505	0.004184417	0.000467949	0.00046109615	0.0025145449	0.0025145449	0.0021015161	0.0050411383	0.005768691	0.00077994075	0.005768691	0.0013177525	0.011992466	0.012483497	0.0022115537	0.002148297	0.001602102	0.035148654	0.00073942385	0.0036535282	0.00700842	0.0005125722	0.0013227654	0.0007923217	0.007085229	0.0011975534	0.0153901	0.000592473	0.0017222753	0.0021831382	0.0010168382	0.0025153882	0.0026613038	0.0006660818	0.002873237	0.0022353076	0.004801659	0.002477424	0.0003318856	0.017130107	-21.59304618835449
s07e07a	545.0	5.0	0.8701762	0.8701762	0.022563107	0.089566894	0.0020697028	0.0016450265	0.0069749267	0.007896186	0.0018902475	0.020853661	0.0004224956	0.0001837602	0.0037722152	0.010694257	0.004021607	0.00015989714	0.0019594643	0.00037923543	0.00019866608	0.002388311	0.010567108	0.006217709	0.0008707386	0.0037837678	0.003053044	0.0037837678	0.0783465	0.009320183	0.0036131556	0.0008942547	0.00044179373	0.00091458834	0.0020019037	0.0006376955	0.00041978972	0.0036717833	0.0034826712	0.0036717833	0.004402443	0.0032077346	0.0012413007	0.004402443	0.0013340927	0.016450582	0.008270068	0.00028308146	0.00030338328	0.00065799814	0.00087630766	0.0020878331	0.0012094249	0.0032861065	0.0019050392	0.0033967786	0.0015835192	0.0072520245	0.0006680106	0.026012585	0.0005011473	0.0015993837	0.002624135	0.00021684259	0.010830365	0.0007251069	0.0010398107	0.0017953337	0.0016731482	0.014005891	0.0039029317	0.0005878752	0.010830365	-22.65498352050781
s07e07a	550.0	5.0	0.7479443	0.7479443	0.010719354	0.2736949	0.00038189217	0.00093160494	0.001451437	0.001775831	0.0022177177	0.015796099	0.00025458785	0.0002903468	0.0014296459	0.0059751617	0.0032413416	0.0001570168	0.0014310571	0.0008166206	0.0001866298	0.0021088347	0.00858411	0.006068102	0.0017306258	0.0025965231	0.0019183116	0.0031545477	0.069550335	0.0057074283	0.0014993392	0.000884316	0.0013331198	0.00086463784	0.002030734	0.00089935	0.0007341813	0.0040989635	0.0022072692	0.0040989635	0.0021438573	0.0019323097	0.0015391661	0.0021438573	0.0009441642	0.008669488	0.008303244	0.0002643021	0.00022211437	0.0011099111	0.0012310506	0.0010674695	0.0016437122	0.0011811036	0.0006944954	0.002558005	0.0022990776	0.006572003	0.0018563292	0.03458523	0.00023039796	0.00074055995	0.0045009176	0.00020928078	0.0034936967	0.00073312555	0.00042452084	0.00075071875	0.001040046	0.006072029	0.0012510748	0.0002651658	0.023867147	-23.5715274810791
s07e07a	555.0	5.0	0.7825473	0.7825473	0.03380461	0.024462124	0.0013022734	0.0041113095	0.080056556	0.0044074324	0.007116505	0.0025408077	0.01004075	0.0005391707	0.0054943324	0.03562442	0.0008269098	0.0004704469	0.0020463548	0.0013105609	0.01225073	0.037391383	0.050147433	0.011709293	0.0019212627	0.0029469274	0.0025741016	0.0029469274	0.056728173	0.01152539	0.0034331274	0.0016780434	0.0005692762	0.0009403515	0.0023695077	0.00041645975	0.00046240847	0.0024652963	0.002111002	0.0014740286	0.004029587	0.0021769023	0.00044227095	0.004029587	0.0020754396	0.00533703	0.009820444	0.0021506841	0.0013503155	0.0010884886	0.0067009614	0.0023006815	0.0011176985	0.025180796	0.00015029975	0.0021508336	0.00085188734	0.0035521176	0.0003036489	0.003947943	0.0005615542	0.0016613172	0.00029520245	0.0004924226	0.0020050767	0.0006439166	0.0008583602	0.0048269974	0.0009519632	0.011233873	0.007590516	0.00015567998	0.11982537	-21.714244842529297
s07e07a	560.0	5.0	0.865143	0.865143	0.052586757	0.035365023	0.008191597	0.0007217818	0.008705086	0.005916398	0.0011995957	0.06910687	0.00027297685	0.0006812857	0.0052407677	0.027008398	0.003052041	0.00090220466	0.00395364	0.00036406386	0.0006721314	0.0037411526	0.02107903	0.02107903	0.00860211	0.0036283059	0.0025906416	0.008073279	0.030788139	0.005027369	0.002397878	0.0013482177	0.00063072686	0.001237437	0.0008309658	0.0007024184	0.00031560627	0.028965887	0.008392314	0.018729793	0.007710671	0.0044486416	0.0037587085	0.007710671	0.003705788	0.0073664114	0.0020513418	0.00015781111	0.00022809223	0.00029997475	0.0009677178	0.0025263845	0.0005037834	0.0047798813	0.00067961327	0.0017460579	0.0012445315	0.0032856145	0.00022702626	0.029071316	0.0003361066	0.0006532537	0.0041160993	0.00037521138	0.0024884643	0.000832489	0.000960767	0.001565022	0.0006181576	0.0139834415	0.0020990646	0.00047352223	0.008312916	-23.685077667236328
s07e07a	565.0	5.0	0.8287491	0.8287491	0.04096155	0.010793398	0.00030334885	0.00837136	0.0783667	0.0015724204	0.0021101437	0.002037789	9.891022e-05	0.00065260316	0.00043748785	0.005457395	0.0017555669	0.00035891772	0.0014488106	0.0002602224	0.0081642065	0.087347046	0.0033799165	0.0029343448	0.0016637223	0.0021218837	0.0008336282	0.0021218837	0.016511528	0.0032229407	0.0024032441	0.00040695912	0.00015089108	0.0004263019	0.0016903703	0.0004942672	0.0002599737	0.0039143846	0.0039143846	0.0007236376	0.006256343	0.0066981376	0.00034125813	0.007839824	0.0009323312	0.020131703	0.024189444	0.0031292913	0.00064695504	0.0013641411	0.0060862103	0.0032532874	0.0030325656	0.003395318	0.00027846498	0.00046099443	0.00083929877	0.0008755324	0.00027547838	0.0012498641	0.00043848695	0.0012965852	0.00053285464	0.00043400907	0.001228308	0.001297675	0.00110201	0.0015327944	0.00068488927	0.0033563296	0.0013122864	0.00037411382	0.0041330494	-22.632213592529297
s07e07a	570.0	5.0	0.80024034	0.80024034	0.0048944037	0.0033933644	0.00015766671	0.0023586708	0.013233122	0.0003357145	0.00069128285	0.0074660024	0.00018116883	0.0001099558	0.00081347587	0.025551591	0.0009261311	0.00063842704	0.00088406366	0.0005193425	0.0028931194	0.074951805	0.020693257	0.0059593287	0.0013710642	0.0028422894	0.0025766569	0.0028422894	0.038108855	0.0039412	0.0007566895	0.00035806742	0.00011112731	0.00026394022	0.0013984643	0.00044961987	0.00020239268	0.012295238	0.012295238	0.0050563603	0.014798548	0.019694805	0.0011187578	0.019694805	0.0026751629	0.0140407225	0.011451171	0.00339673	0.0012790906	0.0010003905	0.0066644885	0.006201095	0.0018743201	0.008399916	0.00014964765	0.0010429958	0.00062230614	0.0004193136	0.00019555142	0.0005107068	0.0006410775	0.001044466	0.00014307011	0.0001809444	0.0012864793	0.0009244609	0.0039189444	0.0010436623	0.00022989347	0.026481284	0.0019396022	0.00023296097	0.1510641	-24.503116607666016
s07e07a	575.0	5.0	0.8111073	0.8111073	0.02369203	0.028779281	0.00058990816	0.00053556863	0.0020158803	0.00086105574	0.00090516877	0.023549944	0.00047582528	0.0003008268	0.023521211	0.005579642	0.003531524	0.00017213721	0.0021802576	0.0007229914	0.00033474003	0.0033245287	0.0290114	0.011139301	0.0046097166	0.017007329	0.0070910244	0.05157281	0.091958314	0.007536516	0.002488695	0.0007126592	0.00036850042	0.000995048	0.0027909332	0.00043615035	0.0003340368	0.009747333	0.0005378856	0.0072822627	0.0040609147	0.0004461833	0.0015864228	0.0040609147	0.0034449415	0.0023056571	0.0014006302	0.00017183366	0.00012083132	0.00037925728	0.00074427645	0.002841742	0.0002937896	0.0017122835	0.00035918577	0.0020899225	0.0014972007	0.004553152	0.00023186431	0.0011203154	0.00026393446	0.0006604566	0.0010691396	0.00011882286	0.0027306813	0.00032147698	0.0003121042	0.0024986404	0.0008315567	0.012072743	0.0009726277	0.0011112177	0.0035859207	-28.31305503845215
s07e07a	580.0	5.0	0.6044207	0.6044207	0.0037272077	0.0017147819	0.00082234363	0.0022117295	0.016312178	0.0036818096	0.0013552861	0.0039039315	0.0054370984	0.00049764663	0.0016021553	0.0022579269	0.0019871008	0.001895653	0.00069787307	0.007480418	0.0004655806	0.004511463	0.27788952	0.0021313974	0.002390416	0.0009034903	0.00047620054	0.0013782667	0.033289373	0.001385951	0.0008242681	0.0009579431	0.00054143486	0.0007154509	0.00076056446	0.00016259665	0.00019173107	0.027560133	0.024907194	0.026927693	0.009826854	0.0113957375	0.018474828	0.0113957375	0.0021189556	0.048493933	0.043527644	0.002003219	0.0011946753	0.000716586	0.011287787	0.0055792583	0.011152918	0.029396795	0.0007336941	0.009400264	0.0013340877	0.0008998343	0.00012703576	0.00063770945	0.0006780118	0.00080178486	0.0007645845	0.00048893905	0.0051177456	0.0005395652	0.0016492804	0.0035201153	0.0007319566	0.0057405853	0.0015549199	0.00032343957	0.0051177456	-25.593734741210938
s07e07a	585.0	5.0	0.76515937	0.76515937	0.0041257744	0.06789478	0.0003204806	0.00074795313	0.0022535513	0.0007026152	0.0015301039	0.03323289	0.0006047039	0.000117132266	0.0027843532	0.017346933	0.0013749937	0.00022427604	0.0013920784	0.0005439283	0.0001657395	0.003607572	0.027775753	0.00476042	0.0016005795	0.002037848	0.0018185828	0.0040875245	0.10532695	0.0032647995	0.0009044097	0.00041748147	0.0006600092	0.0003870239	0.0011338806	0.00068522326	0.00047653363	0.004885855	0.004885855	0.002486479	0.0015604672	0.002483049	0.000775588	0.002483049	0.001601809	0.017815016	0.016765207	0.00050463405	0.00043343724	0.0007013334	0.004399862	0.002777951	0.0019766872	0.04321685	0.0009938092	0.025658514	0.0033203661	0.0021949532	0.0008699399	0.0017315964	0.00039989245	0.00079311215	0.00064328883	0.0004190856	0.010049342	0.003328745	0.0005426084	0.008591632	0.0011329321	0.023579812	0.0062323543	0.00033675643	0.08742118	-23.706209182739254
s07e07a	590.0	5.0	0.85748255	0.85748255	0.015499827	0.08239536	0.024704035	0.008272173	0.043112785	0.10124845	0.0021341373	0.08552649	0.008386871	0.0022472173	0.049272936	0.0020039177	0.012716649	0.002734578	0.001317572	0.00044548203	0.00025153812	0.0021138296	0.010048137	0.010048137	0.0008018433	0.0018537819	0.00085197383	0.010252695	0.040292967	0.00517552	0.0018542574	0.0010907998	0.0008160593	0.00095304305	0.001974008	0.0006269618	0.00062302337	0.002883046	0.0013096144	0.0023383154	0.0017534973	0.0012117126	0.0008770908	0.0017534973	0.0010752948	0.0014052693	0.0034600808	0.00016077959	0.0002860926	0.00030147683	0.0010443481	0.0026255809	0.0004962989	0.0043148436	0.00046918468	0.0014367308	0.00048341227	0.0024703026	0.0016460049	0.0044544023	0.00048017272	0.000795432	0.00093919504	0.0004760505	0.0023709778	0.00031509006	0.00082129275	0.0021148298	0.0012110152	0.002214896	0.0010891296	0.0012883462	0.004368334	-25.39211654663086
s07e07a	595.0	5.0	0.90537244	0.90537244	0.015057211	0.12638685	0.0040945066	0.0008963917	0.0065035275	0.04590688	0.00153606	0.037457887	0.034102373	0.00042471086	0.081939675	0.0037713535	0.33016205	0.0025214974	0.0049211257	0.000332293	0.00018281056	0.002964948	0.011904315	0.009546572	0.0040010475	0.0046503046	0.0038952446	0.009250901	0.049871713	0.004095506	0.0010540717	0.000498698	0.00042440067	0.00044787588	0.0013397468	0.00033842324	0.00020908096	0.004138482	0.0018190303	0.0019044162	0.0024637042	0.0014276807	0.0005847538	0.0024637042	0.0036298267	0.003256253	0.007193373	0.00030083337	0.00082366983	0.00067324116	0.0036458136	0.0039950074	0.0011646777	0.0011023812	0.00029023443	0.004528133	0.000426269	0.0075454162	0.00041966952	0.0043914462	0.00015213556	0.00041734657	0.00086606183	0.00045294903	0.0033653663	0.0017080422	0.0012531482	0.0019769722	0.00305537	0.024016483	0.0029103262	0.00031417876	0.017063623	-25.19740295410156
s07e07a	600.0	5.0	0.8305574	0.8305574	0.052646555	0.055516023	0.00012265106	0.0053513083	0.3058476	0.0012301204	0.001610654	0.0020810072	0.0003347643	0.00037067183	0.0013516202	0.001523415	0.0021249016	0.0015512769	0.0018496967	0.00035455785	0.00515643	0.029275404	0.0025633494	0.0024777562	0.001745054	0.0012392446	0.000403451	0.0013108723	0.048965562	0.008708864	0.003713281	0.0009934433	0.000570316	0.0009078122	0.005771227	0.0014497767	0.00043355481	0.0011784638	0.0011784638	0.0006957842	0.0021940907	0.0019499701	0.00032726215	0.0021940907	0.0010107427	0.00441992	0.0075851227	0.0019411478	0.00088464003	0.0010054887	0.005121022	0.0011883538	0.0022523648	0.0023800342	0.00023466193	0.00057166646	0.0007652383	0.002198308	0.00023378649	0.0010195877	0.00045738462	0.0012414864	0.0002113567	0.00022507379	0.0012231533	0.00042179637	0.0007734011	0.0026673959	0.0026340857	0.0037987048	0.0031183064	9.891022e-05	0.0031634262	-23.711259841918945
s07e07a	605.0	5.0	0.88454247	0.88454247	0.048312355	0.029181154	0.00054239406	0.0017195843	0.01768297	0.0012863734	0.00042709959	0.0010217718	0.0018505423	0.00024333817	0.0043043387	0.0046643876	0.0004240618	0.0005567385	0.00081094203	0.0023951237	0.0016137172	0.0077754026	0.092819594	0.004877359	0.0016365945	0.0010218916	0.0005964331	0.0068269866	0.009480177	0.0013790139	0.0008908046	0.00041915532	0.00017094254	0.0002481979	0.0011782107	0.0002971049	0.00013285823	0.0023730993	0.0015690149	0.0023730993	0.0027112595	0.0010593231	0.00048722926	0.0027112595	0.0012584949	0.0024178168	0.002821762	0.0010069179	0.00045775095	0.00023850964	0.0024398016	0.0008380082	0.0009547062	0.004041796	0.00010194528	0.000605675	0.00050904707	0.0035997613	0.00026306522	0.00077663554	0.00027965102	0.0003632488	0.00019401604	0.00079907867	0.0019501612	0.0009900937	0.0008151567	0.0008006037	0.002946489	0.006187291	0.0025212334	0.0001631231	0.016834162	-22.94855499267578
s07e07a	610.0	5.0	0.84097457	0.84097457	0.091335	0.022996394	0.0006515898	0.005782453	0.17553712	0.0014994299	0.0018014781	0.014421315	0.0008871846	0.00050019234	0.00097019837	0.0056764847	0.0021366775	0.002068223	0.0043114647	0.00073303824	0.0128155425	0.18727028	0.005150746	0.0026361172	0.0020218522	0.0028062568	0.0017940763	0.004148914	0.02840784	0.0061120656	0.0033452192	0.00082555634	0.0004390378	0.0009194823	0.004143352	0.00042234358	0.00032418975	0.0025158944	0.00084521	0.0025158944	0.004482291	0.0011856694	0.00052508235	0.004482291	0.0012292595	0.0020965242	0.0022292773	0.00037127	0.00022723568	0.0004820677	0.0013701421	0.0013496842	0.0012359293	0.005184578	0.00023777127	0.0015556078	0.0007787094	0.0045514405	0.0004844213	0.0024287216	0.0007266281	0.000740884	0.00048817	0.00033565974	0.001350502	0.0013678629	0.0012026861	0.002738318	0.0020292606	0.0029028554	0.0051683583	0.00023400392	0.011011774	-22.51703643798828
s07e07a	615.0	5.0	0.86631626	0.86631626	0.02489697	0.16599761	0.00019378401	0.0056398814	0.17204951	0.000731372	0.0025381034	0.010716356	7.1522816e-05	0.00034538144	0.0009224666	0.0012879929	0.0034373915	0.00053045515	0.0041048094	0.00029332808	0.0072360444	0.04014527	0.0014169532	0.0009880431	0.00049706845	0.00080778485	0.0003949256	0.00087041466	0.0280924	0.0048364853	0.002065411	0.00089271297	0.000174544	0.0006928338	0.002360139	0.00041099425	0.00022377816	0.0007390301	0.0005202504	0.0007390301	0.001123535	0.00077532965	0.00017762298	0.001123535	0.00043746718	0.0016400995	0.0021245426	0.00032739353	0.00047504736	0.00041699523	0.0026872912	0.00043185704	0.0014437023	0.0046050083	0.00031048496	0.0011904077	0.00045592457	0.0019856412	0.0005000936	0.0012352773	0.00035980163	0.00064176467	0.00034077727	0.00022333159	0.0010979882	0.00021874976	0.00017433592	0.0017880702	0.000631594	0.0020892534	0.0055905026	6.780761e-05	0.0055905026	-23.33125686645508
s07e07a	620.0	5.0	0.8636233	0.8636233	0.0027760419	0.034227397	0.00094653125	0.00020680249	0.0033987404	0.003146458	0.0013978212	0.022380233	0.00021353908	0.0006594408	0.0039481847	0.0015074083	0.0056627668	0.0007502074	0.0003524129	0.0003094967	0.00012581481	0.00023758998	0.52514243	0.52514243	0.0057209632	0.025581872	0.0031271682	0.05194163	0.026963806	0.004397849	0.0014017278	0.00064380735	0.00028777667	0.000476334	0.0010715083	0.00024345721	0.00019949312	0.0011646887	0.00062228803	0.0004685029	0.0008136721	0.0004435519	0.0001272944	0.0008136721	0.0005183855	0.0020791583	0.003029672	6.826658e-05	0.00028632482	0.000601561	0.0005875228	0.0013007004	0.0003679384	0.00053433166	0.00081338367	0.00048691724	0.00012674803	0.0006834669	0.0006040973	0.0044201803	5.6079887e-05	0.0004490823	0.00086295465	0.00014650643	0.0011002372	0.00015563544	0.00027642553	0.00041804698	0.00051576935	0.0017905334	0.0005590016	0.00012825243	0.001669308	-25.71781539916992
s07e07a	625.0	5.0	0.79989374	0.79989374	0.07033484	0.07822776	0.00022437764	0.0047921394	0.18650861	0.0031095215	0.007314253	0.009315393	0.00037678963	0.0003557142	0.0015448852	0.0050771604	0.0010284656	0.0016825381	0.0024925512	0.00072022725	0.008643017	0.049910452	0.011894583	0.0027309123	0.002175142	0.010766102	0.00245091	0.010766102	0.0399899	0.007052563	0.0052041835	0.0009385032	0.0007734771	0.0008555871	0.003622799	0.0007154001	0.0007320386	0.0020822037	0.0014503318	0.0020822037	0.005424787	0.0028325513	0.00065816846	0.005424787	0.0007355655	0.008332453	0.020284936	0.0022375796	0.0015856134	0.0023925367	0.011122092	0.0014094796	0.0039949054	0.0043233084	0.0018351016	0.0036377197	0.0010908616	0.0051534856	0.0005474065	0.0016670679	0.00024415203	0.0020870534	0.002393996	0.00073581084	0.0013772406	0.0005727993	0.0007389431	0.0020745865	0.0012167142	0.0037807599	0.0015238444	0.00051349273	0.0053544333	-21.371299743652344
s07e07a	630.0	5.0	0.9031327	0.9031327	0.03467129	0.04468598	0.0018671376	0.0036512462	0.08690472	0.009265169	0.001993441	0.011646259	0.00020694805	0.0007506991	0.005213474	0.026834654	0.0023422497	0.001177172	0.001841708	0.00016477752	0.002524824	0.10194871	0.023214404	0.023214404	0.0020913589	0.011121059	0.0040225815	0.011121059	0.25058335	0.02515611	0.008288223	0.0013173793	0.0007143663	0.0015860029	0.009467496	0.00062511343	0.00082523	0.00091692986	0.00041578937	0.00052592985	0.0014888126	0.00046380697	0.000104233506	0.0014888126	0.001451028	0.0032570937	0.0024669748	0.0004546298	0.0012009604	0.0018169994	0.00097238185	0.0026156662	0.0010773789	0.0034662555	0.0015555804	0.0022007967	0.0016580533	0.010488512	0.00044233	0.0064823767	0.0008348285	0.0015379011	0.0013922686	0.00032919034	0.004461555	0.0012024078	0.0010562711	0.0019879634	0.0029791284	0.0038970173	0.0048781647	0.00030553938	0.015579187	-23.287038803100582
s07e07a	635.0	5.0	0.8696517	0.8696517	0.026509475	0.11017686	0.0007258927	0.00096873526	0.016222982	0.0038994763	0.0012090505	0.006905715	0.00037919328	0.0005941299	0.012045328	0.010011307	0.0012320786	0.00091529806	0.0013623668	0.00039292665	0.00035156021	0.003059563	0.010275045	0.0026317164	0.002895105	0.003069634	0.0011932799	0.0037677758	0.030596402	0.006078113	0.0033681057	0.0008623678	0.0008625445	0.00084143836	0.0039742985	0.0010631897	0.00030156825	0.0065773283	0.0065773283	0.0033284524	0.003053803	0.0049957572	0.0011338558	0.0049957572	0.0034439855	0.014859279	0.0066256444	0.0005480836	0.00091163476	0.0017502134	0.006784827	0.0039553433	0.0023669794	0.013829692	0.0026425475	0.00384403	0.0046978034	0.008853768	0.0021429302	0.04378896	0.0009527816	0.001954651	0.005644504	0.0014098542	0.0069479686	0.00458874	0.0015528544	0.0019221954	0.0032522888	0.016958548	0.0032611024	0.00038924208	0.021602117	-24.05040740966797
s07e07a	640.0	5.0	0.68549645	0.68549645	0.05604858	0.0041715316	0.00034825646	0.010334685	0.042150013	0.0016684589	0.011558836	0.0047746333	0.002015702	0.00033383368	0.010572882	0.011741092	0.0006173007	0.00031326592	0.0058790287	0.0017859193	0.032713283	0.08840274	0.004241295	0.0013782108	0.0023258033	0.0031695869	0.0011210184	0.0031695869	0.49659517	0.11542453	0.013292731	0.0023997792	0.0009802193	0.0029127044	0.24998009	0.00048578889	0.0023779224	0.002553142	0.002553142	0.0019492185	0.002962727	0.00442594	0.0008206551	0.004524206	0.0018868678	0.007412106	0.0128500825	0.0011730498	0.00040040608	0.0012504101	0.0033562595	0.0020170452	0.001412731	0.021931544	0.00026857475	0.0015330468	0.0008046642	0.004259155	0.003428351	0.0020487986	0.000541805	0.0011633249	0.00017489202	0.0004147678	0.00090941903	0.0018877301	0.0021342554	0.006023999	0.0019619165	0.0061389157	0.007276281	0.00086578383	0.11503804	-22.54411506652832
s07e07a	645.0	5.0	0.01639635	0.01639635	0.0002875526	0.00035891772	0.000165643	0.0022704299	0.0002687948	0.00016167741	0.014810656	0.00043897922	6.8224275e-05	0.00019078351	0.0021976535	0.0004776742	0.00039881602	8.2734136e-05	0.00020034635	0.0014938413	0.00030583667	0.0004538885	0.0034931973	0.0013895703	0.0034931973	0.00202903	0.0008801386	0.00202903	0.79108274	0.18183587	0.092606746	0.0013524843	0.00025631	0.002655496	0.156118	0.000605438	0.019357428	0.0010525425	0.0010525425	0.00056277536	0.0013988307	0.0010228358	0.00035215932	0.0013988307	0.00035114723	0.0031505227	0.0037645104	0.00017616904	0.00054467825	0.0005315778	0.0022043977	0.0032253175	0.0012634257	0.0007346982	0.0003545744	0.00043986307	0.0011253855	0.0004742323	0.000932948	0.0003605768	0.00074490684	0.0008974261	0.00062660046	0.0006274753	0.0023722618	0.006969793	0.0012497266	0.0013716565	0.0011211055	0.0060544997	0.0012309245	0.00030962538	0.01694256	-20.615196228027344
s07e07a	650.0	5.0	0.81187767	0.81187767	0.02441273	0.010118293	0.000107668704	0.0013155944	0.0016208623	0.0001404536	0.0021960917	0.0010365256	0.0002495621	0.00012980908	0.001294111	0.014230103	0.0009716618	0.00010127363	0.00053406734	0.00039797535	0.0006312158	0.0014158902	0.007206543	0.004826583	0.0015731145	0.0060191127	0.0024800627	0.0060191127	0.8159329	0.04350744	0.036178183	0.0014101316	0.0003461023	0.0029772625	0.018645048	0.0021214231	0.008718676	0.002066067	0.001195586	0.002066067	0.00045980423	0.0015532995	0.0013067599	0.0015532995	0.0005422747	0.007143533	0.009611145	0.00023929091	0.00072217954	0.00049556285	0.0016736344	0.0032981369	0.0015737369	0.0048043123	0.001111242	0.0030020527	0.001048762	0.01761947	0.00034405262	0.006715571	0.0005840729	0.00045402328	0.0005939657	0.0002722527	0.0015767578	0.0064437054	0.0045375573	0.0062825326	0.0014379614	0.017304368	0.0066646747	0.00012653285	0.009070055	-24.31422233581543
s07e07a	655.0	5.0	0.8659931	0.8659931	0.08228208	0.009024073	0.0002719111	0.00021288612	0.0009818957	0.00053081074	0.0010395626	0.0018332448	0.0005581673	0.00039651812	0.020712368	0.0073232395	0.004283308	0.00012090035	0.002679023	0.0015179075	0.00051398884	0.0008028315	0.011751804	0.0071475827	0.0020018143	0.0024288984	0.0032109425	0.0055419775	0.026658233	0.008705366	0.006459054	0.0012628356	0.00066346274	0.0011173504	0.0031195148	0.0013330309	0.00020822707	0.0043030432	0.0020110244	0.0043030432	0.0010381835	0.00062107283	0.0016494485	0.0010381835	0.0025015431	0.0052758506	0.0019761352	0.00012718848	0.000214248	0.00030053125	0.000470574	0.0023088525	0.0008695298	0.0038744782	0.00041576775	0.0026017718	0.001991647	0.0023745392	0.00028352658	0.025338948	0.0004855276	0.00057238236	0.0019070058	0.00073424255	0.0072437455	0.020774791	0.0012491697	0.0005296993	0.00088609697	0.02445558	0.0008708245	0.00027098868	0.044510175	-25.799644470214844
s07e07a	660.0	5.0	0.8589982	0.8589982	0.038927343	0.006976763	0.0012954441	0.0019471537	0.36600515	0.0011929424	0.0023923682	0.0017671568	0.0006306307	0.00026108202	0.0023575716	0.0017340742	0.006856491	0.00093542325	0.0031901211	0.0016663856	0.0018414275	0.020716649	0.004464201	0.0025150282	0.0017893278	0.015298501	0.0009409645	0.015298501	0.038424037	0.0057479762	0.0036587962	0.00052506034	0.00039784465	0.00047011182	0.0014226828	0.00015575184	0.0002658602	0.0014696632	0.00093968154	0.0014696632	0.0031437788	0.0013726216	0.0006015125	0.0031437788	0.0011650138	0.00565434	0.011637582	0.00084177725	0.00064463535	0.00056378765	0.004928587	0.0013367522	0.00487632	0.016843729	0.00014156313	0.0013753348	0.00077556324	0.005298451	0.0003042006	0.0011948444	0.0008290115	0.0015854179	0.0005469908	0.0003479896	0.0033351362	0.0020069813	0.00057043805	0.0049168733	0.0009245503	0.0047229533	0.0018323455	0.00017193396	0.0049168733	-24.493732452392575
s07e07a	665.0	5.0	0.73830175	0.73830175	0.10837158	0.010500609	0.00016886565	0.007238333	0.25981915	0.00074879325	0.002806318	0.0018306142	0.00029021702	0.0006262882	0.0006219032	0.010830431	0.0006293215	0.0011237614	0.0035228678	0.000384891	0.040993325	0.100364015	0.0069509572	0.0069509572	0.0024390323	0.005922428	0.002204044	0.005922428	0.06171792	0.010461728	0.0044909697	0.0012377376	0.00063840725	0.0015183303	0.0054082717	0.0018087692	0.00085400336	0.0011167512	0.0011167512	0.00057691627	0.0021471279	0.0015552064	0.00029312263	0.0021471279	0.00096792757	0.00609799	0.003417305	0.0012767658	0.0011075309	0.0012856066	0.009570507	0.0014583006	0.0015201502	0.014094683	0.00051156525	0.0011194289	0.0018847559	0.001332541	0.00012383141	0.00038111422	0.00048733843	0.0012742049	0.0008163273	0.0005321933	0.0031737841	0.00090090535	0.0015322325	0.004225937	0.0006278044	0.002848816	0.0043434543	0.00025076853	0.013377176	-23.24687957763672
s07e07a	670.0	5.0	0.86741877	0.86741877	0.042017154	0.034731396	0.00014303901	0.0011559415	0.07344251	0.0005548949	0.0012778261	0.0061053927	0.00011298631	0.00015671914	0.0036416156	0.009847299	0.0016103374	0.00045040314	0.0018642747	0.00036145304	0.002820391	0.09860697	0.021084134	0.011306864	0.002787095	0.015044262	0.0012975266	0.019794326	0.0699081	0.0047584665	0.0011443513	0.0004897311	0.00015369673	0.00041104597	0.0011268422	0.00024014756	0.00031293608	0.0016901586	0.0016901586	0.0015253585	0.0030808921	0.0023296725	0.0006671542	0.0030808921	0.0015900634	0.0075554494	0.0076608555	0.0012304344	0.00030511437	0.00087004894	0.0028849149	0.0034015758	0.001832274	0.0063538183	0.00021943326	0.0017553989	0.000702792	0.0040415195	0.00015560948	0.001180459	0.00073318253	0.0006979955	0.00033924516	0.00020225321	0.0019226347	0.00063088076	0.00051272125	0.0011725327	0.0017516412	0.004296927	0.0034629086	0.00045226736	0.0056729093	-27.58791160583496
s07e07a	675.0	5.0	0.91088986	0.91088986	0.13927758	0.022399344	0.00058906927	0.0017471736	0.06124851	0.0012154464	0.001113113	0.001177043	0.00025999945	0.00045114226	0.0022953288	0.032782376	0.001178123	6.616215e-05	0.001333281	0.00043397967	0.0011215402	0.06903729	0.00554244	0.00554244	0.0020942409	0.007574481	0.0033767985	0.0130572105	0.061574172	0.012231812	0.0055830404	0.0015371852	0.0005725515	0.001921804	0.0036198327	0.00048189636	0.00034691545	0.0064199283	0.0064199283	0.005459829	0.013158984	0.009431807	0.0018659453	0.013158984	0.004821547	0.032990795	0.0076221623	0.0007750102	0.00059845427	0.0010073833	0.0013171604	0.003975014	0.001580961	0.0031376728	0.0012739907	0.001223732	0.001024689	0.012134102	0.00045002508	0.0104125785	0.00091471564	0.000730098	0.001030326	0.0002276412	0.0054193432	0.0017295897	0.0015904215	0.0017482135	0.0020957722	0.01934532	0.005260812	0.00024865766	0.0054193432	-24.47798156738281
s07e07a	680.0	5.0	0.9158379	0.9158379	0.08361973	0.012645354	0.00028159397	0.00050950557	0.013372262	0.0006563513	0.00063213956	0.0007957508	0.00035130946	0.00011746647	0.007592923	0.0045871222	0.0015686959	0.00010684731	0.0007175608	0.0017219153	0.00033125747	0.009249096	0.004944759	0.0017803328	0.004178373	0.0031429182	0.0017221278	0.0041667763	0.097294584	0.0060605058	0.0018760829	0.0005409293	0.00017838046	0.00091627054	0.0013006291	0.0002144217	0.00017203022	0.012067927	0.009005637	0.012067927	0.010331234	0.014137526	0.002970462	0.014137526	0.0027172975	0.025518697	0.018022407	0.0011792212	0.00039126968	0.000495979	0.004711437	0.0025511829	0.0038204202	0.006475078	0.00028005286	0.0014994079	0.00059914944	0.0070444806	0.0016548029	0.005313241	0.00047428635	0.0005496075	0.00021949729	0.00037078775	0.007814702	0.0023256107	0.0007820957	0.0011742791	0.001580395	0.034707442	0.0012810151	0.000106814405	0.007814702	-24.7280387878418
s07e07a	685.0	5.0	0.8866877	0.8866877	0.043718863	0.0075501166	0.0005984038	0.00041708865	0.0017272409	0.0006983042	0.0014745536	0.0005251847	0.00028135968	0.00029724828	0.010831183	0.008495005	0.0009066469	3.8775455e-05	0.0005096542	0.00046063156	0.0001559898	0.0017102723	0.013609397	0.00694637	0.0008684625	0.0077214274	0.005767149	0.015088564	0.0449885	0.008385987	0.003540215	0.00058738847	0.00043136207	0.0007989732	0.003723693	0.00046841535	0.00028674415	0.0033226537	0.0011909516	0.0011043925	0.0021633068	0.00068055105	0.00031470667	0.0021633068	0.0014438095	0.009041104	0.003698837	0.00013316759	0.0003862366	0.0005157959	0.0007727054	0.0012485363	0.0015978409	0.005990586	0.0008406181	0.0023057943	0.0012378072	0.0448649	0.0003679114	0.009589121	0.00088856695	0.0006779895	0.0022316256	0.00024662688	0.01635785	0.006160905	0.0013337483	0.00054948416	0.00094077626	0.0061402684	0.0011201479	0.00030426905	0.01635785	-24.600006103515625
s07e07a	690.0	5.0	0.82107747	0.82107747	0.05563576	0.0135932835	0.0010999024	0.006324965	0.1546462	0.00095933594	0.003661097	0.0012919848	0.00035165777	0.0004644377	0.002508714	0.0063682124	0.0027722532	0.0005856131	0.0048840865	0.0015479259	0.0413803	0.01380656	0.014273948	0.0026512584	0.0014936811	0.003752671	0.0011764937	0.003752671	0.043005116	0.013143321	0.013078328	0.0015148268	0.0006307221	0.0012523762	0.009035313	0.0003727839	0.00045378637	0.0025242453	0.0025242453	0.001222918	0.0071011037	0.003624922	0.00030652146	0.0071011037	0.0019598233	0.008199333	0.0071088634	0.0011415135	0.0011153213	0.0021255962	0.0016692518	0.0012163632	0.0032926349	0.0039245156	0.00045014263	0.0016405868	0.001151473	0.0053946003	0.0007146179	0.010949275	0.00026387282	0.001817816	0.00018739764	0.00044932548	0.004034884	0.003013737	0.0016153305	0.0012905458	0.0013370176	0.0077732583	0.005612194	0.00034389945	0.009576119	-24.18596649169922
s07e07a	695.0	5.0	0.2861362	0.2861362	0.030559165	0.006413856	0.00078701216	0.004214629	0.29848394	0.0013220707	0.0053285747	0.000627848	0.0003435683	0.00022086415	0.0024484314	0.0017918933	0.0030865418	0.0026450646	0.008510703	0.00014433416	0.0060491418	0.0077357176	0.010369914	0.0016753139	0.0023036585	0.0015248446	0.0003526969	0.0015248446	0.029049613	0.006936841	0.0041678906	0.0010806122	0.0002362617	0.0010386775	0.0015347705	0.0006621977	0.0004112992	0.0013887692	0.00080528297	0.00051717315	0.0009876776	0.00076114817	0.0005296372	0.0009876776	0.0005342412	0.003024273	0.005163639	0.00019840087	0.0010586074	0.0006204977	0.0016218371	0.0011619948	0.0054228627	0.029009838	0.0011431468	0.014699365	0.00313747	0.008225908	0.00013220488	0.0030108574	0.0009521219	0.0007015607	0.000383071	0.00019457737	0.0034881579	0.0015032006	0.0040092343	0.019672344	0.0012831496	0.003844245	0.008649046	0.009649197	0.019672344	-31.199216842651367
