episode_id	onset	duration	talking	speech	man_speaking	woman_speaking	baby	shout	laughter	cry	singing	kids	groan	whistling	breathing	walking	mouth_sounds	fart	hands	heartbeat	cheering	crowd	mammal	dog_bark	cat	rooster	duck	bird	music	musical_instrument	guitar	piano	organ	electronic_instrument	percussion	bell	ambient_music	weather	wind	rain	river	wave	thunder	river_sea	fire	boat	car	traffic	car_honk	emergency_vehicle	train	cycling	engine	door	doorbell	knock	dishes	radio_tv	dryer_vacuum	zipper	keys	alarm	telephone	whistle	mechanisms	tools	boom	bang	glass	water	beep	silence	sudden_noise	db
s07e08a	0.0	5.0	0.59027183	0.59027183	0.004904105	0.0057203365	0.00016960874	0.0016498883	0.001204439	0.0019285299	0.01756572	0.0015403574	0.0006710619	9.0957954e-05	0.006541979	0.0007931492	0.0003992746	0.00048594357	0.0003538091	0.00038705528	0.0006405135	0.00039059698	0.012472714	0.0040084636	0.012472714	0.0030672918	0.0012055718	0.0030672918	0.61367375	0.07435604	0.03166123	0.0013607816	0.00027887334	0.001415481	0.09708179	0.0018958072	0.011090753	0.000631964	0.0004608143	0.000631964	0.0008836948	0.0005847508	0.0002608832	0.0008836948	0.00035968708	0.0017844305	0.0013032722	0.00011418868	0.00036419858	0.00017038161	0.001000747	0.0015730057	0.0014086927	0.0006667169	0.0003918759	0.0010385385	0.0009589024	0.010122631	0.0021397055	0.0003711511	0.00024623988	0.0008426688	0.0011197681	0.00048541187	0.0038032078	0.007758223	0.0009446412	0.00047458167	0.00055741897	0.026829747	0.0018458201	0.012898647	0.012682122	-22.553937911987305
s07e08a	5.0	5.0	0.741832	0.741832	0.06592088	0.004559612	0.00023301918	0.00059299107	0.017146323	0.00052640133	0.0018176152	0.00088610785	0.0021006903	0.00014215628	0.0045448127	0.0050073946	0.00032204634	0.000119572585	0.0006347335	0.0003476325	0.0014369696	0.00398196	0.0037444846	0.0033743232	0.0011253619	0.0022142427	0.00084469543	0.0022142427	0.05077815	0.008567314	0.0027309202	0.00067622843	0.00055424904	0.00057096075	0.0071867625	0.00036244627	0.0001603295	0.0012831723	0.0012831723	0.00075477385	0.00019602558	0.0004932525	0.0012061415	0.0004932525	0.0022110846	0.0034465722	0.0052508605	0.0008156003	0.00077114697	0.00019305701	0.02315331	0.0014504091	0.0015205541	0.058180694	0.00035054082	0.0039802673	0.0015271599	0.0013298899	0.00019161265	0.0010612836	0.00067523634	0.0004573432	0.00097542437	0.00040709376	0.007291659	0.003313942	0.028358726	0.10039977	0.0036343443	0.0030277702	0.0010132384	0.0003592762	0.10039977	-23.13326644897461
s07e08a	10.0	5.0	0.91150206	0.91150206	0.058458358	0.011589307	0.00012292365	0.00035866836	0.0009427171	0.00024183454	0.0012208796	0.00030292978	0.00039023746	0.00019249234	0.0054833815	0.0036352042	0.0004320271	4.9275248e-05	0.000332694	0.00054263085	0.00015049966	0.0012150302	0.008291132	0.0029227533	0.001022059	0.0020849323	0.0013547377	0.002550249	0.056748293	0.011084244	0.0054761544	0.00064057333	0.0002440787	0.0008092842	0.00235927	0.00063981157	0.00023985765	0.0029351108	0.0017915615	0.0014728899	0.0012899658	0.001090499	0.00071365014	0.0012899658	0.00072526105	0.009597506	0.0040223026	0.0002491731	0.00025173437	0.00042532387	0.0015542546	0.00076842034	0.0025192474	0.002860315	0.00082120433	0.0014911139	0.00087506196	0.00961538	0.0002974853	0.011164168	0.00022310005	0.0006094914	0.0007504405	0.00020436988	0.0069085406	0.005969792	0.0011001409	0.00038317963	0.0011157559	0.0050503784	0.00083756394	0.0001703839	0.011111372	-21.91768455505371
s07e08a	15.0	5.0	0.8722043	0.8722043	0.05474858	0.06347714	0.000509042	0.0014102483	0.004580543	0.00087060174	0.0039805947	0.0010793832	0.0006760403	0.00018401953	0.016999248	0.002782462	0.0012343822	8.973434e-05	0.0009843281	0.0010678291	0.0004518903	0.0017569294	0.002128197	0.002128197	0.0020314297	0.0024319398	0.0008369743	0.0024319398	0.049929798	0.015735455	0.005910391	0.0013094379	0.00055206596	0.0013434516	0.006746255	0.00034522227	0.00040904267	0.0015408518	0.0004090649	0.0006976527	0.00056907604	0.0003017172	0.00021609792	0.00056907604	0.0009800835	0.0018098734	0.0012783185	6.93003e-05	9.395254e-05	0.00034520053	0.00061473175	0.0006819246	0.00078421185	0.0018124449	0.00027624532	0.0039588977	0.0027811497	0.008135807	0.00055054313	0.011464305	0.00033900255	0.0005214593	0.00082189316	0.00017933703	0.006055788	0.0032066049	0.00086572766	0.0006988568	0.0012592467	0.013085877	0.0013367344	0.00015752966	0.0083709685	-20.723268508911133
s07e08a	20.0	5.0	0.76208943	0.76208943	0.036084972	0.022421537	0.00021750126	0.00059926196	0.024718275	0.0024897405	0.0006450634	0.003798416	0.0003232688	0.000425663	0.006506384	0.0074537653	0.001811272	0.0007930529	0.00090506393	0.00036349616	0.0028759937	0.005942218	0.025909387	0.002875068	0.0010773066	0.005808152	0.0010892333	0.005808152	0.033415973	0.0023454062	0.0008432022	0.0006534583	0.00013071108	0.00037270732	0.0017177026	0.00020265146	0.00015790714	0.0039944383	0.0038801709	0.0039944383	0.003307637	0.008117468	0.00079682184	0.008117468	0.0026458572	0.006995626	0.038511623	0.0032787882	0.00271442	0.0007353524	0.0188981	0.0049952357	0.0017202359	0.011676738	0.00039310014	0.0013275362	0.00060914294	0.0021818287	0.00048427703	0.004833865	0.002279335	0.001981288	0.0006865453	0.00042959774	0.0025422485	0.0008173563	0.001575452	0.0015989009	0.0018371694	0.0077875555	0.0023114681	0.00045026388	0.0072037387	-21.616443634033203
s07e08a	25.0	5.0	0.9228739	0.9228739	0.033453666	0.15127303	0.00034526997	0.0030972916	0.08928826	0.0032790364	0.0028199055	0.005948277	0.0011620064	0.00015247581	0.0018693979	0.0033775931	0.0027098285	0.00038358074	0.0010612559	0.0011007551	0.0020598941	0.053178083	0.011574068	0.0063786726	0.0013861589	0.0020137844	0.00092459784	0.002768154	0.17514001	0.0058875736	0.002131214	0.0008047497	0.0004379197	0.000736372	0.0019955519	0.00046747818	0.000603397	0.00074403215	0.0002765621	0.00074385136	0.0011697286	0.0005190708	0.0002805847	0.0011697286	0.00059451454	0.003470115	0.00911893	0.000333954	0.0003365154	0.0009340366	0.0024117955	0.00073420967	0.0019233302	0.006293301	0.0019043194	0.0019365815	0.001142849	0.007889193	0.0006069472	0.011403735	0.00045899692	0.00088220905	0.0012868347	0.0002103543	0.0017861852	0.0014303474	0.00037926578	0.0021106878	0.0015408489	0.0022483252	0.0036618742	0.00027856507	0.0036618742	-22.11011505126953
s07e08a	30.0	5.0	0.7688914	0.7688914	0.0020428144	0.04720189	0.0003143705	0.0013290643	0.015963301	0.003132204	0.003211173	0.016223064	0.00073268625	0.0013944029	0.0036330014	0.0020609186	0.0012568485	0.0011936789	0.0027707084	0.00028862074	0.0012304368	0.0008333597	0.028442213	0.0061738794	0.0007432458	0.003177914	0.0008327104	0.003177914	0.081294775	0.003963693	0.0016678426	0.0014122522	0.0001403382	0.0009900932	0.0028642155	0.0033122085	0.00040336137	0.0047367895	0.0011322686	0.0047367895	0.00084109686	0.001361186	0.0018337013	0.001361186	0.0042128307	0.003469195	0.033145707	0.002426606	0.002159589	0.001456045	0.016925558	0.0033122085	0.005711429	0.023740493	0.0031963594	0.0016041062	0.005052519	0.001744868	0.0016805864	0.0024336746	0.0024633738	0.047653303	0.0039416663	0.0020724484	0.009484782	0.0013829527	0.002229256	0.002791139	0.008455364	0.0035046956	0.009104125	0.00037043568	0.009484782	-21.48984909057617
s07e08a	35.0	5.0	0.6435414	0.6435414	0.020630656	0.010641416	0.00047083854	0.0020820464	0.0054618176	0.003934587	0.0051067886	0.0014999605	0.0056435834	0.0005524721	0.003877746	0.016336603	0.0028398104	0.0002663359	0.0028102612	0.000590606	0.0008270035	0.0074828546	0.007380979	0.003907382	0.0007209569	0.0011491035	0.0015754807	0.0032307643	0.05767113	0.0034934743	0.0016130038	0.0007486113	0.0008305803	0.00048688616	0.0017414942	0.0006149793	0.0004993944	0.002095818	0.002095818	0.0016084419	0.0011186731	0.0013946407	0.0007356839	0.0013946407	0.005193495	0.0096308775	0.009512763	0.00050960225	0.0008112001	0.00078796135	0.0025540884	0.0031597023	0.001296221	0.013718209	0.0017773736	0.00875921	0.002036054	0.03448498	0.00021559515	0.00696944	0.0015477483	0.013481771	0.02601529	0.0006687743	0.032263946	0.001094826	0.0014586243	0.010824881	0.0015299692	0.005660885	0.00862289	0.00025792795	0.042292498	-22.04940795898437
s07e08a	40.0	5.0	0.829524	0.829524	0.019904245	0.062890895	0.00034605825	0.0019758907	0.040857505	0.0010200066	0.002658833	0.004730342	0.0004209679	0.00042710814	0.0018626144	0.0018033914	0.0016778557	0.00028466608	0.0022074673	0.00072104967	0.0053783273	0.008052852	0.008825963	0.0030126427	0.00086075754	0.005408852	0.0012642088	0.005408852	0.06362163	0.007991155	0.00305816	0.0021537582	0.0004337522	0.0013174585	0.0022556623	0.0003703548	0.0004769194	0.007996603	0.0029314067	0.007996603	0.060751446	0.012375727	0.0014780387	0.060751446	0.0004968286	0.0113301305	0.010531088	0.0014440102	0.0005292441	0.0017632565	0.0030601842	0.0009255418	0.0012671761	0.0032369848	0.0005740367	0.000723134	0.0003944474	0.003637998	0.0014771839	0.023231871	0.00014374562	0.0020908138	0.00068065454	0.00016457416	0.0012653243	0.00073982385	0.0004093926	0.0011883129	0.0012326597	0.0325735	0.0042729327	0.00039908546	0.0042729327	-21.75408172607422
s07e08a	45.0	5.0	0.8809112	0.8809112	0.029178875	0.02605032	0.00043378962	0.0067345514	0.17678432	0.0018519203	0.0028266124	0.0005361103	0.0003719545	0.00047703306	0.00061499927	0.007335792	0.004003047	0.0004735599	0.0015580086	0.0016502527	0.00544806	0.14722405	0.021387339	0.005310328	0.0007538853	0.0013028707	0.0005915888	0.0013312255	0.038658537	0.0054042055	0.0024294355	0.0008051194	0.00029409816	0.0009968451	0.005095354	0.0005166705	0.00036551597	0.0011882761	0.0011504715	0.0009410183	0.0019342665	0.0019930692	0.00067304325	0.0026114562	0.0011667974	0.00858206	0.01239379	0.0018429934	0.00083873473	0.00069724425	0.0040042754	0.0010372358	0.0055485647	0.01033651	0.0002952238	0.0007334446	0.0026334268	0.0028901966	0.00016656969	0.0007679273	0.0004711261	0.001979258	0.00030209284	0.00034692648	0.0009937661	0.00060584873	0.0019932494	0.0025780075	0.0022682294	0.0025775037	0.0042366576	0.00019578463	0.010657502	-22.22691535949707
s07e08a	50.0	5.0	0.40818027	0.40818027	0.0011189535	0.0038649088	0.00038283644	0.00020144988	0.00047158689	0.00014411936	0.00903911	0.0012352326	5.706159e-05	0.00010081605	0.0004096108	0.0025524949	0.00084458163	7.6249584e-05	0.0010502026	5.6685953e-05	0.00010521103	0.00034916803	0.0018943668	0.0013221307	0.00084427703	0.0010120354	0.00031716572	0.0017063055	0.008526688	0.0041833683	0.002613551	0.0007955487	0.0006850825	0.000891601	0.0017636073	0.0017066468	0.00030947663	0.0022720182	0.0022720182	0.0014371688	0.0011073685	0.0006500487	0.00061278295	0.0011073685	0.0013748843	0.0071613984	0.0021511302	0.0001304812	0.00015272187	0.00031340693	0.001045615	0.0014896706	0.00078976026	0.0075285276	0.00038625192	0.005084818	0.056001738	0.00024985804	0.00027246252	0.0015671821	0.00020355349	0.00037978063	0.0014009145	0.00017380744	0.0031513465	0.010298278	0.00013227903	0.00028322995	0.0016929205	0.046034563	0.0025733428	0.0012868991	0.0694487	-22.60938835144043
s07e08a	55.0	5.0	0.7776388	0.7776388	0.036163256	0.011846817	0.0004870426	0.009162386	0.23599158	0.0005666286	0.0046853926	0.0006727104	0.0005273935	5.6073364e-05	0.001785014	0.005007777	0.0043531694	0.0002214508	0.0034802724	0.00095735193	0.006586626	0.010413684	0.0037014787	0.0015082317	0.0006796699	0.003019354	0.00049305713	0.003019354	0.04448721	0.011600226	0.0048743444	0.0008358406	0.00022655682	0.00063469866	0.0030215657	0.00016759089	0.00025482778	0.0004992387	0.0003179186	0.00018444376	0.00073408335	0.0004328183	6.254954e-05	0.00073408335	0.0010244362	0.0017089116	0.0017550263	0.00028310198	0.00018751685	0.0003990073	0.00065500056	0.00044896972	0.0008500022	0.009445632	8.8573375e-05	0.0062735374	0.00086264394	0.001811423	0.00027886775	0.003176443	0.00019601251	0.00041821937	0.00014683873	0.00011461008	0.0024244138	0.001082986	0.0005824923	0.0013538329	0.000419279	0.0055069393	0.0045975107	4.053663e-05	0.0045975107	-21.77705764770508
s07e08a	60.0	5.0	0.79797953	0.79797953	0.20821497	0.01412392	0.00039139873	0.00906613	0.38668635	0.0027842342	0.0043063276	0.0025229116	0.00036201585	8.799946e-05	0.0016821905	0.0009939191	0.00046096672	0.0015084946	0.0054624886	0.0004123372	0.15577169	0.025891941	0.0013775547	0.0013775547	0.0012490585	0.0009823182	0.00018011573	0.0009823182	0.03215839	0.013293794	0.005808769	0.0024436112	0.00050756085	0.0012570291	0.0107150925	0.0002441895	0.0003338286	0.000835489	0.00057180435	0.000835489	0.0006589106	0.0011904247	0.00034689027	0.0013963071	0.0003864495	0.001745335	0.0076122535	0.0015433229	0.0003917909	0.0005589957	0.0075026304	0.00040762968	0.0013221992	0.028340444	0.00029066534	0.00065869774	0.0008668957	0.0039958158	0.00062249956	0.00017057489	0.00024068325	0.00049551943	0.00014806306	0.00043336372	0.0010848591	0.00030287058	0.00093373546	0.0036268032	0.0006663612	0.0022855003	0.0039526746	7.5930395e-05	0.010764827	-20.45608329772949
s07e08a	65.0	5.0	0.021949252	0.021949252	0.0015490205	0.0010172258	0.0001335985	0.0027416262	0.0006978887	0.00017416761	0.034806706	0.00048091248	0.000106892854	0.00014261667	0.0007284703	0.00075632613	0.00021712665	6.7142806e-05	0.0015731046	0.0011860253	0.19240975	0.0055300747	0.0004220934	0.0004220934	0.00025832836	0.0007834728	0.0002730164	0.0007834728	0.79846835	0.3205539	0.26837274	0.00068975124	0.0003217229	0.0008336147	0.047017206	0.0006905546	0.0061108754	0.000650138	0.00024126592	0.0003911684	0.0050652702	0.0010712255	0.0001064378	0.0050652702	0.00018221243	0.0010552492	0.0014688063	0.0001008572	0.00021588168	9.337164e-05	0.000317768	0.0011440733	0.00015855773	0.0006359133	0.000114706185	0.00036286464	0.00027151394	0.00057379133	0.00038166868	0.0003183326	0.00023077104	0.00046853282	8.787829e-05	0.00036170278	0.00024060594	0.00032690106	0.0004966957	0.0023621316	0.00046982217	0.0020930136	0.0009787211	8.1277925e-05	0.008628689	-20.740657806396484
s07e08a	70.0	5.0	0.020174813	0.020174813	0.00023408604	0.00018365178	8.844484e-05	0.0030732772	0.000197481	7.679921e-05	0.10164317	0.0004699039	5.7156132e-05	0.00028500392	0.000680281	0.00015104367	0.00018803446	5.5783228e-05	0.00013737965	0.0004294835	0.0001447642	0.00036488211	0.0017733368	0.0017733368	0.0004266542	0.0023037405	0.0011485525	0.0023037405	0.871885	0.17891327	0.108205564	0.0015378322	0.00026810836	0.0030377617	0.054629587	0.005729733	0.024235634	0.00035565606	0.00035565606	0.00019688012	0.00034744863	0.00036403004	0.00013479289	0.00036403004	0.00015775635	0.0010097635	0.0011559421	0.000108574444	0.00023990725	0.00018050979	0.000728083	0.00068304327	0.0002791492	0.0003022948	0.000434915	0.00033629106	0.00021748905	0.0008073813	0.0001204053	8.76728e-05	0.00071662903	0.0002666428	0.000999624	0.0004128493	0.00086900964	0.0004611153	0.0010085001	0.0004303845	0.0004132426	0.00058887026	0.00057696307	0.0003443077	0.035802655	-19.2275447845459
s07e08a	75.0	5.0	0.035033472	0.035033472	0.00034261914	0.00015625403	0.00027797424	0.0028513204	0.0006277224	9.204584e-05	0.11457782	0.00043011282	0.00016371396	0.00022447738	0.00047571573	0.0008350099	0.0004238538	9.448225e-05	0.00050156924	0.00012202824	0.0007624185	0.0004041275	0.004141942	0.004141942	0.0010880993	0.002385021	0.001959175	0.002385021	0.8585843	0.08009182	0.045708336	0.0012694321	0.00013465414	0.0011943249	0.032063052	0.008414083	0.028919986	0.0006889267	0.0006889267	0.00024499896	0.00054156315	0.00052983087	0.00013603595	0.00054156315	0.00024793277	0.0021167486	0.0027154116	9.864723e-05	0.00023956623	0.00020062772	0.0010951984	0.0017638877	0.00031328952	0.0011664979	0.00042356687	0.0012525205	0.00091247674	0.0012951252	0.00012390323	8.684496e-05	0.0007529936	0.00038090246	0.00063449086	0.00041441584	0.0010121381	0.0005777417	0.0009332921	0.00040045302	0.0006203215	0.0015794564	0.0022887124	0.00072557555	0.033835225	-18.952407836914062
s07e08a	80.0	5.0	0.02100262	0.02100262	0.00022540108	0.00033404186	8.972912e-05	0.008145185	0.00020241547	0.00020988549	0.16454923	0.00041603556	6.43469e-05	0.00039407305	0.00039098147	0.00015811235	0.00020964048	4.155067e-05	0.00024353384	0.0016215291	0.00015247073	0.00041421794	0.001253935	0.001253935	0.0007426706	0.0012672661	0.0003749911	0.0012672661	0.86021346	0.12456098	0.07588922	0.0011434697	0.00029617926	0.0028757025	0.07638844	0.0055715283	0.035582446	0.00050917204	0.00050917204	0.00026377873	0.00018425516	0.00033725958	0.00019977464	0.00033725958	0.00018290209	0.00061749574	0.0011801438	7.9845515e-05	0.00017154423	0.00018044595	0.0009965417	0.00059582316	0.00040577954	0.00040581168	0.00043061186	0.00038662125	0.00027010372	0.00040898088	0.00014828332	5.311133e-05	0.00069113995	0.0003174425	0.0005626686	0.0005980329	0.0011784936	0.0005011523	0.0014854451	0.00050504867	0.00021941379	0.00057611236	0.0006186792	0.00024041376	0.03362219	-18.549152374267575
s07e08a	85.0	5.0	0.032090176	0.032090176	0.0007401105	0.00045249463	0.00015676097	0.0050240476	0.00048001026	0.00020724146	0.1538992	0.0005827411	5.005195e-05	0.00027585056	0.0017520622	0.00089638226	0.00016160466	4.5141052e-05	0.00035342158	0.001433313	0.00020382986	0.0004545386	0.0021202788	0.0019489013	0.0006192506	0.0029753495	0.0009127699	0.0029753495	0.8569586	0.13281721	0.082154505	0.0011290977	0.00022833006	0.0027454933	0.09070573	0.0033753577	0.036672525	0.0006413039	0.0006413039	0.00023612073	0.00032858553	0.0005070797	0.00022459381	0.0005070797	0.00025816832	0.001061544	0.0015257356	8.631392e-05	0.0001991704	0.0002902505	0.0011907377	0.0013574996	0.0002964168	0.00050902984	0.00033671965	0.00086828537	0.00048471487	0.0011185453	0.00019755859	0.00012930798	0.00049550476	0.00045204326	0.0006653709	0.0003808725	0.0011555199	0.0005664126	0.0015937901	0.0005204059	0.00071077194	0.0005156644	0.0014354672	0.00029792578	0.030042605	-19.1395263671875
s07e08a	90.0	5.0	0.0246615	0.0246615	0.00033309739	0.00037839363	0.00013726063	0.0052763564	0.00028514388	0.00027793238	0.22724324	0.00045613697	0.000117954056	0.00019017073	0.0007292447	0.000600081	0.00028835834	6.003551e-05	0.00036145735	0.000699032	0.00036608995	0.0005440167	0.002052334	0.002048009	0.00097547035	0.0014908881	0.00058692903	0.0014908881	0.81245464	0.06734497	0.044196613	0.0015623271	0.0003080554	0.0017745374	0.045947056	0.009062511	0.025274063	0.0010174051	0.0010174051	0.0006018758	0.00047126666	0.00057210884	0.00036133142	0.00057210884	0.0005155899	0.0016108227	0.0016496071	8.442855e-05	0.00017812263	0.00011597839	0.0012497725	0.0018467639	0.0005863282	0.0003003608	0.00031902106	0.0007323941	0.00019985333	0.00047953788	0.00011768443	7.5046264e-05	0.00025416707	0.00024514968	0.00022374486	0.0005036144	0.00084846263	0.00042881462	0.0012585783	0.00071750337	0.00032391417	0.0007405684	0.0008219382	0.00033905797	0.027876524	-19.23900413513184
s07e08a	95.0	5.0	0.008017309	0.008017309	0.00016046011	0.0002316343	5.8297213e-05	0.0017812032	8.120293e-05	7.919942e-05	0.08570099	0.00028428232	5.447601e-05	0.000253444	0.00080967764	0.00027907413	0.00014739874	7.403881e-05	0.00021509762	0.0006195254	0.00031492696	0.0004870751	0.00061125524	0.00061125524	0.0003332302	0.0008765444	0.00056230003	0.0008765444	0.8332261	0.2055756	0.16125424	0.0042915912	0.0015654579	0.0031357077	0.0781699	0.001999083	0.009473955	0.00043759856	0.00018702653	0.00035797135	0.00072453293	0.00024869866	0.00013645858	0.00072453293	0.00013221383	0.00047296195	0.0005872978	3.5705147e-05	0.0002279896	7.453583e-05	0.00021856379	0.0014358951	0.00025368892	0.00025687367	0.0002017938	0.00026469247	0.00022525413	0.00057486893	0.00015304229	0.00011689326	0.00047224227	0.0002694915	0.00043633647	0.00046799096	0.0014928272	0.000816129	0.0008809373	0.00083984877	0.0002928081	0.00064160227	0.00051591685	0.00016187361	0.01642931	-20.930137634277344
s07e08a	100.0	5.0	0.5667477	0.5667477	0.025001304	0.006163612	0.0003721953	0.0012170196	0.00036719674	0.0042319773	0.056386113	0.0015395039	0.00062582036	0.00036762338	0.0016466805	0.0037715184	0.0012033725	5.111712e-05	0.00044672162	8.04315e-05	0.00060187205	0.0011324175	0.003731217	0.003731217	0.0022225154	0.0010463468	0.00031420452	0.0010463468	0.60979575	0.08234791	0.035325207	0.021246936	0.0176251	0.025399111	0.0024114272	0.002385258	0.052296944	0.000541929	0.00049344177	0.00045065721	0.00038613097	0.0008075937	0.00012522163	0.0008075937	0.0013000706	0.0018571828	0.015448453	0.0015256273	0.0015900226	0.06257664	0.0018990446	0.00030281025	0.0041843215	0.0009657651	0.00045029863	0.00074665307	0.00028283597	0.0039227675	0.0004919019	0.00016413035	5.1926014e-05	0.03802598	0.00021649369	0.00041057446	0.0025586977	0.0018635021	0.00026037454	0.0010808783	0.00051998	0.0017378259	0.0007483638	0.00077531044	0.0025586977	-25.71539306640625
s07e08a	105.0	5.0	0.8707591	0.8707591	0.27842957	0.016818117	0.00015832325	0.0035501095	0.23424459	0.0034946383	0.0013249916	0.00062393246	0.00045973915	0.00017971534	0.0011692619	0.0021278143	0.0037273744	0.00039759497	0.0028843922	0.000705988	0.0073974165	0.02363803	0.0035726964	0.0035726964	0.0028970109	0.0012718212	0.0008906123	0.0031354662	0.028284559	0.0037103696	0.0020053908	0.00027233319	0.00019747873	0.0003609357	0.002158681	0.00017498308	0.00033655824	0.0013020947	0.0007128202	0.0007668779	0.0023016483	0.0016003075	0.0003081835	0.0023016483	0.00071968936	0.00538504	0.010138401	0.0009961749	0.0003503828	0.00077677914	0.0018995834	0.00088636886	0.0015237522	0.005629104	0.00013276022	0.00091194094	0.0006613762	0.0032803533	0.0007259753	0.0029573909	0.00043584823	0.0020728437	0.0007688203	0.00031237243	0.0021272849	0.0013086261	0.00068286946	0.003715785	0.0013116641	0.0040875473	0.0023527292	7.9866906e-05	0.003715785	-24.90411758422852
s07e08a	110.0	5.0	0.81647944	0.81647944	0.055885527	0.013580744	0.00032853382	0.0029719593	0.42461416	0.0011342127	0.0011239338	0.0006679351	0.00014742179	0.00037876426	0.0044519054	0.0016839989	0.0038617565	0.00064623036	0.003113685	0.0005058653	0.004795775	0.031912405	0.0021506513	0.0013704572	0.0021506513	0.010559394	0.0009244014	0.011213463	0.041471828	0.0120934	0.008885341	0.0009863677	0.00042513275	0.0011449242	0.00305554	0.00029003748	0.0003819537	0.002539254	0.002539254	0.001058581	0.005610648	0.00475312	0.00032564314	0.005610648	0.0007245809	0.011595722	0.006132539	0.00059954304	0.00071798183	0.00091522996	0.0018264698	0.0011614547	0.002414082	0.0039178594	0.00020460247	0.0007261719	0.00053577387	0.001996552	0.00038947185	0.0055567296	0.00095434976	0.0010114542	0.00015697187	0.00027236177	0.002697814	0.0013796331	0.00040232527	0.0031878476	0.0011306066	0.0028595848	0.0020355335	0.000169525	0.0033284698	-26.58454704284668
s07e08a	115.0	5.0	0.85849625	0.85849625	0.050128512	0.083428994	0.00020853603	0.0030439806	0.06326584	0.0018139904	0.00284603	0.004799643	0.0006699347	0.00059745123	0.0019109616	0.0028422244	0.0013438399	0.0008497661	0.0018075902	0.00048354844	0.0063459543	0.0134854615	0.030023616	0.023685755	0.0012800004	0.0033384678	0.0007789418	0.004164049	0.045789782	0.007757379	0.004239302	0.0019159429	0.0010602807	0.0013834975	0.002228251	0.00026554783	0.00037735776	0.0022920554	0.0011997513	0.0015635974	0.0047925874	0.0016444973	0.00046765688	0.0047925874	0.0007983765	0.0031336397	0.007577435	0.00091744505	0.0009424377	0.0009462445	0.0028405923	0.0018262385	0.00338998	0.003656732	0.00022561007	0.0012136862	0.0013224782	0.0037178742	0.0007749943	0.003182054	0.0010606312	0.0018481181	0.00068914506	0.0003992386	0.0027071624	0.0010418033	0.00068963715	0.0017165632	0.0013346367	0.0045256536	0.0026499638	0.0005014134	0.0059806216	-25.23955345153809
s07e08a	120.0	5.0	0.8896766	0.8896766	0.021392424	0.446189	0.0010933382	0.00076385227	0.002149258	0.004157102	0.0016168115	0.017183496	0.0006764073	0.00043667248	0.001505517	0.0042366497	0.0016867256	0.00030372854	0.0011168928	0.00061792904	0.00018835496	0.0013640539	0.006326793	0.006326793	0.001738717	0.0030272563	0.0029468855	0.0030272563	0.034198314	0.005370156	0.0019267402	0.0008571297	0.00061947457	0.00083861325	0.0016120778	0.0011278989	0.00023864386	0.0050758356	0.0018325765	0.002256723	0.0020318222	0.0015989032	0.00057221024	0.0020318222	0.0012313266	0.005229506	0.007600562	0.0002044646	0.00029632583	0.0007460197	0.0016286303	0.0016717026	0.0012806589	0.0009892394	0.00054864236	0.002440757	0.0005392028	0.0065113264	0.001081145	0.037473764	0.00028240887	0.0006172951	0.003198124	0.00024828786	0.0034045454	0.0005454809	0.0004181496	0.00066553353	0.0016194191	0.012731	0.0019335544	0.0005093303	0.0112112	-25.667829513549805
s07e08a	125.0	5.0	0.90170825	0.90170825	0.01602244	0.58826107	0.000407985	0.00055744423	0.0025299005	0.0033898929	0.0029939772	0.021585604	0.00026954288	0.00026698268	0.0028932681	0.0024862601	0.0010033079	0.00012654757	0.00074269006	0.00073846336	0.00028423572	0.0009608014	0.004203661	0.0025758357	0.00086382095	0.0031810696	0.0010614683	0.0031810696	0.06019561	0.0031856785	0.0009552003	0.0008019923	0.00017941024	0.000559263	0.001451135	0.0024501022	0.00031486092	0.0023374478	0.0011744838	0.0021898898	0.00097032223	0.00082227704	0.000937864	0.00097032223	0.0013219543	0.005272946	0.014369067	0.00029475836	0.00016767495	0.0008001008	0.002826658	0.0024501022	0.0028137926	0.0011680885	0.0012673258	0.0015131717	0.0003287591	0.003776176	0.00059103227	0.0066829803	0.00016102768	0.0010615294	0.0007112303	0.00011160731	0.0054099523	0.0006839559	0.0005946174	0.00024894517	0.00092908036	0.008396923	0.0021830841	0.00037240578	0.0054099523	-24.54585647583008
s07e08a	130.0	5.0	0.8807096	0.8807096	0.025168598	0.13527985	0.00037880996	0.0017118141	0.018939847	0.0030420145	0.0012032877	0.011513731	0.0004844465	0.000249057	0.0014908881	0.0026173126	0.0026491133	0.00059034966	0.00050475483	0.0005609954	0.0014948815	0.06524182	0.0058850707	0.0034944653	0.0010466584	0.0008832226	0.00074818765	0.0023483348	0.062291946	0.0048766625	0.0011482533	0.0009920917	0.00023077302	0.00068035425	0.0009877571	0.00036535936	0.00025424146	0.001999141	0.001248541	0.0016423725	0.00819772	0.002941555	0.0003177683	0.00819772	0.00067132036	0.0062304237	0.012193524	0.0018535551	0.00073144515	0.001441787	0.0020415771	0.00089363253	0.00081296836	0.002021019	0.0011633016	0.00063743786	0.00025602692	0.0073288297	0.001161905	0.004328123	9.271321e-05	0.0013288769	0.0014061206	0.00013239171	0.0015286563	0.00030598656	0.00029477832	0.00067855127	0.0012758231	0.0052205687	0.0030389458	0.0006703962	0.0030389458	-23.57162475585937
s07e08a	135.0	5.0	0.9007279	0.9007279	0.0058210273	0.3779797	0.0003452175	0.00028350795	0.0016035257	0.0041852496	0.0021929666	0.03101354	0.0003286422	0.0003969809	0.0031414216	0.0019126522	0.0006379338	0.00045150105	0.0011081874	0.0003882234	0.00013336785	0.0003853154	0.003749257	0.003749257	0.00097291236	0.002424287	0.0022437987	0.002424287	0.033148434	0.0052471356	0.0014834639	0.0008404215	0.00055557577	0.00067196076	0.0011657675	0.002388427	0.0001922101	0.0023404153	0.0006208124	0.0011578354	0.0005036703	0.00037880777	0.0003479921	0.0005036703	0.0005849659	0.0016867217	0.005588144	0.00010962268	0.00016298362	0.0005582575	0.0011947874	0.002388427	0.0007037692	0.0006113828	0.00036727707	0.001344149	0.00045482983	0.003724176	0.0012239605	0.023995487	0.00011952139	0.00062139967	0.0025808355	8.7770255e-05	0.0018977816	0.00021219469	0.00015823558	0.0003906748	0.0005816646	0.006856825	0.00046605486	0.00050044176	0.0050847824	-23.10061264038086
s07e08a	140.0	5.0	0.9226398	0.9226398	0.029467493	0.3370416	0.0006247617	0.0022818358	0.36008286	0.011773536	0.0023176023	0.011019764	0.00041080077	0.00020741663	0.0035990535	0.0021504099	0.0046136915	0.0024643068	0.001550709	0.00078212336	0.0018955267	0.033415206	0.0047350856	0.0025082426	0.0024333214	0.0010643156	0.00069725484	0.0014390333	0.040846873	0.0046522697	0.0014343344	0.00075782574	0.00035236118	0.00078334886	0.0017520122	0.00029405273	0.0003637943	0.001319871	0.0003316417	0.0008123252	0.0013807925	0.0004968641	0.00020777094	0.0013807925	0.00082915375	0.0012518801	0.004908027	0.00019609848	0.00048604963	0.0005317263	0.0017893091	0.00080739975	0.0025739905	0.0043578404	0.0012074957	0.0016488376	0.00051719206	0.0059217736	0.0011837826	0.056088682	0.0003025595	0.00058849825	0.0005355944	0.00028880793	0.0011433151	0.0006066054	0.00048816486	0.0015102351	0.0019873485	0.0070541194	0.003774522	0.00016086869	0.003774522	-23.313884735107425
s07e08a	145.0	5.0	0.8780834	0.8780834	0.016108345	0.029480908	0.0008703496	0.0028942614	0.42361692	0.0052005216	0.0031699215	0.0083512245	0.00040976255	0.00046430086	0.007969339	0.0020459383	0.009324859	0.008159255	0.0023951626	0.00014071648	0.0015223926	0.012478566	0.0039309035	0.0016483479	0.0028179246	0.0016260504	0.00074188784	0.0016260504	0.020950584	0.0046371557	0.0025444103	0.0013146957	0.0002168794	0.0012248526	0.0030395456	0.00036635826	0.00027000895	0.00044534786	0.00044534786	0.0004235681	0.0013487622	0.00059296394	0.00011746468	0.0013487622	0.0012437446	0.0025440666	0.0043762326	0.00036073843	0.0026558773	0.0011919008	0.0026239217	0.0013506371	0.0019715747	0.011540806	0.0016647483	0.008212761	0.0017566618	0.0024379338	0.00076550967	0.0100484025	0.00087619206	0.00077210105	0.00047792468	0.0004048806	0.002114878	0.0018308685	0.0014843761	0.006571346	0.0026203466	0.0053570773	0.0074621905	0.00033740638	0.0074621905	-23.242082595825195
s07e08a	150.0	5.0	0.8013239	0.8013239	0.009063406	0.088947766	0.0006752708	0.0018621873	0.05215549	0.0058767074	0.0032628046	0.018520674	0.002538382	0.00035111074	0.0076006055	0.00089586095	0.0048627313	0.0016112761	0.0038302215	0.00028237147	0.0046224636	0.012477156	0.15477534	0.15477534	0.0011090698	0.0018640175	0.0011180413	0.0018640175	0.019263187	0.002524052	0.0017864608	0.0004361516	0.000115049275	0.00031705204	0.0013856059	0.0024001251	0.0002888225	0.000991985	0.00080558605	0.000991985	0.0028158056	0.0015410293	0.00025036142	0.0028158056	0.0004562124	0.001861163	0.0072986586	0.0012699317	0.0008324391	0.00050544285	0.0062724967	0.0009887005	0.0010969635	0.0045120195	0.030345647	0.0011954802	0.004041685	0.00075648626	0.003658871	0.002559512	0.0010324031	0.0015986611	0.0010431798	0.00013335502	0.0016097395	0.0024693955	0.00041477825	0.0034255744	0.05457654	0.0051138843	0.007819392	0.0005459327	0.05457654	-22.68055725097656
s07e08a	155.0	5.0	0.69349307	0.69349307	0.035759248	0.014039342	0.0003531868	0.0021919163	0.008255052	0.0020582578	0.0027815145	0.0026165259	0.0006193456	0.00018623819	0.0046307202	0.039005768	0.00065921457	5.989404e-05	0.004088658	0.00025301496	0.0014286498	0.011995749	0.027593251	0.007718819	0.0008760706	0.0035416519	0.0013081932	0.004026691	0.02713671	0.004492164	0.0016196899	0.00023401978	0.00013722347	0.0002985243	0.002330832	0.00021332705	0.00021209396	0.00088452164	0.00088452164	0.00044871512	0.0008169642	0.00041884696	7.945071e-05	0.0008169642	0.0036533093	0.005868417	0.0064971773	0.00032462736	0.00041856678	0.0006006732	0.002073275	0.0042203865	0.001717319	0.045949776	0.00027022423	0.04099702	0.0025769693	0.001940893	0.00034175575	0.0009060325	0.0005343352	0.0012576872	0.0013389923	0.0002405573	0.016264036	0.0028266986	0.0010378916	0.008821801	0.00077164505	0.021871528	0.023191832	0.00019826245	0.20881735	-23.103927612304688
s07e08a	160.0	5.0	0.78090316	0.78090316	0.009643475	0.08233645	0.0011077367	0.0005203531	0.0058715255	0.0016127311	0.001731814	0.015960611	0.0006208784	0.0002962462	0.007974268	0.004139358	0.001605952	0.000205632	0.0012920506	0.0005451852	0.00024498004	0.0010677685	0.011279344	0.006110974	0.0026482064	0.0041749896	0.0014019026	0.005850535	0.094673984	0.012872712	0.0030662625	0.0011236009	0.0010596133	0.0013552216	0.0034825504	0.00083167874	0.0004166525	0.0010363098	0.0006319679	0.0008476121	0.0009469606	0.00041673894	0.00031575916	0.0009469606	0.0017154629	0.0028290756	0.0028975192	0.00016001855	0.00022965993	0.00091086805	0.0008697361	0.0010257326	0.0009607808	0.004726935	0.0011957934	0.004235021	0.0061111883	0.008065092	0.0017702415	0.03239087	0.0003606387	0.0013584289	0.0035093199	0.00011346937	0.0088105425	0.0013379093	0.00042515242	0.003863712	0.0015510006	0.006902981	0.0023121377	0.00016499101	0.074576475	-21.890499114990234
s07e08a	165.0	5.0	0.7964028	0.7964028	0.086453184	0.014955091	0.00047309967	0.007436397	0.25953543	0.00080850645	0.0021134154	0.00059264246	0.0013926658	0.0003015208	0.0074005234	0.003232099	0.0025073038	0.00018032623	0.0020577603	0.00085668475	0.011839601	0.009715043	0.003176739	0.0016649059	0.0009989053	0.0032728408	0.0006877096	0.0032728408	0.05050436	0.016238391	0.008532592	0.0020119376	0.00043271293	0.0013714227	0.004197292	0.0006796486	0.00025677352	0.00072365656	0.00032462273	0.0005456302	0.0018753561	0.00062414096	0.00014798416	0.0018753561	0.0007509663	0.0025085267	0.0023253188	0.0004581801	0.00043170826	0.0018908278	0.0020312017	0.0006332111	0.0011693893	0.0052157943	0.00038310458	0.0017532394	0.0007935681	0.005058212	0.001099597	0.012011192	0.00030575795	0.0011907326	0.00069868326	0.00023356125	0.0037635649	0.003160365	0.0004666743	0.001010093	0.0016071736	0.0071383035	0.0030018303	0.00017435887	0.0043846928	-22.20044708251953
s07e08a	170.0	5.0	0.7018679	0.7018679	0.043608654	0.012888973	0.001290981	0.0029921643	0.039520063	0.0024613207	0.0024411934	0.0018069751	0.0007227833	0.0004965748	0.009505716	0.007971168	0.00803285	0.00078430685	0.003169611	0.0013083016	0.0022750339	0.0047527	0.014533639	0.012754432	0.0020323938	0.06600714	0.011276324	0.06600714	0.042315703	0.012258838	0.005669951	0.002017287	0.0011781367	0.0016692756	0.0049817874	0.0006645588	0.0006639017	0.0027189313	0.0011116142	0.001234297	0.0012105583	0.00068640424	0.00036651408	0.0012105583	0.012636271	0.004073429	0.010406468	0.0007337742	0.0012656383	0.0012005618	0.003707253	0.009014468	0.004595447	0.013092664	0.00028752463	0.005595876	0.0034199983	0.006441464	0.00035086615	0.0127517665	0.006545141	0.0024789907	0.0018584641	0.0004818545	0.0658357	0.005281093	0.0011380657	0.0027121517	0.0028356195	0.0085921325	0.0011797823	0.00025425942	0.0658357	-22.524518966674805
s07e08a	175.0	5.0	0.8629739	0.8629739	0.021889396	0.017520536	0.0028572185	0.0013126713	0.09027348	0.007911213	0.0011246556	0.0014351705	0.0015145933	0.00013047473	0.00913846	0.003224939	0.003172568	0.0012621526	0.0010182783	0.00036721706	0.00071880274	0.008772497	0.0036818623	0.0017974474	0.00078024145	0.00071961357	0.0008644039	0.0054684184	0.055353176	0.006453194	0.0019222284	0.00060873263	0.00021497768	0.0011959245	0.00669378	0.00023727349	0.0003491046	0.0026988161	0.0026988161	0.0010878174	0.0014858269	0.0048201606	0.00062902767	0.0048201606	0.0017351881	0.012444296	0.018765913	0.0035107492	0.0010642831	0.0008098589	0.011153234	0.0007077347	0.0037248926	0.010718434	0.0002379214	0.001802474	0.00069912395	0.017096268	0.0005903643	0.005318717	0.000466514	0.0005313463	0.0029349308	0.00027947035	0.0026961674	0.001770105	0.0035906415	0.0021958454	0.0027241793	0.005801784	0.002366617	0.00029367395	0.00890692	-23.07041358947754
s07e08a	180.0	5.0	0.8099243	0.8099243	0.12276314	0.040117353	0.00042238264	0.0039778505	0.10361153	0.005498547	0.00515769	0.002561061	0.0011991239	0.00024316444	0.0071937544	0.014937477	0.0015434141	0.0010203103	0.013367991	0.00038902916	0.022596808	0.06364065	0.0033188548	0.0029811417	0.0016820704	0.0014566663	0.0013711288	0.0014566663	0.016927026	0.0033653951	0.0013145305	0.000497291	0.00023079832	0.00042307572	0.0016685684	0.00029164186	0.00017061374	0.0011936182	0.00076708116	0.0004620681	0.0029493608	0.0007577395	0.00010096526	0.0029493608	0.002131222	0.003501503	0.0045550065	0.0014322788	0.001037054	0.00077207637	0.002402884	0.0018293738	0.0008672353	0.014878787	0.00013394354	0.030615645	0.0019270107	0.0024275978	0.00082547375	0.0024792382	0.00033691875	0.0012074428	0.00096142356	0.00034104215	0.0017219408	0.0038759506	0.00057743094	0.005029366	0.0015345147	0.0068802154	0.027602581	0.00044633707	0.041700874	-24.048194885253903
s07e08a	185.0	5.0	0.90055734	0.90055734	0.06486764	0.009086789	0.00060319004	0.0014851813	0.006870858	0.0005884447	0.0018903823	0.000679564	0.0008765979	0.00023517956	0.011906896	0.005081722	0.0017293823	0.00016337869	0.0011487216	0.0008265013	0.0006495351	0.0028664593	0.008330163	0.005823633	0.0016323647	0.0037654745	0.001242673	0.0039019883	0.029307855	0.014865256	0.009821228	0.0012356056	0.00037738564	0.0011878953	0.0021296416	0.0007816301	0.0001523382	0.003305412	0.0013092614	0.0016622269	0.001059691	0.000753089	0.00069085154	0.001059691	0.0031397764	0.006025335	0.006795095	0.00029275173	0.0002866474	0.0004362296	0.0013242168	0.0011770127	0.003183225	0.0110836	0.000388434	0.002740539	0.0007942724	0.0046122423	0.00048945757	0.03515431	0.0007658993	0.0007874877	0.00094017765	0.00042776248	0.0070575164	0.0047986	0.00079477736	0.0010536802	0.0023103422	0.006379583	0.0015711115	0.00028880354	0.0070575164	-22.70635223388672
s07e08a	190.0	5.0	0.7903659	0.7903659	0.046130408	0.16025734	0.00036422425	0.0060636806	0.11259798	0.0013467502	0.0052073593	0.00559351	0.00018385572	0.0009206246	0.00051246985	0.0068119955	0.0014396495	0.00028585567	0.003638942	0.00060787256	0.057951037	0.014958514	0.0032992973	0.0028278586	0.00058927	0.005385786	0.0012656581	0.005385786	0.055453762	0.010597939	0.0046056136	0.0020490286	0.0004286832	0.0010743395	0.0041122255	0.00042445934	0.00053134834	0.0014935439	0.0010323683	0.0014935439	0.0027112837	0.0013883514	0.0004542765	0.0027112837	0.0007589795	0.0031746046	0.0051889103	0.0010881418	0.0010351066	0.0008377395	0.012100705	0.00055622513	0.0009425931	0.0036584279	0.0004407915	0.0011433444	0.0008611295	0.0017575467	0.0005771979	0.0017457403	0.00032313442	0.0009849201	0.00072054303	0.00030070235	0.0007026764	0.00033807062	0.0005640096	0.0006379371	0.00028852612	0.007911542	0.004588359	0.00032305496	0.007108231	-22.94231414794922
s07e08a	195.0	5.0	0.7648639	0.7648639	0.07153158	0.11507221	0.0005003659	0.0020839225	0.13599409	0.003471563	0.0020195146	0.0055224365	0.0011045387	0.00020967308	0.009985823	0.002301383	0.0013155794	0.002194049	0.00844128	0.0009505919	0.012551609	0.002929136	0.003125697	0.001686643	0.0012108029	0.001989847	0.000707815	0.0023358495	0.020548945	0.0023858948	0.00085989886	0.0008927682	0.00018065046	0.00049886364	0.0023822077	0.00025757874	0.00022947432	0.00944984	0.0026383996	0.00944984	0.004138796	0.009244501	0.0033512309	0.009267908	0.0015803553	0.0037210544	0.022865094	0.0023265888	0.0009730987	0.00087753934	0.02855936	0.0012368631	0.003825243	0.055425934	0.00079655	0.0052139615	0.00086323847	0.0076234215	0.009994671	0.022101976	0.0010789622	0.0012599498	0.0019878196	0.0006620106	0.003457635	0.0029917548	0.0023567125	0.0054556695	0.0027351463	0.0039523086	0.002618961	0.00041728752	0.008415412	-22.635467529296875
s07e08a	200.0	5.0	0.9024455	0.9024455	0.09916566	0.06262362	0.001292471	0.018937463	0.040201664	0.0043485137	0.0029041006	0.0016429222	0.00016090414	0.00046177726	0.0016445324	0.01698851	0.00052084855	5.6022745e-05	0.0022902722	0.000694277	0.006475707	0.020022469	0.0034927125	0.0032639585	0.00096662715	0.0019025374	0.00093048095	0.0036782539	0.030207673	0.005521174	0.003263661	0.0009215004	0.00040958214	0.0006547372	0.0041760406	0.0007860685	0.00045548324	0.00074313226	0.0003265768	0.0005951895	0.00087079423	0.00031564958	0.00012720146	0.00087079423	0.0010648135	0.0021275268	0.0031777872	0.00048197672	0.0002833839	0.001304262	0.0014158788	0.0009408282	0.001986333	0.011885176	0.0020747068	0.0013806255	0.00196928	0.004925786	0.00070976914	0.0027204107	0.0019294003	0.0048819343	0.0008695323	0.0002064715	0.009038046	0.0022620093	0.0004074803	0.00076537475	0.002061459	0.008459771	0.0063345022	0.00012753619	0.009038046	-23.44322967529297
s07e08a	205.0	5.0	0.83651704	0.83651704	0.13824144	0.032982647	0.00091683154	0.0016888767	0.014215722	0.0020793048	0.0032905731	0.0004874815	0.0011135696	0.00035861574	0.0069251107	0.011683987	0.0012251035	7.20915e-05	0.001018645	0.00065692386	0.0006140715	0.0025851645	0.00948101	0.0027728307	0.001046649	0.004093278	0.0015295999	0.006354077	0.057206936	0.013517255	0.0068304176	0.0010136893	0.0006220568	0.0009932134	0.0065330258	0.00074062834	0.0005992091	0.0014560664	0.0007258149	0.00080114976	0.00088971877	0.0005275528	0.0003480646	0.00088971877	0.0010707062	0.0061377464	0.0046230275	0.00021031419	0.00031456328	0.00121776	0.0009310463	0.0006600941	0.0017650108	0.003258563	0.0009327378	0.0023043533	0.0009205333	0.09399889	0.0007772897	0.005668454	0.0004617438	0.0034474665	0.0048671262	0.0002833696	0.017752213	0.002334746	0.0034378965	0.0010975071	0.00068145705	0.0047273077	0.0021612707	0.0003404613	0.017752213	-22.78417205810547
s07e08a	210.0	5.0	0.8753545	0.8753545	0.036096185	0.026534934	0.0003233064	0.0047504273	0.22925583	0.0021338023	0.0069937706	0.0010444665	0.00095152244	0.00014517822	0.0018863325	0.003198028	0.0028666896	0.0006594886	0.0016610728	0.0009810145	0.0031110856	0.00861725	0.006591907	0.006591907	0.0009615637	0.0021141698	0.0007660536	0.0021141698	0.043818068	0.0074763447	0.002363542	0.0015103603	0.0003746613	0.00108231	0.0028303054	0.00018717763	0.00031885563	0.0006355761	0.00024173658	0.00031967778	0.00039168392	0.00021265403	0.00017314513	0.00039168392	0.00070825964	0.0013240738	0.0014130689	0.00026907556	0.0006599255	0.0003077108	0.00299911	0.0006148574	0.0014801366	0.01729365	0.00016365715	0.0022801568	0.0009451894	0.0076858294	0.00010611462	0.0013462994	0.0008488621	0.001451802	0.00036382288	0.00013605165	0.0014423254	0.0005476766	0.0006332591	0.007034121	0.000732849	0.0033319532	0.005912005	0.00016057598	0.007034121	-22.47756576538086
s07e08a	215.0	5.0	0.9259604	0.9259604	0.15336159	0.06075842	0.00054429885	0.001012752	0.004922884	0.0026368154	0.0011439589	0.002270796	0.00041129644	0.00016613888	0.0056226007	0.0045729806	0.0016604117	0.00014791121	0.0010115852	0.0004595595	0.00024001961	0.003093488	0.007612808	0.0018242074	0.0005417748	0.0014042993	0.00090630236	0.009522081	0.016330138	0.0024436377	0.0014372632	0.00047577155	0.00041079565	0.0005131806	0.0014593411	0.00038359684	0.00016867301	0.005170394	0.0013432518	0.005170394	0.001040425	0.0007619904	0.0011319639	0.001040425	0.0018735344	0.0041691456	0.004878581	0.00033324797	0.00031305366	0.0006286908	0.0011931777	0.0009789552	0.0012207394	0.006023867	0.00043893527	0.0026495014	0.00058314734	0.019868726	0.00040474627	0.007933264	0.00090679555	0.0022271601	0.015341019	0.00010185512	0.024995549	0.0013337949	0.00035807086	0.0005062466	0.0004597902	0.005936875	0.0012827708	0.00022008429	0.024995549	-22.783588409423828
s07e08a	220.0	5.0	0.8391394	0.8391394	0.06837243	0.0067147594	0.00051839364	0.0068012285	0.11309918	0.0012127726	0.0030959963	0.0020328658	0.00046000216	0.00033705914	0.0030452067	0.014545787	0.0031026748	0.00015705483	0.002260869	0.0006309788	0.0030929677	0.23847076	0.007878276	0.00635939	0.0020401243	0.0018356451	0.0020626974	0.0044573043	0.024543377	0.006588395	0.0029675344	0.00063171104	0.00018201239	0.0012931555	0.0028239794	0.00068157277	0.0002999636	0.002668629	0.0024333969	0.0012325112	0.009191262	0.0034747105	0.00029688916	0.009191262	0.001102494	0.012128285	0.0036535957	0.0008749911	0.0002232758	0.00061913964	0.0006500708	0.002231855	0.0018943255	0.004990394	0.00043533166	0.0012669065	0.0006231403	0.003428121	0.00023573518	0.0032782399	0.00093182543	0.00057967333	0.00018852619	0.000304928	0.003305627	0.002011594	0.00043838078	0.0033376256	0.0062572444	0.004371909	0.012940904	0.00026840455	0.012940904	-22.059600830078125
s07e08a	225.0	5.0	0.7435233	0.7435233	0.0041220225	0.06656502	0.00017769886	0.001032474	0.013873306	0.00050773215	0.0011210445	0.049394775	0.0008727662	0.0001406624	0.0019973856	0.014405681	0.0037895937	0.0015186758	0.0012728889	0.00083164906	0.0021580453	0.009273032	0.073297955	0.006185007	0.00090581714	0.008996343	0.0023268126	0.008996343	0.04077247	0.002660079	0.0013734762	0.00057100184	0.00038438532	0.00037246614	0.0009612884	0.00083533855	0.00042237254	0.0024904534	0.0024904534	0.0009926391	0.0018035783	0.0015474801	0.00039244918	0.0018035783	0.0023241043	0.005270828	0.016181663	0.0018948916	0.00061859755	0.0004894562	0.012206436	0.015046318	0.0014809297	0.011588112	0.00034555368	0.0011443883	0.0009127176	0.0019226511	0.0008870959	0.0066207154	0.008108363	0.0023070462	0.00078520447	0.00015642875	0.022502046	0.0005200072	0.00072718365	0.006697354	0.0044981814	0.0036942216	0.0017907013	0.00018478191	0.022502046	-23.87959671020508
s07e08a	230.0	5.0	0.71282786	0.71282786	0.009491938	0.0075385273	0.00041237255	0.0014253082	0.11166575	0.0009517224	0.0016730042	0.005247997	0.00022870852	0.00097046135	0.004529754	0.0008145324	0.003188845	0.00035114322	0.002024787	0.0017030102	0.0027407426	0.005751465	0.022669703	0.0023002	0.0012476578	0.015652947	0.00044447952	0.015652947	0.053513087	0.008107872	0.0028005089	0.0015401425	0.0005676865	0.0012514985	0.0022539932	0.00028547356	0.00044079425	0.0015078441	0.0011257076	0.0015078441	0.011156074	0.001185779	0.00045869162	0.011156074	0.0013798702	0.0037603264	0.0029902703	0.0003307393	0.00031623486	0.0006365666	0.001493689	0.0012912435	0.0021152394	0.0039865733	0.0003852096	0.00092072884	0.0008337116	0.0064758267	0.0019441175	0.0016396468	0.00034654487	0.0015596724	0.00050110766	0.00026711507	0.029119398	0.002473562	0.00021629849	0.00094137515	0.0014857493	0.06285923	0.0005634406	0.00017346737	0.029119398	-23.389572143554688
s07e08a	235.0	5.0	0.85840863	0.85840863	0.010978707	0.040526062	0.00072277506	0.0034688704	0.14028458	0.0017662185	0.002990259	0.030678306	0.00040391777	0.00025015193	0.0072531924	0.0025260528	0.00603832	0.0024967492	0.0034393144	0.000146551	0.00079080404	0.017517114	0.008612901	0.00083048496	0.0008625922	0.0006522077	0.00015071938	0.0010517667	0.020226097	0.004754778	0.0026958636	0.0012811181	0.00035230574	0.0010973451	0.0020658702	9.170687e-05	0.00019598186	0.00045098833	0.00020245175	0.0003411272	0.0011160201	0.00024304347	9.636974e-05	0.0011160201	0.00080990023	0.00094919995	0.0023062944	0.000117101656	0.00024714874	0.00037003576	0.00057377055	0.00089094293	0.0011770509	0.04279038	0.00024979608	0.016312659	0.0031916199	0.0038032527	0.0022576433	0.031090733	0.0006132185	0.0006873672	0.001364614	0.00027782004	0.0015916405	0.0054837717	0.00046426107	0.0023526351	0.0013066261	0.0033506337	0.0088533405	0.00020790806	0.014563405	-25.798418045043945
s07e08a	240.0	5.0	0.8607781	0.8607781	0.04440567	0.025798	0.0005277663	0.0011481943	0.0034237776	0.0008111522	0.0053043496	0.0006351437	0.00015604513	0.00023432722	0.016659806	0.0066245333	0.00055469084	3.554225e-05	0.001252681	0.00078953	0.00027540067	0.0019478998	0.008521337	0.0027018238	0.0017761327	0.0021257256	0.0012571878	0.011249938	0.04636389	0.009699289	0.0055262977	0.0011487189	0.00059345755	0.0010516273	0.007402762	0.00065200106	0.00044740306	0.0030383407	0.0017060547	0.001108795	0.00093830464	0.00085065234	0.00038873407	0.00093830464	0.0012516106	0.007705156	0.006456802	0.0002022399	0.000358573	0.000579562	0.0018694513	0.0013502152	0.0024548257	0.019036887	0.00058211136	0.0068613826	0.004589226	0.008527317	0.00075466884	0.004609174	0.000725326	0.0009156373	0.0015570313	0.00043629966	0.010461758	0.0072326264	0.0012698348	0.0016489382	0.0015217352	0.005954472	0.0039648945	0.00022799874	0.015999198	-21.701929092407227
s07e08a	245.0	5.0	0.81211674	0.81211674	0.11346824	0.01961879	0.0006195026	0.007461424	0.2712748	0.0011250692	0.0037419118	0.0020385007	0.0004940173	0.00049070886	0.004162776	0.0044515375	0.006544558	0.0004953801	0.0035882571	0.00042255822	0.026201837	0.038720593	0.004837346	0.004837346	0.0011476491	0.0036515933	0.0009131064	0.0036515933	0.041143708	0.015897423	0.008658508	0.0023204256	0.0006642817	0.0016502701	0.004215546	0.00038344951	0.00036511561	0.001149812	0.0004524006	0.0006835324	0.0005765491	0.00062305125	0.00053818617	0.00088767294	0.0013376334	0.0018006962	0.0023374923	0.0007360591	0.0007045369	0.000705177	0.0052503576	0.00074212835	0.001065428	0.0075944797	0.0005705101	0.0016141644	0.001223412	0.0070283487	0.0005184349	0.0052616755	0.00051438704	0.001890413	0.0005985387	0.0004337894	0.0026905802	0.0013619032	0.0013871758	0.0016539067	0.0014251058	0.0025403725	0.004522554	0.00014986655	0.004522554	-22.47551155090332
s07e08a	250.0	5.0	0.46963304	0.46963304	0.0048249527	0.0016687781	0.00012701614	0.0022110508	0.0711308	0.000494104	0.0015061271	0.0014096199	0.00035245792	0.0002193017	0.0011806441	0.0042028963	0.00071566366	0.0010367067	0.0023211786	0.0009073742	0.0038269295	0.027348835	0.071995355	0.0028318993	0.003198931	0.015056893	0.0012351437	0.015056893	0.038767867	0.0041121608	0.0025755358	0.00065380434	0.0003702542	0.0006184776	0.002434442	0.00043622564	0.00047816482	0.0033147468	0.0033147468	0.0011209687	0.002696679	0.0042118225	0.00046855517	0.0042118225	0.0029191289	0.014490296	0.034025103	0.0015522572	0.0010323805	0.00057857024	0.013205015	0.003882901	0.008920317	0.011700539	5.5988457e-05	0.0021331587	0.0008421194	0.0024159683	0.0004187947	0.00044910068	0.0015128432	0.0009523042	0.0007586158	0.0008003478	0.0120658465	0.0017050445	0.0031736963	0.0029615557	0.0007447809	0.0026639274	0.000855515	0.0004817597	0.0120658465	-27.874624252319336
s07e08a	255.0	5.0	0.859273	0.859273	0.019628836	0.020550072	0.00030898047	0.0025309608	0.0040056813	0.00077122083	0.0012507002	0.011236589	0.00016463084	0.000110523455	0.0066868938	0.062093593	0.001198343	0.00023228295	0.0023083494	0.00024278615	0.000245271	0.0027331572	0.01640511	0.00342145	0.0009651244	0.0038131424	0.0023489057	0.0039313105	0.017068613	0.0015583587	0.00081037736	0.00032778672	0.00033927266	0.00030132654	0.0028456727	0.00028898614	0.00020848833	0.0052372785	0.003182942	0.0043227994	0.00068003923	0.0008117778	0.0013805137	0.0008117778	0.007793361	0.0038276971	0.0082800165	0.000344236	0.0009991294	0.0004490305	0.0010636583	0.0049627163	0.000888589	0.106663175	0.00091413973	0.031088285	0.0013969517	0.0012192833	0.00097102975	0.011116502	0.00066543714	0.00080139906	0.0013843074	0.00017771243	0.0011941197	0.007374606	0.006396795	0.033083294	0.004938648	0.023390273	0.0053492757	0.00068303675	0.071913905	-25.15632438659668
s07e08a	260.0	5.0	0.82058907	0.82058907	0.0533017	0.036414143	0.00029359586	0.0013017842	0.0037884165	0.0027693678	0.0013839086	0.0055779335	0.003885093	0.00052458857	0.0061107194	0.016321339	0.0019184776	0.00078053825	0.0010408261	0.001240152	0.0003719775	0.0109497355	0.02127898	0.015396278	0.002292485	0.0022963076	0.0014085772	0.0067813573	0.020478591	0.0034112514	0.0013826551	0.0010299933	0.00081744895	0.0010422568	0.002008187	0.0002368621	0.0003557617	0.0065520117	0.0058182497	0.0032834434	0.0020149364	0.0018739126	0.0012346215	0.0020149364	0.0033731079	0.011143636	0.011848096	0.00047361318	0.0003515837	0.0008242021	0.0012986887	0.004300429	0.0011996444	0.011487695	0.0004988123	0.005927081	0.0006825731	0.010646839	0.0003596754	0.009121654	0.0009940222	0.0009025456	0.012279155	0.00025114726	0.010083098	0.0012558001	0.0012584871	0.0067905495	0.0009935948	0.006913417	0.004358933	0.0005586658	0.054691184	-25.571231842041016
s07e08a	265.0	5.0	0.8865674	0.8865674	0.09091888	0.03474601	0.00025903227	0.0048595984	0.21361083	0.0017772609	0.002316188	0.00860743	0.0002416603	0.0005048058	0.00071341044	0.0033904938	0.0018450789	0.001114306	0.004029017	0.00030457845	0.0029762434	0.17121816	0.006401947	0.0037452623	0.0011986147	0.005492639	0.0019387132	0.005492639	0.012901215	0.0026102988	0.0018463791	0.0005771649	0.00028273027	0.00066966884	0.00132179	0.0006668818	0.0004690163	0.00094976893	0.00094976893	0.0006746433	0.0021656652	0.0012613727	0.00027472904	0.0021656652	0.00090126775	0.0036618363	0.0054899096	0.0005927922	0.0002212176	0.0006178498	0.0013204997	0.0011056155	0.0013855116	0.004494749	0.0005924101	0.0029266817	0.0006276341	0.0011772319	0.00011412217	0.0010162304	0.00051652506	0.0007146843	0.0004217972	0.00015109105	0.0014505127	0.00069131516	0.00045381728	0.005367385	0.0013053742	0.0020209076	0.0021927822	0.00021296692	0.005367385	-24.100521087646484
s07e08a	270.0	5.0	0.8892944	0.8892944	0.07170249	0.07538039	0.00048417159	0.0037490875	0.26192978	0.0014305353	0.0024538706	0.0049828985	0.00018308635	0.00014117706	0.0043148436	0.002384481	0.0012675534	0.0014371305	0.0019258627	0.00027795119	0.0024941284	0.08120426	0.0025019133	0.0025019133	0.0016950236	0.0014574358	0.0007310957	0.0014574358	0.015777096	0.00247093	0.0010342558	0.0004940776	0.00015608025	0.00047058932	0.0012002438	0.00026621608	0.00018363252	0.0012562375	0.0007541821	0.0009077693	0.0010928748	0.001193994	0.00038899228	0.001193994	0.0006738087	0.00195672	0.0026229012	0.0005043412	0.0005043744	0.00045127835	0.0016988663	0.0008172348	0.0014567779	0.005444359	0.00052398816	0.0012140163	0.00080951286	0.0022109686	0.00042542748	0.019933209	0.0006052843	0.0005206788	0.00026812038	0.00020822191	0.001253246	0.0011481548	0.0008808622	0.0020054185	0.0016401986	0.0044627157	0.005350557	0.00033183495	0.008963054	-25.914161682128903
s07e08a	275.0	5.0	0.644761	0.644761	0.03322569	0.008083469	0.00011744934	0.0021510422	0.0901802	0.00070209743	0.0047527817	0.0014078665	0.0006827901	0.0005138504	0.0006894299	0.0026338766	0.00080605526	0.0012501606	0.0026689388	0.00051200576	0.033171784	0.01120564	0.011071695	0.0065504387	0.0031371717	0.006661692	0.0013960021	0.006661692	0.10362539	0.023926536	0.007804179	0.0021177297	0.0007974314	0.0016843452	0.007514961	0.0005855112	0.0004956441	0.0047497894	0.0047497894	0.0032152648	0.009326546	0.014378389	0.001311769	0.015205891	0.0013256535	0.013012637	0.020719053	0.0062661427	0.004828136	0.0009845954	0.22516286	0.0010063272	0.009264284	0.0027273057	0.00013586288	0.0011890398	0.0017791552	0.0014222054	0.0011253913	0.0009936516	0.00061574474	0.0011284777	0.00054044643	0.0031256077	0.002500914	0.00042280322	0.001377284	0.0049738423	0.0013119858	0.009721799	0.00088746956	0.0002954688	0.110218145	-23.081682205200195
s07e08a	280.0	5.0	0.7909598	0.7909598	0.003232735	0.017224235	0.0007468377	0.0021085618	0.0067386543	0.0021777218	0.028337928	0.036346074	0.00027928202	0.00018089783	0.002752992	0.0014149662	0.0010697407	0.00024276624	0.000868599	0.00030078692	0.0011383801	0.0006667767	0.005745878	0.0050324327	0.00134713	0.011864419	0.0062479437	0.011864419	0.8398753	0.19386452	0.19386452	0.0010619749	0.00044189882	0.00081753545	0.025994262	0.0007956022	0.006485998	0.000944863	0.00032873184	0.000944863	0.0027810358	0.0019476607	0.00034777555	0.0027810358	0.00014711397	0.0036426121	0.0036307164	0.00019722695	0.00030415767	0.00012982963	0.0010191804	0.00090213807	0.0008303496	0.0012079201	0.0012470934	0.0007829227	0.0007099755	0.0023266908	0.0015768042	0.0014521636	0.0002745816	0.00016447846	0.0005849361	0.00010151467	0.0012173773	0.00070568733	0.0006738407	0.00048581412	0.0011291552	0.0074039395	0.0050431835	0.00018193848	0.0050431835	-23.031816482543945
s07e08a	285.0	5.0	0.8635691	0.8635691	0.013026129	0.097551264	0.0050006686	0.0004541659	0.008229604	0.0023703622	0.0025744652	0.057275657	0.00073712185	0.00024100268	0.0038286427	0.0023525846	0.0009968356	0.00063269865	0.0023372741	0.00065188797	0.00020735295	0.0004513244	0.017108789	0.015919281	0.002459923	0.004490222	0.002096189	0.004490222	0.05816881	0.008618978	0.0030542007	0.0020615866	0.0009861581	0.0015198071	0.0011829637	0.0006098406	0.00036110345	0.006518138	0.00088087434	0.006518138	0.0011796115	0.00041563957	0.0016898223	0.0011796115	0.0006421966	0.001691676	0.0012392534	4.1978143e-05	8.7225075e-05	0.00037460876	0.0006441084	0.0006966312	0.00036705955	0.0011466985	0.0007600026	0.0019148891	0.00055376923	0.003624495	0.0007314601	0.03341037	0.000120928955	0.00071739533	0.0043282993	0.00012152323	0.0016741371	0.00097306527	0.00015183962	0.0011041362	0.00049267075	0.0036129272	0.0008822481	0.00017597093	0.008952327	-24.432104110717773
s07e08a	290.0	5.0	0.87703305	0.87703305	0.12388192	0.092895664	0.00035995632	0.0016694559	0.114797965	0.0014732862	0.0010316283	0.0029063022	8.9229616e-05	0.00035922104	0.002661957	0.002067125	0.0026816921	0.0009573441	0.0016100844	0.0012069978	0.0020195981	0.028089443	0.0029337297	0.0029337297	0.00107796	0.0027275118	0.0007296834	0.006500952	0.024153575	0.0030433657	0.00220969	0.00045176753	0.00025885896	0.00045592763	0.0021744468	0.0003704717	0.00013685653	0.0049609314	0.003376022	0.0021813293	0.0019047544	0.003944436	0.0017520023	0.004586267	0.0006554283	0.005747213	0.009914774	0.0015605682	0.00046501288	0.00083643774	0.0072605503	0.0016944435	0.002071276	0.008292975	0.0007747012	0.0006433173	0.0005896855	0.0061206664	0.0009265203	0.007024915	0.0008702882	0.00082757545	0.0014835834	0.00023281932	0.0019131638	0.002136952	0.0010886561	0.000947304	0.0022721696	0.0028794757	0.001699384	0.00037529116	0.003220693	-25.07052993774414
s07e08a	295.0	5.0	0.8190647	0.8190647	0.038870864	0.013522285	0.00043456856	0.0019048179	0.034842532	0.0037836812	0.0026901937	0.0024694742	0.00053477107	0.00018483319	0.0049919565	0.019576207	0.0014653346	0.0003249175	0.0014246214	0.00049653195	0.001015081	0.011152741	0.013731765	0.0022025735	0.0032004518	0.0024457404	0.00043418448	0.0074225985	0.031781513	0.0028284786	0.0013566046	0.00049503316	0.0003245491	0.00046758493	0.0030116988	0.00024241538	0.00021012557	0.0019243987	0.0019243987	0.0007647142	0.0012642533	0.00092468556	0.0002142774	0.0012642533	0.0023768116	0.014477404	0.03143664	0.00067439966	0.00043264404	0.0006891224	0.0062165097	0.0070436765	0.0032365231	0.1363548	0.00059622165	0.025877122	0.0010928592	0.0025443593	0.0010664967	0.001322045	0.0034862624	0.0016147193	0.0027753	0.00082604587	0.007904292	0.0043111537	0.00075621443	0.01322182	0.000620318	0.018152792	0.007208105	0.00034538144	0.064364575	-24.95151710510254
s07e08a	300.0	5.0	0.86681473	0.86681473	0.003037168	0.114670545	0.008783251	0.00061747455	0.0017224991	0.0015818164	0.0025968812	0.1714983	0.0003534263	0.0002428357	0.0021602304	0.004103075	0.0025302349	0.0015245918	0.0043288996	0.00023824826	0.000224714	0.00032029246	0.045876615	0.045876615	0.0035779558	0.00092056755	0.0028848655	0.0028848655	0.02644098	0.0017553077	0.00083756633	0.00069912325	0.00034988613	0.00063071307	0.00078673393	0.0006915926	0.0005071094	0.0018665707	0.0005626917	0.0011147902	0.0012676427	0.00041199318	0.0002327159	0.0012676427	0.0007242278	0.0010431967	0.0046693957	0.00016622318	0.00025360016	0.00057426566	0.00091153046	0.0009336878	0.0008327751	0.0020959915	0.0014775413	0.0018924943	0.0004708082	0.0015472604	0.001187591	0.021803824	9.070642e-05	0.0005289491	0.0051150154	6.743792e-05	0.0012200251	0.0003718646	0.00027804953	0.00090949435	0.00036875272	0.0032580178	0.001909429	0.0005652913	0.00371344	-22.928829193115234
s07e08a	305.0	5.0	0.8781242	0.8781242	0.006726671	0.026394157	0.0003989468	0.0073788418	0.02648046	0.0005045812	0.008111409	0.012402134	0.00092745695	0.00011073476	0.0006829948	0.0017780842	0.0004548788	0.000281912	0.0010475647	0.00033858186	0.0010200717	0.016264142	0.004515203	0.0034576664	0.0013508706	0.0011073685	0.00019721249	0.00116167	0.024974653	0.004091527	0.0022249033	0.00064784725	0.00090990873	0.0006711227	0.00083099154	8.062586e-05	0.00067002856	0.0026350955	0.0011844554	0.0026350955	0.002170366	0.001553375	0.0012715843	0.002170366	0.00029182766	0.0057109576	0.0031912602	0.00031857367	0.0006478794	0.00034287362	0.0028174354	0.00065333094	0.0014855086	0.00058746967	0.0012391142	0.0008963324	0.0002935603	0.00065050146	3.1973726e-05	0.00013997895	1.9159295e-05	0.0018389646	0.48852104	7.319821e-05	0.003025261	0.00014632827	0.0008210908	0.003690289	0.00086670497	0.0037691272	0.0020088542	0.0005265792	0.003690289	-25.77544212341309
s07e08a	310.0	5.0	0.8258912	0.8258912	0.00068043475	0.0076989904	0.00017328322	0.0003797674	0.00084871537	0.0003023403	0.0035460973	0.020728784	6.442402e-05	0.00024122221	0.002390323	0.0021979243	0.00021454871	8.7466455e-05	0.0006880656	9.301457e-05	0.00034623628	0.0007820995	0.03129422	0.0027246238	0.0026190907	0.0127296215	0.0002878793	0.0127296215	0.016395772	0.0008309607	0.0004331126	0.00027346527	0.00028683248	0.00027502413	0.000276993	0.00029541078	0.00045613802	0.0033111556	0.0023446812	0.0033111556	0.0004332873	0.0007430179	0.0013108192	0.0007430179	0.0013331643	0.0052316426	0.009019128	0.00022068903	0.00043089993	0.0005143971	0.0030065964	0.0024202447	0.0010073767	0.008370441	0.0034015258	0.00085283397	0.0016794611	0.0019286833	0.0006916618	0.00028046328	0.0017907318	0.06664148	0.84751683	0.00038316668	0.014009692	0.0022928864	0.00016742173	0.004997139	0.00064103294	0.0014179547	0.010471009	0.00036251213	0.022110444	-26.592084884643555
s07e08a	315.0	5.0	0.9111471	0.9111471	0.017132683	0.15918025	0.00027627457	0.0033410075	0.051601693	0.0023052876	0.0014185173	0.028019674	0.00027567858	0.00018080816	0.0026348324	0.001867813	0.0042937067	0.0022734737	0.00256493	0.00033177956	0.0015908934	0.026588894	0.004004496	0.0037687994	0.0010184442	0.0010339007	0.0012314105	0.0020980812	0.0154735735	0.0026479266	0.0011707682	0.00053533184	0.0001343106	0.00066234695	0.0011390743	0.00019943285	0.00025344716	0.0015191756	0.0008633421	0.0015191756	0.0022852677	0.0014649669	0.00033895683	0.0022852677	0.0011241769	0.0024053084	0.009852838	0.00079535926	0.00020164339	0.00078514544	0.005694937	0.0016892247	0.0027363135	0.009594606	0.00074610935	0.0020454582	0.0009584082	0.0071243825	0.002944513	0.020186616	0.00066776935	0.0005792798	0.0018293748	0.00021938368	0.005603151	0.0011265965	0.00046150314	0.001348178	0.0025378715	0.0086123105	0.0033126257	0.00032727464	0.005603151	-23.276472091674805
s07e08a	320.0	5.0	0.8414807	0.8414807	0.019327274	0.16966222	0.0005668387	0.0068112146	0.035628777	0.0057766386	0.0033670207	0.011013794	0.00036889635	0.0005009935	0.0022037537	0.0064534815	0.0025619746	0.0009361125	0.0016321765	0.00044021267	0.001497915	0.01992128	0.0065479255	0.0049513397	0.0008908351	0.0028663066	0.0021491887	0.0028663066	0.0513589	0.005812124	0.0025114063	0.0010945033	0.0007020817	0.0010281815	0.0022479275	0.00042456455	0.00060496764	0.0017472617	0.0012741042	0.0013383578	0.00200938	0.0011767459	0.00050621596	0.00200938	0.0010705924	0.0055628642	0.025651978	0.0010485732	0.0012489823	0.0016869691	0.004577661	0.0024840105	0.0024608593	0.003000184	0.0009924269	0.0011314643	0.00057908683	0.010337603	0.0015135435	0.0086082	0.00049171154	0.0010085165	0.0030660639	0.0002798759	0.0029134662	0.0009284884	0.0008993029	0.0014613284	0.0016098508	0.0026432665	0.0031955056	0.0003003256	0.005416556	-23.495519638061523
s07e08a	325.0	5.0	0.7452611	0.7452611	0.026875153	0.021557977	0.0001779091	0.0023585788	0.12636219	0.0030160032	0.0014319099	0.0057271663	0.0020205623	0.0003463381	0.009895877	0.001035919	0.00092522526	0.0021533999	0.0006577743	0.0006545687	0.0042424435	0.008600207	0.0063844356	0.0023646387	0.0021744748	0.0018823704	0.0011506124	0.003968031	0.030486157	0.0030084765	0.0012334255	0.0008236949	0.00015784618	0.0006691272	0.001129117	0.00029790902	0.0002860307	0.006669288	0.0029127998	0.006669288	0.010776706	0.0069523063	0.0020741671	0.010776706	0.0005890053	0.005442196	0.03481961	0.0058900802	0.0027847888	0.0009538634	0.015452857	0.00076564495	0.0047110305	0.0058036377	0.0004897336	0.00070555386	0.00031289013	0.004185065	0.00082613755	0.0012203587	0.0002955798	0.0015431738	0.00041125587	0.00047308524	0.0014991979	0.00070135546	0.0009042452	0.0038157464	0.0022721025	0.0051670372	0.00067007646	0.0010242244	0.004342621	-23.476680755615234
s07e08a	330.0	5.0	0.8421061	0.8421061	0.0011996998	0.13704737	0.00053990376	0.0004571621	0.001967474	0.005023938	0.0018121041	0.1931453	0.00024011712	0.00013412106	0.00072231196	0.0013725797	0.0018724032	0.0005012323	0.0066851587	0.00038779172	0.000110084635	0.00026241614	0.018836768	0.007026881	0.0009688322	0.0033538006	0.0041473387	0.0041473387	0.06670138	0.0028032628	0.00085093494	0.00035492462	0.0003329183	0.00034025183	0.0011370942	0.005025397	0.0013442098	0.0012677738	0.00058085244	0.0012677738	0.0013172758	0.00030844597	0.0003812174	0.0013172758	0.0009619724	0.002424852	0.009506609	0.00015847656	0.0002468991	0.0010246544	0.0010236786	0.0006421072	0.0012794574	0.0008568668	0.0009595979	0.000657585	0.00040367988	0.0078411335	0.0035513649	0.004134074	4.755958e-05	0.003735789	0.017649919	5.3043605e-05	0.0051966994	0.00020438118	0.00023425976	0.00040225397	0.000423127	0.0014362972	0.001000452	0.00085593446	0.0051966994	-23.2974796295166
s07e08a	335.0	5.0	0.8457772	0.8457772	0.008397212	0.058416445	0.00061041315	0.002564437	0.14881015	0.0036785263	0.0022054098	0.04427368	0.0009106572	0.0005746689	0.0011293886	0.001500602	0.0010624506	0.005205008	0.0021961462	0.00017676754	0.0070705237	0.03069563	0.009648012	0.009648012	0.0025030202	0.0056474917	0.0025854658	0.0056474917	0.023846803	0.0022895073	0.0015507932	0.00050367444	0.00023177612	0.00042549867	0.00097628945	0.00043775522	0.00035160733	0.0008603766	0.0008603766	0.00082895625	0.002479631	0.0015705005	0.00045815064	0.002479631	0.0005738488	0.00429738	0.032055564	0.0012459917	0.0032456953	0.00074428355	0.04414229	0.0015862786	0.0052397065	0.0043945056	0.0019667998	0.0012660066	0.00071428186	0.0019545858	0.00061472296	0.0011692797	0.00021901753	0.0014665806	0.0044704275	0.0018062701	0.0010049256	0.0010423975	0.0014545323	0.0016224023	0.00051330484	0.0017871726	0.0013541062	0.00049979676	0.014963973	-22.1129207611084
s07e08a	340.0	5.0	0.7954481	0.7954481	0.006206519	0.034246903	0.0042115822	0.0017801158	0.02389548	0.009906885	0.0016379646	0.05867038	0.0007665484	0.00037950266	0.0021548604	0.004359229	0.024114823	0.0018249421	0.0007285883	0.00075313717	0.0010166769	0.02393676	0.0100717945	0.005262819	0.0021315992	0.004361469	0.001563214	0.004361469	0.0741274	0.0027130777	0.00073849363	0.0004462258	0.00022196256	0.0005677896	0.0015016813	0.0012371565	0.00056884123	0.0018235511	0.001760147	0.0018235511	0.0012070001	0.000677058	0.0011464353	0.0012070001	0.0012042881	0.006720837	0.0052811187	0.00044804945	0.0002359488	0.000258422	0.0039849966	0.004491117	0.0013833421	0.002872517	0.0022506712	0.0065902523	0.0040652235	0.00092809653	0.00039757133	0.0019203705	0.00038770653	0.0009545366	0.014656747	0.00029035733	0.035894148	0.0022274314	0.0011062446	0.0021507333	0.010881168	0.002964404	0.004016091	0.00019861836	0.035894148	-24.39480209350586
s07e08a	345.0	5.0	0.8237606	0.8237606	0.0099180285	0.027109418	0.00060969533	0.0035526508	0.17715742	0.0024616648	0.0050774203	0.06306375	0.00023552445	0.00023467645	0.0014467437	0.0015811785	0.0014038787	0.0037712066	0.004169965	0.0007605782	0.0057516373	0.092355005	0.0070088613	0.0010787747	0.0014861559	0.0016363288	0.0011775723	0.0016363288	0.025264127	0.004280771	0.004280771	0.00068586966	0.00035030866	0.00080021896	0.002180433	0.00077441556	0.0014332536	0.001362529	0.0007864379	0.001362529	0.0042288075	0.001330939	0.00046510203	0.0042288075	0.00064629223	0.0027858936	0.012625329	0.0005911923	0.00068951887	0.00060731487	0.008890679	0.0015439743	0.004918215	0.0028973701	0.0014699516	0.0017707421	0.00097316445	0.002281398	0.00036519358	0.00050948566	0.00037871985	0.0014797512	0.0007559385	0.0004517163	0.0020896113	0.00032302603	0.00096047187	0.0008236717	0.0006748388	0.0024298006	0.0012923367	0.00040180245	0.0020896113	-24.304201126098636
s07e08a	350.0	5.0	0.84003425	0.84003425	0.0025539184	0.005403957	0.00019209155	0.0006154675	0.0052761734	0.0005529594	0.0011945775	0.015270927	0.0006383437	0.00013635868	0.042430036	0.022636699	0.00383372	0.0004156853	0.00023550043	0.0002851553	0.00022866795	0.0109904725	0.18555889	0.04632191	0.00195231	0.0068051848	0.0027173467	0.020835573	0.028327458	0.0016778159	0.0007573247	0.00050032564	0.00015634226	0.00041060676	0.0010450712	0.00019303327	0.00021484103	0.004081147	0.004081147	0.0024651801	0.00091217516	0.0008220984	0.0013402501	0.00091217516	0.0039349957	0.01798013	0.039018568	0.00031248978	0.0007089275	0.0006252856	0.00189907	0.019638343	0.0034622813	0.10890154	0.0002592477	0.0111108115	0.00051206653	0.0004519566	0.00029687898	0.0030514202	0.014839197	0.0005929843	0.00025585684	0.00022649375	0.015164197	0.0011268948	0.00078144803	0.008586918	0.0005332627	0.0028668067	0.0008828195	0.00068038667	0.015164197	-27.99730491638184
s07e08a	355.0	5.0	0.8636751	0.8636751	0.032519627	0.011332	0.008015936	0.0011612257	0.026949465	0.014267455	0.0023132437	0.00740478	0.0048105125	0.0007570595	0.026917836	0.0011414841	0.0012553069	0.0005688304	0.00085986516	0.0003260153	0.00027159782	0.001004468	0.035810787	0.035810787	0.005639504	0.0040791165	0.0015188024	0.0040791165	0.053578652	0.01757084	0.007909151	0.0010127708	0.0003587494	0.0010106816	0.002234506	0.0004980576	0.00025738752	0.0011960748	0.0007897926	0.0011960748	0.0010268228	0.0006222216	0.0005184695	0.0010268228	0.000677477	0.0034379223	0.004504927	0.00013201278	0.0007306868	0.00082059845	0.0011122137	0.0014678149	0.0007523363	0.0015738104	0.00019602035	0.0015634246	0.00051356765	0.008432452	0.00026514634	0.0036707122	0.00034459552	0.00095025497	0.001548812	0.00015979944	0.0022199084	0.00083728624	0.0005204957	0.002119125	0.0005279988	0.0031325761	0.00077879406	0.00018018049	0.0039739455	-25.798866271972656
s07e08a	360.0	5.0	0.86482626	0.86482626	0.0010897358	0.0032120338	8.2444625e-05	0.0003140548	0.0013837143	0.00017748501	0.0005151331	0.005786857	0.00038554354	9.022651e-05	0.004536603	0.013610557	0.00047710218	5.7282232e-05	0.00013561049	0.0001237738	3.6941936e-05	0.00044484975	0.20384867	0.01784343	0.0015675321	0.024616523	0.0048783845	0.063583456	0.04089713	0.002167363	0.00093986816	0.00045213202	0.00015182803	0.0003558012	0.0013768473	0.00042896345	0.00037756684	0.008561208	0.008561208	0.0028150666	0.0017469141	0.002576984	0.0013358945	0.002576984	0.0015858308	0.029216368	0.028989702	0.0001652486	0.0019367944	0.000489767	0.006165856	0.007374271	0.004204657	0.44600213	0.0012596006	0.014780727	0.00085068645	0.0017181835	0.0011194673	0.0008300074	0.0025782199	0.00044105863	0.00034006574	0.00019719912	0.01089895	0.0017897306	0.002881777	0.11963092	0.00090539176	0.00925975	0.0017538237	0.0004890325	0.11963092	-24.84591484069824
s07e08a	365.0	5.0	0.8273347	0.8273347	0.021467946	0.027565999	0.0022557236	0.0016261302	0.0034482563	0.003914069	0.005372071	0.013826461	0.00059799897	0.00031015952	0.0044843084	0.003130385	0.0019781562	0.0004917903	0.0028792515	0.0003555186	0.0002172998	0.002098709	0.0040895706	0.0040895706	0.0013181104	0.002745151	0.0041012145	0.0041012145	0.046702087	0.007654055	0.0043721874	0.0010315763	0.0003284377	0.0009451065	0.0025984873	0.00054417335	0.000521387	0.004339488	0.0024805428	0.0040794145	0.0020624578	0.001441157	0.001044289	0.0020624578	0.0029983246	0.006126163	0.007594896	0.00029039275	0.00082929834	0.0005097013	0.0011287197	0.0029072727	0.001558683	0.007834169	0.0029335523	0.004112985	0.0013001696	0.017145472	0.000358397	0.008001537	0.0004497665	0.0029334424	0.005977434	0.00030136044	0.016416047	0.0033597255	0.0009007753	0.0017786607	0.0017002521	0.0045604715	0.002169799	0.0006293101	0.016416047	-24.509750366210938
s07e08a	370.0	5.0	0.4544766	0.4544766	0.016192833	0.008459723	0.00015188393	0.008165075	0.029767983	0.0003859716	0.0951366	0.0033670987	0.0001794821	0.00012908033	0.00049339613	0.0038211423	0.00019694677	0.00013065363	0.005198373	0.0012760322	0.04488094	0.01615993	0.003289843	0.0014379094	0.00031175863	0.0038085156	0.0010478097	0.0038085156	0.7654944	0.24382335	0.15801504	0.0016047065	0.0007614717	0.00081603794	0.07355879	0.0017383735	0.00534483	0.0010196816	0.0009127707	0.00054485636	0.0011450491	0.002421682	0.00023833303	0.002421682	0.00035936115	0.0025069998	0.0036704459	0.0005998988	0.0006103069	0.00025662227	0.0012587616	0.0011799566	0.000279343	0.0042180084	0.0002941018	0.002486312	0.00027632064	0.0011535513	0.00051003083	0.00058733136	0.00017363964	0.00071571855	0.00015939874	0.00015915332	0.00034095033	0.00024957757	0.0007091914	0.0025515459	0.00026221707	0.0016675522	0.0019618482	0.00013021943	0.024213592	-22.57373046875
s07e08a	375.0	5.0	0.53671235	0.53671235	0.005390237	0.0049605244	0.00057966943	0.0048199818	0.0028079492	0.0010208198	0.007406473	0.0038557756	0.00035085512	0.0002310608	0.0045012375	0.0053100185	0.0003707805	0.00026672165	0.0020319798	0.00042152568	0.0014580938	0.0010531733	0.012561671	0.008052788	0.0012676464	0.011179665	0.003740762	0.011179665	0.6664256	0.17736205	0.11865507	0.0016980933	0.0002963569	0.0016590252	0.047039405	0.0008141937	0.007951554	0.0013716983	0.0010955031	0.00061930367	0.0011196518	0.0015807067	0.0005822295	0.0015807067	0.0007379382	0.0047483444	0.004911335	0.0002996326	0.0008579608	0.000661513	0.0014668201	0.0020036069	0.00085015973	0.009411198	0.00022756177	0.008507879	0.0016338014	0.0035155336	0.0016245989	0.0024116049	0.00042177868	0.00065572944	0.00072761445	0.00030108445	0.0028622986	0.0058892034	0.0025611876	0.006844027	0.0007096832	0.00488316	0.0069425656	0.00016746852	0.015393176	-24.818782806396484
s07e08a	380.0	5.0	0.7411658	0.7411658	0.06802879	0.004316835	0.00041546248	0.0029594866	0.2918117	0.0019748735	0.004052656	0.0019230666	0.00060977146	0.00021086034	0.007652479	0.0015312873	0.01041243	0.0025583252	0.0026465268	9.270774e-05	0.0017603842	0.021504745	0.0046633673	0.0010517617	0.0046633673	0.0017134234	0.00039712264	0.0017134234	0.023213614	0.01469454	0.0045405673	0.0017694202	0.00047507568	0.002034211	0.008224157	0.00014554692	0.0001949962	0.0013492678	0.0013492678	0.0008863655	0.004195495	0.0023507602	0.00043184985	0.004195495	0.0016550346	0.009982902	0.012151342	0.0011587142	0.0006443795	0.00066675793	0.0053829974	0.0015271796	0.0052067717	0.03270602	0.00085742667	0.0032294088	0.0046107057	0.003237068	0.0033240025	0.002220318	0.00295772	0.0007623037	0.0007606253	0.00043578757	0.008166288	0.038737092	0.0012433988	0.006150604	0.0030787927	0.0060661496	0.007773122	0.00010888393	0.084390394	-23.627159118652344
s07e08a	385.0	5.0	0.8707831	0.8707831	0.18103935	0.009478565	0.0005906029	0.0036720487	0.3031408	0.0018478578	0.0013049012	0.0022053125	0.00013770584	0.0002224908	0.0015638989	0.0072837314	0.0039584893	0.000607983	0.002291	0.00017865944	0.0022396233	0.23184812	0.0031947617	0.002814526	0.0031769231	0.0044359486	0.0013879158	0.0044359486	0.029150285	0.0063976804	0.002838169	0.00056945963	0.00021032542	0.0007721721	0.004722449	0.00042925696	0.00021523776	0.002399745	0.0022392813	0.0021486569	0.0018038995	0.0022292084	0.0018366134	0.0023396516	0.0022917304	0.007005862	0.0043086326	0.00088927214	0.0006907192	0.0004923588	0.004041577	0.0040827943	0.0019255897	0.0049957265	0.00035363558	0.0010632226	0.000867194	0.0012919336	0.0001083152	0.0012278799	0.0018896511	0.00080537423	0.00022371607	0.00029420303	0.0013427953	0.0011623639	0.002515045	0.004360562	0.0028996828	0.004242532	0.0046052793	0.00043688103	0.0046052793	-25.305910110473636
s07e08a	390.0	5.0	0.85625947	0.85625947	0.041392013	0.17845985	0.0005122271	0.0058670933	0.1444365	0.00068517326	0.006930462	0.019142767	0.000101966194	0.0002147114	0.0010762315	0.0015339523	0.0012659535	0.0010284705	0.008216463	0.00040162672	0.03951787	0.011180098	0.0037048955	0.0029285175	0.00091754115	0.00279607	0.00036900325	0.00279607	0.032941274	0.013282653	0.005081006	0.0011990772	0.0001346033	0.0006330898	0.003937653	0.00026989184	0.00036038537	0.00370495	0.000795352	0.00370495	0.006305225	0.0015222143	0.0005627359	0.006305225	0.00033085505	0.0031245083	0.003280238	0.0003254867	0.00051380123	0.00023992053	0.0027231963	0.0011923659	0.001008674	0.005466609	0.00049649243	0.0018639712	0.00038797976	0.0041463245	0.00022728206	0.0026140134	0.00016242791	0.00089414313	0.0007250461	0.00016390842	0.0010007017	0.00018847962	0.00035612867	0.002220558	0.0008247418	0.0064776554	0.006101271	0.0001545805	0.008918453	-21.40293502807617
s07e08a	395.0	5.0	0.864683	0.864683	0.0051874877	0.016473444	0.00021798273	0.0009039139	0.025159614	0.00086256093	0.00075409806	0.010056735	0.0002031529	0.00086896244	0.0077703977	0.007840228	0.002056246	0.00016101646	0.001136504	0.0008116911	0.00063353014	0.006457121	0.53789574	0.53789574	0.0014624143	0.004311141	0.00026486564	0.004311141	0.014332584	0.0011472743	0.00030414204	0.00030489688	0.00021556062	0.00047304874	0.0016622001	0.00019306951	0.00015954715	0.00080666953	0.00057984376	0.0005742246	0.0008885218	0.00040222213	0.0001506418	0.0008885218	0.0007991148	0.0010517321	0.0027117028	0.00020015465	0.0002532399	0.00020745797	0.0013017606	0.0016081656	0.0011465019	0.008616208	0.0020664572	0.003597549	0.00036168293	0.0006474538	0.00067310454	0.0032168084	0.0004470991	0.0012200339	0.0008317865	0.0005515613	0.001454808	0.00052108715	0.0011944529	0.006128492	0.00079466	0.003986327	0.0021686256	0.00023173039	0.020097889	-26.90656280517578
s07e08a	400.0	5.0	0.79044694	0.79044694	0.054471355	0.014814596	0.0016431873	0.0037046927	0.27665302	0.0006145575	0.0011348224	0.00074402045	0.0030460649	0.0006148861	0.0014291042	0.002207647	0.005699175	0.00070246385	0.0010770233	0.00057660294	0.0048470697	0.013772398	0.01423391	0.0059492528	0.0025885873	0.00801329	0.005161329	0.00801329	0.056520946	0.0066783917	0.002336494	0.0011346429	0.0005797805	0.0011498246	0.0024042847	0.0004488662	0.00057973026	0.0013845487	0.00076159544	0.0012988106	0.0021510771	0.0010884497	0.0007938997	0.0021510771	0.00076027535	0.005077948	0.0062431227	0.0008593439	0.0013791018	0.0006187048	0.0077665676	0.0004228927	0.004151104	0.0058784876	0.00030052953	0.0012442352	0.001204158	0.00882618	0.0003098551	0.0019886296	0.0015426986	0.0017745409	0.00253292	0.00093929796	0.0016333512	0.0010579772	0.000676605	0.0037294785	0.00082440156	0.002171713	0.0020061801	0.00017756439	0.0037294785	-22.727100372314453
s07e08a	405.0	5.0	0.8598802	0.8598802	0.010973644	0.06981711	0.0020639247	0.0035254683	0.020689638	0.021479966	0.003841325	0.22408716	0.0029985611	0.0001707635	0.0041390476	0.002096642	0.02804608	0.0049681747	0.0026257155	0.000768939	0.0003452502	0.0013186736	0.032833066	0.0098809	0.0010041288	0.0020183742	0.0020991496	0.0020991496	0.029411701	0.003992352	0.0018924241	0.0004423211	0.00024879046	0.0003656796	0.0009493763	0.0022773144	0.0010242601	0.0029878318	0.0019849148	0.0029878318	0.0037953604	0.0020041943	0.0012202163	0.0037953604	0.00069023226	0.0038153061	0.009886121	0.00024925367	0.00062759913	0.00027934246	0.0034684928	0.0019697133	0.0010190217	0.0026959954	0.001996458	0.0009757018	0.00046020962	0.002227688	0.001090541	0.005747458	0.00022417365	0.00065801915	0.0017590389	0.00041213952	0.0031130323	0.0010162223	0.00081521797	0.0006941262	0.0014624643	0.002907469	0.0018062735	0.0008079362	0.0031130323	-24.350418090820312
s07e08a	410.0	5.0	0.37409073	0.37409073	0.006006169	0.0020187967	0.0003705953	0.0023521709	0.08997191	0.0012610886	0.0010693816	0.0010653584	0.0006818336	0.00018866088	0.008679932	0.00831526	0.0025740492	0.00054917316	0.0015097248	0.00081777386	0.0018584843	0.062236827	0.43215606	0.43215606	0.0015198042	0.0023312843	0.0013019626	0.0023312843	0.06943818	0.009476573	0.0045295563	0.0015017198	0.0003308639	0.0015431717	0.0041620345	0.00032414956	0.00067230023	0.0020886806	0.0020886806	0.0009197495	0.0051320097	0.0028923163	0.00040165315	0.0051320097	0.00074216013	0.0086924555	0.0037888507	0.0002865594	0.00023097929	0.00018040568	0.0028548895	0.001327923	0.002369501	0.0036105232	0.0002856628	0.0014172615	0.00070603576	0.0010700424	0.00018905307	0.005693139	0.00048583356	0.00065473624	0.00019739196	0.00043285752	0.0047584823	0.0008989602	0.0013895021	0.0022171608	0.00066086743	0.0021295485	0.0024100833	0.00037366952	0.006792975	-26.77346420288086
s07e08a	415.0	5.0	0.8715404	0.8715404	0.01684771	0.071669996	0.00072512595	0.0018043125	0.18004008	0.0014929026	0.0025583545	0.010247959	0.0001601031	0.00020571258	0.005416175	0.0024990174	0.0032813728	0.0019638985	0.002544144	0.00026331362	0.0007448072	0.010845788	0.0028635426	0.0023623304	0.0016333635	0.0043822993	0.00093951775	0.0043822993	0.02463291	0.0032154222	0.0024912697	0.001003413	0.0002887146	0.00072298694	0.0012345292	0.00030519874	0.00020814687	0.00089939113	0.0005864593	0.00077067426	0.0010363637	0.00075936154	0.0002167903	0.0010363637	0.0015840182	0.0022959274	0.013781307	0.00040511205	0.0006135093	0.0006375366	0.0054499772	0.0011940298	0.0057153157	0.0147180725	0.0009975937	0.0016730608	0.000831388	0.0024215577	0.0020219483	0.026547315	0.002164362	0.000691847	0.001838681	0.00059073407	0.005705931	0.002709255	0.0003545318	0.0019749375	0.0013905083	0.004491294	0.0039654896	0.00021536669	0.005705931	-26.32330322265625
s07e08a	420.0	5.0	0.81718266	0.81718266	0.032680262	0.2785638	0.0006958681	0.0029830458	0.0073753637	0.0024240343	0.0033054196	0.030050803	0.00031834657	0.00052095554	0.0055457	0.005377414	0.0024486773	0.0009204228	0.0016059092	0.00052248646	0.00073694065	0.0029655104	0.014699774	0.014699774	0.0023067684	0.004861141	0.0021606435	0.004861141	0.045379244	0.006080003	0.0022206306	0.0012051368	0.0011498322	0.0013017104	0.0019146011	0.0013706131	0.0006936312	0.004733223	0.0022022107	0.0031899787	0.003634308	0.0015491667	0.0008535425	0.003634308	0.001629748	0.007328583	0.011234471	0.00048429734	0.0006256504	0.0020184405	0.003436802	0.0037725505	0.0026966648	0.0035192205	0.0016269108	0.002322241	0.0008872776	0.014778532	0.004043518	0.025769781	0.00026994562	0.0023312555	0.008219238	0.000850866	0.009232764	0.0018308025	0.00066695205	0.0012282459	0.0014683028	0.010609865	0.0027893784	0.00087693834	0.01012762	-24.140708923339844
s07e08a	425.0	5.0	0.8833628	0.8833628	0.02052914	0.03815228	0.00033670876	0.002256669	0.118596055	0.0017642975	0.0021649327	0.0049587665	0.00043389012	0.0004996715	0.006742083	0.010747161	0.0034481909	0.002381502	0.0015991667	0.000169182	0.0022770825	0.024981381	0.025007412	0.005339025	0.0016313602	0.001917438	0.00080415374	0.0019629307	0.021646006	0.0060839145	0.0028302665	0.0013892137	0.00038339358	0.0010126285	0.001761884	0.00033496702	0.0002455895	0.0015922082	0.0010206578	0.0008871884	0.0023959158	0.0012189571	0.00021306908	0.0023959158	0.0012330771	0.0035565859	0.0092530595	0.0006423827	0.0012472966	0.0010973106	0.0026873155	0.003139196	0.0017422264	0.004280972	0.00031365713	0.0015597392	0.00032691978	0.0021528935	0.00025841137	0.02807818	0.0018448944	0.0018505782	0.0012783306	0.0003064224	0.0019003557	0.00060066435	0.00068909716	0.0015358479	0.00089516945	0.0035459017	0.0027566573	0.00046120054	0.0027566573	-25.981067657470703
s07e08a	430.0	5.0	0.8772181	0.8772181	0.017203182	0.07067715	0.0003721272	0.005249909	0.22190487	0.0057959366	0.009899055	0.0072630737	0.00046989473	0.0005175336	0.0026510842	0.0019520946	0.002762481	0.001827035	0.0026640464	0.0023950192	0.0061808815	0.05112845	0.011458655	0.0012481939	0.0035834103	0.0003780583	0.00036818418	0.0012940253	0.47600728	0.021513768	0.009127327	0.002170241	0.0009218982	0.0021222227	0.0045237504	0.0007393541	0.00263024	0.0025335297	0.0012035525	0.0025335297	0.007643498	0.002621341	0.0007335103	0.007643498	0.0013549189	0.0069373827	0.023781557	0.0010459044	0.0019988092	0.00109215	0.0034118418	0.0017567989	0.009400566	0.002755939	0.00082523236	0.00084287516	0.0012077597	0.014763011	0.0015346434	0.004953734	0.0003480865	0.0061130566	0.00061806187	0.0009696319	0.0017533554	0.0007081497	0.0016441176	0.0028932132	0.0020957591	0.008136392	0.0031940495	0.00041937956	0.0031940495	-25.29648208618164
s07e08a	435.0	5.0	0.8002684	0.8002684	0.01849185	0.18222171	0.0005760918	0.000958705	0.0021349713	0.001891077	0.0035790373	0.012200694	0.00036006465	0.00012964431	0.0025676566	0.0025668275	0.002615058	0.00022768635	0.0013812213	0.0006497759	0.00024266605	0.001689762	0.0036511316	0.0032228013	0.0007145641	0.0019360229	0.0020614325	0.0020614325	0.037370972	0.009730506	0.0038730355	0.0010332592	0.000666037	0.00093941827	0.0030666047	0.001115705	0.00032647033	0.002127695	0.0014994636	0.0013605801	0.0011071123	0.00090204173	0.0004849621	0.0011071123	0.001114795	0.005799716	0.008722859	0.00026764075	0.00019709367	0.0007124436	0.00091020047	0.00066361984	0.0016534784	0.0019950315	0.0005339157	0.0028712745	0.0010814855	0.006102575	0.0016048638	0.0655358	0.00017455815	0.0008654819	0.004122543	0.00022876849	0.014613974	0.0018217085	0.00052175164	0.00066055	0.0014389689	0.0061006956	0.0011127854	0.0002563352	0.014613974	-23.766002655029297
s07e08a	440.0	5.0	0.84984046	0.84984046	0.16165715	0.17971674	0.0005188843	0.0020754645	0.00573658	0.0035471723	0.003941144	0.005260593	0.00023410658	0.000259964	0.00304056	0.003499246	0.002159106	0.0003148333	0.002578969	0.0010106479	0.00034141773	0.0023607868	0.005723752	0.0028945368	0.00081871223	0.002008334	0.0016715107	0.0034010718	0.018106045	0.0057356497	0.0031992686	0.0008256752	0.0007336225	0.0007476495	0.0021808322	0.00073272915	0.00065591006	0.0029102846	0.0015775883	0.00080994033	0.00090679893	0.00087459676	0.00030125558	0.00090679893	0.00093010516	0.0049337912	0.0042114225	0.00020119168	0.00022806764	0.0005537009	0.0008586363	0.0007844133	0.0010851388	0.002729248	0.00042628203	0.0032533712	0.0008066415	0.014207392	0.00092835474	0.018748904	0.0006877843	0.0018012329	0.020740649	0.00029312706	0.01382687	0.002271185	0.0006112908	0.00055591	0.000796232	0.0038538366	0.0021468338	0.00040519412	0.0155275455	-23.181087493896484
s07e08a	445.0	5.0	0.89408016	0.89408016	0.03377626	0.109759815	0.0002624519	0.0033353881	0.15115304	0.0012388994	0.0019970797	0.01745689	0.0001664122	0.00043827132	0.0005140207	0.0011882937	0.0045035207	0.0014815835	0.0045576924	0.00064096384	0.007284159	0.010072076	0.0023099764	0.0022840372	0.0006262536	0.0023398185	0.00038606158	0.0023398185	0.014579345	0.0047613736	0.0013964502	0.0012730501	0.00027103702	0.00082640717	0.0013748922	0.00034364677	0.00031540112	0.0022949872	0.00060944847	0.0022949872	0.005895293	0.0013310316	0.00071031484	0.005895293	0.0003221403	0.0016049005	0.0069374815	0.00056830095	0.00032198278	0.00065433077	0.0048414036	0.00082641194	0.0032962065	0.007095575	0.0012367254	0.003028189	0.0008833947	0.0020435173	0.000928123	0.004780165	0.0004340537	0.00146467	0.0017220547	0.00019063514	0.0013691793	0.000472831	0.000588705	0.002632047	0.0010003881	0.0029384547	0.0021709795	0.00058615976	0.002632047	-23.622129440307617
s07e08a	450.0	5.0	0.44368047	0.44368047	0.013989728	0.003479429	0.0004253711	0.004058657	0.22865523	0.0011900812	0.0021521787	0.0021542062	0.00013259347	0.00036657872	0.0010862589	0.005914987	0.0009539498	0.0010055419	0.0019205277	0.00041752585	0.008985675	0.2403635	0.003970078	0.003970078	0.0038311784	0.008603879	0.0018218489	0.008603879	0.056342047	0.010052844	0.0037710918	0.0009420732	0.00041213006	0.0011374484	0.0046686335	0.00080952875	0.0008279158	0.0033049595	0.0033049595	0.0010973597	0.0025213715	0.0037035525	0.0007544955	0.0038101298	0.0017677264	0.015395468	0.012424153	0.0022806353	0.0013209103	0.0014178338	0.026021706	0.0020302576	0.0052652108	0.0041929176	0.0002202119	0.0002088833	0.002337163	0.0014481925	0.00021971401	0.00043946676	0.00034721088	0.0015002583	0.00025068363	0.000994539	0.0021316693	0.0006981096	0.004346693	0.0028890863	0.0010503933	0.002817185	0.002116952	0.00023855876	0.0050113923	-26.279924392700195
s07e08a	455.0	5.0	0.85564214	0.85564214	0.08448125	0.02380447	0.000250725	0.007261382	0.25413558	0.0012226513	0.0035502345	0.0020568038	0.00019449317	0.0005532596	0.0009792323	0.0028476242	0.00084452564	0.0013485946	0.0061508203	0.0011510437	0.05397384	0.012879955	0.01258611	0.0019115674	0.0007144633	0.0030144162	0.00034001854	0.0030144162	0.0438378	0.011592187	0.0069365622	0.0021204785	0.000632333	0.0013517076	0.0033081716	0.00039431168	0.00077208044	0.0012384469	0.00026544053	0.001053077	0.0032673778	0.00074127305	0.00014837143	0.0032673778	0.00052343355	0.0012755624	0.0033289364	0.0006897167	0.00031549315	0.0003667175	0.0023004012	0.0006025155	0.001171313	0.0033340408	0.00029451653	0.001105851	0.00073033525	0.0021231924	0.00011616499	0.0002565151	0.0003951269	0.0013830113	0.00087932043	0.00027767758	0.0009033392	0.00013237403	0.00030354588	0.0025810085	0.0007168705	0.0023408595	0.0014223	9.44727e-05	0.0027112528	-22.855430603027344
s07e08a	460.0	5.0	0.7543929	0.7543929	0.016119767	0.3618516	0.0013454489	0.0011935772	0.0042418432	0.0036621718	0.0053628255	0.03448544	0.00021148934	0.00023707269	0.001981933	0.012682808	0.0020146833	0.00018259088	0.0023164318	0.0010237567	0.00053665653	0.0020592953	0.017568175	0.006197394	0.0016914811	0.009989718	0.0017993975	0.009989718	0.04050098	0.0075569334	0.0028660342	0.0010584454	0.00077515794	0.00083605846	0.003242599	0.0007562217	0.00039819925	0.0020449443	0.0010829287	0.0011566431	0.0010372442	0.00062383706	0.00039081584	0.0010372442	0.0013052555	0.00655114	0.011328838	0.00024930073	0.0005994182	0.0028459732	0.0017325412	0.001924755	0.0011304676	0.005244135	0.0009275316	0.004403703	0.00087387796	0.00884697	0.0024565975	0.013028073	0.0003253043	0.0021231459	0.006099545	0.00044015457	0.004589119	0.0011205823	0.00084544596	0.0041228877	0.0005449124	0.0039568166	0.0009474719	0.0004130276	0.009173371	-24.67605781555176
s07e08a	465.0	5.0	0.85529715	0.85529715	0.08743251	0.07470903	0.0009218055	0.003870882	0.01080577	0.009093705	0.0031290282	0.006454833	0.0038034641	0.00022722961	0.004746495	0.0045109764	0.0013213351	0.00054451625	0.001221271	0.00045021318	0.0006169078	0.0041877045	0.0042366115	0.002787901	0.0011408736	0.0037655728	0.0017025141	0.0037655728	0.029042434	0.0040617767	0.0014521077	0.00075200334	0.0002714627	0.00044708693	0.0009452173	0.000592678	0.00035814254	0.002659063	0.00074230443	0.002659063	0.00043956586	0.00060942693	0.0008936955	0.00060942693	0.000986612	0.0014932638	0.004249007	0.0003716114	0.00020753294	0.0004150237	0.0010149784	0.0008548239	0.00089290814	0.002384583	0.00049142295	0.0018879169	0.0003143996	0.0015668276	0.00022557545	0.008454152	0.00034096884	0.00083198666	0.004199234	0.000118104195	0.0013780843	0.00058864214	0.00035048704	0.0012250282	0.00078138773	0.0016353265	0.0019002869	0.0005757635	0.0034791445	-24.2921085357666
s07e08a	470.0	5.0	0.6513339	0.6513339	0.029479094	0.07601249	0.00024725337	0.002751631	0.06683293	0.0014591493	0.002676346	0.005262045	0.0021678456	0.00044809407	0.0027286173	0.0030542735	0.0015004219	0.0020691	0.0049261623	0.00088693027	0.012430082	0.006084295	0.010852599	0.010761233	0.00122569	0.015305011	0.0022091519	0.015305011	0.030658726	0.0066374457	0.0039448487	0.0018159031	0.0008252308	0.0012844305	0.002784527	0.0007581573	0.00038025124	0.0024884795	0.0024301799	0.0024884795	0.0070809564	0.0028779402	0.0006846602	0.0070809564	0.0010503943	0.0050230557	0.01627898	0.0025556388	0.0017875179	0.003130836	0.01944599	0.0016210522	0.0045300894	0.006936089	0.00059808645	0.0027835828	0.0016690309	0.0026559252	0.0024648001	0.004724271	0.0006725409	0.0024619482	0.0026484055	0.0005103727	0.0045800386	0.0010035038	0.00050929096	0.0032461705	0.0012763184	0.006308055	0.0049240994	0.0003674391	0.0075794077	-22.80333709716797
s07e08a	475.0	5.0	0.77577215	0.77577215	0.16044	0.03161128	8.667783e-05	0.0041862535	0.28858733	0.0014042411	0.0031286862	0.0017677591	0.00028213358	0.0005656826	0.0011928662	0.0014359183	0.0019398975	0.0010389987	0.0040014316	6.484215e-05	0.049689215	0.019136725	0.002947265	0.00086126203	0.00070944085	0.0008953367	0.00033919053	0.0008953367	0.0142822955	0.0062236986	0.0035541232	0.000895701	0.00022658576	0.0005846457	0.0028799307	0.00015487733	0.00016345612	0.0005057281	0.00033626767	0.0005057281	0.000631241	0.00060111535	0.0002126804	0.0006774502	0.00073536223	0.0013896093	0.003040933	0.00056744926	0.00027292428	0.00042959346	0.002567378	0.00037509995	0.001122723	0.0028100836	0.00028177336	0.00064878864	0.00072111835	0.0007430886	8.623593e-05	0.0012929905	0.00046211327	0.00057360623	0.00057652	0.00026446948	0.0008787978	0.0005685843	0.00026068182	0.0010798033	0.00066502695	0.0014958134	0.0019765461	0.0001818618	0.0019765461	-23.2329216003418
s07e08a	480.0	5.0	0.8955461	0.8955461	0.018743202	0.020259101	0.0024643922	0.004515272	0.19252846	0.0018615936	0.0013538258	0.02458101	0.0015896775	0.00024184537	0.0022721794	0.0020044118	0.0021562562	0.0011265021	0.0010722134	0.0008084179	0.0013962965	0.14750616	0.0074174292	0.0074174292	0.002222359	0.00079682755	0.0019106088	0.0019106088	0.109853216	0.006979856	0.0030346885	0.0014445658	0.00026764482	0.0020712959	0.0022832777	0.0006093125	0.0007416066	0.0017126405	0.00038210902	0.0017126405	0.0034281928	0.00093714223	0.0008819716	0.0034281928	0.0005551817	0.0019721256	0.0028157427	0.0004405615	0.0003843725	0.00045190708	0.0013522834	0.0013219801	0.001305598	0.0018478155	0.0021018342	0.00033105415	0.00035652882	0.0035189276	0.00025649605	0.0026389041	0.00061944715	0.0012549656	0.0009289423	0.000109321205	0.0019197308	0.0008226971	0.0008538866	0.0014073182	0.001737538	0.002522576	0.0042779627	0.00021266073	0.0042779627	-22.637910842895508
s07e08a	485.0	5.0	0.7686355	0.7686355	0.058360904	0.003711997	0.0002899435	0.003791616	0.1764679	0.00071044586	0.0011093514	0.0012275851	0.00011303404	0.0013103212	0.0015875258	0.0057492107	0.0004959882	0.0007617613	0.004765343	0.00084927917	0.00857742	0.022323923	0.03179048	0.00203766	0.0018093169	0.063971505	0.0015604255	0.063971505	0.037832376	0.011513879	0.007707972	0.0020771073	0.001263915	0.0019493168	0.003192879	0.000511864	0.0003673946	0.0023462689	0.0023462689	0.0013154548	0.005121039	0.0038713564	0.00027622902	0.005121039	0.0028534606	0.00837471	0.010008684	0.0019247863	0.0017462191	0.0017512568	0.005077358	0.0014427251	0.0025410482	0.00470185	0.00014180536	0.0005527265	0.0014140111	0.0018281623	0.00013457649	0.0002023053	0.000614337	0.001442868	0.00048551252	0.0006827465	0.0018407964	0.0002985058	0.00089228735	0.0021438918	0.0006473387	0.004171371	0.0012800436	9.0150825e-05	0.014582592	-26.70785140991211
s07e08a	490.0	5.0	0.84096193	0.84096193	0.12190818	0.019278105	0.00052519795	0.004299547	0.05754719	0.00078023924	0.0032104207	0.0029202823	0.00026151276	0.0007802779	0.0012701288	0.009000834	0.0031885991	0.00049846986	0.0042333477	0.00018229046	0.027397562	0.04931941	0.014587677	0.014587677	0.0016921777	0.0113704	0.0024123231	0.0113704	0.029790647	0.014398737	0.0065167607	0.0015991408	0.00060248363	0.0011404543	0.005092382	0.00038227317	0.00030619607	0.0021256418	0.00066925096	0.0009632279	0.0038917568	0.0007566823	0.0003515976	0.0038917568	0.0008851801	0.0031060777	0.0040965374	0.0007331057	0.0005874674	0.0010852608	0.0048088236	0.0024368716	0.0014638326	0.009968142	0.00019015749	0.0020862343	0.0007902255	0.0026426404	0.0002606833	0.0061521144	0.0009648036	0.0010859505	0.0009722818	0.00022045623	0.0033563133	0.0016931824	0.0008752162	0.0022670256	0.0009897674	0.00263743	0.0036155854	0.0006860344	0.0077877366	-23.306915283203125
s07e08a	495.0	5.0	0.9049955	0.9049955	0.02579776	0.051869214	0.0011071945	0.0018595745	0.06310928	0.0019124465	0.0020567714	0.0070116892	0.0017104505	0.00010199828	0.033332292	0.0013207411	0.031787537	0.0014550885	0.00092014094	0.00074938714	0.00060396723	0.0026919036	0.0036045192	0.0012406672	0.0007704352	0.00079443736	0.00048321323	0.0009413626	0.022644296	0.009250971	0.005115527	0.00090351654	0.00045142014	0.0007240325	0.001663202	0.0002746324	0.00018310764	0.0013284873	0.0009734353	0.00095215003	0.002314089	0.0011076207	0.00027699035	0.002314089	0.0013833683	0.001917052	0.0026835238	0.00025701354	0.00040172704	0.00052892213	0.0014362829	0.00048446076	0.001099574	0.002921985	0.0015907488	0.0010868851	0.0010223873	0.0051922146	0.001947427	0.13797273	0.0003543328	0.0010790697	0.0050255973	0.00015092072	0.005258193	0.0023964082	0.00047308212	0.0010068283	0.0012224971	0.003610429	0.00096480077	7.2894996e-05	0.011002814	-23.20880889892578
s07e08a	500.0	5.0	0.8872819	0.8872819	0.0251103	0.008466032	0.0024924076	0.01075347	0.14705086	0.017665237	0.0073188804	0.0045373505	0.00041778028	0.0005596621	0.002010037	0.0021752322	0.0012356956	0.0009208227	0.003828044	0.0005539844	0.002074456	0.04272327	0.0018771018	0.00051641575	0.00038096964	0.0007125288	0.00037400573	0.0007125288	0.03689129	0.0067950888	0.003265515	0.00048250143	0.00012857544	0.00053472904	0.007975479	0.00022913064	0.00026154218	0.0005134394	0.0005134394	0.00018981242	0.0010387498	0.0010773168	0.000108354354	0.0010773168	0.0005023913	0.0040956344	0.0063196113	0.00032192538	0.00057216064	0.00018213062	0.0026298773	0.0013065446	0.0006992911	0.013659494	9.96899e-05	0.0040481235	0.00019517141	0.0026024724	0.00014426689	0.00060139847	0.0002469763	0.00046280425	0.00052262796	0.00028356307	0.00079011783	0.0006511013	0.0030302154	0.0086623235	0.0007264439	0.000837153	0.0035942602	0.0006915649	0.011037639	-21.0989990234375
s07e08a	505.0	5.0	0.80255526	0.80255526	0.016973028	0.06465251	0.0021240574	0.014394203	0.098411426	0.0101024015	0.0030800605	0.05153959	0.0012417194	0.00037972812	0.0028377858	0.0010479864	0.0011128878	0.00187654	0.003883938	0.00037178962	0.0031340178	0.010601845	0.0033016514	0.0033016514	0.0017932669	0.0029911958	0.001264027	0.0029911958	0.020771595	0.0037179694	0.0020501835	0.0007393781	0.0004693522	0.0007158939	0.0021990007	0.00041561498	0.00038946164	0.0022181557	0.0017435596	0.0022181557	0.008964231	0.003247684	0.0004207286	0.008964231	0.0007493715	0.0033338794	0.008438681	0.00081210973	0.00072767824	0.00066647044	0.002563615	0.0023475261	0.0013354949	0.0023432304	0.000965118	0.00074215623	0.0003713392	0.0013753899	0.0008340219	0.005082925	0.00034768536	0.0014011007	0.00033610995	0.00021215442	0.0018968225	0.0003683864	0.00056421524	0.0021738466	0.0014058513	0.005754149	0.0015663399	0.00021247834	0.0021738466	-23.430051803588867
s07e08a	510.0	5.0	0.817992	0.817992	0.007051428	0.30098796	0.00048629576	0.00047594297	0.0011051649	0.00054906035	0.002079476	0.01026119	0.0002673138	0.0003015711	0.0006976457	0.0009411689	0.0007092347	0.00010808645	0.00037980362	0.00041091864	0.00023509972	0.0010154567	0.0071838642	0.0071838642	0.0016092997	0.003079239	0.00068800256	0.003079239	0.033769507	0.004784879	0.001620427	0.0005466984	0.00052815356	0.00046652288	0.0011943352	0.0007564368	0.00027529406	0.00085038535	0.0005100561	0.00085038535	0.00042605272	0.00036328586	0.00030679774	0.00042605272	0.00038911263	0.0023831292	0.0037494062	0.00013734416	0.00023295367	0.000867742	0.0012536006	0.00023449575	0.0011694925	0.00066783297	0.0005160615	0.0010434203	0.0006847607	0.0051892474	0.0007257381	0.018178847	7.6051765e-05	0.00076349673	0.0021206965	0.0002547221	0.0031215884	0.0008276934	0.00019675364	0.00042687205	0.00045026193	0.0023118882	0.00064059073	0.00022707693	0.008893553	-22.953500747680664
s07e08a	515.0	5.0	0.79495144	0.79495144	0.021159958	0.02658558	0.00035921248	0.002979916	0.4046913	0.0011477136	0.0016338697	0.007846618	0.00017677463	0.0005598483	0.0020479904	0.0012657606	0.0018831894	0.0020031102	0.0050382884	0.0007406429	0.013833744	0.010507915	0.0029112105	0.0019031534	0.0009714044	0.0053156433	0.00094465556	0.0053156433	0.059735026	0.0077140727	0.0039551198	0.00069335	0.00020393309	0.00064064935	0.0036246344	0.0007137521	0.001029543	0.0017838717	0.0013681256	0.0017838717	0.012860612	0.0038310476	0.0003596994	0.012860612	0.0004103397	0.0048438897	0.0072282734	0.000989798	0.0010266271	0.00071204954	0.0040453062	0.00081405597	0.0023898748	0.004060905	0.00046943853	0.0013039669	0.00058268505	0.0012790138	0.0014228508	0.0013971538	0.00030113987	0.0023994688	0.0008452543	0.00033428718	0.001478418	0.00062313495	0.000699065	0.0016080438	0.00050263724	0.006106012	0.002662533	0.00017388933	0.0028077515	-23.14293670654297
s07e08a	520.0	5.0	0.89740145	0.89740145	0.008796487	0.18840994	0.000937028	0.0025998421	0.109390296	0.0038712735	0.0047452943	0.022256428	0.00023557073	0.00016503806	0.0060309693	0.0018565658	0.0024153832	0.00034141252	0.0023212347	0.0006780625	0.0014777515	0.008549725	0.009566852	0.0016110452	0.00059055054	0.001236588	0.00036939094	0.0015940306	0.031208808	0.0048152655	0.0023935065	0.0017406705	0.0003397227	0.0010099597	0.001235798	0.00032828303	0.00028258367	0.0008061616	0.00023013297	0.0006359184	0.0009131891	0.00036828895	0.00013109979	0.0009131891	0.00053575344	0.00072457263	0.00405826	0.00016650363	0.000107239066	0.00089748646	0.00096793444	0.00032963694	0.0010616726	0.0047398163	0.0016363467	0.0007293024	0.000831064	0.008048447	0.068192184	0.08623497	0.000409045	0.0021067765	0.00059867994	0.0001968636	0.003974355	0.0022780967	0.00016624361	0.000879168	0.0027963384	0.003330093	0.001768122	0.00043138245	0.0064849015	-24.357589721679688
s07e08a	525.0	5.0	0.87142795	0.87142795	0.10406214	0.0048364964	0.00036572406	0.0054556793	0.13181183	0.00079777493	0.0011349834	0.00090428477	0.0015394541	0.00028735283	0.0061667007	0.0028615952	0.0018534935	0.00014098872	0.0023786193	0.0005348195	0.007108813	0.026642123	0.006241224	0.0046453546	0.0011650798	0.0017067726	0.000266986	0.0034017863	0.019703373	0.004111501	0.0017361391	0.00077987125	0.00017248931	0.0005030212	0.0011726677	0.0001827391	0.0001246624	0.0017473765	0.00075942953	0.0017473765	0.0015068027	0.0012252606	0.0006881491	0.0015068027	0.0011444101	0.0024008297	0.0047372077	0.0005543985	0.0002573269	0.00065217074	0.0017958089	0.00079085527	0.0024960225	0.007959717	0.00014477069	0.00078731816	0.00091318786	0.0034539239	0.00037615834	0.0022806278	0.00037105172	0.0008571935	0.0007095115	0.00028887732	0.0024689657	0.0019625777	0.0009188508	0.0012275506	0.0012937426	0.0026049213	0.0040199095	0.00017191739	0.009945204	-22.5069580078125
s07e08a	530.0	5.0	0.74392956	0.74392956	0.094580844	0.008306276	0.00024594495	0.0068398183	0.04045858	0.0006529158	0.0026007795	0.0016844438	0.0002887848	0.00032435174	0.0005187305	0.08315872	0.00060342235	0.00035269524	0.0050594485	0.00029634987	0.08220869	0.047975425	0.009181575	0.0061498582	0.0021353797	0.0071721273	0.0016836053	0.0071721273	0.060094904	0.013357095	0.003951738	0.0013323025	0.00044896375	0.00093593675	0.0070765126	0.0005957329	0.0003993349	0.0012383867	0.0012383867	0.0008881247	0.0012161158	0.0010516524	0.0003044446	0.0013785621	0.0013321844	0.0048233247	0.0044408157	0.0019306099	0.0008517482	0.0014313352	0.010903439	0.0013905321	0.0010431336	0.014410394	0.00011318256	0.0031287933	0.0023143939	0.0011240034	0.00028985753	0.00036593835	0.00039861	0.0011063352	0.00030702393	0.00046360545	0.0018157667	0.00083454896	0.0013423145	0.0011762365	0.00034751225	0.0057208952	0.0040079667	9.835456e-05	0.07624365	-23.04087448120117
s07e08a	535.0	5.0	0.82052565	0.82052565	0.2804081	0.060003277	0.0007345396	0.0023990602	0.008569687	0.0029620542	0.0018137712	0.0021204413	0.00031013912	0.00035351995	0.0022745696	0.0034763287	0.0013972718	0.00039667936	0.0007777373	0.00046626639	0.00062770746	0.0026382292	0.0034837849	0.0026412145	0.0011404466	0.0030440139	0.0009595887	0.0040780003	0.05751468	0.012423797	0.006236322	0.0012255628	0.0009809069	0.0010783215	0.0039855414	0.0006775389	0.00037821385	0.0014152896	0.0004976025	0.00058784825	0.0007523782	0.00039501034	0.00020345839	0.0007523782	0.00075972994	0.0036629967	0.0034135883	0.00025200957	0.00021888349	0.0010791359	0.0006998812	0.0005156548	0.0012825087	0.0028317405	0.00029776903	0.002310363	0.0007321066	0.0062342333	0.0013008873	0.009434605	0.0004714356	0.0009334788	0.004785185	0.000391075	0.0058075762	0.0034879178	0.00055402506	0.00055969786	0.0010439731	0.0034896831	0.0011314416	0.00031353784	0.019234223	-23.439430236816406
s07e08a	540.0	5.0	0.7755969	0.7755969	0.018440994	0.048588686	0.00015962568	0.0041600564	0.29283866	0.0010852608	0.0021637997	0.0053285444	0.0007122963	0.0003185761	0.0043798657	0.001142763	0.0016681992	0.002378393	0.0021222187	0.0010424813	0.010711166	0.021711564	0.0054912223	0.0054912223	0.0019505157	0.011201246	0.00195219	0.011201246	0.049835056	0.0054143467	0.002393757	0.00097589707	0.00029705337	0.0007777376	0.0024520585	0.00040559968	0.00036976248	0.0023596168	0.0013760974	0.0023596168	0.010518371	0.0050556767	0.00075744267	0.010518371	0.0006015363	0.005004642	0.016386108	0.0018214865	0.0018972794	0.001824685	0.012360479	0.0009863024	0.0035747103	0.005696306	0.0013038862	0.0031591605	0.0006920772	0.0043809447	0.0034793115	0.0077775405	0.00037483277	0.0017303918	0.0004870909	0.00045877582	0.001452304	0.0006968716	0.0011585498	0.003136501	0.0014770706	0.009899741	0.0018367139	0.00026849873	0.005103439	-23.03478240966797
s07e08a	545.0	5.0	0.757637	0.757637	0.036748774	0.0350057	0.0011168146	0.0040675793	0.043464635	0.003636925	0.00260909	0.0012191405	0.0004071357	0.0010595103	0.003085584	0.012403254	0.0014782597	0.00023035688	0.0035732263	0.002050322	0.012239661	0.006410837	0.029715763	0.027809981	0.003021827	0.41490623	0.013434422	0.41490623	0.035798687	0.00933411	0.0043661096	0.0010860763	0.00025227258	0.00071813376	0.003167665	0.0009263253	0.00042877172	0.0018945931	0.0013693633	0.0006617605	0.0023428916	0.0012409408	0.00018829462	0.0023428916	0.0010005063	0.0056535625	0.0077145905	0.00062544236	0.0004334542	0.0008992386	0.0038183408	0.0047122957	0.0007347731	0.006827194	0.0004350736	0.0014059719	0.00064157933	0.010021855	0.00023909843	0.0025880088	0.0005402327	0.0015590013	0.0019676895	0.00041115374	0.0022854307	0.0011512433	0.0005194029	0.0020908853	0.0007195635	0.002219547	0.0025961823	0.00013389769	0.010851945	-25.16792297363281
s07e08a	550.0	5.0	0.8309741	0.8309741	0.075575694	0.08522801	0.0007631076	0.007949271	0.16796729	0.0024963836	0.0027109035	0.0024607517	0.00060365535	0.00063418073	0.0018721884	0.01845728	0.0023785627	0.0004602559	0.0033578866	0.00050861033	0.02329814	0.024711365	0.0043405313	0.0043405313	0.0015500977	0.009019419	0.004347723	0.009019419	0.042419884	0.01657306	0.011555186	0.0017569043	0.00061987207	0.001351812	0.007026991	0.0005814177	0.0005435321	0.0024169155	0.0024169155	0.0012285818	0.0044254926	0.0029212225	0.00048506013	0.0044254926	0.001707599	0.012578741	0.009194259	0.0016203916	0.0013126826	0.0031739227	0.004123761	0.0014182066	0.0025387204	0.0049844356	0.0008639872	0.00085424667	0.0010725387	0.004768261	0.001414193	0.004122731	0.00050240953	0.0015091599	0.00061559305	0.00053615397	0.0026374627	0.0011907592	0.0024353757	0.0020325186	0.00072814093	0.01037635	0.0054808804	0.00011645713	0.0071768956	-23.43292236328125
s07e08a	555.0	5.0	0.8727572	0.8727572	0.080898285	0.1372154	0.0006822304	0.0012630739	0.011547107	0.003817525	0.0012531171	0.003080151	0.00054105616	0.00020153077	0.006136827	0.006468088	0.0014075234	0.00015665534	0.0011824786	0.0005047014	0.00027343424	0.0021649657	0.02333127	0.02333127	0.00067387737	0.016759021	0.005525362	0.016759021	0.022236068	0.0072588497	0.004385844	0.00068036275	0.0005016541	0.00066451315	0.0013997996	0.00039367354	0.00022315216	0.0016320655	0.0006337001	0.00075063546	0.0006084426	0.00048794737	0.00030125675	0.0006084426	0.0007009893	0.003318645	0.004352533	0.00016013118	0.00024604652	0.00092603144	0.0006647729	0.0004500817	0.0013034305	0.0018431689	0.00073069375	0.0017181917	0.00045323628	0.013767775	0.0008578864	0.02821666	0.00023919078	0.0017328538	0.00628644	0.00026590406	0.009286632	0.0017892206	0.00053481746	0.0007025382	0.00056225766	0.004327017	0.0013544487	0.00015229535	0.014841916	-22.58032989501953
s07e08a	560.0	5.0	0.1610202	0.12316294	0.012681972	0.0075913356	0.0001946206	0.0023254824	0.18232268	0.0020835458	0.003053562	0.0008153221	0.0002927425	0.00053271296	0.0097022895	0.0010430475	0.011398597	0.0044975085	0.00409888	0.0005671281	0.0025936891	0.005036835	0.029168664	0.029168664	0.0012760588	0.051805176	0.0031521823	0.051805176	0.025741862	0.008108248	0.0023682185	0.0016089948	0.00093562744	0.0015094582	0.0016791038	0.00032710368	0.0003443811	0.0016028685	0.0016028685	0.0013439558	0.001072461	0.0019440518	0.0005776591	0.0019440518	0.0004246443	0.0024960034	0.010163842	0.0009811134	0.00052332977	0.00048453332	0.009123348	0.0007933635	0.004270012	0.0024100959	0.00035143577	0.00078280934	0.0010991299	0.0013012653	0.00052188267	0.0009326817	0.0007753231	0.0018030428	0.00068183744	0.00029733984	0.004039662	0.000827214	0.00035881237	0.003542586	0.000767197	0.0016282342	0.0006145967	0.00023516991	0.004039662	-25.973468780517575
s07e08a	565.0	5.0	0.72086424	0.72086424	0.09840796	0.009016861	0.00018025612	0.0035418302	0.14295644	0.0006825715	0.0024679524	0.0021167728	0.000241453	0.00040097904	0.00096868083	0.025498362	0.0007764321	0.0007276748	0.0049440735	0.00033848855	0.039632104	0.06104525	0.010863333	0.0041434765	0.0024314702	0.0160268	0.0027522354	0.0160268	0.040324196	0.010601344	0.005890907	0.0010431833	0.0003968214	0.0008259247	0.006772201	0.00051451894	0.00039735457	0.0025048603	0.0025048603	0.0010939769	0.002400856	0.0046239425	0.00045121234	0.0052526863	0.001233671	0.009647566	0.00886747	0.004085409	0.0012170533	0.0013151792	0.03660605	0.0017581041	0.002234339	0.005861892	0.0002235551	0.0014354119	0.0009781357	0.0008967667	0.00016678663	0.0002715551	0.00041752667	0.00079845946	0.00073990325	0.0012289598	0.0016529048	0.0004541401	0.0015917837	0.0017134724	0.0005772787	0.002689081	0.0016689133	0.00015256643	0.015578959	-24.137142181396484
s07e08a	570.0	5.0	0.5662969	0.5662969	0.005543965	0.0057014422	0.00096560776	0.0036225596	0.009323296	0.0014367102	0.030227862	0.0070662065	0.00012637429	0.00013885654	0.00090430886	0.008171724	0.0007784535	0.0005608797	0.00062363996	0.00021399198	0.0039859144	0.003985734	0.007072858	0.0029047441	0.007072858	0.012542724	0.0039529395	0.012542724	0.79041606	0.2560775	0.18819043	0.0006672604	0.0005046023	0.0005073596	0.09001947	0.0004460274	0.004913629	0.0017704092	0.0017242923	0.00032225825	0.002955496	0.0047531603	0.0002308811	0.0047531603	0.00031443677	0.0071130954	0.0150474915	0.0014882655	0.003569544	0.0007904066	0.002962775	0.0029541138	0.0014741122	0.0036955243	0.0010188217	0.0014337853	0.00029107658	0.0016385199	0.0034259942	0.00097369315	0.00060929335	0.0010753778	0.00059921964	0.00038110605	0.0006623956	0.003120989	0.0025530572	0.002506566	0.0005200474	0.0023778342	0.003309974	0.0002597435	0.01120658	-23.20468139648437
s07e08a	575.0	5.0	0.8149738	0.8149738	0.08505328	0.26750147	0.00063661695	0.0031308301	0.01217396	0.013173772	0.012454444	0.010447236	0.00040995068	0.0003505858	0.005827828	0.0026645686	0.0011494161	0.0004594143	0.0053493944	0.0013242048	0.0009272171	0.0045318054	0.0057018287	0.0025300449	0.0014050029	0.0018183473	0.000977121	0.0026061744	0.09820153	0.012372009	0.0044012517	0.0027217022	0.0014170388	0.002474575	0.006677459	0.0006617722	0.0010576803	0.0013808669	0.00052583136	0.00046369582	0.00053140125	0.0002493395	0.00018357825	0.00053140125	0.0014595747	0.0032035338	0.005785299	0.0002599764	0.0004613738	0.0008120617	0.0011801313	0.0008932005	0.0010948683	0.013300082	0.001671962	0.027921662	0.0028276665	0.007866127	0.0008974463	0.005905753	0.0008109169	0.0030639616	0.009392293	0.0004296807	0.0069233375	0.0037481955	0.0006718753	0.0024174016	0.0018254633	0.00537668	0.0036350521	0.0014488547	0.022544311	-24.84499168395996
s07e08a	580.0	5.0	0.8571643	0.8571643	0.038773324	0.013962398	0.0012084093	0.0018165887	0.25761202	0.002428345	0.001203388	0.0072188964	0.00017786499	0.00035028043	0.0049738022	0.002601356	0.010776634	0.003826917	0.0011392283	0.0002711378	0.0010560765	0.07951327	0.0076826112	0.004689408	0.0045998027	0.002590319	0.0007882396	0.0031343144	0.03421635	0.005909861	0.0024754992	0.00047379878	0.00020070809	0.00055036397	0.0027622774	0.00038232072	0.00024566092	0.003713013	0.003713013	0.001369551	0.0056993696	0.009769058	0.00048113716	0.009769058	0.0015272807	0.009061411	0.007691341	0.0018960084	0.0009989281	0.0006614209	0.006136623	0.0013725732	0.0019977782	0.003591641	0.00025936266	0.0010909806	0.00065627304	0.0047903955	0.0005145094	0.011105217	0.0011163503	0.0014463024	0.00075592694	0.0004191945	0.0025539207	0.0012940906	0.0010323579	0.0033278323	0.0028034532	0.0031460333	0.0018284356	0.0005077164	0.0033278323	-25.86104965209961
s07e08a	585.0	5.0	0.8363675	0.8363675	0.02654509	0.109804004	0.00018397463	0.0025590127	0.0039980425	0.0012006663	0.0015339771	0.005931024	0.00027021547	0.00025002888	0.0005643933	0.0074852803	0.0013072392	0.0001426122	0.00045279408	0.0008375152	0.0007407424	0.015323972	0.004732008	0.004710353	0.0030755848	0.0032248946	0.0012132695	0.004371631	0.16341627	0.005883846	0.0014604214	0.00093138654	0.00050513097	0.0013746833	0.004184856	0.0002808984	0.0009140017	0.0059949234	0.0032897897	0.0059949234	0.008981281	0.0055241645	0.0017124303	0.008981281	0.0025247014	0.01453312	0.018392004	0.0011653417	0.0008398216	0.0010125417	0.003887415	0.0031407063	0.0024084363	0.002538538	0.0014039703	0.0009083746	0.0010726848	0.00596463	0.0015441234	0.004424121	0.00036941757	0.0008864448	0.0009218011	0.0003525453	0.0038110276	0.001237252	0.001474185	0.00091134245	0.0009974963	0.011615408	0.005200028	0.00023037115	0.005200028	-23.891651153564453
s07e08a	590.0	5.0	0.7801045	0.7801045	0.0036030058	0.032774907	0.00018488748	0.0010054398	0.0017417711	0.00057608605	0.0011097387	0.006513647	0.00039713946	0.0001247329	0.0027149725	0.017229788	0.0009202036	0.0001428723	0.0002784424	0.00058546686	0.00022838579	0.0023406234	0.053675752	0.014968401	0.0011826735	0.006449214	0.0035103338	0.010768413	0.050837733	0.0024825106	0.00064145797	0.00041156058	0.00039639682	0.00029882698	0.0013893255	0.0001553776	0.0003152935	0.0069272723	0.0069272723	0.004071187	0.00193026	0.0021909445	0.0011689428	0.0021909445	0.0030252263	0.027157867	0.04353255	0.00040485995	0.00051373924	0.0006681258	0.0033022494	0.0063959043	0.0028082267	0.035366245	0.0004328798	0.0043858727	0.0007356363	0.0013030525	0.0006241662	0.005888774	0.0025296526	0.00087658456	0.0004805853	0.00024523196	0.0034153892	0.00082418945	0.0032856397	0.005426331	0.00049394905	0.008442916	0.0010084608	0.00018026092	0.032840326	-25.043460845947266
s07e08a	595.0	5.0	0.8212372	0.8212372	0.010307391	0.115577176	0.0007620197	0.0010544966	0.0021241717	0.0011818953	0.0021657096	0.026641227	0.00034562533	0.00020057571	0.002981954	0.017374532	0.0016645652	0.00028383438	0.0026414709	0.00040641846	0.00043146778	0.0012556261	0.018767897	0.009205486	0.0034174253	0.005481996	0.0029528304	0.005481996	0.0516174	0.005688393	0.0020764216	0.0010325242	0.00044322413	0.0007619548	0.0021217694	0.0012450675	0.00029544882	0.0065926816	0.0016450116	0.0012864077	0.0011147036	0.00066753355	0.00042745576	0.0011147036	0.0014569041	0.0034870247	0.005654876	0.00020875785	0.00078599283	0.00057954434	0.0015832651	0.0025875214	0.0013574731	0.007469706	0.0016113981	0.008254749	0.0015045597	0.0017968845	0.0015952096	0.069895424	0.00024597146	0.0007302573	0.0021194275	0.0003790993	0.0030741303	0.002525099	0.0008848179	0.0025679606	0.0011816719	0.007997969	0.0079274345	0.0012258909	0.020549497	-25.86990737915039
s07e08a	600.0	5.0	0.81290483	0.81290483	0.022529092	0.08965498	0.00023268463	0.0018880274	0.29637986	0.0014965764	0.00276912	0.017435296	0.00036731717	0.00034477905	0.0037575318	0.0016174051	0.0043334747	0.0051932638	0.0043241624	0.00044773179	0.003918801	0.011158505	0.0053022066	0.0053022066	0.0010387393	0.0015746468	0.0006316569	0.0015746468	0.02981872	0.0045532943	0.0020294867	0.0009897731	0.00022586643	0.0006547234	0.0013757029	0.0003181463	0.00026557315	0.003961333	0.0012060658	0.003961333	0.0021328542	0.0026404946	0.001995968	0.0026404946	0.0006702119	0.0026654392	0.006427588	0.001058985	0.00046052225	0.0006795352	0.0062680813	0.0006944186	0.0027094032	0.0052102944	0.00051243394	0.0014417088	0.00075728394	0.00330665	0.0008480897	0.023625826	0.00050094095	0.0009707087	0.0007649041	0.00025737795	0.0010096615	0.0007895582	0.0004730458	0.0037080138	0.001057708	0.0043028393	0.001360071	0.00030152366	0.0037080138	-24.03228759765625
s07e08a	605.0	5.0	0.85758644	0.85758644	0.033818483	0.051048066	0.0005356585	0.0038177425	0.2440284	0.0015077378	0.0013741932	0.0044531757	0.00012194227	0.00037474954	0.0033503964	0.004018871	0.0034667382	0.0030489888	0.0022039057	0.00060974446	0.0019546202	0.24244103	0.027125003	0.027125003	0.0018491793	0.024121502	0.0014317298	0.024121502	0.03030591	0.0066149537	0.003039615	0.0005820362	0.00025192357	0.0005568906	0.0019285842	0.0004192812	0.00029388626	0.0006239762	0.0005736396	0.0006239762	0.0011889595	0.0007839597	0.00024905294	0.0011889595	0.0006165022	0.0023067105	0.0038292133	0.0010405693	0.00070155365	0.00078281603	0.002479809	0.00266142	0.0013521211	0.004059374	8.689275e-05	0.0009821717	0.00062418083	0.0037746264	0.00016403054	0.0012558271	0.00060612714	0.0014722792	0.00050527084	0.00026856962	0.0024294828	0.00021849274	0.0013904063	0.0032835572	0.0012825015	0.002066172	0.0031561225	0.0001230191	0.0058482303	-24.77778434753418
s07e08a	610.0	5.0	0.8857721	0.8857721	0.040083066	0.10304411	0.00020313043	0.00076365244	0.0012340766	0.0008930039	0.0012304034	0.004543053	0.00014543247	0.00023079789	0.006540188	0.0072455117	0.0029597313	0.00013950779	0.0011009565	0.000247347	0.0003374202	0.0025561932	0.0056517	0.0020626443	0.0015049716	0.0019423233	0.0011135092	0.002482527	0.01791904	0.0038379983	0.0021692994	0.00081126427	0.00037984416	0.0006828038	0.0015102632	0.0005905545	0.00017438563	0.0050783358	0.0030768497	0.0048834914	0.0016373909	0.0014138063	0.0015841759	0.0016373909	0.003325205	0.0074669737	0.013308933	0.00077246205	0.0004259865	0.0010566225	0.0022793706	0.0034314198	0.0024281382	0.006031321	0.0006388714	0.0034772472	0.0014748892	0.0031849078	0.0014090925	0.032058362	0.0015316651	0.0012698857	0.008309521	0.0001379587	0.0041943514	0.004775635	0.000955238	0.0010228787	0.0011766108	0.016730852	0.0011247258	0.0003006278	0.01263325	-23.362207412719727
s07e08a	615.0	5.0	0.87164277	0.87164277	0.2063034	0.012054579	0.0004981846	0.0030642615	0.14939041	0.002645739	0.0027659591	0.0020109324	0.0036319518	0.00028637968	0.006409297	0.0033230246	0.003332967	0.000998099	0.0019149291	0.00032751437	0.006002811	0.008322376	0.004552668	0.002683325	0.0025743453	0.0010391684	0.0007442534	0.007665715	0.028856838	0.009516973	0.0034613374	0.0016094148	0.00041004174	0.001751782	0.0017780089	0.0003616352	0.00017656793	0.0023744002	0.00082870317	0.0020354541	0.0039057378	0.0014231672	0.00085771346	0.0039057378	0.0016239068	0.0055124727	0.0113034425	0.0008067906	0.00069828756	0.0007947528	0.004864254	0.0021078053	0.004004165	0.01654471	0.00016822424	0.0023055244	0.0009457226	0.0050390675	0.0006729214	0.011375643	0.00047247417	0.000773193	0.0015913805	0.0003807422	0.0042062504	0.0019961046	0.00087571505	0.0021591256	0.0015222977	0.004963413	0.0032250187	0.0023459387	0.0069328644	-23.891246795654297
s07e08a	620.0	5.0	0.73728174	0.73728174	0.0153759075	0.02440786	0.0024540867	0.0021360738	0.33064836	0.00442431	0.0029125616	0.0074971537	0.0007044449	0.00044182513	0.015003892	0.002193068	0.0111292	0.0066717146	0.0010241898	0.00058602565	0.0042650234	0.024465311	0.0044840467	0.0044840467	0.002494552	0.005255236	0.0013339771	0.005255236	0.056793295	0.0050612586	0.0012209493	0.0006912717	0.0002282972	0.0007125221	0.0038427885	0.0008130079	0.00052116386	0.002935295	0.002935295	0.0012063093	0.0024094128	0.0046773674	0.00074902084	0.0046773674	0.0010998438	0.0065890476	0.010594668	0.0035169637	0.0035517325	0.0008878421	0.079435326	0.0009847479	0.0023906983	0.0026895439	0.0009696467	0.0008322455	0.0007756682	0.003952658	0.00066104316	0.000999226	0.0014440013	0.0009771655	0.0009192239	0.0017252159	0.0024307927	0.00020544209	0.0011326834	0.003412096	0.0025962268	0.003115192	0.0033649937	0.0005876516	0.032597728	-23.94158935546875
s07e08a	625.0	5.0	0.8118143	0.8118143	0.06739669	0.0090716025	0.00018920924	0.0012883922	0.20387745	0.0013554003	0.0011857998	0.0007011263	0.0004164752	0.00027596156	0.0027896026	0.0018156093	0.0050604786	0.00067002856	0.0023622708	0.0012145865	0.0043241912	0.048238184	0.006476569	0.0031428884	0.006476569	0.0036033667	0.0005573802	0.0036033667	0.025318693	0.008346503	0.0034366974	0.00093580654	0.00030129723	0.0009992112	0.0037630426	0.0002912723	0.00027126374	0.0065336046	0.0065336046	0.0017932992	0.007885323	0.023742754	0.000903733	0.023742754	0.0009671002	0.02721236	0.04064769	0.00232933	0.001286747	0.0006319158	0.008823478	0.0009349448	0.011724572	0.0027194382	0.00019865416	0.00081785803	0.00070315576	0.005064165	0.00056814984	0.0015061205	0.00044084992	0.0010674817	0.00034292645	0.0013962374	0.003094222	0.001926784	0.0018121041	0.0034744113	0.0014073598	0.0046906923	0.001967683	0.000286795	0.0034744113	-24.022485733032227
s07e08a	630.0	5.0	0.83619887	0.83619887	0.080945864	0.0065486575	0.0003405876	0.005295097	0.5047177	0.0032357941	0.0014591834	0.0008655141	0.0009205991	0.00043793974	0.0035724998	0.0020707636	0.014545705	0.002052329	0.0021085015	0.0006607185	0.0018913975	0.019435067	0.00752608	0.0029679423	0.002486551	0.0016976254	0.00027724163	0.0016976254	0.03658934	0.008855094	0.00424287	0.0009023538	0.0002856045	0.0013754345	0.0020797283	0.00027180117	0.00034607836	0.00083232805	0.00083232805	0.00056900934	0.0022324868	0.0014178785	0.00030471815	0.0022324868	0.00080771255	0.004908554	0.004831904	0.0006148709	0.0011693995	0.00041393694	0.0035858217	0.00087231304	0.0031734188	0.0031338064	0.000110666144	0.0005597526	0.0007203731	0.0066622566	0.0004217236	0.0009117294	0.00034938377	0.0009533823	0.00027043998	0.0004990565	0.0029681693	0.00057217566	0.0019518993	0.0122124115	0.0020223765	0.0014300238	0.0024850732	0.00013605878	0.0122124115	-24.056884765625
s07e08a	635.0	5.0	0.85528386	0.85528386	0.07576033	0.006282342	0.00071475067	0.0022616973	0.45256895	0.0009049075	0.0014153206	0.0026547974	0.00012725168	0.00045995324	0.0029728466	0.001454955	0.008361264	0.0021161838	0.003054192	0.0001750375	0.004653526	0.08084518	0.0057661864	0.0057661864	0.0014748808	0.008706979	0.0012679995	0.008706979	0.012812671	0.006059696	0.0025982228	0.0006283108	0.00017500395	0.000689262	0.001210008	0.0004199268	0.00020239557	0.00036253026	0.00016618466	0.00018450411	0.00043802868	0.00023332376	0.000107596956	0.00043802868	0.0005168545	0.0008422711	0.001143112	0.00023541802	0.0001870977	0.00024742316	0.0024478794	0.0005263398	0.00061017665	0.0075132046	0.00035785825	0.00097530626	0.0003967134	0.002671697	0.00017051715	0.007215668	0.00059556117	0.0006739705	0.0010752651	0.00020687249	0.0015146913	0.0017552519	0.000247414	0.001384881	0.0006308585	0.0021776366	0.0006787019	0.00012196099	0.0060027028	-21.560699462890625
s07e08a	640.0	5.0	0.89560443	0.89560443	0.13187656	0.04331979	0.00026588378	0.0060057472	0.26727194	0.0047617555	0.0029552982	0.0054104524	7.486522e-05	0.00061976723	0.00049561105	0.0015698114	0.0016578387	0.0014671008	0.0020390528	0.0004322341	0.009497862	0.105722725	0.0024545372	0.0018331383	0.0022729146	0.00066357903	0.00017062775	0.0015955089	0.023896353	0.003382973	0.0028186804	0.0008164043	0.0003118963	0.0010236045	0.0031219607	0.000622165	0.00049953884	0.0010290566	0.0010290566	0.00080887676	0.0035518222	0.0019114418	0.0005154983	0.0035518222	0.0005733067	0.004792874	0.007819158	0.0011809174	0.0004929888	0.0009789282	0.004359813	0.0011801269	0.004261287	0.0033443177	0.00035611985	0.0013570427	0.0014865657	0.001249982	0.00016325348	0.00029227123	0.00062736083	0.002164532	0.00028468104	0.0004425864	0.001177745	0.00043183027	0.0015419269	0.0011756177	0.0006968583	0.002339034	0.0021619825	0.00048799947	0.0021619825	-23.9261474609375
s07e08a	645.0	5.0	0.8911978	0.8911978	0.019471856	0.40245223	0.00068973505	0.0027793439	0.17064284	0.0015781305	0.0028272145	0.007612167	6.3062216e-05	0.0002749848	0.0021795947	0.0011340118	0.006978977	0.0009914095	0.003662668	0.00038462452	0.012400854	0.024523305	0.004414971	0.004414971	0.0007947096	0.0050920723	0.0005866259	0.0050920723	0.039309178	0.00663965	0.0025799223	0.0013850512	0.00020972747	0.000706484	0.0023890804	0.00038254622	0.000408915	0.00055454625	0.00030695807	0.00055454625	0.00073486625	0.0005003564	0.00020895102	0.00073486625	0.000614123	0.00091148616	0.0031983792	0.0006608432	0.00047326388	0.0009367415	0.0035498329	0.0003568665	0.00074922433	0.0035390477	0.0007096454	0.0009392912	0.00046373493	0.002267431	0.0013888883	0.013478467	0.0001701277	0.0013268574	0.0007145811	0.00016538668	0.0017486262	0.00033404442	0.00019701982	0.00088521966	0.001173531	0.0017968041	0.0054768454	8.730563e-05	0.0054768454	-23.657886505126957
s07e08a	650.0	5.0	0.88918966	0.88918966	0.003484858	0.32577783	0.0010738146	0.00025710324	0.0033591634	0.0011851545	0.0028418866	0.04271365	8.9973146e-05	0.0005964652	0.0032786373	0.001140525	0.0008244165	0.0005502263	0.0062543773	0.0006501773	0.0001517438	0.00052068126	0.0069755577	0.0069755577	0.0013480014	0.0033435137	0.0013299355	0.0033435137	0.17163698	0.013988807	0.0035602194	0.0017340108	0.001229561	0.0013180495	0.00655204	0.00081623276	0.0012198003	0.0013440972	0.00047724682	0.0012797699	0.0005915871	0.00026127748	0.0004560974	0.0005915871	0.000683819	0.0013459527	0.0020228298	8.548253e-05	0.00017635744	0.00060114113	0.00080580945	0.00071967463	0.00080899935	0.001230901	0.00058912317	0.0023093664	0.0011968999	0.0049969545	0.0045815343	0.07161232	0.00017413225	0.00079336576	0.00085580355	0.00012878035	0.008218772	0.000755185	0.00046504303	0.00049802056	0.00054212427	0.0057386146	0.000440343	0.00021448222	0.008218772	-24.218637466430664
s07e08a	655.0	5.0	0.8179845	0.8179845	0.0017019203	0.19333577	0.00022328028	9.710059e-05	0.0004920093	0.0007429095	0.0014623272	0.012862779	9.340761e-05	0.0001340538	0.0018666054	0.0014218586	0.0011045535	0.00010275261	0.0053283954	0.00024403566	0.00011519923	0.0001502092	0.002016544	0.00068182964	0.00046503215	0.0017129953	0.00077573024	0.0017129953	0.093966015	0.01040199	0.0023659056	0.001622631	0.00071689545	0.0011835159	0.0022512162	0.00053976435	0.00038302166	0.0017820547	0.00038141446	0.0017820547	0.00021747265	0.00022466792	0.0004888048	0.00022672971	0.00057713577	0.0006654708	0.0013202507	8.483255e-05	4.8375343e-05	0.00039206384	0.00093136134	0.00030303063	0.000610218	0.0011532195	0.00050469156	0.0036277163	0.003974136	0.0008772317	0.0017342524	0.034171958	7.3329276e-05	0.00033495712	0.001091136	9.7673386e-05	0.0026956955	0.0005281309	0.00013048717	0.0011284847	0.0012708089	0.0107320445	0.0007288897	0.00021547513	0.018253213	-24.8017520904541
s07e08a	660.0	5.0	0.77776444	0.77776444	0.033012606	0.009792075	0.00029330992	0.0011848831	0.32710165	0.00056465156	0.0023387535	0.0022774888	0.00023736242	0.00013027209	0.010548339	0.006874646	0.0013920121	0.0011028942	0.01922193	0.00018393427	0.0023760046	0.003640066	0.0016842929	0.0010675641	0.0014532455	0.00086334615	0.00025297783	0.00086334615	0.01986456	0.0035348295	0.0016372498	0.00047445545	0.00012236534	0.0003865792	0.001233247	0.0002882064	0.00018394901	0.0004493465	0.00021635873	0.00023016983	0.00030872136	0.000259014	9.989573e-05	0.00030872136	0.0016668268	0.0010590319	0.002913433	7.8350575e-05	0.00024852043	0.00013024204	0.0013800056	0.00079762825	0.0028286965	0.052592885	0.00023559945	0.017836856	0.002111771	0.0018565182	0.0008898133	0.017198006	0.00080842595	0.00048485806	0.00043388535	0.00030075913	0.0014256393	0.0063365796	0.0007966601	0.021784805	0.0022491952	0.005749936	0.034713753	0.000162255	0.034713753	-22.588491439819336
s07e08a	665.0	5.0	0.8842042	0.8842042	0.17895886	0.006808463	0.00068725296	0.0030007288	0.06232697	0.0031126535	0.00052110973	0.0007924323	0.00048220463	0.00013693616	0.00587827	0.0031009393	0.002043883	0.00032598077	0.0011388997	0.0012895653	0.0013747036	0.031291746	0.007053305	0.0014165815	0.007053305	0.002934176	0.00074824505	0.002934176	0.017226923	0.002748955	0.0017697427	0.00039340495	0.0001661479	0.00045300345	0.001618569	0.0007277996	0.0001439953	0.005992724	0.005992724	0.0028557924	0.008520708	0.022244118	0.0011099417	0.022244118	0.0020367787	0.019607035	0.02712343	0.0026485387	0.00041339413	0.0016682999	0.0027381487	0.0015063717	0.0045632124	0.0047709867	0.00021341127	0.00054788124	0.0007804054	0.0060786973	0.0033761535	0.006002059	0.0010548558	0.001087974	0.0005315373	0.00061999314	0.004084901	0.004344069	0.0017298902	0.0016009826	0.0015131264	0.009940281	0.0019746094	0.00020784007	0.0059065595	-21.6256046295166
s07e08a	670.0	5.0	0.3916213	0.3916213	0.026980456	0.008806076	7.210628e-05	0.0022089626	0.00402121	9.687252e-05	0.008002725	0.0011711435	4.4745888e-05	0.00037305854	0.001400117	0.0034027272	0.00022037215	9.376744e-05	0.01392233	0.0002269014	0.65817195	0.03690515	0.000614363	0.000614363	0.0005263353	0.0020246597	0.0002614457	0.0020246597	0.08110599	0.043212514	0.0083949845	0.003652683	0.00051177596	0.0020380917	0.011780018	0.0005073833	0.00049863284	0.0006679116	0.00027154863	0.00048791434	0.0007070478	0.0003188827	4.1284027e-05	0.0007070478	0.00020993073	0.0008586109	0.00044175438	0.000113427384	0.00015999062	0.00035910477	0.0015265973	0.00012533728	0.00013291843	0.0014192713	0.00017388536	0.0005156624	0.0007432101	0.00038715603	9.592461e-05	6.361907e-05	0.00011288141	0.00032507925	0.00056091655	0.00053535635	0.0005884363	0.00049882225	0.0001659011	0.0006488273	8.127769e-05	0.0013045078	0.001239577	0.00019254578	0.0018978539	-22.95629501342773
s07e08a	675.0	5.0	0.40008488	0.40008488	0.021906111	0.006681129	0.00022406914	0.0026258132	0.090018794	0.00027168356	0.0022527946	0.003802832	0.0001019694	0.00048150905	0.0010302092	0.02037117	0.00055791996	0.0006448824	0.017235756	0.00014400328	0.12017607	0.13141824	0.004398039	0.004398039	0.0025176217	0.011559043	0.0022510139	0.011559043	0.063269906	0.018194726	0.006909679	0.0018391781	0.00068974827	0.0016225205	0.0053831837	0.0007789239	0.0005808544	0.0014794144	0.0014794144	0.0011500611	0.0029869215	0.0017857567	0.00023862884	0.0029869215	0.0010417526	0.006359508	0.0031213155	0.0012472675	0.0004957093	0.0011408384	0.016240554	0.0013999381	0.0017123527	0.0017555484	0.00022462574	0.0012879543	0.0012056959	0.0006487679	0.00014458224	0.00039484957	0.00034350166	0.00090290984	0.00088642753	0.00053501024	0.0026558368	0.0007363099	0.0010736878	0.00082710205	0.000307886	0.0032002223	0.0021735043	0.000509558	0.004425972	-24.478273391723636
s07e08a	680.0	5.0	0.7402594	0.7402594	0.051410582	0.013182317	0.00041989997	0.004359368	0.38249466	0.0010917193	0.0021482154	0.002520845	0.00025323554	0.0004984589	0.0009987073	0.004967036	0.0010121372	0.002627943	0.002355968	0.00021605032	0.01407949	0.19381963	0.0053542964	0.0053542964	0.0012302517	0.003902519	0.0010284558	0.003902519	0.051795546	0.008175296	0.003092772	0.00063363457	0.00037781618	0.00086067425	0.004262086	0.0016618258	0.0009416541	0.00086394075	0.00086394075	0.00043949398	0.0021093604	0.0014861899	0.00018381768	0.0021093604	0.0004051831	0.0035264182	0.0016655369	0.00052365864	0.00047185982	0.0006035943	0.00463065	0.0013179529	0.0008151404	0.003905693	0.00024845195	0.00054301164	0.00044000562	0.0009809345	8.480699e-05	0.000531459	0.00052117085	0.000845504	0.00030890977	0.00024208461	0.0016637096	0.00036993244	0.0009490092	0.0021862888	0.000663771	0.0013345369	0.0020807418	0.00029254748	0.004782942	-25.815942764282227
s07e08a	685.0	5.0	0.88904697	0.88904697	0.16378704	0.021957032	0.00023906173	0.0036311755	0.17476022	0.0013269052	0.001692587	0.0008184232	0.0021318914	0.00032767176	0.017033521	0.0043550795	0.0029405581	0.00092001155	0.0016365836	0.0006905928	0.0029777493	0.014828966	0.008588859	0.0041315267	0.0008184369	0.0036849333	0.0011614044	0.0036849333	0.02136848	0.008847418	0.006249691	0.0010405381	0.00035126475	0.00084650074	0.0017303037	0.00029500775	0.00017142307	0.0019512986	0.0015063243	0.0019512986	0.0050632786	0.003087842	0.0006121157	0.0050632786	0.0009303879	0.005847956	0.0044723204	0.00082136114	0.00037472544	0.00083031284	0.0017443341	0.0014527536	0.0010117028	0.004325524	0.00012556266	0.0017695001	0.00041268262	0.0022504744	0.00021810102	0.009047964	0.0008194689	0.0006140967	0.0007540391	0.00017705551	0.00389895	0.0008486527	0.0007341715	0.0016715092	0.0021490844	0.0033067476	0.002172635	0.000248218	0.00389895	-23.465412139892575
s07e08a	690.0	5.0	0.87039167	0.87039167	0.009786242	0.020810198	0.0005617978	0.0007272169	0.023145545	0.0011058284	0.0009267579	0.008551346	0.00026160353	0.0018342503	0.0036709392	0.010425686	0.010089287	0.00046345431	0.0010173755	0.00038099688	0.00033249997	0.008408404	0.05708799	0.023345377	0.0024043235	0.023636466	0.0036573992	0.023636466	0.05149669	0.0047555882	0.0011712996	0.001436129	0.000977559	0.0010856295	0.0020429904	0.00033302882	0.00050024525	0.010941151	0.0061315275	0.010941151	0.01924101	0.01077577	0.0016737841	0.01924101	0.00767444	0.017888704	0.00928693	0.0008819056	0.00044355277	0.0005015329	0.004800668	0.00456705	0.0025650142	0.0077175917	0.00018818854	0.0013387959	0.0027131643	0.0031894739	0.0003462394	0.0012456961	0.00048068972	0.0012063426	0.00086354895	0.00059661333	0.003090704	0.00093366735	0.00077875843	0.006604613	0.003773787	0.017763618	0.002629282	0.00017047455	0.010847564	-26.054214477539062
s07e08a	695.0	5.0	0.8242755	0.8242755	0.05710279	0.0076501663	0.00016953518	0.0013071315	0.038564723	0.00036847105	0.00091101904	0.004492486	0.00030139321	0.0002831322	0.005360476	0.03824804	0.0013979644	0.00020523925	0.0025116904	0.0004285114	0.0028921156	0.02929049	0.10911488	0.007897639	0.002998477	0.006991943	0.0011557422	0.016960463	0.022891391	0.0019579318	0.000876719	0.00023437123	0.00018937385	0.00017805098	0.0010600636	0.00014211332	8.585439e-05	0.004327683	0.0033012044	0.004327683	0.0013706916	0.0012639571	0.0011017224	0.0013706916	0.0063059805	0.0081487065	0.0037816402	0.0005554357	0.0005573271	0.00039080557	0.0047761514	0.010836794	0.0012470055	0.06387113	5.1757135e-05	0.0058725583	0.0013226722	0.00064233644	8.772825e-05	0.00049062	0.0009973595	0.000997093	0.00017618685	0.0007327306	0.0045157284	0.0011471546	0.0012720998	0.015829092	0.00085946545	0.006320588	0.0052278717	0.00013850981	0.03019946	-25.57010841369629
s07e08a	700.0	5.0	0.06956225	0.06956225	0.006743916	0.0069122976	0.0020056274	0.0013433754	0.006079565	0.04402174	0.004897856	0.0014603948	0.0062065013	7.3503674e-05	0.04238011	0.002546861	0.013192531	0.00076970545	0.0154549675	0.00042802072	0.0013029111	0.008251981	0.008190579	0.008190579	0.0031606413	0.0048229657	0.0016924178	0.008046711	0.11340404	0.018673224	0.006002466	0.0009869575	0.00028362824	0.0012572836	0.0031727822	0.00052055623	0.00073348655	0.005517201	0.0033314512	0.0016872494	0.0006987642	0.0007457109	0.0011676212	0.001046481	0.0009842728	0.0053121774	0.014395711	0.00021082615	0.00096478476	0.0017737199	0.0037241247	0.00061224704	0.0032007836	0.004053853	0.0022960794	0.002862402	0.0044704187	0.0012160891	0.0008502286	0.002249268	5.546232e-05	0.0012606917	0.0012628098	0.001202819	0.0018524457	0.0036251766	0.006140731	0.003032939	0.0016539736	0.0048429132	0.0053857476	0.27881828	0.013001863	-54.49413299560547
