episode_id	onset	duration	talking	speech	man_speaking	woman_speaking	baby	shout	laughter	cry	singing	kids	groan	whistling	breathing	walking	mouth_sounds	fart	hands	heartbeat	cheering	crowd	mammal	dog_bark	cat	rooster	duck	bird	music	musical_instrument	guitar	piano	organ	electronic_instrument	percussion	bell	ambient_music	weather	wind	rain	river	wave	thunder	river_sea	fire	boat	car	traffic	car_honk	emergency_vehicle	train	cycling	engine	door	doorbell	knock	dishes	radio_tv	dryer_vacuum	zipper	keys	alarm	telephone	whistle	mechanisms	tools	boom	bang	glass	water	beep	silence	sudden_noise	db
s07e07b	0.0	5.0	0.8081831	0.8081831	0.068494186	0.011747589	0.00038604523	0.003485267	0.20755881	0.00050859625	0.005205848	0.0013086811	0.0001891115	0.00012560732	0.0014940895	0.004504829	0.0016373987	0.000975514	0.002952662	0.00054244493	0.0077879755	0.02414122	0.0049324003	0.0019463355	0.001146942	0.0008377032	0.00026772596	0.0008377032	0.04183853	0.007903724	0.003862626	0.0014427553	0.0004184016	0.00080293324	0.0025340745	0.000189473	0.00017483933	0.0013627452	0.0007781097	0.00076613005	0.0009601974	0.00086937984	0.00043724288	0.0009601974	0.0005477932	0.0029425442	0.007182599	0.0005921451	0.0005606979	0.0005910275	0.004463752	0.0032157414	0.0037397812	0.01337016	0.00016963818	0.0018732963	0.00050498487	0.0056468733	0.00029169608	0.0018287714	0.0007494907	0.0007454718	0.00028335257	0.00019418889	0.0042602695	0.0025959539	0.0007721761	0.0036873624	0.0012912012	0.0034276359	0.0016311008	0.00065213034	0.008693638	-24.62196159362793
s07e07b	5.0	5.0	0.8345186	0.8345186	0.035890553	0.005914449	0.0006411585	0.005359126	0.26898298	0.0007090667	0.0025046351	0.0011256434	0.00018616789	0.00033221924	0.0015559641	0.009248174	0.0024248406	0.0006593811	0.0017208133	0.00045025782	0.009742902	0.19229418	0.0049330816	0.0049330816	0.003363793	0.004067023	0.001106136	0.004067023	0.085235335	0.011216498	0.0041341446	0.0011920547	0.0004462794	0.0012601105	0.011193812	0.00065094867	0.0006924133	0.004088204	0.0040266854	0.0016516682	0.0056509627	0.006694316	0.000875122	0.007529397	0.0018608901	0.01780951	0.011558972	0.0032281487	0.0015745403	0.0008394111	0.012446282	0.0026037747	0.0058916914	0.0035175353	0.00023549907	0.0004316029	0.0012291952	0.0022235436	0.0002338128	0.00063122	0.0013267499	0.0017240889	0.00021975968	0.00042447835	0.001649008	0.001591232	0.0035487334	0.0045472383	0.001245781	0.0033902957	0.003440781	0.0005667023	0.010911355	-21.22501564025879
s07e07b	10.0	5.0	0.7251306	0.7251306	0.035540897	0.0047551254	0.0006630847	0.00037417246	0.004393786	0.0010591929	0.000798623	0.002506363	0.0010062485	0.00015365468	0.00663831	0.0325141	0.0039269696	0.00056653324	0.0008341038	0.0033148683	0.00040803128	0.0018109978	0.04086539	0.016476726	0.002917145	0.094062485	0.0073101483	0.094062485	0.13372992	0.0106602125	0.0024452845	0.0006618261	0.0002066243	0.0015152675	0.0060613733	0.0012264468	0.00046652107	0.012001407	0.009486148	0.0048737847	0.007805409	0.0045851627	0.0016763413	0.007805409	0.0055044377	0.026991531	0.0027482153	0.00031766747	0.0008617977	0.00078843156	0.001053221	0.0050005997	0.0010162517	0.0033945676	0.00013026029	0.0044257827	0.004985689	0.0036944868	0.00016779747	0.010435342	0.00057640515	0.0011060075	0.0016591374	0.0003431763	0.002259542	0.0023113647	0.0016699177	0.0030215424	0.0036705728	0.024382658	0.003549951	0.0002874912	0.00540682	-23.863155364990234
s07e07b	15.0	5.0	0.87280244	0.87280244	0.18634588	0.043130584	0.0009215149	0.002021552	0.004231184	0.0035956998	0.00082075055	0.0019533797	0.0013751914	0.0003888208	0.0021608542	0.026599513	0.0007634683	0.00017572161	0.00043251517	0.0008768602	0.00036798138	0.0047565564	0.03426499	0.009248594	0.0036380552	0.0055610337	0.001404837	0.0055610337	0.09921585	0.0037626638	0.0009110334	0.00041362134	0.00044863304	0.0004700784	0.003100578	0.00055603054	0.00041689648	0.03738488	0.007765179	0.03738488	0.0026306354	0.0059299446	0.008690384	0.0059299446	0.0028616237	0.01127298	0.0035224895	0.00031322622	0.00025751835	0.0014793045	0.001427608	0.0015252685	0.0009228443	0.0029620598	0.00015762523	0.0012397771	0.00047777896	0.010059185	0.00014253444	0.0034683843	0.00036795784	0.0015228377	0.00097484223	0.00036329558	0.0026276708	0.0012615349	0.0031954222	0.0031710607	0.00082533306	0.010888669	0.0037743396	0.00010244365	0.012667149	-20.86845588684082
s07e07b	20.0	5.0	0.8504736	0.8504736	0.0199529	0.0065839873	0.00082723366	0.0005260861	0.010211262	0.0029040538	0.0008287651	0.0034360737	0.00051377964	0.0002591832	0.0015681098	0.008989294	0.0012028087	0.00027676043	0.000584368	0.00015133806	0.00012826062	0.0046841386	0.021065878	0.010546598	0.0031283381	0.012916278	0.0028745774	0.023868373	0.054649595	0.002786034	0.0008490741	0.00033552296	0.00040972212	0.00036573398	0.002676835	0.00021906283	0.0004345381	0.0033861783	0.0021075897	0.0023735352	0.0015864167	0.0012545312	0.00045691506	0.0015864167	0.004660358	0.025963314	0.06990799	0.000325618	0.0017823024	0.0005906513	0.000989665	0.0043770615	0.00442846	0.04602276	0.001146291	0.0030593595	0.00093847816	0.020140257	0.0005155806	0.007215381	0.015669877	0.0010314495	0.0038400933	0.0002747513	0.009033725	0.0020761725	0.0011653384	0.0027655303	0.0005702823	0.0026254198	0.0008322868	0.00032953828	0.02464445	-20.689208984375
s07e07b	25.0	5.0	0.6353887	0.6353887	0.0052150125	0.004197352	0.0012754294	0.0067440374	0.079210065	0.0013841689	0.0354812	0.003203176	0.00054587465	0.0003752518	0.0021005305	0.0013443775	0.00056580664	0.00040769106	0.00067503663	0.0016030419	0.00406421	0.007711554	0.016848326	0.0021739544	0.00082748046	0.006905025	0.0018932708	0.006905025	0.74572605	0.08773187	0.047070175	0.0018379147	0.0016121884	0.0013118739	0.0751198	0.00021161199	0.00713047	0.00052630523	0.00052630523	0.0004338725	0.0023975428	0.0008461338	0.00023253313	0.0023975428	0.00017124908	0.004513125	0.009080123	0.00023310784	0.00031052908	0.00021016585	0.0012132614	0.0012951116	0.0022245264	0.0013089491	0.00016038271	0.00066045724	0.00022488588	0.0019648036	0.0008402826	0.00017392317	0.0002744047	0.0002866064	0.00070403516	0.00014916042	0.00054705754	0.0009335197	0.00068970094	0.0015199829	0.00018627584	0.0041157943	0.00097218546	0.00012729126	0.015471439	-18.20244026184082
s07e07b	30.0	5.0	0.6152738	0.6152738	0.004829791	0.005793846	8.452474e-05	0.0011169481	0.0018363913	0.00015272945	0.0022627541	0.003192427	0.00023289393	0.00010153423	0.0073019653	0.0071379147	0.00015596228	7.439125e-05	0.0008565591	0.0006394312	0.0004488704	0.0019433413	0.030763717	0.0070587867	0.0029972217	0.0029059197	0.0016089611	0.013773105	0.21789534	0.008275088	0.0019285384	0.00077644247	0.00131556	0.0011708122	0.0060119904	0.00091094745	0.0005078449	0.0052765915	0.0036262653	0.0052765915	0.0011684229	0.0010944975	0.0019155645	0.0011684229	0.0018891052	0.0075135957	0.006724234	0.00024496764	0.0001850831	0.00042862745	0.005862609	0.004882344	0.001937731	0.17743506	0.0017005848	0.35447165	0.005382875	0.0056794677	0.0006829935	0.00038159682	0.0006521937	0.00083167874	0.0008154309	0.0003446497	0.015745621	0.0071631004	0.00047689347	0.10952565	0.001315154	0.00904565	0.014125713	0.00039563008	0.10952565	-22.850635528564453
s07e07b	35.0	5.0	0.7711508	0.7711508	0.04857	0.08718113	0.00039844605	0.0035897018	0.010365118	0.0036047588	0.0018395721	0.007523381	0.0028156557	0.0002931897	0.0028203535	0.022003	0.0030177515	0.00017650043	0.0020294597	0.0008055216	0.0010508192	0.004608028	0.024252877	0.007912676	0.0018637275	0.0036912973	0.0025277548	0.0051672235	0.06815111	0.0054115434	0.0013959549	0.0010193513	0.0010162261	0.00087492354	0.0031668113	0.00060412067	0.0008819527	0.009472886	0.0027940604	0.009472886	0.0024053014	0.0022780816	0.00209813	0.0024053014	0.0024351985	0.008522376	0.008787532	0.00040491164	0.0017092109	0.0024832191	0.0027766991	0.004274694	0.0013255153	0.0075697144	0.0010685333	0.0059800865	0.0011594937	0.009781696	0.0008338455	0.005823785	0.0008074336	0.0024760799	0.007111136	0.00037542533	0.008012241	0.000917372	0.0012797706	0.0029410447	0.00063112855	0.013423549	0.006567089	0.0002136937	0.01348727	-20.67253303527832
s07e07b	40.0	5.0	0.67419404	0.67419404	0.046006743	0.02059827	0.0007490951	0.0009258259	0.006715371	0.0011389713	0.0019072699	0.00065557327	0.00085295504	0.0002657193	0.0073221684	0.0073409113	0.0012981484	6.85767e-05	0.00047662584	0.0006762987	0.00035698354	0.002397657	0.013471748	0.013471748	0.0016107776	0.025560034	0.0053933547	0.025560034	0.05427476	0.008200124	0.0029422895	0.0007276804	0.0005857191	0.00086993544	0.0018927852	0.0003238234	0.0003425794	0.0014493011	0.00054493116	0.00045268663	0.0011409525	0.0003273514	0.00014032883	0.0011409525	0.0008999453	0.005195928	0.0036322796	0.00015991894	0.00021661322	0.0007135179	0.00081427244	0.0010474793	0.0010079137	0.0042295423	0.00078035746	0.002409376	0.0045517758	0.017562447	0.0006200437	0.009828747	0.0013029061	0.0015673754	0.0010565178	0.00016871902	0.01447856	0.006457497	0.00071966223	0.00088892813	0.0019452114	0.013252095	0.0025196786	0.000113891365	0.02551977	-22.609107971191406
s07e07b	45.0	5.0	0.8926618	0.8926618	0.027547069	0.05672357	0.0004766867	0.0026142932	0.051269077	0.0011516913	0.001548206	0.011797979	0.0010322664	0.00035152806	0.009583086	0.0033149722	0.002632415	0.0012333327	0.0029355462	0.00086473924	0.0044186153	0.010003441	0.0085762935	0.0085762935	0.0011865557	0.0037165813	0.000907583	0.0037165813	0.02263575	0.0036401576	0.0013952671	0.00068139576	0.00012433818	0.000684609	0.0014393957	0.00021984267	0.00012220629	0.004157363	0.0006349286	0.004157363	0.0030022755	0.0010980499	0.00079995097	0.0030022755	0.00086819933	0.0015735608	0.004460238	0.0005524189	0.00042672476	0.00061296317	0.002858242	0.0018463668	0.0012523428	0.008420571	0.0006943118	0.0012349996	0.00036008543	0.003028657	0.00061364355	0.024015194	0.0003749922	0.0010358118	0.00086225354	0.00025760994	0.0024071066	0.0012155911	0.000513085	0.0018070088	0.0029207836	0.003344909	0.0025866895	0.00038699643	0.0030691728	-20.89848518371582
s07e07b	50.0	5.0	0.85700345	0.85700345	0.050829083	0.021164572	0.0009213362	0.006667674	0.03128377	0.0016142951	0.0013357047	0.0014136032	0.0008864031	0.00017065997	0.00280835	0.007107693	0.0017403432	0.000378817	0.00085375353	0.0009069865	0.0015749197	0.016568499	0.007954293	0.007954293	0.001222216	0.0025289152	0.00066086015	0.0025289152	0.035360746	0.0055756723	0.002448534	0.00063983566	0.0004472856	0.0008946088	0.0031459285	0.0002280968	0.00022619615	0.0015794685	0.0010420708	0.0006307987	0.00072054815	0.00074168434	0.00025322998	0.0007879509	0.0012148017	0.003345601	0.004354277	0.0008668718	0.00043032135	0.001087721	0.0023217981	0.0017054196	0.0015781238	0.019384738	0.00015231191	0.0046684737	0.0010709694	0.003725282	0.0005275893	0.0021774285	0.0011187722	0.0007104787	0.0003747206	0.0002426156	0.0030201036	0.004118909	0.0023303619	0.002448789	0.0008815645	0.0063952496	0.0051432303	7.606743e-05	0.06570765	-21.22280502319336
s07e07b	55.0	5.0	0.9103278	0.9103278	0.29312438	0.058091663	0.001373845	0.0032546362	0.018371155	0.0034866284	0.0010978987	0.0015744842	0.00040896022	0.00054385496	0.025885696	0.0039360444	0.0003588842	0.00025656648	0.0008486858	0.00073895685	0.0007015992	0.010319423	0.004684005	0.004684005	0.003278751	0.008645044	0.0028857118	0.008645044	0.041220624	0.0067632613	0.0030336848	0.00059072225	0.00025283362	0.00060536474	0.003296081	0.0005360789	0.00021962667	0.002175698	0.0009488094	0.0008538247	0.00054657593	0.00066219864	0.00023394145	0.00066219864	0.0011754553	0.003745184	0.0044500735	0.0005259068	0.00044980808	0.0017162004	0.0008375571	0.00052834564	0.0017431313	0.0055082734	0.00019652414	0.002625331	0.0011190153	0.004824682	0.00023481254	0.003607641	0.00041794238	0.0009870073	0.0009504402	0.00036997668	0.0033526022	0.0032880157	0.0013566763	0.0011069266	0.0006687715	0.011464274	0.0015478139	0.00012715235	0.0040499717	-22.024208068847656
s07e07b	60.0	5.0	0.9143234	0.9143234	0.054819144	0.036463145	0.0009741459	0.0056883604	0.17503756	0.033326413	0.00411202	0.0051836306	0.0009584758	0.0002785117	0.0029808218	0.0018603251	0.0018853794	0.0022679167	0.0014145161	0.0013568281	0.0010474969	0.016985381	0.0076049953	0.0024431287	0.0016485418	0.0010544434	0.0006458148	0.0018567524	0.03262881	0.00256596	0.001192889	0.00072587543	0.00051929994	0.000811039	0.0012004565	0.00015741751	0.0003755757	0.0017331468	0.0017203891	0.0015150043	0.0025484348	0.0017664614	0.00051998	0.0025484348	0.0012500868	0.008319743	0.016085938	0.00044206443	0.0008405529	0.00045250024	0.0024491234	0.0017185335	0.0020632038	0.030071493	0.0005692003	0.005473369	0.00038374992	0.0059784027	0.0007331126	0.005177944	0.0005943528	0.00092818495	0.0013866065	0.00030467022	0.001896801	0.0022282042	0.0009402018	0.009968764	0.0010728355	0.004881582	0.002797143	0.00044547272	0.009968764	-20.26114654541016
s07e07b	65.0	5.0	0.77793914	0.77793914	0.010834437	0.050707534	0.08119265	0.0031437925	0.024892535	0.11883443	0.025349159	0.15817833	0.0016048318	0.0010625741	0.007278103	0.005379195	0.0025571561	0.00092970376	0.0051684324	0.0017767178	0.00035489973	0.0014567988	0.015051096	0.0047558206	0.010285491	0.00229721	0.002011478	0.0035979762	0.036695287	0.004303072	0.0009052417	0.000584424	0.00031884166	0.0004656188	0.0013983705	0.00037642018	0.00031729756	0.0037504397	0.0037504397	0.0028230827	0.0029100662	0.001753878	0.0009240272	0.0029100662	0.0018908099	0.014390314	0.0071522403	0.00020890878	0.0004954037	0.00038686255	0.0015977002	0.0028105327	0.0008600262	0.007356516	0.00030653898	0.0040282896	0.0004559863	0.0036978319	0.0002140487	0.0021190927	0.00024193693	0.00052540726	0.0021388624	0.00043888504	0.0016204133	0.00038525424	0.000685474	0.004666976	0.00036179918	0.004388695	0.00090872776	0.0014102724	0.0047576693	-20.87291717529297
s07e07b	70.0	5.0	0.7561769	0.7561769	0.016234225	0.014736054	0.00046554825	0.005106936	0.092674784	0.001262642	0.020272346	0.0021585247	0.00018762577	0.00022235973	0.0016977335	0.0032662277	0.0007482443	0.0003405938	0.0011603378	0.0007286646	0.01034795	0.008867574	0.0024487134	0.0016454322	0.0010024551	0.0020450077	0.0007097884	0.0020450077	0.72020364	0.07154167	0.04882942	0.0009491077	0.00036183384	0.0011009806	0.06980335	0.00027144846	0.005797319	0.0011179929	0.0011179929	0.0008217052	0.0041549043	0.0044457284	0.00025205332	0.0044457284	0.00024617556	0.010879105	0.032137856	0.0014356503	0.0006547172	0.000519336	0.0057048495	0.0012159612	0.004220884	0.0034368117	0.00029680907	0.0007432551	0.00045680118	0.0029942603	0.002941976	0.0018773752	0.00030557578	0.001182215	0.00037219602	0.00029634393	0.0008277328	0.0025405334	0.00050804776	0.004031195	0.0007253094	0.0038838566	0.003980725	0.00020722568	0.0096522	-19.98021507263184
s07e07b	75.0	5.0	0.77126443	0.77126443	0.03632284	0.0029593094	0.004173283	0.007218664	0.016196396	0.013759471	0.00647061	0.002322104	0.0034514891	0.00029021507	0.007538942	0.0018410664	0.0011072134	0.0009834485	0.0005490886	0.00040803477	0.0014288857	0.06622648	0.011402724	0.0041551567	0.004598755	0.0039405674	0.001052731	0.0039405674	0.7200028	0.052663054	0.037035856	0.0018671306	0.00078784657	0.0026319642	0.024169117	0.0005171603	0.0098123	0.0019215635	0.0017668549	0.00056737056	0.00081504165	0.0034556116	0.00034143333	0.0034556116	0.0019610557	0.010670528	0.09944036	0.003385147	0.0021595808	0.0008463789	0.0012111957	0.0015078067	0.0047091255	0.0037336051	0.00019303273	0.00039260654	0.0012029472	0.0033081183	6.270338e-05	0.00042568427	0.00033654412	0.0015134686	0.0004042662	0.0003500404	0.0019408616	0.0003408525	0.008740421	0.009571144	0.0012253807	0.0026926359	0.00028781756	0.00029048498	0.009571144	-21.310930252075195
s07e07b	80.0	5.0	0.68672216	0.68672216	0.004516104	0.044932626	0.0111064315	0.0036737358	0.0010978846	0.006531754	0.08334156	0.13252255	0.0016512729	0.00011906978	0.0023878668	0.0031773613	0.0015561196	0.00028560424	0.0054366905	0.0009296812	0.0006285596	0.0029795973	0.039931227	0.012241558	0.039931227	0.0015358522	0.002330211	0.002330211	0.04635164	0.0055225673	0.0020095138	0.0007537187	0.0002115095	0.000497718	0.0009932341	0.00071463827	0.0006782574	0.0021270348	0.0021270348	0.0016002259	0.0050177895	0.002056983	0.00040174925	0.0050177895	0.00097269635	0.010431473	0.0052078953	0.0002862724	0.0005524602	0.00039104218	0.0010162982	0.0012391106	0.00065742776	0.00070201646	0.0006345236	0.0012242608	0.00048452776	0.0019863218	0.000312662	0.0011860535	6.533255e-05	0.00036368123	0.0003233187	0.00036266146	0.0019354859	0.00037478845	0.0005844669	0.0006262852	0.000496888	0.0100044515	0.0011961204	0.0006993758	0.0019354859	-22.177488327026367
s07e07b	85.0	5.0	0.82337445	0.82337445	0.023573916	0.05852703	0.00053169386	0.0055078687	0.042132556	0.0028446335	0.0022573178	0.026893554	0.0068927743	0.00017272795	0.0058286292	0.0057189395	0.0027977896	0.00079690653	0.00991728	0.0007050158	0.007977018	0.011539534	0.011387033	0.011387033	0.00050257717	0.0011566916	0.00044708163	0.0011566916	0.023012154	0.0016739945	0.0010365408	0.00065932516	0.00016822104	0.00036063575	0.0008087373	0.00011846592	0.00024958208	0.0007613581	0.0005018275	0.00063789455	0.0010478497	0.00082289317	0.00015295579	0.0010478497	0.0011320227	0.0017543739	0.013216626	0.00025135546	0.00037576712	0.00053736113	0.0031736996	0.0012582169	0.001851855	0.025082128	0.0016687845	0.0037367516	0.0006064207	0.00432383	0.01425086	0.05121598	0.0004421677	0.0017761327	0.001223313	0.00012817052	0.0045803604	0.0022479135	0.0004886325	0.004725747	0.0010684299	0.008329954	0.014859552	0.0003098864	0.018068727	-22.508203506469727
s07e07b	90.0	5.0	0.8778464	0.8778464	0.009340228	0.04184953	0.0002951284	0.0013947317	0.022866426	0.0016791694	0.0012265578	0.03038191	0.0007965641	0.00024971395	0.0016346689	0.0033521832	0.00086266693	0.0011724439	0.0012721834	0.001795233	0.0021641036	0.04344464	0.024736466	0.0117311645	0.0011442935	0.003572045	0.00474147	0.00474147	0.042056825	0.0040429477	0.0019816086	0.001060987	0.00063111685	0.0009621529	0.0015145866	0.0005539506	0.00054309063	0.0039939014	0.0033150213	0.0039939014	0.032430615	0.0077963816	0.00067144126	0.032430615	0.0010045934	0.015464018	0.02577308	0.006813498	0.0015119626	0.0018163233	0.010168022	0.0028532734	0.0069192536	0.0024354926	0.0003090659	0.0009901688	0.0005393935	0.0017148823	0.00034452064	0.0028514995	0.0002268512	0.0012748945	0.0006686609	0.00018198462	0.0014514702	0.0005545108	0.0006020499	0.0008525008	0.0014294996	0.050863877	0.0006784465	0.00018940364	0.0032238415	-22.790746688842773
s07e07b	95.0	5.0	0.8614031	0.8614031	0.0219632	0.05781974	0.0005781515	0.0016882721	0.0026485475	0.002815756	0.007301862	0.0027328585	0.0008199583	0.00016513061	0.0048702452	0.0015550976	0.00049375795	9.76098e-05	0.0016086043	0.0006822597	0.00022841236	0.0017930493	0.0043173046	0.0043173046	0.0009225291	0.0015809987	0.0013293771	0.0018705932	0.037125293	0.00575883	0.003406643	0.00082550605	0.0007984758	0.00068610144	0.0026111742	0.0005391527	0.00048367662	0.0012520077	0.00056232925	0.00068943837	0.00044511148	0.00036796418	0.0003065694	0.00044511148	0.00079218653	0.001964553	0.0016371844	9.852944e-05	0.00020197185	0.0002455366	0.0010251718	0.00023703629	0.0006282323	0.0015038378	0.00047110074	0.0018192971	0.0007915466	0.021207536	0.00051585934	0.011060732	0.00011853745	0.0028563966	0.011317263	0.00019899388	0.00541822	0.0011748609	0.00026179716	0.00075083034	0.0003230328	0.0017162461	0.0014267797	0.0005275237	0.013815205	-21.15670394897461
s07e07b	100.0	5.0	0.8746299	0.8746299	0.0139137255	0.005610143	0.00034848927	0.00097571017	0.06649774	0.00014070667	0.0010071875	0.00774343	0.0004790275	0.00015110633	0.0020713303	0.00232974	0.0017794534	0.0007085918	0.00094141375	0.00045982396	0.0019720306	0.11376682	0.039264914	0.02396673	0.0032035627	0.0031956849	0.0011264071	0.0031956849	0.04193198	0.005158042	0.002488952	0.00054733217	8.583482e-05	0.0005273907	0.0016711393	0.00025686485	0.00013540183	0.00052156294	0.00037567882	0.0004865521	0.0014985764	0.0003855992	0.00018625436	0.0014985764	0.000309032	0.0025285352	0.0049839625	0.00027734207	0.000112005844	0.00022303603	0.00169924	0.0015364153	0.006291565	0.011289485	0.0005523097	0.0008518147	0.0010546715	0.0021421828	0.00033848133	0.00034038423	0.00037999972	0.00037428824	0.00027898926	0.00014341048	0.00403019	0.0020273505	0.0003219303	0.0020095147	0.0005930487	0.004344873	0.0052138893	0.00015711368	0.04482102	-22.31693458557129
s07e07b	105.0	5.0	0.7672152	0.7672152	0.03899777	0.04259671	0.00036638655	0.0049126125	0.01711859	0.0044010696	0.0023366716	0.0018310953	0.002961643	0.00019128843	0.047594193	0.008034012	0.0014717885	0.00031936247	0.0028039224	0.0008135612	0.0006319724	0.014736559	0.007523053	0.007523053	0.0021605797	0.0018968063	0.0019727272	0.0019727272	0.048358843	0.008216906	0.0039780377	0.0008708763	0.0004807892	0.0008588564	0.002457175	0.0003104613	0.000263696	0.0017173608	0.0012669952	0.0008936252	0.0007505328	0.0009941553	0.00042687086	0.0009941553	0.0034047654	0.005504049	0.0064314627	0.00033881224	0.0004732526	0.00063297304	0.0017374635	0.0018309157	0.0012621526	0.0069193775	0.00022752555	0.004152125	0.002390955	0.008135522	0.00042468618	0.018163998	0.00040227198	0.0010695552	0.0041562715	0.00011125582	0.005395788	0.00079928234	0.0011450513	0.0078816265	0.001075092	0.010836068	0.003502077	0.00014210166	0.023788743	-22.82768440246582
s07e07b	110.0	5.0	0.83843654	0.83843654	0.0036022626	0.1356473	0.0017336821	0.00055776176	0.0016230582	0.0011188106	0.0023368362	0.03253953	0.0013756178	0.0003138659	0.0058231284	0.002743306	0.0011942715	0.00033669447	0.002345943	0.00030955186	0.00013806582	0.00033700984	0.042354297	0.042354297	0.0063857394	0.009526489	0.002846494	0.009526489	0.033868443	0.005428045	0.0015972583	0.000515924	0.00035124063	0.0003765774	0.0011228754	0.0010357191	0.00024391028	0.0007565943	0.00029108074	0.00032809438	0.00036740507	0.00017320343	0.0001411986	0.00036740507	0.0012817754	0.0010261582	0.0021828962	0.00021986847	0.00029147285	0.00049063726	0.00069824304	0.00045747723	0.0003609011	0.0022243753	0.00061510707	0.0015180339	0.0036468948	0.0029000826	0.00046696913	0.014243145	0.00043998804	0.001020918	0.004580247	0.0001269067	0.01117744	0.00046073302	0.00027974145	0.0016307228	0.0015313057	0.012182061	0.00080063083	0.00019345965	0.01117744	-22.691875457763672
s07e07b	115.0	5.0	0.7795004	0.7795004	0.012818849	0.007948628	0.0006374369	0.00059687044	0.001797509	0.00053180335	0.0021518408	0.0013000873	0.001136314	0.00037250397	0.0053621004	0.0052113575	0.0009617799	0.00011568844	0.0008589071	0.00051174645	0.00023314808	0.0009457205	0.0073792604	0.006565985	0.0010659776	0.003166611	0.0011143899	0.003166611	0.1377405	0.026071109	0.011329232	0.0010953998	0.000759389	0.0012006486	0.011530639	0.0006050031	0.0005965795	0.0016539823	0.00092534785	0.0006429918	0.0011894397	0.0004737053	0.00021407403	0.0011894397	0.0014218213	0.0044352217	0.003585493	0.00017776903	0.00034360317	0.00076346035	0.0009234779	0.0014032138	0.001345854	0.007606662	0.000623821	0.0046096114	0.004639723	0.005811771	0.00034950956	0.0050244667	0.00035644387	0.0009056695	0.0011687285	0.00020413443	0.010681103	0.0021564725	0.0011617003	0.003507171	0.0023146824	0.005646212	0.0019434866	0.0001921782	0.018746193	-21.948366165161133
s07e07b	120.0	5.0	0.8600986	0.8600986	0.073738374	0.023367483	0.00041031427	0.0010275465	0.0015366086	0.0011749336	0.001264808	0.004600065	0.0006325362	0.0002021466	0.0073922225	0.013959674	0.0010664825	0.00020270265	0.00047936372	0.00035554604	0.00044647622	0.0028082335	0.016297195	0.011407212	0.005596216	0.011780186	0.0060563083	0.011780186	0.035718545	0.0065346914	0.0027135024	0.00047903345	0.0003601956	0.00048122066	0.0017163361	0.0005633265	0.00015445364	0.00492768	0.0009529759	0.0023088073	0.0011251625	0.00046374113	0.00040909104	0.0011251625	0.0054501975	0.0033555848	0.0039497227	0.0002067536	0.00023803029	0.00048387793	0.00093388447	0.0030037889	0.0012049961	0.0032122782	0.00026897888	0.0024473115	0.00053792	0.0019687957	0.00033066238	0.02124283	0.00033341255	0.0006109189	0.0007839485	0.0003413069	0.00389016	0.002455781	0.0011274806	0.0025489973	0.0020310383	0.01004947	0.0011146214	0.00031183532	0.007913077	-23.09827423095703
s07e07b	125.0	5.0	0.8112574	0.8112574	0.060699806	0.009592758	0.00042218115	0.0013784361	0.275522	0.001041973	0.0019016177	0.0011098916	0.0005555985	0.0003697461	0.0090543525	0.0049088914	0.0025692275	0.001470338	0.0013728942	0.0004546729	0.0024572217	0.04223782	0.013739006	0.013739006	0.0016168993	0.0039323634	0.0010228115	0.0039323634	0.03953706	0.00916056	0.0028164135	0.00081390864	0.00020316763	0.000499121	0.0028418542	0.00024144426	0.00013721456	0.0022574465	0.0013281027	0.0011173536	0.0026025872	0.0022916386	0.0003276755	0.0026025872	0.00081035105	0.0045857094	0.00616472	0.0014612448	0.0009150901	0.00083593174	0.0053218235	0.0025901317	0.0016516454	0.01018006	0.00011337267	0.0012784792	0.00095570006	0.0028510685	0.00016404776	0.0027316655	0.0012183524	0.00067281246	0.00022184028	0.00022348581	0.0013739453	0.0009124229	0.0016570283	0.0043920446	0.0022371886	0.0062906654	0.0060685393	9.312994e-05	0.02063015	-23.16014289855957
s07e07b	130.0	5.0	0.8802026	0.8802026	0.0060421247	0.022772469	0.005274387	0.0042026252	0.0048133857	0.023250738	0.0009388801	0.025037158	0.0021619229	0.00047777346	0.0062204525	0.006578213	0.004864372	0.0008930481	0.0006819662	6.0827086e-05	0.00038971848	0.011252681	0.043512043	0.043512043	0.00092239195	0.021226281	0.00555713	0.021226281	0.13112088	0.003710449	0.0009874824	0.00064465316	0.0002685394	0.00043810255	0.002197849	0.00051321165	0.0005135481	0.0011290332	0.00093719136	0.00063881534	0.00033789504	0.00050102547	0.0002826885	0.00050102547	0.0014481746	0.0027794351	0.0038196489	0.00019607905	0.00080141396	0.0018211814	0.0012130551	0.0021906476	0.00030978807	0.002914641	0.00027839065	0.0019335726	0.000630518	0.0021306004	0.00013274275	0.0047525284	0.00036564542	0.0018231076	0.0038916569	0.00063939707	0.00059191027	0.0009846545	0.0018898887	0.0014542788	0.0011855102	0.002040577	0.0015488517	0.00018921068	0.0032639492	-26.499176025390625
s07e07b	135.0	5.0	0.90238124	0.90238124	0.01883809	0.11924569	0.0005064129	0.0024765665	0.04928906	0.0024664397	0.0030048029	0.056507293	0.0018301037	0.00027730243	0.00518797	0.004722435	0.004625457	0.0014263713	0.0010712225	0.00033508358	0.00079776655	0.030316232	0.028378936	0.020083778	0.0045348527	0.0020314772	0.000997113	0.002758779	0.052680824	0.0027143192	0.0012194001	0.0005231041	0.00035610254	0.00044390425	0.0007984244	0.00022244923	0.00041779023	0.0006746501	0.000119201904	0.00022522299	0.00080062164	0.00014641622	7.388421e-05	0.00080062164	0.00056632404	0.0007898111	0.0022879676	0.00026324435	0.00037183551	0.0003311438	0.0010999616	0.001635842	0.001525527	0.010061688	0.0010970962	0.0017416775	0.00071716367	0.0043872287	0.00014761563	0.0014982446	0.00038799178	0.00038899173	0.00062848924	0.0001303551	0.0011300117	0.00031847405	0.00059756	0.002343712	0.0011332526	0.0021784648	0.0077527156	0.00023254976	0.0077527156	-25.874340057373047
s07e07b	140.0	5.0	0.6333281	0.6333281	0.006371765	0.04531864	0.0010304649	0.0060224826	0.04164944	0.0034376692	0.009997842	0.20993517	0.0019248403	0.00013090916	0.0030820565	0.0020442223	0.0074684015	0.0026540603	0.0048268097	0.0012716741	0.0076570874	0.015067859	0.012674822	0.0021092591	0.00060900045	0.031162575	0.007156064	0.031162575	0.07188019	0.0034940736	0.0013907313	0.0003948889	0.00011763808	0.0002756455	0.0016289109	0.0010444615	0.0024718589	0.0011583825	0.0011299467	0.0011583825	0.002938864	0.001661973	0.000634402	0.002938864	0.00053371163	0.0021565896	0.012362493	0.00054891384	0.0011546891	0.0011969295	0.007067438	0.0015943358	0.002219037	0.0025973557	0.0024787984	0.0011690736	0.00067283673	0.0012831539	0.0015126502	0.0005379938	0.00020800841	0.00073046295	0.00072842167	0.00038623073	0.0044360077	0.00019519597	0.00041948393	0.0010563708	0.00051762507	0.0029052165	0.0017752225	0.00031491616	0.0044360077	-20.34822654724121
s07e07b	145.0	5.0	0.9416837	0.9416837	0.025385251	0.27690306	0.0036852085	0.004199481	0.03512907	0.013179191	0.0014447378	0.11021553	0.00013728603	0.00023420816	0.0025193624	0.00568062	0.0023432928	0.0005242659	0.0055322857	0.00038781925	0.0006623331	0.028656239	0.0076285675	0.00444315	0.0009563532	0.0035199178	0.0018897589	0.0035199178	0.06563697	0.0035038798	0.0008818943	0.00056373526	0.00024920638	0.0005539305	0.0013467163	0.00033969764	0.00044123965	0.0014219473	0.00043392362	0.0013786842	0.0012734442	0.00047035923	0.0003257326	0.0012734442	0.0010321779	0.0015509697	0.0028838303	0.00014681857	0.00027541458	0.0003054168	0.00064489525	0.0015492789	0.00080372475	0.003261752	0.00085780624	0.0037717223	0.0005518568	0.006877176	0.00065117824	0.0023554696	0.00019164334	0.0005662404	0.0014921877	0.00016061257	0.001095939	0.00025705594	0.0007608798	0.0015510044	0.00036195823	0.0052305358	0.0042735413	0.0003521971	0.0065869126	-22.708675384521484
s07e07b	150.0	5.0	0.8318294	0.8318294	0.018175554	0.18207137	0.00042370235	0.0048572146	0.13928021	0.0013273781	0.008469627	0.033150055	0.0009307168	0.00039895193	0.0101308515	0.0015778721	0.002677227	0.0045771436	0.007784041	0.0005546245	0.01587108	0.01595186	0.005029466	0.0027037452	0.00065327797	0.0010274315	0.00063145225	0.0010274315	0.030575892	0.00502575	0.003180356	0.0013864394	0.00015856468	0.00075494935	0.001238644	0.00026727404	0.00052647706	0.001186917	0.0005865996	0.001186917	0.0014027475	0.0011562686	0.0003566643	0.0014027475	0.001047399	0.0019611341	0.015177413	0.0013299919	0.0005998174	0.0010788501	0.005642784	0.0007841192	0.0028950418	0.006800777	0.0023194386	0.001453995	0.0008994842	0.0073836483	0.008059121	0.0053424453	0.00025127686	0.0016493064	0.0009091179	0.00029181933	0.0029035262	0.00042547798	0.00032698084	0.0018202352	0.0014908868	0.005443977	0.005342724	0.00033148745	0.005342724	-21.5714111328125
s07e07b	155.0	5.0	0.77882147	0.77882147	0.019904954	0.01580094	9.5793344e-05	0.005880684	0.0016001292	0.0005431778	0.0075382637	0.0026866116	0.0003247834	0.00030655242	0.00065702683	0.018308602	0.00057543407	0.0001833998	0.00082668045	0.0007874198	0.0014872396	0.013031677	0.005944303	0.0018559139	0.000900572	0.0012396754	0.0019023799	0.0019023799	0.7635927	0.011853831	0.010314227	0.000733764	0.00026880737	0.0013736155	0.0019775154	0.0015610972	0.0066616004	0.013532403	0.012837326	0.013532403	0.0026880784	0.024878986	0.0036441253	0.024878986	0.0026964932	0.03733019	0.11908287	0.006955672	0.0010912691	0.0010372625	0.0060287486	0.005053784	0.0071272845	0.007304918	0.00033858896	0.0014972484	0.001088273	0.0049472773	0.00013575605	0.0012333386	0.00030828133	0.00069614674	0.00069758587	0.00030871987	0.007203657	0.0015837251	0.004570874	0.00891343	0.00085041736	0.010153787	0.0069951154	7.9582955e-05	0.019431638	-21.35616111755371
s07e07b	160.0	5.0	0.7966857	0.7966857	0.04607585	0.013241799	0.0006302846	0.0026574905	0.0163878	0.015502381	0.0037580102	0.005471173	0.012675903	0.0011535392	0.023154575	0.009371969	0.0028343499	0.00036490298	0.001326031	0.00058353704	0.0003440411	0.0027956497	0.012225948	0.012225948	0.003249171	0.0034866964	0.0029262074	0.0034866964	0.5717628	0.013052564	0.0024696717	0.0014627025	0.0005718943	0.0011886152	0.0017895935	0.0007143639	0.00095490273	0.0026051644	0.0015872039	0.0018478895	0.0020242976	0.0018583252	0.000434348	0.0020242976	0.0017435222	0.008050172	0.008959751	0.00040396283	0.00063003565	0.0012895457	0.002981567	0.003499437	0.0014139686	0.012275339	0.0025803542	0.0078115966	0.0042692255	0.015350913	0.0002781508	0.0027864021	0.0008882204	0.002553685	0.0076337745	0.0005882305	0.0069731893	0.0020395885	0.0010079651	0.007876669	0.0011533898	0.01564403	0.0060712607	6.7954556e-05	0.022883127	-21.215408325195312
s07e07b	165.0	5.0	0.85583484	0.85583484	0.03308514	0.007820501	0.00040767706	0.0014106365	0.14037	0.0010682782	0.0009511328	0.0012164726	0.00020608991	0.0007620357	0.001066859	0.009040035	0.003793742	0.0002506767	0.0008853716	0.0005550814	0.0020966101	0.13243933	0.011921946	0.003358948	0.0029146494	0.007867966	0.0026476458	0.028702613	0.033857815	0.0061461576	0.0015900916	0.0008274308	0.0004320341	0.0011233911	0.0039611524	0.00034776048	0.0003416206	0.0038658988	0.0034942664	0.003295727	0.03176847	0.006476425	0.0004738688	0.03176847	0.003067821	0.03187192	0.006622114	0.0010978722	0.0006281946	0.000425406	0.003239866	0.0018778695	0.003935138	0.0029226283	0.00024942175	0.004847015	0.0007768554	0.004070888	0.00021594303	0.0016051534	0.00030476783	0.00077421777	0.00031365952	0.0004253131	0.0017254082	0.0006657794	0.00055825827	0.0038621603	0.001432199	0.03822216	0.0024678938	0.00018021539	0.0070160194	-21.482667922973636
s07e07b	170.0	5.0	0.5211901	0.5211901	0.002000777	0.028996335	0.00060362765	0.0003890225	0.0050253924	0.0007068679	0.0022910577	0.0046804673	9.630819e-05	0.00018853824	0.0017362481	0.0032322279	0.0039453674	0.00057434285	0.0021715611	0.0008070244	0.00024207446	0.0015823472	0.012389804	0.0030307283	0.001244515	0.0027874997	0.0007202293	0.0027874997	0.0206309	0.0029880363	0.0010433741	0.0011979562	0.00090512173	0.0012225297	0.0010791514	0.001071395	0.00031753996	0.0032970621	0.0032970621	0.00092251506	0.0035589847	0.00208074	0.00020707754	0.0035589847	0.00273443	0.009168908	0.0106808515	0.0013432775	0.0007788738	0.0012339638	0.0075626895	0.001598028	0.0019028427	0.008870726	0.00017370605	0.008564313	0.040305663	0.0028915654	0.0007417069	0.001145491	0.00015518333	0.0012935774	0.0010516824	0.00023600865	0.0038379799	0.0022457724	0.00037564765	0.0015858414	0.001643764	0.43255484	0.002451577	0.00023264556	0.117906794	-23.616352081298828
s07e07b	175.0	5.0	0.8976752	0.8976752	0.016945213	0.11686069	0.0006972671	0.0014503158	0.04431678	0.0013919167	0.00071836927	0.01637619	7.9102436e-05	0.00016187747	0.0019919162	0.0073506054	0.0013344664	0.00067161315	0.0012740034	0.0014963098	0.0008518727	0.04434067	0.03363992	0.019228783	0.002527882	0.008773658	0.0015984763	0.008773658	0.027464366	0.002578069	0.00066844845	0.0004988173	0.0002213119	0.000414245	0.0008115295	0.00035913117	0.00023898881	0.0031880266	0.00088235526	0.0013649311	0.0028888967	0.00088516786	0.00020810323	0.0028888967	0.0008934341	0.0023181846	0.0026324615	0.00047304694	0.00024698477	0.00030506667	0.00185728	0.0023970227	0.0012481273	0.004526994	0.00017286454	0.0017402975	0.0005953333	0.0032043455	0.0003055248	0.00413971	0.00053540274	0.0007996092	0.00015000207	0.00018296036	0.0013263602	0.00053390424	0.00028534024	0.001687337	0.002152703	0.005291976	0.0040072966	0.000102686885	0.020176187	-22.83126449584961
s07e07b	180.0	5.0	0.8589514	0.8589514	0.028159406	0.05952717	0.0055121747	0.0066500395	0.20987666	0.007923452	0.0075407894	0.060681637	0.0007850646	0.00038022912	0.0049230317	0.002184649	0.008851546	0.009370207	0.0036822665	0.00052227336	0.002913908	0.03468065	0.010510543	0.010510543	0.0018683732	0.0048108236	0.0013397039	0.0048108236	0.04676061	0.007438516	0.0037640564	0.00084715476	0.00035859284	0.00083881663	0.0028870213	0.00058217434	0.0008973133	0.0013817812	0.0009886713	0.0013817812	0.0022805214	0.001198585	0.0005586527	0.0022805214	0.0005949805	0.0018761945	0.0040467186	0.00027489962	0.0012209255	0.00064411946	0.004081926	0.0025105893	0.0011099201	0.0020596236	0.0016611037	0.0012694993	0.0003202937	0.0031468752	0.00038843826	0.0014252653	0.00044567444	0.0013449545	0.0012332987	0.00033242072	0.001285979	0.0003074756	0.0011463074	0.0030246556	0.0008962277	0.0018668995	0.0061964663	0.00027129918	0.0061964663	-24.21046257019043
s07e07b	185.0	5.0	0.86286956	0.86286956	0.0068536988	0.1902698	0.0029620766	0.00047626114	0.002681201	0.0021895356	0.001453491	0.037117776	0.0005796855	0.00019403582	0.0027594718	0.0033269878	0.0048325555	0.0003550444	0.0009915937	0.00031500685	0.00014993359	0.0010806122	0.018638384	0.018638384	0.004058333	0.00293746	0.0015150533	0.00293746	0.100378886	0.0045457403	0.0009202036	0.0004729845	0.0007059042	0.0005456307	0.0016145703	0.0006860259	0.000467897	0.001849946	0.00073076866	0.0014256435	0.0011612219	0.00072427373	0.00030468852	0.0011612219	0.00054537825	0.0023833844	0.0015031849	0.000120784316	0.00028864937	0.0003578963	0.0009346526	0.00056399725	0.0005267122	0.0027992278	0.00093702134	0.0019775934	0.0034959638	0.0031293363	0.0006167511	0.14003712	0.000108439104	0.0005613931	0.0024616928	0.00011962846	0.00588144	0.00073587184	0.00036043845	0.0017881325	0.002115785	0.012980267	0.0038782104	0.00012485322	0.0058996254	-24.43982696533203
s07e07b	190.0	5.0	0.72449446	0.72449446	0.010803395	0.13898404	0.00077855476	0.0004204273	0.0007871186	0.0018996865	0.0015932621	0.040102903	0.00035325938	0.00030002368	0.0029111097	0.010075613	0.0006320218	0.0002073747	0.0014131091	0.00043002056	0.00018500087	0.0009517269	0.017019045	0.0110045215	0.002477325	0.00833036	0.0041409135	0.022190621	0.0789923	0.0049549094	0.0010683093	0.0011922637	0.0015816304	0.0011670609	0.0014552701	0.001535823	0.00030046824	0.035060126	0.0072310455	0.035060126	0.006699543	0.010419882	0.0067267567	0.010419882	0.0020322583	0.015897393	0.0065349108	0.000250901	0.00027169884	0.0006224918	0.0027511287	0.0009409528	0.0008161593	0.0040101465	0.001003937	0.0016037258	0.0020106244	0.0053894655	0.0011179232	0.025709784	7.244379e-05	0.000842074	0.0015034596	0.00045480664	0.006418261	0.0016422966	0.00082536135	0.002579174	0.0012988545	0.009069339	0.0009865373	0.00020621276	0.006502929	-23.005111694335938
s07e07b	195.0	5.0	0.7785888	0.7785888	0.022064688	0.119818635	0.0006781966	0.004350903	0.08022847	0.0018806162	0.003129311	0.026763394	0.0011314858	0.00010995842	0.005996131	0.0009903937	0.003423763	0.0027250666	0.0035276413	0.0023210945	0.0020572464	0.005193072	0.013736273	0.0045254664	0.0016238466	0.004132549	0.0012665935	0.004132549	0.04089165	0.0051204534	0.0015062232	0.0005946318	0.00012127239	0.0003938342	0.0013157662	0.00014332846	0.00017893274	0.0026469321	0.0010141964	0.0026469321	0.0012394087	0.0024264627	0.0010411281	0.0024536804	0.0008496046	0.002063908	0.01090548	0.0012199804	0.000678995	0.0008377059	0.006142737	0.00043698354	0.00093896646	0.0025809065	0.00047776755	0.0010258929	0.00033430028	0.0064013307	0.008333536	0.017747393	0.00013007275	0.0008512925	0.0016334996	0.00010691886	0.0010280737	0.00050214306	0.00016221014	0.0026010256	0.000473097	0.013959024	0.002655526	0.00022174045	0.002655526	-24.433448791503903
s07e07b	200.0	5.0	0.89939743	0.89939743	0.013476793	0.08745789	0.00018067234	0.005655257	0.068418	0.00310152	0.0029938337	0.020689005	0.0012070633	0.00027888795	0.0008868039	0.0016605817	0.002579802	0.001196252	0.0010809498	0.0019651663	0.0017639499	0.023528814	0.008009842	0.0053172163	0.0014306989	0.002074243	0.00059707783	0.002074243	0.11205175	0.0048741107	0.002243154	0.0007235104	0.0003041351	0.0010314137	0.001391851	0.0007134978	0.0005936312	0.0019144918	0.0010284235	0.0019144918	0.007906633	0.0018183665	0.00055540184	0.007906633	0.0009100313	0.005874716	0.010223974	0.0004907278	0.0010302279	0.0012401845	0.0044989544	0.001539677	0.0030084678	0.0031946765	0.001615529	0.0022637416	0.00039428237	0.004436159	0.00084983977	0.0066112923	0.00023597444	0.001007214	0.0009095572	0.00026959684	0.0015791361	0.0004092182	0.00065040385	0.0013396261	0.0010097413	0.0051062647	0.0036191551	0.00047376985	0.0036191551	-21.89497756958008
s07e07b	205.0	5.0	0.88845545	0.88845545	0.020942198	0.06871542	0.005644236	0.0038864587	0.04109292	0.012937318	0.002774565	0.12125975	0.0005689614	0.00050430134	0.0052570608	0.0014992637	0.006436398	0.002651754	0.0022763785	0.00041778266	0.00050114683	0.005103754	0.04829231	0.04829231	0.0042757047	0.0052127494	0.0054188934	0.007659493	0.03722138	0.004091045	0.0015710428	0.00040949642	0.00017869352	0.0006380821	0.0011062567	0.00036620602	0.000528629	0.0018610328	0.0008430768	0.0012376627	0.0017047817	0.00088674814	0.00067209173	0.0017047817	0.0008876552	0.0030056487	0.0139532825	0.0003342993	0.00061169325	0.00019388567	0.0037818307	0.0029636894	0.0011115782	0.0036970903	0.0017684139	0.0019404349	0.00048514706	0.003095873	0.0008398615	0.00212275	0.00025140482	0.0005316974	0.0013763483	0.00026459686	0.0019162712	0.00041866716	0.0006710939	0.0018384937	0.0011995513	0.00800538	0.004360951	0.00059860945	0.004360951	-22.84214401245117
s07e07b	210.0	5.0	0.86303353	0.86303353	0.027820399	0.17550252	0.000653843	0.0020764591	0.2412767	0.0029384156	0.003806226	0.018432382	0.0009347746	0.0002362626	0.009887359	0.0025456874	0.0033196625	0.0057824366	0.003539828	0.00074286415	0.002937991	0.014369275	0.01182802	0.01182802	0.0021657199	0.0071621924	0.0010182705	0.0071621924	0.044144254	0.0067179534	0.001958462	0.00121473	0.00028959927	0.0008448959	0.0024144195	0.000290886	0.00038780482	0.0035028344	0.0007344623	0.0035028344	0.0015672172	0.0009694027	0.0013050946	0.0015672172	0.0013536479	0.0018018691	0.0031784307	0.00074454816	0.0005964351	0.00055319216	0.007381521	0.00094423624	0.0024858285	0.007967097	0.00021626159	0.0031250906	0.0010795945	0.008433927	0.002631863	0.015772283	0.0003910288	0.00060079945	0.00041874536	0.00018351176	0.0017427058	0.0004073259	0.00091910217	0.0032731707	0.0021360656	0.005691107	0.0038929842	0.00015025603	0.0038929842	-24.38970184326172
s07e07b	215.0	5.0	0.82081336	0.82081336	0.0069681923	0.06981908	0.004105429	0.0011037393	0.015347229	0.0014165875	0.0028375888	0.05633454	0.00071520515	0.00015058693	0.019665018	0.007221015	0.009307027	0.0010014805	0.00474398	0.0009780043	0.00054631813	0.0005410417	0.013429688	0.011453497	0.0022563944	0.0047355597	0.003467725	0.0047355597	0.027894162	0.0025801726	0.0012563786	0.0005405268	0.0004242077	0.00036399064	0.00085216464	0.0007826355	0.00020770004	0.0014248976	0.0005637095	0.0011044209	0.00070795766	0.000266246	0.0004291207	0.00070795766	0.00083196245	0.0013382228	0.002395828	7.335369e-05	0.00016585254	0.00014830045	0.00085588923	0.0023451084	0.00074088713	0.0087210955	0.0005050525	0.0056710965	0.00469006	0.002477139	0.0016554231	0.014993796	0.0002572165	0.00043186074	0.0031682826	0.00011199143	0.003749759	0.0007409083	0.00030447624	0.003681404	0.0010552388	0.00676102	0.007011968	0.00018245948	0.0134085165	-23.8151969909668
s07e07b	220.0	5.0	0.85511976	0.85511976	0.011037577	0.09864214	0.0002916844	0.0030393375	0.05127429	0.00080803555	0.0029462369	0.04694346	0.0005916664	0.00059920683	0.0014927499	0.008500115	0.0018221212	0.0032871938	0.00290714	0.001882417	0.0067784227	0.023499262	0.02500139	0.001855308	0.0012250796	0.0074592736	0.002794301	0.0074592736	0.04754551	0.0058803717	0.0024138293	0.0011165348	0.0009947114	0.0009792061	0.0034028664	0.0012298919	0.00079628633	0.006101309	0.0019194796	0.006101309	0.018570092	0.003097654	0.0009977857	0.018570092	0.00084006484	0.0047498657	0.0037231764	0.00041131568	0.00043571653	0.00036926384	0.0032253987	0.0025272183	0.0015742697	0.0026325227	0.0012474278	0.0024899915	0.00062339933	0.002371401	0.0006024713	0.0010879408	0.0004652483	0.00429087	0.0009398785	0.00044068941	0.0026558216	0.00036396392	0.0005471462	0.000806013	0.0014910934	0.015409237	0.002546976	0.00029911145	0.006275321	-22.114643096923828
s07e07b	225.0	5.0	0.83382773	0.83382773	0.0036687527	0.14383855	0.0007169617	0.0012702879	0.0037495221	0.00096012786	0.0022018955	0.08768499	0.00033915884	0.00014119645	0.0033427607	0.004902969	0.0010158443	0.000247372	0.0019040856	0.0016362516	0.0005665327	0.0013837616	0.016639367	0.006560332	0.0014653835	0.0038980595	0.0025898633	0.0039107963	0.43523473	0.012392431	0.001364106	0.0013148435	0.0006526585	0.0034892422	0.006272378	0.00084448187	0.0023954909	0.006433855	0.00054630515	0.005582511	0.0021740764	0.0005012108	0.0010164982	0.0021740764	0.0008590454	0.002048009	0.0020459362	0.00010279172	0.00015164587	0.0006065935	0.0018461709	0.00058582745	0.0011004637	0.0030688797	0.00192204	0.0028057816	0.0013963458	0.006234387	0.0029837308	0.00614848	0.000110540954	0.00066918525	0.000964663	0.00023019002	0.0027880457	0.00045378786	0.0002659279	0.0009324814	0.0007618281	0.01147394	0.002804784	0.00015860067	0.0036845428	-22.872713088989254
s07e07b	230.0	5.0	0.8617923	0.8617923	0.008755927	0.07184639	0.00019465586	0.00069653726	0.0860183	0.00042275526	0.000942749	0.0066723656	0.00064541545	0.00039896125	0.0035211907	0.0023822032	0.0046996456	0.0007889708	0.00088541507	0.0030672578	0.0015418645	0.01210546	0.051873602	0.0016825028	0.0012770662	0.010805301	0.0019548147	0.010805301	0.056176852	0.0027688092	0.0012356968	0.0011969592	0.00039380245	0.0009445097	0.0014142549	0.00058033946	0.0004959095	0.006821202	0.006821202	0.0049457443	0.010047074	0.013696047	0.0012562817	0.013696047	0.0010493966	0.012432798	0.017643994	0.002361381	0.00064530165	0.0007525062	0.007858208	0.0019186421	0.003216556	0.0060272315	0.0013207878	0.0016222425	0.00060749374	0.0045116683	0.0020790594	0.0064118756	0.00071044586	0.0009687043	0.00092653313	0.0004359928	0.0015444668	0.00105642	0.00030210867	0.0014198999	0.004614191	0.007029373	0.0024326015	0.00021463935	0.0051694717	-23.315074920654297
s07e07b	235.0	5.0	0.85865694	0.85865694	0.015887683	0.2883547	0.0006988215	0.0005848132	0.0017288473	0.0020371946	0.0018665405	0.04760028	0.00057008554	0.00027795174	0.0044179964	0.00515002	0.0015318182	0.00023994662	0.0011841615	0.00040386696	0.00019470563	0.0014338524	0.021688787	0.016162613	0.0022348163	0.008027752	0.010935997	0.010935997	0.052610565	0.005142479	0.001712273	0.0007780823	0.001318813	0.0008654646	0.0016487977	0.0013773101	0.00041149667	0.0041497773	0.0018919791	0.002714012	0.0030252049	0.0012179369	0.0007622547	0.0030252049	0.0018587852	0.0094831865	0.009392098	0.00022057269	0.00033355624	0.0005686599	0.001514583	0.0015316213	0.0014645417	0.0012739488	0.0017502168	0.0016905456	0.00084096426	0.004309907	0.00097391347	0.0360216	0.00027665915	0.00046767696	0.0061392933	0.00023885009	0.006166908	0.00036942158	0.0003964669	0.00043439565	0.001190554	0.0075580315	0.0010973336	0.0004285584	0.006518685	-22.480770111083984
s07e07b	240.0	5.0	0.87377876	0.87377876	0.02599832	0.14323138	0.0009084455	0.003184104	0.19912866	0.0024487763	0.00075101934	0.0042586657	0.00049248553	0.00041411514	0.0010340494	0.0030272508	0.004833828	0.00050164433	0.0013402323	0.0019541867	0.0027892152	0.09338197	0.011911896	0.011911896	0.0021210175	0.0033519762	0.0009086525	0.0033519762	0.0989839	0.006626633	0.001697008	0.00059125625	0.00026853275	0.000797167	0.0016674473	0.0003517629	0.00054191914	0.0017795515	0.0008088348	0.0013331439	0.0050942735	0.001841028	0.0002572288	0.0050942735	0.00056024094	0.0030198495	0.0028154014	0.00045877582	0.0003770138	0.0008644755	0.0040540644	0.0007251857	0.0023634015	0.0061428733	0.00027840206	0.001097711	0.00084044674	0.005312611	0.002113526	0.007201782	0.00043220073	0.00088412437	0.00040594282	0.00022040367	0.0020979624	0.00061826425	0.000457969	0.0015965058	0.0014746764	0.007658504	0.0044677905	7.3811534e-05	0.0077481833	-20.83334350585937
s07e07b	245.0	5.0	0.83940274	0.83940274	0.034123346	0.029278109	0.0007472022	0.0023640774	0.09357886	0.0013188092	0.0022430697	0.018879417	0.00015200042	0.00033171286	0.0028644905	0.010189434	0.0033564474	0.0016199474	0.012644948	0.00038381212	0.0065198364	0.15697747	0.0056033665	0.0056033665	0.0013184908	0.003305613	0.0007493014	0.003305613	0.02632448	0.007481955	0.0021580083	0.00061784836	0.0003478951	0.0005457677	0.0039478247	0.00048242233	0.00028189804	0.0014922738	0.00079302484	0.0011621182	0.002550319	0.0008606197	0.00025460726	0.002550319	0.0017391258	0.0013627439	0.0013546861	0.0003743321	0.00022305602	0.0003745324	0.0023026569	0.0019618883	0.0011896895	0.029585192	0.0001340873	0.0075623966	0.0027919966	0.003888798	0.000688058	0.0020013293	0.0006408014	0.00089593953	0.0003414711	0.0002629323	0.0025256684	0.0006981618	0.0019339997	0.008118916	0.0011409346	0.0041547026	0.010307094	0.00022625677	0.06892388	-23.2803955078125
s07e07b	250.0	5.0	0.827134	0.827134	0.0114333825	0.015185654	0.00042299752	0.0003921429	0.006274652	0.00076335965	0.001555416	0.013040728	0.00030761224	0.000104797495	0.018229622	0.13615951	0.0045543322	0.000118267395	0.0011312595	0.00051389745	0.00043588935	0.0016767165	0.04706873	0.03690525	0.0026155133	0.0049208435	0.0024446074	0.008324048	0.049438342	0.0071238126	0.0021955727	0.00078381586	0.00034612275	0.0005645628	0.0009993331	0.00017396346	0.0002096147	0.010042797	0.007772615	0.008010873	0.00860311	0.0029756972	0.0011327374	0.00860311	0.0032199824	0.033203136	0.004891875	0.00017377149	0.00025403526	0.00026318137	0.0019864258	0.005483168	0.0008545039	0.0211365	0.0003806059	0.0033887508	0.0011294171	0.0005359322	0.00031762416	0.020052543	0.00041313824	0.0004247058	0.00022687457	0.00019136653	0.0046429345	0.0006993758	0.00019303935	0.0017998266	0.0009730445	0.0272564	0.0022524507	0.00019028028	0.0067279106	-25.03696060180664
s07e07b	255.0	5.0	0.4516085	0.4516085	0.0015760094	0.0009356915	0.0001683173	0.0003681259	0.0016650368	0.00021168342	0.0014984729	0.002554353	0.00017550444	3.376481e-05	0.0005877239	0.02055791	0.00068910565	0.000104984334	0.00030042956	0.0007545329	0.0005634809	0.002110724	0.030333502	0.0076918392	0.0015888083	0.001715302	0.0005912585	0.0026087724	0.041604497	0.0049410155	0.0012079721	0.00043967692	0.00023707337	0.00027547893	0.0016671162	0.0004597788	0.0001390093	0.006760056	0.006760056	0.00059354695	0.00047498965	0.0009550055	9.753639e-05	0.0009550055	0.0015082842	0.006652239	0.005035289	0.00028915674	0.00028595325	0.00022033729	0.012113799	0.0053008236	0.0010953273	0.05724871	5.1186234e-05	0.012019484	0.0008096429	0.0003124594	0.00011018577	7.3371804e-05	0.000525029	0.00076636724	0.00017100904	0.00018435692	0.004640064	0.0019742101	0.0011507531	0.015734969	0.00050255173	0.047529265	0.006752079	0.00017566615	0.3402894	-29.089359283447266
s07e07b	260.0	5.0	0.8258227	0.8258227	0.030474111	0.007286066	0.0003631349	0.00073324644	0.004985474	0.0009854316	0.0004875454	0.002359791	0.00017520147	0.00044383845	0.007949587	0.018037692	0.0016912057	0.0003947534	0.00036306653	0.00012085044	0.00018544629	0.004441031	0.027173668	0.017075319	0.0037884223	0.0473429	0.015405475	0.0473429	0.076940045	0.00473904	0.0012289914	0.0005208339	0.0001952131	0.0004893291	0.0016716126	0.0002876672	0.00016945098	0.009739139	0.0034447517	0.0068916283	0.0018255694	0.0017804445	0.000978828	0.0018255694	0.0033039702	0.011669481	0.006597499	0.00045143347	0.0006162746	0.0007454832	0.0025069497	0.005917789	0.0010380592	0.02083689	0.0004079531	0.0035274522	0.00071016024	0.002693649	0.000108238484	0.016900448	0.0005664982	0.0008725891	0.0015065983	0.0004014424	0.009562705	0.0011913485	0.0005508741	0.001737346	0.00071327545	0.0037284105	0.0011192359	0.00016819073	0.009562705	-25.06639862060547
s07e07b	265.0	5.0	0.6214125	0.6214125	0.014786908	0.01155499	9.065375e-05	0.0017895406	0.019644843	0.0005510952	0.0026214332	0.003675775	0.0005205252	0.0003338725	0.0018564465	0.0082524065	0.0002829212	7.9737234e-05	0.0035686484	0.0016686717	0.031598028	0.011204667	0.013112969	0.0045983223	0.0014087423	0.002001594	0.001138122	0.002310139	0.09097049	0.015969766	0.0035774151	0.0010715347	0.00017469801	0.000708236	0.019334057	0.00035792033	0.00040082922	0.0042687594	0.0028973636	0.0042687594	0.009711549	0.004187164	0.00056449283	0.009711549	0.0016413624	0.008725231	0.010189078	0.0011298733	0.000697796	0.00049374404	0.010813429	0.0016475164	0.0029349963	0.023462696	0.00032103964	0.0059483023	0.00061600533	0.0016615695	0.004188021	0.00396616	0.00019845064	0.00086253334	0.00011322228	0.00059720274	0.0056709857	0.002041786	0.001543218	0.0051938426	0.000639476	0.028763218	0.0029226479	0.00017843199	0.10016373	-21.640378952026367
s07e07b	270.0	5.0	0.052926533	0.052926533	0.0017754092	0.0009949835	0.00025914045	0.0014663201	0.0006815607	0.0015822523	0.05338199	0.00077313	0.0004981976	0.00013989702	0.0022730464	0.002327965	0.0003771657	0.00030425427	0.0004806398	0.0014402748	0.00048319527	0.0012852418	0.008125227	0.008125227	0.0012777864	0.0099327555	0.0048840987	0.012174557	0.6251014	0.26126668	0.06904504	0.0061070514	0.0013935361	0.004066081	0.46750903	0.0017041309	0.0031174943	0.0012401887	0.000625358	0.00031578023	0.0002596737	0.00038395866	8.973862e-05	0.00038395866	0.00051510637	0.0010111781	0.0012770237	6.935054e-05	0.00023384043	9.5037976e-05	0.0010066911	0.0019927183	0.00035936592	0.0016353879	0.0011572151	0.0019152793	0.0010854728	0.00059670006	0.00013452272	0.00079602154	0.0005062852	0.00044801633	0.00025764605	0.00017950076	0.0029436075	0.0014660395	0.002441916	0.002895094	0.0007781706	0.0007554654	0.0028957368	0.00051929447	0.009694216	-24.289596557617188
s07e07b	275.0	5.0	0.9103869	0.9103869	0.11181188	0.049786303	0.00045891223	0.0031260697	0.14786962	0.0037090408	0.0017645143	0.00377392	0.00043413317	0.00032930932	0.0028284276	0.0044056037	0.0029284954	0.0022780502	0.0018850547	0.0005128232	0.0010265498	0.03177084	0.007522783	0.004634031	0.0025765267	0.00088137056	0.0009354171	0.0032549424	0.021188045	0.005087897	0.0025064847	0.00066191057	0.00041301007	0.0008406061	0.002086003	0.00023663774	0.0002595138	0.0023190018	0.0023186808	0.0012104916	0.0021423826	0.0020702651	0.00035097907	0.0021423826	0.0014425918	0.0077601834	0.011879712	0.00087149604	0.0006896657	0.0005344358	0.0020191446	0.002112816	0.0041948394	0.004413125	0.0001407448	0.0019413318	0.0007230079	0.0020521826	0.00021548703	0.007545988	0.0006582402	0.0008025389	0.00062481797	0.00038212014	0.0016686034	0.0006456283	0.0010408746	0.0060715517	0.0012936833	0.0034448595	0.0029683951	0.00024885972	0.0060715517	-23.067529678344727
s07e07b	280.0	5.0	0.8937296	0.8937296	0.03975889	0.012490982	0.0008582449	0.00043444763	0.0030275902	0.0015457158	0.002094512	0.00182342	0.00082038465	0.00059467036	0.009670896	0.002315428	0.00084801734	0.0002147161	0.0013109572	0.00058520073	0.00016507268	0.00090552284	0.004553627	0.0040229214	0.0012067581	0.0030759752	0.0014118778	0.0033521706	0.04973188	0.012618043	0.0041946783	0.0013667027	0.0010874942	0.0016286823	0.0033544924	0.00045302743	0.00027248645	0.002425422	0.0005326348	0.000727757	0.0007123197	0.00023393432	0.00017837383	0.0007123197	0.0009637002	0.0018525319	0.001242415	4.9121645e-05	0.00024583758	0.0005218509	0.00054263085	0.00045570475	0.0007201521	0.0016288172	0.00030016157	0.0012200663	0.0010803208	0.032537423	0.00045681553	0.023140851	0.000525379	0.0012257058	0.00820232	0.0002213938	0.00690375	0.0034025041	0.0003719282	0.0003446941	0.0005641158	0.00522341	0.0011901084	0.00030433986	0.018714743	-21.330135345458984
s07e07b	285.0	5.0	0.76485	0.76485	0.022694033	0.050099842	0.00019239492	0.0007788691	0.0037223327	0.0006005742	0.0022999067	0.0013537188	0.00021587037	9.8340104e-05	0.0038381403	0.0057556527	0.0009916003	0.00014713699	0.0008130768	0.0017210942	0.00032738107	0.0016965573	0.008425863	0.0009794482	0.0009273545	0.0023212612	0.0007487172	0.0023212612	0.018671364	0.0046927966	0.00179559	0.00049597	0.00050372723	0.00038416937	0.0038745075	0.00024722627	0.00016017593	0.001401258	0.0012896108	0.0008663284	0.0005314015	0.00044320323	0.00024053024	0.0005314015	0.0024178813	0.007247913	0.006205314	0.00012758472	0.00027017118	0.00048070485	0.001161868	0.0005506059	0.00076342764	0.017042369	0.00021480353	0.0111729195	0.0019993219	0.006213753	0.0011106393	0.0019211757	0.0011416902	0.0012901734	0.006640741	0.0002469429	0.0024242639	0.0030501036	0.00058799033	0.003555366	0.00028828223	0.00416537	0.00051248574	0.00031424916	0.091011226	-21.1917724609375
s07e07b	290.0	5.0	0.8851581	0.8851581	0.014685167	0.007890987	0.00072360656	0.0045880973	0.29613492	0.0030972592	0.002819301	0.0017699989	0.003992978	0.00031050688	0.0015569823	0.0014084243	0.002579678	0.0019400758	0.0010909869	0.0012628897	0.0010023883	0.012364089	0.016701257	0.0012240065	0.0010446153	0.010607072	0.0017182865	0.010607072	0.059160016	0.0048658377	0.0016210212	0.00046681872	0.00019988613	0.0004328563	0.0030020173	0.00040680825	0.00036393045	0.0015553863	0.0015553863	0.00070974545	0.0042454298	0.0025346412	0.00023291835	0.0042454298	0.0025357504	0.007826708	0.018394772	0.000857642	0.0022303285	0.00077978615	0.0045401854	0.0014612344	0.0024132277	0.0060228505	0.0017959542	0.0003380745	0.0005364239	0.003135618	0.00034978072	0.0014454521	0.00019998295	0.0020208382	0.00031317904	0.0002869178	0.0011682555	0.0005631695	0.0016624009	0.0025358228	0.0014766143	0.007843556	0.0012053915	0.0005255094	0.0038551309	-21.6128044128418
s07e07b	295.0	5.0	0.78084177	0.78084177	0.054461826	0.0049665086	0.00024414738	0.0058176643	0.16751535	0.0012839081	0.00058340415	0.0014560554	0.00035308584	0.0003349715	0.0010776427	0.0016268332	0.0011378716	0.000697231	0.000868587	0.0007844058	0.0025041683	0.26824823	0.0067498595	0.0032056556	0.002396512	0.004671867	0.0014614299	0.004671867	0.013464082	0.0026441277	0.0014172412	0.0006079545	0.00035704466	0.00068820914	0.0020051626	0.00040671558	0.00031112143	0.0040284847	0.0040284847	0.000971703	0.015976729	0.013748766	0.00025702384	0.015976729	0.0009838486	0.01910008	0.01845849	0.0036921059	0.00062971294	0.00080156367	0.0030334943	0.0018663416	0.001983554	0.0029463333	0.00015553027	0.00034239102	0.0004356291	0.0017655332	0.00016987452	0.00093469047	0.00027279992	0.0019829604	0.0011401523	0.00028678135	0.0011917101	0.000541679	0.0011713036	0.0018459343	0.00047658337	0.0052750325	0.000605036	0.00021856149	0.005519164	-24.714874267578125
s07e07b	300.0	5.0	0.5499086	0.5499086	0.03331367	0.0029417481	0.00012955446	0.0012664162	0.017910466	0.0008405685	0.0010623909	0.0011631243	0.00027660507	0.0002181632	0.0012049589	0.02180149	0.0014924805	0.0008339785	0.001309262	0.00029583467	0.0012937986	0.104757294	0.053915367	0.008616936	0.0040721833	0.0075382814	0.0032651178	0.017506473	0.020474933	0.0024187074	0.0011885552	0.0007736396	0.000388203	0.00051932817	0.0012641071	0.00045325482	0.00019494898	0.13697143	0.05444761	0.13697143	0.0038813446	0.01807165	0.065195054	0.01807165	0.05301954	0.027426317	0.013314645	0.0036148212	0.00096263806	0.0010671095	0.01570968	0.0076786317	0.0018421586	0.0027185848	0.00016543557	0.00047264644	0.0008211178	0.00096528215	3.0865478e-05	0.0026596158	0.0012693433	0.0014220685	0.00063140225	0.0007208779	0.0023046536	0.0003662743	0.016614908	0.0018377588	0.00082428736	0.00545591	0.0012594907	0.0005699141	0.016614908	-34.689945220947266
s07e07b	305.0	5.0	0.86129415	0.86129415	0.04328998	0.010866916	0.0013927313	0.00040822502	0.00089081813	0.0003794647	0.0011301973	0.003666721	0.0003025843	0.00040895378	0.003405495	0.015109377	0.0034284664	0.00015435956	0.0021480937	0.0003119168	0.00017849087	0.0011191879	0.01377519	0.011936525	0.002714247	0.004238251	0.002238001	0.004238251	0.025114166	0.0060354415	0.0028739746	0.0009823861	0.00043532334	0.0010415948	0.0020658681	0.00034547842	0.00013805713	0.014984567	0.003415045	0.005605681	0.002091574	0.0012950697	0.0010694222	0.002091574	0.0046180557	0.004347948	0.0023565711	0.00015743687	0.00020554749	0.00037260415	0.0013287745	0.0044384655	0.00074028195	0.0030027095	0.00042872882	0.004123142	0.0005794535	0.0012151361	0.00019000145	0.02629272	0.0005676935	0.0007092316	0.0017708483	0.00041854125	0.014613939	0.0020032874	0.00062007975	0.00040923263	0.000826692	0.019929888	0.0012444812	0.0003634085	0.014613939	-22.94358253479004
s07e07b	310.0	5.0	0.8598627	0.8598627	0.07122333	0.13432725	0.0015008285	0.0015076603	0.010457873	0.0018064927	0.010979173	0.0049024113	0.0006877925	0.00022987902	0.0021893033	0.004292779	0.0017786337	0.00037259416	0.0015707323	0.0011957171	0.0010877412	0.0019353237	0.004744921	0.004547562	0.0022187626	0.004111241	0.004323477	0.004323477	0.074930295	0.016612034	0.0055085765	0.0015128757	0.00068580505	0.0015300239	0.0037374706	0.0007931141	0.0005054664	0.003493486	0.0006844133	0.0018165429	0.0016631505	0.00037849715	0.0004374007	0.0016631505	0.002216952	0.003413582	0.003570826	0.00015199983	0.0002978193	0.00039552164	0.0012821301	0.0020657512	0.0010184655	0.003168981	0.00047734194	0.003802756	0.0005945196	0.0174555	0.0008118374	0.00650272	0.0003041916	0.0012213722	0.002536397	0.00035739798	0.004277295	0.0014771197	0.0006998612	0.0011275917	0.0009492289	0.008094408	0.0025756534	0.00042419258	0.004277295	-22.423532485961918
s07e07b	315.0	5.0	0.87862474	0.87862474	0.021587795	0.23440184	0.00035854103	0.0033301103	0.28529721	0.0028425786	0.0058657196	0.011110822	0.0002366973	0.0012734054	0.003892753	0.0011669786	0.0025096675	0.0030412308	0.0014873672	0.00046394276	0.0016377027	0.04083787	0.0030716206	0.0016221923	0.0019185279	0.0021869256	0.0007670852	0.0026920342	0.044761866	0.006912052	0.0033354992	0.001333403	0.00048695534	0.0011615332	0.0018917631	0.0005679452	0.0005726841	0.0017525268	0.0017525268	0.0017252143	0.0017948485	0.00211202	0.00045248255	0.00211202	0.0012329915	0.003015613	0.0050221267	0.0003890314	0.00059403986	0.000830337	0.0024215311	0.0016068079	0.0021954817	0.0017507008	0.0011083073	0.00042439823	0.0005580125	0.0031958672	0.0008781395	0.015419477	0.0006847855	0.0009937136	0.0002891628	0.0003483685	0.0049644755	0.0011365706	0.0006454662	0.001938111	0.0028020805	0.005929453	0.0037978208	0.00043730022	0.0049644755	-25.445499420166016
s07e07b	320.0	5.0	0.8251325	0.8251325	0.021725155	0.026978403	0.0018052919	0.004441646	0.27952954	0.0010820688	0.0016383998	0.0031277137	0.00031231227	0.00065368717	0.0043309177	0.0032749353	0.001921003	0.0011582418	0.00066155085	0.00030667492	0.0012819995	0.11967605	0.007859688	0.007859688	0.0024490745	0.006521359	0.0016543382	0.006521359	0.078267686	0.016056802	0.008566305	0.0016506393	0.00054123154	0.0017349322	0.0032325413	0.0007189911	0.0005482524	0.0014142455	0.0014142455	0.001019517	0.002137244	0.0018969896	0.00031273	0.0022788416	0.00092794275	0.0055383863	0.0051905992	0.0008487522	0.0008294248	0.0014281594	0.0048134676	0.0013497743	0.001819815	0.003193626	0.0002708464	0.00065496436	0.00068920286	0.0028427893	0.00037781184	0.0043428005	0.00070326973	0.0010426029	0.00057717395	0.00052728085	0.0025188616	0.001306223	0.0013829804	0.0018578193	0.0020940516	0.0025028	0.0022693467	0.00018073851	0.0025188616	-24.205873489379883
s07e07b	325.0	5.0	0.92058927	0.92058927	0.015232991	0.33667415	0.0016239007	0.00020799987	0.001641218	0.0012669209	0.0013365949	0.04025298	0.00032984064	0.00019890226	0.015149286	0.0020243148	0.00045526403	0.0003174994	0.0033584868	0.0007162863	0.00017542162	0.00051797676	0.002341755	0.0010411136	0.0009328404	0.0022052326	0.0010949413	0.0022052326	0.043929275	0.0046138363	0.0012508634	0.00063256535	0.0005809108	0.0005684012	0.0019515593	0.0007876235	0.00017900014	0.0036739227	0.0012396123	0.0017510141	0.00093027315	0.00075059646	0.00041819405	0.00093027315	0.0006425207	0.0029058368	0.0018937448	6.969901e-05	0.00010308255	0.0002499812	0.001047227	0.0007876235	0.0007518213	0.0008155249	0.00043910605	0.0021990268	0.0010473252	0.0019259673	0.00057674147	0.03883641	6.918356e-05	0.0004596355	0.001067702	0.00012311462	0.0025497419	0.0016269541	0.00041542167	0.0003804844	0.0010313316	0.008376571	0.00028821736	0.00037203621	0.0044900426	-26.03503799438477
s07e07b	330.0	5.0	0.84945786	0.84945786	0.010891549	0.17302714	0.0010341962	0.0005334035	0.000902071	0.0008830732	0.0016651897	0.03652176	0.00023309875	0.00033066553	0.0037820225	0.0046734796	0.0016560024	0.00023146937	0.0009454704	0.00030592238	0.00020449814	0.0012571095	0.0069095744	0.004711381	0.0028039918	0.003936252	0.004000428	0.004000428	0.062446147	0.006726735	0.0015279084	0.0012555765	0.00097496115	0.0012379038	0.0018021275	0.00078178686	0.00028305125	0.007003182	0.0018424016	0.007003182	0.002530305	0.0012216618	0.0014299633	0.002530305	0.0018710392	0.005396192	0.007818781	0.00051379023	0.00027352993	0.0016244868	0.0019910196	0.0017550588	0.0011514182	0.0015450212	0.0006453927	0.0019738963	0.001350789	0.003011022	0.0010651848	0.03165485	0.0001443182	0.001076616	0.0018055893	0.0002119393	0.0052652233	0.0008247516	0.00031927298	0.0005622786	0.0014672602	0.008516322	0.0009984262	0.00048284145	0.0052652233	-23.36415100097656
s07e07b	335.0	5.0	0.85367316	0.85367316	0.010313162	0.004921007	0.0001457993	0.00024334977	0.0004880655	0.00085160247	0.0007113269	0.0023572857	0.00019644882	0.00015591545	0.01461703	0.04899766	0.01625859	0.00019409801	0.0016551156	0.0007357919	9.273311e-05	0.0008438757	0.072103575	0.017947745	0.007730178	0.0056064893	0.0023667521	0.015638884	0.0111309895	0.0017865943	0.0007315459	0.00033814734	0.00024406429	0.00027955242	0.00044433144	0.00025670644	0.00014940098	0.016910125	0.0075238007	0.003644075	0.0016347234	0.003148684	0.001196966	0.003148684	0.008387252	0.013133057	0.0038394274	0.00015434469	0.00017596457	0.0003227533	0.0023533201	0.008257227	0.0012403352	0.0039918195	0.00031137606	0.002411808	0.00048015398	0.00057703594	7.490492e-05	0.024521187	0.0005944131	0.00093001255	0.00037310334	0.00033362434	0.0022292233	0.0009856006	0.0011453294	0.00065976643	0.0006273079	0.05956198	0.000513886	0.0015131963	0.011231045	-30.548524856567383
s07e07b	340.0	5.0	0.89267594	0.89267594	0.011292445	0.040221464	0.00062706554	0.0009596061	0.001873784	0.05141807	0.0017965757	0.0075924383	0.003759512	0.00094290974	0.024920387	0.0043596555	0.0025134473	0.0004888272	0.00036688024	0.00033655312	0.000111390626	0.0005168146	0.012087272	0.012087272	0.010196727	0.0012900973	0.00037527864	0.0012900973	0.023242494	0.0034890515	0.00067648594	0.00073256716	0.0002525975	0.00054594566	0.0018577132	0.0002047258	0.0001932784	0.0048223888	0.0015501776	0.0048223888	0.0009390809	0.00080762984	0.0017320869	0.0009390809	0.0012379746	0.0009792681	0.0017870058	0.00016201846	0.00076296576	0.0004168613	0.0018914228	0.0010895566	0.00062008033	0.00080793776	0.00016994902	0.0011633725	0.00025756008	0.0018265342	8.778817e-05	0.0021658207	7.3004696e-05	0.00055364234	0.00075262133	0.00042450888	0.0012267709	0.00016370257	0.0005725226	0.00057467935	0.00040648322	0.0017194794	0.0016491588	0.0010705832	0.002091529	-24.157773971557617
s07e07b	345.0	5.0	0.85706633	0.85706633	0.04762908	0.07393931	0.001757545	0.0069722515	0.24071412	0.0152303595	0.004393567	0.0044711553	0.0012023866	0.0008235316	0.01590908	0.0049857767	0.004841553	0.0024474466	0.0016171234	0.00040375013	0.005329821	0.035614934	0.013333488	0.013333488	0.0030527143	0.008790079	0.0019748209	0.008790079	0.044448018	0.0064490805	0.0017960918	0.0010878298	0.00017077115	0.00081917224	0.0040387968	0.00025800298	0.00033394506	0.0016106733	0.0007436004	0.0016106733	0.0023457299	0.0011496833	0.00064094615	0.0023457299	0.00086963666	0.0036237442	0.01393383	0.001391309	0.0016373706	0.0031708754	0.0065043406	0.0010279847	0.0019198732	0.0059706746	0.00042444232	0.0012573771	0.0006413898	0.0049496978	0.0011138768	0.0027849346	0.0007293427	0.0018276264	0.000435981	0.00036103616	0.0007865102	0.0006766255	0.0016591698	0.003382597	0.0011251058	0.001858287	0.004845113	0.00036470147	0.004845113	-21.462831497192383
s07e07b	350.0	5.0	0.8416945	0.8416945	0.07546963	0.065984525	0.00040848256	0.0045698103	0.18984468	0.0035644036	0.005585299	0.0038514906	0.0023935793	0.0006211853	0.0035888182	0.0037955553	0.0018398305	0.0029874938	0.009185527	0.00043842176	0.09264266	0.028606318	0.008112387	0.008112387	0.002046612	0.0024834836	0.0009127794	0.0024834836	0.044222463	0.013449148	0.006337135	0.0014806533	0.0005022395	0.0010490777	0.004510405	0.0004153892	0.000504605	0.00066259917	0.00041805874	0.0003761318	0.0020449804	0.0007797739	9.032259e-05	0.0020449804	0.000567336	0.0015038026	0.0019577297	0.00047605758	0.00037385372	0.0008075167	0.0020823486	0.00044976815	0.00042940714	0.015411291	0.00083382835	0.0011517446	0.00047562012	0.0017682019	0.0008477596	0.004807895	0.00023835189	0.0006607931	0.0007701941	0.00022654343	0.0017078439	0.0004571623	0.0005585779	0.007378206	0.000604364	0.0050975103	0.0032816865	0.00017631691	0.009885927	-23.02203941345215
s07e07b	355.0	5.0	0.89513594	0.89513594	0.005095637	0.03147367	0.002898117	0.0003121176	0.0020346805	0.0071929567	0.00082395395	0.0153068	0.0012902851	0.0005417082	0.016863743	0.009038469	0.009889535	0.00089092937	0.005377904	0.0005110136	0.00010052402	0.000339576	0.06339341	0.06339341	0.007232723	0.0015313632	0.0014513223	0.0022010575	0.034317438	0.003429294	0.0012628861	0.0011347553	0.000659681	0.0009353127	0.0006651801	0.00031702424	0.00032876755	0.005206322	0.0006941996	0.0015772736	0.0011215413	0.00037737523	0.00028890104	0.0011215413	0.0016468483	0.0014132404	0.0011252745	4.0403094e-05	0.00010125249	0.00023378873	0.00093944964	0.0007150273	0.00094777386	0.00088322925	0.00047692668	0.0013568101	0.0004906791	0.001747325	0.00049569894	0.2851087	0.00014756412	0.00039132527	0.0010028797	0.00033361034	0.0017713027	0.0009638655	0.000256353	0.0006093218	0.0007332922	0.008445459	0.0005982812	0.0006269615	0.012484073	-23.46137046813965
s07e07b	360.0	5.0	0.7882089	0.7882089	0.089544244	0.0026535036	0.0007750545	0.004316036	0.09936677	0.0008121438	0.002612972	0.0011556185	0.0015493658	0.00032450884	0.003953056	0.0018773262	0.0018505774	0.00014036657	0.0011495267	0.0002612496	0.004952416	0.019249849	0.0049254172	0.0015393266	0.0010391655	0.0048298547	0.0014398579	0.0048298547	0.023248443	0.009333585	0.006236724	0.0011544946	0.0004185879	0.00086875795	0.0014311397	0.00093791273	0.00012451544	0.0025784136	0.0025784136	0.001789885	0.0055753207	0.006193322	0.0007019242	0.0068051624	0.0010609244	0.011312511	0.01883297	0.0011576446	0.0002683792	0.0012767306	0.0035706328	0.0007464493	0.0021836348	0.005251737	0.00014759648	0.00035339428	0.0006867841	0.004155423	0.0019235883	0.008566799	0.000727619	0.0013811351	0.0012407813	0.00027913638	0.0024734808	0.0036143025	0.00061498256	0.0010203205	0.0009895406	0.0041914927	0.0011396252	0.0006035656	0.006838425	-21.2239990234375
s07e07b	365.0	5.0	0.47493717	0.47493717	0.026307566	0.009669819	0.00035302996	0.0033133468	0.47381023	0.0015800747	0.0034702434	0.0012474724	0.0002214394	0.00066731573	0.001821509	0.0018858004	0.0028054481	0.0032901042	0.0024169108	0.0004729164	0.01567373	0.12234521	0.0050931233	0.0043019056	0.0050931233	0.0022178509	0.00081754324	0.0022178509	0.050985493	0.007955105	0.0042970027	0.0014218307	0.00036049515	0.0021549556	0.0026397603	0.00071940233	0.00057915034	0.0015238284	0.0015238284	0.0008239253	0.0035245654	0.0036219042	0.0005239742	0.0037516728	0.00059443037	0.0071560033	0.007453105	0.0019065692	0.0015879356	0.000824411	0.017420866	0.0011038333	0.0042293738	0.004415994	0.00015725743	0.00065760507	0.0014975243	0.0025920875	0.00031950866	0.0013786723	0.0007628939	0.0008298351	0.0006363061	0.001445086	0.004825406	0.0007406739	0.0016192365	0.0029733046	0.0009706851	0.0018029982	0.0020798668	0.00048322708	0.00579364	-22.750959396362305
s07e07b	370.0	5.0	0.8391592	0.8391592	0.16640824	0.005883888	0.0003579845	0.0042975144	0.017888604	0.00046693216	0.0015686593	0.0062111034	0.00012805653	0.00033184476	0.0034049351	0.16581704	0.0009947153	0.00020840821	0.005360402	0.00026327872	0.08835924	0.10051875	0.012550361	0.012550361	0.0013943294	0.0067476765	0.0048107547	0.009543358	0.01925998	0.012196988	0.0027289041	0.0013067961	0.00084078754	0.00116451	0.010239165	0.00029766798	0.00029802183	0.0045968606	0.0017167788	0.0032674773	0.024207193	0.001956202	0.00054808287	0.024207193	0.0034442374	0.061229084	0.0028331748	0.00048214538	0.00064401544	0.00077550596	0.0006850649	0.0051156413	0.000748091	0.006066026	6.551354e-05	0.001342748	0.00055224256	0.0014080086	7.7184224e-05	0.00022572002	0.00042442535	0.00077291083	0.00049775623	0.00037379187	0.002220559	0.0009769459	0.0010398865	0.0010982685	0.0005382544	0.023449857	0.00096663594	0.00055469165	0.019019024	-22.88426399230957
s07e07b	375.0	5.0	0.8045296	0.8045296	0.047925957	0.0027954346	0.00028530107	0.0053435857	0.30710328	0.0009828054	0.0058943033	0.0005926978	0.00062243635	0.00021509253	0.0015087812	0.009843143	0.0012021101	0.0006031521	0.00489478	0.00029511013	0.04919611	0.043899994	0.001711573	0.0010837865	0.00047551785	0.003346181	0.00149921	0.003346181	0.6393459	0.053202674	0.026983272	0.00075145165	0.00011254704	0.0022798283	0.019596208	0.00034044494	0.0019829953	0.000973304	0.000973304	0.0004114898	0.0019954455	0.0042958907	5.5189386e-05	0.0042958907	0.0010235937	0.010213199	0.031515256	0.0023488845	0.000774912	0.00046314648	0.0010432712	0.0022964801	0.0020256427	0.004405282	0.00017907131	0.000902435	0.0005252323	0.003465058	0.00067035755	0.0024859277	0.0005389803	0.0006924249	0.00023871804	0.00010440938	0.0011652602	0.001148202	0.00044759415	0.001831205	0.0002692819	0.003376346	0.006188645	0.00011276651	0.013184004	-19.955612182617188
s07e07b	380.0	5.0	0.37432235	0.37432235	0.0016175399	0.0015924809	0.00038893014	0.0062631713	0.0004249816	0.0010195378	0.07286888	0.0056742434	0.0005750736	0.00014397294	0.017275177	0.0044338726	0.00049530505	8.386143e-05	0.004431617	0.00024066902	0.0009780816	0.0018389488	0.00465221	0.00465221	0.0016459235	0.004423615	0.0050710742	0.0050710742	0.77575356	0.03861847	0.03482002	0.0011512142	0.00028062428	0.0041931965	0.062663674	0.00086479436	0.026580779	0.0006590962	0.0006590962	0.00046429448	0.000613545	0.00073420967	0.00016788038	0.00073420967	0.0008126682	0.002103339	0.0028729732	0.00011182122	0.00037378081	0.0010398449	0.00078890054	0.0057534287	0.00040313456	0.0149916215	0.00085582235	0.055444222	0.00032396545	0.0005399681	0.00016507835	0.00039270383	9.362762e-05	0.0018464265	0.0011211493	0.0002389699	0.0020820175	0.0054474943	0.0037372075	0.040532235	0.00086095894	0.008604981	0.012742471	0.00014954922	0.040532235	-19.583637237548828
s07e07b	385.0	5.0	0.8437268	0.8437268	0.013431831	0.05567291	0.0010409332	0.0019525728	0.008992136	0.00212937	0.007531111	0.015476837	0.0004987165	6.862073e-05	0.008122223	0.006188531	0.0017938311	0.00013296977	0.00362466	0.0010575872	0.0007065042	0.0023560286	0.030971725	0.0062033143	0.0013471171	0.0032601524	0.0013570026	0.0032601524	0.6127529	0.020921461	0.003217853	0.00073175924	0.00041997808	0.0012828576	0.002735227	0.00022870656	0.0014892351	0.0014335765	0.00049941527	0.0007810724	0.0019210625	0.0007360542	0.00018570674	0.0019210625	0.0016731117	0.0040703	0.0052460185	0.00034292447	0.00044628323	0.00041164632	0.0013192552	0.0035780172	0.00091044983	0.0152003225	0.0010354567	0.008053446	0.00874083	0.0035724402	0.00065983436	0.017332226	0.0007644439	0.00065737515	0.0013057148	0.0001096896	0.008342048	0.0031074025	0.00011381808	0.0020344984	0.0014295126	0.03581283	0.011820671	0.0001221485	0.014921482	-21.77632141113281
s07e07b	390.0	5.0	0.821218	0.821218	0.024900576	0.0073818103	0.0003047963	0.0012165653	0.04749081	0.00047725823	0.0020109604	0.0011402675	0.0013668955	5.287775e-05	0.010315094	0.0048907544	0.0013111295	0.0003991844	0.0019483226	0.0010871368	0.0024971114	0.0038623067	0.0029311392	0.0025097083	0.001675956	0.0012544582	0.0012256807	0.0038212729	0.05109486	0.011387264	0.007405355	0.0012663925	0.00028857123	0.0009083906	0.004480725	0.0014016337	0.00028490231	0.0026685048	0.002601122	0.0020515088	0.002757507	0.0050391154	0.0005085277	0.0050391154	0.0010622988	0.012545204	0.020774791	0.00068410975	0.00031283288	0.0005371627	0.0032626512	0.0012092113	0.006928565	0.019061975	0.00033703508	0.0037065626	0.00062424655	0.0020647813	0.0043535912	0.098080255	0.0003770911	0.0007651045	0.0003294993	0.0004170183	0.0035014746	0.011535716	0.0024720458	0.0019536985	0.0015953409	0.00999803	0.0015038678	0.00032234305	0.03299647	-22.285249710083008
s07e07b	395.0	5.0	0.8184215	0.8184215	0.016445152	0.047922235	0.0016818149	0.0026534104	0.014136416	0.001687398	0.0023978828	0.017201368	0.0026162833	0.00031876325	0.004315616	0.01026822	0.000918779	0.00045972882	0.0010427337	0.00096606644	0.0017836051	0.010458945	0.014965906	0.014965906	0.0048133326	0.0061554536	0.004825628	0.0061554536	0.08479086	0.009684122	0.0021639317	0.0023155194	0.0010009416	0.0018961618	0.004076167	0.00076619093	0.00047521607	0.061599854	0.0086448025	0.061599854	0.0138583295	0.011128098	0.014704982	0.0138583295	0.003585934	0.016055537	0.0116615975	0.001863237	0.0016085682	0.0012892361	0.018774554	0.0016904039	0.003638807	0.014016641	0.0013627192	0.0022071179	0.0012900162	0.0053707315	0.0008455233	0.0057632104	0.00038168379	0.0011903283	0.0011676836	0.000803141	0.004281177	0.003020506	0.0039392915	0.003913388	0.0039014309	0.020979995	0.0033645604	0.0002349386	0.0050641913	-22.60129165649414
s07e07b	400.0	5.0	0.8028653	0.8028653	0.019168606	0.058424823	0.00042845978	0.001608742	0.0017075414	0.0013014594	0.002628167	0.0051848455	0.025944721	0.00036595966	0.008465924	0.0020208422	0.000855438	0.00092778803	0.00029391958	0.0013720858	0.0004164665	0.0012989511	0.006365332	0.0025022917	0.0013947403	0.0021641902	0.00117535	0.0021641902	0.055269904	0.0065981485	0.0023524864	0.00050759374	0.00028377702	0.00095670857	0.0028972297	0.0003320739	0.00043999098	0.0009779315	0.0006392746	0.00080773945	0.0005557344	0.00048351526	0.0003332775	0.0005557344	0.0005508694	0.0021910896	0.0037265774	0.0001895715	0.00021439289	0.00060666725	0.0027829793	0.0005222796	0.0008904558	0.0012216449	0.00047789144	0.0012053904	0.0007963178	0.0067460756	0.0006123591	0.009147623	0.00017831873	0.0006678941	0.0013256157	0.00025748493	0.0030156819	0.0012028889	0.0010847409	0.0011445279	0.0011254187	0.0028675213	0.00056698703	0.00028453505	0.009417437	-23.9174861907959
s07e07b	405.0	5.0	0.77326995	0.77326995	0.014335764	0.014947262	0.00026289446	0.00032903347	0.012837205	0.0002696367	0.0008610278	0.003170732	0.0002527565	0.00011833789	0.002322811	0.01591777	0.0003614315	0.00030387682	0.0012167577	0.00081077125	0.0010704238	0.0036547417	0.023806555	0.00880449	0.002200156	0.005382446	0.0013485226	0.00831147	0.1271608	0.0048563806	0.0011808297	0.00078171503	0.00024163931	0.00057119346	0.0030979365	0.00019801421	0.0004313919	0.033963744	0.02059181	0.033963744	0.011452434	0.019229203	0.00759218	0.019229203	0.0023462689	0.038467336	0.02749796	0.0019370302	0.0011068338	0.0002855623	0.017210277	0.008353677	0.0020277915	0.14216623	0.00046629945	0.013659604	0.001607912	0.005223564	0.0005749755	0.0017780656	0.00048167267	0.0011180051	0.00074997725	0.0006500472	0.006101901	0.0015081771	0.00347889	0.01645046	0.0009085092	0.019000208	0.0015225252	0.00021901062	0.05520421	-23.80545425415039
s07e07b	410.0	5.0	0.8033362	0.8033362	0.020840783	0.15103643	0.00053661846	0.0031795308	0.007629459	0.0036569997	0.00290608	0.0212248	0.0005542255	0.00024519104	0.0013729759	0.017751532	0.0022974985	0.00042246317	0.001084933	0.0013763017	0.0005241782	0.015155532	0.05255931	0.012246673	0.0028909028	0.0031527097	0.002829174	0.0068451036	0.032536585	0.0031045822	0.0012937579	0.00066466647	0.00064885756	0.0005843909	0.0014023	0.00046918687	0.000589642	0.00588845	0.00588845	0.0031283754	0.0025884176	0.0020944444	0.0009300564	0.0025884176	0.0028948782	0.017661076	0.015089415	0.00046418916	0.0007388417	0.00085275393	0.0031422786	0.0033931194	0.0018831142	0.0067515923	0.0017044205	0.0026086534	0.0007649708	0.005191338	0.0006427924	0.015372795	0.00062495406	0.001046165	0.0033268377	0.00045153525	0.0036170564	0.0010006903	0.001148768	0.0012580347	0.00045117084	0.009766705	0.003525475	0.00022824081	0.0069237044	-23.14082336425781
s07e07b	415.0	5.0	0.8625682	0.8625682	0.05799835	0.02103775	0.00018434583	0.0010828226	0.0062823636	0.00067092385	0.0011292757	0.0016850053	0.0008528835	7.2045455e-05	0.0024731832	0.012612051	0.001363437	0.00010821805	0.0007181468	0.00022407343	0.0003867565	0.0037009919	0.0159656	0.0063203964	0.00093608926	0.0032407595	0.0005890583	0.0036313895	0.25216457	0.009434935	0.0026530619	0.00047647615	0.00041368013	0.00037504616	0.003331972	0.00031291996	0.00040672062	0.0021219945	0.00087343506	0.0007285036	0.00025291945	0.00043901853	0.00024414714	0.00043901853	0.0009068863	0.0034882626	0.0036976982	0.00015842957	0.00024075761	0.00022914463	0.0010176663	0.0008482719	0.00081175147	0.050722398	0.00033041724	0.008817041	0.0013452882	0.0040213396	0.00020573768	0.0040215994	0.0013431829	0.000942876	0.0016952455	0.00014469934	0.0037582284	0.0016038816	0.00068331184	0.02606767	0.0008801327	0.004646043	0.0022927294	0.00016877662	0.033145875	-22.830394744873047
s07e07b	420.0	5.0	0.78224957	0.78224957	0.011954806	0.019344253	0.00017070325	0.0015807217	0.02411386	0.0017327177	0.0015685802	0.009943918	0.00053646247	7.642779e-05	0.0059496984	0.012975381	0.0015328681	0.0007126409	0.0030261052	0.0014263388	0.0026405249	0.043736547	0.012694719	0.0053926203	0.0017335552	0.0038022685	0.0018428102	0.0038022685	0.14331505	0.00485126	0.0010409213	0.0003290987	0.00014267885	0.00035008296	0.0026578156	0.0006117903	0.0004896475	0.0046908883	0.0045793517	0.0031412768	0.0022802893	0.0027404611	0.0013852727	0.0027404611	0.0021786802	0.01386501	0.007915904	0.0012010587	0.0007590316	0.0007913581	0.0072862175	0.0054345564	0.0013065477	0.07703134	0.00027062852	0.012896425	0.00066201255	0.0009403044	0.00081990904	0.0009660899	0.00023346039	0.00089372194	0.00017690902	0.00022864268	0.003707711	0.0020035296	0.019110793	0.034742612	0.0019070766	0.02391489	0.004071038	0.00019917326	0.13814683	-25.307315826416016
s07e07b	425.0	5.0	0.80581886	0.80581886	0.0059046336	0.05251587	0.00017471834	0.00021441434	0.0028830117	0.0003417675	0.009675579	0.033176433	4.666732e-05	2.8563121e-05	0.003800625	0.009100836	0.0003729579	0.0004349654	0.003724889	0.00084184133	0.000595807	0.00091028766	0.0031652746	0.0026938834	0.0019952187	0.0028428745	0.00044860606	0.0028428745	0.07155778	0.0054055615	0.0016398637	0.00040550652	0.00037169553	0.0007404894	0.0053671715	0.0003252832	0.00035042388	0.00078665966	0.00034098836	0.0003593173	0.00023825509	8.436948e-05	0.00020572101	0.00023825509	0.0024880664	0.0041727107	0.0041458476	6.480197e-05	0.00039448257	0.00014009152	0.0012685704	0.0031383068	0.0007819147	0.21195492	0.00071694737	0.29852274	0.0055811163	0.00085909787	0.0009229854	0.00047181864	0.0006125126	0.0005131126	0.0006733336	0.00022548749	0.0025802143	0.00523706	0.0012129453	0.092392184	0.0022769894	0.0043102265	0.011151426	0.00043774105	0.092392184	-24.09683990478516
s07e07b	430.0	5.0	0.79504377	0.79504377	0.07280912	0.25461927	0.0006178557	0.00042064837	0.0008799776	0.0011510536	0.004470854	0.014737141	0.00028374998	0.0001894871	0.0042346446	0.0044238963	0.0003367434	0.0002523106	0.0014904325	0.001922469	0.0004677276	0.0019723093	0.015098744	0.0031958597	0.0026494332	0.0071654413	0.0027472444	0.0071654413	0.03496077	0.0051912344	0.002149712	0.0011127277	0.00038065726	0.0008450827	0.002221828	0.0008189022	0.00043307876	0.015986087	0.008782922	0.008510679	0.0013881669	0.0039891624	0.0029727563	0.0039891624	0.0024224976	0.00845955	0.009505285	0.00080534886	0.0007647244	0.00075571524	0.004558147	0.0021543528	0.0021857417	0.0011953583	0.000473464	0.0023882815	0.0008310038	0.001470226	0.00029350823	0.0044110827	0.0002309174	0.0009089274	0.00057476043	0.00032526677	0.0017343583	0.0013543171	0.0014250191	0.0006904888	0.00147621	0.0080244	0.0011588642	0.0012716334	0.00836425	-28.927494049072266
s07e07b	435.0	5.0	0.81392944	0.81392944	0.2546863	0.006568983	0.00023548851	0.0021745637	0.021009	0.00050527544	0.0011747205	0.00088201574	0.00025155468	0.0002257	0.0023494277	0.005980996	0.000879623	0.0006704256	0.0015985501	0.0003964949	0.004070385	0.027906032	0.03169608	0.003278374	0.0026317514	0.0027224892	0.002055611	0.0052470113	0.018774975	0.0032748047	0.001753347	0.00069601537	0.00018655793	0.0005335494	0.0017474006	0.0006398143	0.00027416306	0.010914917	0.010914917	0.0028338782	0.006034326	0.020158425	0.0010081183	0.020797351	0.001218343	0.018449252	0.04827042	0.017676005	0.0024537784	0.0013186309	0.017245622	0.004570835	0.002746676	0.004322176	0.00014871123	0.0010265249	0.001441172	0.0021630866	0.00015314287	0.0009901224	0.0010781469	0.0016679253	0.00050933904	0.00059070677	0.0014905375	0.0009558166	0.002508405	0.001819374	0.0013754567	0.0036717537	0.0037481205	0.0011813438	0.010299737	-26.73747062683105
s07e07b	440.0	5.0	0.831815	0.831815	0.31315446	0.036220923	0.00032558944	0.0016528347	0.020413293	0.004116801	0.001433472	0.0014878686	0.0041117603	0.00048363145	0.009547876	0.003760305	0.0026630736	0.0006798134	0.0005031413	0.0005224347	0.00048273144	0.027991947	0.011637627	0.009143415	0.0017009499	0.0026200898	0.0019861101	0.0037625816	0.015840901	0.0047500166	0.0023681037	0.00062572974	0.00054007204	0.0006197046	0.00080572267	0.00019294696	0.0002475612	0.0028708745	0.0028708745	0.0023818326	0.0022229552	0.0024616928	0.0008887813	0.0024616928	0.00081869157	0.008436862	0.011174301	0.0016472419	0.00045866033	0.0010307811	0.001807001	0.0009601914	0.0017721392	0.0033597508	0.00021226754	0.0015170239	0.0005279618	0.0056153857	0.00017624296	0.00039397352	0.00092219154	0.00055952877	0.0033508404	0.00017144578	0.002802311	0.00049994304	0.0006237185	0.0013306056	0.0010137493	0.0017208977	0.0011010634	0.0009061007	0.0040809377	-26.26817321777344
s07e07b	445.0	5.0	0.36056668	0.36056668	0.010536063	0.0016934493	0.00022420337	0.0004453033	0.0008330608	0.00048438716	0.0033427337	0.0014537105	0.00023281355	0.0001078584	0.0029372717	0.0076627745	0.0007096981	0.00025514237	0.0044392915	0.00056039286	0.0006783246	0.0016305178	0.012609949	0.0054880125	0.0048889373	0.0028634407	0.002992752	0.004047943	0.029026447	0.011588096	0.003684312	0.0015560915	0.0014434891	0.0018134363	0.011276191	0.008061965	0.00036904338	0.0050817123	0.0029205033	0.0018260926	0.002138946	0.0010233189	0.0008123132	0.002138946	0.002729824	0.010516272	0.0034841127	0.00068940385	0.00037964038	0.0005076835	0.0020669291	0.0026457566	0.0008324692	0.038370725	0.0007137093	0.10407624	0.0037794202	0.0011763127	0.00036905287	0.00018002113	0.00024780043	0.001183034	0.002004037	0.00024525536	0.00081839284	0.017483687	0.0011025209	0.01171319	0.005688423	0.0069913603	0.0044686664	0.0046155513	0.05240253	-31.72323226928711
s07e07b	450.0	5.0	0.8724133	0.8724133	0.15677744	0.011154591	0.0003857397	0.00084132934	0.0057752584	0.0010547729	0.0013239501	0.0016292025	0.0004689394	0.00040247774	0.018114425	0.011077498	0.00084557326	0.00027609893	0.001891727	0.0006412437	0.00038790726	0.003672277	0.00941753	0.0038002674	0.0020616828	0.0025075413	0.0010082681	0.014344917	0.028558496	0.0053398963	0.0027254699	0.0007073383	0.000647039	0.0006600193	0.0033782593	0.00039401292	0.00019331435	0.0055252076	0.0017397476	0.0018797482	0.001233015	0.0007712796	0.00068674743	0.001233015	0.0024633575	0.0037942666	0.0038273586	0.00028282034	0.0005394475	0.0007136835	0.0010375718	0.0020450037	0.0014729307	0.025296345	0.00031955072	0.009476999	0.0018252686	0.005471132	0.0002799394	0.00425646	0.0007493043	0.0015395648	0.0038073743	0.0002932579	0.007186225	0.0032409474	0.0004764823	0.002557813	0.00091905484	0.006773468	0.0014369341	0.00052710145	0.017256957	-23.03836441040039
s07e07b	455.0	5.0	0.8673669	0.8673669	0.010383864	0.033063356	0.00042866688	0.0002827737	0.0054714144	0.0004493495	0.0003773209	0.022555022	0.00015948844	4.197638e-05	0.01263905	0.25381938	0.0024555123	0.0005647964	0.0014065652	0.00078575994	0.00038437985	0.0009227268	0.034190133	0.016671417	0.003923994	0.001840292	0.00039947272	0.001840292	0.016834699	0.0012491441	0.00046913835	0.0001825498	0.00037090108	0.000118720716	0.00045335724	0.00027383052	0.000115273295	0.004269055	0.0038360585	0.0022038417	0.0006400497	0.0006923701	0.00061780034	0.0006923701	0.0053027347	0.004493729	0.0040706866	0.00018663905	0.00046478357	0.00025676299	0.0021613971	0.0041782623	0.00095834164	0.061548285	0.00070974143	0.022504348	0.0018939989	0.0009642054	0.00037642557	0.00913512	0.00011693919	0.0006163295	0.00084118627	0.00019196852	0.002031369	0.0010408578	0.0032650186	0.016415592	0.00049291714	0.009573866	0.0016725487	0.00035253033	0.032947283	-24.2678165435791
s07e07b	460.0	5.0	0.7950862	0.7950862	0.016306395	0.3940607	0.00048794923	0.00050328806	0.0010286164	0.0013974733	0.0022998762	0.0146202855	0.00024379078	0.00022296353	0.0010222037	0.008041867	0.0015836429	0.000119587974	0.00074078655	0.0006667995	0.00025384326	0.002088984	0.014939842	0.0076607224	0.002780938	0.008019691	0.0032739036	0.008019691	0.057571437	0.005720583	0.001395208	0.0010154597	0.00064848695	0.00093332	0.0024338807	0.0015022439	0.00061134325	0.007500632	0.00336572	0.007500632	0.0021607897	0.0022230642	0.0017975329	0.0022230642	0.0019543162	0.010970468	0.012492153	0.0004556244	0.0005102117	0.0010991174	0.0031495732	0.0013813955	0.0028438817	0.00092024304	0.0009761108	0.0017065452	0.0007642494	0.0040550753	0.0011358248	0.017454755	0.00015108602	0.0008722695	0.0008882204	0.0003787704	0.0036106159	0.0010302862	0.0014452264	0.00048327498	0.0016127387	0.0064920024	0.0013832973	0.00035155538	0.006030512	-23.65635108947754
s07e07b	465.0	5.0	0.91892034	0.91892034	0.12131364	0.08408883	0.0002795604	0.00090149743	0.00079110323	0.0013567402	0.0011440935	0.0020633454	0.00028262625	0.00014568688	0.008178923	0.0034160775	0.003108617	0.00032595	0.0007875203	0.00025629438	0.00021890373	0.0011580781	0.0033307532	0.0022864172	0.00066641386	0.0005963368	0.00062307384	0.0007461406	0.01870496	0.004937538	0.0023579719	0.0009852209	0.00034621466	0.0009494736	0.0014257216	0.00057452056	0.00017777464	0.0037844288	0.0026104418	0.0034253595	0.001143888	0.002482142	0.0009992474	0.002482142	0.0022413854	0.0035759013	0.0045848084	0.000550609	0.00020255524	0.0007600337	0.0023973056	0.0011592055	0.0010548251	0.0014777966	0.00025380673	0.0029386154	0.0005518471	0.0010362427	0.00025280303	0.023626184	0.0003803277	0.0009592418	0.002115343	0.0001746607	0.002674327	0.0013127326	0.0011866428	0.00038251502	0.0013785377	0.014498421	0.0011357821	0.0008939838	0.005971263	-27.6726188659668
s07e07b	470.0	5.0	0.867787	0.867787	0.059108403	0.0017674908	0.00017017119	0.00036503695	0.00049639586	0.00021341637	0.00053485774	0.00042899328	0.00010054454	0.00014264607	0.0029270325	0.004097833	0.0059576253	5.3817974e-05	0.0014159111	0.00019943646	0.00018538052	0.0010987918	0.0025163349	0.00066570385	0.001230275	0.001303068	0.0012642117	0.0025899936	0.0123489695	0.0040946426	0.0023855248	0.00083214045	0.00027563944	0.000803102	0.0012214985	0.00085759175	0.00018922513	0.0060262317	0.0042178063	0.0031403631	0.0018672656	0.002250559	0.00093341427	0.002250559	0.0025165754	0.010179579	0.0095934365	0.0005093594	0.00023033493	0.0003433298	0.0023294364	0.0035346143	0.0010014948	0.006090325	0.00095668755	0.0023493203	0.0007058938	0.0010474455	0.00012773494	0.008260055	0.001131627	0.0007507388	0.0037448425	0.000112066526	0.011633723	0.004328213	0.0006934207	0.00033979287	0.0010783108	0.010053427	0.0010742638	0.0035819667	0.044628225	-30.23870277404785
s07e07b	475.0	5.0	0.8214558	0.8214558	0.026997536	0.0032037913	0.00053385895	0.001849783	0.26442003	0.0014631691	0.0015545987	0.0012177571	0.0008400856	6.172331e-05	0.0021019042	0.014569195	0.0013279851	0.0014664416	0.0014425067	0.0009064361	0.0021641087	0.041044723	0.0050607566	0.0032898898	0.0017157708	0.0019484226	0.0011545265	0.0026325139	0.047712706	0.004601292	0.0016751208	0.00043567832	0.0001535911	0.00041173937	0.0029679139	9.101635e-05	0.00011261264	0.005703792	0.005628939	0.0027652227	0.006163402	0.007992288	0.00055492506	0.007992288	0.0018190987	0.019045666	0.0047649583	0.00044659898	0.00026160103	0.00014966134	0.0018668959	0.004872011	0.0009760946	0.018950429	0.00024920257	0.00242793	0.00036470528	0.0008989687	0.00020749871	0.006988014	0.00038032138	0.00021089551	0.00018593673	0.00013387701	0.00288037	0.00083415024	0.0014732104	0.010655768	0.00067212153	0.016656758	0.0043593366	0.0001421293	0.083554916	-29.09294891357422
s07e07b	480.0	5.0	0.7992737	0.7992737	0.0118474085	0.012509787	0.0006576558	0.00057702354	0.00072014454	0.00035707752	0.0004805576	0.010177177	7.668198e-05	0.00019249089	0.0014656535	0.026944596	0.008427031	0.0005002624	0.0012722239	0.00043180006	0.00018552657	0.0045685964	0.23772223	0.040604275	0.012084447	0.005887071	0.0060355044	0.0060355044	0.015166512	0.0013184018	0.0005175548	0.00035796297	0.00015848987	0.00030953006	0.0006591191	0.0005981532	0.0001646181	0.011802037	0.011802037	0.0031209057	0.0021031387	0.00238249	0.00065236277	0.00238249	0.0076758275	0.014321103	0.0071307137	0.0010510766	0.00062602916	0.0006236566	0.005111643	0.025572665	0.0010874433	0.004202697	0.00048478736	0.002676845	0.0011366789	0.00034414936	9.9634395e-05	0.008456616	0.0011798358	0.0010728003	0.0013871486	0.00025328723	0.002123053	0.0010902144	0.0023621654	0.0012196016	0.0018914003	0.035066463	0.0020378053	0.0019805168	0.008533298	-31.01421356201172
s07e07b	485.0	5.0	0.84040886	0.84040886	0.085640624	0.095889114	0.00026178168	0.0023091754	0.1130588	0.0017227664	0.0011902103	0.015682053	0.00022469556	0.0003315513	0.0026741682	0.0035147918	0.002008616	0.0019686634	0.0022700808	0.0006657385	0.0007430441	0.014580866	0.007734484	0.001948444	0.0027379286	0.0018708301	0.0019312074	0.0026167799	0.026520355	0.0026391614	0.0012415479	0.00045377252	0.00023284729	0.00054369244	0.001353947	0.00037055224	0.00025178673	0.005717075	0.0033837575	0.003770286	0.0031361326	0.0054018605	0.0006223957	0.0054018605	0.0012071932	0.0043418254	0.017220492	0.0013226016	0.0008174981	0.0007409125	0.0077456576	0.0037386317	0.0033631986	0.0043600197	0.0012088842	0.0022677202	0.0003691618	0.005513074	0.00063436665	0.011603529	0.0018541374	0.001238063	0.0035228105	0.0005556518	0.003702993	0.00086819485	0.000654608	0.0017692678	0.0021895398	0.007820712	0.01161647	0.0004951785	0.0130774425	-23.562389373779297
s07e07b	490.0	5.0	0.6267583	0.6267583	0.011839228	0.0024618078	0.00012632416	0.0073602246	0.004450251	0.0007296305	0.013788775	0.0029586484	0.00095177814	0.0001034038	0.0014272076	0.0059305998	0.00032692103	0.00019243381	0.0013490212	0.001139833	0.016435198	0.005327284	0.0049656155	0.0049656155	0.0007268036	0.010147286	0.001482457	0.010147286	0.718481	0.15909852	0.06761373	0.0013784465	0.00028257613	0.0009790601	0.08258076	0.0008740653	0.004329621	0.0010093782	0.0008663375	0.0010093782	0.00330566	0.0033976792	0.00043461082	0.0033976792	0.0002472331	0.0030336587	0.0061288285	0.0012044734	0.0025142112	0.00082351983	0.0072748344	0.0024168394	0.0006244024	0.0038206014	0.0028843854	0.0018291126	0.0003757447	0.0010201032	0.00058796507	0.0006638688	0.00017921823	0.0014420239	0.00032882366	0.0003629717	0.0008897086	0.0010890705	0.0007991757	0.0014831913	0.00047749258	0.0051613194	0.007997034	0.00012334847	0.024266932	-21.849267959594727
s07e07b	495.0	5.0	0.81223935	0.81223935	0.052340753	0.00462858	0.0007321303	0.0020711953	0.5120802	0.00047131276	0.0016734152	0.0006615108	0.00019883171	0.00034347482	0.0009596243	0.0005826034	0.0045843925	0.0026417507	0.0023780807	0.00023683028	0.007519067	0.021074105	0.0015467436	0.00040096717	0.0015467436	0.0014676731	0.00029852288	0.0014676731	0.04697145	0.0078034922	0.0047573987	0.0008553821	0.00024411292	0.0010980342	0.0041151536	0.0003278255	0.00030309157	0.00058229367	0.00058229367	0.00031385274	0.00092122826	0.0012496939	9.319844e-05	0.0012496939	0.00044006354	0.002299198	0.003264334	0.00058034004	0.0010374503	0.00039640005	0.0033623434	0.00030129636	0.0014198066	0.0036821088	0.00014454489	0.0006684733	0.00044975188	0.0016460629	0.0002481629	0.000923782	0.00050982524	0.0007100763	0.00017593689	0.00034458123	0.0008832226	0.0010057195	0.00043556202	0.0017325099	0.00042703404	0.001534392	0.001254239	0.0002598733	0.0017325099	-25.25936317443848
s07e07b	500.0	5.0	0.7948342	0.7948342	0.023969607	0.056731652	0.0007182748	0.0033998373	0.10851038	0.0008124588	0.0038519206	0.024529306	0.00050927856	0.00024974108	0.0026610063	0.0046585733	0.012976817	0.0015629058	0.008453594	0.00025202642	0.0040041576	0.039049473	0.0030225224	0.0021174205	0.0008859564	0.0024994393	0.000387955	0.0024994393	0.02229374	0.0043960474	0.001586845	0.0004253922	0.00018359926	0.00040767086	0.0010436206	0.00028839824	0.00021926512	0.0010386641	0.0010386641	0.00081424677	0.002754118	0.0011219041	0.00021712582	0.002754118	0.0028345129	0.005154075	0.004132286	0.00025504362	0.00029392296	0.00036970698	0.002640864	0.005964658	0.0055715097	0.014817262	0.0005014299	0.0034418325	0.0010433149	0.001959013	0.0013490185	0.04330091	0.0014544833	0.00077460083	0.0012357844	0.00017839391	0.039043177	0.0021815205	0.00061919395	0.0041328887	0.002474567	0.007657312	0.004881339	0.0005091463	0.039043177	-25.83529663085937
s07e07b	505.0	5.0	0.34041896	0.34041896	0.017198667	0.0057150857	0.0002768288	0.003391688	0.08719211	0.00026476313	0.0022677935	0.002596096	0.00034587982	0.0006509052	0.0014243481	0.021455329	0.0009105504	0.0008499338	0.0017548482	0.0008137666	0.019969104	0.03843065	0.027697949	0.011822776	0.01633127	0.05173871	0.03506376	0.05173871	0.045083165	0.0082664015	0.002711605	0.0012217235	0.00091823906	0.0012222404	0.002749585	0.00097521197	0.0004846372	0.0080086365	0.0080086365	0.0033813703	0.0057768687	0.0045180246	0.0011312999	0.0057768687	0.0029547936	0.029667757	0.016325803	0.0028553442	0.0018439798	0.00255967	0.16917633	0.0030364608	0.009948252	0.0025293734	0.00010569642	0.0010355222	0.003155995	0.0012264596	0.0003078173	0.0007708079	0.00024328388	0.0022170087	0.00055146567	0.007068081	0.0039854506	0.00080561906	0.0019132165	0.002114703	0.00045889497	0.0057438733	0.0007334533	0.00017789229	0.06644237	-22.513940811157227
s07e07b	510.0	5.0	0.91569394	0.91569394	0.004933032	0.14506276	0.0026347395	0.00054813223	0.07091016	0.0047280123	0.0034822095	0.06534515	0.00033867353	0.00023187892	0.0035771024	0.0088500185	0.0077839647	0.0015491372	0.0046515297	0.00041923425	0.0006932965	0.0010618895	0.02526906	0.02526906	0.0015462429	0.005907685	0.0017654921	0.005907685	0.03400019	0.0030590654	0.00083021354	0.0007882869	0.00017721528	0.00070339406	0.0009207767	0.000306722	0.00032776114	0.00092104304	0.00035331445	0.0005946023	0.00082318287	0.00021050338	0.00017289158	0.00082318287	0.001391853	0.0012447082	0.001295847	2.1290854e-05	0.00012354951	0.00014846172	0.0010450279	0.00071739405	0.00078951946	0.008863757	0.0006469958	0.002602284	0.0013313333	0.0025924682	0.0010739425	0.10892086	0.0002871102	0.0004395579	0.00113916	0.00014249461	0.001976848	0.0008164386	0.000397624	0.0012339918	0.00036589388	0.0074873427	0.0034615889	0.00026624702	0.0034615889	-23.045358657836918
s07e07b	515.0	5.0	0.87387997	0.87387997	0.003818573	0.028849952	0.00019022405	0.00089424406	0.00046422545	0.0013547725	0.006226171	0.039264183	0.0010968205	0.00015186105	0.0020061266	0.0060966434	0.0021372368	0.00041544883	0.0016890453	0.0011401126	0.00023120844	0.00048872724	0.004210047	0.0023102358	0.0024893591	0.0012159594	0.0004945832	0.0012159594	0.06667747	0.0064279106	0.0018995581	0.00070634193	0.00081113173	0.00090862304	0.0029014451	0.00023438086	0.0004061766	0.0016516478	0.0016516478	0.0013015957	0.0003542161	0.00071503746	0.0011275278	0.00071503746	0.0022195883	0.0027955396	0.0043021	0.00013272579	0.00030873253	0.00026115746	0.0027104665	0.00032309687	0.0007627335	0.021909187	0.00012581746	0.030172272	0.0006689876	0.0014871008	0.00031888392	0.00054164056	2.6185573e-05	0.0005150624	0.0008328144	0.00033946792	0.00074639556	0.0012689667	0.008798766	0.019543607	0.0004582478	0.0044243373	0.0017925492	0.00027866283	0.03882822	-24.492084503173828
s07e07b	520.0	5.0	0.12991564	0.12991564	0.013059988	0.0018218438	0.00026197618	0.0035137413	0.037059963	0.00025119996	0.019234762	0.0025611534	0.00020702502	9.77745e-05	0.001029042	0.0033410995	0.000697015	0.00056280167	0.0038913204	0.0013840016	0.052302063	0.041907404	0.0071611614	0.0017388104	0.0008617016	0.0036638167	0.0018311475	0.0036638167	0.03785547	0.014019819	0.0037578584	0.0015439925	0.00060242764	0.0008679429	0.0065080915	0.00022690356	0.0002575009	0.0020638637	0.0020638637	0.001651169	0.0039427094	0.0017855724	0.00041733566	0.0039427094	0.0011356529	0.0063028443	0.007732721	0.00063248764	0.00047456715	0.00027772575	0.0042862985	0.0018386355	0.0048038787	0.13520904	0.00013876085	0.008014419	0.0017297058	0.00051728747	0.00033280093	0.0001580626	0.0008777383	0.00046913925	8.792934e-05	0.00019889524	0.002519137	0.002250318	0.00080735784	0.015710173	0.00075795676	0.009248576	0.005545666	0.00017475334	0.0527252	-22.969009399414062
s07e07b	525.0	5.0	0.85663015	0.85663015	0.04544723	0.33793032	0.0013331185	0.0049888953	0.0139878085	0.027005179	0.0050485893	0.03893974	0.00043674908	0.00046680894	0.010171376	0.0076678777	0.0026460132	0.0008255623	0.0033359476	0.0006060769	0.0015004326	0.032321163	0.009512358	0.0072003365	0.0015035628	0.001996216	0.003424279	0.003424279	0.034440354	0.0047725514	0.001982631	0.0008147652	0.00046392376	0.0007793479	0.0013301971	0.0007042798	0.0010504518	0.0018784577	0.0014743893	0.001307929	0.0018507659	0.0011503438	0.00053922646	0.0018507659	0.001526729	0.007966764	0.019163549	0.0008543403	0.0021212134	0.0010815215	0.003211837	0.0033065493	0.0021980645	0.0036962985	0.0016199612	0.0018823956	0.0010290655	0.011157136	0.0003379891	0.0042294404	0.0003335957	0.0020935256	0.009852605	0.0004251352	0.0037532074	0.00031089433	0.0010541747	0.00091950945	0.00083686545	0.0023858151	0.0024479749	0.00065362244	0.0039984034	-23.802282333374023
s07e07b	530.0	5.0	0.82872885	0.82872885	0.005591563	0.09979049	0.0004105471	0.0011810435	0.034171347	0.0014618628	0.0024331433	0.15689375	0.00096972886	0.00017747299	0.004617666	0.002003154	0.0028850618	0.004551218	0.0036718673	0.0012372426	0.0012473079	0.0065085143	0.011996495	0.0019002452	0.0010319586	0.002094544	0.00046903777	0.002094544	0.043726638	0.0037996466	0.0014284715	0.0010238712	0.00032189378	0.0007671995	0.00157414	0.00074746716	0.0005726101	0.0023802447	0.0018389542	0.0023802447	0.002216879	0.0035050637	0.0014527037	0.0035050637	0.0011081352	0.0030365647	0.014994267	0.0013391005	0.0005238129	0.0009130299	0.012665617	0.0006830674	0.0028291456	0.008057516	0.0013254036	0.0029560104	0.0006417053	0.00883487	0.004822265	0.0021063345	0.00033548762	0.0009321528	0.0007866338	0.00036450388	0.0050621326	0.00040305388	0.00063198747	0.0010034413	0.001150711	0.0065121655	0.0010295259	0.00065050024	0.005075643	-24.99814987182617
s07e07b	535.0	5.0	0.8894171	0.8894171	0.015253592	0.3492873	0.00096598227	0.0015702104	0.16962807	0.0040183766	0.005145761	0.030761223	0.00024693957	0.00027216732	0.003920823	0.0017470755	0.003369484	0.0020885973	0.0033158404	0.0009420894	0.009530837	0.009716897	0.0084489025	0.0045218696	0.0026278456	0.0023009814	0.0008662856	0.0023009814	0.05802391	0.008894369	0.0031473076	0.001785501	0.00040092054	0.0009924812	0.0021472874	0.00039096392	0.00058723	0.0008688473	0.00034497105	0.00052178075	0.0018935285	0.000503343	0.00010681613	0.0018935285	0.0005819161	0.0015745613	0.0041669505	0.00038862645	0.00071951543	0.00092694286	0.0040123356	0.00044441826	0.0014892557	0.005686619	0.0010212726	0.001718325	0.0005823877	0.0077414257	0.0031317766	0.015314507	0.00018495008	0.0013021891	0.0007219892	0.00018474844	0.0011206117	0.00032603735	0.00018005511	0.0012493875	0.00079229823	0.0033142806	0.0058213808	0.00030696363	0.0058213808	-22.88454818725586
s07e07b	540.0	5.0	0.9153593	0.9153593	0.010154511	0.24250834	0.008744975	0.002389627	0.028446743	0.09085041	0.003952744	0.172341	0.0021024144	0.00043754163	0.01112205	0.0007239442	0.002075974	0.0010981137	0.006007339	0.00028336336	0.00010077049	0.00045618086	0.0061808405	0.0006193072	0.00070800656	0.00071120256	0.0020727166	0.0020727166	0.027701918	0.001500532	0.0005139937	0.00021685398	0.00011215439	0.00020275736	0.00075133354	0.00058728433	0.00044574201	0.002106057	0.00045977792	0.002106057	0.000641369	0.00042210167	0.0008513161	0.000641369	0.00033820132	0.0013808116	0.0069796243	7.8000274e-05	0.00023576462	0.0003428627	0.00094469334	0.000414802	0.0006877397	0.0017097879	0.0011024709	0.0005529009	0.00017321217	0.021031033	0.000845214	0.0020864408	9.499594e-05	0.0017964861	0.01999858	0.000104946805	0.001744613	0.0003067109	0.0010626044	0.00084413466	0.00021262243	0.0004801663	0.0006099644	0.0003952627	0.001744613	-23.988788604736328
s07e07b	545.0	5.0	0.9047245	0.9047245	0.063105434	0.10590778	0.00061123224	0.0065202345	0.14081739	0.003252898	0.002056109	0.008274247	0.00028057187	0.00026458272	0.0012649315	0.002110227	0.0021304789	0.0013523902	0.0065460275	0.0007895277	0.0056253527	0.12041427	0.003025084	0.0027350998	0.00097449217	0.0021902535	0.00090342877	0.0021902535	0.020077046	0.003964341	0.001518605	0.0005630758	0.00021973642	0.00053858745	0.002335596	0.00017798206	0.00018166806	0.0010503537	0.00060932647	0.0010503537	0.0022296167	0.000972663	0.00025441896	0.0022296167	0.00058120047	0.0023291493	0.0045018597	0.0009136861	0.00039045885	0.0010635311	0.0025295203	0.001584495	0.0013254541	0.0059257834	0.00035021664	0.0012847253	0.00040140603	0.006514452	0.0004505414	0.0032456599	0.00021766621	0.0012020482	0.0006330699	0.00012912859	0.0014866649	0.00061853504	0.0006020141	0.004931139	0.0013419815	0.003441826	0.008927596	0.0001521315	0.008927596	-23.87796211242676
s07e07b	550.0	5.0	0.899775	0.899775	0.0059916624	0.011411741	0.0013989146	0.00040944686	0.004318514	0.0004735969	0.001247873	0.1413997	0.00020174569	3.0402562e-05	0.0033527885	0.093409106	0.00041070444	0.00010159089	0.0012270433	0.00030970332	0.00028650204	0.00070429285	0.10503504	0.006651394	0.0031124286	0.0028189027	0.000647406	0.0028189027	0.09396722	0.002357946	0.0011735087	0.0003574842	0.00043229366	0.0004985387	0.002617056	0.0003289814	0.0002565814	0.0018870276	0.0010860396	0.0011444134	0.0003140476	0.00021279298	0.0006736616	0.0003140476	0.0024731783	0.0024289098	0.0020215742	4.229365e-05	0.00017402734	0.0001528374	0.0021735416	0.0063977684	0.0012950093	0.2297563	0.0012950061	0.0711665	0.0015735661	0.0016686161	0.0004340368	0.00019752656	0.0001310038	0.00047732735	0.00027229788	0.00012601004	0.004182625	0.0022304931	0.008656453	0.19372101	0.0009103952	0.0026704366	0.0011518867	0.00045226584	0.19372101	-27.891740798950195
s07e07b	555.0	5.0	0.7932337	0.7932337	0.020066204	0.016872449	0.00025754707	0.0011924397	0.005170374	0.0018653044	0.0038581076	0.003831941	0.0015863383	0.0001096532	0.031263124	0.036605082	0.0010696062	0.00055934535	0.00068128086	0.0011723556	0.0004744057	0.0034969621	0.027782753	0.027782753	0.0024222927	0.0022897557	0.00087420444	0.0022897557	0.03929048	0.002689324	0.000918618	0.00063391606	0.00041309433	0.00064692396	0.0009276978	0.00017739432	0.00021004464	0.0022453065	0.0010969689	0.0010259496	0.0004146775	0.00044121695	0.00025231804	0.00044121695	0.0015984185	0.0038196724	0.0041555865	0.00020089936	0.00031736895	0.00043999744	0.0020613512	0.001120562	0.0017284269	0.037907377	0.0003138333	0.010500907	0.00057453616	0.0030251127	0.0004482906	0.019247504	0.00026012913	0.0007418837	0.0022077542	0.00031525712	0.004309541	0.0029828758	0.00092138624	0.006655479	0.00029805079	0.010666431	0.0036085	0.0002344709	0.019578459	-24.82955551147461
s07e07b	560.0	5.0	0.8859441	0.8859441	0.17518991	0.043981723	0.0005840868	0.0020764996	0.29821357	0.0013823485	0.0018302656	0.00080551853	0.0070303422	0.00038961833	0.0061330413	0.0018626739	0.0072875866	0.0015822893	0.0015412817	0.0007865757	0.0037367318	0.011922357	0.014714325	0.004750576	0.0007412748	0.00082084053	0.00034478435	0.0013335599	0.016254708	0.0035727066	0.0022018661	0.00059966586	0.0002517639	0.00041570218	0.001731866	0.00016668186	0.00017666325	0.00077150716	0.0003942002	0.0005602468	0.0007128124	0.0005415969	0.00018667697	0.0007128124	0.0003882134	0.0010525023	0.0015030575	0.00026195945	0.00024486842	0.00027149945	0.001023271	0.00030000537	0.00080023153	0.004268719	8.5743355e-05	0.0010950466	0.00049823633	0.004523211	0.0001754534	0.0027673747	0.00049757573	0.00045308095	0.0006172136	0.00018958848	0.0011697231	0.0013917218	0.00043111152	0.0025897596	0.0012968513	0.0010082792	0.00214334	0.00014005745	0.0029963753	-23.723987579345703
s07e07b	565.0	5.0	0.855365	0.855365	0.056664433	0.27188584	0.00024918595	0.0062646787	0.17346083	0.00066007744	0.0031602792	0.0036661914	0.00014597584	0.0004071357	0.000740506	0.00139103	0.0017018529	0.0003720811	0.003715469	0.00024406755	0.01822333	0.009534024	0.0019654022	0.0019654022	0.00052662235	0.0039089187	0.00053743616	0.004206634	0.029628092	0.008433317	0.0029070335	0.00083387445	0.00017996346	0.0005387751	0.0029227259	0.00038264503	0.00029476962	0.00034329217	0.00015009337	0.00023911554	0.00048414434	0.00017244573	3.810594e-05	0.00048414434	0.00039366903	0.00042474954	0.00089878676	0.00024883647	0.00027833492	0.00085585617	0.0012025143	0.00017361432	0.0005310562	0.0034230764	0.0004897817	0.0008177458	0.0006831383	0.0016258531	0.0011440581	0.0065950146	0.00033109201	0.0014415247	0.0010931508	0.00014297587	0.001298068	0.0007047921	9.183717e-05	0.0006704298	0.0003547531	0.002339722	0.0062691774	5.865852e-05	0.0062691774	-22.369850158691406
s07e07b	570.0	5.0	0.73397917	0.73397917	0.010234034	0.2042009	0.00045018765	0.0019422567	0.0027173583	0.0015550709	0.00772692	0.010797909	0.0008943987	0.00032301524	0.000877225	0.0030907732	0.00066635106	0.00019818817	0.0012347056	0.0013169076	0.0006075085	0.0024371292	0.008674128	0.008674128	0.0011343753	0.007164804	0.0021890816	0.007164804	0.069295436	0.0033925518	0.0009535209	0.0006703352	0.0004360321	0.0008200079	0.0012114784	0.0007695393	0.00091859524	0.0012235333	0.0006391868	0.0012235333	0.00072652387	0.00045992128	0.00046952715	0.00072652387	0.00045408861	0.002346183	0.007603466	0.0003209968	0.000805065	0.001418485	0.004051103	0.0005315695	0.0016831212	0.0021730878	0.0020960376	0.0018880481	0.00069951115	0.0069100494	0.001095845	0.0031192715	7.85113e-05	0.0018408368	0.004532849	0.00066662795	0.0028453616	0.0010729148	0.00070131605	0.00096055417	0.00041905468	0.0039214636	0.002438624	0.0004959121	0.0074320757	-24.20374870300293
s07e07b	575.0	5.0	0.86753005	0.86753005	0.0062823724	0.05452156	0.00010580211	0.001055023	0.10454353	0.0002179898	0.0010291429	0.0044708923	0.0005656718	0.0002141514	0.00068947684	0.0016415212	0.0076916353	0.0014230852	0.0023232708	0.002280234	0.005551338	0.005002199	0.032396354	0.0011332096	0.0008455298	0.0016803097	0.00048873335	0.0016803097	0.05239466	0.0030677684	0.0017760347	0.00076059415	0.00050093426	0.000651465	0.0009196229	0.00019352052	0.0004689072	0.0010972631	0.0010972631	0.00094298203	0.004091459	0.0012391142	0.00016657462	0.004091459	0.0017010123	0.005233951	0.00874138	0.0007030606	0.0011303697	0.00037293052	0.0018465163	0.001569345	0.005470631	0.00492934	0.00040028317	0.0015794766	0.001019012	0.0025241121	0.00085837574	0.006105277	0.00040753526	0.0018072677	0.0005993616	0.00019536467	0.004151987	0.0008386072	0.0007290832	0.00086782017	0.0011747008	0.010972124	0.0030099698	0.00014197368	0.004151987	-25.39740562438965
s07e07b	580.0	5.0	0.84913886	0.84913886	0.0072922218	0.24324155	0.004493343	0.00035175568	0.0032686843	0.008608318	0.0042589344	0.12049789	0.0010028601	0.00039854596	0.023467831	0.0015715746	0.0052492316	0.0019164135	0.0058430233	0.00045021132	0.0002807699	0.00048047624	0.02553226	0.02553226	0.005295832	0.0011137404	0.0011538678	0.0017995884	0.019291002	0.003783365	0.0012357787	0.0007386397	0.00047977513	0.00054386427	0.0008236902	0.0018211553	0.0005247531	0.0010206102	0.000622458	0.00078745926	0.00054527144	0.0003110731	0.00026070394	0.00054527144	0.00058922626	0.0008916554	0.0027962853	0.0001552671	0.00017621138	0.0005713206	0.00078656676	0.0016981047	0.00066706113	0.0008113857	0.0011975146	0.0010889517	0.00047492626	0.0043193283	0.00061517453	0.01211461	0.00010529414	0.0003620022	0.0022185969	6.60827e-05	0.0032792652	0.00042524017	0.00026337666	0.00037575295	0.0008083135	0.0023647004	0.0016277884	0.0014633837	0.0032792652	-24.921676635742188
s07e07b	585.0	5.0	0.78770185	0.78770185	0.010341858	0.0419742	0.00038759565	0.0027644706	0.16747294	0.00040773966	0.0031271398	0.012008623	0.00028157787	0.00019389048	0.0024695648	0.004013515	0.00096782844	0.00034744796	0.0033902503	0.00111036	0.0029525482	0.015722876	0.0046787392	0.0012985787	0.00070144003	0.0022001958	0.000407632	0.0025136087	0.042728223	0.0025432827	0.000985448	0.00035116632	0.00018927023	0.00031974146	0.0013242579	0.00014347148	0.00036994158	0.00049625203	0.00049625203	0.00048249363	0.0006296398	0.0005693728	7.782805e-05	0.0006296398	0.0011331355	0.0014014029	0.004099933	0.00023580216	0.00021778724	0.00042504622	0.0016881219	0.0006736029	0.0016182462	0.039131917	0.00058181764	0.011748918	0.000513886	0.0014814629	0.0023970343	0.001884337	0.00023936441	0.00067412783	0.00024167803	0.00020075556	0.0009968042	0.00049124024	0.00061846816	0.005028965	0.00022900592	0.0116467355	0.007410074	8.922205e-05	0.03554112	-24.11734390258789
s07e07b	590.0	5.0	0.7445633	0.7445633	0.0021213517	0.053492177	0.00010484268	0.0007320382	0.06743925	0.00023170543	0.0036063744	0.03929733	0.0002771428	0.00014142443	0.0027081538	0.0030453976	0.0023319786	0.0027780002	0.0028845733	0.0004761127	0.000569499	0.0016179812	0.08149134	0.00091299776	0.0006866385	0.003269983	0.00034952373	0.003269983	0.030460864	0.0044384613	0.0034082457	0.0012144176	0.00034192475	0.00071390654	0.0012036017	0.0003917515	0.00031452882	0.0014467934	0.0010713041	0.0014467934	0.0027326269	0.001225732	0.00028432894	0.0027326269	0.0007094152	0.003082565	0.0070548877	0.0002281092	0.0006425367	0.0007421884	0.00282903	0.00076854887	0.0041180877	0.010527795	0.0009285167	0.0011708557	0.0019555255	0.002854853	0.0044266316	0.0039907503	0.00065279385	0.0006117495	0.00066352624	0.00024297326	0.0035417122	0.0006302816	8.821598e-05	0.001027733	0.0009829248	0.012508669	0.0006397201	0.00033997445	0.0035417122	-23.534942626953125
s07e07b	595.0	5.0	0.7962597	0.7962597	0.026255965	0.03199846	0.0006566162	0.0008619554	0.016109062	0.0022739822	0.0023375745	0.0035164556	0.0014528442	0.00018001908	0.036468524	0.022295846	0.0015877051	0.00052498	0.0023428516	0.0005512013	0.00059677	0.004513189	0.009288996	0.007218548	0.0034504656	0.0037511417	0.0017542937	0.0037511417	0.11604198	0.009493597	0.0021957324	0.0009330751	0.0004173245	0.0010684584	0.0078463135	0.00045669492	0.00042913135	0.0022703821	0.0020313738	0.0007404167	0.0007571627	0.0011942943	0.0002459025	0.0011942943	0.0031792223	0.00638662	0.0044580977	0.00029400032	0.00080957654	0.00056363776	0.0017985189	0.0029703064	0.0019741405	0.0744021	0.0004064018	0.035263367	0.006888871	0.0029192592	0.001227625	0.0200858	0.00092931057	0.00072451564	0.0014988311	0.00041235192	0.0071049635	0.006863397	0.004359455	0.029783484	0.0022195692	0.0129442	0.006653657	0.00020001538	0.06813421	-25.385143280029297
s07e07b	600.0	5.0	0.8151014	0.8151014	0.05287827	0.029742151	0.0021678312	0.0007415585	0.001348097	0.0027358022	0.0013123263	0.006658922	0.0027999002	0.0006423395	0.011501566	0.005460849	0.010097796	0.001115103	0.0010791596	0.00054430304	0.0003587515	0.0008855411	0.012066528	0.012066528	0.0069547864	0.004103387	0.003962007	0.004103387	0.016633438	0.004751446	0.0023768696	0.00060060935	0.0002878911	0.0005371878	0.0021471637	0.00064466236	0.00017443436	0.0024701052	0.0015930816	0.0015358638	0.0010312187	0.00072215544	0.00052747387	0.0010312187	0.002916644	0.002821142	0.0036712426	0.0004440198	0.00065076223	0.000646719	0.0015590859	0.0015344183	0.0011095813	0.0016129046	0.00018469068	0.0031126093	0.0005529251	0.0025641639	0.00033797734	0.010212543	0.0002218479	0.0008315428	0.0047483984	0.00066625007	0.0057989843	0.0024400372	0.0005823047	0.0007263975	0.0009692448	0.0052580484	0.0008305281	0.00040641363	0.008118171	-26.0498161315918
s07e07b	605.0	5.0	0.89653593	0.89653593	0.06572127	0.065583676	0.00055085705	0.0025411206	0.19139023	0.0020852596	0.0024387562	0.0027655144	0.0016600466	0.0006128641	0.030624527	0.0019835068	0.00190882	0.003249968	0.0014604081	0.00061176403	0.0005360035	0.0064734	0.0041534402	0.0040578824	0.0012017895	0.0020994064	0.0008980416	0.0020994064	0.023238558	0.004282025	0.0019802623	0.00087613653	0.00031410297	0.00085440784	0.0015707831	0.00032515207	0.0002725254	0.00092232163	0.0005842842	0.00039613314	0.0010220702	0.0005043713	7.5355994e-05	0.0010220702	0.0009122355	0.0016219228	0.0019074486	0.00025952718	0.00036538078	0.00063319755	0.0008663611	0.0008097035	0.001154428	0.004256579	0.00046778598	0.0010358967	0.00067616435	0.0045780237	0.00041041558	0.03625806	0.001117806	0.0010835386	0.0024860129	0.00025860118	0.0014289477	0.002304533	0.00058538263	0.0026018186	0.001650886	0.0030852125	0.0026831296	0.00027267355	0.0072202156	-24.24126434326172
s07e07b	610.0	5.0	0.82818955	0.82818955	0.1580835	0.06610283	0.00057661446	0.008675202	0.069323055	0.001136956	0.0013869215	0.0027981088	0.00058101217	0.00026769814	0.0058394154	0.022116518	0.0015891138	0.0006189042	0.0020431867	0.00050229504	0.0060254433	0.012089503	0.01315881	0.0072951666	0.0013071285	0.009576236	0.0031406109	0.009576236	0.030615373	0.00529927	0.0025141765	0.00062278286	0.0002754033	0.00051484664	0.00359007	0.0005388262	0.00022838994	0.0016275893	0.0010476311	0.0009761843	0.0012891822	0.00076842913	0.00021048791	0.0012891822	0.0016071728	0.0050693788	0.007579953	0.0007095744	0.0014547899	0.0009495726	0.0057065296	0.0025774522	0.002251394	0.009939336	0.00023513673	0.0032959494	0.0009072605	0.0018816682	0.00032407418	0.0019127723	0.0006002277	0.0025286444	0.001566134	0.0006262503	0.003470085	0.0013912673	0.0008670531	0.0030101303	0.0007975849	0.00957743	0.0029773372	0.0001227751	0.03289767	-24.408130645751957
s07e07b	615.0	5.0	0.78650653	0.78650653	0.092759624	0.022965373	0.0004316564	0.002552036	0.31309992	0.0022497217	0.0017913032	0.0013246515	0.00092228386	0.0010574331	0.041080907	0.002451872	0.017920801	0.0142657785	0.004015019	0.00020423274	0.0030376562	0.0121920705	0.0067252824	0.0067252824	0.001670817	0.0031728956	0.0009604051	0.0031728956	0.017381135	0.0070390985	0.003946554	0.0011221985	0.00027592736	0.0011246519	0.0018130954	0.00020464053	0.00024805832	0.0008843666	0.0008843666	0.00033191056	0.0008987251	0.0016425116	0.00012747917	0.0016425116	0.0005617451	0.0029480052	0.0047394834	0.0016576888	0.0013698511	0.0008422088	0.004747515	0.0008432054	0.001543398	0.013273788	0.00035058195	0.0029763991	0.00067067	0.0015323675	0.0001901885	0.0035416787	0.0007281774	0.0010023033	0.000683099	0.00055669236	0.004716439	0.0007380676	0.0015369364	0.0107212765	0.0012398261	0.001714502	0.002858689	0.00024700057	0.0107212765	-27.020755767822266
s07e07b	620.0	5.0	0.78297305	0.78297305	0.008623461	0.041081935	0.03729407	0.01762515	0.030750137	0.022178924	0.012089435	0.06908247	0.0040720846	7.8994264e-05	0.001152789	0.0048602396	0.0011631853	0.0013279225	0.0015048448	0.00015903272	0.0052801515	0.015945012	0.10756331	0.0012812194	0.0021633941	0.0019739922	0.0048679854	0.0048679854	0.04770797	0.0052186204	0.0011919588	0.00032163702	8.9214904e-05	0.0003406959	0.0015827112	0.00043718016	0.0012264655	0.0013616371	0.0013584527	0.0013616371	0.0015073532	0.0010670949	0.00033938637	0.0015073532	0.00055566395	0.0065453607	0.0098215705	0.0006544517	0.002676466	0.00047604597	0.0074673267	0.0007229321	0.0040999255	0.0005094779	0.0013034795	0.0005924002	0.0005390543	0.0031108726	0.00024767287	0.000611818	0.00010083432	0.0020221274	0.009454974	0.0007695485	0.003412633	0.0017233561	0.001011724	0.00037163106	0.00025983763	0.0015385734	0.001142102	0.00014554677	0.003412633	-22.57339859008789
s07e07b	625.0	5.0	0.9193118	0.9193118	0.013982613	0.18238065	8.494872e-05	0.0025175703	0.17556484	0.0011782005	0.0024484757	0.013511947	7.577379e-05	8.641094e-05	0.0011385363	0.0010650636	0.00435461	0.0014043147	0.0031554205	0.00038832665	0.0019396315	0.0243977	0.0024592306	0.0015388972	0.00052122027	0.0010546985	0.00040986235	0.0010546985	0.020867199	0.0025363427	0.0016343443	0.0006936391	0.00015226791	0.00049469166	0.0012676452	0.0002237361	0.00037118155	0.0007816108	0.00033933346	0.0007816108	0.0010532637	0.0005396902	0.00016677407	0.0010532637	0.0004198842	0.000985135	0.0059123435	0.0002656889	0.00025196825	0.0006778661	0.0011215786	0.00062072783	0.0021435176	0.005378646	0.0015750381	0.0010795761	0.00033237098	0.0037378892	0.0016128356	0.007974121	0.0001791101	0.00085250975	0.0006469036	0.00013505122	0.0012242013	0.00044684898	0.00025613923	0.001131856	0.0006621907	0.0015715372	0.0032891957	0.000315445	0.0032891957	-23.803611755371094
s07e07b	630.0	5.0	0.8150779	0.8150779	0.028045462	0.01819602	0.0016935725	0.004637503	0.17217219	0.0018291894	0.0027213863	0.021353252	0.0013123951	0.00047552917	0.0019128105	0.0051042764	0.0011824325	0.0070646876	0.0043293103	0.00079204765	0.021530772	0.033458017	0.013651441	0.010415172	0.0026675935	0.011211358	0.03706671	0.03706671	0.049268436	0.0047791577	0.0029920733	0.000989831	0.0003139581	0.0010092763	0.0023888382	0.00086911104	0.0016193058	0.0015476908	0.0013856667	0.0015476908	0.005171618	0.0017511375	0.0005638352	0.005171618	0.0007018576	0.0034352867	0.010451111	0.001668883	0.0014566337	0.0007844092	0.0076590623	0.0019958084	0.0018191056	0.0035895566	0.0016305239	0.0018823525	0.0009966879	0.0016205128	0.00039622717	0.000825059	0.000670316	0.0011079921	0.0016377713	0.000591489	0.001873859	0.0012457353	0.0019182294	0.0042720865	0.000758925	0.0039673056	0.006250434	0.0003548111	0.00778525	-24.722618103027344
s07e07b	635.0	5.0	0.7515105	0.7515105	0.015828254	0.019789636	0.05929698	0.0062602665	0.028553858	0.019088935	0.0038772875	0.07022996	0.0003216002	0.0003044716	0.0012016223	0.006253657	0.0006953882	0.0025935005	0.0018885228	0.00018408167	0.0014617661	0.11146	0.014623336	0.00698422	0.0035507623	0.013988669	0.018866528	0.042005382	0.061284482	0.0069773244	0.0028198669	0.0002343641	8.7731925e-05	0.0010930696	0.0018844751	0.00075345085	0.0007589572	0.0006862025	0.0006862025	0.00032585245	0.0016436183	0.00062738627	0.00020042124	0.0016436183	0.0006702879	0.004000056	0.008004206	0.00076785934	0.002976351	0.00048152482	0.0027464086	0.0015747846	0.0009217849	0.002667142	0.00021021214	0.0007539475	0.0030893541	0.0017886389	0.00011720678	0.0001168878	0.0016320539	0.015473515	0.0015126135	0.00055442814	0.00249424	0.0014096891	0.0014465261	0.0016820902	0.0026591707	0.003828388	0.0020472957	0.00029966005	0.002790137	-22.570838928222656
s07e07b	640.0	5.0	0.7965524	0.7965524	0.046198342	0.020628795	0.00021337952	0.0038392015	0.13384905	0.0020602392	0.0038695084	0.0046542967	0.0002164683	0.00038961112	0.00043483975	0.009066139	0.0015269498	0.001319666	0.002594479	0.0005360709	0.018223496	0.08365137	0.005189568	0.004778319	0.0023283926	0.003903551	0.0014734784	0.003903551	0.045642074	0.006442551	0.0028135972	0.001426734	0.00060406566	0.0011252494	0.0030466025	0.00083287945	0.00067890924	0.0017071123	0.0017071123	0.0015663749	0.0056291893	0.0026693766	0.0005629293	0.0056291893	0.0007547889	0.007109308	0.011221078	0.0016651233	0.0023354604	0.00079321535	0.030424299	0.0018341342	0.0021495977	0.0024116384	0.00043921362	0.0010509503	0.0011358508	0.0019521039	0.00014962853	0.0005141623	0.0002535286	0.0046652975	0.0010011023	0.001073382	0.0013587549	0.00028356793	0.0011222594	0.0015247399	0.00034132498	0.0029643364	0.0014973603	0.0007352455	0.009219434	-22.22616195678711
s07e07b	645.0	5.0	0.9098387	0.9098387	0.03026592	0.1001344	0.0012640366	0.002129743	0.009173596	0.021241255	0.0030451296	0.023476396	0.00034594262	0.00089412264	0.012239448	0.0014026051	0.002127707	0.0015743882	0.00039350486	0.00012300267	0.00022166669	0.0010465657	0.039324	0.039324	0.002942607	0.0008209363	0.0007239559	0.0036040978	0.011343048	0.0024867107	0.0011839252	0.0007555035	0.0003325542	0.000568259	0.00068404264	0.00043858748	0.00016663483	0.0012701246	0.00017128991	0.00044429756	0.00043461705	0.00012437614	0.00011826411	0.00043461705	0.0010336727	0.00061034097	0.0036964794	0.00016131537	0.0005648922	0.0020694577	0.00036197237	0.0017829566	0.00038975934	0.0035791665	0.0008204136	0.0071255127	0.00021071603	0.0015347698	0.0003893033	0.0042088	0.00025151583	0.0021364011	0.00090746104	0.00011770306	0.0017872492	0.00039098706	0.00058349175	0.00048494918	0.00035749612	0.0030455613	0.0020525213	0.001038453	0.0020525213	-27.60904693603516
s07e07b	650.0	5.0	0.7887881	0.7887881	0.009321618	0.030934365	0.0001251382	0.0031273686	0.19170736	0.0008447945	0.0031887416	0.022907978	0.00024017527	0.00023023544	0.00094925053	0.0009494631	0.0021082468	0.0024216543	0.003025041	0.0004079018	0.0042360784	0.029511692	0.0070030196	0.0021616493	0.0008862262	0.005978431	0.000798623	0.005978431	0.04580541	0.005196704	0.002888015	0.0010450484	0.0004506067	0.00091140636	0.0024273642	0.0004689613	0.0005466708	0.00086318696	0.00074835203	0.00086318696	0.0052257045	0.0016510613	0.00021599326	0.0052257045	0.0005142387	0.0022982028	0.014996622	0.00062611006	0.0013762062	0.0015350109	0.006620402	0.0012739726	0.006310473	0.0024450808	0.0011665279	0.001079788	0.00089274574	0.0025558018	0.0011905187	0.00080362556	0.00039414706	0.001784405	0.0001954817	0.0002334408	0.0011815424	0.00025682664	0.0004994746	0.0015409038	0.00065210357	0.004720244	0.0010192173	0.00029709216	0.0015409038	-24.34360122680664
s07e07b	655.0	5.0	0.8934414	0.8934414	0.03800745	0.05085946	0.000363052	0.0012397434	0.11462954	0.003723896	0.0020424072	0.006089234	0.0018454856	0.0010921723	0.046952724	0.0028596271	0.0034001796	0.0059966426	0.0005893804	0.0012324196	0.0028764217	0.005708762	0.0403978	0.012621425	0.012772745	0.0034759622	0.0013023682	0.0052058725	0.013269291	0.002941685	0.0018215922	0.0009940928	0.00033084466	0.0007328584	0.0016581212	0.00028109958	0.00016742542	0.0021928865	0.0009080553	0.0013845572	0.0056001395	0.0014183673	0.00029607536	0.0056001395	0.000664598	0.0021440203	0.0053562676	0.00071979396	0.0009074602	0.00054802303	0.007935681	0.0011089415	0.0017562339	0.003932042	0.00011101101	0.0012880592	0.00032102063	0.0040626526	0.00044060417	0.0043518697	0.00057294726	0.00088752917	0.0009625096	0.0004900005	0.0013907679	0.0019518436	0.00061187486	0.0012092002	0.0010562204	0.0053144377	0.00052926375	0.00019655713	0.0022362745	-23.87353515625
s07e07b	660.0	5.0	0.8892054	0.8892054	0.018934302	0.14711988	0.0015768148	0.0006992911	0.0022539245	0.006278236	0.001246505	0.03634426	0.0010259985	0.00057075266	0.015732044	0.0022102746	0.0011207162	0.0006951029	0.001024816	0.00013705216	0.00012754215	0.0015731234	0.049384464	0.049384464	0.0063819615	0.0013863603	0.0019117822	0.0019117822	0.01458887	0.0015663577	0.0005121063	0.00047827174	0.00022042573	0.00040455305	0.0009340054	0.0007390424	0.00025249348	0.0026872647	0.0009826523	0.0013317835	0.0014858071	0.0011217913	0.0003152457	0.0014858071	0.001093483	0.0017227058	0.0050419564	0.00030903408	0.00036749826	0.00055836973	0.0018457676	0.0009310006	0.0007832832	0.0008604357	0.0022832225	0.0006870113	0.0002546932	0.0019470017	0.00053578464	0.00835688	0.00021804655	0.0007593445	0.0012987118	0.00032641584	0.002678726	0.0004262558	0.0006503304	0.00076179754	0.0010980886	0.0035804166	0.0014543931	0.0006138161	0.002678726	-24.926549911499023
s07e07b	665.0	5.0	0.86471534	0.86471534	0.020772938	0.13277702	0.0002162725	0.0012424298	0.0010304492	0.0045663607	0.0015238654	0.008251006	0.0010856413	0.00033042982	0.0030440022	0.01087339	0.0030774039	0.00034716618	0.0009307953	0.00022256674	0.00028390368	0.0023717766	0.0123096015	0.011447549	0.0017119014	0.0010802812	0.00077762903	0.0022896077	0.023323454	0.0017552208	0.00041216565	0.0008748427	0.00043049018	0.00094336754	0.0012808449	0.0006025717	0.00031965523	0.006613682	0.0012860965	0.006613682	0.00066840864	0.0005622151	0.00094142905	0.00066840864	0.00467063	0.0013697317	0.0055840835	0.0004727742	0.0005768066	0.0013191596	0.0035895787	0.0020880795	0.0010323363	0.0021202294	0.0013691226	0.002000479	0.00036878927	0.0033567746	0.00041946932	0.008853579	0.00027219873	0.0019027648	0.0062849685	0.0002593874	0.0030958506	0.0006050792	0.00074426224	0.0011969113	0.0006521918	0.004593107	0.0036265703	0.0007246845	0.009042365	-24.868488311767575
s07e07b	670.0	5.0	0.8465467	0.8465467	0.017075703	0.2883035	0.0013846356	0.0021925254	0.17536825	0.0026989023	0.006009176	0.04120977	0.0002184946	0.0005160221	0.0063572116	0.0012318358	0.0030239567	0.0052065216	0.0044542793	0.00019455364	0.018379537	0.0149455825	0.003919743	0.003919743	0.0013428695	0.0020824107	0.0011735254	0.0020824107	0.03309025	0.010075475	0.0037936661	0.0012153798	0.00043970605	0.00074546435	0.0021831517	0.00076179975	0.00039634109	0.0008426961	0.000337458	0.00079330534	0.0017792839	0.00037479957	9.374438e-05	0.0017792839	0.0003474488	0.00087518495	0.004012903	0.00046810557	0.0010538333	0.00079562305	0.0040632198	0.0012047775	0.00086291844	0.0020823583	0.00086270063	0.0007971442	0.00023851328	0.0025009045	0.00037773064	0.0028008604	0.00018868246	0.0011917129	0.0006555317	0.00027045363	0.0011105108	0.0002712459	0.00020581971	0.0010116614	0.00073441607	0.001778598	0.0028348067	0.0003425595	0.0028348067	-24.688947677612305
s07e07b	675.0	5.0	0.90596616	0.90596616	0.022925297	0.4171097	0.0014070891	0.00068537606	0.003678348	0.009434578	0.0015070316	0.028252417	0.00095601706	0.00016194493	0.007331088	0.0031885067	0.0007326873	0.000597809	0.0016095527	0.00034121727	0.0001657735	0.0010296833	0.003822544	0.0032020253	0.0014754442	0.00085602864	0.0006569549	0.0009134398	0.012445833	0.0015769071	0.0007487497	0.0005831707	0.000282778	0.0003056367	0.0006226793	0.000703204	0.0001426553	0.0012852038	0.000499481	0.0005299079	0.00025006608	0.00034175397	0.00015564791	0.00034175397	0.00069859176	0.0012120648	0.0048799426	0.00015459332	0.000117632815	0.0005045001	0.0007603101	0.00044706924	0.0007183453	0.001362845	0.0017912306	0.0010746988	0.0003159073	0.002030445	0.0011117392	0.07567951	0.00021690072	0.00042962437	0.0034720893	0.00029672164	0.001218791	0.00079657626	0.00023111167	0.00040193426	0.0008393991	0.009697952	0.0004547015	0.0007810359	0.0048889653	-25.66397476196289
s07e07b	680.0	5.0	0.82610035	0.82610035	0.035644203	0.070021026	0.0015496846	0.0037385996	0.034276526	0.0013275791	0.0028513558	0.0105810575	0.0010712827	0.0032431632	0.0025673478	0.008462243	0.0021187034	0.002748338	0.0035657096	0.00073560403	0.010241413	0.018779844	0.042395018	0.0209689	0.0141743515	0.022022856	0.007220305	0.022022856	0.03755946	0.010994738	0.0048146877	0.0022851557	0.000895181	0.00164802	0.0036075416	0.00072959193	0.0004445221	0.0029629667	0.0029629667	0.002322315	0.004781717	0.002831167	0.00064444676	0.004781717	0.0022109298	0.0057894336	0.012480998	0.004797803	0.002795884	0.0038291083	0.018747913	0.0041652275	0.0024403878	0.007668291	0.0004700782	0.0021944668	0.00093048275	0.005014403	0.0006508171	0.0049116407	0.0011382462	0.0040362505	0.0021048058	0.0013465758	0.0052501303	0.00081203226	0.0011230413	0.00268418	0.0018372735	0.0050502564	0.005185202	0.00033861623	0.013073333	-25.656269073486328
s07e07b	685.0	5.0	0.829686	0.829686	0.008331089	0.22765614	0.0032165195	0.001240926	0.006385207	0.09368116	0.0067189843	0.0416576	0.0038375896	0.0007304598	0.05091661	0.0033386122	0.045729887	0.002841481	0.0032027743	0.0008139124	0.0004333736	0.0006550623	0.0049371417	0.0049371417	0.0011626064	0.001438986	0.0013435986	0.001438986	0.06366961	0.008149308	0.0025086734	0.0016245091	0.00069182133	0.001353769	0.008501233	0.000639575	0.00065817946	0.0024573642	0.0011904071	0.0024573642	0.0006344631	0.00053644535	0.0007899951	0.0006344631	0.0011652103	0.0011138078	0.0033989325	0.00014980725	0.0003785329	0.0006405321	0.0017140221	0.0005420638	0.0008671345	0.002098173	0.0007484037	0.0035807923	0.0011518998	0.0019947079	0.0013487063	0.0075073475	0.00013291297	0.00042125754	0.0011105314	0.00014084937	0.0019285987	0.00019650484	0.0010803167	0.0017124254	0.0013347701	0.004835673	0.00064007234	0.0006234982	0.0038756614	-25.752826690673828
s07e07b	690.0	5.0	0.05554465	0.05554465	0.0009453519	0.0005828922	0.00043451492	0.0006026453	0.0002890779	0.0007028737	0.0007301974	0.0018824879	0.0005125539	2.37886e-05	0.0016843306	0.70699626	0.012709975	4.2671716e-05	0.0012203627	0.003591549	0.0029112576	0.0029603252	0.26398388	0.0056845834	0.001983688	0.0012544546	0.00054318766	0.0012544546	0.11291518	0.004441876	0.0017026155	0.00032955364	0.0004976447	0.0006231044	0.0012638229	0.00026530743	0.0012019383	0.0055147996	0.0022705172	0.0004516207	0.0003532737	0.0002318022	0.00013530515	0.0003532737	0.005599581	0.0030140523	0.0011774702	3.7281265e-05	0.0001886875	0.00020598108	0.0019391258	0.0036547102	0.0012045801	0.004928419	0.0006982803	0.04523332	0.0012903725	0.0002151563	0.0003145438	0.0075396304	1.7221158e-05	0.0007856926	0.00038456894	0.0002560948	0.0020870047	0.0013043028	0.0029488995	0.016089182	0.00017924643	0.017098166	0.002392045	0.0007195738	0.029294707	-33.981689453125
s07e07b	695.0	5.0	0.78631276	0.78631276	0.0044541867	0.07954774	0.0081394045	0.000745366	0.02012369	0.009387494	0.0011856299	0.031637605	0.005595661	0.00022482629	0.00822877	0.01005654	0.0024466817	0.0013988187	0.001090273	0.0018934294	0.00017702156	0.00030048055	0.01529845	0.01529845	0.0025081448	0.00318454	0.0010310124	0.00318454	0.08220191	0.0036586311	0.0007251954	0.00033450077	0.0001793249	0.0006032464	0.0009016736	0.00012499998	0.00026771167	0.0013325156	0.00040699364	0.00044480333	0.0003568832	0.00012262324	9.6399424e-05	0.0003568832	0.0011179274	0.0010291978	0.001252394	3.2459884e-05	0.00011273759	0.00014640253	0.0006264315	0.00067168224	0.00035547148	0.0043158126	0.00028748545	0.001925851	0.0024169027	0.0032486736	0.00044606204	0.037082158	0.00011654034	0.0003971071	0.0011939598	0.00012031302	0.0007326978	0.0005345519	0.0009854833	0.0056219315	0.0005934349	0.003741832	0.0013004799	0.00024034112	0.0068491763	-26.12761688232422
s07e07b	700.0	5.0	0.8493862	0.8493862	0.0051161046	0.07101004	0.00034937396	0.00014065356	0.0020490852	0.00024478414	0.0012148005	0.04173603	3.634284e-05	5.960766e-05	0.034690734	0.09295107	0.00047083988	0.00046015193	0.0021834332	0.001399297	0.00025488198	0.00068457733	0.014598813	0.004593096	0.00143991	0.0012055064	0.0005670903	0.001296042	0.016214391	0.0009792	0.0004456203	0.00018305249	0.00016111614	0.00016315932	0.00047893712	0.00015700991	9.773992e-05	0.0039771968	0.0013586268	0.0016114211	0.00023219905	0.00019835624	0.0008132469	0.00023219905	0.0029072533	0.0028030653	0.0016121162	8.0365564e-05	6.817238e-05	0.00016124295	0.0011189237	0.0024531109	0.00067925354	0.08193767	0.00089645234	0.18372625	0.008097065	0.0006456231	0.00043974712	0.011195965	0.00017226183	0.0002852132	0.000830138	0.00011956414	0.0016004347	0.00258359	0.00051737553	0.011071179	0.0012627755	0.013105832	0.0036202902	0.0009138855	0.022087926	-28.87774658203125
s07e07b	705.0	5.0	0.5863641	0.5863641	0.020245438	0.013711856	0.0003060029	0.0069445483	0.08579066	0.000765332	0.011276941	0.0019231819	0.00037318942	0.000107413456	0.0012098674	0.006095803	0.00035891926	0.00018720225	0.0052040303	0.0012940617	0.049180046	0.056754116	0.0011323597	0.0011323597	0.00044539967	0.0020449366	0.00039258727	0.0020449366	0.32901394	0.048175063	0.018311303	0.0018966998	0.00070296077	0.0010466719	0.009146979	0.0003312164	0.00097199465	0.0015885782	0.0015885782	0.00055515737	0.0016428604	0.0042918376	0.00012891537	0.0046524946	0.0010044575	0.0045080245	0.005237572	0.0012401426	0.0008583046	0.0008520583	0.0030030152	0.00068208016	0.00052126177	0.01446878	0.00035801728	0.002468125	0.0007517375	0.00066279183	0.0021945992	0.0073993294	9.0357906e-05	0.0011285341	0.00023687567	0.00017200923	0.0011932804	0.0008390465	0.00056365255	0.0019672923	0.00031242156	0.005379184	0.004861822	8.2453356e-05	0.07642805	-21.457853317260746
s07e07b	710.0	5.0	0.0890992	0.0890992	0.0006687852	0.00037394871	0.00031143424	0.014203418	0.00232553	0.001318813	0.0858904	0.001272639	0.00083682715	0.00013584501	0.0029755984	0.0046532103	0.000114294235	9.286691e-05	0.0003775906	0.0018717278	0.0014879133	0.0045791385	0.0028574306	0.0019445023	0.001514643	0.009818381	0.0049917246	0.009818381	0.8264647	0.17970927	0.1448603	0.0005217037	0.00019105074	0.0011111659	0.04195844	0.00085771305	0.008623453	0.0009648817	0.00094818306	0.0006563344	0.000998931	0.0024616953	0.000283849	0.0024616953	0.00019847827	0.0031390393	0.008595646	0.00045640487	0.0009881797	0.0004195357	0.002058771	0.0008933712	0.0007144248	0.0007819374	0.0006151241	0.0005530147	0.00043045142	0.000644055	0.00015870172	0.0003256708	0.00018582099	0.0005620458	0.00058617094	0.0004713561	0.00048595003	0.0005507211	0.0015800475	0.004924987	0.00056541065	0.0009885866	0.0011193206	0.00043773273	0.020119537	-22.104942321777344
s07e07b	715.0	5.0	0.75623804	0.75623804	0.03149164	0.009584525	0.00014971473	0.005470759	0.2069579	0.0004566845	0.006327812	0.00069043983	9.811868e-05	0.00017396214	0.0009953746	0.0008193058	0.0006546189	0.0002363347	0.0017745441	0.0004040901	0.008195906	0.058028568	0.0015362896	0.0014778825	0.00049743225	0.0021095183	0.00036194734	0.0021095183	0.6400871	0.25335348	0.17031825	0.010921936	0.00297162	0.010893539	0.021461638	0.0033934098	0.0038313714	0.00090503506	0.00090503506	0.00036982488	0.0015125696	0.0033370338	0.00014116966	0.0040029217	0.00017682166	0.004507952	0.003329351	0.00069105235	0.00076635636	0.0006994888	0.0020870427	0.00034680727	0.0015176018	0.0011495239	0.00089897733	0.00042535327	0.0003805174	0.0025872753	0.00025952642	0.00041955907	0.00026363265	0.0037834712	0.00024748876	0.00013316504	0.00070245715	0.0005538645	0.00027386472	0.0019722728	0.00097653316	0.0010321952	0.0037968052	0.00012505613	0.0037968052	-25.18961906433105
s07e07b	720.0	5.0	0.8070608	0.8070608	0.04986455	0.022664145	0.0007142172	0.0008353008	0.00315034	0.0016554474	0.0019187845	0.0008870186	0.001485958	0.00016921991	0.025987936	0.0058178273	0.003594393	0.00023463865	0.004407972	0.0014481319	0.0004009685	0.0019411101	0.0050148075	0.003243746	0.0005547617	0.0045624976	0.0011057031	0.0045624976	0.046153452	0.009803464	0.0034547118	0.0012799851	0.0007172856	0.0014783961	0.005184374	0.0003810855	0.0003382015	0.0020549833	0.00079251535	0.000458205	0.00069601374	0.0002978457	0.0001724227	0.00069601374	0.0022836505	0.003238362	0.002234845	8.382305e-05	0.00021768468	0.00036564737	0.00066863286	0.0011804046	0.0012829656	0.0051258826	0.0005931719	0.0068800785	0.002693745	0.01960894	0.0007273583	0.02263134	0.0005221076	0.00095855346	0.0045407675	0.000116487114	0.011029179	0.0068349577	0.0018196313	0.0017996534	0.0023085328	0.0076866075	0.003100036	0.00021180234	0.09497001	-22.611595153808597
s07e07b	725.0	5.0	0.7945677	0.7945677	0.042876806	0.00438554	0.00019365695	0.0017874142	0.041751757	0.0005093784	0.0035201067	0.00065779185	0.0005172441	0.00013822284	0.0014478506	0.021672191	0.002488707	0.00041912758	0.0014107681	0.0013402541	0.0035236208	0.0731071	0.023988636	0.01935646	0.001421457	0.006256209	0.0022652335	0.008038315	0.030764623	0.005908486	0.0018176412	0.0004932572	0.00023960917	0.00042245086	0.0017384504	0.00036668795	0.00024254066	0.0015890972	0.0013900156	0.00041690702	0.0030141068	0.0011001953	0.00015166496	0.0030141068	0.0011033068	0.010552804	0.0055708676	0.0007355732	0.0010817751	0.00018590926	0.0043978407	0.0058144084	0.0021585412	0.028031332	7.718165e-05	0.0013193795	0.0008380608	0.0025855543	7.882615e-05	0.00042453036	0.00042255258	0.00070414995	0.0002897158	0.0002952759	0.0024640358	0.0005345614	0.0018978972	0.0049185464	0.0011750881	0.004941916	0.012710059	0.00046703411	0.124916345	-26.704185485839844
s07e07b	730.0	5.0	0.37440965	0.37440965	0.012879301	0.004290261	0.00049940153	0.0043865014	0.4804462	0.0012395597	0.0032228916	0.0008611977	9.525937e-05	0.00020605259	0.0016872798	0.0020277933	0.0018500031	0.002212983	0.0017483208	0.0006559091	0.005507273	0.10572249	0.003465733	0.003465733	0.0022304463	0.008672082	0.00079473155	0.008672082	0.06371633	0.010907852	0.0046281954	0.0012940167	0.00061557867	0.0016219367	0.0039778072	0.00045417994	0.00066099816	0.00159494	0.00159494	0.00082481885	0.0025547515	0.0028809577	0.00026920234	0.0028809577	0.0010064614	0.005999079	0.01416215	0.0028219123	0.0015177787	0.0019081896	0.008177979	0.0023479324	0.0037427293	0.0050186347	9.402352e-05	0.00064790656	0.0015067619	0.0034887898	0.00014056293	0.0018854558	0.00036406473	0.0009504796	0.00012331553	0.00049661857	0.0025863722	0.0003658522	0.0011479208	0.0030597316	0.0005335331	0.0023913805	0.0014244573	0.00017936816	0.0044903965	-26.428447723388672
s07e07b	735.0	5.0	0.85721284	0.85721284	0.08460176	0.0050711827	0.00022907343	0.0064545637	0.15900688	0.0003779343	0.0013751856	0.0007281767	0.00022436718	0.00045182504	0.00077039486	0.013066166	0.001438112	0.00010704832	0.004043689	0.00021777124	0.044691265	0.13223717	0.0031113457	0.0031113457	0.0015956288	0.012985644	0.001268594	0.013303686	0.044698164	0.012227819	0.006859518	0.0010771485	0.00026639787	0.000921255	0.0048991647	0.0019043211	0.00024859174	0.00071815914	0.00071815914	0.00045489226	0.0028499137	0.0016939805	7.879661e-05	0.0028499137	0.0005639537	0.004845026	0.0030891106	0.00091726583	0.00043283773	0.0018724824	0.00220002	0.0008914788	0.00076885766	0.0040238844	0.0003383776	0.00035220195	0.00047877347	0.0019833625	0.00025625943	0.0019435032	0.00016308996	0.0010911033	0.0008427636	0.00025088305	0.0010230668	0.0011950351	0.0011610709	0.0010490507	0.00034896203	0.0033386026	0.006056609	0.000244906	0.014385898	-22.810022354125977
s07e07b	740.0	5.0	0.027166339	0.027166339	0.00037775605	0.0005582657	9.8241886e-05	0.004923889	0.00031489486	0.00017129055	0.027060155	0.0013095533	0.00012585896	0.0002392859	0.00031812873	0.00054807606	0.00013749879	8.3581675e-05	0.0005355033	0.0002581191	0.0011459439	0.0032567454	0.0016873907	0.0016873907	0.0009208706	0.003912963	0.00086485373	0.003912963	0.88752496	0.34654853	0.30333966	0.0009330675	0.0006098069	0.0020838056	0.07201989	0.0014384148	0.017735826	0.00066089013	0.0004997994	0.00066089013	0.0011355717	0.00067228393	0.00027670924	0.0011355717	0.00039812524	0.0025630838	0.010155047	0.00034409144	0.0002898509	0.00075125054	0.0014676836	0.0012760594	0.0019966369	0.00031617697	6.863847e-05	0.0013080275	0.0009665844	0.0015089457	0.00044671417	0.00016791352	0.00037993377	0.0005978144	0.0002977032	0.00040976645	0.0006220165	0.0021130876	0.0013444115	0.0031469276	0.0017229657	0.0018372516	0.0009979032	0.00028094125	0.025677672	-21.35908508300781
s07e07b	745.0	5.0	0.013941688	0.013941688	0.0015050797	0.0008073809	6.520539e-05	0.0011269555	0.00026415093	0.0019873087	0.009818849	0.00051263545	0.0009253431	9.950243e-05	0.0015775972	0.00047757564	0.00036409058	0.0004676946	0.0010724989	0.00025731022	0.00064369786	0.0008285377	0.003161364	0.00073492015	0.001110943	0.00096681644	0.00046275882	0.001458177	0.68402255	0.24110585	0.12549224	0.014997016	0.0012505215	0.014858561	0.006278516	0.0012078258	0.009314663	0.0010997311	0.0005730595	0.0006806568	0.00050781126	0.00038197188	0.00017442771	0.00050781126	0.00038938146	0.0010456383	0.0038121138	0.00013355965	0.0043650856	0.0002875715	0.00090414943	0.00061286765	0.0021430312	0.00089831714	0.00061493774	0.0007752521	0.006639175	0.010134773	0.0002599199	0.0010393161	0.00012363083	0.014199413	0.0015820912	0.0005161291	0.0021274784	0.0025805752	0.0010808303	0.0011887596	0.0011277104	0.0027136859	0.005586793	0.024552066	0.0069128014	-27.37677574157715
